an_dt,attFileSize,attchmntFile,attchmntText,bflag,csvName,desc,difference,dt,exchdisstime,fileSize,hasXbrl,old_new,orgid,seq_id,smIndustry,sm_isin,sm_name,sort_date,symbol
17-Aug-2026 14:40:58,402.73 KB,https://nsearchives.nseindia.com/corporate/BAJAJFINSV_17082026144030_BFSSEINTIMATIONLEADERSHIPDAY2026.pdf,Bajaj Finserv Limited has informed the Exchange about Schedule of meet,,,Analysts/Institutional Investor Meet/Con. Call Updates,00:00:01,17082026144058,17-Aug-2026 14:40:59,402.73 KB,True,,,106746833,Finance,INE918I01018,Bajaj Finserv Limited,2026-08-17 14:40:58,BAJAJFINSV
07-Aug-2026 15:57:10,374.30 KB,https://nsearchives.nseindia.com/corporate/BAJAJFINSV_07082026155637_BFSINVESTORMEETEMKAY7AUGUST2026.pdf,Bajaj Finserv Limited has informed the Exchange about Schedule of meet,,,Analysts/Institutional Investor Meet/Con. Call Updates,00:00:01,07082026155710,07-Aug-2026 15:57:11,374.30 KB,True,,,106731234,Finance,INE918I01018,Bajaj Finserv Limited,2026-08-07 15:57:10,BAJAJFINSV
07-Aug-2026 10:29:18,518.07 KB,https://nsearchives.nseindia.com/corporate/BAJAJFINSV_07082026102852_BFSSEINTIMATIONPROVISIONALJULY26.pdf,Bajaj Finserv Limited has informed the Exchange regarding 'information pertaining to the unlisted insurance subsidiaries of the Company'.,,,Updates,00:00:01,07082026102918,07-Aug-2026 10:29:19,518.07 KB,True,,,106730383,Finance,INE918I01018,Bajaj Finserv Limited,2026-08-07 10:29:18,BAJAJFINSV
05-Aug-2026 15:00:41,440.74 KB,https://nsearchives.nseindia.com/corporate/BAJAJFINSV_05082026150009_BFSTranscriptSE.pdf,Bajaj Finserv Limited has informed the Exchange about Transcript of earnings call held on 31 July 2026.,,,Analysts/Institutional Investor Meet/Con. Call Updates,00:00:02,05082026150041,05-Aug-2026 15:00:43,440.74 KB,True,,,106726248,Finance,INE918I01018,Bajaj Finserv Limited,2026-08-05 15:00:41,BAJAJFINSV
03-Aug-2026 17:46:39,2.28 MB,https://nsearchives.nseindia.com/corporate/BAJAJFINSV_03082026174607_BFSVRAGM2026SIGNED.pdf,"Bajaj Finserv Limited has submitted the Exchange a copy Srutinizers report of  Annual General Meeting held on July 31, 2026. Further, the company has informed the Exchange regarding voting results.",,,Shareholders meeting,00:00:01,03082026174639,03-Aug-2026 17:46:40,2.28 MB,True,,,106722346,Finance,INE918I01018,Bajaj Finserv Limited,2026-08-03 17:46:39,BAJAJFINSV
31-Jul-2026 22:41:02,388.45 KB,https://nsearchives.nseindia.com/corporate/BAJAJFINSV_31072026223953_InvestorCallOutcome.pdf,Bajaj Finserv Limited has informed the Exchange about Link of Recording,,,Analysts/Institutional Investor Meet/Con. Call Updates,00:00:01,31072026224102,31-Jul-2026 22:41:03,388.45 KB,True,,,106720268,Finance,INE918I01018,Bajaj Finserv Limited,2026-07-31 22:41:02,BAJAJFINSV
31-Jul-2026 19:06:46,580.69 KB,https://nsearchives.nseindia.com/corporate/BAJAJFINSV_31072026190624_BFSAGMPROCEEDINGSFY2026.pdf,"Bajaj Finserv Limited has informed the Exchange regarding Proceedings of 19th Annual General Meeting held on July 31, 2026",,,Shareholders meeting,00:00:02,31072026190646,31-Jul-2026 19:06:48,580.69 KB,True,,,106719924,Finance,INE918I01018,Bajaj Finserv Limited,2026-07-31 19:06:46,BAJAJFINSV
31-Jul-2026 18:09:21,2.23 MB,https://nsearchives.nseindia.com/corporate/BAJAJFINSV_31072026180854_BFSInvestorPresentation.pdf,Bajaj Finserv Limited has informed the Exchange about Investor Presentation,,,Investor Presentation,00:00:00,31072026180921,31-Jul-2026 18:09:21,2.23 MB,True,,,106719672,Finance,INE918I01018,Bajaj Finserv Limited,2026-07-31 18:09:21,BAJAJFINSV
31-Jul-2026 12:41:49,3.22 MB,https://nsearchives.nseindia.com/corporate/BAJAJFINSV_31072026124123_SEInitmationIP.pdf,Bajaj Finserv Limited has informed the Exchange about Investor Presentation,,,Investor Presentation,00:00:00,31072026124149,31-Jul-2026 12:41:49,3.22 MB,True,,,106718789,Finance,INE918I01018,Bajaj Finserv Limited,2026-07-31 12:41:49,BAJAJFINSV
31-Jul-2026 12:04:30,198.53 KB,https://nsearchives.nseindia.com/corporate/BAJAJFINSV_31072026120404_SEIntimationsjuly2026Updates.pdf,"Bajaj Finserv Limited has informed the Exchange about pursuing re-insurance business through a subsidiary of the Company to be incorporated, subject to the approval of Insurance Regulatory and Development Authority of India (IRDAI) and other authorities.",,,General Updates,00:00:00,31072026120430,31-Jul-2026 12:04:30,198.53 KB,True,,,106718710,Finance,INE918I01018,Bajaj Finserv Limited,2026-07-31 12:04:30,BAJAJFINSV
31-Jul-2026 11:59:10,263.60 KB,https://nsearchives.nseindia.com/corporate/BAJAJFINSV_31072026115848_SEIntimationIssueofsecurities.pdf,Bajaj Finserv Limited has informed the Exchange about issue of Securities,,,Issue of Securities,00:00:00,31072026115910,31-Jul-2026 11:59:10,263.60 KB,True,,,106718702,Finance,INE918I01018,Bajaj Finserv Limited,2026-07-31 11:59:10,BAJAJFINSV
31-Jul-2026 11:56:45,9.62 MB,https://nsearchives.nseindia.com/corporate/BAJAJFINSV_31072026115610_SEIntimationsjuly2026.pdf,"Bajaj Finserv Limited has submitted to the Exchange, the unaudited financial results for the period ended 30 June 2026.",,,Outcome of Board Meeting,00:00:01,31072026115645,31-Jul-2026 11:56:46,9.62 MB,True,,,106718699,Finance,INE918I01018,Bajaj Finserv Limited,2026-07-31 11:56:45,BAJAJFINSV
25-Jul-2026 19:50:24,715.86 KB,https://nsearchives.nseindia.com/corporate/BAJAJFINSV_25072026194936_Investor_call.pdf,Bajaj Finserv Limited has informed the Exchange about Schedule of meet,,,Analysts/Institutional Investor Meet/Con. Call Updates,00:00:01,25072026195024,25-Jul-2026 19:50:25,715.86 KB,True,,,106711178,Finance,INE918I01018,Bajaj Finserv Limited,2026-07-25 19:50:24,BAJAJFINSV
23-Jul-2026 18:36:17,357.23 KB,https://nsearchives.nseindia.com/corporate/BAJAJFINSV_23072026183350_investormeetintimation23072026.pdf,Bajaj Finserv Limited has informed the Exchange about Schedule of meet,,,Analysts/Institutional Investor Meet/Con. Call Updates,00:00:01,23072026183617,23-Jul-2026 18:36:18,357.23 KB,True,,,106708539,Finance,INE918I01018,Bajaj Finserv Limited,2026-07-23 18:36:17,BAJAJFINSV
20-Jul-2026 13:00:59,325.52 KB,https://nsearchives.nseindia.com/corporate/BAJAJFINSV_20072026125949_BSEQ1AnalystCallIntimation.pdf,Bajaj Finserv Limited has informed the Exchange about the Conference call for financial results for the quarter ended 30 June 2026.,,,Analysts/Institutional Investor Meet/Con. Call Updates,00:00:01,20072026130059,20-Jul-2026 13:01:00,325.52 KB,True,,,106703270,Finance,INE918I01018,Bajaj Finserv Limited,2026-07-20 13:00:59,BAJAJFINSV
13-Jul-2026 19:49:16,406.74 KB,https://nsearchives.nseindia.com/corporate/BAJAJFINSV_13072026194845_bfs745.pdf,"Bajaj Finserv Limited has informed the Exchange about Certificate under SEBI (Depositories and Participants) Regulations, 2018 for the quarter ended 30 June 2026.",,,"Certificate under SEBI (Depositories and Participants) Regulations, 2018",00:00:00,13072026194916,13-Jul-2026 19:49:16,406.74 KB,True,,,106696129,Finance,INE918I01018,Bajaj Finserv Limited,2026-07-13 19:49:16,BAJAJFINSV
09-Jul-2026 19:39:33,214.77 KB,https://nsearchives.nseindia.com/corporate/BAJAJFINSV_09072026193911_SEIntimationProvisionalNumbersJune2026.pdf,Bajaj Finserv Limited has informed the Exchange regarding 'information pertaining to the unlisted insurance subsidiaries of the Company'.,,,Updates,00:00:01,09072026193933,09-Jul-2026 19:39:34,214.77 KB,True,,,106692603,Finance,INE918I01018,Bajaj Finserv Limited,2026-07-09 19:39:33,BAJAJFINSV
09-Jul-2026 15:33:47,1.88 MB,https://nsearchives.nseindia.com/corporate/BAJAJFINSV_09072026153310_BFSNewspaperPublication09072026.pdf,Bajaj Finserv Limited has informed the Exchange about Copy of Newspaper Publication,,,Copy of Newspaper Publication,00:00:01,09072026153347,09-Jul-2026 15:33:48,1.88 MB,True,,,106692013,Finance,INE918I01018,Bajaj Finserv Limited,2026-07-09 15:33:47,BAJAJFINSV
08-Jul-2026 17:27:33,1.75 MB,https://nsearchives.nseindia.com/corporate/BAJAJFINSV_08072026172710_BFS_BRSR_intimation.pdf,Bajaj Finserv Limited has informed the Exchange about the 'Business Responsibility and Sustainability Report' for FY2026.,,,General Updates,00:00:00,08072026172733,08-Jul-2026 17:27:33,1.75 MB,True,,,106690805,Finance,INE918I01018,Bajaj Finserv Limited,2026-07-08 17:27:33,BAJAJFINSV
08-Jul-2026 16:56:53,17.80 MB,https://nsearchives.nseindia.com/corporate/BAJAJFINSV_08072026165616_BFS_AR_intimation.pdf,"Bajaj Finserv Limited has informed the Exchange regarding 'Annual Report for FY2026 and Notice of 19th Annual General Meeting to be held on Friday, 31 July 2026 at 12:15 p.m. (IST) through Video Conferencing or Other Audio-Visual Means'.",,,Updates,00:00:01,08072026165653,08-Jul-2026 16:56:54,17.80 MB,True,,,106690733,Finance,INE918I01018,Bajaj Finserv Limited,2026-07-08 16:56:53,BAJAJFINSV
08-Jul-2026 16:52:40,17.80 MB,https://nsearchives.nseindia.com/corporate/BAJAJFINSV_08072026165205_BFS_AR_intimation.pdf,"Bajaj Finserv Limited has informed the Exchange regarding Notice of Annual General Meeting to be held on July 31, 2026",,,Shareholders meeting,00:00:01,08072026165240,08-Jul-2026 16:52:41,17.80 MB,True,,,106690723,Finance,INE918I01018,Bajaj Finserv Limited,2026-07-08 16:52:40,BAJAJFINSV
29-Jun-2026 12:19:18,404.64 KB,https://nsearchives.nseindia.com/corporate/BAJAJFINSV_29062026121845_BFSClosureofTradingWindowQ1FY27.pdf,"Bajaj Finserv Limited has informed the Exchange regarding the Trading Window closure pursuant to SEBI (Prohibition of Insider Trading) Regulations, 2015",,,Trading Window,00:00:01,29062026121918,29-Jun-2026 12:19:19,404.64 KB,True,,,106679138,Finance,INE918I01018,Bajaj Finserv Limited,2026-06-29 12:19:18,BAJAJFINSV
23-Jun-2026 17:44:01,2.01 MB,https://nsearchives.nseindia.com/corporate/BAJAJFINSV_23062026174333_BFSNespaperAdvertisementPRE23June2026.pdf,Bajaj Finserv Limited has informed the Exchange about Copy of Newspaper Publication w.r.t 19th AGM to be held through Video Conferencing/Other Audio-Visual Means,,,Copy of Newspaper Publication,00:00:01,23062026174401,23-Jun-2026 17:44:02,2.01 MB,True,,,106671173,Finance,INE918I01018,Bajaj Finserv Limited,2026-06-23 17:44:01,BAJAJFINSV
16-Jun-2026 18:22:31,402.57 KB,https://nsearchives.nseindia.com/corporate/BAJAJFINSV_16062026182202_BFSINVESTORMEETUKMEETINGS23JUNE2026.pdf,Bajaj Finserv Limited has informed the Exchange about Schedule of meet,,,Analysts/Institutional Investor Meet/Con. Call Updates,00:00:01,16062026182231,16-Jun-2026 18:22:32,402.57 KB,True,,,106664769,Finance,INE918I01018,Bajaj Finserv Limited,2026-06-16 18:22:31,BAJAJFINSV
10-Jun-2026 22:35:25,3.09 MB,https://nsearchives.nseindia.com/corporate/BAJAJFINSV_10062026223437_BFSSETDSCOMMUNICATION10062026.pdf,Bajaj Finserv Limited has informed the Exchange regarding 'Communication sent to Shareholders regarding Tax Deduction at Source (TDS) on final dividend and updation of bank account details'.,,,Updates,00:00:01,10062026223525,10-Jun-2026 22:35:26,3.09 MB,True,,,106660328,Finance,INE918I01018,Bajaj Finserv Limited,2026-06-10 22:35:25,BAJAJFINSV
09-Jun-2026 11:19:42,3.31 MB,https://nsearchives.nseindia.com/corporate/BAJAJFINSV_09062026111912_BFSNONCONTRAJIVBAJAJ9062026.pdf,Bajaj Finserv Limited has informed the Exchange regarding Change in Director(s) of the company.,,,Change in Director(s),00:00:01,09062026111942,09-Jun-2026 11:19:43,3.31 MB,True,,,106658307,Finance,INE918I01018,Bajaj Finserv Limited,2026-06-09 11:19:42,BAJAJFINSV
08-Jun-2026 20:05:02,3.42 MB,https://nsearchives.nseindia.com/corporate/BAJAJFINSV_08062026200443_BFSSEPROVISIONALNUMBERMAY2026.pdf,Bajaj Finserv Limited has informed the Exchange regarding 'information pertaining to the unlisted insurance subsidiaries of the Company'.,,,Updates,00:00:00,08062026200502,08-Jun-2026 20:05:02,3.42 MB,True,,,106657858,Finance,INE918I01018,Bajaj Finserv Limited,2026-06-08 20:05:02,BAJAJFINSV
08-May-2026 22:48:04,219.55 KB,https://nsearchives.nseindia.com/corporate/walimbelk_08052026224744_SEIntimationProvisionalNumbersApril2026.pdf,Bajaj Finserv Limited has informed the Exchange regarding 'Information pertaining to unlisted Insurance subsidiaries of the Company'.,,,General Updates,00:00:00,08052026224804,08-May-2026 22:48:04,219.55 KB,True,,,106615485,Finance,INE918I01018,Bajaj Finserv Limited,2026-05-08 22:48:04,BAJAJFINSV
08-May-2026 13:14:45,2.31 MB,https://nsearchives.nseindia.com/corporate/walimbelk_08052026131426_BFSINVETSORPRESETATION11MAY2026.pdf,Bajaj Finserv Limited has informed the Exchange about Investor Presentation,,,Investor Presentation,00:00:01,08052026131445,08-May-2026 13:14:46,2.31 MB,True,,,106614359,Finance,INE918I01018,Bajaj Finserv Limited,2026-05-08 13:14:45,BAJAJFINSV
07-May-2026 22:37:08,834.25 KB,https://nsearchives.nseindia.com/corporate/walimbelk_07052026223625_BFSTranscriptsofcallQ4FY26.pdf,Bajaj Finserv Limited has informed the Exchange about Transcript,,,Analysts/Institutional Investor Meet/Con. Call Updates,00:00:01,07052026223708,07-May-2026 22:37:09,834.25 KB,True,,,106613703,Finance,INE918I01018,Bajaj Finserv Limited,2026-05-07 22:37:08,BAJAJFINSV
06-May-2026 11:33:30,407.63 KB,https://nsearchives.nseindia.com/corporate/walimbelk_06052026113245_BFSINVESTORMEETUSROADSHOW11MAY2026.pdf,Bajaj Finserv Limited has informed the Exchange about Schedule of meet,,,Analysts/Institutional Investor Meet/Con. Call Updates,00:00:01,06052026113330,06-May-2026 11:33:31,407.63 KB,True,,,106610789,Finance,INE918I01018,Bajaj Finserv Limited,2026-05-06 11:33:30,BAJAJFINSV
30-Apr-2026 20:54:10,194.14 KB,https://nsearchives.nseindia.com/corporate/walimbelk_30042026205340_BFSESOPsGrant30APRIL2026.pdf,Bajaj Finserv Limited has informed the Exchange regarding Grant of 5214560  Options.,,,ESOP/ESOS/ESPS,00:00:00,30042026205410,30-Apr-2026 20:54:10,194.14 KB,True,,,106606483,Finance,INE918I01018,Bajaj Finserv Limited,2026-04-30 20:54:10,BAJAJFINSV
30-Apr-2026 20:21:15,178.65 KB,https://nsearchives.nseindia.com/corporate/walimbelk_30042026202031_BFSNamechangeofMutualFund30April2026.pdf,"Bajaj Finserv Limited has informed the Exchange regarding 'Approval of proposed name change of Bajaj Finserv Asset Management Limited , Bajaj Finserv Mutual Fund Trustee Limited and Bajaj Finserv Mutual Fund'.",,,Updates,00:00:01,30042026202115,30-Apr-2026 20:21:16,178.65 KB,True,,,106606444,Finance,INE918I01018,Bajaj Finserv Limited,2026-04-30 20:21:15,BAJAJFINSV
30-Apr-2026 19:58:31,189.36 KB,https://nsearchives.nseindia.com/corporate/walimbelk_30042026195748_BFSAudiorecordingQ42026.pdf,Bajaj Finserv Limited has informed the Exchange about Link of Recording,,,Analysts/Institutional Investor Meet/Con. Call Updates,00:00:01,30042026195831,30-Apr-2026 19:58:32,189.36 KB,True,,,106606392,Finance,INE918I01018,Bajaj Finserv Limited,2026-04-30 19:58:31,BAJAJFINSV
30-Apr-2026 14:52:40,3.33 MB,https://nsearchives.nseindia.com/corporate/walimbelk_30042026145222_BFSINVESTORPPTQ4FY26.pdf,Bajaj Finserv Limited has informed the Exchange about Investor Presentation,,,Investor Presentation,00:00:01,30042026145240,30-Apr-2026 14:52:41,3.33 MB,True,,,106605603,Finance,INE918I01018,Bajaj Finserv Limited,2026-04-30 14:52:40,BAJAJFINSV
30-Apr-2026 14:44:05,512.89 KB,https://nsearchives.nseindia.com/corporate/walimbelk_30042026144322_BFSOUTCOMEOFBMWITHOUTFS30APRIL2026_1.pdf,Bajaj Finserv Limited has informed the Exchange that Record date for the purpose of Dividend  is 30-Jun-2026.,,,Record Date,00:00:02,30042026144405,30-Apr-2026 14:44:07,512.89 KB,True,,,106605586,Finance,INE918I01018,Bajaj Finserv Limited,2026-04-30 14:44:05,BAJAJFINSV
30-Apr-2026 14:41:46,512.89 KB,https://nsearchives.nseindia.com/corporate/walimbelk_30042026144109_BFSOUTCOMEOFBMWITHOUTFS30APRIL2026_1.pdf,"Bajaj Finserv Limited has informed the Exchange regarding 'The 19th Annual General Meeting of the Company will be held on Friday, 31 July 2026'",,,Updates,00:00:01,30042026144146,30-Apr-2026 14:41:47,512.89 KB,True,,,106605583,Finance,INE918I01018,Bajaj Finserv Limited,2026-04-30 14:41:46,BAJAJFINSV
30-Apr-2026 14:24:57,449.53 KB,https://nsearchives.nseindia.com/corporate/walimbelk_30042026142442_BFSREAPPOINTMENTOFKKC30APRIL2026.pdf,Bajaj Finserv Limited has informed the Exchange regarding Change in Auditors of the company.,,,Change in Auditors,00:00:01,30042026142457,30-Apr-2026 14:24:58,449.53 KB,True,,,106605557,Finance,INE918I01018,Bajaj Finserv Limited,2026-04-30 14:24:57,BAJAJFINSV
30-Apr-2026 14:19:13,16.76 MB,https://nsearchives.nseindia.com/corporate/walimbelk_30042026141823_BFSBMOUTCOMEFINAL30APRIL2026_1.pdf,"Bajaj Finserv Limited has informed the Exchange that Board of Directors at its meeting held on April 30, 2026, recommended Final Dividend of Rs. 1.50 per equity share.",,,Dividend,00:00:01,30042026141913,30-Apr-2026 14:19:14,16.76 MB,True,,,106605551,Finance,INE918I01018,Bajaj Finserv Limited,2026-04-30 14:19:13,BAJAJFINSV
30-Apr-2026 14:14:41,16.76 MB,https://nsearchives.nseindia.com/corporate/walimbelk_30042026141401_BFSBMOUTCOMEFINAL30APRIL2026_1.pdf,"Bajaj Finserv Limited has submitted to the Exchange, the financial results for the period ended March 31, 2026.",,,Outcome of Board Meeting,00:00:01,30042026141441,30-Apr-2026 14:14:42,16.76 MB,True,,,106605543,Finance,INE918I01018,Bajaj Finserv Limited,2026-04-30 14:14:41,BAJAJFINSV
28-Apr-2026 17:36:31,60.55 KB,https://nsearchives.nseindia.com/corporate/team_sandeshc_13042026132010_22.pdf,"Niraj Bajaj has Submitted to the Exchange a copy of Disclosure under Regulation 31(4) of the Securities and Exchange Board of India (Substantial Acquisition of Shares and Takeovers) Regulations, 2011.",,,Disclosure under SEBI Takeover Regulations,00:00:01,28042026173631,28-Apr-2026 17:36:32,60.55 KB,True,,,106588117,Finance,INE918I01018,Bajaj Finserv Limited,2026-04-28 17:36:31,BAJAJFINSV
20-Apr-2026 18:54:07,199.30 KB,https://nsearchives.nseindia.com/corporate/walimbelk_20042026185333_SEIntimationProvisionalNumbersMarch2026.pdf,Bajaj Finserv Limited has informed the Exchange about the 'Information pertaining to unlisted Insurance subsidiaries of the Company'.,,,General Updates,00:00:01,20042026185407,20-Apr-2026 18:54:08,199.30 KB,True,,,106594580,Finance,INE918I01018,Bajaj Finserv Limited,2026-04-20 18:54:07,BAJAJFINSV
20-Apr-2026 17:34:02,697.31 KB,https://nsearchives.nseindia.com/corporate/walimbelk_20042026173332_BFSINVESTORSCALLQ4FY26.pdf,Bajaj Finserv Limited has informed the Exchange about Schedule of meet,,,Analysts/Institutional Investor Meet/Con. Call Updates,00:00:00,20042026173402,20-Apr-2026 17:34:02,697.31 KB,True,,,106594385,Finance,INE918I01018,Bajaj Finserv Limited,2026-04-20 17:34:02,BAJAJFINSV
13-Apr-2026 18:56:39,524.08 KB,https://nsearchives.nseindia.com/corporate/walimbelk_13042026185525_74_5_BFSAPRIL2026.pdf,"Bajaj Finserv Limited has informed the Exchange about Certificate under SEBI (Depositories and Participants) Regulations, 2018",,,"Certificate under SEBI (Depositories and Participants) Regulations, 2018",00:00:01,13042026185639,13-Apr-2026 18:56:40,524.08 KB,True,,,106588655,Finance,INE918I01018,Bajaj Finserv Limited,2026-04-13 18:56:39,BAJAJFINSV
26-Mar-2026 19:38:41,187.63 KB,https://nsearchives.nseindia.com/corporate/walimbelk_26032026193815_BFSSEDraftTradingwindowintimationQ4FY26.pdf,"Bajaj Finserv Limited has informed the Exchange regarding the Trading Window closure pursuant to SEBI (Prohibition of Insider Trading) Regulations, 2015",,,Trading Window,00:00:01,26032026193841,26-Mar-2026 19:38:42,187.63 KB,True,,,106570380,Finance,INE918I01018,Bajaj Finserv Limited,2026-03-26 19:38:41,BAJAJFINSV
12-Mar-2026 11:20:14,403.55 KB,https://nsearchives.nseindia.com/corporate/walimbelk_12032026111949_BFSAllianzTransactionCompletion12March2025.pdf,Bajaj Finserv Limited has informed the Exchange about completion of acquisition of entire 26% equity stake held by Allianz SE in Insurance subsidiaries.,,,General Updates,00:00:01,12032026112014,12-Mar-2026 11:20:15,403.55 KB,True,,,106555669,Finance,INE918I01018,Bajaj Finserv Limited,2026-03-12 11:20:14,BAJAJFINSV
09-Mar-2026 17:13:56,201.30 KB,https://nsearchives.nseindia.com/corporate/walimbelk_09032026171335_BFSBGILBLILUPSIFeb25.pdf,Bajaj Finserv Limited has informed the Exchange regarding 'Information pertaining to unlisted Insurance subsidiaries of the Company'.,,,Updates,00:00:01,09032026171356,09-Mar-2026 17:13:57,201.30 KB,True,,,106552937,Finance,INE918I01018,Bajaj Finserv Limited,2026-03-09 17:13:56,BAJAJFINSV
17-Feb-2026 18:36:31,167.37 KB,https://nsearchives.nseindia.com/corporate/walimbelk_17022026183603_BFS_ESOP_Intimation.pdf,Bajaj Finserv Limited has informed the Exchange regarding Allotment of 2736768  Shares.,,,ESOP/ESOS/ESPS,00:00:00,17022026183631,17-Feb-2026 18:36:31,167.37 KB,True,,,106538290,Finance,INE918I01018,Bajaj Finserv Limited,2026-02-17 18:36:31,BAJAJFINSV
11-Feb-2026 19:22:47,422.49 KB,https://nsearchives.nseindia.com/corporate/walimbelk_11022026192236_BFSCALLTRANSCRIPTQ3FY26.pdf,Bajaj Finserv Limited has informed the Exchange about Transcript,,,Analysts/Institutional Investor Meet/Con. Call Updates,00:00:02,11022026192247,11-Feb-2026 19:22:49,422.49 KB,True,,,106530664,Finance,INE918I01018,Bajaj Finserv Limited,2026-02-11 19:22:47,BAJAJFINSV
07-Feb-2026 18:45:27,234.67 KB,https://nsearchives.nseindia.com/corporate/walimbelk_07022026184508_SE_intimation_InsuranceCos_Signed.pdf,Bajaj Finserv Limited has informed the Exchange regarding 'Information pertaining to unlisted Insurance subsidiaries of the Company'.,,,Updates,00:00:00,07022026184527,07-Feb-2026 18:45:27,234.67 KB,True,,,106525323,Finance,INE918I01018,Bajaj Finserv Limited,2026-02-07 18:45:27,BAJAJFINSV
05-Feb-2026 19:41:50,184.46 KB,https://nsearchives.nseindia.com/corporate/walimbelk_05022026194056_ConferenceCall_Recordings.pdf,Bajaj Finserv Limited has informed the Exchange about Link of Recording,,,Analysts/Institutional Investor Meet/Con. Call Updates,00:00:01,05022026194150,05-Feb-2026 19:41:51,184.46 KB,True,,,106522353,Finance,INE918I01018,Bajaj Finserv Limited,2026-02-05 19:41:50,BAJAJFINSV
04-Feb-2026 17:27:04,3.96 MB,https://nsearchives.nseindia.com/corporate/walimbelk_04022026172636_BFSIP040226.pdf,Bajaj Finserv Limited has informed the Exchange about Investor Presentation,,,Investor Presentation,00:00:01,04022026172704,04-Feb-2026 17:27:05,3.96 MB,True,,,106519907,Finance,INE918I01018,Bajaj Finserv Limited,2026-02-04 17:27:04,BAJAJFINSV
04-Feb-2026 13:23:17,193.84 KB,https://nsearchives.nseindia.com/corporate/walimbelk_04022026132304_BFSISSUEOFSEC.pdf,Bajaj Finserv Limited has informed the Exchange about issue of Securities,,,Issue of Securities,00:00:01,04022026132317,04-Feb-2026 13:23:18,193.84 KB,True,,,106519298,Finance,INE918I01018,Bajaj Finserv Limited,2026-02-04 13:23:17,BAJAJFINSV
04-Feb-2026 13:20:02,9.36 MB,https://nsearchives.nseindia.com/corporate/walimbelk_04022026131803_BFSOUTCOMEOFBM040226.pdf,"Bajaj Finserv Limited has submitted to the Exchange, the financial results for the period ended December 31, 2025.",,,Outcome of Board Meeting,00:00:00,04022026132002,04-Feb-2026 13:20:02,9.36 MB,True,,,106519292,Finance,INE918I01018,Bajaj Finserv Limited,2026-02-04 13:20:02,BAJAJFINSV
04-Feb-2026 13:15:41,9.36 MB,https://nsearchives.nseindia.com/corporate/walimbelk_04022026131518_BFSOUTCOMEOFBM040226.pdf,"Bajaj Finserv Limited has informed the Exchange regarding  Board meeting held on February 04, 2026.",,,Outcome of Board Meeting,00:00:00,04022026131541,04-Feb-2026 13:15:41,9.36 MB,True,,,106519282,Finance,INE918I01018,Bajaj Finserv Limited,2026-02-04 13:15:41,BAJAJFINSV
31-Jan-2026 19:17:00,465.66 KB,https://nsearchives.nseindia.com/corporate/walimbelk_31012026191632_BFSSEPURAVJHAVERI310126.pdf,"Bajaj Finserv Limited has informed the Exchange regarding Resignation of Shri Purav Jhaveri as President - Investments of the company w.e.f. January 31, 2026 (close of business hours).",,,Resignation,00:00:01,31012026191700,31-Jan-2026 19:17:01,465.66 KB,True,,,106514816,Finance,INE918I01018,Bajaj Finserv Limited,2026-01-31 19:17:00,BAJAJFINSV
23-Jan-2026 16:38:32,307.19 KB,https://nsearchives.nseindia.com/corporate/walimbelk_23012026163753_BFSSEINTIMATION230126.pdf,Bajaj Finserv Limited has informed the Exchange about Schedule of meet,,,Analysts/Institutional Investor Meet/Con. Call Updates,00:00:01,23012026163832,23-Jan-2026 16:38:33,307.19 KB,True,,,106506356,Finance,INE918I01018,Bajaj Finserv Limited,2026-01-23 16:38:32,BAJAJFINSV
16-Jan-2026 18:17:21,182.88 KB,https://nsearchives.nseindia.com/corporate/walimbelk_16012026181645_BFSAcquisitionBFDL2026.pdf,Bajaj Finserv Limited has informed the Exchange about the update on the acquisition of 50% equity stake in Bajaj Financial Distributors Limited from Allianz SE.,,,General Updates,00:00:02,16012026181721,16-Jan-2026 18:17:23,182.88 KB,True,,,106499354,Finance,INE918I01018,Bajaj Finserv Limited,2026-01-16 18:17:21,BAJAJFINSV
14-Jan-2026 12:02:09,522.00 KB,https://nsearchives.nseindia.com/corporate/walimbelk_14012026120140_74_Intimation.pdf,"Bajaj Finserv Limited has informed the Exchange about Certificate under SEBI (Depositories and Participants) Regulations, 2018",,,"Certificate under SEBI (Depositories and Participants) Regulations, 2018",00:00:01,14012026120209,14-Jan-2026 12:02:10,522.00 KB,True,,,106497059,Finance,INE918I01018,Bajaj Finserv Limited,2026-01-14 12:02:09,BAJAJFINSV
08-Jan-2026 17:33:27,236.65 KB,https://nsearchives.nseindia.com/corporate/walimbelk_08012026173256_BFSSEintimation8Jan2026.pdf,Bajaj Finserv Limited has informed the Exchange about the update on acquisition of 23% stake held by Allianz SE in insurance subsidiaries,,,General Updates,00:00:01,08012026173327,08-Jan-2026 17:33:28,236.65 KB,True,,,106491833,Finance,INE918I01018,Bajaj Finserv Limited,2026-01-08 17:33:27,BAJAJFINSV
29-Dec-2025 19:17:35,187.40 KB,https://nsearchives.nseindia.com/corporate/walimbelk_29122025191712_BFSTradingwindowclosure29122025.pdf,"Bajaj Finserv Limited has informed the Exchange regarding the Trading Window closure pursuant to SEBI (Prohibition of Insider Trading) Regulations, 2015",,,Trading Window,00:00:01,29122025191735,29-Dec-2025 19:17:36,187.40 KB,True,,,106481616,Finance,INE918I01018,Bajaj Finserv Limited,2025-12-29 19:17:35,BAJAJFINSV
08-Dec-2025 20:00:27,197.54 KB,https://nsearchives.nseindia.com/corporate/walimbelk_08122025195952_BFSBGILBLILUPSINOV25Final.pdf,Bajaj Finserv Limited has informed the Exchange regarding ''Information pertaining to unlisted Insurance subsidiaries of the Company'.,,,Updates,00:00:01,08122025200027,08-Dec-2025 20:00:28,197.54 KB,True,,,106463490,Finance,INE918I01018,Bajaj Finserv Limited,2025-12-08 20:00:27,BAJAJFINSV
05-Dec-2025 20:36:51,161.93 KB,https://nsearchives.nseindia.com/corporate/walimbelk_05122025203624_BFSInvestorDay051225.pdf,Bajaj Finserv Limited has informed the Exchange about Link of Recording,,,Analysts/Institutional Investor Meet/Con. Call Updates,00:00:02,05122025203651,05-Dec-2025 20:36:53,161.93 KB,True,,,106462158,Finance,INE918I01018,Bajaj Finserv Limited,2025-12-05 20:36:51,BAJAJFINSV
05-Dec-2025 08:50:52,3.80 MB,https://nsearchives.nseindia.com/corporate/walimbelk_05122025085038_BFSInvestorDayPresentation5122025.pdf,Bajaj Finserv Limited has informed the Exchange about Investor Presentation,,,Investor Presentation,00:00:01,05122025085052,05-Dec-2025 08:50:53,3.80 MB,True,,,106461497,Finance,INE918I01018,Bajaj Finserv Limited,2025-12-05 08:50:52,BAJAJFINSV
02-Dec-2025 20:02:32,187.92 KB,https://nsearchives.nseindia.com/corporate/walimbelk_02122025200207_BFSIC_021225.pdf,Bajaj Finserv Limited has informed the Exchange about Schedule of meet,,,Analysts/Institutional Investor Meet/Con. Call Updates,00:00:01,02122025200232,02-Dec-2025 20:02:33,187.92 KB,True,,,106459431,Finance,INE918I01018,Bajaj Finserv Limited,2025-12-02 20:02:32,BAJAJFINSV
01-Dec-2025 18:21:23,163.12 KB,https://nsearchives.nseindia.com/corporate/walimbelk_01122025182058_BFSInvestorDay051225.pdf,Bajaj Finserv Limited has informed the Exchange about Schedule of meet,,,Analysts/Institutional Investor Meet/Con. Call Updates,00:00:01,01122025182123,01-Dec-2025 18:21:24,163.12 KB,True,,,106458401,Finance,INE918I01018,Bajaj Finserv Limited,2025-12-01 18:21:23,BAJAJFINSV
17-Nov-2025 20:11:16,4.20 MB,https://nsearchives.nseindia.com/corporate/walimbelk_17112025201056_BFSH1171125.pdf,Bajaj Finserv Limited has informed the Exchange about Submission of Half yearly Report for FY2026,,,General Updates,00:00:01,17112025201116,17-Nov-2025 20:11:17,4.20 MB,True,,,106447968,Finance,INE918I01018,Bajaj Finserv Limited,2025-11-17 20:11:16,BAJAJFINSV
17-Nov-2025 13:17:38,419.60 KB,https://nsearchives.nseindia.com/corporate/walimbelk_17112025131710_BFSCALLTRANSCRIPTQ2FY26.pdf,Bajaj Finserv Limited has informed the Exchange about Transcript,,,Analysts/Institutional Investor Meet/Con. Call Updates,00:00:01,17112025131738,17-Nov-2025 13:17:39,419.60 KB,True,,,106447387,Finance,INE918I01018,Bajaj Finserv Limited,2025-11-17 13:17:38,BAJAJFINSV
14-Nov-2025 18:49:30,185.32 KB,https://nsearchives.nseindia.com/corporate/walimbelk_14112025184908_BFS-SE_Intimation-Avendus.pdf,Bajaj Finserv Limited has informed the Exchange about Schedule of meet,,,Analysts/Institutional Investor Meet/Con. Call Updates,00:00:01,14112025184930,14-Nov-2025 18:49:31,185.32 KB,True,,,106445256,Finance,INE918I01018,Bajaj Finserv Limited,2025-11-14 18:49:30,BAJAJFINSV
12-Nov-2025 18:56:01,188.96 KB,https://nsearchives.nseindia.com/corporate/walimbelk_12112025185544_BFSVolumeclarification121125.pdf,Bajaj Finserv Limited has informed the Exchange about General Updates - Clarification regarding volume movement.,,,General Updates,00:00:01,12112025185601,12-Nov-2025 18:56:02,188.96 KB,True,,,106440147,Finance,INE918I01018,Bajaj Finserv Limited,2025-11-12 18:56:01,BAJAJFINSV
11-Nov-2025 20:44:27,184.75 KB,https://nsearchives.nseindia.com/corporate/walimbelk_11112025204348_BFSAudiorecording11November2025.pdf,Bajaj Finserv Limited has informed the Exchange about Link of Recording,,,Analysts/Institutional Investor Meet/Con. Call Updates,00:00:01,11112025204427,11-Nov-2025 20:44:28,184.75 KB,True,,,106438117,Finance,INE918I01018,Bajaj Finserv Limited,2025-11-11 20:44:27,BAJAJFINSV
11-Nov-2025 18:38:48,211.54 KB,https://nsearchives.nseindia.com/corporate/walimbelk_11112025183827_BFSBAGICBALICUPSIOCT25Final.pdf,Bajaj Finserv Limited has informed the Exchange regarding 'Information pertaining to unlisted Insurance subsidiaries of the Company'.,,,Updates,00:00:01,11112025183848,11-Nov-2025 18:38:49,211.54 KB,True,,,106437793,Finance,INE918I01018,Bajaj Finserv Limited,2025-11-11 18:38:48,BAJAJFINSV
11-Nov-2025 13:59:30,2.83 MB,https://nsearchives.nseindia.com/corporate/walimbelk_11112025135918_BFSIP11November2025SE.pdf,Bajaj Finserv Limited has informed the Exchange about Investor Presentation,,,Investor Presentation,00:00:01,11112025135930,11-Nov-2025 13:59:31,2.83 MB,True,,,106436896,Finance,INE918I01018,Bajaj Finserv Limited,2025-11-11 13:59:30,BAJAJFINSV
11-Nov-2025 13:48:50,7.27 MB,https://nsearchives.nseindia.com/corporate/walimbelk_11112025134637_BFSOutcomeofBM11November2025.pdf,"Bajaj Finserv Limited has submitted to the Exchange, the financial results for the period ended September 30, 2025.",,,Outcome of Board Meeting,00:00:01,11112025134850,11-Nov-2025 13:48:51,7.27 MB,True,,,106436879,Finance,INE918I01018,Bajaj Finserv Limited,2025-11-11 13:48:50,BAJAJFINSV
11-Nov-2025 13:44:03,7.27 MB,https://nsearchives.nseindia.com/corporate/walimbelk_11112025134341_BFSOutcomeofBM11November2025.pdf,"Bajaj Finserv Limited has informed the Exchange regarding  Board meeting held on November 11, 2025.",,,Outcome of Board Meeting,00:00:01,11112025134403,11-Nov-2025 13:44:04,7.27 MB,True,,,106436874,Finance,INE918I01018,Bajaj Finserv Limited,2025-11-11 13:44:03,BAJAJFINSV
03-Nov-2025 18:59:54,329.95 KB,https://nsearchives.nseindia.com/corporate/walimbelk_03112025185928_BFSSEINTIMATIONSCHEDULE031125.pdf,Bajaj Finserv Limited has informed the Exchange about Schedule of meet,,,Analysts/Institutional Investor Meet/Con. Call Updates,00:00:01,03112025185954,03-Nov-2025 18:59:55,329.95 KB,True,,,106425169,Finance,INE918I01018,Bajaj Finserv Limited,2025-11-03 18:59:54,BAJAJFINSV
01-Nov-2025 18:22:37,516.85 KB,https://nsearchives.nseindia.com/corporate/walimbelk_01112025182124_BFSSEGROUPCHRO01112025_SG.pdf,"Bajaj Finserv Limited has informed the Exchange regarding Appointment of  Shri Anupam Sirbhaiya as Other of the company w.e.f. November 01, 2025.",,,Appointment,00:00:01,01112025182237,01-Nov-2025 18:22:38,516.85 KB,True,,,106423723,Finance,INE918I01018,Bajaj Finserv Limited,2025-11-01 18:22:37,BAJAJFINSV
14-Oct-2025 19:59:49,321.33 KB,https://nsearchives.nseindia.com/corporate/walimbelk_14102025195922_BFSREG74FINAL__002_.pdf,"Bajaj Finserv Limited has informed the Exchange about Certificate under SEBI (Depositories and Participants) Regulations, 2018",,,"Certificate under SEBI (Depositories and Participants) Regulations, 2018",00:00:01,14102025195949,14-Oct-2025 19:59:50,321.33 KB,True,,,106407618,Finance,INE918I01018,Bajaj Finserv Limited,2025-10-14 19:59:49,BAJAJFINSV
11-Oct-2025 13:59:40,211.73 KB,https://nsearchives.nseindia.com/corporate/walimbelk_11102025135914_BFSBAGICBALICUPSISEP25Final.pdf,Bajaj Finserv Limited has informed the Exchange regarding 'Information pertaining to unlisted Insurance subsidiaries of the Company''.,,,Updates,00:00:01,11102025135940,11-Oct-2025 13:59:41,211.73 KB,True,,,106404792,Finance,INE918I01018,Bajaj Finserv Limited,2025-10-11 13:59:40,BAJAJFINSV
07-Oct-2025 17:52:04,211.64 KB,https://nsearchives.nseindia.com/corporate/walimbelk_07102025175127_SEIntimationReg30071025SD.pdf,"Bajaj Finserv Limited has informed the Exchange about Intimation under Regulation 30(9) of SEBI (Listing Obligations and Disclosure Requirements) Regulations, 2015 - Change in name of material unlisted insurance subsidiaries.",,,General Updates,00:00:01,07102025175204,07-Oct-2025 17:52:05,211.64 KB,True,,,106400007,Finance,INE918I01018,Bajaj Finserv Limited,2025-10-07 17:52:04,BAJAJFINSV
26-Sep-2025 20:22:30,191.80 KB,https://nsearchives.nseindia.com/corporate/walimbelk_26092025202204_BFSTWC260925.pdf,"Bajaj Finserv Limited has informed the Exchange regarding the Trading Window closure pursuant to SEBI (Prohibition of Insider Trading) Regulations, 2015",,,Trading Window,00:00:02,26092025202230,26-Sep-2025 20:22:32,191.80 KB,True,,,106388283,Finance,INE918I01018,Bajaj Finserv Limited,2025-09-26 20:22:30,BAJAJFINSV
18-Sep-2025 22:37:32,197.95 KB,https://nsearchives.nseindia.com/corporate/walimbelk_18092025223718_BFSINVESTORMEETCALLSD.pdf,Bajaj Finserv Limited has informed the Exchange about Schedule of meet,,,Analysts/Institutional Investor Meet/Con. Call Updates,00:00:01,18092025223732,18-Sep-2025 22:37:33,197.95 KB,True,,,106377554,Finance,INE918I01018,Bajaj Finserv Limited,2025-09-18 22:37:32,BAJAJFINSV
17-Sep-2025 20:20:29,2.31 MB,https://nsearchives.nseindia.com/corporate/walimbelk_17092025202018_BFSCONFERENCECALLSD.pdf,Bajaj Finserv Limited has informed the Exchange about Investor Presentation,,,Investor Presentation,00:00:01,17092025202029,17-Sep-2025 20:20:30,2.31 MB,True,,,106376195,Finance,INE918I01018,Bajaj Finserv Limited,2025-09-17 20:20:29,BAJAJFINSV
15-Sep-2025 19:21:15,285.33 KB,https://nsearchives.nseindia.com/corporate/walimbelk_15092025192055_BFSFAIRDISCLOSURECODE.pdf,Bajaj Finserv Limited has informed the Exchange regarding 'Amendment to the Code of Practices and Procedures for Fair Disclosure of Unpublished Price Sensitive Information (UPSI)'.',,,Updates,00:00:01,15092025192115,15-Sep-2025 19:21:16,285.33 KB,True,,,106373940,Finance,INE918I01018,Bajaj Finserv Limited,2025-09-15 19:21:15,BAJAJFINSV
12-Sep-2025 19:25:47,198.25 KB,https://nsearchives.nseindia.com/corporate/walimbelk_12092025192532_BFSCONFERENCECALL.pdf,Bajaj Finserv Limited has informed the Exchange about Schedule of meet,,,Analysts/Institutional Investor Meet/Con. Call Updates,00:00:01,12092025192547,12-Sep-2025 19:25:48,198.25 KB,True,,,106372549,Finance,INE918I01018,Bajaj Finserv Limited,2025-09-12 19:25:47,BAJAJFINSV
10-Sep-2025 18:58:58,219.84 KB,https://nsearchives.nseindia.com/corporate/walimbelk_10092025185813_BFSBAGICBALICUPSIAUG25.pdf,Bajaj Finserv Limited has informed the Exchange regarding 'Information pertaining to unlisted Insurance subsidiaries of the Company'.,,,Updates,00:00:01,10092025185858,10-Sep-2025 18:58:59,219.84 KB,True,,,106370320,Finance,INE918I01018,Bajaj Finserv Limited,2025-09-10 18:58:58,BAJAJFINSV
29-Aug-2025 21:29:32,199.27 KB,https://nsearchives.nseindia.com/corporate/walimbelk_29082025212904_BFS-Appointment_SE_Intimation_SD.pdf,Bajaj Finserv Limited has informed the Exchange about the incorporation of wholly owned subsidiary.,,,General Updates,00:00:01,29082025212932,29-Aug-2025 21:29:33,199.27 KB,True,,,106356347,Finance,INE918I01018,Bajaj Finserv Limited,2025-08-29 21:29:32,BAJAJFINSV
26-Aug-2025 21:50:09,206.53 KB,https://nsearchives.nseindia.com/corporate/walimbelk_26082025214743_SE_Initimation_Step_down_subsidiary_260825.pdf,Bajaj Finserv Limited has informed the Exchange about incorporation of a new step down subsidiary.,,,General Updates,00:00:02,26082025215009,26-Aug-2025 21:50:11,206.53 KB,True,,,106352845,Finance,INE918I01018,Bajaj Finserv Limited,2025-08-26 21:50:09,BAJAJFINSV
26-Aug-2025 16:40:46,200.17 KB,https://nsearchives.nseindia.com/corporate/walimbelk_26082025164015_BFS_SEINTIMATION_NEWSUBSIDIARY.pdf,Bajaj Finserv Limited has informed the Exchange regarding 'Incorporation of wholly owned subsidiary'.,,,Updates,00:00:02,26082025164046,26-Aug-2025 16:40:48,200.17 KB,True,,,106352340,Finance,INE918I01018,Bajaj Finserv Limited,2025-08-26 16:40:46,BAJAJFINSV
18-Aug-2025 16:59:47,194.23 KB,https://nsearchives.nseindia.com/corporate/walimbelk_18082025165934_BFSROADSHOW180825SD.pdf,Bajaj Finserv Limited has informed the Exchange about Schedule of meet,,,Analysts/Institutional Investor Meet/Con. Call Updates,00:00:01,18082025165947,18-Aug-2025 16:59:48,194.23 KB,True,,,106344302,Finance,INE918I01018,Bajaj Finserv Limited,2025-08-18 16:59:47,BAJAJFINSV
18-Aug-2025 16:57:27,194.23 KB,https://nsearchives.nseindia.com/corporate/walimbelk_18082025165715_BFSROADSHOW180825SD.pdf,Bajaj Finserv Limited has informed the Exchange about Schedule of meet,,,Analysts/Institutional Investor Meet/Con. Call Updates,00:00:01,18082025165727,18-Aug-2025 16:57:28,194.23 KB,True,,,106344298,Finance,INE918I01018,Bajaj Finserv Limited,2025-08-18 16:57:27,BAJAJFINSV
18-Aug-2025 16:55:43,194.23 KB,https://nsearchives.nseindia.com/corporate/walimbelk_18082025165452_BFSROADSHOW180825SD.pdf,Bajaj Finserv Limited has informed the Exchange about Schedule of meet,,,Analysts/Institutional Investor Meet/Con. Call Updates,00:00:01,18082025165543,18-Aug-2025 16:55:44,194.23 KB,True,,,106344295,Finance,INE918I01018,Bajaj Finserv Limited,2025-08-18 16:55:43,BAJAJFINSV
12-Aug-2025 17:26:15,720.59 KB,https://nsearchives.nseindia.com/corporate/walimbelk_12082025172558_BFSSEINTIMATION120825SD.pdf,Bajaj Finserv Limited has informed the Exchange about Newspaper publication regarding Special window for re-lodgement of transfer deeds.,,,Copy of Newspaper Publication,00:00:01,12082025172615,12-Aug-2025 17:26:16,720.59 KB,True,,,106336901,Finance,INE918I01018,Bajaj Finserv Limited,2025-08-12 17:26:15,BAJAJFINSV
08-Aug-2025 16:07:56,218.68 KB,https://nsearchives.nseindia.com/corporate/walimbelk_08082025160737_BFSBAGICBALICUPSIJULY25SD.pdf,Bajaj Finserv Limited has informed the Exchange regarding 'Information pertaining to unlisted Insurance subsidiaries of the Company'.,,,Updates,00:00:01,08082025160756,08-Aug-2025 16:07:57,218.68 KB,True,,,106332174,Finance,INE918I01018,Bajaj Finserv Limited,2025-08-08 16:07:56,BAJAJFINSV
01-Aug-2025 19:01:36,2.19 MB,https://nsearchives.nseindia.com/corporate/walimbelk_01082025190119_BFSROADSHOWPPT010825SD.pdf,Bajaj Finserv Limited has informed the Exchange about Investor Presentation,,,Investor Presentation,00:00:01,01082025190136,01-Aug-2025 19:01:37,2.19 MB,True,,,106321872,Finance,INE918I01018,Bajaj Finserv Limited,2025-08-01 19:01:36,BAJAJFINSV
01-Aug-2025 16:20:50,584.10 KB,https://nsearchives.nseindia.com/corporate/walimbelk_01082025162034_BFSINVESTORCALLTRANSCRIPTSD.pdf,Bajaj Finserv Limited has informed the Exchange about Transcript,,,Analysts/Institutional Investor Meet/Con. Call Updates,00:00:02,01082025162050,01-Aug-2025 16:20:52,584.10 KB,True,,,106321308,Finance,INE918I01018,Bajaj Finserv Limited,2025-08-01 16:20:50,BAJAJFINSV
31-Jul-2025 21:23:19,194.24 KB,https://nsearchives.nseindia.com/corporate/walimbelk_31072025212301_BFSROADSHOW310725SD.pdf,Bajaj Finserv Limited has informed the Exchange about Schedule of meet,,,Analysts/Institutional Investor Meet/Con. Call Updates,00:00:01,31072025212319,31-Jul-2025 21:23:20,194.24 KB,True,,,106320166,Finance,INE918I01018,Bajaj Finserv Limited,2025-07-31 21:23:19,BAJAJFINSV
31-Jul-2025 21:21:43,194.24 KB,https://nsearchives.nseindia.com/corporate/walimbelk_31072025212015_BFSROADSHOW310725SD.pdf,Bajaj Finserv Limited has informed the Exchange about Schedule of meet,,,Analysts/Institutional Investor Meet/Con. Call Updates,00:00:01,31072025212143,31-Jul-2025 21:21:44,194.24 KB,True,,,106320165,Finance,INE918I01018,Bajaj Finserv Limited,2025-07-31 21:21:43,BAJAJFINSV
31-Jul-2025 21:17:46,194.24 KB,https://nsearchives.nseindia.com/corporate/walimbelk_31072025211708_BFSROADSHOW310725SD.pdf,Bajaj Finserv Limited has informed the Exchange about Schedule of meet,,,Analysts/Institutional Investor Meet/Con. Call Updates,00:00:01,31072025211746,31-Jul-2025 21:17:47,194.24 KB,True,,,106320162,Finance,INE918I01018,Bajaj Finserv Limited,2025-07-31 21:17:46,BAJAJFINSV
28-Jul-2025 19:06:39,1.84 MB,https://nsearchives.nseindia.com/corporate/walimbelk_28072025190615_BFS_VotingResults_signed.pdf,"Bajaj Finserv Limited has submitted the Exchange a copy Scrutinizer report of  Annual General Meeting held on July 25, 2025. Further, the company has informed the Exchange regarding voting results.",,,Shareholders meeting,00:00:01,28072025190639,28-Jul-2025 19:06:40,1.84 MB,True,,,106314666,Finance,INE918I01018,Bajaj Finserv Limited,2025-07-28 19:06:39,BAJAJFINSV
26-Jul-2025 16:44:01,193.06 KB,https://nsearchives.nseindia.com/corporate/walimbelk_26072025164240_BFSInvestorsConferenceCall_AudiocallSD_1.pdf,Bajaj Finserv Limited has informed the Exchange about Link of Recording,,,Analysts/Institutional Investor Meet/Con. Call Updates,00:00:01,26072025164401,26-Jul-2025 16:44:02,193.06 KB,True,,,106313272,Finance,INE918I01018,Bajaj Finserv Limited,2025-07-26 16:44:01,BAJAJFINSV
25-Jul-2025 20:06:14,272.57 KB,https://nsearchives.nseindia.com/corporate/walimbelk_25072025200417_AGMproceedings_BFS.pdf,"Bajaj Finserv Limited has informed the Exchange regarding Proceedings of Annual General Meeting held on July 25, 2025",,,Shareholders meeting,00:00:02,25072025200614,25-Jul-2025 20:06:16,272.57 KB,True,,,106312642,Finance,INE918I01018,Bajaj Finserv Limited,2025-07-25 20:06:14,BAJAJFINSV
25-Jul-2025 15:39:28,2.53 MB,https://nsearchives.nseindia.com/corporate/walimbelk_25072025153917_InvestorPresentation2.pdf,Bajaj Finserv Limited has informed the Exchange about Investor Presentation,,,Investor Presentation,00:00:01,25072025153928,25-Jul-2025 15:39:29,2.53 MB,True,,,106311912,Finance,INE918I01018,Bajaj Finserv Limited,2025-07-25 15:39:28,BAJAJFINSV
25-Jul-2025 12:05:16,4.98 MB,https://nsearchives.nseindia.com/corporate/walimbelk_25072025120459_OUTCOMEBSENSE.pdf,"Bajaj Finserv Limited has informed the Exchange regarding  Board meeting held on July 25, 2025.",,,Outcome of Board Meeting,00:00:01,25072025120516,25-Jul-2025 12:05:17,4.98 MB,True,,,106311591,Finance,INE918I01018,Bajaj Finserv Limited,2025-07-25 12:05:16,BAJAJFINSV
25-Jul-2025 12:03:36,4.98 MB,https://nsearchives.nseindia.com/corporate/walimbelk_25072025120308_OUTCOMEBSENSE.pdf,"Bajaj Finserv Limited has submitted to the Exchange, the unaudited financial results for the period ended Jun 30, 2025.",,,Outcome of Board Meeting,00:00:02,25072025120336,25-Jul-2025 12:03:38,4.98 MB,True,,,106311585,Finance,INE918I01018,Bajaj Finserv Limited,2025-07-25 12:03:36,BAJAJFINSV
15-Jul-2025 23:25:05,168.70 KB,https://nsearchives.nseindia.com/corporate/walimbelk_15072025232444_BFSSEINTIMATION150725SD.pdf,"Bajaj Finserv Limited has informed the Exchange regarding Intimation under Regulation 30(7) of SEBI (Listing Obligations and Disclosure Requirements) Regulations, 2015 (as amended)",,,General Updates,00:00:01,15072025232505,15-Jul-2025 23:25:06,168.70 KB,False,,,106301080,Finance,INE918I01018,Bajaj Finserv Limited,2025-07-15 23:25:05,BAJAJFINSV
15-Jul-2025 16:47:36,2.88 MB,https://nsearchives.nseindia.com/corporate/walimbelk_15072025164636_BFSINVESTORCALLQ1FY26.pdf,Bajaj Finserv Limited has informed the Exchange about Schedule of meet,,,Analysts/Institutional Investor Meet/Con. Call Updates,00:00:02,15072025164736,15-Jul-2025 16:47:38,2.88 MB,False,,,106300473,Finance,INE918I01018,Bajaj Finserv Limited,2025-07-15 16:47:36,BAJAJFINSV
08-Jul-2025 15:13:44,2.95 MB,https://nsearchives.nseindia.com/corporate/walimbelk_08072025151323_BFS_-_74_5__Stock_Exchange_Intimation.pdf,"Bajaj Finserv Limited has informed the Exchange about Certificate under SEBI (Depositories and Participants) Regulations, 2018",,,"Certificate under SEBI (Depositories and Participants) Regulations, 2018",00:00:01,08072025151344,08-Jul-2025 15:13:45,2.95 MB,False,,,106293004,Finance,INE918I01018,Bajaj Finserv Limited,2025-07-08 15:13:44,BAJAJFINSV
03-Jul-2025 17:16:45,5.82 MB,https://nsearchives.nseindia.com/corporate/walimbelk_03072025171616_BFSNewspaperADIntimationSD.pdf,Bajaj Finserv Limited has informed the Exchange about Copy of Newspaper Publication,,,Copy of Newspaper Publication,00:00:01,03072025171645,03-Jul-2025 17:16:46,5.82 MB,False,,,106289032,Finance,INE918I01018,Bajaj Finserv Limited,2025-07-03 17:16:45,BAJAJFINSV
02-Jul-2025 21:06:58,3.63 MB,https://nsearchives.nseindia.com/corporate/walimbelk_02072025210631_BRSRIntimationSD.pdf,Bajaj Finserv Limited has informed the Exchange regarding 'Business Responsibility and Sustainability Report ( BRSR ) for the financial year ended 31 March 2025'.,,,Updates,00:00:01,02072025210658,02-Jul-2025 21:06:59,3.63 MB,False,,,106288169,Finance,INE918I01018,Bajaj Finserv Limited,2025-07-02 21:06:58,BAJAJFINSV
02-Jul-2025 20:47:55,13.42 MB,https://nsearchives.nseindia.com/corporate/walimbelk_02072025204728_BFSAnnualReportIntimationSD.pdf,"Bajaj Finserv Limited has informed the Exchange regarding Notice of Annual General Meeting to be held on July 25, 2025",,,Shareholders meeting,00:00:01,02072025204755,02-Jul-2025 20:47:56,13.42 MB,False,,,106288162,Finance,INE918I01018,Bajaj Finserv Limited,2025-07-02 20:47:55,BAJAJFINSV
30-Jun-2025 20:34:55,2.62 MB,https://nsearchives.nseindia.com/corporate/walimbelk_30062025203436_BFSTWC300625SD.pdf,"Bajaj Finserv Limited has informed the Exchange regarding the Trading Window closure pursuant to SEBI (Prohibition of Insider Trading) Regulations, 2015",,,Trading Window,00:00:02,30062025203455,30-Jun-2025 20:34:57,2.62 MB,False,,,106285683,Finance,INE918I01018,Bajaj Finserv Limited,2025-06-30 20:34:55,BAJAJFINSV
10-Jun-2025 12:58:53,224.88 KB,https://nsearchives.nseindia.com/corporate/walimbelk_10062025125809_BFSBAGICBALICUPSIMAY25SD.pdf,Bajaj Finserv Limited has informed the Exchange regarding 'Information pertaining to unlisted Insurance subsidiaries'.,,,Updates,00:00:01,10062025125853,10-Jun-2025 12:58:54,224.88 KB,False,,,106265982,Finance,INE918I01018,Bajaj Finserv Limited,2025-06-10 12:58:53,BAJAJFINSV
10-Jun-2025 10:02:52,243.79 KB,https://nsearchives.nseindia.com/corporate/walimbelk_10062025100200_BFS-Appointment_SE_Intimation.pdf,"Bajaj Finserv Limited has informed the Exchange regarding Appointment of Ms Lakshmi Iyer as Group President   Investments of the company w.e.f. August 01, 2025.",,,Appointment,00:00:01,10062025100252,10-Jun-2025 10:02:53,243.79 KB,False,,,106265840,Finance,INE918I01018,Bajaj Finserv Limited,2025-06-10 10:02:52,BAJAJFINSV
07-Jun-2025 17:52:36,283.80 KB,https://nsearchives.nseindia.com/corporate/walimbelk_07062025175206_BFSTDSCOMMUNICATION070625SD.pdf,Bajaj Finserv Limited has informed the Exchange regarding ' Communication Sent To Shareholders Regarding Tax Deduction At Source (TDS) On Dividend'.,,,Updates,00:00:01,07062025175236,07-Jun-2025 17:52:37,283.80 KB,False,,,106264542,Finance,INE918I01018,Bajaj Finserv Limited,2025-06-07 17:52:36,BAJAJFINSV
21-May-2025 09:56:44,140.43 KB,https://nsearchives.nseindia.com/corporate/walimbelk_21052025095532_SE_letter_Allianz.pdf,"Bajaj Finserv Limited has informed the Exchange regarding 'Intimation under Regulation 30(7) of SEBI (Listing Obligations and Disclosure Requirements) Regulations, 2015 (as amended)'.",,,Updates,00:00:01,21052025095644,21-May-2025 09:56:45,140.43 KB,False,,,106240935,Finance,INE918I01018,Bajaj Finserv Limited,2025-05-21 09:56:44,BAJAJFINSV
20-May-2025 17:10:57,467.32 KB,https://nsearchives.nseindia.com/corporate/walimbelk_20052025170902_BFSPBVOTINGRESULTS.pdf,"Bajaj Finserv Limited has submitted the Exchange a copy Scrutinizers report of Postal Ballot. Further, the company has informed the Exchange regarding voting results.",,,Shareholders meeting,00:00:01,20052025171057,20-May-2025 17:10:58,467.32 KB,False,,,106239859,Finance,INE918I01018,Bajaj Finserv Limited,2025-05-20 17:10:57,BAJAJFINSV
10-May-2025 13:01:34,,https://nsearchives.nseindia.com/corporate/walimbelk_10052025130114_BFS_Investormeetppt.pdf,Bajaj Finserv Limited has informed the Exchange about Investor Presentation,,,Investor Presentation,00:00:01,10052025130134,10-May-2025 13:01:35,-,False,,,106227040,Finance,INE918I01018,Bajaj Finserv Limited,2025-05-10 13:01:34,BAJAJFINSV
09-May-2025 20:40:07,,https://nsearchives.nseindia.com/corporate/walimbelk_09052025203843_BFSOUTCOME290425v2.pdf,Bajaj Finserv Limited has informed the Exchange about General Updates,,,General Updates,00:00:01,09052025204007,09-May-2025 20:40:08,-,False,,,106226656,Finance,INE918I01018,Bajaj Finserv Limited,2025-05-09 20:40:07,BAJAJFINSV
08-May-2025 11:07:32,,https://nsearchives.nseindia.com/corporate/walimbelk_08052025110702_BFSBAGICBALICUPSIAPRIL25SD.pdf,Bajaj Finserv Limited has informed the Exchange regarding 'Information pertaining to unlisted insurance subsidiaries'.,,,Updates,00:00:00,08052025110732,08-May-2025 11:07:32,-,False,,,106223885,Finance,INE918I01018,Bajaj Finserv Limited,2025-05-08 11:07:32,BAJAJFINSV
07-May-2025 19:16:17,,https://nsearchives.nseindia.com/corporate/walimbelk_07052025191602_BFS_Roadshowintimation_sd.pdf,Bajaj Finserv Limited has informed the Exchange about Schedule of meet,,,Analysts/Institutional Investor Meet/Con. Call Updates,00:00:00,07052025191617,07-May-2025 19:16:17,-,False,,,106223327,Finance,INE918I01018,Bajaj Finserv Limited,2025-05-07 19:16:17,BAJAJFINSV
07-May-2025 19:11:13,,https://nsearchives.nseindia.com/corporate/walimbelk_07052025191100_BFS_Transcriptintimation_sd.pdf,Bajaj Finserv Limited has informed the Exchange about Transcript,,,Analysts/Institutional Investor Meet/Con. Call Updates,00:00:01,07052025191113,07-May-2025 19:11:14,-,False,,,106223318,Finance,INE918I01018,Bajaj Finserv Limited,2025-05-07 19:11:13,BAJAJFINSV
07-May-2025 18:51:53,,https://nsearchives.nseindia.com/corporate/walimbelk_07052025185125_BFSALLOTMENTOFSECURITIESSD.pdf,Bajaj Finserv Limited has informed the Exchange regarding Allotment of 1151123  Shares.,,,ESOP/ESOS/ESPS,00:00:00,07052025185153,07-May-2025 18:51:53,-,False,,,106223287,Finance,INE918I01018,Bajaj Finserv Limited,2025-05-07 18:51:53,BAJAJFINSV
30-Apr-2025 17:29:12,,https://nsearchives.nseindia.com/corporate/walimbelk_30042025172859_BFSAUDIORECORDINGQ4FY25SD.pdf,Bajaj Finserv Limited has informed the Exchange about Link of Recording,,,Analysts/Institutional Investor Meet/Con. Call Updates,00:00:00,30042025172912,30-Apr-2025 17:29:12,-,False,,,106216742,Finance,INE918I01018,Bajaj Finserv Limited,2025-04-30 17:29:12,BAJAJFINSV
29-Apr-2025 21:13:50,,https://nsearchives.nseindia.com/corporate/walimbelk_29042025211254_BFSOUTCOME290425SD.pdf,"Bajaj Finserv Limited has informed the Exchange regarding 'The 18th Annual General Meeting of the Company to be held on Friday, 25 July 2025'.",,,Updates,00:00:00,29042025211350,29-Apr-2025 21:13:50,-,False,,,106215613,Finance,INE918I01018,Bajaj Finserv Limited,2025-04-29 21:13:50,BAJAJFINSV
29-Apr-2025 21:06:21,,https://nsearchives.nseindia.com/corporate/walimbelk_29042025210602_SEintimation_Investorpresentation_final.pdf,Bajaj Finserv Limited has informed the Exchange about Investor Presentation,,,Investor Presentation,00:00:00,29042025210621,29-Apr-2025 21:06:21,-,False,,,106215608,Finance,INE918I01018,Bajaj Finserv Limited,2025-04-29 21:06:21,BAJAJFINSV
29-Apr-2025 20:46:40,,https://nsearchives.nseindia.com/corporate/walimbelk_29042025204621_BFSISSUEOFSECURITIES_sd.pdf,Bajaj Finserv Limited has informed the Exchange about issue of Securities,,,Issue of Securities,00:00:01,29042025204640,29-Apr-2025 20:46:41,-,False,,,106215596,Finance,INE918I01018,Bajaj Finserv Limited,2025-04-29 20:46:40,BAJAJFINSV
29-Apr-2025 20:38:01,,https://nsearchives.nseindia.com/corporate/walimbelk_29042025203734_BFSOUTCOME290425SD.pdf,Bajaj Finserv Limited has informed the Exchange that Record date for the purpose of DI  is 27-Jun-2025.,,,Record Date,00:00:00,29042025203801,29-Apr-2025 20:38:01,-,False,,,106215593,Finance,INE918I01018,Bajaj Finserv Limited,2025-04-29 20:38:01,BAJAJFINSV
29-Apr-2025 20:18:16,,https://nsearchives.nseindia.com/corporate/walimbelk_29042025201800_BFSOUTCOMESECRETARIALAUDITOR_sd.pdf,Bajaj Finserv Limited has informed the Exchange regarding Change in Auditors of the company.,,,Change in Auditors,00:00:00,29042025201816,29-Apr-2025 20:18:16,-,False,,,106215583,Finance,INE918I01018,Bajaj Finserv Limited,2025-04-29 20:18:16,BAJAJFINSV
29-Apr-2025 20:10:58,,https://nsearchives.nseindia.com/corporate/walimbelk_29042025201035_BFS_grantofstockoptions_sd.pdf,Bajaj Finserv Limited has informed the Exchange regarding 'Grant of options pursuant to Bajaj Finserv Limited Employee Stock Option Scheme'.,,,Updates,00:00:01,29042025201058,29-Apr-2025 20:10:59,-,False,,,106215580,Finance,INE918I01018,Bajaj Finserv Limited,2025-04-29 20:10:58,BAJAJFINSV
29-Apr-2025 20:00:27,,https://nsearchives.nseindia.com/corporate/walimbelk_29042025200010_BFSOUTCOME290425SD.pdf,"Bajaj Finserv Limited has informed the Exchange that Board of Directors at its meeting held on April 29, 2025, recommended Final Dividend of Re. 1 per equity share.",,,Dividend,00:00:00,29042025200027,29-Apr-2025 20:00:27,-,False,,,106215573,Finance,INE918I01018,Bajaj Finserv Limited,2025-04-29 20:00:27,BAJAJFINSV
29-Apr-2025 19:53:40,,https://nsearchives.nseindia.com/corporate/walimbelk_29042025194827_BFSOUTCOME290425SD.pdf,"Bajaj Finserv Limited has informed the Exchange regarding Outcome of Board Meeting held on April 29, 2025.",,,Outcome of Board Meeting,00:00:00,29042025195340,29-Apr-2025 19:53:40,-,False,,,106215565,Finance,INE918I01018,Bajaj Finserv Limited,2025-04-29 19:53:40,BAJAJFINSV
29-Apr-2025 19:38:03,,https://nsearchives.nseindia.com/corporate/walimbelk_29042025193710_BFSOUTCOME290425SD.pdf,"Bajaj Finserv Limited has informed the Exchange that Board of Directors at its meeting held on April 29, 2025, recommended Final Dividend of 1 per equity share.",,,Dividend,00:00:00,29042025193803,29-Apr-2025 19:38:03,-,False,,,106215538,Finance,INE918I01018,Bajaj Finserv Limited,2025-04-29 19:38:03,BAJAJFINSV
29-Apr-2025 19:34:58,,https://nsearchives.nseindia.com/corporate/walimbelk_29042025193417_BFSOUTCOME290425SD.pdf,"Bajaj Finserv Limited has informed the Exchange regarding  Board meeting held on April 29, 2025.",,,Outcome of Board Meeting,00:00:00,29042025193458,29-Apr-2025 19:34:58,-,False,,,106215531,Finance,INE918I01018,Bajaj Finserv Limited,2025-04-29 19:34:58,BAJAJFINSV
22-Apr-2025 13:12:40,,https://nsearchives.nseindia.com/corporate/walimbelk_22042025131134_BFSINVESTORCALLQ4FY25SD.pdf,Bajaj Finserv Limited has informed the Exchange about Schedule of meet,,,Analysts/Institutional Investor Meet/Con. Call Updates,00:00:00,22042025131240,22-Apr-2025 13:12:40,-,False,,,106207928,Finance,INE918I01018,Bajaj Finserv Limited,2025-04-22 13:12:40,BAJAJFINSV
18-Apr-2025 18:44:08,,https://nsearchives.nseindia.com/corporate/walimbelk_18042025184352_BFS_PB_Newspaper_ad_intimationSD.pdf,Bajaj Finserv Limited has informed the Exchange about Copy of Newspaper Publication,,,Copy of Newspaper Publication,00:00:01,18042025184408,18-Apr-2025 18:44:09,-,False,,,106205797,Finance,INE918I01018,Bajaj Finserv Limited,2025-04-18 18:44:08,BAJAJFINSV
18-Apr-2025 08:18:16,,https://nsearchives.nseindia.com/corporate/walimbelk_18042025081723_SEintimationdispatchPBSD.pdf,Bajaj Finserv Limited has informed the Exchange regarding Notice of Postal Ballot,,,Shareholders meeting,00:00:01,18042025081816,18-Apr-2025 08:18:17,-,False,,,106205453,Finance,INE918I01018,Bajaj Finserv Limited,2025-04-18 08:18:16,BAJAJFINSV
17-Apr-2025 16:27:15,,https://nsearchives.nseindia.com/corporate/walimbelk_17042025162650_BFSBAGICBALICUPSIMARCH25SD.pdf,Bajaj Finserv Limited has informed the Exchange regarding 'Information pertaining to unlisted insurance subsidiaries''.,,,Updates,00:00:00,17042025162715,17-Apr-2025 16:27:15,-,False,,,106204868,Finance,INE918I01018,Bajaj Finserv Limited,2025-04-17 16:27:15,BAJAJFINSV
16-Apr-2025 11:12:54,,https://nsearchives.nseindia.com/corporate/walimbelk_16042025111234_BFSREGULATION74INTIMATIONSD.pdf,"Bajaj Finserv Limited has informed the Exchange about Certificate under SEBI (Depositories and Participants) Regulations, 2018",,,"Certificate under SEBI (Depositories and Participants) Regulations, 2018",00:00:00,16042025111254,16-Apr-2025 11:12:54,-,False,,,106203228,Finance,INE918I01018,Bajaj Finserv Limited,2025-04-16 11:12:54,BAJAJFINSV
15-Apr-2025 18:12:32,,https://nsearchives.nseindia.com/corporate/team_bbodade_15042025145945_BAJAJFINSV.pdf,"Niraj Bajaj has Submitted to the Exchange a copy of Disclosure under Regulation 31(4) of the Securities and Exchange Board of India (Substantial Acquisition of Shares and Takeovers) Regulations, 2011.",,,Disclosure under SEBI Takeover Regulations,00:00:01,15042025181232,15-Apr-2025 18:12:33,-,False,,,106202366,Finance,INE918I01018,Bajaj Finserv Limited,2025-04-15 18:12:32,BAJAJFINSV
31-Mar-2025 19:57:35,,https://nsearchives.nseindia.com/corporate/walimbelk_31032025195708_BFS-Trading_Window_Closure.pdf,"Bajaj Finserv Limited has informed the Exchange regarding the Trading Window closure pursuant to SEBI (Prohibition of Insider Trading) Regulations, 2015",,,Trading Window,00:00:00,31032025195735,31-Mar-2025 19:57:35,-,False,,,106190286,Finance,INE918I01018,Bajaj Finserv Limited,2025-03-31 19:57:35,BAJAJFINSV
26-Mar-2025 22:07:21,,https://nsearchives.nseindia.com/corporate/walimbelk_26032025220642_BFSConversionintimation.pdf,Bajaj Finserv Limited has informed the Exchange about Acquisition,,,Acquisition,00:00:01,26032025220721,26-Mar-2025 22:07:22,-,False,,,106184518,Finance,INE918I01018,Bajaj Finserv Limited,2025-03-26 22:07:21,BAJAJFINSV
24-Mar-2025 19:05:42,,https://nsearchives.nseindia.com/corporate/walimbelk_24032025190421_BFSFairDisclosureCodesd.pdf,Bajaj Finserv Limited has informed the Exchange regarding 'Amendment to the Code of Practices and Procedures for Fair Disclosure of Unpublished Price Sensitive Information'.,,,Updates,00:00:01,24032025190542,24-Mar-2025 19:05:43,-,False,,,106180149,Finance,INE918I01018,Bajaj Finserv Limited,2025-03-24 19:05:42,BAJAJFINSV
21-Mar-2025 13:29:16,,https://nsearchives.nseindia.com/corporate/walimbelk_21032025132758_BFSSEintimation210325sd.pdf,"Bajaj Finserv Limited has informed the Exchange regarding Appointment of Mr Rajeev Jain as Non- Executive Director of the company w.e.f. April 01, 2025.",,,Appointment,00:00:01,21032025132916,21-Mar-2025 13:29:17,-,False,,,106177872,Finance,INE918I01018,Bajaj Finserv Limited,2025-03-21 13:29:16,BAJAJFINSV
18-Mar-2025 22:05:56,,https://nsearchives.nseindia.com/corporate/walimbelk_18032025220524_BFSINVESTORCALL180325.pdf,Bajaj Finserv Limited has informed the Exchange about Schedule of meet,,,Analysts/Institutional Investor Meet/Con. Call Updates,00:00:01,18032025220556,18-Mar-2025 22:05:57,-,False,,,106175108,Finance,INE918I01018,Bajaj Finserv Limited,2025-03-18 22:05:56,BAJAJFINSV
17-Mar-2025 22:17:24,,https://nsearchives.nseindia.com/corporate/walimbelk_17032025221650_Intimation.pdf,"Bajaj Finserv Limited has informed the Exchange regarding 'Intimation under Regulation 30(9) read with Schedule III, Para D of Part A of SEBI (Listing Obligations and Disclosure Requirements) Regulations, 2015 (as amended)'.",,,Updates,00:00:01,17032025221724,17-Mar-2025 22:17:25,-,False,,,106174053,Finance,INE918I01018,Bajaj Finserv Limited,2025-03-17 22:17:24,BAJAJFINSV
06-Mar-2025 15:54:16,,https://nsearchives.nseindia.com/corporate/walimbelk_06032025155212_BFSBAGICBALICUPSIFEB25SIGNED.pdf,Bajaj Finserv Limited has informed the Exchange regarding '' 'Information pertaining to unlisted insurance subsidiaries',,,Updates,00:00:01,06032025155416,06-Mar-2025 15:54:17,-,False,,,106167006,Finance,INE918I01018,Bajaj Finserv Limited,2025-03-06 15:54:16,BAJAJFINSV
21-Feb-2025 13:11:08,,https://nsearchives.nseindia.com/corporate/walimbelk_21022025131009_BFSSEINTIMATION210225SIGNED.pdf,"Bajaj Finserv Limited has informed the Exchange regarding Appointment of Mr Sanjiv Nandan Sahai as Non- Executive Independent Director of the company w.e.f. March 01, 2025.",,,Appointment,00:00:01,21022025131108,21-Feb-2025 13:11:09,-,False,,,106158025,Finance,INE918I01018,Bajaj Finserv Limited,2025-02-21 13:11:08,BAJAJFINSV
06-Feb-2025 20:02:55,,https://nsearchives.nseindia.com/corporate/walimbelk_06022025200009_SEintimationwithtranscriptsd.pdf,Bajaj Finserv Limited has informed the Exchange about Transcript,,,Analysts/Institutional Investor Meet/Con. Call Updates,00:00:01,06022025200255,06-Feb-2025 20:02:56,-,False,,,106140648,Finance,INE918I01018,Bajaj Finserv Limited,2025-02-06 20:02:55,BAJAJFINSV
06-Feb-2025 19:06:51,,https://nsearchives.nseindia.com/corporate/walimbelk_06022025190632_BFSBAGICBALICUPSIJAN25SIGNED.pdf,Bajaj Finserv Limited has informed the Exchange regarding 'Information pertaining to unlisted insurance subsidiaries'.,,,Updates,00:00:01,06022025190651,06-Feb-2025 19:06:52,-,False,,,106140513,Finance,INE918I01018,Bajaj Finserv Limited,2025-02-06 19:06:51,BAJAJFINSV
05-Feb-2025 17:56:27,,https://nsearchives.nseindia.com/corporate/walimbelk_05022025175548_BFSTransfcriptIntimationQ3FY25.pdf,Bajaj Finserv Limited has informed the Exchange about Transcript,,,Analysts/Institutional Investor Meet/Con. Call Updates,00:00:01,05022025175627,05-Feb-2025 17:56:28,-,False,,,106138367,Finance,INE918I01018,Bajaj Finserv Limited,2025-02-05 17:56:27,BAJAJFINSV
31-Jan-2025 16:12:40,,https://nsearchives.nseindia.com/corporate/walimbelk_31012025161209_BFSAudioRecording310125SIGNED.pdf,Bajaj Finserv Limited has informed the Exchange about Link of Recording,,,Analysts/Institutional Investor Meet/Con. Call Updates,00:00:01,31012025161240,31-Jan-2025 16:12:41,-,False,,,106132068,Finance,INE918I01018,Bajaj Finserv Limited,2025-01-31 16:12:40,BAJAJFINSV
30-Jan-2025 17:13:46,,https://nsearchives.nseindia.com/corporate/walimbelk_30012025171335_BFSSEintimationIntegratedFinancialssigned.pdf,Bajaj Finserv Limited has informed the Exchange about the Integrated Filing (Financial) for the quarter and nine months ended 31 December 2024.,,,Integrated Filing- Financial,00:00:01,30012025171346,30-Jan-2025 17:13:47,-,False,,,106130546,Finance,INE918I01018,Bajaj Finserv Limited,2025-01-30 17:13:46,BAJAJFINSV
30-Jan-2025 16:16:25,,https://nsearchives.nseindia.com/corporate/walimbelk_30012025161556_BFSSEintimationinvestorPPTQ3FY25.pdf,Bajaj Finserv Limited has informed the Exchange about Investor Presentation,,,Investor Presentation,00:00:00,30012025161625,30-Jan-2025 16:16:25,-,False,,,106130409,Finance,INE918I01018,Bajaj Finserv Limited,2025-01-30 16:16:25,BAJAJFINSV
30-Jan-2025 13:11:10,,https://nsearchives.nseindia.com/corporate/walimbelk_30012025131026_BFSSEOUTCOMEOFBM30012025.pdf,"Bajaj Finserv Limited has informed the Exchange regarding Outcome of Board Meeting held on January 30, 2025.",,,Outcome of Board Meeting,00:00:01,30012025131110,30-Jan-2025 13:11:11,-,False,,,106130119,Finance,INE918I01018,Bajaj Finserv Limited,2025-01-30 13:11:10,BAJAJFINSV
30-Jan-2025 13:08:04,,https://nsearchives.nseindia.com/corporate/walimbelk_30012025130610_BFSSECHANGEINSMP30012025.pdf,"Bajaj Finserv Limited has informed the Exchange regarding Appointment of Mr S Sreenivasan as President (Insurance & Special Projects) of the company w.e.f. February 01, 2025.",,,Appointment,00:00:00,30012025130804,30-Jan-2025 13:08:04,-,False,,,106130110,Finance,INE918I01018,Bajaj Finserv Limited,2025-01-30 13:08:04,BAJAJFINSV
30-Jan-2025 12:59:10,,https://nsearchives.nseindia.com/corporate/walimbelk_30012025125823_BFSSECHANGEINSMP30012025.pdf,"Bajaj Finserv Limited has informed the Exchange regarding Appointment of Mr Ramandeep Singh Sahni as Chief Financial Officer of the company w.e.f. February 01, 2025.",,,Appointment,00:00:00,30012025125910,30-Jan-2025 12:59:10,-,False,,,106130094,Finance,INE918I01018,Bajaj Finserv Limited,2025-01-30 12:59:10,BAJAJFINSV
30-Jan-2025 12:54:24,,https://nsearchives.nseindia.com/corporate/BFSSEOUTCOMEOFBM30012025_30012025125424.pdf," Bajaj Finserv Limited has submitted to the Exchange, the financial results for the period ended December 31, 2024.",,,Financial Result Updates,00:00:00,30012025125424,30-Jan-2025 12:54:24,-,False,,,168827,Finance,INE918I01018,Bajaj Finserv Limited,2025-01-30 12:54:24,BAJAJFINSV
30-Jan-2025 12:52:08,,https://nsearchives.nseindia.com/corporate/walimbelk_30012025125150_BFSSEOUTCOMEOFBM30012025.pdf,"Bajaj Finserv Limited has informed the Exchange regarding  Board meeting held on January 30, 2025.",,,Outcome of Board Meeting,00:00:01,30012025125208,30-Jan-2025 12:52:09,-,False,,,106130085,Finance,INE918I01018,Bajaj Finserv Limited,2025-01-30 12:52:08,BAJAJFINSV
26-Jan-2025 13:24:10,,https://nsearchives.nseindia.com/corporate/walimbelk_26012025132346_BFSSEintimationBFLGSTOrder.pdf,"Bajaj Finserv Limited has informed the Exchange regarding 'Information under Reg. 30 of SEBI (Listing Obligations and Disclosure Requirements) Regulations, 2015'.",,,Updates,00:00:01,26012025132410,26-Jan-2025 13:24:11,-,False,,,106125131,Finance,INE918I01018,Bajaj Finserv Limited,2025-01-26 13:24:10,BAJAJFINSV
23-Jan-2025 20:00:43,,https://nsearchives.nseindia.com/corporate/walimbelk_23012025195950_BFSINVESTORCALLQ3FY2025.pdf,Bajaj Finserv Limited has informed the Exchange about Schedule of meet,,,Analysts/Institutional Investor Meet/Con. Call Updates,00:00:01,23012025200043,23-Jan-2025 20:00:44,-,False,,,106122944,Finance,INE918I01018,Bajaj Finserv Limited,2025-01-23 20:00:43,BAJAJFINSV
08-Jan-2025 17:40:41,,https://nsearchives.nseindia.com/corporate/walimbelk_08012025174026_BFSREG74Intimationsd.pdf,"Bajaj Finserv Limited has informed the Exchange about Certificate under SEBI (Depositories and Participants) Regulations, 2018",,,"Certificate under SEBI (Depositories and Participants) Regulations, 2018",00:00:00,08012025174041,08-Jan-2025 17:40:41,-,False,,,106108425,Finance,INE918I01018,Bajaj Finserv Limited,2025-01-08 17:40:41,BAJAJFINSV
06-Jan-2025 18:15:05,,https://nsearchives.nseindia.com/corporate/walimbelk_06012025181440_BFSSEINTIMATIONJANUARY2025.pdf,Bajaj Finserv Limited has informed the Exchange regarding 'Information pertaining to unlisted insurance subsidiaries'.,,,Updates,00:00:01,06012025181505,06-Jan-2025 18:15:06,-,False,,,106105821,Finance,INE918I01018,Bajaj Finserv Limited,2025-01-06 18:15:05,BAJAJFINSV
27-Dec-2024 18:33:58,,https://nsearchives.nseindia.com/corporate/BAJAJFINSV_27122024183307_BFSSEINTIMATIONTWQ3FY25.pdf,"Bajaj Finserv Limited has informed the Exchange regarding the Trading Window closure pursuant to SEBI (Prohibition of Insider Trading) Regulations, 2015",,,Trading Window,00:00:01,27122024183358,27-Dec-2024 18:33:59,-,False,,,106097664,Finance,INE918I01018,Bajaj Finserv Limited,2024-12-27 18:33:58,BAJAJFINSV
10-Dec-2024 23:17:14,,https://nsearchives.nseindia.com/corporate/BAJAJFINSV_10122024231714_BFSInvestordayoutcome2024new.pdf,Bajaj Finserv Limited has informed the Exchange about Link of Recording,,,Analysts/Institutional Investor Meet/Con. Call Updates,00:00:00,10122024231714,10-Dec-2024 23:17:14,-,False,,,106081987,Finance,INE918I01018,Bajaj Finserv Limited,2024-12-10 23:17:14,BAJAJFINSV
10-Dec-2024 17:35:36,,https://nsearchives.nseindia.com/corporate/BAJAJFINSV_10122024173536_BFSSEINTIMATIONINVESTORPRESENTATIONDECEMBER2024.pdf,Bajaj Finserv Limited has informed the Exchange about Investor Presentation,,,Investor Presentation,00:00:01,10122024173536,10-Dec-2024 17:35:37,-,False,,,106081706,Finance,INE918I01018,Bajaj Finserv Limited,2024-12-10 17:35:36,BAJAJFINSV
09-Dec-2024 16:14:32,,https://nsearchives.nseindia.com/corporate/BAJAJFINSV_09122024161432_BFSSEINTIMATIONDECEMBER2024.pdf,Bajaj Finserv Limited has informed the Exchange regarding 'Information pertaining to unlisted insurance subsidiaries'.,,,Updates,00:00:01,09122024161432,09-Dec-2024 16:14:33,-,False,,,106080511,Finance,INE918I01018,Bajaj Finserv Limited,2024-12-09 16:14:32,BAJAJFINSV
02-Dec-2024 18:11:52,,https://nsearchives.nseindia.com/corporate/BAJAJFINSV_02122024181152_BFSINVESTORDAYINTIMATION2024SIGNEDUPLOADING.pdf,Bajaj Finserv Limited has informed the Exchange about Schedule of meet,,,Analysts/Institutional Investor Meet/Con. Call Updates,00:00:01,02122024181152,02-Dec-2024 18:11:53,-,False,,,106074856,Finance,INE918I01018,Bajaj Finserv Limited,2024-12-02 18:11:52,BAJAJFINSV
08-Nov-2024 16:18:40,,https://nsearchives.nseindia.com/corporate/BAJAJFINSV_08112024161840_BFSSEINTIMATIONNOVEMBER2024.pdf,Bajaj Finserv Limited has informed the Exchange regarding 'Information pertaining to unlisted insurance subsidiaries'.,,,Updates,00:00:01,08112024161840,08-Nov-2024 16:18:41,-,False,,,106050810,Finance,INE918I01018,Bajaj Finserv Limited,2024-11-08 16:18:40,BAJAJFINSV
07-Nov-2024 20:08:38,,https://nsearchives.nseindia.com/corporate/BAJAJFINSV_07112024200838_BFSSEINTIMATIONINVESTORMEET12NOV2024sd.pdf,Bajaj Finserv Limited has informed the Exchange about Schedule of meet,,,Analysts/Institutional Investor Meet/Con. Call Updates,00:00:01,07112024200838,07-Nov-2024 20:08:39,-,False,,,106049577,Finance,INE918I01018,Bajaj Finserv Limited,2024-11-07 20:08:38,BAJAJFINSV
30-Oct-2024 15:42:04,,https://nsearchives.nseindia.com/corporate/BAJAJFINSV_30102024154204_BFSTRANSCRIPTSEINTIMATIONQ2FY25SD.pdf,Bajaj Finserv Limited has informed the Exchange about Transcript,,,Analysts/Institutional Investor Meet/Con. Call Updates,00:00:01,30102024154204,30-Oct-2024 15:42:05,-,False,,,106040627,Finance,INE918I01018,Bajaj Finserv Limited,2024-10-30 15:42:04,BAJAJFINSV
29-Oct-2024 18:32:06,,https://nsearchives.nseindia.com/corporate/BAJAJFINSV_29102024183206_BFSH1FY25SEINTIMATIONsd.pdf,Bajaj Finserv Limited has informed the Exchange regarding 'Submission of Half Yearly Report for FY2024-25',,,General Updates,00:00:01,29102024183206,29-Oct-2024 18:32:07,-,False,,,106039311,Finance,INE918I01018,Bajaj Finserv Limited,2024-10-29 18:32:06,BAJAJFINSV
25-Oct-2024 19:31:37,,https://nsearchives.nseindia.com/corporate/BAJAJFINSV_25102024193137_BFSLINKOFRECORDINGQ2FY25SD.pdf,Bajaj Finserv Limited has informed the Exchange about Link of Recording,,,Analysts/Institutional Investor Meet/Con. Call Updates,00:00:00,25102024193137,25-Oct-2024 19:31:37,-,False,,,106035427,Finance,INE918I01018,Bajaj Finserv Limited,2024-10-25 19:31:37,BAJAJFINSV
24-Oct-2024 15:07:15,,https://nsearchives.nseindia.com/corporate/BAJAJFINSV_24102024150715_BFSSEintimationinvestorPPTQ2FY25.pdf,Bajaj Finserv Limited has informed the Exchange about Investor Presentation,,,Investor Presentation,00:00:00,24102024150715,24-Oct-2024 15:07:15,-,False,,,106033287,Finance,INE918I01018,Bajaj Finserv Limited,2024-10-24 15:07:15,BAJAJFINSV
23-Oct-2024 13:31:31,,https://nsearchives.nseindia.com/corporate/BFSOUTCOMEOFBM23102024SIGNED_23102024133131.pdf," Bajaj Finserv Limited has submitted to the Exchange, the financial results for the period ended September 30, 2024.",,,Financial Result Updates,00:00:00,23102024133131,23-Oct-2024 13:31:31,-,False,,,165849,Finance,INE918I01018,Bajaj Finserv Limited,2024-10-23 13:31:31,BAJAJFINSV
23-Oct-2024 13:29:07,,https://nsearchives.nseindia.com/corporate/BAJAJFINSV_23102024132908_BFSOUTCOMEOFBM23102024SIGNED.pdf,"Bajaj Finserv Limited has informed the Exchange regarding  Board meeting held on October 23, 2024.",,,Outcome of Board Meeting,00:00:01,23102024132907,23-Oct-2024 13:29:08,-,False,,,106031754,Finance,INE918I01018,Bajaj Finserv Limited,2024-10-23 13:29:07,BAJAJFINSV
22-Oct-2024 13:21:50,,https://nsearchives.nseindia.com/corporate/BAJAJFINSV_22102024132150_BFSSEintimation22102024.pdf,Bajaj Finserv Limited has informed the Exchange about Rumour Verification - Regulation 30(11),,,Rumour Verification - Regulation 30(11),00:00:00,22102024132150,22-Oct-2024 13:21:50,-,False,,,106030285,Finance,INE918I01018,Bajaj Finserv Limited,2024-10-22 13:21:50,BAJAJFINSV
18-Oct-2024 18:36:01,,https://nsearchives.nseindia.com/corporate/BAJAJFINSV_18102024183601_BFSSCHEDULEOFANALYSTMEETQ2FY25SIGNED.pdf,Bajaj Finserv Limited has informed the Exchange about Schedule of meet,,,Analysts/Institutional Investor Meet/Con. Call Updates,00:00:01,18102024183601,18-Oct-2024 18:36:02,-,False,,,106027435,Finance,INE918I01018,Bajaj Finserv Limited,2024-10-18 18:36:01,BAJAJFINSV
07-Oct-2024 19:23:49,,https://nsearchives.nseindia.com/corporate/BAJAJFINSV_07102024192349_BFSIntimation74Q2FY25signed.pdf,"Bajaj Finserv Limited has informed the Exchange about Certificate under SEBI (Depositories and Participants) Regulations, 2018",,,"Certificate under SEBI (Depositories and Participants) Regulations, 2018",00:00:01,07102024192349,07-Oct-2024 19:23:50,-,False,,,106015269,Finance,INE918I01018,Bajaj Finserv Limited,2024-10-07 19:23:49,BAJAJFINSV
07-Oct-2024 19:01:42,,https://nsearchives.nseindia.com/corporate/BAJAJFINSV_07102024190142_BFSSEINTIMATIONOCTOBER2024sd.pdf,Bajaj Finserv Limited has informed the Exchange regarding 'Information pertaining to unlisted insurance subsidiaries'.,,,Updates,00:00:01,07102024190142,07-Oct-2024 19:01:43,-,False,,,106015226,Finance,INE918I01018,Bajaj Finserv Limited,2024-10-07 19:01:42,BAJAJFINSV
30-Sep-2024 18:51:11,,https://nsearchives.nseindia.com/corporate/BAJAJFINSV_30092024185111_BFSTradingwindowclosure30Sep2024sd.pdf,"Bajaj Finserv Limited has informed the Exchange regarding the Trading Window closure pursuant to SEBI (Prohibition of Insider Trading) Regulations, 2015",,,Trading Window,00:00:00,30092024185111,30-Sep-2024 18:51:11,-,False,,,106008416,Finance,INE918I01018,Bajaj Finserv Limited,2024-09-30 18:51:11,BAJAJFINSV
27-Sep-2024 17:46:55,,https://nsearchives.nseindia.com/corporate/BAJAJFINSV_27092024174655_BFSSELetterVGLOC27092024.pdf,Bajaj Finserv Limited has informed the Exchange about issuance of letter of confirmation to shareholder,,,Loss of Share Certificates,00:00:00,27092024174655,27-Sep-2024 17:46:55,-,False,,,106004337,Finance,INE918I01018,Bajaj Finserv Limited,2024-09-27 17:46:55,BAJAJFINSV
06-Sep-2024 19:14:20,,https://nsearchives.nseindia.com/corporate/BAJAJFINSV_06092024191420_BAGICBALICPROVISIONALNUMBERSAUG.pdf,Bajaj Finserv Limited has informed the Exchange regarding 'Information pertaining to unlisted insurance subsidiaries of the company.',,,Updates,00:00:01,06092024191420,06-Sep-2024 19:14:21,-,False,,,105981528,Finance,INE918I01018,Bajaj Finserv Limited,2024-09-06 19:14:20,BAJAJFINSV
29-Aug-2024 18:40:10,,https://nsearchives.nseindia.com/corporate/BAJAJFINSV_29082024184011_BFSLossofsharecertificateCV83v1signed.pdf,Bajaj Finserv Limited has informed the Exchange about Loss of Share Certificates,,,Loss of Share Certificates,00:00:01,29082024184010,29-Aug-2024 18:40:11,-,False,,,105970113,Finance,INE918I01018,Bajaj Finserv Limited,2024-08-29 18:40:10,BAJAJFINSV
07-Aug-2024 16:14:38,,https://nsearchives.nseindia.com/corporate/BAJAJFINSV_07082024161438_BAGICBALICSEINTIMATIONAUG24SD.pdf,Bajaj Finserv Limited has informed the Exchange regarding 'Information pertaining to unlisted insurance subsidiaries'.,,,Updates,00:00:01,07082024161438,07-Aug-2024 16:14:39,-,False,,,105943288,Finance,INE918I01018,Bajaj Finserv Limited,2024-08-07 16:14:38,BAJAJFINSV
31-Jul-2024 13:00:56,,https://nsearchives.nseindia.com/corporate/BAJAJFINSV_31072024130056_BFSTranscriptinvestorcallQ1FY2024.pdf,Bajaj Finserv Limited has informed the Exchange about Transcript,,,Analysts/Institutional Investor Meet/Con. Call Updates,00:00:01,31072024130056,31-Jul-2024 13:00:57,-,False,,,105932661,Finance,INE918I01018,Bajaj Finserv Limited,2024-07-31 13:00:56,BAJAJFINSV
25-Jul-2024 19:47:37,,https://nsearchives.nseindia.com/corporate/BAJAJFINSV_25072024194738_BFSAudiorecordinginvestorcallQ1FY2024.pdf,Bajaj Finserv Limited has informed the Exchange about Link of Recording,,,Analysts/Institutional Investor Meet/Con. Call Updates,00:00:01,25072024194737,25-Jul-2024 19:47:38,-,False,,,105926448,Finance,INE918I01018,Bajaj Finserv Limited,2024-07-25 19:47:37,BAJAJFINSV
25-Jul-2024 19:45:03,,https://nsearchives.nseindia.com/corporate/BAJAJFINSV_25072024194503_BFS_Votingresults24July2024Signed.pdf,"Bajaj Finserv Limited has submitted the Exchange a copy Srutinizers report of  Annual General Meeting held on July 24, 2024. Further, the company has informed the Exchange regarding voting results.",,,Shareholders meeting,00:00:01,25072024194503,25-Jul-2024 19:45:04,-,False,,,105926445,Finance,INE918I01018,Bajaj Finserv Limited,2024-07-25 19:45:03,BAJAJFINSV
25-Jul-2024 00:15:33,,https://nsearchives.nseindia.com/corporate/BAJAJFINSV_25072024001533_BFSInvestorpresentationQ1FY25.pdf,Bajaj Finserv Limited has informed the Exchange about Investor Presentation,,,Investor Presentation,00:00:00,25072024001533,25-Jul-2024 00:15:33,-,False,,,105925296,Finance,INE918I01018,Bajaj Finserv Limited,2024-07-25 00:15:33,BAJAJFINSV
24-Jul-2024 22:51:13,,https://nsearchives.nseindia.com/corporate/BAJAJFINSV_24072024225113_BFSAGM2024Proceedings.pdf,"Bajaj Finserv Limited has informed the Exchange regarding Proceedings of Annual General Meeting held on July 24, 2024",,,Shareholders meeting,00:00:01,24072024225113,24-Jul-2024 22:51:14,-,False,,,105925118,Finance,INE918I01018,Bajaj Finserv Limited,2024-07-24 22:51:13,BAJAJFINSV
24-Jul-2024 12:12:33,,https://nsearchives.nseindia.com/corporate/BAJAJFINSV_24072024121234_BFSOUTCOME24JULY24SIGNED.pdf,"Bajaj Finserv Limited has informed the Exchange regarding Outcome of Board Meeting held on July 24, 2024.",,,Outcome of Board Meeting,00:00:01,24072024121233,24-Jul-2024 12:12:34,-,False,,,105923973,Finance,INE918I01018,Bajaj Finserv Limited,2024-07-24 12:12:33,BAJAJFINSV
24-Jul-2024 12:08:34,,https://nsearchives.nseindia.com/corporate/BFSOUTCOME24JULY24SIGNED_24072024120834.pdf,"Bajaj Finserv Limited has submitted to the Exchange, the financial results for the period ended June 30, 2024.",,,Financial Result Updates,00:00:05,24072024120834,24-Jul-2024 12:08:39,-,False,,,163701,Finance,INE918I01018,Bajaj Finserv Limited,2024-07-24 12:08:34,BAJAJFINSV
24-Jul-2024 12:05:45,,https://nsearchives.nseindia.com/corporate/BAJAJFINSV_24072024120546_BFSOUTCOME24JULY24SIGNED.pdf,"Bajaj Finserv Limited has informed the Exchange regarding  Board meeting held on July 24, 2024.",,,Outcome of Board Meeting,00:00:06,24072024120545,24-Jul-2024 12:05:51,-,False,,,105923968,Finance,INE918I01018,Bajaj Finserv Limited,2024-07-24 12:05:45,BAJAJFINSV
16-Jul-2024 17:24:55,,https://nsearchives.nseindia.com/corporate/BAJAJFINSV_16072024172455_BFSSCHEDULEOFANALYSTMEETJULY24SD.pdf,Bajaj Finserv Limited has informed the Exchange about Schedule of meet,,,Analysts/Institutional Investor Meet/Con. Call Updates,00:00:01,16072024172455,16-Jul-2024 17:24:56,-,False,,,105916208,Finance,INE918I01018,Bajaj Finserv Limited,2024-07-16 17:24:55,BAJAJFINSV
12-Jul-2024 13:02:46,,https://nsearchives.nseindia.com/corporate/BAJAJFINSV_12072024130246_BFS745Signed.pdf,"Bajaj Finserv Limited has informed the Exchange about Certificate under SEBI (Depositories and Participants) Regulations, 2018",,,"Certificate under SEBI (Depositories and Participants) Regulations, 2018",00:00:01,12072024130246,12-Jul-2024 13:02:47,-,False,,,105912369,Finance,INE918I01018,Bajaj Finserv Limited,2024-07-12 13:02:46,BAJAJFINSV
08-Jul-2024 17:57:57,,https://nsearchives.nseindia.com/corporate/BAJAJFINSV_08072024175757_SEIntimationBAGICandBALICJuly2024v1signed.pdf,Bajaj Finserv Limited has informed the Exchange regarding 'Information pertaining to unlisted insurance subsidiaries'.,,,Updates,00:00:01,08072024175757,08-Jul-2024 17:57:58,-,False,,,105907272,Finance,INE918I01018,Bajaj Finserv Limited,2024-07-08 17:57:57,BAJAJFINSV
30-Jun-2024 14:15:10,,https://nsearchives.nseindia.com/corporate/BAJAJFINSV_30062024141510_BFSSEIntimationNewspaperPublicationJuly24.pdf,Bajaj Finserv Limited has informed the Exchange about Copy of Newspaper Publication,,,Copy of Newspaper Publication,00:00:01,30062024141510,30-Jun-2024 14:15:11,-,False,,,105899167,Finance,INE918I01018,Bajaj Finserv Limited,2024-06-30 14:15:10,BAJAJFINSV
27-Jun-2024 19:46:15,,https://nsearchives.nseindia.com/corporate/BAJAJFINSV_27062024194615_BFSSELetterBRSRFY2024uploading.pdf,Bajaj Finserv Limited has informed the Exchange regarding 'Business Responsibility and Sustainability Report for FY2024'.,,,Updates,00:00:01,27062024194615,27-Jun-2024 19:46:16,-,False,,,105895437,Finance,INE918I01018,Bajaj Finserv Limited,2024-06-27 19:46:15,BAJAJFINSV
27-Jun-2024 19:34:00,,https://nsearchives.nseindia.com/corporate/BAJAJFINSV_27062024193400_BFSSELetterNoticeof17THAGMuploading.pdf,"Bajaj Finserv Limited has informed the Exchange regarding Notice of Annual General Meeting to be held on July 24, 2024",,,Shareholders meeting,00:00:00,27062024193400,27-Jun-2024 19:34:00,-,False,,,105895420,Finance,INE918I01018,Bajaj Finserv Limited,2024-06-27 19:34:00,BAJAJFINSV
07-Jun-2024 23:16:19,,https://nsearchives.nseindia.com/corporate/BAJAJFINSV_07062024231619_SEIntimationTDSCommunication2024.pdf,Bajaj Finserv Limited has informed the Exchange regarding 'Communication sent to shareholders regarding Tax Deduction at Source (TDS) on dividend income'.,,,Updates,00:00:01,07062024231619,07-Jun-2024 23:16:20,-,False,,,105877459,Finance,INE918I01018,Bajaj Finserv Limited,2024-06-07 23:16:19,BAJAJFINSV
07-Jun-2024 20:05:51,,https://nsearchives.nseindia.com/corporate/BAJAJFINSV_07062024200551_BFSSEIntimationBAGICBALICJune2024signed.pdf,Bajaj Finserv Limited has informed the Exchange regarding 'Information pertaining to unlisted insurance subsidiaries'.,,,Updates,00:00:01,07062024200551,07-Jun-2024 20:05:52,-,False,,,105877321,Finance,INE918I01018,Bajaj Finserv Limited,2024-06-07 20:05:51,BAJAJFINSV
27-May-2024 18:09:16,,https://nsearchives.nseindia.com/corporate/BAJAJFINSV_27052024180916_BFSAllotmentofsecuritiesApril2024signed.pdf,"Bajaj Finserv Limited has informed the Exchange regarding allotment of 1173284 securities pursuant to ESOP/ESPS at its Allotment Committee meeting held on May 27, 2024",,,Allotment of Securities,00:00:01,27052024180916,27-May-2024 18:09:17,-,False,,,105863068,Finance,INE918I01018,Bajaj Finserv Limited,2024-05-27 18:09:16,BAJAJFINSV
06-May-2024 19:09:12,,https://nsearchives.nseindia.com/corporate/BAJAJFINSV_06052024190912_SEIntimationBAGICBALIC6May2024signed.pdf,Bajaj Finserv Limited has informed the Exchange regarding 'Information pertaining to unlisted insurance subsidiaries'.,,,Updates,00:00:05,06052024190912,06-May-2024 19:09:17,-,False,,,105835842,Finance,INE918I01018,Bajaj Finserv Limited,2024-05-06 19:09:12,BAJAJFINSV
03-May-2024 18:30:37,,https://nsearchives.nseindia.com/corporate/BAJAJFINSV_03052024183037_BFSTranscriptofinvestorcall26April2024.pdf,Bajaj Finserv Limited has informed the Exchange about Transcript,,,Analysts/Institutional Investor Meet/Con. Call Updates,00:00:12,03052024183037,03-May-2024 18:30:49,-,False,,,105833834,Finance,INE918I01018,Bajaj Finserv Limited,2024-05-03 18:30:37,BAJAJFINSV
30-Apr-2024 20:06:53,,https://nsearchives.nseindia.com/corporate/BAJAJFINSV_30042024200653_BFSSELETETRLOCARUNARANJENDRA.pdf,Bajaj Finserv Limited has informed the Exchange about Loss of Share Certificates,,,Loss of Share Certificates,00:00:05,30042024200653,30-Apr-2024 20:06:58,-,False,,,105830377,Finance,INE918I01018,Bajaj Finserv Limited,2024-04-30 20:06:53,BAJAJFINSV
26-Apr-2024 21:11:29,,https://nsearchives.nseindia.com/corporate/BAJAJFINSV_26042024211129_BFSESOP26April2024.pdf,Bajaj Finserv Limited has informed the Exchange regarding Grant of 4268171  Options.,,,ESOP/ESOS/ESPS,00:00:06,26042024211129,26-Apr-2024 21:11:35,-,False,,,105826949,Finance,INE918I01018,Bajaj Finserv Limited,2024-04-26 21:11:29,BAJAJFINSV
26-Apr-2024 19:54:04,,https://nsearchives.nseindia.com/corporate/BAJAJFINSV_26042024195404_BFSoutcomeofinvestorcall26April2024.pdf,Bajaj Finserv Limited has informed the Exchange about Link of Recording,,,Analysts/Institutional Investor Meet/Con. Call Updates,00:00:05,26042024195404,26-Apr-2024 19:54:09,-,False,,,105826887,Finance,INE918I01018,Bajaj Finserv Limited,2024-04-26 19:54:04,BAJAJFINSV
26-Apr-2024 16:56:56,,https://nsearchives.nseindia.com/corporate/BAJAJFINSV_26042024165656_BFSOutcomeofBM26April2024.pdf,"Bajaj Finserv Limited has informed the Exchange regarding 'The 17th Annual General Meeting of the Company will be held on Wednesday, 24 July 2024'.",,,Updates,00:00:06,26042024165656,26-Apr-2024 16:57:02,-,False,,,105826578,Finance,INE918I01018,Bajaj Finserv Limited,2024-04-26 16:56:56,BAJAJFINSV
26-Apr-2024 16:47:01,,https://nsearchives.nseindia.com/corporate/BAJAJFINSV_26042024164701_BFSOutcomeofBM26April2024.pdf,Bajaj Finserv Limited has informed the Exchange that Record date for the purpose of Dividend  is 21-Jun-2024.,,,Record Date,00:00:13,26042024164701,26-Apr-2024 16:47:14,-,False,,,105826564,Finance,INE918I01018,Bajaj Finserv Limited,2024-04-26 16:47:01,BAJAJFINSV
26-Apr-2024 14:19:49,,https://nsearchives.nseindia.com/corporate/BAJAJFINSV_26042024141949_BFSInvestorsPresentation26April2024.pdf,Bajaj Finserv Limited has informed the Exchange about Investor Presentation,,,Investor Presentation,00:00:07,26042024141949,26-Apr-2024 14:19:56,-,False,,,105826332,Finance,INE918I01018,Bajaj Finserv Limited,2024-04-26 14:19:49,BAJAJFINSV
26-Apr-2024 14:17:12,,https://nsearchives.nseindia.com/corporate/BAJAJFINSV_26042024141712_BFSOutcomeofBM26April2024.pdf,Bajaj Finserv Limited has informed the Exchange about Dividend Updates,,,Dividend Updates,00:00:06,26042024141712,26-Apr-2024 14:17:18,-,False,,,105826329,Finance,INE918I01018,Bajaj Finserv Limited,2024-04-26 14:17:12,BAJAJFINSV
26-Apr-2024 14:15:43,,https://nsearchives.nseindia.com/corporate/BAJAJFINSV_26042024141543_BFSOutcomeofBM26April2024.pdf,"Bajaj Finserv Limited has informed the Exchange regarding  Board meeting held on April 26, 2024.",,,Outcome of Board Meeting,00:00:07,26042024141543,26-Apr-2024 14:15:50,-,False,,,105826326,Finance,INE918I01018,Bajaj Finserv Limited,2024-04-26 14:15:43,BAJAJFINSV
26-Apr-2024 14:14:21,,https://nsearchives.nseindia.com/corporate/BAJAJFINSV_26042024141422_BFSIssueofSecurities26April2024.pdf,Bajaj Finserv Limited has informed the Exchange about issue of Securities,,,Issue of Securities,00:00:06,26042024141421,26-Apr-2024 14:14:27,-,False,,,105826325,Finance,INE918I01018,Bajaj Finserv Limited,2024-04-26 14:14:21,BAJAJFINSV
26-Apr-2024 14:12:11,,https://nsearchives.nseindia.com/corporate/BAJAJFINSV_26042024141211_BFSMBSLETTER.pdf,Bajaj Finserv Limited has informed the Exchange regarding Change in Director(s) of the company.,,,Change in Director(s),00:00:04,26042024141211,26-Apr-2024 14:12:15,-,False,,,105826320,Finance,INE918I01018,Bajaj Finserv Limited,2024-04-26 14:12:11,BAJAJFINSV
26-Apr-2024 14:07:43,,https://nsearchives.nseindia.com/corporate/BAJAJFINSV_26042024140743_BFSOutcomeofBM26April2024.pdf,Bajaj Finserv Limited has informed the Exchange about Date of payment of dividend,,,Date of payment of dividend,00:00:05,26042024140743,26-Apr-2024 14:07:48,-,False,,,105826317,Finance,INE918I01018,Bajaj Finserv Limited,2024-04-26 14:07:43,BAJAJFINSV
26-Apr-2024 14:06:28,,https://nsearchives.nseindia.com/corporate/BAJAJFINSV_26042024140628_BFSOutcomeofBM26April2024.pdf,"Bajaj Finserv Limited has informed the Exchange that Board of Directors at its meeting held on April 26, 2024, recommended Final Dividend of Re. 1 per equity share.",,,Dividend,00:00:07,26042024140628,26-Apr-2024 14:06:35,-,False,,,105826314,Finance,INE918I01018,Bajaj Finserv Limited,2024-04-26 14:06:28,BAJAJFINSV
26-Apr-2024 14:03:24,,https://nsearchives.nseindia.com/corporate/BFSOutcomeofBM26April2024_26042024140324.pdf,"Bajaj Finserv Limited has submitted to the Exchange, the financial results for the period ended March 31, 2024.",,,Financial Result Updates,00:00:06,26042024140324,26-Apr-2024 14:03:30,-,False,,,161176,Finance,INE918I01018,Bajaj Finserv Limited,2024-04-26 14:03:24,BAJAJFINSV
26-Apr-2024 14:00:51,,https://nsearchives.nseindia.com/corporate/BAJAJFINSV_26042024140051_BFSOutcomeofBM26April2024.pdf,"Bajaj Finserv Limited has informed the Exchange that Board of Directors at its meeting held on April 26, 2024, recommended Final Dividend of 1 per equity share.",,,Dividend,00:00:06,26042024140051,26-Apr-2024 14:00:57,-,False,,,105826309,Finance,INE918I01018,Bajaj Finserv Limited,2024-04-26 14:00:51,BAJAJFINSV
23-Apr-2024 16:07:31,,https://nsearchives.nseindia.com/corporate/BAJAJFINSV_23042024160731_BFSSEINTIMATIONSCHOFINVESTORCALL26APRIL2024SIGNED.pdf,Bajaj Finserv Limited has informed the Exchange about Schedule of meet,,,Analysts/Institutional Investor Meet/Con. Call Updates,00:00:07,23042024160731,23-Apr-2024 16:07:38,-,False,,,105822475,Finance,INE918I01018,Bajaj Finserv Limited,2024-04-23 16:07:31,BAJAJFINSV
12-Apr-2024 12:48:11,,https://nsearchives.nseindia.com/corporate/BAJAJFINSV_12042024124811_BAJAJFINSV.pdf,"Niraj Bajaj has Submitted to the Exchange a copy of Disclosure under Regulation 31(4) of the Securities and Exchange Board of India (Substantial Acquisition of Shares and Takeovers) Regulations, 2011.",,,Disclosure under SEBI Takeover Regulations,00:00:16,12042024124811,12-Apr-2024 12:48:27,-,False,,,105811695,Finance,INE918I01018,Bajaj Finserv Limited,2024-04-12 12:48:11,BAJAJFINSV
11-Apr-2024 16:33:44,,https://nsearchives.nseindia.com/corporate/BAJAJFINSV_11042024163344_BFSSEINTIMATIONPROVISIONALNUMBERSSIGNED.pdf,Bajaj Finserv Limited has informed the Exchange regarding 'Information pertaining to unlisted insurance subsidiaries'.,,,Updates,00:00:06,11042024163344,11-Apr-2024 16:33:50,-,False,,,105812999,Finance,INE918I01018,Bajaj Finserv Limited,2024-04-11 16:33:44,BAJAJFINSV
08-Apr-2024 19:33:15,,https://nsearchives.nseindia.com/corporate/BAJAJFINSV_08042024193315_74_5_lettersigned.pdf,"Bajaj Finserv Limited has informed the Exchange about Certificate under Regulation 74(5) of SEBI (Depositories and Participants) Regulations, 2018 for the quarter ended 31 March 2024",,,"Certificate under SEBI (Depositories and Participants) Regulations, 2018",00:00:12,08042024193315,08-Apr-2024 19:33:27,-,False,,,105810052,Finance,INE918I01018,Bajaj Finserv Limited,2024-04-08 19:33:15,BAJAJFINSV
02-Apr-2024 20:26:06,,https://nsearchives.nseindia.com/corporate/BAJAJFINSV_02042024202606_SEINTIMATIONLOSSOFSHARESSIGNED.pdf,Bajaj Finserv Limited has informed the Exchange about Loss of Share Certificates,,,Loss of Share Certificates,00:00:05,02042024202606,02-Apr-2024 20:26:11,-,False,,,105803954,Finance,INE918I01018,Bajaj Finserv Limited,2024-04-02 20:26:06,BAJAJFINSV
29-Mar-2024 18:51:22,,https://nsearchives.nseindia.com/corporate/BAJAJFINSV_29032024185122_IntimationLetterSigned.pdf,"Bajaj Finserv Limited has informed the Exchange about update on Acquisition by Bajaj Finserv Health Limited, Wholly owned subsidiary of the Company.",,,Acquisition,00:00:09,29032024185122,29-Mar-2024 18:51:31,-,False,,,105799964,Finance,INE918I01018,Bajaj Finserv Limited,2024-03-29 18:51:22,BAJAJFINSV
27-Mar-2024 17:47:42,,https://nsearchives.nseindia.com/corporate/BAJAJFINSV_27032024174742_BFSPOSTALBALLOTRESULTSTXINTIMATIONSIGNED.pdf,"Bajaj Finserv Limited has submitted the Exchange a copy Srutinizers report of  Postal Ballot. Further, the company has informed the Exchange regarding voting results.",,,Shareholders meeting,00:00:08,27032024174742,27-Mar-2024 17:47:50,-,False,,,105795871,Finance,INE918I01018,Bajaj Finserv Limited,2024-03-27 17:47:42,BAJAJFINSV
21-Mar-2024 17:21:29,,https://nsearchives.nseindia.com/corporate/BAJAJFINSV_21032024172129_BFSUKRoadshowinvestorspresentation25March2024.pdf,Bajaj Finserv Limited has informed the Exchange about Investor Presentation,,,Investor Presentation,00:00:12,21032024172129,21-Mar-2024 17:21:41,-,False,,,105790223,Finance,INE918I01018,Bajaj Finserv Limited,2024-03-21 17:21:29,BAJAJFINSV
21-Mar-2024 13:58:08,,https://nsearchives.nseindia.com/corporate/BAJAJFINSV_21032024135808_BFSSEIntimationFreeda21March2024.pdf,Bajaj Finserv Limited has informed the Exchange about change in Management,,,Change in Management,00:00:05,21032024135808,21-Mar-2024 13:58:13,-,False,,,105789834,Finance,INE918I01018,Bajaj Finserv Limited,2024-03-21 13:58:08,BAJAJFINSV
20-Mar-2024 18:09:42,,https://nsearchives.nseindia.com/corporate/BAJAJFINSV_20032024180942_BFSSEIntimationUKRoadshow25Mar24.pdf,Bajaj Finserv Limited has informed the Exchange about the Schedule of analyst/investors meetings to be held from 25 March 2024 to 27 March 2024,,,Analysts/Institutional Investor Meet/Con. Call Updates,00:00:05,20032024180942,20-Mar-2024 18:09:47,-,False,,,105789118,Finance,INE918I01018,Bajaj Finserv Limited,2024-03-20 18:09:42,BAJAJFINSV
06-Mar-2024 18:47:20,,https://nsearchives.nseindia.com/corporate/BAJAJFINSV_06032024184720_BALICBAGICSEintimationFebruary2024sd.pdf,Bajaj Finserv Limited has informed the Exchange regarding 'Information pertaining to unlisted insurance subsidiaries'.,,,Updates,00:00:06,06032024184720,06-Mar-2024 18:47:26,-,False,,,105777748,Finance,INE918I01018,Bajaj Finserv Limited,2024-03-06 18:47:20,BAJAJFINSV
23-Feb-2024 12:39:42,,https://nsearchives.nseindia.com/corporate/BAJAJFINSV_23022024123942_BFSAdvtIntimation23022024SIGNED.pdf,Bajaj Finserv Limited has informed the Exchange about Copy of Newspaper Publication,,,Copy of Newspaper Publication,00:00:07,23022024123942,23-Feb-2024 12:39:49,-,False,,,105767949,Finance,INE918I01018,Bajaj Finserv Limited,2024-02-23 12:39:42,BAJAJFINSV
22-Feb-2024 19:16:56,,https://nsearchives.nseindia.com/corporate/BAJAJFINSV_22022024191656_BFSpostalballotintimationsigned.pdf,Bajaj Finserv Limited has informed the Exchange regarding Notice of Postal Ballot,,,Shareholders meeting,00:00:05,22022024191656,22-Feb-2024 19:17:01,-,False,,,105767327,Finance,INE918I01018,Bajaj Finserv Limited,2024-02-22 19:16:56,BAJAJFINSV
16-Feb-2024 16:15:44,,https://nsearchives.nseindia.com/corporate/BAJAJFINSV_16022024161544_BFSINVESTORMEET21FEB2024SIGNED.pdf,Bajaj Finserv Limited has informed the Exchange about Schedule of meet,,,Analysts/Institutional Investor Meet/Con. Call Updates,00:00:07,16022024161544,16-Feb-2024 16:15:51,-,False,,,105762425,Finance,INE918I01018,Bajaj Finserv Limited,2024-02-16 16:15:44,BAJAJFINSV
07-Feb-2024 19:44:59,,https://nsearchives.nseindia.com/corporate/BAJAJFINSV_07022024194459_SEIntimationBAGICBALICUPSIFeb24Signed.pdf,Bajaj Finserv Limited has informed the Exchange regarding 'Information pertaining to unlisted insurance subsidiaries'.,,,Updates,00:00:06,07022024194459,07-Feb-2024 19:45:05,-,False,,,105750998,Finance,INE918I01018,Bajaj Finserv Limited,2024-02-07 19:44:59,BAJAJFINSV
07-Feb-2024 10:25:14,,https://nsearchives.nseindia.com/corporate/BAJAJFINSV_07022024102514_BFSINVESTORCALLQ3FY24TRANSCRIPTSIGNED.pdf,Bajaj Finserv Limited has informed the Exchange about Transcript,,,Analysts/Institutional Investor Meet/Con. Call Updates,00:00:06,07022024102514,07-Feb-2024 10:25:20,-,False,,,105749713,Finance,INE918I01018,Bajaj Finserv Limited,2024-02-07 10:25:14,BAJAJFINSV
31-Jan-2024 19:23:34,,https://nsearchives.nseindia.com/corporate/BAJAJFINSV_31012024192334_BFSConferencecallrecordingletter31012024SIGNED.pdf,Bajaj Finserv Limited has informed the Exchange about Link of Recording,,,Analysts/Institutional Investor Meet/Con. Call Updates,00:00:07,31012024192334,31-Jan-2024 19:23:41,-,False,,,105741476,Finance,INE918I01018,Bajaj Finserv Limited,2024-01-31 19:23:34,BAJAJFINSV
30-Jan-2024 18:00:26,,https://nsearchives.nseindia.com/corporate/BAJAJFINSV_30012024180026_BFSInvestorsPresentation30Jan2024signed.pdf,Bajaj Finserv Limited has informed the Exchange about Investor Presentation,,,Investor Presentation,00:00:07,30012024180026,30-Jan-2024 18:00:33,-,False,,,105739610,Finance,INE918I01018,Bajaj Finserv Limited,2024-01-30 18:00:26,BAJAJFINSV
30-Jan-2024 14:37:51,,https://nsearchives.nseindia.com/corporate/BAJAJFINSV_30012024143751_BFSProjectCatapultFinal.pdf,"Bajaj Finserv Limited has informed the Exchange regarding a press release dated January 30, 2024, titled ""Bajaj Finserv strengthens healthcare portfolio; Subsidiary Bajaj Finserv Health acquires Vidal Health Care"".",,,Press Release,00:00:05,30012024143751,30-Jan-2024 14:37:56,-,False,,,105739149,Finance,INE918I01018,Bajaj Finserv Limited,2024-01-30 14:37:51,BAJAJFINSV
30-Jan-2024 14:26:03,,https://nsearchives.nseindia.com/corporate/BAJAJFINSV_30012024142603_BFSProjectCatapultFinal.pdf,"Bajaj Finserv Limited has informed the Exchange about Acquisition by Bajaj Finserv Health Limited, Wholly Owned Subsidiary.",,,Acquisition,00:00:06,30012024142603,30-Jan-2024 14:26:09,-,False,,,105739132,Finance,INE918I01018,Bajaj Finserv Limited,2024-01-30 14:26:03,BAJAJFINSV
30-Jan-2024 12:57:53,,https://nsearchives.nseindia.com/corporate/BFSSELetteroutcomeofBM30January2024_30012024125753.pdf,"Bajaj Finserv Limited has submitted to the Exchange, the financial results for the period ended December 31, 2023.",,,Financial Result Updates,00:00:05,30012024125753,30-Jan-2024 12:57:58,-,False,,,159357,Finance,INE918I01018,Bajaj Finserv Limited,2024-01-30 12:57:53,BAJAJFINSV
30-Jan-2024 12:55:11,,https://nsearchives.nseindia.com/corporate/BAJAJFINSV_30012024125511_BFSSELetteroutcomeofBM30January2024.pdf,"Bajaj Finserv Limited has informed the Exchange regarding  Board meeting held on January 30, 2024.",,,Outcome of Board Meeting,00:00:06,30012024125511,30-Jan-2024 12:55:17,-,False,,,105738986,Finance,INE918I01018,Bajaj Finserv Limited,2024-01-30 12:55:11,BAJAJFINSV
23-Jan-2024 20:25:21,,https://nsearchives.nseindia.com/corporate/BAJAJFINSV_23012024202521_BFSQ3INVESTORCALL.pdf,Bajaj Finserv Limited has informed the Exchange about Schedule of meet,,,Analysts/Institutional Investor Meet/Con. Call Updates,00:00:04,23012024202521,23-Jan-2024 20:25:25,-,False,,,105733345,Finance,INE918I01018,Bajaj Finserv Limited,2024-01-23 20:25:21,BAJAJFINSV
09-Jan-2024 19:25:20,,https://nsearchives.nseindia.com/corporate/BAJAJFINSV_09012024192520_BFSlatestFinal745.pdf,"Bajaj Finserv Limited has informed the Exchange about Certificate under SEBI (Depositories and Participants) Regulations, 2018",,,"Certificate under SEBI (Depositories and Participants) Regulations, 2018",00:00:06,09012024192520,09-Jan-2024 19:25:26,-,False,,,105720547,Finance,INE918I01018,Bajaj Finserv Limited,2024-01-09 19:25:20,BAJAJFINSV
08-Jan-2024 16:40:18,,https://nsearchives.nseindia.com/corporate/BAJAJFINSV_08012024164018_SEIntimationBAGICBALICUPSIJan2024signed.pdf,Bajaj Finserv Limited has informed the Exchange regarding 'information pertaining to the unlisted insurance subsidiaries'.,,,Updates,00:00:04,08012024164018,08-Jan-2024 16:40:22,-,False,,,105718919,Finance,INE918I01018,Bajaj Finserv Limited,2024-01-08 16:40:18,BAJAJFINSV
09-Dec-2023 16:03:26,,https://nsearchives.nseindia.com/corporate/BAJAJFINSV_09122023160326_BFSVotingResultsPB7DEC2023SIGNED.pdf,"Bajaj Finserv Limited has submitted the Exchange a copy Srutinizers report of  Postal Ballot. Further, the company has informed the Exchange regarding voting results.",,,Shareholders meeting,00:00:06,09122023160326,09-Dec-2023 16:03:32,-,False,,,105693146,Finance,INE918I01018,Bajaj Finserv Limited,2023-12-09 16:03:26,BAJAJFINSV
07-Dec-2023 12:11:51,,https://nsearchives.nseindia.com/corporate/BAJAJFINSV_07122023121151_BALICBAGICSEintimationDecember2023vsigned.pdf,Bajaj Finserv Limited has informed the Exchange regarding 'information pertaining to the unlisted insurance subsidiaries'.,,,Updates,00:00:06,07122023121151,07-Dec-2023 12:11:57,-,False,,,105691480,Finance,INE918I01018,Bajaj Finserv Limited,2023-12-07 12:11:51,BAJAJFINSV
28-Nov-2023 20:22:18,,https://nsearchives.nseindia.com/corporate/BAJAJFINSV_28112023202218_BFSSEintimationforDJBRFinalv1.pdf,"Bajaj Finserv Limited has informed the Exchange regarding Demise of Mr D J Balaji Rao, Non- Executive Independent Director of the company on November 28, 2023.",,,Demise,00:00:05,28112023202218,28-Nov-2023 20:22:23,-,False,,,105684976,Finance,INE918I01018,Bajaj Finserv Limited,2023-11-28 20:22:18,BAJAJFINSV
23-Nov-2023 18:46:31,,https://nsearchives.nseindia.com/corporate/BAJAJFINSV_23112023184631_BFSinstitutionalinvestormeettokyo.pdf,Bajaj Finserv Limited has informed the Exchange about Schedule of Investor/Analyst meetings to be held on 29 November 2023 and 30 November 2023.,,,Analysts/Institutional Investor Meet/Con. Call Updates,00:00:08,23112023184631,23-Nov-2023 18:46:39,-,False,,,105682500,Finance,INE918I01018,Bajaj Finserv Limited,2023-11-23 18:46:31,BAJAJFINSV
20-Nov-2023 19:33:24,,https://nsearchives.nseindia.com/corporate/BAJAJFINSV_20112023193324_BFSSEINTIMATIONREG39PRADIPJHAVERISIGNED.pdf,Bajaj Finserv Limited has informed the Exchange about Loss of Share Certificates,,,Loss of Share Certificates,00:00:07,20112023193324,20-Nov-2023 19:33:31,-,False,,,105679726,Finance,INE918I01018,Bajaj Finserv Limited,2023-11-20 19:33:24,BAJAJFINSV
20-Nov-2023 18:45:31,,https://nsearchives.nseindia.com/corporate/BAJAJFINSV_20112023184531_BFSinstitutionalinvestormeetintimationfinalSD.pdf,Bajaj Finserv Limited has informed the Exchange about Schedule of Investor/Analyst meetings between 23 November 2023 t0 28 November 2023.,,,Analysts/Institutional Investor Meet/Con. Call Updates,00:00:08,20112023184531,20-Nov-2023 18:45:39,-,False,,,105679681,Finance,INE918I01018,Bajaj Finserv Limited,2023-11-20 18:45:31,BAJAJFINSV
09-Nov-2023 20:27:30,,https://nsearchives.nseindia.com/corporate/BAJAJFINSV_09112023202730_BFSHALFYEARLYH1FY24SIGNED.pdf,Bajaj Finserv Limited has informed the Exchange regarding 'Submission of Half Yearly Report for FY2023-24'.,,,Updates,00:00:11,09112023202730,09-Nov-2023 20:27:41,-,False,,,105671991,Finance,INE918I01018,Bajaj Finserv Limited,2023-11-09 20:27:30,BAJAJFINSV
08-Nov-2023 16:56:34,,https://nsearchives.nseindia.com/corporate/BAJAJFINSV_08112023165634_BFSNEWSPAPERADVT8112023SIGNED.pdf,Bajaj Finserv Limited has informed the Exchange about Copy of Newspaper Publication,,,Copy of Newspaper Publication,00:00:06,08112023165634,08-Nov-2023 16:56:40,-,False,,,105669636,Finance,INE918I01018,Bajaj Finserv Limited,2023-11-08 16:56:34,BAJAJFINSV
08-Nov-2023 16:13:09,,https://nsearchives.nseindia.com/corporate/BAJAJFINSV_08112023161309_BALICBAGICSEintimationNovember2023.pdf,Bajaj Finserv Limited has informed the Exchange regarding 'information pertaining to the unlisted insurance subsidiaries'.,,,Updates,00:00:20,08112023161309,08-Nov-2023 16:13:29,-,False,,,105669521,Finance,INE918I01018,Bajaj Finserv Limited,2023-11-08 16:13:09,BAJAJFINSV
07-Nov-2023 20:24:25,,https://nsearchives.nseindia.com/corporate/BAJAJFINSV_07112023202425_BFSPOSTALBALLOT27october2023SIGNED.pdf,Bajaj Finserv Limited has informed the Exchange regarding Notice of Postal Ballot,,,Shareholders meeting,00:00:07,07112023202425,07-Nov-2023 20:24:32,-,False,,,105668279,Finance,INE918I01018,Bajaj Finserv Limited,2023-11-07 20:24:25,BAJAJFINSV
06-Nov-2023 17:34:14,,https://nsearchives.nseindia.com/corporate/BAJAJFINSV_06112023173414_BFSINVESTORCALLTRANSCRIPTQ2FY24SIGNED.pdf,Bajaj Finserv Limited has informed the Exchange about Transcript,,,Analysts/Institutional Investor Meet/Con. Call Updates,00:00:07,06112023173414,06-Nov-2023 17:34:21,-,False,,,105666257,Finance,INE918I01018,Bajaj Finserv Limited,2023-11-06 17:34:14,BAJAJFINSV
30-Oct-2023 19:05:24,,https://nsearchives.nseindia.com/corporate/BAJAJFINSV_30102023190524_BFSINVESTORSCALLRECORDINGQ2FY24.pdf,Bajaj Finserv Limited has informed the Exchange about Link of Recording,,,Analysts/Institutional Investor Meet/Con. Call Updates,00:00:07,30102023190524,30-Oct-2023 19:05:31,-,False,,,105657791,Finance,INE918I01018,Bajaj Finserv Limited,2023-10-30 19:05:24,BAJAJFINSV
27-Oct-2023 19:12:56,,https://nsearchives.nseindia.com/corporate/BAJAJFINSV_27102023191256_BFSInvestorpresentaion27Oct23SIGNED.pdf,Bajaj Finserv Limited has informed the Exchange about Investor Presentation,,,Investor Presentation,00:00:07,27102023191256,27-Oct-2023 19:13:03,-,False,,,105655786,Finance,INE918I01018,Bajaj Finserv Limited,2023-10-27 19:12:56,BAJAJFINSV
27-Oct-2023 13:24:13,,https://nsearchives.nseindia.com/corporate/BAJAJFINSV_27102023132413_BFSSEIntimationReappointmentofARFinal.pdf,"Bajaj Finserv Limited has informed the Exchange regarding Appointment of Mr Anami N Roy as Non- Executive Independent Director of the company w.e.f. January 01, 2024.",,,Appointment,00:00:12,27102023132413,27-Oct-2023 13:24:25,-,False,,,105655120,Finance,INE918I01018,Bajaj Finserv Limited,2023-10-27 13:24:13,BAJAJFINSV
27-Oct-2023 13:18:42,,https://nsearchives.nseindia.com/corporate/BAJAJFINSV_27102023131842_BFSSEIntimationReappointmentofARFinal.pdf,Bajaj Finserv Limited has informed the Exchange regarding Change in Director(s) of the company.,,,Change in Director(s),00:00:11,27102023131842,27-Oct-2023 13:18:53,-,False,,,105655109,Finance,INE918I01018,Bajaj Finserv Limited,2023-10-27 13:18:42,BAJAJFINSV
27-Oct-2023 13:11:28,,https://nsearchives.nseindia.com/corporate/BFSSEletterOutcomeofBM271023Signed_27102023131128.pdf,"Bajaj Finserv Limited has submitted to the Exchange, the financial results for the period ended September 30, 2023.",,,Financial Result Updates,00:00:05,27102023131128,27-Oct-2023 13:11:33,-,False,,,156926,Finance,INE918I01018,Bajaj Finserv Limited,2023-10-27 13:11:28,BAJAJFINSV
27-Oct-2023 13:09:32,,https://nsearchives.nseindia.com/corporate/BAJAJFINSV_27102023130932_BFSSEletterOutcomeofBM271023Signed.pdf,"Bajaj Finserv Limited has informed the Exchange regarding  Board meeting held on October 27, 2023.",,,Outcome of Board Meeting,00:00:14,27102023130932,27-Oct-2023 13:09:46,-,False,,,105655094,Finance,INE918I01018,Bajaj Finserv Limited,2023-10-27 13:09:32,BAJAJFINSV
23-Oct-2023 16:27:16,,https://nsearchives.nseindia.com/corporate/BAJAJFINSV_23102023162716_BFSINVESTORCALLQ2FY24SIGNED.pdf,Bajaj Finserv Limited has informed the Exchange about Schedule of meet,,,Analysts/Institutional Investor Meet/Con. Call Updates,00:00:05,23102023162716,23-Oct-2023 16:27:21,-,False,,,105651585,Finance,INE918I01018,Bajaj Finserv Limited,2023-10-23 16:27:16,BAJAJFINSV
07-Oct-2023 16:46:34,,https://nsearchives.nseindia.com/corporate/BAJAJFINSV_07102023164634_BALICBAGICSEintimationOctober2023.pdf,Bajaj Finserv Limited has informed the Exchange regarding 'information pertaining to the unlisted insurance subsidiaries of the Company'.,,,Updates,00:00:06,07102023164634,07-Oct-2023 16:46:40,-,False,,,105638560,Finance,INE918I01018,Bajaj Finserv Limited,2023-10-07 16:46:34,BAJAJFINSV
07-Oct-2023 11:54:02,,https://nsearchives.nseindia.com/corporate/BAJAJFINSV_07102023115402_BFS74_5_v130092023.pdf,"Bajaj Finserv Limited has informed the Exchange about Certificate under SEBI (Depositories and Participants) Regulations, 2018",,,"Certificate under SEBI (Depositories and Participants) Regulations, 2018",00:00:05,07102023115402,07-Oct-2023 11:54:07,-,False,,,105638374,Finance,INE918I01018,Bajaj Finserv Limited,2023-10-07 11:54:02,BAJAJFINSV
03-Oct-2023 18:11:07,,https://nsearchives.nseindia.com/corporate/BAJAJFINSV_03102023181107_SEintimationBAGICShowCauseNotice.pdf,"Bajaj Finserv Limited has informed the Exchange regarding 'Intimation under regulation 30 of the SEBI (Listing Obligations and Disclosure Requirements) Regulations, 2015'.",,,Updates,00:00:05,03102023181107,03-Oct-2023 18:11:12,-,False,,,105634775,Finance,INE918I01018,Bajaj Finserv Limited,2023-10-03 18:11:07,BAJAJFINSV
28-Sep-2023 19:18:39,,https://nsearchives.nseindia.com/corporate/BAJAJFINSV_28092023191839_SEintimationAppointmentofSMTSept2023.pdf,Bajaj Finserv Limited has informed the Exchange about change in Management,,,Change in Management,00:00:04,28092023191839,28-Sep-2023 19:18:43,-,False,,,105630017,Finance,INE918I01018,Bajaj Finserv Limited,2023-09-28 19:18:39,BAJAJFINSV
12-Sep-2023 16:29:49,,https://nsearchives.nseindia.com/corporate/BAJAJFINSV_12092023162949_BFSUSRoadshowSEintimationsept2023.pdf,Bajaj Finserv Limited has informed the Exchange about Schedule of meet and Presentation,,,Analysts/Institutional Investor Meet/Con. Call Updates,00:00:06,12092023162949,12-Sep-2023 16:29:55,-,False,,,105616816,Finance,INE918I01018,Bajaj Finserv Limited,2023-09-12 16:29:49,BAJAJFINSV
12-Sep-2023 16:28:28,,https://nsearchives.nseindia.com/corporate/BAJAJFINSV_12092023162829_BFSUSRoadshowSEintimationsept2023.pdf,Bajaj Finserv Limited has informed the Exchange about Schedule of meet and Presentation,,,Analysts/Institutional Investor Meet/Con. Call Updates,00:00:17,12092023162828,12-Sep-2023 16:28:45,-,False,,,105616815,Finance,INE918I01018,Bajaj Finserv Limited,2023-09-12 16:28:28,BAJAJFINSV
12-Sep-2023 16:27:00,,https://nsearchives.nseindia.com/corporate/BAJAJFINSV_12092023162700_BFSUSRoadshowSEintimationsept2023.pdf,Bajaj Finserv Limited has informed the Exchange about Schedule of meet and Presentation,,,Analysts/Institutional Investor Meet/Con. Call Updates,00:00:14,12092023162700,12-Sep-2023 16:27:14,-,False,,,105616814,Finance,INE918I01018,Bajaj Finserv Limited,2023-09-12 16:27:00,BAJAJFINSV
12-Sep-2023 16:25:27,,https://nsearchives.nseindia.com/corporate/BAJAJFINSV_12092023162527_BFSUSRoadshowSEintimationsept2023.pdf,Bajaj Finserv Limited has informed the Exchange about Schedule of meet and Presentation,,,Analysts/Institutional Investor Meet/Con. Call Updates,00:00:09,12092023162527,12-Sep-2023 16:25:36,-,False,,,105616811,Finance,INE918I01018,Bajaj Finserv Limited,2023-09-12 16:25:27,BAJAJFINSV
12-Sep-2023 16:23:25,,https://nsearchives.nseindia.com/corporate/BAJAJFINSV_12092023162325_BFSUSRoadshowSEintimationsept2023.pdf,Bajaj Finserv Limited has informed the Exchange about Schedule of meet and Presentation,,,Analysts/Institutional Investor Meet/Con. Call Updates,00:00:08,12092023162325,12-Sep-2023 16:23:33,-,False,,,105616806,Finance,INE918I01018,Bajaj Finserv Limited,2023-09-12 16:23:25,BAJAJFINSV
07-Sep-2023 16:35:10,,https://nsearchives.nseindia.com/corporate/BAJAJFINSV_07092023163510_BALICBAGICSEintimationDraftSept2023.pdf,Bajaj Finserv Limited has informed the Exchange regarding 'information pertaining to the unlisted insurance subsidiaries'.,,,Updates,00:00:04,07092023163510,07-Sep-2023 16:35:14,-,False,,,105613311,Finance,INE918I01018,Bajaj Finserv Limited,2023-09-07 16:35:10,BAJAJFINSV
14-Aug-2023 17:00:10,,https://nsearchives.nseindia.com/corporate/BAJAJFINSV_14082023170010_BFSConferencecall180823Signed.pdf,Bajaj Finserv Limited has informed the Exchange about Schedule of meet,,,Analysts/Institutional Investor Meet/Con. Call Updates,00:00:54,14082023170010,14-Aug-2023 17:01:04,-,False,,,105589506,Finance,INE918I01018,Bajaj Finserv Limited,2023-08-14 17:00:10,BAJAJFINSV
07-Aug-2023 17:00:14,,https://nsearchives.nseindia.com/corporate/BAJAJFINSV_07082023170014_BALICSEintimationAugust2023.pdf,Bajaj Finserv Limited has informed the Exchange regarding 'information pertaining to the unlisted insurance subsidiary of the Company'.,,,Updates,00:00:19,07082023170014,07-Aug-2023 17:00:33,-,False,,,105579948,Finance,INE918I01018,Bajaj Finserv Limited,2023-08-07 17:00:14,BAJAJFINSV
05-Aug-2023 10:44:02,,https://nsearchives.nseindia.com/corporate/BAJAJFINSV_05082023104402_BAGICSEintimationDraftAugust2023.pdf,Bajaj Finserv Limited has informed the Exchange regarding ''information pertaining to the unlisted insurance subsidiary of the Company'.,,,Updates,36:27:53,05082023104402,06-Aug-2023 23:11:55,-,False,,,105578358,Finance,INE918I01018,Bajaj Finserv Limited,2023-08-05 10:44:02,BAJAJFINSV
03-Aug-2023 20:19:03,,https://nsearchives.nseindia.com/corporate/BAJAJFINSV_03082023201903_BFSINVESTORSCALLTRANSCRIPTQ1FY24.pdf,Bajaj Finserv Limited has informed the Exchange about Transcript,,,Analysts/Institutional Investor Meet/Con. Call Updates,00:00:14,03082023201903,03-Aug-2023 20:19:17,-,False,,,105576333,Finance,INE918I01018,Bajaj Finserv Limited,2023-08-03 20:19:03,BAJAJFINSV
31-Jul-2023 19:32:12,,https://nsearchives.nseindia.com/corporate/BAJAJFINSV_31072023193212_BFSScrutinizersReportAGM2023.pdf,"Bajaj Finserv Limited has submitted the Exchange a copy Srutinizers report of  Annual General Meeting held on July 27, 2023. Further, the company has informed the Exchange regarding voting results.",,,Shareholders meeting,00:00:24,31072023193212,31-Jul-2023 19:32:36,-,False,,,105571647,Finance,INE918I01018,Bajaj Finserv Limited,2023-07-31 19:32:12,BAJAJFINSV
31-Jul-2023 17:34:55,,https://nsearchives.nseindia.com/corporate/BAJAJFINSV_31072023173455_BFSSEAllotmentESOP310723.pdf,"Bajaj Finserv Limited has informed the Exchange regarding allotment of 2673353 securities pursuant to ESOP/ESPS at its meeting held on July 31, 2023",,,Allotment of Securities,00:00:13,31072023173455,31-Jul-2023 17:35:08,-,False,,,105571302,Finance,INE918I01018,Bajaj Finserv Limited,2023-07-31 17:34:55,BAJAJFINSV
28-Jul-2023 15:46:50,,https://nsearchives.nseindia.com/corporate/BAJAJFINSV_28072023154650_BFSINVESTORSCALLRECORDINGQ1FY24.pdf,Bajaj Finserv Limited has informed the Exchange about Link of Recording,,,Analysts/Institutional Investor Meet/Con. Call Updates,00:00:37,28072023154650,28-Jul-2023 15:47:27,-,False,,,105569030,Finance,INE918I01018,Bajaj Finserv Limited,2023-07-28 15:46:50,BAJAJFINSV
27-Jul-2023 18:35:48,,https://nsearchives.nseindia.com/corporate/BAJAJFINSV_27072023183548_BFSSEProceedingsofAGM27JULY2023.pdf,"Bajaj Finserv Limited has informed the Exchange regarding Proceedings of Annual General Meeting held on July 27, 2023",,,Shareholders meeting,00:00:07,27072023183548,27-Jul-2023 18:35:55,-,False,,,105568044,Finance,INE918I01018,Bajaj Finserv Limited,2023-07-27 18:35:48,BAJAJFINSV
27-Jul-2023 13:59:50,,https://nsearchives.nseindia.com/corporate/BAJAJFINSV_27072023135950_BFSInvestorPresentaion27july23signed.pdf,Bajaj Finserv Limited has informed the Exchange about Investor Presentation,,,Investor Presentation,00:00:12,27072023135950,27-Jul-2023 14:00:02,-,False,,,105567531,Finance,INE918I01018,Bajaj Finserv Limited,2023-07-27 13:59:50,BAJAJFINSV
27-Jul-2023 11:47:17,,https://nsearchives.nseindia.com/corporate/BAJAJFINSV_27072023114717_BFSIssueofsecuritiessigned270723.pdf,Bajaj Finserv Limited has informed the Exchange about issue of Securities,,,Issue of Securities,00:00:20,27072023114717,27-Jul-2023 11:47:37,-,False,,,105567340,Finance,INE918I01018,Bajaj Finserv Limited,2023-07-27 11:47:17,BAJAJFINSV
27-Jul-2023 11:42:38,,https://nsearchives.nseindia.com/corporate/BFSSELETTEROUTCOME270723SIGNED_27072023114238.pdf,"Bajaj Finserv Limited has submitted to the Exchange, the financial results for the period ended June 30, 2023.",,,Financial Result Updates,00:00:05,27072023114238,27-Jul-2023 11:42:43,-,False,,,154907,Finance,INE918I01018,Bajaj Finserv Limited,2023-07-27 11:42:38,BAJAJFINSV
27-Jul-2023 11:40:33,,https://nsearchives.nseindia.com/corporate/BAJAJFINSV_27072023114033_BFSSELETTEROUTCOME270723SIGNED.pdf,"Bajaj Finserv Limited has informed the Exchange regarding  Board meeting held on July 27, 2023.",,,Outcome of Board Meeting,00:00:08,27072023114033,27-Jul-2023 11:40:41,-,False,,,105567330,Finance,INE918I01018,Bajaj Finserv Limited,2023-07-27 11:40:33,BAJAJFINSV
21-Jul-2023 16:36:52,,https://nsearchives.nseindia.com/corporate/BAJAJFINSV_21072023163652_BFSSEINVESTORSCALLQ1FY24.pdf,Bajaj Finserv Limited has informed the Exchange about Schedule of meet,,,Analysts/Institutional Investor Meet/Con. Call Updates,00:00:07,21072023163652,21-Jul-2023 16:36:59,-,False,,,105562254,Finance,INE918I01018,Bajaj Finserv Limited,2023-07-21 16:36:52,BAJAJFINSV
08-Jul-2023 15:31:44,,https://nsearchives.nseindia.com/corporate/BAJAJFINSV_08072023153144_BAGICSEintimationDraftjuly2023.pdf,Bajaj Finserv Limited has informed the Exchange regarding ''information pertaining to the unlisted insurance subsidiary of the Company'.,,,Updates,00:00:07,08072023153144,08-Jul-2023 15:31:51,-,False,,,105550319,Finance,INE918I01018,Bajaj Finserv Limited,2023-07-08 15:31:44,BAJAJFINSV
07-Jul-2023 19:45:43,,https://nsearchives.nseindia.com/corporate/BAJAJFINSV_07072023194543_BFS74coverletter_30June2023.pdf,"Bajaj Finserv Limited has informed the Exchange about Certificate under SEBI (Depositories and Participants) Regulations, 2018",,,"Certificate under SEBI (Depositories and Participants) Regulations, 2018",00:00:08,07072023194543,07-Jul-2023 19:45:51,-,False,,,105549828,Finance,INE918I01018,Bajaj Finserv Limited,2023-07-07 19:45:43,BAJAJFINSV
06-Jul-2023 18:54:27,,https://nsearchives.nseindia.com/corporate/BAJAJFINSV_06072023185427_BALICSEintimationDraftjuly2023.pdf,Bajaj Finserv Limited has informed the Exchange regarding 'information pertaining to the unlisted insurance subsidiary of the Company'.,,,Updates,00:00:07,06072023185427,06-Jul-2023 18:54:34,-,False,,,105548589,Finance,INE918I01018,Bajaj Finserv Limited,2023-07-06 18:54:27,BAJAJFINSV
04-Jul-2023 17:10:21,,https://nsearchives.nseindia.com/corporate/BAJAJFINSV_04072023171021_BFSSEletterAGMNotice.pdf,"Bajaj Finserv Limited has informed the Exchange regarding Notice of Annual General Meeting to be held on July 27, 2023",,,Shareholders meeting,00:00:22,04072023171021,04-Jul-2023 17:10:43,-,False,,,105546260,Finance,INE918I01018,Bajaj Finserv Limited,2023-07-04 17:10:21,BAJAJFINSV
04-Jul-2023 16:52:53,,https://nsearchives.nseindia.com/corporate/BAJAJFINSV_04072023165253_BFSSEletterBRSRFinal.pdf,Bajaj Finserv Limited has informed the Exchange regarding 'Business Responsibility and Sustainability Report for FY2023'.,,,Updates,00:00:27,04072023165253,04-Jul-2023 16:53:20,-,False,,,105546238,Finance,INE918I01018,Bajaj Finserv Limited,2023-07-04 16:52:53,BAJAJFINSV
27-Jun-2023 14:58:45,,https://nsearchives.nseindia.com/corporate/BAJAJFINSV_27062023145845_BFSSEletterInvestorscall27June2023.pdf,Bajaj Finserv Limited has informed the Exchange about Schedule of meet,,,Analysts/Institutional Investor Meet/Con. Call Updates,00:00:09,27062023145845,27-Jun-2023 14:58:54,-,False,,,105539731,Finance,INE918I01018,Bajaj Finserv Limited,2023-06-27 14:58:45,BAJAJFINSV
14-Jun-2023 17:53:59,,https://nsearchives.nseindia.com/corporate/BAJAJFINSV_14062023175359_BFSTDSCOMMUNICATION14062023.pdf,Bajaj Finserv Limited has informed the Exchange regarding 'Communication sent to shareholders regarding Tax Deduction at Source( TDS ) on dividend income'.,,,Updates,00:00:06,14062023175359,14-Jun-2023 17:54:05,-,False,,,105530303,Finance,INE918I01018,Bajaj Finserv Limited,2023-06-14 17:53:59,BAJAJFINSV
09-Jun-2023 17:02:28,,https://nsearchives.nseindia.com/corporate/BAJAJFINSV_09062023170228_BFSNewspaperpublicationPreAGM09june2023.pdf,Bajaj Finserv Limited has informed the Exchange about Copy of Newspaper Publication,,,Copy of Newspaper Publication,00:00:02,09062023170228,09-Jun-2023 17:02:30,-,False,,,105527408,Finance,INE918I01018,Bajaj Finserv Limited,2023-06-09 17:02:28,BAJAJFINSV
06-Jun-2023 20:12:51,,https://nsearchives.nseindia.com/corporate/BAJAJFINSV_06062023201251_SEINTIMATIONBAGICandBALICJune2023.pdf,Bajaj Finserv Limited has informed the Exchange regarding 'information pertaining to the unlisted insurance subsidiaries of the Company'.,,,Updates,00:00:04,06062023201251,06-Jun-2023 20:12:55,-,False,,,105524814,Finance,INE918I01018,Bajaj Finserv Limited,2023-06-06 20:12:51,BAJAJFINSV
06-Jun-2023 11:30:54,,https://nsearchives.nseindia.com/corporate/BAJAJFINSV_06062023113055_BFSPRESSRELEASEAMCSIGNED.pdf,"Bajaj Finserv Limited has informed the Exchange regarding a press release dated Jun 06, 2023, titled ""Bajaj Finserv expandsretail capabilities with launch of Bajaj Finserv Mutual Fund"".",,,Press Release,00:00:04,06062023113054,06-Jun-2023 11:30:58,-,False,,,105524394,Finance,INE918I01018,Bajaj Finserv Limited,2023-06-06 11:30:54,BAJAJFINSV
16-May-2023 19:50:14,,https://nsearchives.nseindia.com/corporate/BAJAJFINSV_16052023195014_BFSACSRFY2316MAY2023.pdf,Bajaj Finserv Limited informed the exchange regarding Annual Secretarial Compliance Report for the financial year ended 31 March 2023,,,Annual Secretarial Compliance Report,00:00:02,16052023195014,16-May-2023 19:50:16,-,False,,,105498850,Finance,INE918I01018,Bajaj Finserv Limited,2023-05-16 19:50:14,BAJAJFINSV
06-May-2023 20:01:35,,https://nsearchives.nseindia.com/corporate/BAJAJFINSV_06052023200135_BFSINVESTORCALLTRANSCRIPT060523SIGNED.pdf,Bajaj Finserv Limited has informed the Exchange about Transcript,,,Analysts/Institutional Investor Meet/Con. Call Updates,00:00:02,06052023200135,06-May-2023 20:01:37,-,False,,,105488541,Finance,INE918I01018,Bajaj Finserv Limited,2023-05-06 20:01:35,BAJAJFINSV
06-May-2023 15:41:11,,https://nsearchives.nseindia.com/corporate/BAJAJFINSV_06052023154111_IntimationBALICApril23SIGNED.pdf,Bajaj Finserv Limited has informed the Exchange regarding ''Bajaj Finserv Limited has informed the Exchange regarding ' information pertaining to the unlisted insurance subsidiary of the Company''.'.,,,Updates,00:00:05,06052023154111,06-May-2023 15:41:16,-,False,,,105488308,Finance,INE918I01018,Bajaj Finserv Limited,2023-05-06 15:41:11,BAJAJFINSV
05-May-2023 16:10:31,,https://nsearchives.nseindia.com/corporate/BAJAJFINSV_05052023161031_IntimationBAGICApril23.pdf,Bajaj Finserv Limited has informed the Exchange regarding 'Bajaj Finserv Limited has informed the Exchange regarding ' information pertaining to the unlisted insurance subsidiary of the Company''.,,,Updates,00:00:09,05052023161031,05-May-2023 16:10:40,-,False,,,105487558,Finance,INE918I01018,Bajaj Finserv Limited,2023-05-05 16:10:31,BAJAJFINSV
28-Apr-2023 17:56:26,,https://nsearchives.nseindia.com/corporate/BAJAJFINSV_28042023175626_BFSINVESTORCALLRECODING28042023.pdf,Bajaj Finserv Limited has informed the Exchange about Link of Recording,,,Analysts/Institutional Investor Meet/Con. Call Updates,00:00:12,28042023175626,28-Apr-2023 17:56:38,-,False,,,105481790,Finance,INE918I01018,Bajaj Finserv Limited,2023-04-28 17:56:26,BAJAJFINSV
27-Apr-2023 20:14:37,,https://nsearchives.nseindia.com/corporate/BAJAJFINSV_27042023201437_BFSSELetterRPTH2FY23.pdf,Bajaj Finserv Limited has informed the Exchange about related Party Transactions,,,Related Party Transactions,00:00:06,27042023201437,27-Apr-2023 20:14:43,-,False,,,105480642,Finance,INE918I01018,Bajaj Finserv Limited,2023-04-27 20:14:37,BAJAJFINSV
27-Apr-2023 19:06:56,,https://nsearchives.nseindia.com/corporate/BAJAJFINSV_27042023190656_BFSSELetterESOPGrant27APRIL2023.pdf,Bajaj Finserv Limited has informed the Exchange regarding Grant of 3678150  Options.,,,ESOP/ESOS/ESPS,00:00:04,27042023190656,27-Apr-2023 19:07:00,-,False,,,105480575,Finance,INE918I01018,Bajaj Finserv Limited,2023-04-27 19:06:56,BAJAJFINSV
27-Apr-2023 15:23:04,,https://nsearchives.nseindia.com/corporate/BAJAJFINSV_27042023152304_BFSINVESTORSPRESENTATIONQ4FY23.pdf,Bajaj Finserv Limited has informed the Exchange about Investor Presentation,,,Investor Presentation,00:00:05,27042023152304,27-Apr-2023 15:23:09,-,False,,,105480202,Finance,INE918I01018,Bajaj Finserv Limited,2023-04-27 15:23:04,BAJAJFINSV
27-Apr-2023 13:44:50,,https://nsearchives.nseindia.com/corporate/BAJAJFINSV_27042023134450_BFSoutcomeofBMAGMRECORDDATE.pdf,"Bajaj Finserv Limited has informed the Exchange regarding Notice of Annual General Meeting to be held on July 27, 2023",,,Shareholders meeting,00:00:03,27042023134450,27-Apr-2023 13:44:53,-,False,,,105480065,Finance,INE918I01018,Bajaj Finserv Limited,2023-04-27 13:44:50,BAJAJFINSV
27-Apr-2023 13:42:49,,https://nsearchives.nseindia.com/corporate/BAJAJFINSV_27042023134249_BFSoutcomeofBMAGMRECORDDATE.pdf,Bajaj Finserv Limited has informed the Exchange that Record date for the purpose of Dividend  is 30-Jun-2023.,,,Record Date,00:00:02,27042023134249,27-Apr-2023 13:42:51,-,False,,,105480063,Finance,INE918I01018,Bajaj Finserv Limited,2023-04-27 13:42:49,BAJAJFINSV
27-Apr-2023 13:34:05,,https://nsearchives.nseindia.com/corporate/BAJAJFINSV_27042023133405_BFSoutcomeofBM27April2023.pdf,Bajaj Finserv Limited has informed the Exchange about Dividend Updates,,,Dividend Updates,00:00:07,27042023133405,27-Apr-2023 13:34:12,-,False,,,105480051,Finance,INE918I01018,Bajaj Finserv Limited,2023-04-27 13:34:05,BAJAJFINSV
27-Apr-2023 13:29:49,,https://nsearchives.nseindia.com/corporate/BAJAJFINSV_27042023132949_BFSoutcomeofBM27April2023.pdf,"Bajaj Finserv Limited has informed the Exchange regarding  Board meeting held on April 27, 2023 for approval of standalone and consolidated audited financial result as on quarter and year ended 31 march 2023",,,Outcome of Board Meeting,00:00:03,27042023132949,27-Apr-2023 13:29:52,-,False,,,105480044,Finance,INE918I01018,Bajaj Finserv Limited,2023-04-27 13:29:49,BAJAJFINSV
27-Apr-2023 13:27:46,,https://nsearchives.nseindia.com/corporate/BAJAJFINSV_27042023132746_BFSoutcomeofBM27April2023.pdf,"Bajaj Finserv Limited has informed the Exchange that Board of Directors at its meeting held on April 27, 2023, recommended Final Dividend of 0.80 per equity share.",,,Dividend,00:00:04,27042023132746,27-Apr-2023 13:27:50,-,False,,,105480041,Finance,INE918I01018,Bajaj Finserv Limited,2023-04-27 13:27:46,BAJAJFINSV
27-Apr-2023 13:26:15,,https://nsearchives.nseindia.com/corporate/BAJAJFINSV_27042023132616_BFSoutcomeofBM27April2023.pdf,"Bajaj Finserv Limited has informed the Exchange that Board of Directors at its meeting held on April 27, 2023, recommended Final Dividend of Rs. 0.80 per equity share.",,,Dividend,00:00:07,27042023132615,27-Apr-2023 13:26:22,-,False,,,105480038,Finance,INE918I01018,Bajaj Finserv Limited,2023-04-27 13:26:15,BAJAJFINSV
27-Apr-2023 13:24:01,,https://nsearchives.nseindia.com/corporate/BFSoutcomeofBM27April2023_27042023132401.pdf,"Bajaj Finserv Limited has submitted to the Exchange, the financial results for the period ended March 31, 2023.",,,Financial Result Updates,00:00:04,27042023132401,27-Apr-2023 13:24:05,-,False,,,152563,Finance,INE918I01018,Bajaj Finserv Limited,2023-04-27 13:24:01,BAJAJFINSV
24-Apr-2023 17:06:32,,https://nsearchives.nseindia.com/corporate/BAJAJFINSV_24042023170632_BFSINVESTORSCALLQ4FY23.pdf,Bajaj Finserv Limited has informed the Exchange about Schedule of meet,,,Analysts/Institutional Investor Meet/Con. Call Updates,00:00:03,24042023170632,24-Apr-2023 17:06:35,-,False,,,105476651,Finance,INE918I01018,Bajaj Finserv Limited,2023-04-24 17:06:32,BAJAJFINSV
11-Apr-2023 22:43:01,,https://nsearchives.nseindia.com/corporate/BAJAJFINSV_11042023224301_BAJAJFINSV.pdf,"Niraj Bajaj��has Submitted to the Exchange a copy of Disclosure under Regulation 31(4) of the Securities and Exchange Board of India��(Substantial Acquisition of Shares and Takeovers) Regulations, 2011.����",,,Disclosure under SEBI Takeover Regulations,00:00:52,11042023224301,11-Apr-2023 22:43:53,-,False,,,105465438,Finance,INE918I01018,Bajaj Finserv Limited,2023-04-11 22:43:01,BAJAJFINSV
10-Apr-2023 09:55:46,,https://nsearchives.nseindia.com/corporate/BAJAJFINSV_10042023095546_BFSBALICApr23.pdf,Bajaj Finserv Limited has informed the Exchange regarding 'information pertaining to the unlisted insurance subsidiary of the Company'.,,,Updates,00:00:04,10042023095546,10-Apr-2023 09:55:50,-,False,,,105464666,Finance,INE918I01018,Bajaj Finserv Limited,2023-04-10 09:55:46,BAJAJFINSV
07-Apr-2023 10:48:24,,https://nsearchives.nseindia.com/corporate/BAJAJFINSV_07042023104824_BFSRegulation74_5_March2023Signed.pdf,"Bajaj Finserv Limited has informed the Exchange about Certificate under SEBI (Depositories and Participants) Regulations, 2018",,,"Certificate under SEBI (Depositories and Participants) Regulations, 2018",00:00:05,07042023104824,07-Apr-2023 10:48:29,-,False,,,105463836,Finance,INE918I01018,Bajaj Finserv Limited,2023-04-07 10:48:24,BAJAJFINSV
05-Apr-2023 18:39:00,,https://nsearchives.nseindia.com/corporate/BAJAJFINSV_05042023183901_BFSBAGICApril23Signed.pdf,Bajaj Finserv Limited has informed the Exchange regarding ' information pertaining to the unlisted insurance subsidiary of the Company'.,,,Updates,00:00:06,05042023183900,05-Apr-2023 18:39:06,-,False,,,105462434,Finance,INE918I01018,Bajaj Finserv Limited,2023-04-05 18:39:00,BAJAJFINSV
06-Mar-2023 21:49:38,,https://nsearchives.nseindia.com/corporate/BAJAJFINSV_06032023214938_SEUPSIBALICMarch23.pdf,Bajaj Finserv Limited has informed the Exchange regarding ''Information submitted to IRDAI by the unlisted insurance subsidiary of the Company'.,,,Updates,00:00:03,06032023214938,06-Mar-2023 21:49:41,-,False,,,105441457,Finance,INE918I01018,Bajaj Finserv Limited,2023-03-06 21:49:38,BAJAJFINSV
04-Mar-2023 19:28:50,,https://nsearchives.nseindia.com/corporate/BAJAJFINSV_04032023192850_SEIntimationBAGICMarch23.pdf,Bajaj Finserv Limited has informed the Exchange regarding ''Information submitted to IRDAI by the unlisted insurance subsidiary of the Company'.,,,Updates,00:00:04,04032023192850,04-Mar-2023 19:28:54,-,False,,,105440793,Finance,INE918I01018,Bajaj Finserv Limited,2023-03-04 19:28:50,BAJAJFINSV
01-Mar-2023 18:24:04,,https://nsearchives.nseindia.com/corporate/BAJAJFINSV_01032023182404_BFSSEMFLICENCEUPDATEv1SIGNED.pdf,Bajaj Finserv Limited has informed the Exchange regarding 'Update - Intimation of receipt of Mutual fund licence from SEBI'.,,,Updates,00:00:05,01032023182404,01-Mar-2023 18:24:09,-,False,,,105438578,Finance,INE918I01018,Bajaj Finserv Limited,2023-03-01 18:24:04,BAJAJFINSV
17-Feb-2023 18:18:49,,https://nsearchives.nseindia.com/corporate/BAJAJFINSV_17022023181849_BFSINVESTORCALL20FEB2023.pdf,Bajaj Finserv Limited has informed the Exchange about Schedule of meet,,,Analysts/Institutional Investor Meet/Con. Call Updates,00:00:03,17022023181849,17-Feb-2023 18:18:52,-,False,,,105430932,Finance,INE918I01018,Bajaj Finserv Limited,2023-02-17 18:18:49,BAJAJFINSV
07-Feb-2023 20:04:38,,https://nsearchives.nseindia.com/corporate/BAJAJFINSV_07022023200438_BFSTRANSCRIPT070223.pdf,Bajaj Finserv Limited has informed the Exchange about Transcript,,,Analysts/Institutional Investor Meet/Con. Call Updates,00:00:02,07022023200438,07-Feb-2023 20:04:40,-,False,,,105420424,Finance,INE918I01018,Bajaj Finserv Limited,2023-02-07 20:04:38,BAJAJFINSV
06-Feb-2023 18:50:22,,https://nsearchives.nseindia.com/corporate/BAJAJFINSV_06022023185022_BAGICSEINTIMATIONFEB23.pdf,"Bajaj Finserv Limited has informed the Exchange regarding 'Information under Reg. 30 of SEBI (Listing Obligations and DisclosureRequirements) Regulation, 2015 read with Schedule A of Reg. 8 ofSEBI (Prohibition of Insider Trading) Regulations, 2015'.",,,Updates,00:00:08,06022023185022,06-Feb-2023 18:50:30,-,False,,,105419106,Finance,INE918I01018,Bajaj Finserv Limited,2023-02-06 18:50:22,BAJAJFINSV
06-Feb-2023 17:32:17,,https://nsearchives.nseindia.com/corporate/BAJAJFINSV_06022023173217_BALICSEINTIMATIONFEB23.pdf,Bajaj Finserv Limited has informed the Exchange regarding 'Information submitted to IRDAI by the unlisted insurance subsidiary of the Company'.,,,Updates,00:00:08,06022023173217,06-Feb-2023 17:32:25,-,False,,,105418942,Finance,INE918I01018,Bajaj Finserv Limited,2023-02-06 17:32:17,BAJAJFINSV
03-Feb-2023 18:21:03,,https://nsearchives.nseindia.com/corporate/BAJAJFINSV_03022023182103_BALICINFORMATION03022023.pdf,Bajaj Finserv Limited has informed the Exchange regarding 'Proposal in Finance Bill   2023 in respect taxation of non-linked life insurance policies'.,,,Updates,00:00:06,03022023182103,03-Feb-2023 18:21:09,-,False,,,105417160,Finance,INE918I01018,Bajaj Finserv Limited,2023-02-03 18:21:03,BAJAJFINSV
31-Jan-2023 20:23:04,,https://nsearchives.nseindia.com/corporate/BAJAJFINSV_31012023202304_BFSINVESTORCALLRECODING310123.pdf,Bajaj Finserv Limited has informed the Exchange about Link of Recording,,,Analysts/Institutional Investor Meet/Con. Call Updates,00:00:03,31012023202304,31-Jan-2023 20:23:07,-,False,,,105413270,Finance,INE918I01018,Bajaj Finserv Limited,2023-01-31 20:23:04,BAJAJFINSV
30-Jan-2023 14:00:47,,https://nsearchives.nseindia.com/corporate/BAJAJFINSV_30012023140047_BFSVentures30JAN2023.pdf,"Bajaj Finserv Limited has informed the Exchange regarding 'Intimation under Regulation 30 of SEBI (Listing Obligations and Disclosure Requirements), 2015'.",,,Updates,00:00:08,30012023140047,30-Jan-2023 14:00:55,-,False,,,105411388,Finance,INE918I01018,Bajaj Finserv Limited,2023-01-30 14:00:47,BAJAJFINSV
30-Jan-2023 13:45:13,,https://nsearchives.nseindia.com/corporate/BAJAJFINSV_30012023134513_BFSSELetterInvestorsPresentation.pdf,Bajaj Finserv Limited has informed the Exchange about Investor Presentation,,,Investor Presentation,00:00:07,30012023134513,30-Jan-2023 13:45:20,-,False,,,105411370,Finance,INE918I01018,Bajaj Finserv Limited,2023-01-30 13:45:13,BAJAJFINSV
30-Jan-2023 12:58:17,,https://nsearchives.nseindia.com/corporate/OUTCOMEOFBM30JAN2023_30012023125817.pdf,"Bajaj Finserv Limited has submitted to the Exchange, the financial results for the period ended December 31, 2022.",,,Financial Result Updates,00:00:08,30012023125817,30-Jan-2023 12:58:25,-,False,,,150857,Finance,INE918I01018,Bajaj Finserv Limited,2023-01-30 12:58:17,BAJAJFINSV
30-Jan-2023 12:54:57,,https://nsearchives.nseindia.com/corporate/BAJAJFINSV_30012023125457_OUTCOMEOFBM30JAN2023.pdf,"Bajaj Finserv Limited has informed the Exchange regarding  Board meeting held on January 30, 2023.",,,Outcome of Board Meeting,00:00:04,30012023125457,30-Jan-2023 12:55:01,-,False,,,105411325,Finance,INE918I01018,Bajaj Finserv Limited,2023-01-30 12:54:57,BAJAJFINSV
25-Jan-2023 16:14:13,,https://nsearchives.nseindia.com/corporate/BAJAJFINSV_25012023161413_BFSINVESTORSCALLQ3FY23SIGNED.pdf,Bajaj Finserv Limited has informed the Exchange about Schedule of meet,,,Analysts/Institutional Investor Meet/Con. Call Updates,00:00:08,25012023161413,25-Jan-2023 16:14:21,-,False,,,105408883,Finance,INE918I01018,Bajaj Finserv Limited,2023-01-25 16:14:13,BAJAJFINSV
06-Jan-2023 19:48:00,,https://nsearchives.nseindia.com/corporate/BAJAJFINSV_06012023194800_SEBALICINTIMATIONJAN23.pdf,Bajaj Finserv Limited has informed the Exchange regarding ' Information submitted to IRDAI by the unlisted insurance subsidiary of the Company'.,,,Updates,00:00:03,06012023194800,06-Jan-2023 19:48:03,-,False,,,105395213,Finance,INE918I01018,Bajaj Finserv Limited,2023-01-06 19:48:00,BAJAJFINSV
06-Jan-2023 19:37:08,,https://nsearchives.nseindia.com/corporate/BAJAJFINSV_06012023193708_BFSReg74Dec2022.pdf,"Bajaj Finserv Limited has informed the Exchange about Certificate under SEBI (Depositories and Participants) Regulations, 2018",,,"Certificate under SEBI (Depositories and Participants) Regulations, 2018",00:00:03,06012023193708,06-Jan-2023 19:37:11,-,False,,,105395209,Finance,INE918I01018,Bajaj Finserv Limited,2023-01-06 19:37:08,BAJAJFINSV
05-Jan-2023 17:01:52,,https://nsearchives.nseindia.com/corporate/BAJAJFINSV_05012023170152_SEINTIMATIONBAGICJAN23.pdf,Bajaj Finserv Limited has informed the Exchange regarding ' Information submitted to IRDAI by the unlisted insurance subsidiary of the Company'.,,,Updates,00:00:03,05012023170152,05-Jan-2023 17:01:55,-,False,,,105394089,Finance,INE918I01018,Bajaj Finserv Limited,2023-01-05 17:01:52,BAJAJFINSV
07-Dec-2022 11:06:09,,https://nsearchives.nseindia.com/corporate/BAJAJFINSV_07122022110609_UPSIBAGICBALICDEC2022.pdf,Bajaj Finserv Limited has informed the Exchange about  Information submitted to IRDAI by the unlisted insurance subsidiaries of the Company,,,General updates,00:00:08,07122022110609,07-Dec-2022 11:06:17,-,False,,,5128673,Finance,INE918I01018,Bajaj Finserv Limited,2022-12-07 11:06:09,BAJAJFINSV
16-Nov-2022 11:46:18,,https://nsearchives.nseindia.com/corporate/BAJAJFINSV_16112022114618_BFSINVESTORCALL16NOV2022.pdf,Bajaj Finserv Limited has informed the Exchange about Schedule of Analysts/Institutional Investor Meet/Con. Call ,,,Schedule of Analysts/Institutional Investor Meet/Con. Call,00:00:05,16112022114618,16-Nov-2022 11:46:23,-,False,,,5121299,Finance,INE918I01018,Bajaj Finserv Limited,2022-11-16 11:46:18,BAJAJFINSV
07-Nov-2022 15:57:24,,https://nsearchives.nseindia.com/corporate/BAJAJFINSV_07112022155724_BALICUSPINOV2022.pdf,Bajaj Finserv Limited has informed the Exchange about  Information submitted to IRDAI by the unlisted insurance subsidiary of the Company,,,General updates,00:00:10,07112022155724,07-Nov-2022 15:57:34,-,False,,,5114285,Finance,INE918I01018,Bajaj Finserv Limited,2022-11-07 15:57:24,BAJAJFINSV
07-Nov-2022 10:08:30,,https://nsearchives.nseindia.com/corporate/BAJAJFINSV_07112022100830_BAGICUPSI711222.pdf,Bajaj Finserv Limited has informed the Exchange about  Information submitted to IRDAI by the unlisted insurance subsidiary of the Company,,,General updates,00:00:08,07112022100830,07-Nov-2022 10:08:38,-,False,,,5114003,Finance,INE918I01018,Bajaj Finserv Limited,2022-11-07 10:08:30,BAJAJFINSV
03-Nov-2022 18:05:45,,https://nsearchives.nseindia.com/corporate/BAJAJFINSV_03112022180545_BFSRPD30SEP2022.pdf,Bajaj Finserv Limited has informed the Exchange about related party transaction for the period ended September 2022,,,Related Party Transaction,00:00:05,03112022180545,03-Nov-2022 18:05:50,-,False,,,5112407,Finance,INE918I01018,Bajaj Finserv Limited,2022-11-03 18:05:45,BAJAJFINSV
01-Nov-2022 15:35:21,,https://nsearchives.nseindia.com/corporate/BAJAJFINSV_01112022153521_BFSTRANSCRIPT25102022.pdf,Bajaj Finserv Limited has informed the Exchange about Transcript of Analysts/Institutional Investor Meet/Con. Call ,,,Transcript of Analysts/Institutional Investor Meet/Con. Call,00:00:03,01112022153521,01-Nov-2022 15:35:24,-,False,,,5110781,Finance,INE918I01018,Bajaj Finserv Limited,2022-11-01 15:35:21,BAJAJFINSV
25-Oct-2022 17:01:42,,https://nsearchives.nseindia.com/corporate/BAJAJFINSV_25102022170142_BFSINVESTORCALLRECODING25102022.pdf,Bajaj Finserv Limited has informed the Exchange about Recording of Analysts/Institutional Investor Meet/Con. Call,,,Recording of Analysts/Institutional Investor Meet/Con. Call,00:00:02,25102022170142,25-Oct-2022 17:01:44,-,False,,,5108495,Finance,INE918I01018,Bajaj Finserv Limited,2022-10-25 17:01:42,BAJAJFINSV
22-Oct-2022 20:37:00,,https://nsearchives.nseindia.com/corporate/BAJAJFINSV_22102022203700_BFSSEINTIMATIONHALFYEARLY221022.pdf,"Bajaj Finserv Limited has informed the Exchange about communication to shareholders as per Regulation 30 of SEBI (Listing Obligations and Disclosure Requirements) Regulations, 2015",,,Communication to shareholders as per Reg 30,00:00:07,22102022203700,22-Oct-2022 20:37:07,-,False,,,5108327,Finance,INE918I01018,Bajaj Finserv Limited,2022-10-22 20:37:00,BAJAJFINSV
21-Oct-2022 18:44:36,,https://nsearchives.nseindia.com/corporate/BAJAJFINSV_21102022184436_BFSINVESTORPRESENTATIONQ2FY22.pdf,Bajaj Finserv Limited has informed the Exchange about Investor Presentation,,,Investor Presentation,00:00:03,21102022184436,21-Oct-2022 18:44:39,-,False,,,5107931,Finance,INE918I01018,Bajaj Finserv Limited,2022-10-21 18:44:36,BAJAJFINSV
21-Oct-2022 13:18:36,,https://nsearchives.nseindia.com/corporate/BAJAJFINSV_21102022131836_BFSOUTCOMEFINANCIALSQ2FY23.pdf,Bajaj Finserv Limited  has informed the Exchange about Board Meeting held on 21-Oct-2022 to consider financial statements for the period ended September 2022,,,Outcome of Board Meeting,00:00:09,21102022131836,21-Oct-2022 13:18:45,-,False,,,5107459,Finance,INE918I01018,Bajaj Finserv Limited,2022-10-21 13:18:36,BAJAJFINSV
18-Oct-2022 11:28:03,,https://nsearchives.nseindia.com/corporate/BAJAJFINSV_18102022112803_BFSINVESTORSCALLQ2FY23.pdf,Bajaj Finserv Limited has informed the Exchange about Schedule of Analysts/Institutional Investor Meet/Con. Call ,,,Schedule of Analysts/Institutional Investor Meet/Con. Call,00:00:13,18102022112803,18-Oct-2022 11:28:16,-,False,,,5105569,Finance,INE918I01018,Bajaj Finserv Limited,2022-10-18 11:28:03,BAJAJFINSV
11-Oct-2022 12:54:57,,https://nsearchives.nseindia.com/corporate/BAJAJFINSV_11102022125457_BSESEREG74SIGNED.pdf,"Bajaj Finserv Limited has informed the Exchange about Certificate under Regulation 74(5) of SEBI (Depositories and Participants) Regulations, 2018 for the quarter ended 30 September 2022",,,General updates,00:00:02,11102022125457,11-Oct-2022 12:54:59,-,False,,,5102871,Finance,INE918I01018,Bajaj Finserv Limited,2022-10-11 12:54:57,BAJAJFINSV
07-Oct-2022 16:55:27,,https://nsearchives.nseindia.com/corporate/BAJAJFINSV_07102022165527_BAGICBALICUPSIOCT2022.pdf,Bajaj Finserv Limited has informed the Exchange about  Information submitted to IRDAI by the unlisted insurance subsidiaries of the Company,,,General updates,00:00:03,07102022165527,07-Oct-2022 16:55:30,-,False,,,5101736,Finance,INE918I01018,Bajaj Finserv Limited,2022-10-07 16:55:27,BAJAJFINSV
16-Sep-2022 11:29:24,,https://nsearchives.nseindia.com/corporate/BAJAJFINSV_16092022112924_BFSSEintimationAllotmentofShares16092022.pdf,Bajaj Finserv Limited has informed the Exchange about Allotment of Bonus Equity Shares,,,General updates,00:00:04,16092022112924,16-Sep-2022 11:29:28,-,False,,,5091690,Finance,INE918I01018,Bajaj Finserv Limited,2022-09-16 11:29:24,BAJAJFINSV
14-Sep-2022 16:10:42,,https://nsearchives.nseindia.com/corporate/BAJAJFINSV_14092022161042_BFSROADSHOWINTIMATION14092022SIGNED.pdf,Bajaj Finserv Limited has informed the Exchange about Schedule of Analysts/Institutional Investor Meet/Con. Call ,,,Schedule of Analysts/Institutional Investor Meet/Con. Call,00:00:05,14092022161042,14-Sep-2022 16:10:47,-,False,,,5090994,Finance,INE918I01018,Bajaj Finserv Limited,2022-09-14 16:10:42,BAJAJFINSV
06-Sep-2022 15:58:27,,https://nsearchives.nseindia.com/corporate/BAJAJFINSV_06092022155827_BALICUSPISept22.pdf,Bajaj Finserv Limited has informed the Exchange about  Information submitted to IRDAI by the unlisted insurance subsidiary(BALIC) of the Company,,,General updates,00:00:04,06092022155827,06-Sep-2022 15:58:31,-,False,,,5087341,Finance,INE918I01018,Bajaj Finserv Limited,2022-09-06 15:58:27,BAJAJFINSV
05-Sep-2022 18:58:21,,https://nsearchives.nseindia.com/corporate/BAJAJFINSV_05092022185821_BFSUPSIBAGICSept22.pdf,Bajaj Finserv Limited has informed the Exchange about  Information submitted to IRDAI by the unlisted insurance subsidiary (BAGIC) of the Company,,,General updates,00:00:03,05092022185821,05-Sep-2022 18:58:24,-,False,,,5086913,Finance,INE918I01018,Bajaj Finserv Limited,2022-09-05 18:58:21,BAJAJFINSV
03-Sep-2022 18:04:03,,https://nsearchives.nseindia.com/corporate/BAJAJFINSV_03092022180403_BFSALTERNATIONOFMOA2SEPT2022.pdf,Bajaj Finserv Limited has informed the Exchange about Amendment to AOA/MOA,,,Amendment to AOA/MOA,00:00:02,03092022180403,03-Sep-2022 18:04:05,-,False,,,5086180,Finance,INE918I01018,Bajaj Finserv Limited,2022-09-03 18:04:03,BAJAJFINSV
03-Sep-2022 17:40:36,,https://nsearchives.nseindia.com/corporate/BAJAJFINSV_03092022174036_BSENSEINTIMATIONPOSTALBALLOT03092022.pdf,Bajaj Finserv Limited has informed the Exchange about Voting results and  Scrutinizer report of Postal Ballot,,,Postal Ballot,00:00:02,03092022174036,03-Sep-2022 17:40:38,-,False,,,5086193,Finance,INE918I01018,Bajaj Finserv Limited,2022-09-03 17:40:36,BAJAJFINSV
29-Aug-2022 15:20:33,,https://nsearchives.nseindia.com/corporate/BAJAJFINSV_29082022152033_BFSRECORDDATEINTIMATION29AUG2022.pdf,Bajaj Finserv Limited has informed the Exchange that Record date for the purpose of Bonus & Split/Subdivision  is 14-Sep-2022.,,,Record Date,00:00:03,29082022152033,29-Aug-2022 15:20:36,-,False,,,5083213,Finance,INE918I01018,Bajaj Finserv Limited,2022-08-29 15:20:33,BAJAJFINSV
06-Aug-2022 17:38:15,,https://nsearchives.nseindia.com/corporate/BAJAJFINSV_06082022173815_BFSSEINTIMATIONINSURANCEAUG2022.pdf,Bajaj Finserv Limited has informed the Exchange about  Information submitted to IRDAI by the unlisted insurance subsidiary of the Company,,,General updates,00:00:05,06082022173815,06-Aug-2022 17:38:20,-,False,,,5072216,Finance,INE918I01018,Bajaj Finserv Limited,2022-08-06 17:38:15,BAJAJFINSV
05-Aug-2022 18:53:39,,https://nsearchives.nseindia.com/corporate/BAJAJFINSV_05082022185339_BFSINVESTORCALLTRANSCRIPT29072022.pdf,Bajaj Finserv Limited has informed the Exchange about Transcript of Analysts/Institutional Investor Meet/Con. Call ,,,Transcript of Analysts/Institutional Investor Meet/Con. Call,00:00:03,05082022185339,05-Aug-2022 18:53:42,-,False,,,5071675,Finance,INE918I01018,Bajaj Finserv Limited,2022-08-05 18:53:39,BAJAJFINSV
03-Aug-2022 19:41:15,,https://nsearchives.nseindia.com/corporate/BAJAJFINSV_03082022194115_BFSPBNOTICE03AUG2022_Signed.pdf,Bajaj Finserv Limited has informed the Exchange about Notice of Postal Ballot,,,Postal Ballot,00:00:03,03082022194115,03-Aug-2022 19:41:18,-,False,,,5069958,Finance,INE918I01018,Bajaj Finserv Limited,2022-08-03 19:41:15,BAJAJFINSV
01-Aug-2022 19:26:45,,https://nsearchives.nseindia.com/corporate/BAJAJFINSV_01082022192645_BFSSELetterAGMResultsFY22_Signed.pdf,Bajaj Finserv Limited has informed the Exchange about Voting results and  Scrutinizer report of Annual General Meeting held on 28-Jul-2022,,,Annual General Meeting,00:00:05,01082022192645,01-Aug-2022 19:26:50,-,False,,,5068274,Finance,INE918I01018,Bajaj Finserv Limited,2022-08-01 19:26:45,BAJAJFINSV
29-Jul-2022 18:50:30,,https://nsearchives.nseindia.com/corporate/BAJAJFINSV_29072022185030_BFSINVESTORCALLRECODING29072022.pdf,Bajaj Finserv Limited has informed the Exchange about Recording of Analysts/Institutional Investor Meet/Con. Call,,,Recording of Analysts/Institutional Investor Meet/Con. Call,00:00:03,29072022185030,29-Jul-2022 18:50:33,-,False,,,5066889,Finance,INE918I01018,Bajaj Finserv Limited,2022-07-29 18:50:30,BAJAJFINSV
29-Jul-2022 14:51:51,,https://nsearchives.nseindia.com/corporate/BAJAJFINSV_29072022145151_BFSSELetterClarificationletter29July2022.pdf,"The Exchange had sought clarification from Bajaj Finserv Limited with respect to announcement dated 28-07-2022 regarding Bonus.On the basis of aforesaid disclosure, the Company was required to clarify the following:1. Estimated date by which such bonus shares would be credited/dispatched;The response of the company is attached.",,,Reply to Clarification Sought,00:00:06,29072022145151,29-Jul-2022 14:51:57,-,False,,,5066384,Finance,INE918I01018,Bajaj Finserv Limited,2022-07-29 14:51:51,BAJAJFINSV
29-Jul-2022 13:27:21,,https://nsearchives.nseindia.com/corporate/BAJAJFINSV_29072022132721_BFSSELetter15AGMProceeding28July2022.pdf,Bajaj Finserv Limited has informed the Exchange about  Proceedings of Annual General Meeting held on 28-Jul-2022,,,Annual General Meeting,00:00:05,29072022132721,29-Jul-2022 13:27:26,-,False,,,5066288,Finance,INE918I01018,Bajaj Finserv Limited,2022-07-29 13:27:21,BAJAJFINSV
28-Jul-2022 19:22:12,,https://nsearchives.nseindia.com/corporate/BAJAJFINSV_28072022192212_BFSINVESTORSPRESENTATIONQ1FY23.pdf,Bajaj Finserv Limited has informed the Exchange about Investor Presentation,,,Investor Presentation,00:00:04,28072022192212,28-Jul-2022 19:22:16,-,False,,,5066028,Finance,INE918I01018,Bajaj Finserv Limited,2022-07-28 19:22:12,BAJAJFINSV
28-Jul-2022 16:33:51,,-,"The Exchange has sought clarification from Bajaj Finserv Limited with respect to announcement dated 28-Jul-2022 informing about Bonus.On the basis of aforesaid announcement, the Company is required to provide/clarify the following: 1. Estimated date by which such bonus shares would be credited/dispatched; The response of the company is awaited.",,,Clarification,00:00:03,28072022163351,28-Jul-2022 16:33:54,-,False,,,5065815,Finance,INE918I01018,Bajaj Finserv Limited,2022-07-28 16:33:51,BAJAJFINSV
28-Jul-2022 12:05:15,,https://nsearchives.nseindia.com/corporate/BAJAJFINSV_28072022120515_BFSBONUSSPLIT28JULY2022.pdf,Bajaj Finserv Limited has informed the Exchange about Bonus,,,Bonus,00:00:20,28072022120515,28-Jul-2022 12:05:35,-,False,,,5065555,Finance,INE918I01018,Bajaj Finserv Limited,2022-07-28 12:05:15,BAJAJFINSV
28-Jul-2022 12:03:39,,https://nsearchives.nseindia.com/corporate/BAJAJFINSV_28072022120339_BFSBONUSSPLIT28JULY2022.pdf,Bajaj Finserv Limited has informed the Exchange about Split of shares,,,Split of shares,00:00:08,28072022120339,28-Jul-2022 12:03:47,-,False,,,5065532,Finance,INE918I01018,Bajaj Finserv Limited,2022-07-28 12:03:39,BAJAJFINSV
28-Jul-2022 12:01:06,,https://nsearchives.nseindia.com/corporate/BAJAJFINSV_28072022120102_BFSOUTCOMEOFBM28JULY2022SIGNED.pdf,"Bajaj Finserv Limited  has informed the Exchange about Board Meeting held on 28-Jul-2022 to consider financial statements for the period ended June 2022, Bonus and Split of shares",,,Outcome of Board Meeting,00:00:11,28072022120106,28-Jul-2022 12:01:17,-,False,,,5065550,Finance,INE918I01018,Bajaj Finserv Limited,2022-07-28 12:01:06,BAJAJFINSV
25-Jul-2022 14:32:48,,https://nsearchives.nseindia.com/corporate/BAJAJFINSV_25072022143248_BFSINVESTORSCALLQ1FY23SIGNED.pdf,Bajaj Finserv Limited has informed the Exchange about Schedule of Analysts/Institutional Investor Meet/Con. Call ,,,Schedule of Analysts/Institutional Investor Meet/Con. Call,00:00:05,25072022143248,25-Jul-2022 14:32:53,-,False,,,5063681,Finance,INE918I01018,Bajaj Finserv Limited,2022-07-25 14:32:48,BAJAJFINSV
22-Jul-2022 14:35:17,,https://nsearchives.nseindia.com/corporate/BAJAJFINSV_22072022143517_BFSSELetterAllotmentofESOPFinal.pdf,Bajaj Finserv Limited has informed the Exchange about Intimation of allotment of equity shares under Bajaj Finserv Limited Employee Stock Option Scheme (BFS-ESOS),,,General updates,00:00:04,22072022143517,22-Jul-2022 14:35:21,-,False,,,5062819,Finance,INE918I01018,Bajaj Finserv Limited,2022-07-22 14:35:17,BAJAJFINSV
11-Jul-2022 19:50:21,,https://nsearchives.nseindia.com/corporate/BAJAJFINSV_11072022195021_BFSREG75530JUNE2022.pdf,"Bajaj Finserv Limited has informed the Exchange about Certificate under Regulation 74(5) of SEBI (Depositories and Participants) Regulations, 2018 for the quarter ended 30 June 2022",,,General updates,00:00:03,11072022195021,11-Jul-2022 19:50:24,-,False,,,5057941,Finance,INE918I01018,Bajaj Finserv Limited,2022-07-11 19:50:21,BAJAJFINSV
08-Jul-2022 18:25:51,,https://nsearchives.nseindia.com/corporate/BAJAJFINSV_08072022182551_BFSINSURANCESUBS08JULY2022.pdf,Bajaj Finserv Limited has informed the Exchange about Information submitted to IRDAI by the unlisted insurance subsidiaries,,,General updates,00:00:04,08072022182551,08-Jul-2022 18:25:55,-,False,,,5057067,Finance,INE918I01018,Bajaj Finserv Limited,2022-07-08 18:25:51,BAJAJFINSV
05-Jul-2022 19:48:57,,https://nsearchives.nseindia.com/corporate/BAJAJFINSV_05072022194857_BFS_AGMNOTICE_FY2022.pdf,Bajaj Finserv Limited has informed the Exchange about Notice of Annual General Meeting to be held on 28-Jul-2022,,,Annual General Meeting,00:00:04,05072022194857,05-Jul-2022 19:49:01,-,False,,,5055477,Finance,INE918I01018,Bajaj Finserv Limited,2022-07-05 19:48:57,BAJAJFINSV
30-Jun-2022 15:09:12,,https://nsearchives.nseindia.com/corporate/BAJAJFINSV_30062022150912_BFSSELETTERTDSCOMMUNICATION30JUNE2022.pdf,"Bajaj Finserv Limited has informed the Exchange about communication to shareholders as per Regulation 30 of SEBI (Listing Obligations and Disclosure Requirements) Regulations, 2015",,,Communication to shareholders as per Reg 30,00:00:07,30062022150912,30-Jun-2022 15:09:19,-,False,,,5053153,Finance,INE918I01018,Bajaj Finserv Limited,2022-06-30 15:09:12,BAJAJFINSV
29-Jun-2022 12:16:36,,https://nsearchives.nseindia.com/corporate/BAJAJFINSV_29062022121636_BFSVENTURESACQUISITION.pdf,Bajaj Finserv Limited has informed the Exchange about Bajaj Finserv Ventures Limited (wholly-owned subsidiary of Bajaj Finserv Limited) has entered into an agreement with Perfios Account Aggregation Services Private Limited (Perfios) for financial investment by way of subscription to equity shares of Perfios.,,,General updates,00:00:02,29062022121636,29-Jun-2022 12:16:38,-,False,,,5051906,Finance,INE918I01018,Bajaj Finserv Limited,2022-06-29 12:16:36,BAJAJFINSV
28-Jun-2022 15:27:24,,https://nsearchives.nseindia.com/corporate/BAJAJFINSV_28062022152724_BFSSELetterNewspprPreAGM28062022.pdf,Bajaj Finserv Limited has informed the Exchange about Newspaper Advertisements,,,Newspaper Advertisements,00:00:05,28062022152724,28-Jun-2022 15:27:29,-,False,,,5051367,Finance,INE918I01018,Bajaj Finserv Limited,2022-06-28 15:27:24,BAJAJFINSV
24-Jun-2022 16:41:40,,https://nsearchives.nseindia.com/corporate/BAJAJFINSV_24062022164140_BSENSEINTIMATIONPOSTALBALLOT24062022.pdf,Bajaj Finserv Limited has informed the Exchange about Voting results and  Scrutinizer report of Postal Ballot,,,Postal Ballot,00:00:04,24062022164140,24-Jun-2022 16:41:44,-,False,,,5050197,Finance,INE918I01018,Bajaj Finserv Limited,2022-06-24 16:41:40,BAJAJFINSV
16-Jun-2022 19:37:31,,https://nsearchives.nseindia.com/corporate/BAJAJFINSV_16062022193731_BSENSEINTIMATIONLOSSODSH16062022.pdf,Bajaj Finserv Limited has informed the Exchange about Loss of share certificate,,,Loss of share certificate,00:00:02,16062022193731,16-Jun-2022 19:37:33,-,False,,,5047207,Finance,INE918I01018,Bajaj Finserv Limited,2022-06-16 19:37:31,BAJAJFINSV
10-Jun-2022 19:25:51,,https://nsearchives.nseindia.com/corporate/BAJAJFINSV_10062022192551_BSENSEINTIMATIONLOSSODSH10062022.pdf,Bajaj Finserv Limited has informed the Exchange about Loss of share certificate,,,Loss of share certificate,00:00:03,10062022192551,10-Jun-2022 19:25:54,-,False,,,5045324,Finance,INE918I01018,Bajaj Finserv Limited,2022-06-10 19:25:51,BAJAJFINSV
06-Jun-2022 19:49:49,,https://nsearchives.nseindia.com/corporate/BAJAJFINSV_06062022194949_BFSSEINTIMATIONINSURANCESUBSCOJUNE2022.pdf,Bajaj Finserv Limited has informed the Exchange about information submitted to IRDAI by the unlisted insurance subsidiaries of the Company,,,General updates,00:00:03,06062022194949,06-Jun-2022 19:49:52,-,False,,,5043481,Finance,INE918I01018,Bajaj Finserv Limited,2022-06-06 19:49:49,BAJAJFINSV
25-May-2022 16:18:15,,https://nsearchives.nseindia.com/corporate/BAJAJFINSV_25052022161813_BSENSEINTIMATIONLOSSODSH25052022_Signed.pdf,Bajaj Finserv Limited has informed the Exchange about Loss of share certificate,,,Loss of share certificate,00:00:08,25052022161815,25-May-2022 16:18:23,-,False,,,5035744,Finance,INE918I01018,Bajaj Finserv Limited,2022-05-25 16:18:15,BAJAJFINSV
23-May-2022 20:16:33,,https://nsearchives.nseindia.com/corporate/BAJAJFINSV_23052022201629_BFSPBNOTICE28APRIL2022SIGNED.pdf,Bajaj Finserv Limited has informed the Exchange about Notice of Postal Ballot,,,Postal Ballot,00:00:05,23052022201633,23-May-2022 20:16:38,-,False,,,5034451,Finance,INE918I01018,Bajaj Finserv Limited,2022-05-23 20:16:33,BAJAJFINSV
13-May-2022 16:46:44,,https://nsearchives.nseindia.com/corporate/BAJAJFINSV_13052022164642_BFSRPDH2FY22SIGNED.pdf,Bajaj Finserv Limited has informed the Exchange about related party transaction for the period ended March 2022,,,Related Party Transaction,00:00:14,13052022164644,13-May-2022 16:46:58,-,False,,,5029248,Finance,INE918I01018,Bajaj Finserv Limited,2022-05-13 16:46:44,BAJAJFINSV
09-May-2022 20:43:30,,https://nsearchives.nseindia.com/corporate/BAJAJFINSV_09052022204325_BFSINVESTORCALLTRANSCRIPT02052022SIGNED.pdf,Bajaj Finserv Limited has informed the Exchange about Transcript of Analysts/Institutional Investor Meet/Con. Call ,,,Transcript of Analysts/Institutional Investor Meet/Con. Call,00:00:03,09052022204330,09-May-2022 20:43:33,-,False,,,5026921,Finance,INE918I01018,Bajaj Finserv Limited,2022-05-09 20:43:30,BAJAJFINSV
06-May-2022 19:58:45,,https://nsearchives.nseindia.com/corporate/BAJAJFINSV_06052022195845_BFSSELETTERBALIC_MAY22_SIGNED.pdf,Bajaj Finserv Limited has informed the Exchange about information submitted to IRDAI by the unlisted insurance subsidiary (BALIC),,,General updates,00:00:05,06052022195845,06-May-2022 19:58:50,-,False,,,5026165,Finance,INE918I01018,Bajaj Finserv Limited,2022-05-06 19:58:45,BAJAJFINSV
06-May-2022 19:54:32,,https://nsearchives.nseindia.com/corporate/BAJAJFINSV_06052022195424_BFSSEREVIOSEDBAGICMAY22Signed.pdf,Bajaj Finserv Limited has informed the Exchange about revised Information submitted to IRDAI by the unlisted insurance subsidiary (BAGIC),,,General updates,00:00:06,06052022195432,06-May-2022 19:54:38,-,False,,,5026161,Finance,INE918I01018,Bajaj Finserv Limited,2022-05-06 19:54:32,BAJAJFINSV
05-May-2022 16:09:04,,https://nsearchives.nseindia.com/corporate/BAJAJFINSV_05052022160856_BFSBAGICINRIMATION05MAY2022.pdf,Bajaj Finserv Limited has informed the Exchange about information submitted to IRDAI by the unlisted insurance subsidiary of the Company,,,General updates,00:00:03,05052022160904,05-May-2022 16:09:07,-,False,,,5025413,Finance,INE918I01018,Bajaj Finserv Limited,2022-05-05 16:09:04,BAJAJFINSV
02-May-2022 16:41:01,,https://nsearchives.nseindia.com/corporate/BAJAJFINSV_02052022164055_BFSINVESTORCALLRECODING2052022SIGNED.pdf,Bajaj Finserv Limited has informed the Exchange about Recording of Analysts/Institutional Investor Meet/Con. Call,,,Recording of Analysts/Institutional Investor Meet/Con. Call,00:00:02,02052022164101,02-May-2022 16:41:03,-,False,,,5024215,Finance,INE918I01018,Bajaj Finserv Limited,2022-05-02 16:41:01,BAJAJFINSV
29-Apr-2022 13:32:54,,https://nsearchives.nseindia.com/corporate/BAJAJFINSV_29042022133253_BFSRESIGNATIONGP.pdf,"Bajaj Finserv Limited has informed the Exchange about the Resignation letter received from Dr. Gita Piramal, Independent director",,,General updates,00:00:03,29042022133254,29-Apr-2022 13:32:57,-,False,,,5023288,Finance,INE918I01018,Bajaj Finserv Limited,2022-04-29 13:32:54,BAJAJFINSV
29-Apr-2022 12:52:40,,https://nsearchives.nseindia.com/corporate/BAJAJFINSV_29042022125237_BFSCHANGEINDIRECTOS28APRIL2022.pdf,Bajaj Finserv Limited  has informed the Exchange about resignation of Gita Piramal as Independent Director of the company w.e.f. 30-Apr-2022,,,Resignation,00:00:13,29042022125240,29-Apr-2022 12:52:53,-,False,,,5023276,Finance,INE918I01018,Bajaj Finserv Limited,2022-04-29 12:52:40,BAJAJFINSV
29-Apr-2022 12:50:25,,https://nsearchives.nseindia.com/corporate/BAJAJFINSV_29042022125024_BFSCHANGEINDIRECTOS28APRIL2022.pdf,Bajaj Finserv Limited  has informed the Exchange about re-appointment of Naushad Forbes as Independent Director of the company,,,Re-appointment,00:00:05,29042022125025,29-Apr-2022 12:50:30,-,False,,,5023275,Finance,INE918I01018,Bajaj Finserv Limited,2022-04-29 12:50:25,BAJAJFINSV
29-Apr-2022 12:48:32,,https://nsearchives.nseindia.com/corporate/BAJAJFINSV_29042022124828_BFSCHANGEINDIRECTOS28APRIL2022.pdf,Bajaj Finserv Limited  has informed the Exchange about appointment of Radhika Haribhakti as Independent Director of the company w.e.f. 01-May-2022,,,Appointment,00:00:14,29042022124832,29-Apr-2022 12:48:46,-,False,,,5023273,Finance,INE918I01018,Bajaj Finserv Limited,2022-04-29 12:48:32,BAJAJFINSV
29-Apr-2022 12:46:39,,https://nsearchives.nseindia.com/corporate/BAJAJFINSV_29042022124635_BFSCHANGEINDIRECTOS28APRIL2022.pdf,Bajaj Finserv Limited  has informed the Exchange about appointment of Pramit Jhaveri  as Independent Director of the company w.e.f. 01-May-2022,,,Appointment,00:00:14,29042022124639,29-Apr-2022 12:46:53,-,False,,,5023270,Finance,INE918I01018,Bajaj Finserv Limited,2022-04-29 12:46:39,BAJAJFINSV
29-Apr-2022 10:37:45,,https://nsearchives.nseindia.com/corporate/BAJAJFINSV_29042022103744_BFSESOPGRANT28APRIL2022.pdf,Bajaj Finserv Limited has informed the Exchange about Intimation of grant of Stock Options pursuant to Bajaj Finserv Limited Employee Stock Option Scheme 2018 (���BFS-ESOS���)  ,,,General updates,00:00:04,29042022103745,29-Apr-2022 10:37:49,-,False,,,5023186,Finance,INE918I01018,Bajaj Finserv Limited,2022-04-29 10:37:45,BAJAJFINSV
28-Apr-2022 18:31:59,,https://nsearchives.nseindia.com/corporate/BAJAJFINSV_28042022183158_BFSINVESTORPRESENTATION28APRIL2022.pdf,Bajaj Finserv Limited has informed the Exchange about Investor Presentation,,,Investor Presentation,00:00:02,28042022183159,28-Apr-2022 18:32:01,-,False,,,5023066,Finance,INE918I01018,Bajaj Finserv Limited,2022-04-28 18:31:59,BAJAJFINSV
28-Apr-2022 18:05:00,,https://nsearchives.nseindia.com/corporate/BAJAJFINSV_28042022180500_AGMDATE28042022.pdf,"Bajaj Finserv Limited has informed the Exchange about the date of the Annual General Meeting to be held on Thursday, 28 July 2022.",,,General updates,00:00:03,28042022180500,28-Apr-2022 18:05:03,-,False,,,5023025,Finance,INE918I01018,Bajaj Finserv Limited,2022-04-28 18:05:00,BAJAJFINSV
28-Apr-2022 17:52:23,,https://nsearchives.nseindia.com/corporate/BAJAJFINSV_28042022175216_RECOREDDATE28042022.pdf,Bajaj Finserv Limited has informed the Exchange that the Record date for the purpose of Dividend is 01-Jul-2022.,,,Record Date,00:00:11,28042022175223,28-Apr-2022 17:52:34,-,False,,,5023037,Finance,INE918I01018,Bajaj Finserv Limited,2022-04-28 17:52:23,BAJAJFINSV
28-Apr-2022 13:51:52,,https://nsearchives.nseindia.com/corporate/BAJAJFINSV_28042022135149_Issueofequity28042022.pdf,Bajaj Finserv Limited  has informed the Exchange about Board Meeting held on 28-Apr-2022 to consider Other business matters-Issue of Equity Shares to Bajaj Finserv ESOP Trust,,,Outcome of Board Meeting,00:00:04,28042022135152,28-Apr-2022 13:51:56,-,False,,,5022822,Finance,INE918I01018,Bajaj Finserv Limited,2022-04-28 13:51:52,BAJAJFINSV
28-Apr-2022 13:44:17,,https://nsearchives.nseindia.com/corporate/OUTCOMEBSENSE28APRIL2022_28042022134417.pdf,"Bajaj Finserv Limited has submitted to the Exchange, the financial results for the period ended March 31, 2022.",,,Financial Result Updates,00:01:51,28042022134417,28-Apr-2022 13:46:08,-,False,,,148429,Finance,INE918I01018,Bajaj Finserv Limited,2022-04-28 13:44:17,BAJAJFINSV
28-Apr-2022 13:40:27,,https://nsearchives.nseindia.com/corporate/BAJAJFINSV_28042022134020_OUTCOMEBSENSE28APRIL2022.pdf,"Bajaj Finserv Limited has informed the Exchange that Board of Directors at its meeting held on 28-Apr-2022, declared Dividend of Rs. 4 per equity share.",,,Dividend,00:00:04,28042022134027,28-Apr-2022 13:40:31,-,False,,,5022832,Finance,INE918I01018,Bajaj Finserv Limited,2022-04-28 13:40:27,BAJAJFINSV
28-Apr-2022 13:40:25,,https://nsearchives.nseindia.com/corporate/BAJAJFINSV_28042022134020_OUTCOMEBSENSE28APRIL2022.pdf,Bajaj Finserv Limited  has informed the Exchange about Board Meeting held on 28-Apr-2022 to consider financial statements for the period ended March 2022 and Dividend,,,Outcome of Board Meeting,00:00:03,28042022134025,28-Apr-2022 13:40:28,-,False,,,5022831,Finance,INE918I01018,Bajaj Finserv Limited,2022-04-28 13:40:25,BAJAJFINSV
25-Apr-2022 20:44:57,,https://nsearchives.nseindia.com/corporate/BAJAJFINSV_25042022204452_BFSBSENSEINVESTORCALLINTIMATIONQ4FY22Signed.pdf,Bajaj Finserv Limited has informed the Exchange about Schedule of Analysts/Institutional Investor Meet/Con. Call ,,,Schedule of Analysts/Institutional Investor Meet/Con. Call,00:00:02,25042022204457,25-Apr-2022 20:44:59,-,False,,,5021888,Finance,INE918I01018,Bajaj Finserv Limited,2022-04-25 20:44:57,BAJAJFINSV
15-Apr-2022 19:36:38,,https://nsearchives.nseindia.com/corporate/BAJAJFINSV_15042022193634_BFSSEREH74SIGNED.pdf,"Bajaj Finserv Limited has informed the Exchange about Certificate under Regulation 74(5) of SEBI (Depositories and Participants) Regulations, 2018 for the quarter ended 31 March 2022",,,General updates,00:00:02,15042022193638,15-Apr-2022 19:36:40,-,False,,,5019239,Finance,INE918I01018,Bajaj Finserv Limited,2022-04-15 19:36:38,BAJAJFINSV
13-Apr-2022 13:12:27,,https://nsearchives.nseindia.com/corporate/BAJAJFINSV_13042022131224_NSEBSEINTIMATIONBALIC13042022SIGNED.pdf,Bajaj Finserv Limited has informed the Exchange about Information submitted to IRDAI by the unlisted insurance subsidiaries of the Company,,,General updates,00:00:15,13042022131227,13-Apr-2022 13:12:42,-,False,,,5018419,Finance,INE918I01018,Bajaj Finserv Limited,2022-04-13 13:12:27,BAJAJFINSV
04-Apr-2022 12:20:05,,https://nsearchives.nseindia.com/corporate/BAJAJFINSV_04042022122003_BFSBSENSEREG30LETTERBAGIC04042022.pdf,Bajaj Finserv Limited has informed the Exchange about Information submitted to IRDAI by the unlisted insurance subsidiary of the Company,,,General updates,00:00:12,04042022122005,04-Apr-2022 12:20:17,-,False,,,5014748,Finance,INE918I01018,Bajaj Finserv Limited,2022-04-04 12:20:05,BAJAJFINSV
16-Mar-2022 17:25:42,,https://nsearchives.nseindia.com/corporate/BAJAJFINSV_16032022172537_BFS_REAPPOINTMENTOFMD_16032022_SIGNED.pdf,Bajaj Finserv Limited has informed the Exchange about Re-appointment of Managing Director of the Company,,,General updates,00:00:10,16032022172542,16-Mar-2022 17:25:52,-,False,,,5008339,Finance,INE918I01018,Bajaj Finserv Limited,2022-03-16 17:25:42,BAJAJFINSV
15-Mar-2022 19:49:55,,https://nsearchives.nseindia.com/corporate/BAJAJFINSV_15032022194955_BSENSEINTIMATIONRTADETAILS15032022_SIGNED.pdf,Bajaj Finserv Limited has informed the Exchange about Change of Name of Registrar and Share Transfer Agent of the Company from 'KFin Technologies Private Limited' to 'KFin Technologies Limited',,,General updates,00:00:04,15032022194955,15-Mar-2022 19:49:59,-,False,,,5008091,Finance,INE918I01018,Bajaj Finserv Limited,2022-03-15 19:49:55,BAJAJFINSV
11-Mar-2022 19:57:31,,https://nsearchives.nseindia.com/corporate/BAJAJFINSV_11032022195729_BSENSEINTIMATIONLOSSODSH11032022SIGNED.pdf,Bajaj Finserv Limited has informed the Exchange about Loss of share certificate,,,Loss of share certificate,00:00:29,11032022195731,11-Mar-2022 19:58:00,-,False,,,5007363,Finance,INE918I01018,Bajaj Finserv Limited,2022-03-11 19:57:31,BAJAJFINSV
04-Mar-2022 20:18:05,,https://nsearchives.nseindia.com/corporate/BAJAJFINSV_04032022201737_NSEBSELETTERBAGICBALIC04032022_SIGNED.pdf,Bajaj Finserv Limited has informed the Exchange about Information submitted to IRDAI by the unlisted insurance subsidiaries of the Company,,,General updates,00:00:09,04032022201805,04-Mar-2022 20:18:14,-,False,,,5005524,Finance,INE918I01018,Bajaj Finserv Limited,2022-03-04 20:18:05,BAJAJFINSV
15-Feb-2022 11:15:35,,https://nsearchives.nseindia.com/corporate/BAJAJFINSV_15022022111535_BFSBSENSEINVESTORCALLINTIMATION15022022SIGNED.pdf,Bajaj Finserv Limited has informed the Exchange about Schedule of meet,,,Analysts/Institutional Investor Meet/Con. Call Updates,00:00:09,15022022111535,15-Feb-2022 11:15:44,-,False,,,105242270,Finance,INE918I01018,Bajaj Finserv Limited,2022-02-15 11:15:35,BAJAJFINSV
10-Feb-2022 18:42:11,,https://nsearchives.nseindia.com/corporate/BAJAJFINSV_10022022184211_BFSBSENSEINVESTORCALLINTIMATION10022022Signed.pdf,Bajaj Finserv Limited has informed the Exchange about Schedule of meet,,,Analysts/Institutional Investor Meet/Con. Call Updates,00:00:11,10022022184211,10-Feb-2022 18:42:22,-,False,,,105236829,Finance,INE918I01018,Bajaj Finserv Limited,2022-02-10 18:42:11,BAJAJFINSV
05-Feb-2022 14:46:15,,https://nsearchives.nseindia.com/corporate/BAJAJFINSV_05022022144615_NSEBSELETTERBALICSIGNED05022022.pdf,Bajaj Finserv Limited has informed the Exchange regarding ''information submitted to IRDAI by the unlisted insurance subsidiary of the Company'.,,,Updates,00:00:05,05022022144615,05-Feb-2022 14:46:20,-,False,,,105230929,Finance,INE918I01018,Bajaj Finserv Limited,2022-02-05 14:46:15,BAJAJFINSV
03-Feb-2022 21:16:33,,https://nsearchives.nseindia.com/corporate/BAJAJFINSV_03022022211633_NSEBSELETTERBAGIC03022022SIGNED.pdf,Bajaj Finserv Limited has informed the Exchange regarding 'information submitted to IRDAI by the unlisted insurance subsidiary of the Company'.,,,Updates,00:00:04,03022022211633,03-Feb-2022 21:16:37,-,False,,,105228486,Finance,INE918I01018,Bajaj Finserv Limited,2022-02-03 21:16:33,BAJAJFINSV
20-Jan-2022 14:06:51,,https://nsearchives.nseindia.com/corporate/BFSBSENSEBMOUTCOME20012022_20012022140651.pdf,"Bajaj Finserv Limited has submitted to the Exchange, the financial results for the period ended December 31, 2021.",,,Financial Result Updates,00:01:16,20012022140651,20-Jan-2022 14:08:07,-,False,,,146545,Finance,INE918I01018,Bajaj Finserv Limited,2022-01-20 14:06:51,BAJAJFINSV
20-Jan-2022 13:45:49,,https://nsearchives.nseindia.com/corporate/BAJAJFINSV_20012022134549_BFSNSEBSELETTERINVESTORPRESENTATION20012022.pdf,Bajaj Finserv Limited has informed the Exchange about Investor Presentation,,,Investor Presentation,00:00:11,20012022134549,20-Jan-2022 13:46:00,-,False,,,105212835,Finance,INE918I01018,Bajaj Finserv Limited,2022-01-20 13:45:49,BAJAJFINSV
20-Jan-2022 13:23:32,,https://nsearchives.nseindia.com/corporate/BAJAJFINSV_20012022132332_BFSBSENSEBMOUTCOME20012022.pdf,"Bajaj Finserv Limited has informed the Exchange regarding  Board meeting held on January 20, 2022.",,,Outcome of Board Meeting,00:00:05,20012022132332,20-Jan-2022 13:23:37,-,False,,,105212824,Finance,INE918I01018,Bajaj Finserv Limited,2022-01-20 13:23:32,BAJAJFINSV
17-Jan-2022 13:50:24,,https://nsearchives.nseindia.com/corporate/BAJAJFINSV_17012022135024_BFSSELETTERINVESTORSCALL21012022.pdf,Bajaj Finserv Limited has informed the Exchange about Schedule of meet,,,Analysts/Institutional Investor Meet/Con. Call Updates,00:00:13,17012022135024,17-Jan-2022 13:50:37,-,False,,,105208450,Finance,INE918I01018,Bajaj Finserv Limited,2022-01-17 13:50:24,BAJAJFINSV
08-Jan-2022 18:37:47,,https://nsearchives.nseindia.com/corporate/BAJAJFINSV_08012022183747_BFSBSENSE745Q308JAN2022.pdf,"Bajaj Finserv Limited has informed the Exchange about Certificate under SEBI (Depositories and Participants) Regulations, 2018",,,"Certificate under SEBI (Depositories and Participants) Regulations, 2018",00:00:05,08012022183747,08-Jan-2022 18:37:52,-,False,,,105200357,Finance,INE918I01018,Bajaj Finserv Limited,2022-01-08 18:37:47,BAJAJFINSV
06-Jan-2022 12:15:48,,https://nsearchives.nseindia.com/corporate/BAJAJFINSV_06012022121548_NSEBSEBAGICBALICLETTER06012021.pdf,Bajaj Finserv Limited has informed the Exchange regarding 'information submitted to IRDAI by the unlisted insurance subsidiaries of the Company'.,,,Updates,00:00:05,06012022121548,06-Jan-2022 12:15:53,-,False,,,105197634,Finance,INE918I01018,Bajaj Finserv Limited,2022-01-06 12:15:48,BAJAJFINSV
24-Nov-2021 20:42:02,,https://nsearchives.nseindia.com/corporate/BAJAJFINSV_24112021204202_BFSBSENSEMOHITSUJITHISSUEOFDUPLICATE24112021.pdf,Bajaj Finserv Limited has informed the Exchange about Loss of Share Certificates,,,Loss of Share Certificates,00:00:04,24112021204202,24-Nov-2021 20:42:06,-,False,,,105153408,Finance,INE918I01018,Bajaj Finserv Limited,2021-11-24 20:42:02,BAJAJFINSV
20-Nov-2021 16:18:19,,https://nsearchives.nseindia.com/corporate/BAJAJFINSV_20112021161819_BFSSELETTERVOTINGRESULTS20112021.pdf,"Bajaj Finserv Limited has submitted the Exchange a copy Srutinizers report of  Postal Ballot. Further, the company has informed the Exchange regarding voting results.",,,Shareholders meeting,00:00:06,20112021161819,20-Nov-2021 16:18:25,-,False,,,105149858,Finance,INE918I01018,Bajaj Finserv Limited,2021-11-20 16:18:19,BAJAJFINSV
15-Nov-2021 13:42:48,,https://nsearchives.nseindia.com/corporate/BAJAJFINSV_15112021134248_BFSINVESTORSMEETINGINTIMATIONSIGNED15112021.pdf,Bajaj Finserv Limited has informed the Exchange about Schedule of meet,,,Analysts/Institutional Investor Meet/Con. Call Updates,00:00:21,15112021134248,15-Nov-2021 13:43:09,-,False,,,105143934,Finance,INE918I01018,Bajaj Finserv Limited,2021-11-15 13:42:48,BAJAJFINSV
13-Nov-2021 22:09:10,,https://nsearchives.nseindia.com/corporate/BAJAJFINSV_13112021220910_BFSSELETETRRESIGNATIONOFAUDITOR13102021_.pdf,Bajaj Finserv Limited has informed the Exchange regarding Change in Auditors of the company.,,,Change in Auditors,00:00:06,13112021220910,13-Nov-2021 22:09:16,-,False,,,105143156,Finance,INE918I01018,Bajaj Finserv Limited,2021-11-13 22:09:10,BAJAJFINSV
11-Nov-2021 19:12:57,,https://nsearchives.nseindia.com/corporate/BAJAJFINSV_11112021191257_NSEBSELETTERISSUEOFDUPLICATE11112021.pdf,Bajaj Finserv Limited has informed the Exchange about Loss of Share Certificates,,,Loss of Share Certificates,00:00:04,11112021191257,11-Nov-2021 19:13:01,-,False,,,105139740,Finance,INE918I01018,Bajaj Finserv Limited,2021-11-11 19:12:57,BAJAJFINSV
03-Nov-2021 16:14:05,,https://nsearchives.nseindia.com/corporate/BAJAJFINSV_03112021161405_BFSNSEBSEHalfyearlycomSept2021.pdf,Bajaj Finserv Limited has informed the Exchange regarding ''.,,,Updates,00:00:07,03112021161405,03-Nov-2021 16:14:12,-,False,,,105132235,Finance,INE918I01018,Bajaj Finserv Limited,2021-11-03 16:14:05,BAJAJFINSV
02-Nov-2021 16:33:23,,https://nsearchives.nseindia.com/corporate/BAJAJFINSV_02112021163323_BFSNSEBSEDUPLICATEISSUEINTIMATION02112021.pdf,Bajaj Finserv Limited has informed the Exchange about Loss of Share Certificates,,,Loss of Share Certificates,00:00:07,02112021163323,02-Nov-2021 16:33:30,-,False,,,105130469,Finance,INE918I01018,Bajaj Finserv Limited,2021-11-02 16:33:23,BAJAJFINSV
28-Oct-2021 12:43:05,,https://nsearchives.nseindia.com/corporate/BAJAJFINSV_28102021124305_BFSBSENSEINVESTORMEETREG3028102021.pdf,Bajaj Finserv Limited has informed the Exchange about Investor Presentation,,,Investor Presentation,00:00:06,28102021124305,28-Oct-2021 12:43:11,-,False,,,105124418,Finance,INE918I01018,Bajaj Finserv Limited,2021-10-28 12:43:05,BAJAJFINSV
28-Oct-2021 12:40:45,,https://nsearchives.nseindia.com/corporate/BFSBSENSEOUTCOMEOFBM28102021_28102021124045.pdf,"Bajaj Finserv Limited has submitted to the Exchange, the financial results for the period ended September 30, 2021.",,,Financial Result Updates,00:01:28,28102021124045,28-Oct-2021 12:42:13,-,False,,,144874,Finance,INE918I01018,Bajaj Finserv Limited,2021-10-28 12:40:45,BAJAJFINSV
28-Oct-2021 12:26:08,,https://nsearchives.nseindia.com/corporate/BAJAJFINSV_28102021122608_BFSBSENSEOUTCOMEOFBM28102021.pdf,"Bajaj Finserv Limited has informed the Exchange regarding  Board meeting held on October 28, 2021.",,,Outcome of Board Meeting,00:00:07,28102021122608,28-Oct-2021 12:26:15,-,False,,,105124408,Finance,INE918I01018,Bajaj Finserv Limited,2021-10-28 12:26:08,BAJAJFINSV
23-Oct-2021 13:44:03,,https://nsearchives.nseindia.com/corporate/BAJAJFINSV_23102021134403_NSEBSELETTERINVESTORSCALL23102021.pdf,Bajaj Finserv Limited has informed the Exchange about Schedule of meet of Analysts/Institutional Investor Meet/Con,,,Analysts/Institutional Investor Meet/Con. Call Updates,00:00:06,23102021134403,23-Oct-2021 13:44:09,-,False,,,105118846,Finance,INE918I01018,Bajaj Finserv Limited,2021-10-23 13:44:03,BAJAJFINSV
19-Oct-2021 19:31:46,,https://nsearchives.nseindia.com/corporate/BAJAJFINSV_19102021193146_BFSBSENSEREG3047PBADV19102021.pdf,Bajaj Finserv Limited has informed the Exchange about Copy of Newspaper Publication,,,Copy of Newspaper Publication,00:00:05,19102021193146,19-Oct-2021 19:31:51,-,False,,,105114192,Finance,INE918I01018,Bajaj Finserv Limited,2021-10-19 19:31:46,BAJAJFINSV
19-Oct-2021 19:22:46,,https://nsearchives.nseindia.com/corporate/BAJAJFINSV_19102021192246_BFSBSENSEAMCWOS19102021.pdf,Bajaj Finserv Limited has informed the Exchange regarding ''Update - Intimation of In-principle approval from SEBI for sponsoring/setting up of Mutual Fund- Regulation 30.'',,,Updates,00:00:03,19102021192246,19-Oct-2021 19:22:49,-,False,,,105114184,Finance,INE918I01018,Bajaj Finserv Limited,2021-10-19 19:22:46,BAJAJFINSV
18-Oct-2021 19:58:50,,https://nsearchives.nseindia.com/corporate/BAJAJFINSV_18102021195850_NSEBSELETTERPOSTALBALLOT2021.pdf,Bajaj Finserv Limited has informed the Exchange regarding Notice of Postal Ballot,,,Shareholders meeting,00:00:06,18102021195850,18-Oct-2021 19:58:56,-,False,,,105112654,Finance,INE918I01018,Bajaj Finserv Limited,2021-10-18 19:58:50,BAJAJFINSV
13-Oct-2021 20:36:08,,https://nsearchives.nseindia.com/corporate/BAJAJFINSV_13102021203608_NSEBSELOSTOFSHCERT13102021.pdf,Bajaj Finserv Limited has informed the Exchange about Loss of Share Certificates,,,Loss of Share Certificates,00:00:04,13102021203608,13-Oct-2021 20:36:12,-,False,,,105109143,Finance,INE918I01018,Bajaj Finserv Limited,2021-10-13 20:36:08,BAJAJFINSV
13-Oct-2021 19:47:57,,https://nsearchives.nseindia.com/corporate/BAJAJFINSV_13102021194757_BFSBSENSEREG74_5_Q213102021.pdf,"Bajaj Finserv Limited has informed the Exchange about Certificate under SEBI (Depositories and Participants) Regulations, 2018",,,"Certificate under SEBI (Depositories and Participants) Regulations, 2018",00:00:11,13102021194757,13-Oct-2021 19:48:08,-,False,,,105109133,Finance,INE918I01018,Bajaj Finserv Limited,2021-10-13 19:47:57,BAJAJFINSV
12-Oct-2021 17:08:39,,https://nsearchives.nseindia.com/corporate/BAJAJFINSV_12102021170839_BFSBSENSETRUSTEECO12102021.pdf,Bajaj Finserv Limited has informed the Exchange regarding 'Update - Intimation of In-principle approval from SEBI for sponsoring/setting up of Mutual Fund- Regulation 30'.,,,Updates,00:00:06,12102021170839,12-Oct-2021 17:08:45,-,False,,,105107438,Finance,INE918I01018,Bajaj Finserv Limited,2021-10-12 17:08:39,BAJAJFINSV
07-Oct-2021 19:35:06,,https://nsearchives.nseindia.com/corporate/BAJAJFINSV_07102021193506_BFSBSENSELOSSINTIMATION07102021.pdf,Bajaj Finserv Limited has informed the Exchange about Loss of Share Certificates,,,Loss of Share Certificates,00:00:06,07102021193506,07-Oct-2021 19:35:12,-,False,,,105102019,Finance,INE918I01018,Bajaj Finserv Limited,2021-10-07 19:35:06,BAJAJFINSV
06-Oct-2021 19:24:14,,https://nsearchives.nseindia.com/corporate/BAJAJFINSV_06102021192414_NSEBSELETTERISSUEOFDUPLICATE_06102021.pdf,Bajaj Finserv Limited has informed the Exchange about Loss of Share Certificates,,,Loss of Share Certificates,00:00:05,06102021192414,06-Oct-2021 19:24:19,-,False,,,105100761,Finance,INE918I01018,Bajaj Finserv Limited,2021-10-06 19:24:14,BAJAJFINSV
28-Sep-2021 12:42:39,,https://nsearchives.nseindia.com/corporate/BAJAJFINSV_28092021124238_BSENSELETTERWOS28092021.pdf,Bajaj Finserv Limited has informed the Exchange regarding 'Update on incorporation of a Wholly Owned Subsidiary Company'.,,,Updates,00:00:08,28092021124239,28-Sep-2021 12:42:47,-,False,,,105088368,Finance,INE918I01018,Bajaj Finserv Limited,2021-09-28 12:42:39,BAJAJFINSV
17-Sep-2021 19:24:27,,https://nsearchives.nseindia.com/corporate/BAJAJFINSV_17092021192427_BFSNSEBSELOSTINTIMATION17092021.pdf,Bajaj Finserv Limited has informed the Exchange about Loss of Share Certificates,,,Loss of Share Certificates,00:00:05,17092021192427,17-Sep-2021 19:24:32,-,False,,,105077349,Finance,INE918I01018,Bajaj Finserv Limited,2021-09-17 19:24:27,BAJAJFINSV
17-Sep-2021 18:37:44,,https://nsearchives.nseindia.com/corporate/BAJAJFINSV_17092021183744_BFSBSENSEKMP17092021.pdf,Bajaj Finserv Limited has informed the Exchange about Change in Company Secretary/Compliance Officer,,,Change in Company Secretary/Compliance Officer,00:00:05,17092021183744,17-Sep-2021 18:37:49,-,False,,,105077311,Finance,INE918I01018,Bajaj Finserv Limited,2021-09-17 18:37:44,BAJAJFINSV
17-Sep-2021 18:34:32,,https://nsearchives.nseindia.com/corporate/BAJAJFINSV_17092021183432_BFSNSEBSELETTERBFSD17092021.pdf,Bajaj Finserv Limited has informed the Exchange about - Update on investment in Bajaj Finserv Direct Limited,,,Acquisition,00:00:05,17092021183432,17-Sep-2021 18:34:37,-,False,,,105077307,Finance,INE918I01018,Bajaj Finserv Limited,2021-09-17 18:34:32,BAJAJFINSV
17-Sep-2021 18:26:37,,https://nsearchives.nseindia.com/corporate/BAJAJFINSV_17092021182636_BFSNSEBSEAUDITORS17092021.pdf,Bajaj Finserv Limited has informed the Exchange regarding Change in Auditors of the company.,,,Change in Auditors,00:00:04,17092021182637,17-Sep-2021 18:26:41,-,False,,,105077304,Finance,INE918I01018,Bajaj Finserv Limited,2021-09-17 18:26:37,BAJAJFINSV
13-Sep-2021 10:26:00,,https://nsearchives.nseindia.com/corporate/BAJAJFINSV_13092021102600_BSENSEINVESTORINTIMATIONREG30_13092021.pdf,Bajaj Finserv Limited has informed the Exchange about Analysts/Institutional Investor Meet/Con. Call Updates,,,Analysts/Institutional Investor Meet/Con. Call Updates,00:00:13,13092021102600,13-Sep-2021 10:26:13,-,False,,,105070800,Finance,INE918I01018,Bajaj Finserv Limited,2021-09-13 10:26:00,BAJAJFINSV
24-Aug-2021 10:40:35,,https://nsearchives.nseindia.com/corporate/BAJAJFINSV_24082021104035_BFSBSENSEINTIMATIONMUTUALFUND24082021.pdf,Bajaj Finserv Limited has informed the Exchange regarding 'Update - Intimation of In-principle approval from SEBI for sponsoring / setting up of Mutual Fund- Regulation 30'.,,,Updates,00:00:05,24082021104035,24-Aug-2021 10:40:40,-,False,,,105047063,Finance,INE918I01018,Bajaj Finserv Limited,2021-08-24 10:40:35,BAJAJFINSV
11-Aug-2021 16:16:46,,https://nsearchives.nseindia.com/corporate/BAJAJFINSV_11082021161646_BFSNSEBSELETTER11082021.pdf,"Bajaj Finserv Limited has informed the Exchange regarding 'Intimation under Regulation 30 of the SEBI (Listing Obligations and Disclosure Requirements) Regulations, 2015'.",,,Updates,00:00:07,11082021161646,11-Aug-2021 16:16:53,-,False,,,105032118,Finance,INE918I01018,Bajaj Finserv Limited,2021-08-11 16:16:46,BAJAJFINSV
09-Aug-2021 18:03:50,,https://nsearchives.nseindia.com/corporate/BAJAJFINSV_09082021180350_BFSBSENSEREG39ANANDAVALLILOSSOFSHARECERTIFICATE.pdf,Bajaj Finserv Limited has informed the Exchange about Loss of Share Certificates,,,Loss of Share Certificates,00:00:11,09082021180350,09-Aug-2021 18:04:01,-,False,,,105028414,Finance,INE918I01018,Bajaj Finserv Limited,2021-08-09 18:03:50,BAJAJFINSV
03-Aug-2021 15:48:47,,https://nsearchives.nseindia.com/corporate/BAJAJFINSV_03082021154847_BSENSESELETTERINVESTORSMEET3082021.pdf,Bajaj Finserv Limited has informed the Exchange about Analysts/Institutional Investor Meet/Con. Call Updates,,,Analysts/Institutional Investor Meet/Con. Call Updates,00:00:03,03082021154847,03-Aug-2021 15:48:50,-,False,,,105019866,Finance,INE918I01018,Bajaj Finserv Limited,2021-08-03 15:48:47,BAJAJFINSV
22-Jul-2021 18:04:21,,https://nsearchives.nseindia.com/corporate/BAJAJFINSV_22072021180421_BFSBSENSESCRUTINIZERREPORTVOTINGRESULT21JULY2021.pdf,"Bajaj Finserv Limited has submitted the Exchange a copy Srutinizers report of  Annual General Meeting held on July 21, 2021. Further, the company has informed the Exchange regarding voting results.",,,Shareholders meeting,00:00:09,22072021180421,22-Jul-2021 18:04:30,-,False,,,105004145,Finance,INE918I01018,Bajaj Finserv Limited,2021-07-22 18:04:21,BAJAJFINSV
22-Jul-2021 13:09:57,,https://nsearchives.nseindia.com/corporate/BAJAJFINSV_22072021130957_BFSBSENSEOUTCOMEOFAGM21JULY2021.pdf,"Bajaj Finserv Limited has informed the Exchange regarding Proceedings of Annual General Meeting held on July 21, 2021",,,Shareholders meeting,00:00:19,22072021130957,22-Jul-2021 13:10:16,-,False,,,105003784,Finance,INE918I01018,Bajaj Finserv Limited,2021-07-22 13:09:57,BAJAJFINSV
21-Jul-2021 16:01:56,,https://nsearchives.nseindia.com/corporate/BAJAJFINSV_21072021160156_BFSBSENSEINVESTORPPTREG3021JULY2021.pdf,Bajaj Finserv Limited has informed the Exchange about Investor Presentation,,,Investor Presentation,00:00:13,21072021160156,21-Jul-2021 16:02:09,-,False,,,105002873,Finance,INE918I01018,Bajaj Finserv Limited,2021-07-21 16:01:56,BAJAJFINSV
21-Jul-2021 15:06:15,,https://nsearchives.nseindia.com/corporate/BAJAJFINSV_21072021150615_BFSBSENSEESOPGRANT21JULY2021.pdf,Bajaj Finserv Limited has informed the Exchange regarding Grant of 1725  Options.,,,ESOP/ESOS/ESPS,00:00:04,21072021150615,21-Jul-2021 15:06:19,-,False,,,105002844,Finance,INE918I01018,Bajaj Finserv Limited,2021-07-21 15:06:15,BAJAJFINSV
21-Jul-2021 14:03:10,,https://nsearchives.nseindia.com/corporate/BAJAJFINSV_21072021140310_BFSBSENSEINVESTMENTBFSDREG3021JULY2021.pdf,Bajaj Finserv Limited has informed the Exchange about Updates on Acquisition,,,Acquisition,00:00:07,21072021140310,21-Jul-2021 14:03:17,-,False,,,105002802,Finance,INE918I01018,Bajaj Finserv Limited,2021-07-21 14:03:10,BAJAJFINSV
21-Jul-2021 12:30:11,,https://nsearchives.nseindia.com/corporate/BFSBSENSEUNAUDITEDFINANCIALRESULTS21JULY2021_21072021123011.pdf,"Bajaj Finserv Limited has submitted to the Exchange, the financial results for the period ended June 30, 2021.",,,Financial Result Updates,00:01:54,21072021123011,21-Jul-2021 12:32:05,-,False,,,142781,Finance,INE918I01018,Bajaj Finserv Limited,2021-07-21 12:30:11,BAJAJFINSV
21-Jul-2021 12:23:49,,https://nsearchives.nseindia.com/corporate/BAJAJFINSV_21072021122348_BFSBSENSEOUTCOMEOFBOARDMEETING21JULY2021.pdf,"Bajaj Finserv Limited has informed the Exchange regarding  Board meeting held on July 21, 2021.",,,Outcome of Board Meeting,00:00:05,21072021122349,21-Jul-2021 12:23:54,-,False,,,105002751,Finance,INE918I01018,Bajaj Finserv Limited,2021-07-21 12:23:49,BAJAJFINSV
12-Jul-2021 11:40:04,,https://nsearchives.nseindia.com/corporate/BAJAJFINSV_12072021114004_BSENSEANALYISTCALLINTIMATION12072021.pdf,Bajaj Finserv Limited has informed the Exchange about Analysts/Institutional Investor Meet/Con. Call Updates,,,Analysts/Institutional Investor Meet/Con. Call Updates,00:00:16,12072021114004,12-Jul-2021 11:40:20,-,False,,,104989883,Finance,INE918I01018,Bajaj Finserv Limited,2021-07-12 11:40:04,BAJAJFINSV
12-Jul-2021 11:31:18,,https://nsearchives.nseindia.com/corporate/BAJAJFINSV_12072021113118_BFSBSEREG745Q112072021.pdf,"Bajaj Finserv Limited has informed the Exchange about Certificate under SEBI (Depositories and Participants) Regulations, 2018",,,"Certificate under SEBI (Depositories and Participants) Regulations, 2018",00:00:03,12072021113118,12-Jul-2021 11:31:21,-,False,,,104989877,Finance,INE918I01018,Bajaj Finserv Limited,2021-07-12 11:31:18,BAJAJFINSV
30-Jun-2021 11:37:39,,https://nsearchives.nseindia.com/corporate/BAJAJFINSV_30062021113739_NSEBSENEWSPAPERADVT30062021.pdf,Bajaj Finserv Limited has informed the Exchange about Copy of Newspaper Publication,,,Copy of Newspaper Publication,00:00:08,30062021113739,30-Jun-2021 11:37:47,-,False,,,104974581,Finance,INE918I01018,Bajaj Finserv Limited,2021-06-30 11:37:39,BAJAJFINSV
29-Jun-2021 14:58:12,,https://nsearchives.nseindia.com/corporate/BAJAJFINSV_29062021145812_SELETTERAGMNOTICE21JULY2021.pdf,"Bajaj Finserv Limited has informed the Exchange regarding Notice of Annual General Meeting to be held on July 21, 2021",,,Shareholders meeting,00:00:11,29062021145812,29-Jun-2021 14:58:23,-,False,,,104972398,Finance,INE918I01018,Bajaj Finserv Limited,2021-06-29 14:58:12,BAJAJFINSV
26-Jun-2021 14:46:49,,https://nsearchives.nseindia.com/corporate/BAJAJFINSV_26062021144649_NSEBSEREG30AND47NEWSPAPERADVT.pdf,Bajaj Finserv Limited has informed the Exchange about Copy of Newspaper Publication,,,Copy of Newspaper Publication,00:00:05,26062021144649,26-Jun-2021 14:46:54,-,False,,,104968969,Finance,INE918I01018,Bajaj Finserv Limited,2021-06-26 14:46:49,BAJAJFINSV
16-Jun-2021 18:57:02,,https://nsearchives.nseindia.com/corporate/BAJAJFINSV_16062021185702_BSENSETDSCOMMUNICATION16062021.pdf,Bajaj Finserv Limited has informed the Exchange regarding 'Communication On Tax Deduction At Source On Dividends'.,,,Updates,00:00:07,16062021185702,16-Jun-2021 18:57:09,-,False,,,104953802,Finance,INE918I01018,Bajaj Finserv Limited,2021-06-16 18:57:02,BAJAJFINSV
16-Jun-2021 10:03:39,,https://nsearchives.nseindia.com/corporate/BAJAJFINSV_16062021100339_BSENSELETTERIEPFREMINDER_16062021.pdf,Bajaj Finserv Limited has informed the Exchange about Copy of Newspaper Publication,,,Copy of Newspaper Publication,00:00:06,16062021100339,16-Jun-2021 10:03:45,-,False,,,104953443,Finance,INE918I01018,Bajaj Finserv Limited,2021-06-16 10:03:39,BAJAJFINSV
11-Jun-2021 10:45:36,,https://nsearchives.nseindia.com/corporate/BAJAJFINSV_11062021104536_LettertoBSENSEViolationAnilPM.pdf,"Bajaj Finserv Limited has informed the Exchange about Code of Conduct under SEBI(PIT) Reg., 2015",,,"Code of Conduct under SEBI(PIT) Reg., 2015",00:00:04,11062021104536,11-Jun-2021 10:45:40,-,False,,,104946893,Finance,INE918I01018,Bajaj Finserv Limited,2021-06-11 10:45:36,BAJAJFINSV
09-Jun-2021 17:32:59,,https://nsearchives.nseindia.com/corporate/BAJAJFINSV_09062021173258_SCLettertoBSENSEViolation090621.pdf,"Bajaj Finserv Limited has informed the Exchange about Code of Conduct under SEBI(PIT) Reg., 2015",,,"Code of Conduct under SEBI(PIT) Reg., 2015",00:00:04,09062021173259,09-Jun-2021 17:33:03,-,False,,,104943275,Finance,INE918I01018,Bajaj Finserv Limited,2021-06-09 17:32:59,BAJAJFINSV
09-Jun-2021 17:31:45,,https://nsearchives.nseindia.com/corporate/BAJAJFINSV_09062021173145_GSLettertoBSENSEViolation090621.pdf,"Bajaj Finserv Limited has informed the Exchange about Code of Conduct under SEBI(PIT) Reg., 2015",,,"Code of Conduct under SEBI(PIT) Reg., 2015",00:00:06,09062021173145,09-Jun-2021 17:31:51,-,False,,,104943273,Finance,INE918I01018,Bajaj Finserv Limited,2021-06-09 17:31:45,BAJAJFINSV
07-Jun-2021 13:00:02,,https://nsearchives.nseindia.com/corporate/BAJAJFINSV_07062021130002_BFSAnalystUTIMF070621.pdf,Bajaj Finserv Limited has informed the Exchange about Analysts/Institutional Investor Meet/Con. Call Updates,,,Analysts/Institutional Investor Meet/Con. Call Updates,00:00:12,07062021130002,07-Jun-2021 13:00:14,-,False,,,104939009,Finance,INE918I01018,Bajaj Finserv Limited,2021-06-07 13:00:02,BAJAJFINSV
03-Jun-2021 14:38:58,,https://nsearchives.nseindia.com/corporate/BAJAJFINSV_03062021143858_BFSSEAnalystMeetNomura04062021.pdf,Bajaj Finserv Limited has informed the Exchange about Analysts/Institutional Investor Meet/Con. Call Updates,,,Analysts/Institutional Investor Meet/Con. Call Updates,01:32:22,03062021143858,03-Jun-2021 16:11:20,-,False,,,104935076,Finance,INE918I01018,Bajaj Finserv Limited,2021-06-03 14:38:58,BAJAJFINSV
21-May-2021 18:25:03,,https://nsearchives.nseindia.com/corporate/BAJAJFINSV_21052021182503_BFSREG23ConsolidatedRPTD2021.pdf,Bajaj Finserv Limited has informed the Exchange about related Party Transactions,,,Related Party Transactions,00:00:18,21052021182503,21-May-2021 18:25:21,-,False,,,104917164,Finance,INE918I01018,Bajaj Finserv Limited,2021-05-21 18:25:03,BAJAJFINSV
10-May-2021 15:24:21,,https://nsearchives.nseindia.com/corporate/BAJAJFINSV_10052021152421_SEISSUEOFSHARECERTIFICATEBEHROZE10MAY2021.pdf,Bajaj Finserv Limited has informed the Exchange about Loss of Share Certificates,,,Loss of Share Certificates,00:00:11,10052021152421,10-May-2021 15:24:32,-,False,,,104901002,Finance,INE918I01018,Bajaj Finserv Limited,2021-05-10 15:24:21,BAJAJFINSV
28-Apr-2021 14:06:45,,https://nsearchives.nseindia.com/corporate/BAJAJFINSV_28042021140645_BFSESOPGRANT28APRIL2021.pdf,Bajaj Finserv Limited has informed the Exchange regarding Grant of 379975  Options.,,,ESOP/ESOS/ESPS,00:00:05,28042021140645,28-Apr-2021 14:06:50,-,False,,,104884448,Finance,INE918I01018,Bajaj Finserv Limited,2021-04-28 14:06:45,BAJAJFINSV
28-Apr-2021 13:53:53,,https://nsearchives.nseindia.com/corporate/BAJAJFINSV_28042021135353_BFSIPQ4FY21ExchangeUpload.pdf,Bajaj Finserv Limited has informed the Exchange about Investor Presentation,,,Investor Presentation,00:00:19,28042021135353,28-Apr-2021 13:54:12,-,False,,,104884444,Finance,INE918I01018,Bajaj Finserv Limited,2021-04-28 13:53:53,BAJAJFINSV
28-Apr-2021 13:38:59,,https://nsearchives.nseindia.com/corporate/BAJAJFINSV_28042021133859_BFSREVISEDOUTCOMEBM28APRIL2021.pdf,Revised* outcome of Board Meeting of Bajaj Finserv Limited held on 28 April  2021,,,Financial Results Updates,00:00:12,28042021133859,28-Apr-2021 13:39:11,-,False,,,104884437,Finance,INE918I01018,Bajaj Finserv Limited,2021-04-28 13:38:59,BAJAJFINSV
28-Apr-2021 13:28:44,,https://nsearchives.nseindia.com/corporate/BAJAJFINSV_28042021132844_BFSREVISEDOUTCOMEBM28APRIL2021.pdf,"Bajaj Finserv Limited has informed the Exchange regarding  Board meeting held on April 28, 2021.",,,Outcome of Board Meeting,00:00:06,28042021132844,28-Apr-2021 13:28:50,-,False,,,104884435,Finance,INE918I01018,Bajaj Finserv Limited,2021-04-28 13:28:44,BAJAJFINSV
28-Apr-2021 13:12:06,,https://nsearchives.nseindia.com/corporate/BAJAJFINSV_28042021131206_BFSINTIMATIONOFBOOKCLOSURE28AAPRIL2021.pdf,Bajaj Finserv Limited has informed the Exchange that Register of Members & Share Transfer Books of the Company will remain closed from 10-Jul-2021 to 21-Jul-2021 for the purpose of Dividend & Meeting.,,,Book Closure,00:00:12,28042021131206,28-Apr-2021 13:12:18,-,False,,,104884430,Finance,INE918I01018,Bajaj Finserv Limited,2021-04-28 13:12:06,BAJAJFINSV
28-Apr-2021 12:35:04,,https://nsearchives.nseindia.com/corporate/BAJAJFINSV_28042021123503_BFSDIVIDEND28APRIL2021.pdf,"Bajaj Finserv Limited has informed the Exchange that Board of Directors at its meeting held on April 28, 2021, recommended Final Dividend of 3 per equity share.",,,Dividend,00:00:18,28042021123504,28-Apr-2021 12:35:22,-,False,,,104884398,Finance,INE918I01018,Bajaj Finserv Limited,2021-04-28 12:35:04,BAJAJFINSV
28-Apr-2021 12:28:40,,https://nsearchives.nseindia.com/corporate/BFSOUTCOMEOFBM28APRIL2021_28042021122840.pdf,"Bajaj Finserv Limited has submitted to the Exchange, the financial results for the period ended March 31, 2021.",,,Financial Result Updates,00:01:55,28042021122840,28-Apr-2021 12:30:35,-,False,,,140824,Finance,INE918I01018,Bajaj Finserv Limited,2021-04-28 12:28:40,BAJAJFINSV
28-Apr-2021 12:18:13,,https://nsearchives.nseindia.com/corporate/BAJAJFINSV_28042021121813_BFSOUTCOMEOFBM28APRIL2021.pdf,"Bajaj Finserv Limited has informed the Exchange regarding  Board meeting held on April 28, 2021.",,,Outcome of Board Meeting,00:00:11,28042021121813,28-Apr-2021 12:18:24,-,False,,,104884392,Finance,INE918I01018,Bajaj Finserv Limited,2021-04-28 12:18:13,BAJAJFINSV
22-Apr-2021 17:08:50,,https://nsearchives.nseindia.com/corporate/BAJAJFINSV_22042021170850_finsurv.pdf,"Promoter/Member of the Promoter Group of the Company has informed the Exchange regarding disclosure under Regulation 30 of SEBI SAST Regulations 2011 as on March 31, 2021",,,Disclosure under SEBI Takeover Regulations,00:00:06,22042021170850,22-Apr-2021 17:08:56,-,False,,,104875449,Finance,INE918I01018,Bajaj Finserv Limited,2021-04-22 17:08:50,BAJAJFINSV
22-Apr-2021 09:53:21,,https://nsearchives.nseindia.com/corporate/BAJAJFINSV_22042021095321_BAJAFINS.pdf,"��Promoter/Member of the Promoter Group of the Company has informed the Exchange regarding disclosure under Regulation 31(4) of SEBI SAST Regulations, 2011��as at March 31, 2021.",,,Disclosure under SEBI Takeover Regulations,00:00:06,22042021095321,22-Apr-2021 09:53:27,-,False,,,104874715,Finance,INE918I01018,Bajaj Finserv Limited,2021-04-22 09:53:21,BAJAJFINSV
19-Apr-2021 16:49:36,,https://nsearchives.nseindia.com/corporate/BAJAJFINSV_19042021164936_BFSSEANALYSTMEET29042021.pdf,Bajaj Finserv Limited has informed the Exchange about Analysts/Institutional Investor Meet/Con. Call Updates,,,Analysts/Institutional Investor Meet/Con. Call Updates,00:00:05,19042021164936,19-Apr-2021 16:49:41,-,False,,,104870751,Finance,INE918I01018,Bajaj Finserv Limited,2021-04-19 16:49:36,BAJAJFINSV
09-Apr-2021 14:53:25,,https://nsearchives.nseindia.com/corporate/BAJAJFINSV_09042021145325_BFSREG39BEHROZENAVZERVAKHARIA09042021.pdf,Bajaj Finserv Limited has informed the Exchange about Loss of Share Certificates,,,Loss of Share Certificates,00:00:04,09042021145325,09-Apr-2021 14:53:29,-,False,,,104858190,Finance,INE918I01018,Bajaj Finserv Limited,2021-04-09 14:53:25,BAJAJFINSV
07-Apr-2021 15:49:54,,https://nsearchives.nseindia.com/corporate/BAJAJFINSV_07042021154954_BFSREG7407042021.pdf,"Bajaj Finserv Limited has informed the Exchange about Certificate under SEBI (Depositories and Participants) Regulations, 2018",,,"Certificate under SEBI (Depositories and Participants) Regulations, 2018",00:00:03,07042021154954,07-Apr-2021 15:49:57,-,False,,,104852996,Finance,INE918I01018,Bajaj Finserv Limited,2021-04-07 15:49:54,BAJAJFINSV
30-Mar-2021 17:12:20,,https://nsearchives.nseindia.com/corporate/BAJAJFINSV_30032021171220_LettertoBSENSEViolationAjaySathe.pdf,"Bajaj Finserv Limited has informed the Exchange about Code of Conduct under SEBI(PIT) Reg., 2015",,,"Code of Conduct under SEBI(PIT) Reg., 2015",00:00:05,30032021171220,30-Mar-2021 17:12:25,-,False,,,104839298,Finance,INE918I01018,Bajaj Finserv Limited,2021-03-30 17:12:20,BAJAJFINSV
10-Mar-2021 12:17:46,,https://nsearchives.nseindia.com/corporate/BAJAJFINSV_10032021121746_BFSNSEAnalystNipponMF.pdf,Bajaj Finserv Limited has informed the Exchange about Analysts/Institutional Investor Meet/Con. Call Updates,,,Analysts/Institutional Investor Meet/Con. Call Updates,00:00:03,10032021121746,10-Mar-2021 12:17:49,-,False,,,104809823,Finance,INE918I01018,Bajaj Finserv Limited,2021-03-10 12:17:46,BAJAJFINSV
18-Feb-2021 14:49:01,,https://nsearchives.nseindia.com/corporate/BAJAJFINSV_18022021144901_BFSREG39FIRODIA18022021.pdf,Bajaj Finserv Limited has informed the Exchange about Loss of Share Certificates,,,Loss of Share Certificates,00:00:05,18022021144901,18-Feb-2021 14:49:06,-,False,,,104778071,Finance,INE918I01018,Bajaj Finserv Limited,2021-02-18 14:49:01,BAJAJFINSV
09-Feb-2021 18:16:07,,https://nsearchives.nseindia.com/corporate/BAJAJFINSV_09022021181607_BFSREG39DISPATCHNILESHCHOPDA09022021.pdf,Bajaj Finserv Limited has informed the Exchange about Loss of Share Certificates,,,Loss of Share Certificates,00:00:05,09022021181607,09-Feb-2021 18:16:12,-,False,,,104760169,Finance,INE918I01018,Bajaj Finserv Limited,2021-02-09 18:16:07,BAJAJFINSV
08-Feb-2021 20:14:15,,https://nsearchives.nseindia.com/corporate/BAJAJFINSV_08022021201415_BFSANALYSTMEET08022021.pdf,Bajaj Finserv Limited has informed the Exchange about Analysts/Institutional Investor Meet/Con. Call Updates,,,Analysts/Institutional Investor Meet/Con. Call Updates,00:00:05,08022021201415,08-Feb-2021 20:14:20,-,False,,,104757758,Finance,INE918I01018,Bajaj Finserv Limited,2021-02-08 20:14:15,BAJAJFINSV
22-Jan-2021 14:52:26,,https://nsearchives.nseindia.com/corporate/BAJAJFINSV_22012021145226_BFSREG39SUBHASHCHOPDA22012021.pdf,Bajaj Finserv Limited has informed the Exchange about Loss of Share Certificates,,,Loss of Share Certificates,00:00:06,22012021145226,22-Jan-2021 14:52:32,-,False,,,104730546,Finance,INE918I01018,Bajaj Finserv Limited,2021-01-22 14:52:26,BAJAJFINSV
20-Jan-2021 17:58:44,,https://nsearchives.nseindia.com/corporate/BAJAJFINSV_20012021175844_BFSINVESTORPPTQ320012021.pdf,Bajaj Finserv Limited has informed the Exchange about Investor Presentation,,,Investor Presentation,00:00:02,20012021175844,20-Jan-2021 17:58:46,-,False,,,104725970,Finance,INE918I01018,Bajaj Finserv Limited,2021-01-20 17:58:44,BAJAJFINSV
20-Jan-2021 17:44:49,,https://nsearchives.nseindia.com/corporate/BFSQ3URFR20012021_20012021174449.zip,"Bajaj Finserv Limited has submitted to the Exchange, the financial results for the period ended December 31, 2020.",,,Financial Result Updates,00:01:15,20012021174449,20-Jan-2021 17:46:04,-,False,,,139047,Finance,INE918I01018,Bajaj Finserv Limited,2021-01-20 17:44:49,BAJAJFINSV
20-Jan-2021 17:37:07,,https://nsearchives.nseindia.com/corporate/BAJAJFINSV_20012021173707_BFSQ3URFR20012021.pdf,"Bajaj Finserv Limited has informed the Exchange regarding  Board meeting held on January 20, 2021.",,,Outcome of Board Meeting,00:00:09,20012021173707,20-Jan-2021 17:37:16,-,False,,,104725959,Finance,INE918I01018,Bajaj Finserv Limited,2021-01-20 17:37:07,BAJAJFINSV
11-Jan-2021 10:03:22,,https://nsearchives.nseindia.com/corporate/BAJAJFINSV_11012021100322_BFSANALYSTMEETINTIMATIONQ3RESULTS11012021.pdf,Bajaj Finserv Limited has informed the Exchange about Analysts/Institutional Investor Meet/Con. Call Updates,,,Analysts/Institutional Investor Meet/Con. Call Updates,00:00:03,11012021100322,11-Jan-2021 10:03:25,-,False,,,104708837,Finance,INE918I01018,Bajaj Finserv Limited,2021-01-11 10:03:22,BAJAJFINSV
06-Jan-2021 18:07:52,,https://nsearchives.nseindia.com/corporate/BAJAJFINSV_06012021180752_BFSREG7406012021.pdf,"Bajaj Finserv Limited has informed the Exchange about Certificate under SEBI (Depositories and Participants) Regulations, 2018",,,"Certificate under SEBI (Depositories and Participants) Regulations, 2018",00:00:05,06012021180752,06-Jan-2021 18:07:57,-,False,,,104701863,Finance,INE918I01018,Bajaj Finserv Limited,2021-01-06 18:07:52,BAJAJFINSV
15-Dec-2020 17:15:37,,https://nsearchives.nseindia.com/corporate/BAJAJFINSV_15122020171537_BFSSEINTIMATIONREG39BHARUCHA15122020.pdf,Bajaj Finserv Limited has informed the Exchange about Loss of Share Certificates,,,Loss of Share Certificates,00:00:03,15122020171537,15-Dec-2020 17:15:40,-,False,,,104665138,Finance,INE918I01018,Bajaj Finserv Limited,2020-12-15 17:15:37,BAJAJFINSV
23-Nov-2020 13:28:23,,https://nsearchives.nseindia.com/corporate/BAJAJFINSV_23112020132823_BFSANALYSTCALLINTIMATION23112020.pdf,Bajaj Finserv Limited has informed the Exchange about Analysts/Institutional Investor Meet/Con. Call Updates,,,Analysts/Institutional Investor Meet/Con. Call Updates,00:00:06,23112020132823,23-Nov-2020 13:28:29,-,False,,,104628142,Finance,INE918I01018,Bajaj Finserv Limited,2020-11-23 13:28:23,BAJAJFINSV
12-Nov-2020 12:39:44,,https://nsearchives.nseindia.com/corporate/BAJAJFINSV_12112020123944_BFSANALYSTMEET12112020.pdf,Bajaj Finserv Limited has informed the Exchange about Analysts/Institutional Investor Meet/Con. Call Updates,,,Analysts/Institutional Investor Meet/Con. Call Updates,00:00:05,12112020123944,12-Nov-2020 12:39:49,-,False,,,104612145,Finance,INE918I01018,Bajaj Finserv Limited,2020-11-12 12:39:44,BAJAJFINSV
11-Nov-2020 20:18:39,,https://nsearchives.nseindia.com/corporate/BAJAJFINSV_11112020201839_BFSRPTDisclosureH1FY2111Nov2020.pdf,Bajaj Finserv Limited has informed the Exchange about related Party Transactions,,,Related Party Transactions,00:00:04,11112020201839,11-Nov-2020 20:18:43,-,False,,,104610319,Finance,INE918I01018,Bajaj Finserv Limited,2020-11-11 20:18:39,BAJAJFINSV
11-Nov-2020 09:28:42,,https://nsearchives.nseindia.com/corporate/BAJAJFINSV_11112020092842_BFSSEINTIMATION11112020.pdf,Bajaj Finserv Limited has informed the Exchange about Analysts/Institutional Investor Meet/Con. Call Updates,,,Analysts/Institutional Investor Meet/Con. Call Updates,00:00:07,11112020092842,11-Nov-2020 09:28:49,-,False,,,104608631,Finance,INE918I01018,Bajaj Finserv Limited,2020-11-11 09:28:42,BAJAJFINSV
05-Nov-2020 17:15:42,,https://nsearchives.nseindia.com/corporate/BAJAJFINSV_05112020171542_BFSHALFYEARLYLETTER05112020.pdf,Bajaj Finserv Limited has informed the Exchange regarding 'Submission of half-yearly communication sent to shareholders for              the half-year ended 30 September 2020 under Regulation 30(2)'.,,,Updates,00:00:04,05112020171542,05-Nov-2020 17:15:46,-,False,,,104598923,Finance,INE918I01018,Bajaj Finserv Limited,2020-11-05 17:15:42,BAJAJFINSV
21-Oct-2020 18:12:09,,https://nsearchives.nseindia.com/corporate/BAJAJFINSV_21102020181209_BFSINVESTORPPTQ221102020.pdf,"Bajaj Finserv Limited has informed the Exchange about Investor PresentationFurther to our letter dated 14 October 2020, please find enclosed Investor Presentation for the   financial results of the second quarter ended 30 September 2020 under Regulation 30 of the SEBI (Listing Obligations and Disclosure Requirements) Regulations, 2015, read with Schedule III thereto.The aforesaid Investor Presentation includes additional relevant disclosures of material impact of COVID-19 on the Company and its material subsidiaries as required under the SEBI Circular No. SEBI/HO/CFD/CMD1/CIR/P/2020/84 dated 20 May 2020.This is for your information please.",,,Investor Presentation,00:00:03,21102020181209,21-Oct-2020 18:12:12,-,False,,,104571621,Finance,INE918I01018,Bajaj Finserv Limited,2020-10-21 18:12:09,BAJAJFINSV
21-Oct-2020 17:44:30,,https://nsearchives.nseindia.com/corporate/BFSBMOUTCOMEUFR21102020_21102020174430.zip,"Bajaj Finserv Limited has submitted to the Exchange, the financial results for the period ended September 30, 2020.",,,Financial Result Updates,00:01:33,21102020174430,21-Oct-2020 17:46:03,-,False,,,137182,Finance,INE918I01018,Bajaj Finserv Limited,2020-10-21 17:44:30,BAJAJFINSV
21-Oct-2020 17:41:43,,https://nsearchives.nseindia.com/corporate/BAJAJFINSV_21102020174143_BFSBMOUTCOMEUFR21102020.pdf,"Bajaj Finserv Limited has informed the Exchange regarding  Board meeting held on October 21, 2020.",,,Outcome of Board Meeting,00:00:04,21102020174143,21-Oct-2020 17:41:47,-,False,,,104571607,Finance,INE918I01018,Bajaj Finserv Limited,2020-10-21 17:41:43,BAJAJFINSV
19-Oct-2020 10:25:30,,https://nsearchives.nseindia.com/corporate/BAJAJFINSV_19102020102530_BFSREG39DISPATCHVIPINJAIN19102020.pdf,Bajaj Finserv Limited has informed the Exchange about Loss of Share Certificates,,,Loss of Share Certificates,00:00:05,19102020102530,19-Oct-2020 10:25:35,-,False,,,104566724,Finance,INE918I01018,Bajaj Finserv Limited,2020-10-19 10:25:30,BAJAJFINSV
14-Oct-2020 11:43:43,,https://nsearchives.nseindia.com/corporate/BAJAJFINSV_14102020114343_BFSQ2CONCALL22OCT2020.PDF,"Bajaj Finserv Limited has informed the Exchange about Analysts/Institutional Investor Meet/Con. Call UpdatesPursuant to Regulation 30 of the SEBI (Listing Obligations and Disclosure Requirements) Regulations, 2015, read with Schedule III thereto, this is to inform that a conference call for analysts/institutional investors is scheduled on Thursday, 22nd October 2020 at 11:00 a.m. IST for financial results for the second quarter ended 30th September 2020.Dial in and other details of the call are enclosed herewith.This is for your information please.",,,Analysts/Institutional Investor Meet/Con. Call Updates,00:00:05,14102020114343,14-Oct-2020 11:43:48,-,False,,,104559985,Finance,INE918I01018,Bajaj Finserv Limited,2020-10-14 11:43:43,BAJAJFINSV
12-Oct-2020 09:35:58,,https://nsearchives.nseindia.com/corporate/BAJAJFINSV_12102020093558_BFSREG7412102020.pdf,"Bajaj Finserv Limited has informed the Exchange about Certificate under SEBI (Depositories and Participants) Regulations, 2018",,,"Certificate under SEBI (Depositories and Participants) Regulations, 2018",00:00:15,12102020093558,12-Oct-2020 09:36:13,-,False,,,104553898,Finance,INE918I01018,Bajaj Finserv Limited,2020-10-12 09:35:58,BAJAJFINSV
05-Oct-2020 17:12:24,,https://nsearchives.nseindia.com/corporate/BAJAJFINSV_05102020171224_NSEQUERYREPLY02102020.pdf,"BAJAJFINSV: The Exchange had sought clarification from Bajaj Finserv Limited with respect to announcement dated 22-Sep-2020, regarding "" Bajaj Finserv Limited has informed the Exchange regarding 'We are sending herewith a copy of the first product offering from its Health-Tech venture, Bajaj Finserv Health Limited, a wholly-owned subsidiary of the Company"". On basis of above the Company was required to clarify following: 1. Cost of acquisition or the price at which the shares are acquired;2. Nature of consideration - whether cash consideration or share swap and details of the same;The response of the Company is attached.",,,Reply to Clarification Sought,00:00:03,05102020171224,05-Oct-2020 17:12:27,-,False,,,104544788,Finance,INE918I01018,Bajaj Finserv Limited,2020-10-05 17:12:24,BAJAJFINSV
30-Sep-2020 12:27:01,,-,"BAJAJFINSV: The Exchange has sought clarification from Bajaj Finserv Limited with respect to announcement dated 22-Sep-2020, regarding "" Bajaj Finserv Limited has informed the Exchange regarding 'We are sending herewith a copy of the first product offering from its Health-Tech venture, Bajaj Finserv Health Limited, a wholly-owned subsidiary of the Company"".��On basis of above the Company is required to clarify following: 1. Cost of acquisition or the price at which the shares are acquired;2. Nature of consideration - whether cash consideration or share swap and details of the same;The response of the Company is awaited.",,,Clarification,00:00:06,30092020122701,30-Sep-2020 12:27:07,-,False,,,104537714,Finance,INE918I01018,Bajaj Finserv Limited,2020-09-30 12:27:01,BAJAJFINSV
24-Sep-2020 10:07:18,,https://nsearchives.nseindia.com/corporate/BAJAJFINSV_24092020100718_BFSANALYSTMEET24092020.pdf,"Bajaj Finserv Limited has informed the Exchange about Analysts/Institutional Investor Meet/Con. Call Updates.Pursuant to Regulation 30 of the SEBI (Listing Obligations and Disclosure Requirements)Regulations, 2015, read with Schedule III thereto, please find enclosed the schedule of the analyst(s)/institutional investor(s) meeting held on September 23, 2020 where the senior management / management personnel of the company attended them over video conferencing.Kindly note that the discussion was based on Q1 FY 21 and Q4 FY 20 investor presentations and other disclosures in the public domain.This is for your information please.",,,Analysts/Institutional Investor Meet/Con. Call Updates,00:00:04,24092020100718,24-Sep-2020 10:07:22,-,False,,,104528403,Finance,INE918I01018,Bajaj Finserv Limited,2020-09-24 10:07:18,BAJAJFINSV
22-Sep-2020 10:28:14,,https://nsearchives.nseindia.com/corporate/BAJAJFINSV_22092020102814_BFSREG30BFHLUPDATES22092020.pdf,"Bajaj Finserv Limited has informed the Exchange regarding 'We are sending herewith a copy of the first product offering from its Health-Tech venture, Bajaj Finserv Health Limited, a wholly-owned subsidiary of the Company.You are requested to take the same on record.'.",,,Updates,00:00:04,22092020102814,22-Sep-2020 10:28:18,-,False,,,104523171,Finance,INE918I01018,Bajaj Finserv Limited,2020-09-22 10:28:14,BAJAJFINSV
16-Sep-2020 12:40:11,,https://nsearchives.nseindia.com/corporate/BAJAJFINSV_16092020124011_BFSFIFTHGRANTSEINTIMATION16092020.pdf,Bajaj Finserv Limited has informed the Exchange regarding Grant of 12337  Options.,,,ESOP/ESOS/ESPS,00:00:10,16092020124011,16-Sep-2020 12:40:21,-,False,,,104515482,Finance,INE918I01018,Bajaj Finserv Limited,2020-09-16 12:40:11,BAJAJFINSV
16-Sep-2020 12:16:35,,https://nsearchives.nseindia.com/corporate/BAJAJFINSV_16092020121635_BFSRIGHTSISSUEREG3016092020.pdf,"Bajaj Finserv Limited has informed the Exchange regarding allotment of 154 securities pursuant to Abeyance Shares at its meeting held on September 16, 2020",,,Allotment of Securities,00:00:04,16092020121635,16-Sep-2020 12:16:39,-,False,,,104515466,Finance,INE918I01018,Bajaj Finserv Limited,2020-09-16 12:16:35,BAJAJFINSV
11-Sep-2020 15:04:35,,https://nsearchives.nseindia.com/corporate/BAJAJFINSV_11092020150435_BFSREG39VIPINJAIN11092020.pdf,"Bajaj Finserv Limited has informed the Exchange about Loss of Share CertificatesPursuant to Regulation 39(3) of the SEBI (Listing Obligations and Disclosure Requirements) Regulations, 2015, this is to inform that the Company has received an intimation through RTA viz., KFin Technologies Private Limited regarding loss of share certificates, details of which are enclosed.Kindly take the same on record.",,,Loss of Share Certificates,00:00:07,11092020150435,11-Sep-2020 15:04:42,-,False,,,104508610,Finance,INE918I01018,Bajaj Finserv Limited,2020-09-11 15:04:35,BAJAJFINSV
04-Sep-2020 19:21:09,,https://nsearchives.nseindia.com/corporate/BAJAJFINSV_04092020192109_BFSANALYSTMEETOUTCOME04092020.pdf,"Bajaj Finserv Limited has informed the Exchange about Analysts/Institutional Investor Meet/Con. Call UpdatesPursuant to Regulation 30 of the SEBI (Listing Obligations and Disclosure Requirements) Regulations, 2015, read with Schedule III thereto, please find the schedule of the analyst(s)/institutional investor(s) meeting held on September 04, 2020 where the senior management / management personnel of the company attended them over video conferencing.Kindly note that the discussion was based on Q1 FY 21 and Q4 FY 20 investor presentations and other disclosures in the public domain. Other details are enclosed herewith.This is for your information please.",,,Analysts/Institutional Investor Meet/Con. Call Updates,00:00:05,04092020192109,04-Sep-2020 19:21:14,-,False,,,104496945,Finance,INE918I01018,Bajaj Finserv Limited,2020-09-04 19:21:09,BAJAJFINSV
19-Aug-2020 16:36:03,,https://nsearchives.nseindia.com/corporate/BAJAJFINSV_19082020163603_BFSANALYSTOUTCOME19082020.pdf,"Bajaj Finserv Limited has informed the Exchange about Analysts/Institutional Investor Meet/Con. Call UpdatesPursuant to Regulation 30 of the SEBI (Listing Obligations and Disclosure Requirements) Regulations, 2015, read with Schedule III thereto, please find the schedule of the analyst(s)/institutional investor(s) meeting held on August 18, 2020 where the senior management / management personnel of the company attended them over video conferencing.Kindly note that the discussion was based on Q1 FY 21 and Q4 FY 20 investor presentations and other disclosures in the public domain.",,,Analysts/Institutional Investor Meet/Con. Call Updates,00:00:08,19082020163603,19-Aug-2020 16:36:11,-,False,,,104469187,Finance,INE918I01018,Bajaj Finserv Limited,2020-08-19 16:36:03,BAJAJFINSV
14-Aug-2020 17:26:05,,https://nsearchives.nseindia.com/corporate/BAJAJFINSV_14082020172605_BFSREG3014082020.pdf,"Bajaj Finserv Limited has informed the Exchange regarding 'Update in details of authorised officials for the purpose determining materiality of events pursuant to Regulation 30 of SEBI (Listing Obligations and Disclosure Requirements) Regulations, 2015  '.",,,Updates,00:00:04,14082020172605,14-Aug-2020 17:26:09,-,False,,,104462139,Finance,INE918I01018,Bajaj Finserv Limited,2020-08-14 17:26:05,BAJAJFINSV
07-Aug-2020 11:39:01,,https://nsearchives.nseindia.com/corporate/BAJAJFINSV_07082020113901_BFSSELETTERINVESTORMEET7AUG2020.pdf,"Bajaj Finserv Limited has informed the Exchange about Analysts/Institutional Investor Meet/Con. Call Updates Dear Sir/Madam,Pursuant to Regulation 30 of the SEBI (Listing Obligations and Disclosure Requirements) Regulations, 2015, read with Schedule III thereto, please find enclosed the schedule of the analyst(s)/institutional investor(s) meetings held on August 5, 2020 and August 6, 2020 where senior management / management personnel of the company attended them over video conferencing.This is for your information please.",,,Analysts/Institutional Investor Meet/Con. Call Updates,00:00:04,07082020113901,07-Aug-2020 11:39:05,-,False,,,104449193,Finance,INE918I01018,Bajaj Finserv Limited,2020-08-07 11:39:01,BAJAJFINSV
22-Jul-2020 12:32:00,,https://nsearchives.nseindia.com/corporate/BAJAJFINSV_22072020123242_BFSREG44ANDSCRUTINIZERREPORT22072020.pdf,"Bajaj Finserv Limited has submitted the Exchange a copy Srutinizers report of  Annual General Meeting held on July 21, 2020. Further, the company has informed the Exchange regarding voting results.",,,Shareholders meeting,-,22072020123200,-,-,False,,,104421332,Finance,INE918I01018,Bajaj Finserv Limited,2020-07-22 12:32:00,BAJAJFINSV
21-Jul-2020 21:59:00,,https://nsearchives.nseindia.com/corporate/BAJAJFINSV_21072020215907_BFSEAGM21JULY2020.pdf,"Bajaj Finserv Limited has informed the Exchange regarding Proceedings of Annual General Meeting held on July 21, 2020 The meeting commenced at 4.15 p.m. and concluded at 5.23 p.m.",,,Shareholders meeting,-,21072020215900,-,-,False,,,104419386,Finance,INE918I01018,Bajaj Finserv Limited,2020-07-21 21:59:00,BAJAJFINSV
21-Jul-2020 17:56:00,,https://nsearchives.nseindia.com/corporate/BAJAJFINSV_21072020175652_BFSINVESTORPPTQ121072020.pdf,Bajaj Finserv Limited has informed the Exchange about Investor Presentation,,,Investor Presentation,-,21072020175600,-,-,False,,,104419234,Finance,INE918I01018,Bajaj Finserv Limited,2020-07-21 17:56:00,BAJAJFINSV
21-Jul-2020 16:40:23,,https://nsearchives.nseindia.com/corporate/BFSUFR21072020_21072020164023.zip,"Bajaj Finserv Limited has submitted to the Exchange, the financial results for the period ended June 30, 2020.",,,Financial Result Updates,-,21072020164023,-,-,False,,,135104,Finance,INE918I01018,Bajaj Finserv Limited,2020-07-21 16:40:23,BAJAJFINSV
21-Jul-2020 16:32:00,,https://nsearchives.nseindia.com/corporate/BAJAJFINSV_21072020163216_BFSUFR21072020.pdf,"Bajaj Finserv Limited has informed the Exchange regarding  Board meeting held on July 21, 2020.",,,Outcome of Board Meeting,-,21072020163200,-,-,False,,,104419148,Finance,INE918I01018,Bajaj Finserv Limited,2020-07-21 16:32:00,BAJAJFINSV
10-Jul-2020 14:50:00,,https://nsearchives.nseindia.com/corporate/BAJAJFINSV_10072020145015_Bajafin.pdf,Vanraj Bajaj has submitted to the Exchange a copy of Disclosure of Reasons for Encumbrance.( Revised),,,Disclosure under SEBI Takeover Regulations,-,10072020145000,-,-,False,,,104401614,Finance,INE918I01018,Bajaj Finserv Limited,2020-07-10 14:50:00,BAJAJFINSV
09-Jul-2020 12:25:00,,https://nsearchives.nseindia.com/corporate/BAJAJFINSV_09072020122524_BFSCONCALLINTIMATIONQ109072020.pdf,"Pursuant to Regulation 30 of the SEBI (Listing Obligations and Disclosure Requirements) Regulations, 2015, read with Schedule III thereto, this is to inform that a conference call for analysts/institutional investors is scheduled on Thursday, 23 July 2020 at 11:00 a.m. IST for financial results for the first quarter ended 30 June 2020.Dial in and other details of the call are enclosed herewith.This is for your information please.",,,Analysts/Institutional Investor Meet/Con. Call Updates,-,09072020122500,-,-,False,,,104398140,Finance,INE918I01018,Bajaj Finserv Limited,2020-07-09 12:25:00,BAJAJFINSV
01-Jul-2020 10:19:00,,https://nsearchives.nseindia.com/corporate/BAJAJFINSV_01072020101933_BFSSEINTIMATIONAGMNOTICE01072020.pdf,"Bajaj Finserv Limited has informed the Exchange regarding Notice of Annual General Meeting to be held on July 21, 2020",,,Shareholders meeting,-,01072020101900,-,-,False,,,104383072,Finance,INE918I01018,Bajaj Finserv Limited,2020-07-01 10:19:00,BAJAJFINSV
30-Jun-2020 10:43:00,,https://nsearchives.nseindia.com/corporate/BAJAJFINSV_30062020104342_BFSAGMNOTICENWESPAPER30062020.pdf,"Pursuant to Regulation 30 of the SEBI (Listing Obligations and Disclosure Requirements) Regulations, 2015, we submit herewith a copy of newspaper advertisements published for the shareholders of the Company, in The Financial Express (English) and Kesari (Marathi), informing about-(a) Completion of dispatch of Thirteenth AGM Notice, scheduled on Tuesday, 21 July 2020 at 4.15 p.m. through Video Conference ( VC ) / Other Audio Visual Means ( OAVM ), along with the Annual Report and Business Responsibility Report for the year ended 31 March 2020; and(b) E-voting information with cut-off date as Tuesday, 14 July 2020.",,,Copy of Newspaper Publication,-,30062020104300,-,-,False,,,104379726,Finance,INE918I01018,Bajaj Finserv Limited,2020-06-30 10:43:00,BAJAJFINSV
24-Jun-2020 09:17:00,,https://nsearchives.nseindia.com/corporate/BAJAJFINSV_24062020091738_BFSSEINTIMATIONPRIORINTIMATIONOFAGMNEWSPAPERADVT24062020.pdf,"Bajaj Finserv Limited has informed the Exchange about Copy of Newspaper PublicationPursuant to Regulation 30 of the SEBI (Listing Obligations and Disclosure Requirements) Regulations, 2015, we submit herewith a copy of newspaper advertisements published for the shareholders of the Company, in The Financial Express (English) and Kesari (Marathi), informing, inter alia, that:i) the 13th Annual General Meeting ( AGM ) of the members of the Company is scheduled to be held on Tuesday, 21 July 2020 at 4.15 p.m. through Video Conference ( VC ) / Other Audio-Visual Means ( OAVM ) without physical presence of members at a common venue;ii) the Notice of the 13th AGM and Annual Report for FY2020 will be sent to all the members whose email addresses are registered with the Company/ Depository Participants (DPs) and requesting the members to update their email addresses; and iii) the Company has arranged remote e-voting/e-voting facility for the said AGM.Kindly take the above on your record.",,,Copy of Newspaper Publication,-,24062020091700,-,-,False,,,104368588,Finance,INE918I01018,Bajaj Finserv Limited,2020-06-24 09:17:00,BAJAJFINSV
15-Jun-2020 17:07:00,,https://nsearchives.nseindia.com/corporate/BAJAJFINSV_15062020170730_BFSSEINTIMATIONIEPFNEWSPAPERNOTICE15062020.pdf,Bajaj Finserv Limited has informed the Exchange about Copy of Newspaper Publication,,,Copy of Newspaper Publication,-,15062020170700,-,-,False,,,104352482,Finance,INE918I01018,Bajaj Finserv Limited,2020-06-15 17:07:00,BAJAJFINSV
02-Jun-2020 08:11:00,,https://nsearchives.nseindia.com/corporate/BAJAJFINSV_02062020081132_BFS_SEBI_Takeover_Disclosure_31_4__28th_May_2020.pdf,"Promoter of Bajaj Finserv Limited has informed the Exchange  regarding Disclosure under Regulation 31(4) of SEBI (Substantial Acquisition of Share and Takeovers) Regulations, 2011",,,Disclosure under SEBI Takeover Regulations,-,02062020081100,-,-,False,,,104328956,Finance,INE918I01018,Bajaj Finserv Limited,2020-06-02 08:11:00,BAJAJFINSV
01-Jun-2020 10:09:00,,https://nsearchives.nseindia.com/corporate/BAJAJFINSV_01062020100923_BAJAJFINSV.pdf,"Promoters of Bajaj Finserv Limited has informed the Exchange regarding the disclosure pursuant to the provisions of Regulation 30 of the SEBI (Substantial Acquisition of Shares and Takeovers) Regulations, 2011 as at 31st March, 2020",,,Disclosure under SEBI Takeover Regulations,-,01062020100900,-,-,False,,,104326071,Finance,INE918I01018,Bajaj Finserv Limited,2020-06-01 10:09:00,BAJAJFINSV
01-Jun-2020 08:19:00,,https://nsearchives.nseindia.com/corporate/BAJAJFINSV_01062020081922_BFSRPTIntimationReg23march2020.pdf,"Bajaj Finserv Limited has informed the Exchange about disclosure of related party transactions, on a consolidated basis, for the half-year ended 31 March 2020.",,,Related Party Transactions,-,01062020081900,-,-,False,,,104326565,Finance,INE918I01018,Bajaj Finserv Limited,2020-06-01 08:19:00,BAJAJFINSV
21-May-2020 17:03:00,,https://nsearchives.nseindia.com/corporate/BAJAJFINSV_21052020170344_BFSINVESTORPPTQ4RESULTS21MAY2020.pdf,Bajaj Finserv Limited has informed the Exchange regarding Investor Presentation,,,Investor Presentation,-,21052020170300,-,-,False,,,104311984,Finance,INE918I01018,Bajaj Finserv Limited,2020-05-21 17:03:00,BAJAJFINSV
21-May-2020 13:56:00,,https://nsearchives.nseindia.com/corporate/BAJAJFINSV_21052020135645_BFSESOPGRANT21MAY2020.pdf,Bajaj Finserv Limited has informed the Exchange regarding Grant of 488575  Options.,,,ESOP/ESOS/ESPS,-,21052020135600,-,-,False,,,104311905,Finance,INE918I01018,Bajaj Finserv Limited,2020-05-21 13:56:00,BAJAJFINSV
21-May-2020 13:31:37,,https://nsearchives.nseindia.com/corporate/BFSBMOUTCOME21052020_21052020133137.zip,"Bajaj Finserv Limited has submitted to the Exchange, the financial results for the period ended March 31, 2020.",,,Financial Result Updates,-,21052020133137,-,-,False,,,133806,Finance,INE918I01018,Bajaj Finserv Limited,2020-05-21 13:31:37,BAJAJFINSV
21-May-2020 13:28:00,,https://nsearchives.nseindia.com/corporate/BAJAJFINSV_21052020132810_BFSBMOUTCOME21052020.pdf,"Bajaj Finserv Limited has informed the Exchange regarding Outcome of Board Meeting held on May 21, 2020.",,,Outcome of Board Meeting,-,21052020132800,-,-,False,,,104311893,Finance,INE918I01018,Bajaj Finserv Limited,2020-05-21 13:28:00,BAJAJFINSV
07-May-2020 14:00:00,,https://nsearchives.nseindia.com/corporate/BAJAJFINSV_07052020140022_BFSCONCALLINTIMATION07052020.pdf,"Bajaj Finserv Limited has informed the Exchange regarding Analysts/Institutional Investor Meet/Con. Call UpdatesPursuant to Regulation 30 of the SEBI (Listing Obligations and Disclosure Requirements) Regulations, 2015, read with Schedule III thereto, this is to inform that a conference call for analysts/institutional investors is scheduled on Friday, 22nd May 2020 at 11:00 a.m. IST for financial results for the fourth quarter ended 31st March 2020.Dial in and other details of the call are enclosed herewith.This is for your information please.",,,Analysts/Institutional Investor Meet/Con. Call Updates,-,07052020140000,-,-,False,,,104287048,Finance,INE918I01018,Bajaj Finserv Limited,2020-05-07 14:00:00,BAJAJFINSV
30-Mar-2020 11:41:00,,https://nsearchives.nseindia.com/corporate/BAJAJFINSV_30032020114141_BFSTWCINTIMATION30032020.pdf,"Bajaj Finserv Limited has informed the Exchange regarding the Trading Window closure pursuant to SEBI (Prohibition of Insider Trading) Regulations, 2015",,,Trading Window,-,30032020114100,-,-,False,,,104219609,Finance,INE918I01018,Bajaj Finserv Limited,2020-03-30 11:41:00,BAJAJFINSV
18-Mar-2020 17:21:00,,https://nsearchives.nseindia.com/corporate/BAJAJFINSV_18032020172150_BFSREG30SRBAPPT18032020.pdf,"Bajaj Finserv Limited has informed the Exchange regarding 'Disclosure under Regulation 30 of SEBI (Listing Obligations and Disclosure Requirements) Regulations, 2015  '.In view of the sad demise of Shri Nanoo Pamnani, who was the Chairman of the Company, on 22 February 2020, the Board of Directors, by way of circular resolution dated 17 March 2020, has approved the appointment of Shri Sanjiv Bajaj, Managing Director & CEO, as Chairman of the Board and the Company. Shri Sanjiv Bajaj will hence be the Chairman and Managing Director of the company with effect from 17 March 2020.",,,Updates,-,18032020172100,-,-,False,,,104195708,Finance,INE918I01018,Bajaj Finserv Limited,2020-03-18 17:21:00,BAJAJFINSV
17-Mar-2020 11:28:00,,https://nsearchives.nseindia.com/corporate/BAJAJFINSV_17032020112824_BFSNEWAOASEINTIMATION17032020.pdf,Bajaj Finserv Limited has informed the Exchange regarding the Amendment to AOA/MOA of the company.,,,Amendment to AOA/MOA,-,17032020112800,-,-,False,,,104192948,Finance,INE918I01018,Bajaj Finserv Limited,2020-03-17 11:28:00,BAJAJFINSV
16-Mar-2020 16:46:00,,https://nsearchives.nseindia.com/corporate/BAJAJFINSV_16032020164610_BFSSCRUTINISERREPORT16032020.pdf,"Bajaj Finserv Limited has submitted the Exchange a copy Srutinizers report of  Postal Ballot. Further, the company has informed the Exchange regarding voting results.",,,Shareholders meeting,-,16032020164600,-,-,False,,,104190463,Finance,INE918I01018,Bajaj Finserv Limited,2020-03-16 16:46:00,BAJAJFINSV
24-Feb-2020 11:14:00,,https://nsearchives.nseindia.com/corporate/BAJAJFINSV_24022020111454_BFSDemiseofShriNanooPamnani24Feb2020.pdf,"Bajaj Finserv Limited has informed the Exchange regarding Demise of Mr Nanoo Gobindram Pamnani, Chairman and Independent Director of the company on February 22, 2020.",,,Demise,-,24022020111400,-,-,False,,,104146970,Finance,INE918I01018,Bajaj Finserv Limited,2020-02-24 11:14:00,BAJAJFINSV
24-Feb-2020 08:52:00,,https://nsearchives.nseindia.com/corporate/BAJAJFINSV_24022020085248_BFSBSENSEBMOUTCOMEANDRECORDDATEINTIMATION21022020.pdf,"Bajaj Finserv Limited has informed the Exchange that the Company has fixed Record Date as March 4, 2020 for the purpose of Interim dividend.",,,Record Date,-,24022020085200,-,-,False,,,104145505,Finance,INE918I01018,Bajaj Finserv Limited,2020-02-24 08:52:00,BAJAJFINSV
21-Feb-2020 12:19:00,,https://nsearchives.nseindia.com/corporate/BAJAJFINSV_21022020121915_BFSBSENSEBMOUTCOMEANDRECORDDATEINTIMATION21022020.pdf,"Bajaj Finserv Limited has informed the Exchange that Board of Directors at its meeting held on February 21, 2020, declared Interim Dividend of 5 per equity share.This is to inform you that the Board of Directors of our Company at its meeting held today, i.e. on 21 February 2020, considered and declared an Interim Dividend of Rs.5/- (i.e. 100%) per equity share of the face value of Rs. 5/- each for the financial year ending 31 March 2020.The meeting commenced at 11.55 a.m. and concluded at 12.15 p.m.",,,Dividend,-,21022020121900,-,-,False,,,104145146,Finance,INE918I01018,Bajaj Finserv Limited,2020-02-21 12:19:00,BAJAJFINSV
14-Feb-2020 09:40:00,,https://nsearchives.nseindia.com/corporate/BAJAJFINSV_14022020094036_BFSNEWSPAPERPBN4FEB2020.pdf,"Bajaj Finserv Limited has informed the Exchange regarding 'Submission of newspaper advertisement of Postal Ballot Notice""- Reg. 47'.Pursuant to Regulation 47 of SEBI (Listing Obligations and Requirements)Regulations, 2015, we submit here.with a copy of newspaper advertisements inrespect of Postal Ballot Notice, published in Financial Express and Kesari, on Friday, 14 February 2020, confirming completion of dispatch of Postal Ballot Notice and Postal Ballot Form to all the Members of the Company, whose names appeared on the Register of Members/Register of Beneficial Owners as on Friday, 31 January 2020 i.e. Cut-off date.Kindly take the above on your record.",,,Updates,-,14022020094000,-,-,False,,,104129767,Finance,INE918I01018,Bajaj Finserv Limited,2020-02-14 09:40:00,BAJAJFINSV
13-Feb-2020 16:46:00,,https://nsearchives.nseindia.com/corporate/BAJAJFINSV_13022020164649_BFSPOSTALBALLOTNOTICEINTIMATION3FEB2020.pdf,Bajaj Finserv Limited has informed the Exchange regarding Notice of Postal Ballot,,,Shareholders meeting,-,13022020164600,-,-,False,,,104128164,Finance,INE918I01018,Bajaj Finserv Limited,2020-02-13 16:46:00,BAJAJFINSV
29-Jan-2020 16:49:00,,https://nsearchives.nseindia.com/corporate/BAJAJFINSV_29012020164902_BFSINVESTORPPTQ329JAN2020.pdf,Bajaj Finserv Limited has informed the Exchange regarding Investor Presentation for the financial results of the third quarter ended 31 December 2019- Regulation 30,,,Investor Presentation,-,29012020164900,-,-,False,,,104088447,Finance,INE918I01018,Bajaj Finserv Limited,2020-01-29 16:49:00,BAJAJFINSV
29-Jan-2020 16:28:39,,https://nsearchives.nseindia.com/corporate/BFSUFRQ329012020_29012020162839.zip,"Bajaj Finserv Limited has submitted to the Exchange, the financial results for the period ended December 31, 2019.",,,Financial Result Updates,-,29012020162839,-,-,False,,,132214,Finance,INE918I01018,Bajaj Finserv Limited,2020-01-29 16:28:39,BAJAJFINSV
29-Jan-2020 16:24:00,,https://nsearchives.nseindia.com/corporate/BAJAJFINSV_29012020162438_BFSBMOUTCOME29012020.pdf,"Bajaj Finserv Limited has informed the Exchange regarding  Board meeting held on January 29, 2020.Intimation of unaudited standalone and consolidated financial results for the  quarter and nine-months ended 31 December 2019 - Regulation 30",,,Outcome of Board Meeting,-,29012020162400,-,-,False,,,104088429,Finance,INE918I01018,Bajaj Finserv Limited,2020-01-29 16:24:00,BAJAJFINSV
17-Jan-2020 14:26:00,,https://nsearchives.nseindia.com/corporate/walimbelk_17012020141822_BFSConcallintimationQ317012020_066.pdf,Bajaj Finserv Limited has informed the Exchange regarding Analysts/Institutional Investor Meet/Con. Call Updates,,,Analysts/Institutional Investor Meet/Con. Call Updates,-,17012020142600,-,-,False,,,104063966,Finance,INE918I01018,Bajaj Finserv Limited,2020-01-17 14:26:00,BAJAJFINSV
09-Dec-2019 12:57:00,,https://nsearchives.nseindia.com/corporate/walimbelk_09122019125259_BFSSEINTIMATIONNAMECHANGEOFKARVY9DEC2019_165.pdf,Bajaj Finserv Limited has informed the Exchange regarding 'Name change of Share Transfer Agent from Karvy Fintech Private Limited to KFin Technologies Private Limited'.,,,Updates,-,09122019125700,-,-,False,,,103972885,Finance,INE918I01018,Bajaj Finserv Limited,2019-12-09 12:57:00,BAJAJFINSV
20-Nov-2019 18:15:00,,https://nsearchives.nseindia.com/corporate/walimbelk_20112019181340_BFSREG39LOSSOFSHARESPRAKASH18NOV2019_257.pdf,Bajaj Finserv Limited has informed the Exchange regarding 'Intimation regarding loss of share certificates under Regulation 39 of SEBI(Listing Obligations and Disclosure Requirements) Regulations. 2015'.,,,Updates,-,20112019181500,-,-,False,,,103932850,Finance,INE918I01018,Bajaj Finserv Limited,2019-11-20 18:15:00,BAJAJFINSV
20-Nov-2019 16:01:00,,https://nsearchives.nseindia.com/corporate/listcontract1_20112019151520_BFSREG23RPTDISCLOSURE20112019_160.pdf,"Bajaj Finserv Limited has informed the Exchange regarding disclosure of related party transactions, on a consolidated basis, for the half-year ended September 30, 2019.",,,Related Party Transactions,-,20112019160100,-,-,False,,,103932740,Finance,INE918I01018,Bajaj Finserv Limited,2019-11-20 16:01:00,BAJAJFINSV
07-Nov-2019 14:42:00,,https://nsearchives.nseindia.com/corporate/walimbelk_07112019144003_BFSINVESTORMEETINTIMATION07112019_153.pdf,"Bajaj Finserv Limited has informed the Exchange regarding Analysts/Institutional Investor Meet/Con. Call UpdatesPursuant to Regulation 30 of the SEBI (Listing Obligations and Disclosure Requirements) Regulations, 2015, read with Schedule III thereto, the analyst/institutional investor meeting at the 8th JM Financial - India Conference is scheduled on 8 November 2019.This is for your information please.",,,Analysts/Institutional Investor Meet/Con. Call Updates,-,07112019144200,-,-,False,,,103906385,Finance,INE918I01018,Bajaj Finserv Limited,2019-11-07 14:42:00,BAJAJFINSV
25-Oct-2019 15:21:00,,https://nsearchives.nseindia.com/corporate/walimbelk_25102019145914_BFSHALFYEARLYCOMMUNICATIONFY20OCT252019_182.pdf,Bajaj Finserv Limited has informed the Exchange regarding 'Submission of half-yearly communication sent to shareholders under Regulation 30(2)'.,,,Updates,-,25102019152100,-,-,False,,,103878470,Finance,INE918I01018,Bajaj Finserv Limited,2019-10-25 15:21:00,BAJAJFINSV
22-Oct-2019 16:42:00,,https://nsearchives.nseindia.com/corporate/listcontract1_22102019161459_BFSQ2RESULTS22OCT2019_outcome_268.pdf,"Bajaj Finserv Limited has informed the Exchange regarding outcome Board meeting held on October 22, 2019.",,,Outcome of Board Meeting,-,22102019164200,-,-,False,,,103869052,Finance,INE918I01018,Bajaj Finserv Limited,2019-10-22 16:42:00,BAJAJFINSV
22-Oct-2019 16:30:00,,https://nsearchives.nseindia.com/corporate/walimbelk_22102019162915_BFSINVESTORPPTQ2RESULTS22OCT2019_256.pdf,"Bajaj Finserv Limited has informed the Exchange regarding Investor Presentation for the financial results of the second quarter ended 30 September 2019 under Regulation 30 of the SEBI (Listing Obligations and Disclosure Requirements) Regulations, 2015, read with Schedule III thereto.",,,Investor Presentation,-,22102019163000,-,-,False,,,103869066,Finance,INE918I01018,Bajaj Finserv Limited,2019-10-22 16:30:00,BAJAJFINSV
22-Oct-2019 16:02:17,,https://nsearchives.nseindia.com/corporate/BFSQ2RESULTS22OCT2019_22102019160217.zip,"Bajaj Finserv Limited has submitted to the Exchange, the financial results for the period ended September 30, 2019.",,,Financial Result Updates,-,22102019160217,-,-,False,,,130238,Finance,INE918I01018,Bajaj Finserv Limited,2019-10-22 16:02:17,BAJAJFINSV
22-Oct-2019 16:00:00,,https://nsearchives.nseindia.com/corporate/walimbelk_22102019160047_BFSQ2RESULTS22OCT2019_227.pdf,"Bajaj Finserv Limited has informed the Exchange regarding  Board meeting held on October 22, 2019.Unaudited standalone and consolidated financial results for the       second quarter and half-year ended 30 September 2019 - Regulation 30The meeting commenced at 3.00 p.m. and concluded at 3.45 p.m.",,,Outcome of Board Meeting,-,22102019160000,-,-,False,,,103869034,Finance,INE918I01018,Bajaj Finserv Limited,2019-10-22 16:00:00,BAJAJFINSV
15-Oct-2019 16:33:00,,https://nsearchives.nseindia.com/corporate/walimbelk_15102019163059_SEIntimationBFSCallQ2FY20_206.pdf,"Bajaj Finserv Limited has informed the Exchange regarding Analysts/Institutional Investor Meet/Con. Call Updates.Pursuant to Regulation 30 of the SEBI (Listing Obligations and Disclosure Requirements) Regulations, 2015, read with Schedule III thereto, this is to inform that a conference call for analysts/institutional investors is scheduled on Friday, 25th Oct 2019 at 11 :00 a.m. IST for financial results for the second quarter ended 30th September 2019.Dial in and other details of the call are enclosed herewith.",,,Analysts/Institutional Investor Meet/Con. Call Updates,-,15102019163300,-,-,False,,,103856818,Finance,INE918I01018,Bajaj Finserv Limited,2019-10-15 16:33:00,BAJAJFINSV
17-Sep-2019 13:48:00,,https://nsearchives.nseindia.com/corporate/walimbelk_17092019134754_BFSRIGHTSISSUEINTIMATION170919_077.pdf,"Bajaj Finserv Limited has informed the Exchange regarding allotment of 1179 securities pursuant to Abeyance Shares at its meeting held on September 17, 2019. The said allotment is relating to rights issue made by the Company in 2012.The meeting concluded at 1.30 p.m.",,,Allotment of Securities,-,17092019134800,-,-,False,,,103798873,Finance,INE918I01018,Bajaj Finserv Limited,2019-09-17 13:48:00,BAJAJFINSV
16-Aug-2019 16:39:00,,https://nsearchives.nseindia.com/corporate/walimbelk_16082019163826_BFSCONCALLINTIMATION16082019_233.pdf,"Bajaj Finserv Limited has informed the Exchange regarding Analysts/Institutional Investor Meet/Con. Call Updates.Pursuant to Regulation 30 of the SEBI (Listing Obligations and Disclosure Requirements) Regulations, 2015, read with Schedule III thereto, meeting with certain institutional investors at the 15th Annual Global Investor Conferenceorganized by Motilal Oswal Financial Services Limited is scheduled on 19 August 2019 at Mumbai.",,,Analysts/Institutional Investor Meet/Con. Call Updates,-,16082019163900,-,-,False,,,103733115,Finance,INE918I01018,Bajaj Finserv Limited,2019-08-16 16:39:00,BAJAJFINSV
26-Jul-2019 11:19:00,,https://nsearchives.nseindia.com/corporate/walimbelk_26072019111511_BFSAGMPROCEEDINGS25072019_042.pdf,"Summary of proceedings of the Twelfth Annual General Meeting (AGM)  of Bajaj  Finserv Ltd. held on 25 July 2019. A disclosure of voting results of the meeting in terms of Regulation 30 and Regulation 44 of the SEBI (Listing Obligations and Disclosure Requirements) Regulations, 2015 and the businesses considered and approved by the shareholders with an overwhelming majority is enclosed, together with the Scrutinizer's consolidated report on e-voting. A copy of the same is also being placed on the Company��s website and on the website of Karvy Fintech Private Ltd., Registrar & Transfer Agent of the Company. Kindly acknowledge and take the same on record.",,,Shareholders meeting,-,26072019111900,-,-,False,,,103683923,Finance,INE918I01018,Bajaj Finserv Limited,2019-07-26 11:19:00,BAJAJFINSV
25-Jul-2019 16:23:00,,https://nsearchives.nseindia.com/corporate/walimbelk_25072019162313_INVESTORPPT25JULY2019FINAL_194.pdf,Bajaj Finserv Limited has informed the Exchange regarding Investor Presentation for the financial results of the first quarter ended 30 June 2019,,,Investor Presentation,-,25072019162300,-,-,False,,,103681259,Finance,INE918I01018,Bajaj Finserv Limited,2019-07-25 16:23:00,BAJAJFINSV
25-Jul-2019 16:15:00,,https://nsearchives.nseindia.com/corporate/BFSBMOUTCOME25072019_25072019161500.zip,"Bajaj Finserv Limited has submitted to the Exchange, the financial results for the period ended June 30, 2019.",,,Financial Result Updates,-,25072019161500,-,-,False,,,128620,Finance,INE918I01018,Bajaj Finserv Limited,2019-07-25 16:15:00,BAJAJFINSV
25-Jul-2019 16:02:00,,https://nsearchives.nseindia.com/corporate/walimbelk_25072019155821_BFSBMOUTCOME25072019_183.pdf,"Bajaj Finserv Limited has informed the Exchange regarding  Board meeting held on July 25, 2019. The meeting commenced at 3.15 p.m. and concluded at 4 p.m.",,,Outcome of Board Meeting,-,25072019160200,-,-,False,,,103681248,Finance,INE918I01018,Bajaj Finserv Limited,2019-07-25 16:02:00,BAJAJFINSV
19-Jul-2019 14:22:00,,https://nsearchives.nseindia.com/corporate/walimbelk_19072019141534_SEINTIMATIONJUNE2019CONCALL_129.pdf,"Bajaj Finserv Limited has informed the Exchange regarding Analysts/Institutional Investor Meet/Con. Call Updates.Pursuant to Regulation 30 of the SEBI (Listing Obligations and Disclosure Requirements) Regulations, 2015, read with Schedule III thereto, this is to inform that a conference call for analysts/institutional investors is scheduled on Friday, 26 July 2019 at 11:30 a.m. IST for financial results for the first quarter ended 30 June 2019.",,,Analysts/Institutional Investor Meet/Con. Call Updates,-,19072019142200,-,-,False,,,103668394,Finance,INE918I01018,Bajaj Finserv Limited,2019-07-19 14:22:00,BAJAJFINSV
11-Jul-2019 10:34:00,,https://nsearchives.nseindia.com/corporate/walimbelk_11072019102018_BFSLOCALTRANSPORTINTIMATION11072019_021.pdf,"Bajaj Finserv Limited has informed the Exchange regarding 'Pursuant to Regulation 30 of the SEBI (Listing Obligations and Disclosure Requirements) Regulations, 2015, we submit herewith a copy of newspaper advertisements published for the shareholders of the Company, informing inter alia about the local transport arrangements for the 12th Annual General Meeting of the Company scheduled on 25 July 2019, as published in the newspapers �� The Indian Express (English) and Sakal (Marathi).����Please take the above on your record.'.",,,Updates,-,11072019103400,-,-,False,,,103647175,Finance,INE918I01018,Bajaj Finserv Limited,2019-07-11 10:34:00,BAJAJFINSV
03-Jul-2019 11:41:00,,https://nsearchives.nseindia.com/corporate/walimbelk_03072019113842_BFSAGMNOTICENEWSPAPER03072019_040.pdf,"Bajaj Finserv Limited has informed the Exchange regarding 'Pursuant to Regulation 30 of the SEBI (Listing Obligations and Disclosure Requirements) Regulations, 2015, we submit herewith a copy of newspaper advertisements published for the shareholders of the Company, in The Financial Express (English) and Kesari (Marathi),informing about:(a) Completion of dispatch of Twelfth AGM Notice scheduled on Thursday, 25 July 2019 along with the Annual Report for the financial year 2018-19;(b) Book Closure dates from Saturday, 13 July 2019 to Thursday, 25 July 2019; and(c) E-voting information with cut-off date as Friday, 19 July 2019.Kindly take the above on your record.'.",,,Updates,-,03072019114100,-,-,False,,,103627873,Finance,INE918I01018,Bajaj Finserv Limited,2019-07-03 11:41:00,BAJAJFINSV
21-Jun-2019 17:51:00,,https://nsearchives.nseindia.com/corporate/walimbelk_21062019174006_BFSSELetterIntimationwithinvestorPPTJun2019_337.pdf,"Bajaj Finserv Limited has informed the Exchange regarding Analysts/Institutional Investor Meet/Con. Call Updates.Pursuant to Regulation 30 of the SEBI (Listing Obligations and Disclosure Requirements) Regulations, 2015, read with Schedule III thereto, the schedule of the analyst/institutional investor meetings to be held in June 2019 is enclosed.",,,Analysts/Institutional Investor Meet/Con. Call Updates,-,21062019175100,-,-,False,,,103602363,Finance,INE918I01018,Bajaj Finserv Limited,2019-06-21 17:51:00,BAJAJFINSV
20-Jun-2019 09:32:00,,https://nsearchives.nseindia.com/corporate/walimbelk_20062019092127_SEINTIMATIONIEPFNEWSPAPERADVT19062019BFS_022.pdf,"Bajaj Finserv Limited has informed the Exchange regarding 'Pursuant to Regulation 30 of the SEBI Listing Regulations, 2015, this is to inform you that the Company has completed the dispatch of intimation letter to the members to claim dividends whose shares are liable to be transferred to DEMAT Account of the IEPF Authority and an advertisement to this effect is published in English and Marathi newspaper dated 19 June 2019 for the information of members in accordance with IEPF Rules. A copy of said advertisement is attached for your information and records.'.",,,Updates,-,20062019093200,-,-,False,,,103594613,Finance,INE918I01018,Bajaj Finserv Limited,2019-06-20 09:32:00,BAJAJFINSV
12-Jun-2019 15:27:00,,https://nsearchives.nseindia.com/corporate/listcontract1_1262019151027_BFSREG23RPTDISCLOSURE12062019_161.pdf,"Bajaj Finserv Limited has submitted to the Exchange a copy of  disclosures of related party transactions, on a consolidated basis, for the financial year ended March 31,2019 in the prescribed format.",,,Related Party Transactions,-,12062019152700,-,-,False,,,103576448,Finance,INE918I01018,Bajaj Finserv Limited,2019-06-12 15:27:00,BAJAJFINSV
20-May-2019 18:52:00,,https://nsearchives.nseindia.com/corporate/walimbelk_20052019185128_BFSCONCALLINTIMATION20052019_572.pdf,"Bajaj Finserv Limited has informed the Exchange regarding Analysts/Institutional Investor Meet/Con. Call UpdatesPursuant to Regulation 30 of the SEBI (Listing Obligations and Disclosure Requirements) Regulations, 2015, read with Schedule III thereto, this is to inform you that meeting with certain Institutional Investors of Bajaj Finserv Limited is scheduled on 21 May 2019, at the 'Kotak BFSI Forum 2019'",,,Analysts/Institutional Investor Meet/Con. Call Updates,-,20052019185200,-,-,False,,,103521378,Finance,INE918I01018,Bajaj Finserv Limited,2019-05-20 18:52:00,BAJAJFINSV
16-May-2019 19:51:00,,https://nsearchives.nseindia.com/corporate/walimbelk_16052019194730_BFSNRCGrant16May2019_473.pdf,Bajaj Finserv Limited has informed the Exchange regarding Grant of 164925  Options.,,,ESOP/ESOS/ESPS,-,16052019195100,-,-,False,,,103514494,Finance,INE918I01018,Bajaj Finserv Limited,2019-05-16 19:51:00,BAJAJFINSV
16-May-2019 19:49:00,,https://nsearchives.nseindia.com/corporate/listcontract3_16052019193931_BAJAJFINSV_outcome_AGMBOOK_468.pdf,"Bajaj Finserv Limited has informed the Exchange regarding outcome of Board meeting of the company held on May 16, 2019.",,,Outcome of Board Meeting,-,16052019194900,-,-,False,,,103514486,Finance,INE918I01018,Bajaj Finserv Limited,2019-05-16 19:49:00,BAJAJFINSV
16-May-2019 19:49:00,,https://nsearchives.nseindia.com/corporate/listcontract3_16052019194059_BAJAJFINSV_outcome_AGMBOOK_469.pdf,"Bajaj Finserv Limited has informed the Exchange that the Register of Members and Share Transfer Books of the Company shall remain closedfrom July 13, 2019 to July 25, 2019 (both days inclusive)for the purpose of Annual General Meeting of the Company is scheduled to be held on July 25, 2019 and Payment of Dividend",,,AGM/Book Closure,-,16052019194900,-,-,False,,,103514487,Finance,INE918I01018,Bajaj Finserv Limited,2019-05-16 19:49:00,BAJAJFINSV
16-May-2019 19:42:00,,https://nsearchives.nseindia.com/corporate/walimbelk_16052019194022_BFSINVESTORPPTQ4160519_463.pdf,"Bajaj Finserv Limited has informed the Exchange regarding Investor Presentation--Further to our letter dated 7 May 2019, please find enclosed Investor Presentation for financial results of the fourth quarter ended 31 March 2019 under Regulation 30 of  SEBI {Listing Obligations and Disclosure Requirements) Regulations, 2015, read with Schedule III thereto.",,,Investor Presentation,-,16052019194200,-,-,False,,,103514489,Finance,INE918I01018,Bajaj Finserv Limited,2019-05-16 19:42:00,BAJAJFINSV
16-May-2019 19:35:00,,https://nsearchives.nseindia.com/corporate/walimbelk_16052019192906_BFSDIVIDENDINTIMATIONFY19_459.pdf,Bajaj Finserv Limited has informed the Exchange regarding Date of payment of dividend as 30 and/or 31 July 2019 @ of Rs. 2.50 per share (50%) of face value of Rs. 5 each.,,,Date of payment of dividend,-,16052019193500,-,-,False,,,103514481,Finance,INE918I01018,Bajaj Finserv Limited,2019-05-16 19:35:00,BAJAJFINSV
16-May-2019 19:21:00,,https://nsearchives.nseindia.com/corporate/walimbelk_16052019191246_Bfsresults16519_452.pdf,"Bajaj Finserv Limited has informed the Exchange that Board of Directors at its meeting held on May 16, 2019, recommended Final Dividend of 2.50 per equity share (50%) of face value of Rs. 5 each for the financial year ended 31 March 2019",,,Dividend,-,16052019192100,-,-,False,,,103514473,Finance,INE918I01018,Bajaj Finserv Limited,2019-05-16 19:21:00,BAJAJFINSV
16-May-2019 19:03:23,,https://nsearchives.nseindia.com/corporate/Bfsresults16519_16052019190323.zip,"Bajaj Finserv Limited has submitted to the Exchange, the financial results for the period ended March 31, 2019.",,,Financial Result Updates,-,16052019190323,-,-,False,,,127131,Finance,INE918I01018,Bajaj Finserv Limited,2019-05-16 19:03:23,BAJAJFINSV
07-May-2019 14:21:00,,https://nsearchives.nseindia.com/corporate/walimbelk_07052019140555_BFSSELetterIntimationofConcall7052019_068.pdf,"Bajaj Finserv Limited has informed the Exchange regarding Analysts/Institutional Investor Meet/Con. Call Updates scheduled on Friday, 17 May 2019 at 11 :30 a.m. IST for financial results of the fourth quarter ended 31 March 2019.",,,Analysts/Institutional Investor Meet/Con. Call Updates,-,07052019142100,-,-,False,,,103490315,Finance,INE918I01018,Bajaj Finserv Limited,2019-05-07 14:21:00,BAJAJFINSV
25-Apr-2019 14:26:00,,https://nsearchives.nseindia.com/corporate/listcontract4_25042019105853_BajajFinserv_500.pdf,"The Promoter along with PAC has submitted to the Exchange a copy of Annual Disclosure under Regulation 30(1) and 30(2) of SEBI (Substantial Acquisition of Shares and Takeovers), Regulations, 2011 as on March 31, 2019.",,,Disc. under Reg.30 of SEBI (SAST) Reg.2011,-,25042019142600,-,-,False,,,103470072,Finance,INE918I01018,Bajaj Finserv Limited,2019-04-25 14:26:00,BAJAJFINSV
03-Apr-2019 17:07:00,,https://nsearchives.nseindia.com/corporate/walimbelk_03042019165336_SELETTER030419_645.pdf,"Bajaj Finserv Limited has informed the Exchange regarding the Trading Window closure pursuant to SEBI (Prohibition of Insider Trading) Regulations, 2015.The Trading Window for dealing in securities of the Company shall remainclosed from today till 48 hours after the declaration of financial results for the quarter and year ended 31 March 2019, as per the Code of Conduct to regulate, monitor and report trading by Designated Persons of Bajaj Finserv Limited under Securities and Exchange Board of India (Prohibition of Insider Trading) Regulations, 2015 as amended.",,,Trading Window,-,03042019170700,-,-,False,,,103421664,Finance,INE918I01018,Bajaj Finserv Limited,2019-04-03 17:07:00,BAJAJFINSV
29-Mar-2019 15:29:00,,https://nsearchives.nseindia.com/corporate/walimbelk_29032019152212_BFSQ3INVESTORPPT29032019_142.pdf,"Bajaj Finserv Limited has informed the Exchange regarding Investor Presentation and has also informed that meeting with certain institutional investors at a Non-Deal Road Show organized by Nomura Financial Advisory & Securities (India) Pvt. Ltd., which is scheduled from 1 April to 2 April 2019 at Singapore, from 2 April to 3 April 2019 at Hong Kong and from 4 April to 5 April 2019 at Japan.",,,Investor Presentation,-,29032019152900,-,-,False,,,103411712,Finance,INE918I01018,Bajaj Finserv Limited,2019-03-29 15:29:00,BAJAJFINSV
13-Mar-2019 13:52:00,,https://nsearchives.nseindia.com/corporate/walimbelk_13032019134419_BFSCHANGEINDIRECTORS12032019_068.pdf,"Bajaj Finserv Limited has informed the Exchange regarding Reappointment of Director of the company. Re-appointment of Dr. Gita Piramal for a second term of five consecutive years with effect from 16 July 2019 up to 15 July 2024, subject to approval of the shareholders at the ensuing Annual General Meeting of the Company by way of special resolution.",,,Reappointment,-,13032019135200,-,-,False,,,103372663,Finance,INE918I01018,Bajaj Finserv Limited,2019-03-13 13:52:00,BAJAJFINSV
13-Mar-2019 13:52:00,,https://nsearchives.nseindia.com/corporate/walimbelk_13032019134402_BFSCHANGEINDIRECTORS12032019_067.pdf,"Bajaj Finserv Limited has informed the Exchange regarding Reappointment of Director of the company. Re-appointment of Shri  D J Balaji Rao for a second term of five consecutive years with effect from 1 April 2019 up to              31 March 2024, subject to approval of the shareholders at the ensuing Annual General Meeting of the Company by way of special resolution.",,,Reappointment,-,13032019135200,-,-,False,,,103372664,Finance,INE918I01018,Bajaj Finserv Limited,2019-03-13 13:52:00,BAJAJFINSV
13-Mar-2019 13:52:00,,https://nsearchives.nseindia.com/corporate/walimbelk_13032019134329_BFSCHANGEINDIRECTORS12032019_066.pdf,"Bajaj Finserv Limited has informed the Exchange regarding Reappointment of Director of the company. Re-appointment of Shri Nanoo Pamnani for a second term of five consecutive years with effect from 1 April 2019 up to              31 March 2024, subject to approval of the shareholders at the ensuing Annual General Meeting of the Company by way of special resolution.",,,Reappointment,-,13032019135200,-,-,False,,,103372665,Finance,INE918I01018,Bajaj Finserv Limited,2019-03-13 13:52:00,BAJAJFINSV
13-Mar-2019 13:27:00,,https://nsearchives.nseindia.com/corporate/walimbelk_13032019132030_BFSRESIGNATIONRAHULBAJAJ12032019_057.pdf,"Bajaj Finserv Limited has informed the Exchange regarding Resignation of Mr Rahul Bajaj as Chairman of the company w.e.f. May 17, 2019., and his appointment as Chairman Emeritus to be effective from the conclusion of Board meeting scheduled on 16 May 2019.  In view of resignation, the Board of Directors of the Company has appointed Shri Nanoo Pamnani, as an Independent Non-Executive Chairman of the Company, in place of Shri Rahul Bajaj, with effect from 17 May 2019.",,,Resignation,-,13032019132700,-,-,False,,,103372654,Finance,INE918I01018,Bajaj Finserv Limited,2019-03-13 13:27:00,BAJAJFINSV
12-Mar-2019 17:48:00,,https://nsearchives.nseindia.com/corporate/walimbelk_12032019174518_BFSFPC12032019_195.pdf,Bajaj Finserv Limited has informed the Exchange regarding 'Revision in Code of Practices and Procedures for Fair Disclosure of Unpublished Price Sensitive Information (UPSI) of Bajaj Finserv Ltd.'.,,,Updates,-,12032019174800,-,-,False,,,103369148,Finance,INE918I01018,Bajaj Finserv Limited,2019-03-12 17:48:00,BAJAJFINSV
29-Jan-2019 17:13:00,,https://nsearchives.nseindia.com/corporate/walimbelk_29012019171226_BFSINTIMATIONOFGRANT29JAN2019_293.pdf,Bajaj Finserv Limited has informed the Exchange regarding Grant of 65822  Options.,,,ESOP/ESOS/ESPS,-,29012019171300,-,-,False,,,103265612,Finance,INE918I01018,Bajaj Finserv Limited,2019-01-29 17:13:00,BAJAJFINSV
29-Jan-2019 17:00:00,,https://nsearchives.nseindia.com/corporate/walimbelk_29012019165917_BFSINVESTORPPTQ3FY19_282.pdf,"Bajaj Finserv Limited has informed the Exchange regarding Investor Presentation for financial results of the third quarter ended 31 December 2018 under Regulation 30 of the SEBI (Listing Obligations and Disclosure Requirements) Regulations, 2015, read with Schedule Ill thereto.",,,Investor Presentation,-,29012019170000,-,-,False,,,103265601,Finance,INE918I01018,Bajaj Finserv Limited,2019-01-29 17:00:00,BAJAJFINSV
29-Jan-2019 16:49:56,,https://nsearchives.nseindia.com/corporate/BFSUFRQ3FY2019_29012019164956.zip,"Bajaj Finserv Limited has submitted to the Exchange, the financial results for the period ended December 31, 2018.",,,Financial Result Updates,-,29012019164956,-,-,False,,,125200,Finance,INE918I01018,Bajaj Finserv Limited,2019-01-29 16:49:56,BAJAJFINSV
29-Jan-2019 16:39:00,,https://nsearchives.nseindia.com/corporate/walimbelk_29012019163815_BFSBMOUTCOME29JAN2019_262.pdf,"Bajaj Finserv Limited has informed the Exchange regarding  Board meeting held on January 29, 2019. The meeting commenced at 4.00 p.m. and concluded at 4.30 p.m. to discuss the unaudited financial results for the quarter and nine-months ended 31 December 2018.",,,Outcome of Board Meeting,-,29012019163900,-,-,False,,,103265583,Finance,INE918I01018,Bajaj Finserv Limited,2019-01-29 16:39:00,BAJAJFINSV
21-Jan-2019 18:04:00,,https://nsearchives.nseindia.com/corporate/walimbelk_21012019175921_BFSSEINTIMATIONCONCALLQ321012019_266.pdf,Bajaj Finserv Limited has informed the Exchange regarding Analysts/Institutional Investor Meet/Con. Call Updates-  Intimation of Conference Call for analyst/institutional investors of Bajaj Finserv Limited for financial results of the third quarter ended 31 December 2018.,,,Analysts/Institutional Investor Meet/Con. Call Updates,-,21012019180400,-,-,False,,,103244651,Finance,INE918I01018,Bajaj Finserv Limited,2019-01-21 18:04:00,BAJAJFINSV
29-Nov-2018 12:46:00,,https://nsearchives.nseindia.com/corporate/walimbelk_29112018124556_BFSBSENSEKARVYLETTER29112018_058.pdf,"Bajaj Finserv Limited has informed the Exchange regarding 'Change in name of Registrar & Share Transfer Agent - Karvy Computershare Private Limited'.Effective from 17 November 2018, karvy Computershare private Limited is nowKarvy Fintech Private Limited. All the share registry services will now be handled in the name of the new entity, i.e. Karvy Fintech Private Limited.",,,Updates,-,29112018124600,-,-,False,,,103114861,Finance,INE918I01018,Bajaj Finserv Limited,2018-11-29 12:46:00,BAJAJFINSV
15-Nov-2018 15:19:00,,https://nsearchives.nseindia.com/corporate/walimbelk_15112018145818_BFSSELETTERREG3015NOV2018_155.pdf,"Bajaj Finserv Limited has informed the Exchange regarding 'Disclosure under Regulation 30 of the SEBI (LODR) Regulations, 2015 regarding transfer of 12,701 Equity Shares of the Company to the Demat Account of the Investor Education & Protection Fund (IEPF) Authority.'.",,,Updates,-,15112018151900,-,-,False,,,103084234,Finance,INE918I01018,Bajaj Finserv Limited,2018-11-15 15:19:00,BAJAJFINSV
06-Nov-2018 14:37:00,,https://nsearchives.nseindia.com/corporate/walimbelk_06112018143639_BFSH1COMMUNICATIONFY2019_258.pdf,"Bajaj Finserv Limited has informed the Exchange regarding 'Submission of half-yearly communication sent to shareholders under Regulation 30(2} of SEBI (Listing Obligations and Disclosure Requirements), Regulations, 2015'.",,,Updates,-,06112018143700,-,-,False,,,103064915,Finance,INE918I01018,Bajaj Finserv Limited,2018-11-06 14:37:00,BAJAJFINSV
23-Oct-2018 18:59:00,,https://nsearchives.nseindia.com/corporate/walimbelk_23102018184559_BFSIntimationforapptofDirectorsBM23oct2018_301.pdf,"Bajaj Finserv Limited has informed the Exchange regarding Appointment of Mr Manish Kejriwal as Non- Executive Director of the company w.e.f. January 01, 2019.",,,Appointment,-,23102018185900,-,-,False,,,103027298,Finance,INE918I01018,Bajaj Finserv Limited,2018-10-23 18:59:00,BAJAJFINSV
23-Oct-2018 18:59:00,,https://nsearchives.nseindia.com/corporate/walimbelk_23102018184524_BFSIntimationforapptofDirectorsBM23oct2018_300.pdf,"Bajaj Finserv Limited has informed the Exchange regarding Appointment of Mr Anami Roy as Non- Executive Independent Director of the company w.e.f. January 01, 2019.",,,Appointment,-,23102018185900,-,-,False,,,103027299,Finance,INE918I01018,Bajaj Finserv Limited,2018-10-23 18:59:00,BAJAJFINSV
23-Oct-2018 18:02:00,,https://nsearchives.nseindia.com/corporate/walimbelk_23102018175935_BFSInvestorPPTQ2FY201819forupload_255.pdf,Bajaj Finserv Limited has informed the Exchange regarding Investor Presentation for the second quarter ended 30 September 2018,,,Investor Presentation,-,23102018180200,-,-,False,,,103027257,Finance,INE918I01018,Bajaj Finserv Limited,2018-10-23 18:02:00,BAJAJFINSV
23-Oct-2018 16:39:38,,https://nsearchives.nseindia.com/corporate/BFSQ2resultsBM23Oct2018_23102018163938.zip,"Bajaj Finserv Limited has submitted to the Exchange, the financial results for the period ended September 30, 2018.",,,Financial Result Updates,-,23102018163938,-,-,False,,,123010,Finance,INE918I01018,Bajaj Finserv Limited,2018-10-23 16:39:38,BAJAJFINSV
23-Oct-2018 16:30:00,,https://nsearchives.nseindia.com/corporate/walimbelk_23102018162834_BFSoutcomeofBM23Oct2018_173.pdf,"Bajaj Finserv Limited has informed the Exchange regarding  Board meeting held on October 23, 2018.",,,Outcome of Board Meeting,-,23102018163000,-,-,False,,,103027186,Finance,INE918I01018,Bajaj Finserv Limited,2018-10-23 16:30:00,BAJAJFINSV
16-Oct-2018 10:26:00,,https://nsearchives.nseindia.com/corporate/walimbelk_16102018102309_BFSCONCALLQ2FY201819_410.pdf,"Bajaj Finserv Limited has informed the Exchange regarding Analysts/Institutional Investor Meet/Con. Call Updates- Intimation of Con-call scheduled on Thursday, 25 October 2018 at 11 :00 a.m. IST for financial results of the second quarter ended 30 September 2018.Dial in and other details of the call are enclosed herewith.",,,Analysts/Institutional Investor Meet/Con. Call Updates,-,16102018102600,-,-,False,,,103011613,Finance,INE918I01018,Bajaj Finserv Limited,2018-10-16 10:26:00,BAJAJFINSV
21-Sep-2018 16:25:00,,https://nsearchives.nseindia.com/corporate/walimbelk_21092018162056_BFSINVESTORPPT21Sep2018_796.pdf,Bajaj Finserv Limited has informed the Exchange regarding Analysts/Institutional Investor Meet/Con. Call Updates. The schedule ofthe same along with investor presentation for the same is enclosed herewith.,,,Analysts/Institutional Investor Meet/Con. Call Updates,-,21092018162500,-,-,False,,,102951451,Finance,INE918I01018,Bajaj Finserv Limited,2018-09-21 16:25:00,BAJAJFINSV
17-Sep-2018 13:26:00,,https://nsearchives.nseindia.com/corporate/walimbelk_17092018132255_FinalSEletterRightsissue17Sep2018_037.pdf,"Bajaj Finserv Limited has informed the Exchange regarding allotment of 1014 securities pursuant to Rights Issue at its meeting held on September 17, 2018, which were kept in abeyance due to court case, disputes, cross claims, transmission, unclaimed suspense account etc.",,,Allotment of Securities,-,17092018132600,-,-,False,,,102941555,Finance,INE918I01018,Bajaj Finserv Limited,2018-09-17 13:26:00,BAJAJFINSV
20-Jul-2018 18:38:00,,https://nsearchives.nseindia.com/corporate/BFSEVOTINGRESULTSREG442018_20072018183807_301.zip,"Bajaj Finserv Limited has submitted the Exchange a copy Srutinizers report of  Annual General Meeting held on July 19, 2018. Further, the company has informed the Exchange regarding voting results pursuant to Regulation 44 of SEBI Listing Regulations ,2015.",,,Shareholders meeting,-,20072018183800,-,-,False,,,102806768,Finance,INE918I01018,Bajaj Finserv Limited,2018-07-20 18:38:00,BAJAJFINSV
19-Jul-2018 19:44:00,,https://nsearchives.nseindia.com/corporate/BFSNRCOUTCOMEESOPGRANT_19072018194443_670.zip,"Bajaj Finserv Limited has informed the Exchange regarding Grant of 69175  Options by the Compensation Committee of the Board, at its meeting held on 19 July 2018 to the eligible employees of the Company and to the employees of the subsidiaries of the Company, under the BFS-ESOS at an exercise price of Rs. 6,365.70 per option.",,,ESOP/ESOS/ESPS,-,19072018194400,-,-,False,,,102803953,Finance,INE918I01018,Bajaj Finserv Limited,2018-07-19 19:44:00,BAJAJFINSV
19-Jul-2018 19:29:00,,https://nsearchives.nseindia.com/corporate/BFSAGMPROCEEDINGS19JULY2018_19072018192915_659.zip,"Bajaj Finserv Limited has informed the Exchange regarding Proceedings of Annual General Meeting held on July 19, 2018, pursuant to Regulation 30(2) - Schedule III - Part A (13) of SEBI (Listing Obligations & Disclosure Requirements) Regulations, 2015",,,Shareholders meeting,-,19072018192900,-,-,False,,,102803934,Finance,INE918I01018,Bajaj Finserv Limited,2018-07-19 19:29:00,BAJAJFINSV
19-Jul-2018 16:41:00,,https://nsearchives.nseindia.com/corporate/BFSINVESTORPPTQ1RESULTS19JULY2018_19072018164100_546.zip,"Bajaj Finserv Limited has informed the Exchange regarding Investor Presentation for financial results of the first quarter ended 30 June 2018 under Regulation 30 of the SEBI (Listing Obligations and Disclosure Requirements) Regulations, 2015, read with Schedule Ill thereto.",,,Investor Presentation,-,19072018164100,-,-,False,,,102803842,Finance,INE918I01018,Bajaj Finserv Limited,2018-07-19 16:41:00,BAJAJFINSV
19-Jul-2018 16:28:25,,https://nsearchives.nseindia.com/corporate/BFSQ1RESULTS19JULY2018_19072018162825.zip,"Bajaj Finserv Limited has submitted to the Exchange, the financial results for the period ended June 30, 2018.",,,Financial Result Updates,-,19072018162825,-,-,False,,,120912,Finance,INE918I01018,Bajaj Finserv Limited,2018-07-19 16:28:25,BAJAJFINSV
19-Jul-2018 16:15:00,,https://nsearchives.nseindia.com/corporate/BMOUTCOME19JULY2018_19072018161519_527.zip,"Bajaj Finserv Limited has informed the Exchange regarding  Board meeting held on July 19, 2018. The meeting commenced at 3.15 p.m. and concluded at 4.10 p.m.",,,Outcome of Board Meeting,-,19072018161500,-,-,False,,,102803823,Finance,INE918I01018,Bajaj Finserv Limited,2018-07-19 16:15:00,BAJAJFINSV
13-Jul-2018 09:49:00,,https://nsearchives.nseindia.com/corporate/BFSBSENSECONCALLINTIMATIONJUNE2018_13072018094906_027.zip,"Bajaj Finserv Limited has informed the Exchange regarding Analysts/Institutional Investor Meet/Con. Call Updates- Pursuant to Regulation 30 of the SEBI (Listing Obligations and Disclosure Requirements) Regulations, 2015, read with Schedule Ill thereto, this is to inform that a conference call for analysts/institutional investors is scheduled on Friday, 20 July 2018 at 10:30 a.m. IST for financial results of the first quarter ended 30 June 2018.",,,Analysts/Institutional Investor Meet/Con. Call Updates,-,13072018094900,-,-,False,,,102789062,Finance,INE918I01018,Bajaj Finserv Limited,2018-07-13 09:49:00,BAJAJFINSV
06-Jul-2018 09:52:00,,https://nsearchives.nseindia.com/corporate/BFSINTIMATIONOFTRANSPORTARRANGEMENTS19072018_06072018095255_034.zip,"Bajaj Finserv Limited has informed the Exchange regarding 'Pursuant to Regulation 30 of the SEBI Listing Regulations, 2015, newspaper advertisement is published in The Indian Express (English) and Sakal (Marathi) for the shareholders of the Company, informing inter alia about the local transport arrangements for the 11th Annual General Meeting of Bajaj Finserv Limited scheduled on 19 July 2018. '.",,,Updates,-,06072018095200,-,-,False,,,102772992,Finance,INE918I01018,Bajaj Finserv Limited,2018-07-06 09:52:00,BAJAJFINSV
03-Jul-2018 16:28:00,,https://nsearchives.nseindia.com/corporate/BSENSEBFSESOPTRUSTDEED3JULY2018_03072018162844_191.zip,"Bajaj Finserv Limited has informed the Exchange regarding 'Pursuant to regulation 3(3) of SEBI (Share Based Employee Benefits) Regulations, 2014, the Company has duly executed Bajaj Finserv ESOP Trust Deed.'.",,,Updates,-,03072018162800,-,-,False,,,102763974,Finance,INE918I01018,Bajaj Finserv Limited,2018-07-03 16:28:00,BAJAJFINSV
27-Jun-2018 13:39:00,,https://nsearchives.nseindia.com/corporate/BFSAGMNEWESPAPERINTIMATION2018_27062018133955_771.zip,"Bajaj Finserv Limited has informed the Exchange regarding 'Submission of newspaper advertisement for 11th Annual General Meeting of Bajaj Finserv Limited under regulation 30 of the SEBI Listing Regulations, 2015.'.",,,Updates,-,27062018133900,-,-,False,,,102751129,Finance,INE918I01018,Bajaj Finserv Limited,2018-06-27 13:39:00,BAJAJFINSV
26-Jun-2018 16:11:00,,https://nsearchives.nseindia.com/corporate/BFSINVESTORPPTINTIMATIONJUNE2018_26062018161103_550.zip,Bajaj Finserv Limited has informed the Exchange regarding Investor Presentation scheduled from 27 June 2018 to 29 June 2018 at United Kingdom.,,,Investor Presentation,-,26062018161100,-,-,False,,,102748429,Finance,INE918I01018,Bajaj Finserv Limited,2018-06-26 16:11:00,BAJAJFINSV
22-Jun-2018 16:26:00,,https://nsearchives.nseindia.com/corporate/BFSAR2018UPLOADED_22062018162645_851.zip,"Bajaj Finserv Limited has informed the Exchange regarding Notice of Annual General Meeting to be held on July 19, 2018 along with the 11th Annual Report including Business Responsibility Report and other documents for the year ended 31 March 2018.",,,Shareholders meeting,-,22062018162600,-,-,False,,,102741564,Finance,INE918I01018,Bajaj Finserv Limited,2018-06-22 16:26:00,BAJAJFINSV
20-Jun-2018 15:18:00,,https://nsearchives.nseindia.com/corporate/BSENSEReg33submissionoffinancials_20062018151847_312.zip,"Bajaj Finserv Limited has informed the Exchange regarding Intimation under Regulation 33(3)(b) of SEBI (Listing Obligations and Disclosure Requirements) Regulations, 2015.",,,Option to submit Standalone/Consolidated Financial Results,-,20062018151800,-,-,False,,,102735545,Finance,INE918I01018,Bajaj Finserv Limited,2018-06-20 15:18:00,BAJAJFINSV
20-Jun-2018 10:51:00,,https://nsearchives.nseindia.com/corporate/BSENSEIEPFNewspaperPublicationBFS_20062018105106_254.zip,Bajaj Finserv Limited has informed the Exchange regarding 'The Company has completed the dispatch of intimation letter to the members to claim dividends whose shares are liable to be transferred to DEMAT Account of the IEPF Authority and an advertisement to this effect is published in English and Marathi newspaper dated 20 June 2018 for the information of members in accordance with IEPF Rules.'.,,,Updates,-,20062018105100,-,-,False,,,102735233,Finance,INE918I01018,Bajaj Finserv Limited,2018-06-20 10:51:00,BAJAJFINSV
07-Jun-2018 15:42:00,,https://nsearchives.nseindia.com/corporate/BFSSEIntimationinvestormeetJune2018_07062018154226_634.zip,"Bajaj Finserv Limited has informed the Exchange regarding Analysts/Institutional Investor Meet/Con. Call Updates scheduled on Friday, 8 June 2018 along with presentation.",,,Analysts/Institutional Investor Meet/Con. Call Updates,-,07062018154200,-,-,False,,,102706494,Finance,INE918I01018,Bajaj Finserv Limited,2018-06-07 15:42:00,BAJAJFINSV
18-May-2018 08:23:00,,https://nsearchives.nseindia.com/corporate/BAJAJFINSV_01_18052018082311.zip,"Bajaj Finserv Limited has informed the Exchange that the Register of Members and Share Transfer Books of the Company shall remain closed from July 7, 2018 to July 19, 2018 for the purposes of Annual General Meeting to be held on July 19, 2018 and payment of dividend to be declared thereat.",,,Book Closure,-,18052018082300,-,-,False,,,102653720,Finance,INE918I01018,Bajaj Finserv Limited,2018-05-18 08:23:00,BAJAJFINSV
17-May-2018 18:23:00,,https://nsearchives.nseindia.com/corporate/BAJAJFINSV_outcome_dividend_BC_17052018182332.zip,"Bajaj Finserv Limited has informed the Exchange that Board of Directors at its meeting held on May 17, 2018 has recommend a dividend of Rs. 1.75 per share (35%) of face value of Rs.5/- each subject to approval of shareholders.",,,Dividend,-,17052018182300,-,-,False,,,102653082,Finance,INE918I01018,Bajaj Finserv Limited,2018-05-17 18:23:00,BAJAJFINSV
17-May-2018 18:22:00,,https://nsearchives.nseindia.com/corporate/BAJAJFINSV_outcome_dividend_BC_17052018182201.zip,"Bajaj Finserv Limited has informed the Exchange regarding Outcome of Board Meeting held on May 17, 2018.",,,Outcome of Board Meeting,-,17052018182200,-,-,False,,,102653078,Finance,INE918I01018,Bajaj Finserv Limited,2018-05-17 18:22:00,BAJAJFINSV
17-May-2018 18:21:00,,https://nsearchives.nseindia.com/corporate/BFSINVESTORPPTQ4_17052018182155_521.zip,Bajaj Finserv Limited has informed the Exchange regarding Investor Presentation for the financial results of the fourth quarter ended 31 March 2018,,,Investor Presentation,-,17052018182100,-,-,False,,,102653096,Finance,INE918I01018,Bajaj Finserv Limited,2018-05-17 18:21:00,BAJAJFINSV
17-May-2018 17:58:00,,https://nsearchives.nseindia.com/corporate/BFSESOP2018_17052018175800_498.zip,"Bajaj Finserv Limited has informed the Exchange regarding 'Subject to the approval of shareholders at the ensuing 11 '"" Annual General meeting, the Board of Directors has approved a fresh Employee Stock Option Scheme providing for grant up to 45,00,000 Options (equity shares) to Employees in accordance with the said Employee Stock Option Scheme of the Company.'.",,,Updates,-,17052018175800,-,-,False,,,102653069,Finance,INE918I01018,Bajaj Finserv Limited,2018-05-17 17:58:00,BAJAJFINSV
17-May-2018 17:43:00,,https://nsearchives.nseindia.com/corporate/BFSAFRQ4_17052018174345_486.zip,"Bajaj Finserv Limited has informed the Exchange that Board of Directors at its meeting held on May 17, 2018, recommended Final Dividend of 1.75 per equity share.",,,Dividend,-,17052018174300,-,-,False,,,102653058,Finance,INE918I01018,Bajaj Finserv Limited,2018-05-17 17:43:00,BAJAJFINSV
17-May-2018 17:37:00,,https://nsearchives.nseindia.com/corporate/BFSAFRQ4_17052018173742_474.zip,"Bajaj Finserv Limited has informed the Exchange regarding  Board meeting held on May 17, 2018. The meeting commenced at 3:30 p.m. and concluded at 5:20 p.m.",,,Outcome of Board Meeting,-,17052018173700,-,-,False,,,102653051,Finance,INE918I01018,Bajaj Finserv Limited,2018-05-17 17:37:00,BAJAJFINSV
17-May-2018 17:30:46,,https://nsearchives.nseindia.com/corporate/BFSAFRQ4_17052018173046.zip,"Bajaj Finserv Limited has submitted to the Exchange, the financial results for the period ended March 31, 2018.",,,Financial Result Updates,-,17052018173046,-,-,False,,,119456,Finance,INE918I01018,Bajaj Finserv Limited,2018-05-17 17:30:46,BAJAJFINSV
03-May-2018 16:04:00,,https://nsearchives.nseindia.com/corporate/BFSCONCALL18MAY2018UFR_03052018160442_091.zip,Bajaj Finserv Limited has informed the Exchange regarding Analysts/Institutional Investor Meet/Con. Call Updates scheduled on 18 May 2018 at 11 a.m. IST,,,Analysts/Institutional Investor Meet/Con. Call Updates,-,03052018160400,-,-,False,,,102617467,Finance,INE918I01018,Bajaj Finserv Limited,2018-05-03 16:04:00,BAJAJFINSV
11-Apr-2018 13:17:00,,https://nsearchives.nseindia.com/corporate/BFSL_11042018131746.zip,"Niraj Bajaj For and on behalf of Promoters & Promoter Group has submitted to the Exchange a copy of disclosure under Regulation 30(1) and 30(2) of SEBI (Substantial Acquisition of Shares & Takeovers) Regulations, 2011.",,,Disc. under Reg.30 of SEBI (SAST) Reg.2011,-,11042018131700,-,-,False,,,102566884,Finance,INE918I01018,Bajaj Finserv Limited,2018-04-11 13:17:00,BAJAJFINSV
23-Mar-2018 15:47:00,,https://nsearchives.nseindia.com/corporate/BFSINVESTORMEET2018_23032018154726_770.zip,Bajaj Finserv Limited has informed the Exchange regarding Analysts/Institutional Investor Meet/Con. Call Updates,,,Analysts/Institutional Investor Meet/Con. Call Updates,-,23032018154700,-,-,False,,,102529659,Finance,INE918I01018,Bajaj Finserv Limited,2018-03-23 15:47:00,BAJAJFINSV
01-Feb-2018 17:00:00,,https://nsearchives.nseindia.com/corporate/BFSPPTQ3_01022018170020_675.zip,Bajaj Finserv Limited has informed the Exchange regarding Investor Presentation for the financial results of the quarter and nine months ended 31 December 2017,,,Investor Presentation,-,01022018170000,-,-,False,,,102421123,Finance,INE918I01018,Bajaj Finserv Limited,2018-02-01 17:00:00,BAJAJFINSV
01-Feb-2018 16:41:09,,https://nsearchives.nseindia.com/corporate/BFSUFRQ3_01022018164109.zip,"Bajaj Finserv Limited has submitted to the Exchange, the financial results for the period ended December 31, 2017.",,,Financial Result Updates,-,01022018164109,-,-,False,,,117515,Finance,INE918I01018,Bajaj Finserv Limited,2018-02-01 16:41:09,BAJAJFINSV
01-Feb-2018 16:38:00,,https://nsearchives.nseindia.com/corporate/BFSUFRQ3_01022018163831_640.zip,"Bajaj Finserv Limited has informed the Exchange regarding Outcome of Board Meeting held on February 01, 2018.",,,Outcome of Board Meeting,-,01022018163800,-,-,False,,,102421097,Finance,INE918I01018,Bajaj Finserv Limited,2018-02-01 16:38:00,BAJAJFINSV
18-Jan-2018 14:26:00,,https://nsearchives.nseindia.com/corporate/NSEBSEPPTMEETSCH31DEC2017_18012018142625_105.zip,Bajaj Finserv Limited has informed the Exchange regarding Analysts/Institutional Investor Meet/Con. Call Updates scheduled on Friday 2 February 2018 at 3;00 p.m. IST,,,Analysts/Institutional Investor Meet/Con. Call Updates,-,18012018142600,-,-,False,,,102390975,Finance,INE918I01018,Bajaj Finserv Limited,2018-01-18 14:26:00,BAJAJFINSV
22-Dec-2017 10:44:00,,https://nsearchives.nseindia.com/corporate/IEPF_22122017104410_011.zip,"Bajaj Finserv Limited has informed the Exchange regarding 'Disclosure under regulation 30 of SEBI (LODR) 2015, regarding transfer of 30,143 Equity shares of the Company to the Demat Account of the Investor Education  & Protection Fund (IEPF) Authority.'.",,,Updates,-,22122017104400,-,-,False,,,102337250,Finance,INE918I01018,Bajaj Finserv Limited,2017-12-22 10:44:00,BAJAJFINSV
02-Nov-2017 10:05:00,,https://nsearchives.nseindia.com/corporate/BSENSEletterhalfyear30sept17_02112017100509_311.zip,"Bajaj Finserv Limited has informed the Exchange regarding 'Submission of half-yearly communication sent to the shareholders    Regulation 30(2)                Pursuant to Regulation 30(2) read with Schedule III of the SEBI (Listing Obligations and Disclosure Requirements) Regulations, 2015, we submit herewith a copy of the communication letter sent to the shareholders for the half-year ended 30 September 2017.'.",,,Updates,-,02112017100500,-,-,False,,,102220699,Finance,INE918I01018,Bajaj Finserv Limited,2017-11-02 10:05:00,BAJAJFINSV
16-Oct-2017 16:38:00,,https://nsearchives.nseindia.com/corporate/BFSRightsissueallotment_16102017163847_646.zip,"Bajaj Finserv Limited has informed the Exchange regarding allotment of 3317 securities pursuant to Rights Issue at its meeting held on October 16, 2017",,,Allotment of Securities,-,16102017163800,-,-,False,,,102184535,Finance,INE918I01018,Bajaj Finserv Limited,2017-10-16 16:38:00,BAJAJFINSV
16-Oct-2017 16:28:00,,https://nsearchives.nseindia.com/corporate/BFSINVESTORPPTQ2_16102017162819_631.zip,Bajaj Finserv Limited has informed the Exchange regarding Investor Presentation,,,Investor Presentation,-,16102017162800,-,-,False,,,102184522,Finance,INE918I01018,Bajaj Finserv Limited,2017-10-16 16:28:00,BAJAJFINSV
16-Oct-2017 16:09:53,,https://nsearchives.nseindia.com/corporate/BFSUFR30SEPT2017_16102017160953.zip,"Bajaj Finserv Limited has submitted to the Exchange, the financial results for the period ended September 30, 2017.",,,Financial Result Updates,-,16102017160953,-,-,False,,,115350,Finance,INE918I01018,Bajaj Finserv Limited,2017-10-16 16:09:53,BAJAJFINSV
26-Sep-2017 09:38:00,,https://nsearchives.nseindia.com/corporate/BFSBSENSE2QFY18ResultsConferenceCall_26092017093838_025.zip,"Bajaj Finserv Limited has informed the Exchange regarding Analysts/Institutional Investor Meet/Con. Call Updates which is scheduled on Tuesday, 17 October 2017",,,Analysts/Institutional Investor Meet/Con. Call Updates,-,26092017093800,-,-,False,,,102136956,Finance,INE918I01018,Bajaj Finserv Limited,2017-09-26 09:38:00,BAJAJFINSV
13-Sep-2017 13:23:00,,https://nsearchives.nseindia.com/corporate/APPOINTMENTOFINDEPENDENTDIRECTOR_13092017132300_502.zip,"Bajaj Finserv Limited has informed the Exchange regarding Appointment of Mr Naushad Forbes as Independent Director of the company w.e.f. September 13, 2017.",,,Appointment,-,13092017132300,-,-,False,,,102106263,Finance,INE918I01018,Bajaj Finserv Limited,2017-09-13 13:23:00,BAJAJFINSV
21-Aug-2017 15:05:00,,https://nsearchives.nseindia.com/corporate/BSENSEsjexclusion_21082017150502_588.zip,Bajaj Finserv Limited has informed the Exchange regarding ' Change in promoter shareholding in Bajaj Finserv Limited. '.,,,Updates,-,21082017150500,-,-,False,,,102046267,Finance,INE918I01018,Bajaj Finserv Limited,2017-08-21 15:05:00,BAJAJFINSV
21-Jul-2017 16:56:00,,https://nsearchives.nseindia.com/corporate/FinalReg44EvotingScrutinizerreport2017bfs_21072017165625_721.zip,"Bajaj Finserv Limited has submitted the Exchange a copy Srutinizers report of  Annual General Meeting held on July 19, 2017. Further, the company has informed the Exchange regarding voting results.",,,Shareholders meeting,-,21072017165600,-,-,False,,,101969489,Finance,INE918I01018,Bajaj Finserv Limited,2017-07-21 16:56:00,BAJAJFINSV
21-Jul-2017 15:20:00,,https://nsearchives.nseindia.com/corporate/SEBI(LODR)REGULATION32(6)_21072017152029_651.zip,"Bajaj Finserv Limited has submitted to the Exchange a Copy  Monitoring Agency Report - Submission under Regulation 32(6) of SEBI (LODR) Regulations, 2015.",,,Monitoring Agency Report,-,21072017152000,-,-,False,,,101969442,Finance,INE918I01018,Bajaj Finserv Limited,2017-07-21 15:20:00,BAJAJFINSV
19-Jul-2017 18:59:00,,https://nsearchives.nseindia.com/corporate/BFSAGM2017_19072017185924_418.zip,"Bajaj Finserv Limited has informed the Exchange regarding Proceedings of Annual General Meeting held on July 19, 2017",,,Shareholders meeting,-,19072017185900,-,-,False,,,101962093,Finance,INE918I01018,Bajaj Finserv Limited,2017-07-19 18:59:00,BAJAJFINSV
19-Jul-2017 18:34:00,,https://nsearchives.nseindia.com/corporate/INVESTORSPRESENTATIONBFS30JUNE2017_19072017183453_400.zip,Bajaj Finserv Limited has informed the Exchange regarding Investor Presentation,,,Investor Presentation,-,19072017183400,-,-,False,,,101962081,Finance,INE918I01018,Bajaj Finserv Limited,2017-07-19 18:34:00,BAJAJFINSV
19-Jul-2017 16:23:36,,https://nsearchives.nseindia.com/corporate/UFR30JUNE2017BFS_19072017162336.zip,"Bajaj Finserv Limited has submitted to the Exchange, the financial results for the period ended June 30, 2017.",,,Financial Result Updates,-,19072017162336,-,-,False,,,113706,Finance,INE918I01018,Bajaj Finserv Limited,2017-07-19 16:23:36,BAJAJFINSV
10-Jul-2017 16:46:00,,https://nsearchives.nseindia.com/corporate/intimationunderreg30_10072017164618_325.zip,"Bajaj Finserv Limited has informed the Exchange regarding Demise of Mr NARESH CHANDRA, Non- Executive Independent Director of the company on July 09, 2017.",,,Demise,-,10072017164600,-,-,False,,,101935417,Finance,INE918I01018,Bajaj Finserv Limited,2017-07-10 16:46:00,BAJAJFINSV
03-Jul-2017 20:01:00,,https://nsearchives.nseindia.com/corporate/Reg30analystconcall21july2017bfs_03072017200151_642.zip,Bajaj Finserv Limited has informed the Exchange regarding Analysts/Institutional Investor Meet/Con. Call Updates,,,Analysts/Institutional Investor Meet/Con. Call Updates,-,03072017200100,-,-,False,,,101916852,Finance,INE918I01018,Bajaj Finserv Limited,2017-07-03 20:01:00,BAJAJFINSV
28-Jun-2017 10:23:00,,https://nsearchives.nseindia.com/corporate/BFSAGMBSENSE2017Intimationreg30_28062017102321_305.zip,"Bajaj Finserv Limited has informed the Exchange regarding Notice of Annual General Meeting to be held on July 19, 2017",,,Shareholders meeting,-,28062017102300,-,-,False,,,101903436,Finance,INE918I01018,Bajaj Finserv Limited,2017-06-28 10:23:00,BAJAJFINSV
13-Jun-2017 17:08:00,,https://nsearchives.nseindia.com/corporate/BAJAJFINSV_13062017170819.zip,"Bajaj Finserv Limited has informed the Exchange that the Register of Members and Share Transfer Books of the Company shall remain closed from July 8, 2017 to July 19, 2017 (both days inclusive) for the purpose of dividend and Annual General Meeting of the Company scheduled to be held on July 19, 2017.",,,AGM/Book Closure,-,13062017170800,-,-,False,,,101865142,Finance,INE918I01018,Bajaj Finserv Limited,2017-06-13 17:08:00,BAJAJFINSV
13-Jun-2017 16:48:00,,https://nsearchives.nseindia.com/corporate/Regulation44BFS_13062017164838_716.zip,"Bajaj Finserv Limited has informed the Exchange regarding Intimation of Cut-off date for E-voting under Regulation 44 of SEBI (Listing Obligations & Disclosure Requirements) Regulations, 2015.",,,Updates,-,13062017164800,-,-,False,,,101865147,Finance,INE918I01018,Bajaj Finserv Limited,2017-06-13 16:48:00,BAJAJFINSV
12-Jun-2017 18:17:00,,https://nsearchives.nseindia.com/corporate/SEBI(LODR)Reg33(3)(b)_12062017181752_451.zip,"Bajaj Finserv Limited has informed the Exchange regarding Intimation under Regulation 33(3)(b) of SEBI (Listing Obligation and Disclosure Requirements) Regulation, 2015.",,,Updates,-,12062017181700,-,-,False,,,101861267,Finance,INE918I01018,Bajaj Finserv Limited,2017-06-12 18:17:00,BAJAJFINSV
23-May-2017 17:43:00,,https://nsearchives.nseindia.com/corporate/BFSFY201617standaloneAuditreport_23052017174344_782.zip,"Bajaj Finserv Limited has informed the Exchange regarding Auditors report for the period ended March 31, 2017",,,Auditor's report,-,23052017174300,-,-,False,,,101802156,Finance,INE918I01018,Bajaj Finserv Limited,2017-05-23 17:43:00,BAJAJFINSV
17-May-2017 19:14:00,,https://nsearchives.nseindia.com/corporate/BFSInvestorPresentationQ4FY201617_17052017191429_634.zip,Bajaj Finserv Limited has informed the Exchange regarding Analysts/Institutional Investor Meet/Con. Call Updates,,,Analysts/Institutional Investor Meet/Con. Call Updates,-,17052017191400,-,-,False,,,101784759,Finance,INE918I01018,Bajaj Finserv Limited,2017-05-17 19:14:00,BAJAJFINSV
17-May-2017 18:45:00,,https://nsearchives.nseindia.com/corporate/BFSDisclosureunder30_17052017184551_609.zip,Bajaj Finserv Limited has informed the Exchange regarding Change in Auditor,,,Change in Auditors,-,17052017184500,-,-,False,,,101784743,Finance,INE918I01018,Bajaj Finserv Limited,2017-05-17 18:45:00,BAJAJFINSV
17-May-2017 18:41:00,,https://nsearchives.nseindia.com/corporate/BFSdeclarationdiv_17052017184130_605.zip,"Bajaj Finserv Limited has informed the Exchange that Board of Directors at its meeting held on May 17, 2017, recommended Final Dividend of Rs. 1.75 per equity share.",,,Dividend,-,17052017184100,-,-,False,,,101784739,Finance,INE918I01018,Bajaj Finserv Limited,2017-05-17 18:41:00,BAJAJFINSV
17-May-2017 18:26:18,,https://nsearchives.nseindia.com/corporate/BFSAUDITEDFINCIALRESULTS31MAR17_17052017182618.zip,"Bajaj Finserv Limited has submitted to the Exchange, the financial results for the period ended March 31, 2017.",,,Financial Result Updates,-,17052017182618,-,-,False,,,112410,Finance,INE918I01018,Bajaj Finserv Limited,2017-05-17 18:26:18,BAJAJFINSV
26-Apr-2017 11:29:00,,https://nsearchives.nseindia.com/corporate/SENOTICEREG30(2)_26042017112920_501.zip,Bajaj Finserv Limited has informed the Exchange that Submission of Notice published in newspaper regarding transfer of shares to IEPF Demat Account.,,,Updates,-,26042017112900,-,-,False,,,101726489,Finance,INE918I01018,Bajaj Finserv Limited,2017-04-26 11:29:00,BAJAJFINSV
19-Apr-2017 18:34:00,,https://nsearchives.nseindia.com/corporate/BFSQ4ANALYSTCALL19MAY2017_19042017183441_635.zip,Bajaj Finserv Limited has informed the Exchange regarding Analysts/Institutional Investor Meet/Con. Call Updates for Quarter ended 31 March 2017.,,,Analysts/Institutional Investor Meet/Con. Call Updates,-,19042017183400,-,-,False,,,101706083,Finance,INE918I01018,Bajaj Finserv Limited,2017-04-19 18:34:00,BAJAJFINSV
11-Apr-2017 19:55:00,,https://nsearchives.nseindia.com/corporate/bajajfinserv_11042017195530.zip,"Niraj Bajaj (For & on behalf of the Promoters & Promoter Group of the Company)  has submitted to the Exchange a copy of disclosure under Regulation 30(1) and 30(2) of SEBI (Substantial Acquisition of Shares & Takeovers) Regulations, 2011.",,,Disc. under Reg.30 of SEBI (SAST) Reg.2011,-,11042017195500,-,-,False,,,101686199,Finance,INE918I01018,Bajaj Finserv Limited,2017-04-11 19:55:00,BAJAJFINSV
20-Feb-2017 10:22:00,,https://nsearchives.nseindia.com/corporate/REG32DT31032016AND30092016_20022017102239_006.zip,"Bajaj Finserv Limited has informed the Exchange that the monitoring agency (appointed for the Rights Issue of 2012) for the half-year ended March 31 and September 30, 2016.",,,Monitoring Agency Report,-,20022017102200,-,-,False,,,101548796,Finance,INE918I01018,Bajaj Finserv Limited,2017-02-20 10:22:00,BAJAJFINSV
30-Jan-2017 15:58:00,,https://nsearchives.nseindia.com/corporate/PPTletterSEsQ3FY201617_30012017155819_341.zip,Bajaj Finserv Limited has informed the Exchange regarding Investor Presentation,,,Investor Presentation,-,30012017155800,-,-,False,,,101485689,Finance,INE918I01018,Bajaj Finserv Limited,2017-01-30 15:58:00,BAJAJFINSV
30-Jan-2017 15:34:57,,https://nsearchives.nseindia.com/corporate/BFSUFR31122016_30012017153457.zip,"Bajaj Finserv Limited has submitted to the Exchange, the financial results for the period ended December 31, 2016.",,,Financial Result Updates,-,30012017153457,-,-,False,,,110559,Finance,INE918I01018,Bajaj Finserv Limited,2017-01-30 15:34:57,BAJAJFINSV
09-Jan-2017 17:19:00,,https://nsearchives.nseindia.com/corporate/LettertoNSE_09012017171945_397.zip,Bajaj Finserv Limited has informed the Exchange regarding Analysts/Institutional Investor Meet/Con. Call Updates,,,Analysts/Institutional Investor Meet/Con. Call Updates,-,09012017171900,-,-,False,,,101427202,Finance,INE918I01018,Bajaj Finserv Limited,2017-01-09 17:19:00,BAJAJFINSV
12-Dec-2016 12:40:00,,https://nsearchives.nseindia.com/corporate/BAJAJFINSV_12122016124020.zip,Bajaj Finserv Limited has informed the Exchange regarding Submission of Notice published in newspaper regarding transfer of shares to IEPF Suspense Account under Regulation 30(2).,,,Updates,-,12122016124000,-,-,False,,,101345571,Finance,INE918I01018,Bajaj Finserv Limited,2016-12-12 12:40:00,BAJAJFINSV
11-Nov-2016 14:30:00,,https://nsearchives.nseindia.com/corporate/BFSL_E_HYR_091116_11112016143001_812.zip,"Bajaj Finserv Limited has submitted to the Exchange that Chairman's communication letter to shareholders for half-year ended September 30, 2016 .",,,Updates,-,11112016143000,-,-,False,,,101260924,Finance,INE918I01018,Bajaj Finserv Limited,2016-11-11 14:30:00,BAJAJFINSV
27-Oct-2016 16:26:00,,https://nsearchives.nseindia.com/corporate/BFSPPT30SEPT2016Q2_27102016162606_735.zip,"Bajaj Finserv Limited has informed the Exchange regarding Investor presentation for financial results of the second quarter ended September 30, 2016.",,,Investor Presentation,-,27102016162600,-,-,False,,,101217109,Finance,INE918I01018,Bajaj Finserv Limited,2016-10-27 16:26:00,BAJAJFINSV
27-Oct-2016 16:09:33,,https://nsearchives.nseindia.com/corporate/BFSQ2UFR30092016_27102016160933.zip,"Bajaj Finserv Limited has submitted to the Exchange, the financial results for the period ended September 30, 2016.",,,Financial Result Updates,-,27102016160933,-,-,False,,,108888,Finance,INE918I01018,Bajaj Finserv Limited,2016-10-27 16:09:33,BAJAJFINSV
30-Sep-2016 10:07:00,,https://nsearchives.nseindia.com/corporate/BFSCONCALLINTIMATIONTONSEQ2FY201617_30092016100722_870.zip,"Bajaj Finserv Limited has informed the Exchange regarding the Intimation of Conference Call for analyst/institutional investors for financial results of the second quarter ended September 30, 2016.",,,Analysts/Institutional Investor Meet/Con. Call Updates,-,30092016100700,-,-,False,,,101137855,Finance,INE918I01018,Bajaj Finserv Limited,2016-09-30 10:07:00,BAJAJFINSV
12-Sep-2016 12:08:00,,https://nsearchives.nseindia.com/corporate/BFSREG30_12092016120816_248.zip,Bajaj Finserv Limited has informed the Exchange regarding issue and allotment of Right Equity shares kept in abeyance.,,,Outcome of Board Meeting,-,12092016120800,-,-,False,,,101083932,Finance,INE918I01018,Bajaj Finserv Limited,2016-09-12 12:08:00,BAJAJFINSV
27-Jul-2016 20:12:00,,https://nsearchives.nseindia.com/corporate/Reg44andsection108EvotingdetailstoBSEandNSE_27072016201240_330.zip,"Bajaj Finserv Limited has informed the Exchange regarding the Outcome of the Annual General Meeting of the Members of the Company held on July 26, 2016.",,,"Regulation 44(3) of SEBI (LODR), Reg., 2015",-,27072016201200,-,-,False,,,100939238,Finance,INE918I01018,Bajaj Finserv Limited,2016-07-27 20:12:00,BAJAJFINSV
27-Jul-2016 17:25:00,,https://nsearchives.nseindia.com/corporate/BFSAGM_27072016172543_177.zip,"Bajaj Finserv Limited has submitted to the Exchange a copy of the proceedings of the Annual General Meeting of the Company held on July 26, 2016.",,,Annual General Meeting Updates,-,27072016172500,-,-,False,,,100939152,Finance,INE918I01018,Bajaj Finserv Limited,2016-07-27 17:25:00,BAJAJFINSV
27-Jul-2016 10:17:00,,https://nsearchives.nseindia.com/corporate/BAJAJFINSV_27072016101732.zip,"Bajaj Finserv Limited has submitted to the Exchange a Copy of the Limited Review for the Unaudited consolidated financial Results for the quarter ended June 30, 2016.",,,Limited Review Report,-,27072016101700,-,-,False,,,100935381,Finance,INE918I01018,Bajaj Finserv Limited,2016-07-27 10:17:00,BAJAJFINSV
26-Jul-2016 19:57:00,,https://nsearchives.nseindia.com/corporate/LettertoSEtoPPTBajajFinservInvestorPresentationQ1FY201617_26072016195739_660.zip,"Bajaj Finserv Limited has informed the Exchange the investor presentation for financial results of the first quarter ended June 30, 2016.",,,Investor Presentation,-,26072016195700,-,-,False,,,100934788,Finance,INE918I01018,Bajaj Finserv Limited,2016-07-26 19:57:00,BAJAJFINSV
26-Jul-2016 19:33:00,,https://nsearchives.nseindia.com/corporate/LettertoSEtoPPTBajajFinservInvestorPresentationQ1FY201617_26072016193345_646.zip,"Bajaj Finserv Limited has submitted to the Exchange a copy of the Investor Presentation for financial results of the first quarter ended June 30, 2016.",,,Investor Presentation,-,26072016193300,-,-,False,,,100934775,Finance,INE918I01018,Bajaj Finserv Limited,2016-07-26 19:33:00,BAJAJFINSV
26-Jul-2016 15:33:00,,https://nsearchives.nseindia.com/corporate/BAJAJFINSV_pressrelease_26072016153307.zip,"Bajaj Finserv Limited has informed the Exchange regarding a press release dated July 26, 2016 with respect to the Unaudited Financial Result for the first quarter ended June 30, 2016.",,,Press Release,-,26072016153300,-,-,False,,,100934618,Finance,INE918I01018,Bajaj Finserv Limited,2016-07-26 15:33:00,BAJAJFINSV
26-Jul-2016 15:29:22,,https://nsearchives.nseindia.com/corporate/BSENSEBFS30062016_26072016152922.zip,"Bajaj Finserv Limited has submitted to the Exchange the standalone & consolidated financial results along with the Limited Review Report for the period ended June 30, 2016.",,,Financial Result Updates,-,26072016152922,-,-,False,,,107077,Finance,INE918I01018,Bajaj Finserv Limited,2016-07-26 15:29:22,BAJAJFINSV
07-Jul-2016 08:45:00,,https://nsearchives.nseindia.com/corporate/LettertoSEsfordetailsofconcallQ1201617BFS_07072016084521_202.zip,"Bajaj Finserv Limited has informed the Exchange regarding the Intimation of Conference Call for analyst/institutional investors for financial results of the first quarter ended June 30, 2016.",,,Analysts Meet,-,07072016084500,-,-,False,,,100871910,Finance,INE918I01018,Bajaj Finserv Limited,2016-07-07 08:45:00,BAJAJFINSV
05-Jul-2016 18:02:00,,https://nsearchives.nseindia.com/corporate/BFSAGMNOTICE2016_05072016180249_021.zip,"Bajaj Finserv Limited has submitted to the Exchange a copy of notice of Annual General Meeting of the members of the company to be held on July 26, 2016.",,,Annual General Meeting Updates,-,05072016180200,-,-,False,,,100871795,Finance,INE918I01018,Bajaj Finserv Limited,2016-07-05 18:02:00,BAJAJFINSV
27-Jun-2016 14:24:00,,https://nsearchives.nseindia.com/corporate/BAJAJFINSV_6309_reply_27062016142450.zip,"The Exchange has sought clarification from Bajaj Finserv Limited with respect to recent news item captioned ""Bajaj Finserv is likely to buy out Allianz's stakes in Bajaj Allianz Life"". The Exchange, in order to verify the accuracy or otherwise of the information reported in the media and to inform the market place so that the interest of the investors is safeguarded, had written to the company. Bajaj Finserv Limited has submitted their response.",,,News Verification,-,27062016142400,-,-,False,,,100845769,Finance,INE918I01018,Bajaj Finserv Limited,2016-06-27 14:24:00,BAJAJFINSV
27-Jun-2016 12:07:00,,-,"The Exchange has sought clarification from Bajaj Finserv Limited, with respect to recent news item captioned ""Bajaj Finserv is likely to buy out Allianz's stakes in Bajaj Allianz Life"". In this regard, the Exchange has advised the Company to provide clarification/confirmation on the news item in detail including the following: a) Whether such negotiations were taking place and b) Whether you/company are aware of any information that has not been announced to the Exchanges which could explain the aforesaid movement in the trading. The response from the company is awaited.",,,News Verification,-,27062016120700,-,-,False,,,100845458,Finance,INE918I01018,Bajaj Finserv Limited,2016-06-27 12:07:00,BAJAJFINSV
22-Jun-2016 15:16:00,,https://nsearchives.nseindia.com/corporate/BFSBSENSEREG30_22062016151638_343.zip,"Bajaj Finserv Limited has submitted a copy of the Investor Presentation for financial results of the financial year ended March 31, 2016.",,,Updates,-,22062016151600,-,-,False,,,100832630,Finance,INE918I01018,Bajaj Finserv Limited,2016-06-22 15:16:00,BAJAJFINSV
17-Jun-2016 18:29:00,,https://nsearchives.nseindia.com/corporate/BFSINTIMATIONCUTOFFDATEBSENSE2016_17062016182953_276.zip,Bajaj Finserv Limited has informed the Exchange regarding Intimation of Cut-off Date for e-voting.,,,Updates,-,17062016182900,-,-,False,,,100819610,Finance,INE918I01018,Bajaj Finserv Limited,2016-06-17 18:29:00,BAJAJFINSV
25-May-2016 10:53:00,,https://nsearchives.nseindia.com/corporate/INVESTORPRESENTATION31MARCH2016BFS_25052016105327_105.zip,"Bajaj Finserv Limited has informed the Exchange regarding Investor Presentation for financial results of the fourth quarter ended March 31, 2016.",,,Updates,-,25052016105300,-,-,False,,,100741526,Finance,INE918I01018,Bajaj Finserv Limited,2016-05-25 10:53:00,BAJAJFINSV
24-May-2016 16:49:18,,https://nsearchives.nseindia.com/corporate/BFSResult31032016_24052016164918.zip,"Bajaj Finserv Limited has submitted to the Exchange the standalone & consolidated financial results along with the Auditors Report for the period ended March 31, 2016.",,,Financial Result Updates,-,24052016164918,-,-,False,,,105676,Finance,INE918I01018,Bajaj Finserv Limited,2016-05-24 16:49:18,BAJAJFINSV
24-May-2016 16:39:00,,https://nsearchives.nseindia.com/corporate/Bajaj_01_24052016163904.zip,"Bajaj Finserv Limited has informed the Exchange regarding a press release dated May 24, 2016 titled ""Financial results- Q4 and FY16"".",,,Press Release,-,24052016163900,-,-,False,,,100738681,Finance,INE918I01018,Bajaj Finserv Limited,2016-05-24 16:39:00,BAJAJFINSV
24-May-2016 16:37:00,,https://nsearchives.nseindia.com/corporate/Bajaj_01_24052016163707.zip,"Bajaj Finserv Limited has informed the Exchange that interim dividend , approved by the Board of Directors of the Company on March 09, 2016 and paid to the shareholders on March 23, 2016, at the rate of Rs.1.75 per share (35%) of face value of Rs.5 each on equity shares of the Company has been confirmed by the Board of Directors on May 24, 2016 as final dividend for the financial year ended March 31, 2016.",,,Outcome of Board Meeting,-,24052016163700,-,-,False,,,100738679,Finance,INE918I01018,Bajaj Finserv Limited,2016-05-24 16:37:00,BAJAJFINSV
17-May-2016 18:44:00,,https://nsearchives.nseindia.com/corporate/NSEandBSEletterReg30Analystmeet31March2016_17052016184404_772.zip,Bajaj Finserv Limited has informed the Exchange regarding Q4FY16 earning conference call.,,,Updates,-,17052016184400,-,-,False,,,100716365,Finance,INE918I01018,Bajaj Finserv Limited,2016-05-17 18:44:00,BAJAJFINSV
18-Apr-2016 12:00:00,,https://nsearchives.nseindia.com/corporate/146_18042016120001.zip,"Madhur Bajaj (For and on Behalf of the Promoter & Promoter Group) has submitted to the Exchange vide letter dated April 11, 2016 a copy of disclosure under Regulation 30(1) and 30(2) of SEBI (Substantial Acquisition of Shares & Takeovers) Regulations, 2011.",,,Disc. under Reg.30 of SEBI (SAST) Reg.2011,-,18042016120000,-,-,False,,,100628282,Finance,INE918I01018,Bajaj Finserv Limited,2016-04-18 12:00:00,BAJAJFINSV
07-Apr-2016 18:16:00,,https://nsearchives.nseindia.com/corporate/BAJAJFINSV_07042016181654.zip,"Bajaj Finserv Limited has informed the Exchange that as per the Company's Code of Conduct for prohibition of insider trading, the trading window for dealing in the securities of the Company would remain closed from April 15, 2016 to May 26, 2016 (both days inclusive) for the directors/officers/designated persons of the Company.",,,Trading Window,-,07042016181600,-,-,False,,,100611957,Finance,INE918I01018,Bajaj Finserv Limited,2016-04-07 18:16:00,BAJAJFINSV
09-Mar-2016 15:47:00,,https://nsearchives.nseindia.com/corporate/Reg30SEintimationforoutcomeofBMdividend9March2016_09032016154734_459.zip,"Bajaj Finserv Limited has informed the Exchange that the Board of directors of the Company at its meeting held on March 9, 2016 has considered and declared an interim dividend at the rate of 1.75 per equity share of Rs.5/- each (i.e. 35%), for the financial year ending March 31, 2016.",,,Dividend,-,09032016154700,-,-,False,,,100533786,Finance,INE918I01018,Bajaj Finserv Limited,2016-03-09 15:47:00,BAJAJFINSV
03-Mar-2016 11:28:00,,https://nsearchives.nseindia.com/corporate/BFSINTIMATIONBOARDMEEGING_03032016112829.zip,"Bajaj Finserv Limited has informed the Exchange that the Company has fixed Record Date as March 17, 2016 for the purpose of interim dividend",,,Record Date,-,03032016112800,-,-,False,,,100518791,Finance,INE918I01018,Bajaj Finserv Limited,2016-03-03 11:28:00,BAJAJFINSV
02-Mar-2016 18:31:00,,https://nsearchives.nseindia.com/corporate/BAJAJFINSV_02032016183151.zip,"Bajaj Finserv Limited has informed the Exchange that the payment thereof shall be credited / dispatched by around March 28, 2016 to such shareholders as on the Record Date.",,,Date of payment of dividend,-,02032016183100,-,-,False,,,100516068,Finance,INE918I01018,Bajaj Finserv Limited,2016-03-02 18:31:00,BAJAJFINSV
02-Mar-2016 18:24:00,,https://nsearchives.nseindia.com/corporate/BAJAJFINSV_02032016182435.zip,"Bajaj Finserv Limited has informed the Exchange that as per the Company's Code of Conduct for prohibition of insider trading, the trading window for dealing in the securities of the Company would remain closed from the time of this notice till the end of March 11, 2016 for the directors/officers/designated employees of the Company, who have already been informed of the same.",,,Trading Window,-,02032016182400,-,-,False,,,100516066,Finance,INE918I01018,Bajaj Finserv Limited,2016-03-02 18:24:00,BAJAJFINSV
04-Feb-2016 11:00:00,,https://nsearchives.nseindia.com/corporate/Stockexchangeletterforinvestorcall4feb2016-bfs_04022016110027_265.zip,"Bajaj Finserv Limited has informed the Exchange regarding Intimation of Conference Call for analyst/Institutional Investors for financial results of the third quarter ended December 31, 2016 along with Investor Presentation.",,,Analysts Meet,-,04022016110000,-,-,False,,,100436929,Finance,INE918I01018,Bajaj Finserv Limited,2016-02-04 11:00:00,BAJAJFINSV
03-Feb-2016 16:38:00,,https://nsearchives.nseindia.com/corporate/Bajajaj_FIN_03022016163832.zip,"Bajaj Finserv Limited has informed the Exchange regarding a press release dated February 03, 2016 with respect to the Unaudited financial results for the quarter and nine months ended December 31, 2015.",,,Press Release,-,03022016163800,-,-,False,,,100433274,Finance,INE918I01018,Bajaj Finserv Limited,2016-02-03 16:38:00,BAJAJFINSV
03-Feb-2016 16:24:55,,https://nsearchives.nseindia.com/corporate/BFSUFR31122015_03022016162455.zip,"Bajaj Finserv Limited has submitted to the Exchange the standalone & consolidated financial results along with the Limited Review Report for the period ended December 31, 2015.",,,Financial Result Updates,-,03022016162455,-,-,False,,,103708,Finance,INE918I01018,Bajaj Finserv Limited,2016-02-03 16:24:55,BAJAJFINSV
25-Jan-2016 10:30:00,,https://nsearchives.nseindia.com/corporate/LettertoSEsMonitoringAgencyReportBFS30Sept2015_25012016103030_115.zip,"Bajaj Finserv Limited has submitted to the Exchange a copy of report received from the monitoring agency (appointed for the Rights Issue of 2012) for the half-year ended September 30, 2015.",,,Statement of deviation(s) or variation(s) under Reg. 32,-,25012016103000,-,-,False,,,100405062,Finance,INE918I01018,Bajaj Finserv Limited,2016-01-25 10:30:00,BAJAJFINSV
12-Jan-2016 15:30:00,,https://nsearchives.nseindia.com/corporate/BFS_12012016153022_197.zip,"Bajaj Finserv Limited has informed the Exchange that  Shri S H Khan, an Independent Director of the company, passed away early this morning at Pune. He was 77 years old.",,,Demise,-,12012016153000,-,-,False,,,100373283,Finance,INE918I01018,Bajaj Finserv Limited,2016-01-12 15:30:00,BAJAJFINSV
28-Dec-2015 08:34:00,,https://nsearchives.nseindia.com/corporate/BAJAJFINSV_28122015083422.zip,"Bajaj Finserv Limited has informed the Exchange that the trading window for dealing in the securities of the Company would remain closed from January 01, 2016 to February 05, 2016 (both days inclusive) for the directors/officers/designated employees of the Company.",,,Trading Window,-,28122015083400,-,-,False,,,100328490,Finance,INE918I01018,Bajaj Finserv Limited,2015-12-28 08:34:00,BAJAJFINSV
17-Nov-2015 16:48:00,,https://nsearchives.nseindia.com/corporate/BFS_17112015164807_134.zip,Bajaj Finserv Limited has informed the Exchange that Reg 30 of SEBI (Listing Obligations and Disclosure requirements) Regulations 2015- Policy on determination of Materiality & related matters,,,Updates,-,17112015164800,-,-,False,,,100241955,Finance,INE918I01018,Bajaj Finserv Limited,2015-11-17 16:48:00,BAJAJFINSV
09-Nov-2015 14:07:00,,https://nsearchives.nseindia.com/corporate/BFSH11516toSE9Nov15_09112015140734_447.zip,Bajaj Finserv Limited has informed the Exchange about the recent Chairman's half yearly communication addressed to the shareholders.,,,Updates,-,09112015140700,-,-,False,,,100229509,Finance,INE918I01018,Bajaj Finserv Limited,2015-11-09 14:07:00,BAJAJFINSV
03-Nov-2015 13:59:00,,https://nsearchives.nseindia.com/corporate/BAJAJFINSERV_03112015135927_567.zip,Bajaj Finserv Limited has informed the Exchange about the Conversion as a Core Investment Company and Cancellation of Non-Banking Financial Company(NBFC) registration.,,,Updates,-,03112015135900,-,-,False,,,100219517,Finance,INE918I01018,Bajaj Finserv Limited,2015-11-03 13:59:00,BAJAJFINSV
20-Oct-2015 15:44:00,,https://nsearchives.nseindia.com/corporate/BAJAJFINSV_presss_20102015154440.zip,"Bajaj Finserv Limited has informed the Exchange regarding a press release dated October 20, 2015 titled ""Financial Results - Q2 FY16""",,,Press Release,-,20102015154400,-,-,False,,,100193594,Finance,INE918I01018,Bajaj Finserv Limited,2015-10-20 15:44:00,BAJAJFINSV
20-Oct-2015 15:37:01,,https://nsearchives.nseindia.com/corporate/BAJAJFINSERV_REults_20102015153701.zip,Bajaj Finserv Limited has submitted to the exchange the standalone & consolidated financial results along with the Limited Review Report for the period ended 30-Sep-2015.,,,Financial Result Updates,-,20102015153701,-,-,False,,,101686,Finance,INE918I01018,Bajaj Finserv Limited,2015-10-20 15:37:01,BAJAJFINSV
26-Sep-2015 15:32:00,,https://nsearchives.nseindia.com/corporate/bajajfin_26092015153223.zip,"Bajaj Finserv Limited has informed the Exchange that the trading window for dealing in the securities of the Company would remain closed from October 1, 2015 to October 22, 2015 (both days inclusive) for the directors/officers/designated employees of the Company, who have already been informed of the same.",,,Trading Window,-,26092015153200,-,-,False,,,100152884,Finance,INE918I01018,Bajaj Finserv Limited,2015-09-26 15:32:00,BAJAJFINSV
12-Aug-2015 14:33:00,,https://nsearchives.nseindia.com/corporate/bfs1_12082015143327_422.zip,"Bajaj Finserv Limited has informed the Exchange about the submission of proceedings of the Annual General Meeting of the Company held on July 22, 2015.",,,Annual General Meeting Updates,-,12082015143300,-,-,False,,,100082115,Finance,INE918I01018,Bajaj Finserv Limited,2015-08-12 14:33:00,BAJAJFINSV
23-Jul-2015 19:41:00,,https://nsearchives.nseindia.com/corporate/bajajfinser_35a_23072015194116.zip,"Bajaj Finserv Limited has informed the Exchange regarding details of voting results of the Annual General Meeting of the Company held on the July 22, 2015 along with Report of Scrutinizer pursuant to clause 35A of the Listing Agreement.",,,Disclosure of Voting Pattern - Clause 35A,-,23072015194100,-,-,False,,,100053063,Finance,INE918I01018,Bajaj Finserv Limited,2015-07-23 19:41:00,BAJAJFINSV
22-Jul-2015 15:52:00,,https://nsearchives.nseindia.com/corporate/Bajaj_press_22072015155202.zip,"Bajaj Finserv Limited has informed the Exchange vide letter dated July 22, 2015, regarding a press release with respect to Financial results - Q1 FY16.",,,Press Release,-,22072015155200,-,-,False,,,100052657,Finance,INE918I01018,Bajaj Finserv Limited,2015-07-22 15:52:00,BAJAJFINSV
22-Jul-2015 15:40:09,,https://nsearchives.nseindia.com/corporate/Bajafinvesr_result_22072015154009.zip,Bajaj Finserv Limited has submitted to the exchange the standalone & consolidated financial results along with the Limited Review Report for the period ended 30-Jun-2015.,,,Financial Result Updates,-,22072015154009,-,-,False,,,100124,Finance,INE918I01018,Bajaj Finserv Limited,2015-07-22 15:40:09,BAJAJFINSV
29-Jun-2015 17:30:00,,https://nsearchives.nseindia.com/corporate/BAJAJFINSV_06292015173002_1.zip,"Bajaj Finserv Limited has informed the Exchange that the trading window for dealing in the securities of the Company would remain closed from July 1, 2015 to July 24, 2015 (both days inclusive) for the directors/officers/designated employees of the Company, who have already been informed of the same.",,,Trading Window,-,29062015173000,-,-,False,,,1592795,Finance,INE918I01018,Bajaj Finserv Limited,2015-06-29 17:30:00,BAJAJFINSV
24-Jun-2015 17:02:00,,https://nsearchives.nseindia.com/corporate/BFS_06242015170201_1.zip,"Bajaj Finserv Limited has informed the Exchange that the Company shall provide its members the facility to exercise their votes electronically for transacting the items of business, as per the details set out in the notice convening the ensuing Annual general meeting of the Company scheduled on July 22, 2015 and the Company has fixed July 16, 2015 as cut-off date for the purpose of Companies(Management & Administration) Rules, 2014 as amended, to determine the entitlement of voting rights of members for e-voting.",,,Updates,-,24062015170200,-,-,False,,,1585421,Finance,INE918I01018,Bajaj Finserv Limited,2015-06-24 17:02:00,BAJAJFINSV
23-Jun-2015 15:22:00,,https://nsearchives.nseindia.com/corporate/BAJAFINV_agm_06232015152202_1.zip,"Bajaj Finserv Limited has informed the Exchange that the Register of Members and Share Transfer Books shall remain closed from July 11, 2015 to July 22, 2015 (both days inclusive) for the purpose of Annual General Meeting scheduled on July 22, 2015 and payment of dividend upon being declared thereat. ",,,AGM/Book Closure,-,23062015152200,-,-,False,,,1582912,Finance,INE918I01018,Bajaj Finserv Limited,2015-06-23 15:22:00,BAJAJFINSV
15-Jun-2015 16:04:00,,https://nsearchives.nseindia.com/corporate/BFSNSE_06152015160401_1.zip,"Bajaj Finserv Limited has submitted to the Exchange a copy of Disclosure under Regulation 29(2) of SEBI (SAST) Regulations, 2011.",,,Disclosure under SEBI Takeover Regulations,-,15062015160400,-,-,False,,,1569114,Finance,INE918I01018,Bajaj Finserv Limited,2015-06-15 16:04:00,BAJAJFINSV
20-May-2015 16:24:00,,https://nsearchives.nseindia.com/corporate/BAJAJFIN_payment_05202015162401_1.zip,"Bajaj Finserv Limited has informed the Exchange that   dividend on equity shares, if declared at the annual general meeting scheduled on July 22, 2015  will be credited / dispatched around July 27 / 28, 2015.",,,Date of payment of dividend,-,20052015162400,-,-,False,,,1524624,Finance,INE918I01018,Bajaj Finserv Limited,2015-05-20 16:24:00,BAJAJFINSV
20-May-2015 16:23:00,,-,"Bajaj Finserv Limited has informed the Exchange that the Board of Directors of the Company at its meeting held on May 20, 2015 has recommended a dividend of Rs. 1.75 per share (35%) subject to approval of shareholders.",,,Dividend,-,20052015162300,-,-,False,,,1524623,Finance,INE918I01018,Bajaj Finserv Limited,2015-05-20 16:23:00,BAJAJFINSV
20-May-2015 16:20:00,,https://nsearchives.nseindia.com/corporate/BAJFINSERVE_PR_05202015162002_1.zip,"Bajaj Finserv Limited has informed the Exchange regarding a press release dated May 20, 2015 titled ""Financial results - FY15"".",,,Press Release,-,20052015162000,-,-,False,,,1524620,Finance,INE918I01018,Bajaj Finserv Limited,2015-05-20 16:20:00,BAJAJFINSV
20-May-2015 16:15:03,,https://nsearchives.nseindia.com/corporate/BAJAJFINSERVE_RESULt_05202015161502_.zip,Bajaj Finserv Limited has submitted to the exchange the standalone & consolidated financial results for the period ended 31-Mar-2015.,,,Financial Result Updates,-,20052015161503,-,-,False,,,27811,Finance,INE918I01018,Bajaj Finserv Limited,2015-05-20 16:15:03,BAJAJFINSV
16-Apr-2015 15:05:00,,https://nsearchives.nseindia.com/corporate/bajajfinanceltd_nirajbajaj_01_04162015150501_1.zip,"Niraj Bajaj has submitted to the Exchange vide letter dated April 09, 2015 a copy of disclosure under Regulation 30(1) and 30(2) of SEBI (Substantial Acquisition of Shares & Takeovers) Regulations, 2011.",,,Disc. under Reg.30 of SEBI (SAST) Reg.2011,-,16042015150500,-,-,False,,,1465242,Finance,INE918I01018,Bajaj Finserv Limited,2015-04-16 15:05:00,BAJAJFINSV
01-Apr-2015 12:19:00,,https://nsearchives.nseindia.com/corporate/BAJAJFIN_BM_04012015121901_1.zip,"Bajaj Finserv Limited has informed the Exchange that  the trading window for dealing in the securities of the Company would remain closed from April 01, 2015 to May 22, 2015 (both days inclusive) for the directors/officers/designated employees of the Company.",,,Trading Window,-,01042015121900,-,-,False,,,1444571,Finance,INE918I01018,Bajaj Finserv Limited,2015-04-01 12:19:00,BAJAJFINSV
14-Jan-2015 16:05:00,,https://nsearchives.nseindia.com/corporate/BAJAFINSERV_PR2_01142015160501_1.zip,"Bajaj Finserv Limited has informed the Exchange regarding a press release titled ""Financial results- Q3FY15"".",,,Press Release,-,14012015160500,-,-,False,,,1308700,Finance,INE918I01018,Bajaj Finserv Limited,2015-01-14 16:05:00,BAJAJFINSV
14-Jan-2015 15:51:02,,https://nsearchives.nseindia.com/corporate/BAJAJFINSV_31Dec14_B_01142015155101_.zip,Bajaj Finserv Limited has submitted to the exchange the standalone & consolidated financial results along with the Limited Review Report for the period ended 31-Dec-2014.,,,Financial Result Updates,-,14012015155102,-,-,False,,,25754,Finance,INE918I01018,Bajaj Finserv Limited,2015-01-14 15:51:02,BAJAJFINSV
19-Dec-2014 17:04:00,,-,"Bajaj Finserv Limited has informed the Exchange that as per the Company's Code of Conduct for prohibition of insider trading, the trading window for dealing in the securities of the Company would remain closed from January 1, 2015 to January 15, 2015 (both days inclusive) for the directors/officers/designated employees of the Company.",,,Trading Window,-,19122014170400,-,-,False,,,1267138,Finance,INE918I01018,Bajaj Finserv Limited,2014-12-19 17:04:00,BAJAJFINSV
16-Dec-2014 12:07:00,,https://nsearchives.nseindia.com/corporate/bfsnse_12162014120702_1.zip,"Bajaj Finserv Limited has submitted to the Exchange vide its letter dated December 16, 2014 a copy of disclosure pursuant to Regulation 13(4), 13(4A) and 13(6) of the SEBI (Prohibition of Insider Trading) Regulations, 1992.",,,Disclosure under Insider Trading Regulation,-,16122014120700,-,-,False,,,1258169,Finance,INE918I01018,Bajaj Finserv Limited,2014-12-16 12:07:00,BAJAJFINSV
09-Dec-2014 11:54:00,,https://nsearchives.nseindia.com/corporate/BFSNSE_12092014115401_1.zip,"Bajaj Finserv Limited has submitted to the Exchange vide its letter dated December 9, 2014 a copy of disclosure pursuant to Regulation 13(4), 13(4A) and 13(6) of the SEBI (Prohibition of Insider Trading) Regulations, 1992.",,,Disclosure under Insider Trading Regulation,-,09122014115400,-,-,False,,,1244604,Finance,INE918I01018,Bajaj Finserv Limited,2014-12-09 11:54:00,BAJAJFINSV
03-Nov-2014 16:11:00,,-,"Bajaj Finserv Limited has informed the Exchange that the Company has, on November 1 , 2014, transferred by way of sale 100% shares (i.e. 3,90,00,000 number of shares of Rs. 10/- each) of Bajaj Financial Solutions Ltd. (together with its wholly-owned subsidiary, Bajaj Financial Securities Ltd.), for a consideration of Rs. 17 Crore, on an arm's length basis, to its subsidiary company, Bajaj Finance Ltd, to facilitate Bajaj Finance Ltd. promote the business of Housing Finance. The said transaction was approved by the Board of Directors at its meeting held on October 14, 2014.",,,Updates,-,03112014161100,-,-,False,,,1186603,Finance,INE918I01018,Bajaj Finserv Limited,2014-11-03 16:11:00,BAJAJFINSV
14-Oct-2014 15:03:02,,https://nsearchives.nseindia.com/corporate/BAJAJFINSERVE_30092014_B_LR_10142014150302_.zip,Bajaj Finserv Limited has submitted to the exchange the standalone & consolidated financial results along with the Limited Review Report for the period ended 30-Sep-2014.,,,Financial Result Updates,-,14102014150302,-,-,False,,,24219,Finance,INE918I01018,Bajaj Finserv Limited,2014-10-14 15:03:02,BAJAJFINSV
14-Oct-2014 14:57:00,,https://nsearchives.nseindia.com/corporate/BAJFINSERV_PR_14102014145726.zip,"Bajaj Finserv Limited has informed the Exchange regarding a press release dated October 14, 2014 titled ""Financial results - Q2 FY15"".",,,Press Release,-,14102014145700,-,-,False,,,100003385,Finance,INE918I01018,Bajaj Finserv Limited,2014-10-14 14:57:00,BAJAJFINSV
29-Sep-2014 10:35:00,,-,"Bajaj Finserv Limited has informed the Exchange that as per the Company's Code of Conduct for prohibition of insider trading, the trading window for dealing in the securities of the Company would remain closed from October 01, 2014 to October 15, 2014 (both days inclusive) for the directors/officers/designated employees of the Company, who have already been informed of the same.",,,Updates,-,29092014103500,-,-,False,,,100000297,Finance,INE918I01018,Bajaj Finserv Limited,2014-09-29 10:35:00,BAJAJFINSV
01-Sep-2014 17:52:00,,https://nsearchives.nseindia.com/corporate/BFSDISCLOSUREUNDERREG13(6)_09012014175202_1.zip,"Bajaj Finserv Limited has submitted to the Exchange vide its letter dated September 1, 2014 a copy of disclosure pursuant to Regulation 13(4), 13(4A) and 13(6) of the SEBI (Prohibition of Insider Trading) Regulations, 1992.",,,Disclosure under Insider Trading Regulation,-,01092014175200,-,-,False,,,1087308,Finance,INE918I01018,Bajaj Finserv Limited,2014-09-01 17:52:00,BAJAJFINSV
27-Aug-2014 14:52:00,,https://nsearchives.nseindia.com/corporate/Disclosure13(6)InsidertradingBSENSE27Aug14_08272014145201_1.zip,"Bajaj Finserv Limited has submitted to the Exchange vide its letter dated August 27, 2014 a copy of disclosure pursuant to Regulation 13(4), 13(4A) and 13(6) of the SEBI (Prohibition of Insider Trading) Regulations, 1992.",,,Disclosure under Insider Trading Regulation,-,27082014145200,-,-,False,,,1082088,Finance,INE918I01018,Bajaj Finserv Limited,2014-08-27 14:52:00,BAJAJFINSV
14-Aug-2014 18:20:00,,https://nsearchives.nseindia.com/corporate/bajajfinservltd_14082014_08142014182003_3.zip,"Bajaj Finserv Limited has submitted to the Exchange a copy of the Minutes of the Annual General Meeting of the Company held on July 16, 2014.",,,Annual General Meeting Updates,-,14082014182000,-,-,False,,,1062670,Finance,INE918I01018,Bajaj Finserv Limited,2014-08-14 18:20:00,BAJAJFINSV
18-Jul-2014 17:24:00,,https://nsearchives.nseindia.com/corporate/BAJFINV_DIS35A_07182014172402_1.zip,"Bajaj Finserv Limited has informed the Exchange regarding the Outcome of Annual General Meeting held on July 16, 2014 and Details of voting results under Clause 35A of the Listing Agreement.",,,Disclosure of Voting Pattern - Clause 35A,-,18072014172400,-,-,False,,,1015085,Finance,INE918I01018,Bajaj Finserv Limited,2014-07-18 17:24:00,BAJAJFINSV
16-Jul-2014 15:20:00,,https://nsearchives.nseindia.com/corporate/BAJFINSERV_PR_07162014152002_1.zip,"Bajaj Finserv Limited has informed the Exchange regarding a Press Release dated July 16, 2014 titled ""Financial Results - Q1 FY15"".",,,Press Release,-,16072014152000,-,-,False,,,1009663,Finance,INE918I01018,Bajaj Finserv Limited,2014-07-16 15:20:00,BAJAJFINSV
16-Jul-2014 15:15:03,,https://nsearchives.nseindia.com/corporate/BajajFINSERVE_30_07162014151502_.zip,Bajaj Finserv Limited has submitted to the exchange the standalone & consolidated financial results for the period ended 30-Jun-2014.,,,Financial Result Updates,-,16072014151503,-,-,False,,,22701,Finance,INE918I01018,Bajaj Finserv Limited,2014-07-16 15:15:03,BAJAJFINSV
16-Jun-2014 12:20:00,,https://nsearchives.nseindia.com/corporate/bajajfinserve_06162014122001_1.zip,"The Exchange had sought clarification from Bajaj Finserv Limited with respect to a news item captioned ""Bajaj Fin Stumbles upon Fraud"". The Company has clarified that the news item is in connection with the Company's subsidiary company Bajaj Finance Limited. Further, the Company has also submitted a copy of the reply given by Bajaj Finance Limited.",,,News Clarification,-,16062014122000,-,-,False,,,957586,Finance,INE918I01018,Bajaj Finserv Limited,2014-06-16 12:20:00,BAJAJFINSV
12-Jun-2014 18:12:00,,-,"Bajaj Finserv Limited has informed the Exchange that the Company has fixed Book Closure from July 5, 2014 to July 16, 2014 for the purpose of Annual General Meeting scheduled on July 16, 2014 and payment of dividend upon being declared thereat. ",,,AGM/Book Closure,-,12062014181200,-,-,False,,,953581,Finance,INE918I01018,Bajaj Finserv Limited,2014-06-12 18:12:00,BAJAJFINSV
28-May-2014 11:56:00,,https://nsearchives.nseindia.com/corporate/BAJAFINSERV_UP_05282014115602_3.zip,"Bajaj Finserv Limited has informed the Exchange that the Company has fixed May 30, 2014 as the Cut-off date to determine the entitlement of voting rights of members for e-voting.",,,Updates,-,28052014115600,-,-,False,,,926919,Finance,INE918I01018,Bajaj Finserv Limited,2014-05-28 11:56:00,BAJAJFINSV
14-May-2014 16:28:00,,https://nsearchives.nseindia.com/corporate/BAJFIN_PR_05142014162802_1.zip,"Bajaj Finserv Limited has informed the Exchange regarding a press release dated May 14, 2014, titled""Financial-FY14"".",,,Press Release,-,14052014162800,-,-,False,,,903557,Finance,INE918I01018,Bajaj Finserv Limited,2014-05-14 16:28:00,BAJAJFINSV
14-May-2014 16:20:00,,-,"Bajaj Finserv Limited has informed the Exchange that the Board of Directors of the Company at its meeting held on May 14, 2014 has recommended a dividend of Rs. 1.75 per share (35%) subject to approval of shareholders.",,,Dividend,-,14052014162000,-,-,False,,,903549,Finance,INE918I01018,Bajaj Finserv Limited,2014-05-14 16:20:00,BAJAJFINSV
14-May-2014 16:16:00,,-,"Bajaj Finserv Limited has informed the Exchange that  dividend on equity shares, if declared at the annual general meeting, will be credited / dispatched around July 21 / 22, 2014.",,,Date of payment of dividend,-,14052014161600,-,-,False,,,903546,Finance,INE918I01018,Bajaj Finserv Limited,2014-05-14 16:16:00,BAJAJFINSV
14-May-2014 16:11:01,,https://nsearchives.nseindia.com/corporate/BAJAJFINSV_31Mar14_B_05142014161101_.zip,Bajaj Finserv Limited has submitted to the exchange the standalone & consolidated financial results for the period ended 31-Mar-2014.,,,Financial Result Updates,-,14052014161101,-,-,False,,,21563,Finance,INE918I01018,Bajaj Finserv Limited,2014-05-14 16:11:01,BAJAJFINSV
27-Mar-2014 18:44:00,,-,"Bajaj Finserv Limited has informed the Exchange that at the board meeting of the company held on March 27, 2014, Dr Gita Piramal has been appointed on the board of Company as an independent woman director effective from March 27, 2014.",,,Appointment of Director,-,27032014184400,-,-,False,,,838060,Finance,INE918I01018,Bajaj Finserv Limited,2014-03-27 18:44:00,BAJAJFINSV
15-Jan-2014 15:27:02,,https://nsearchives.nseindia.com/corporate/BAJAJFINSV_31DEC2014_01152014152701_.zip,Bajaj Finserv Limited has submitted to the exchange the standalone & consolidated financial results for the period ended 31-Dec-2013.,,,Financial Result Updates,-,15012014152702,-,-,False,,,19640,Finance,INE918I01018,Bajaj Finserv Limited,2014-01-15 15:27:02,BAJAJFINSV
15-Jan-2014 15:24:00,,https://nsearchives.nseindia.com/corporate/BAJFINSERV_pr_15012014_01152014152402_1.zip,"Bajaj Finserv Limited has informed the Exchange regarding a Press Release dated January 15, 2014 titled, ""Financial Results - Q3FY14"".",,,Press Release,-,15012014152400,-,-,False,,,748628,Finance,INE918I01018,Bajaj Finserv Limited,2014-01-15 15:24:00,BAJAJFINSV
15-Oct-2013 15:15:00,,-,Bajaj Finserv Limited has informed the Exchange regarding the consolidated Results for the quarter ended on 30-SEP-2013 as follows: Net Sales of Rs. 130861 lacs for the quarter ending on 30-SEP-2013 against Rs. 126981 lacs and Rs. 100783 lacs for the quarters ending on 30-JUN-2013 and 30-SEP-2012 respectively. Net Profit / (Loss) of Rs. 27654 lacs for the quarter ending on 30-SEP-2013 against Rs. 27880 lacs and Rs. 21684 lacs for the quarters ending on 30-JUN-2013 and 30-SEP-2012 respectively.,,,"Results Update, Quarter  ended 30-SEP-2013 (Consolidated)",-,15102013151500,-,-,False,,,,Finance,INE918I01018,Bajaj Finserv Limited,2013-10-15 15:15:00,BAJAJFINSV
15-Oct-2013 15:15:00,,-,Bajaj Finserv Limited has informed the Exchange regarding the standalone Results for the quarter ended on 30-SEP-2013 as follows: Net Sales of Rs. 8048 lacs for the quarter ending on 30-SEP-2013 against Rs. 2845 lacs and Rs. 6694 lacs for the quarters ending on 30-JUN-2013 and 30-SEP-2012 respectively. Net Profit / (Loss) of Rs. 5636 lacs for the quarter ending on 30-SEP-2013 against Rs. 1111 lacs and Rs. 4697 lacs for the quarters ending on 30-JUN-2013 and 30-SEP-2012 respectively.,,,"Results Update, Quarter  ended 30-SEP-2013 (Standalone)",-,15102013151500,-,-,False,,,,Finance,INE918I01018,Bajaj Finserv Limited,2013-10-15 15:15:00,BAJAJFINSV
15-Oct-2013 15:12:00,,https://nsearchives.nseindia.com/corporate/bajajfinserv_pr_15102013_10152013151202_3.zip,"Bajaj Finserv Limited has informed the Exchange regarding a Press Release dated October 15, 2013 titled ""Financial Results - Q2 FY14"".",,,Press Release,-,15102013151200,-,-,False,,,663337,Finance,INE918I01018,Bajaj Finserv Limited,2013-10-15 15:12:00,BAJAJFINSV
15-Oct-2013 15:11:02,,https://nsearchives.nseindia.com/corporate/BAJAJFINSV_3-sep2013_B.zip,Bajaj Finserv Limited has submitted to the exchange the standalone & consolidated financial results for the period ended 30-sep-2013.,,,Financial Result Updates,-,15102013151102,-,-,False,,,18114,Finance,INE918I01018,Bajaj Finserv Limited,2013-10-15 15:11:02,BAJAJFINSV
30-Jul-2013 14:24:00,,https://nsearchives.nseindia.com/corporate/BAJAJFINSERV_proceedingagm_30072013_07302013142402_3.zip,"Bajaj Finserv Limited has submitted to the Exchange a copy of the Minutes of the Annual General Meeting of the Shareholders of the Company held on July 18, 2013.",,,Annual General Meeting Updates,-,30072013142400,-,-,False,,,604232,Finance,INE918I01018,Bajaj Finserv Limited,2013-07-30 14:24:00,BAJAJFINSV
22-Jul-2013 08:32:00,,https://nsearchives.nseindia.com/corporate/BAJAJFIN_Outcomeagm_22072013_07222013083202_3.zip,"Bajaj Finserv Limited has informed the Exchange regarding the details of Voting results at the Annual General Meeting of the Company held on July 18, 2013, under Clause 35A of the Listing Agreement.",,,Disclosure of Voting Pattern - Clause 35A,-,22072013083200,-,-,False,,,598319,Finance,INE918I01018,Bajaj Finserv Limited,2013-07-22 08:32:00,BAJAJFINSV
18-Jul-2013 15:40:00,,https://nsearchives.nseindia.com/corporate/BAJFINSERV_pr_18072013_07182013154002_2.zip,"Bajaj Finserv Limited has informed the Exchange regarding a Press Release dated July 18, 2013 titled ""Financial Results - Q1 FY14"".",,,Press Release,-,18072013154000,-,-,False,,,596871,Finance,INE918I01018,Bajaj Finserv Limited,2013-07-18 15:40:00,BAJAJFINSV
18-Jul-2013 15:31:36,,https://nsearchives.nseindia.com/corporate/BAJAJFINSV_30JUN2013_B_Q1.zip,"Bajaj Finserv Limited has submitted to the Exchange the Standalone and Consolidated Financial Results along with the Limited Review Report for the period ended June 30,2013.",,,Financial Result Updates,-,18072013153136,-,-,False,,,16609,Finance,INE918I01018,Bajaj Finserv Limited,2013-07-18 15:31:36,BAJAJFINSV
27-Jun-2013 17:32:00,,-,"Bajaj Finserv Limited has informed the Exchange that ""Bajaj Finserv Limited has submitted its Application to Reserve Bank of India on 26 June 2013 for a Licence to commence banking in terms of section 22 of the Banking Companies Act, 1949. It is proposed to do this by converting its subsidiary Bajaj Finance Ltd into a Bank in terms of RBI Guideline for Licensing of New Banks in the Private Sector dated 22 February 2013"".",,,Updates,-,27062013173200,-,-,False,,,582792,Finance,INE918I01018,Bajaj Finserv Limited,2013-06-27 17:32:00,BAJAJFINSV
27-May-2013 11:40:00,,-,"Bajaj Finserv Limited has informed the Exchange that the payment of dividend when declared at the Annual General Meeting being convened on July 18, 2013 will be credited / dispatched between July 23, 2013 and July 25, 2013.",,,Date of payment of dividend,-,27052013114000,-,-,False,,,561351,Finance,INE918I01018,Bajaj Finserv Limited,2013-05-27 11:40:00,BAJAJFINSV
27-May-2013 11:20:00,,-,"Bajaj Finserv Limited has informed the Exchange that the Company has fixed Book Closure from July 6, 2013 to July 18, 2013 (both days inclusive) for the purpose of Annual General Meeting scheduled on July 18, 2013 and payment of dividend upon being declared thereat.",,,AGM/Book Closure,-,27052013112000,-,-,False,,,561332,Finance,INE918I01018,Bajaj Finserv Limited,2013-05-27 11:20:00,BAJAJFINSV
16-May-2013 12:36:00,,-,"Bajaj Finserv Limited has informed the Exchange that the Board of Directors of the Company at its meeting held on May 15, 2013 has recommend a dividend of Rs. 1.50 per share (30%) subject to approval of shareholders. ",,,Dividend,-,16052013123600,-,-,False,,,553553,Finance,INE918I01018,Bajaj Finserv Limited,2013-05-16 12:36:00,BAJAJFINSV
16-May-2013 12:32:00,,-,"Bajaj Finserv Limited has informed the Exchange that that dividend on equity shares, if declared at the annual! genera! meeting, will be credited / despatched between July 23, 2013 to July 25, 2013. ",,,Date of payment of dividend,-,16052013123200,-,-,False,,,553549,Finance,INE918I01018,Bajaj Finserv Limited,2013-05-16 12:32:00,BAJAJFINSV
15-May-2013 18:16:00,,https://nsearchives.nseindia.com/corporate/BajajFinserv_PR01_15052013_05152013171602_1.zip,"Bajaj Finserv Limited has informed the Exchange regarding a Press Release dated May 15, 2013 titled ""Gross revenue increase 9%; Profit after tax increase 18%"".",,,Press Release,-,15052013181600,-,-,False,,,552709,Finance,INE918I01018,Bajaj Finserv Limited,2013-05-15 18:16:00,BAJAJFINSV
15-May-2013 16:54:28,,https://nsearchives.nseindia.com/corporate/BAJAJFINSV_31MAR2013_B_Q4A.zip,"Bajaj Finserv Limited has submitted to the Exchange the Standalone and Consolidated Financial Results for the period ended March 31,2013.",,,Financial Result Updates,-,15052013165428,-,-,False,,,15538,Finance,INE918I01018,Bajaj Finserv Limited,2013-05-15 16:54:28,BAJAJFINSV
27-Feb-2013 13:20:00,,https://nsearchives.nseindia.com/corporate/BAJAJHLDNG_KIRAN_532978.zip,"Kiran Bajaj has submitted to the Exchange vide its letter dated February 22, 2013 a copy of disclosure pursuant to Regulation 13(4), 13(4A) and 13(6) of the SEBI (Prohibition of Insider Trading) Regulations, 1992. ",,,Disclosure under Insider Trading Regulation,-,27022013132000,-,-,False,,,509235,Finance,INE918I01018,Bajaj Finserv Limited,2013-02-27 13:20:00,BAJAJFINSV
25-Feb-2013 15:08:00,,https://nsearchives.nseindia.com/corporate/BAJAJFINSERV_REG13_25022013_02252013150802_2.zip,"Bajaj Finserv Limited has submitted to the Exchange vide its letter dated February 25, 2013 a copy of disclosure pursuant to Regulation 13(4), 13(4A) and 13(6) of the SEBI (Prohibition of Insider Trading) Regulations, 1992.",,,Disclosure under Insider Trading Regulation,-,25022013150800,-,-,False,,,507656,Finance,INE918I01018,Bajaj Finserv Limited,2013-02-25 15:08:00,BAJAJFINSV
19-Feb-2013 15:40:00,,https://nsearchives.nseindia.com/corporate/BajaFinvS_02192013154001_1.zip,"Bajaj Finserv Limited has submitted to the Exchange vide its letter dated February 18, 2013 a copy of disclosure pursuant to Regulation 13(4), 13(4A) and 13(6) of the SEBI (Prohibition of Insider Trading) Regulations, 1992. ",,,Disclosure under Insider Trading Regulation,-,19022013154000,-,-,False,,,505040,Finance,INE918I01018,Bajaj Finserv Limited,2013-02-19 15:40:00,BAJAJFINSV
13-Feb-2013 15:32:00,,https://nsearchives.nseindia.com/corporate/BajajFinserv_Rahul_Dis_13022013.zip,"Rahul Bajaj has submitted to the Exchange vide letter dated February 11, 2013 a copy of disclosure pursuant to Regulation 13(4), 13(4A) and 13(6) of the SEBI (Prohibition of Insider Trading) Regulations, 1992.",,,Disclosure under Insider Trading Regulation,-,13022013153200,-,-,False,,,501741,Finance,INE918I01018,Bajaj Finserv Limited,2013-02-13 15:32:00,BAJAJFINSV
15-Jan-2013 15:45:00,,-,Bajaj Finserv Limited has informed the Exchange regarding the standalone Results for the quarter ended on 31-DEC-2012 as follows: Net Sales of Rs. 2517 lacs for the quarter ending on 31-DEC-2012 against Rs. 6694 lacs and Rs. 2838 lacs for the quarters ending on 30-SEP-2012 and 31-DEC-2011 respectively. Net Profit / (Loss) of Rs. 1113 lacs for the quarter ending on 31-DEC-2012 against Rs. 4697 lacs and Rs. 1447 lacs for the quarters ending on 30-SEP-2012 and 31-DEC-2011 respectively.,,,"Results Update, Quarter ended, 31-DEC-2012 (Standalone)",-,15012013154500,-,-,False,,,,Finance,INE918I01018,Bajaj Finserv Limited,2013-01-15 15:45:00,BAJAJFINSV
15-Jan-2013 15:44:00,,https://nsearchives.nseindia.com/corporate/BAJAFINSERV_pr_15012013_001.zip,"Bajaj Finserv Limited has informed the Exchange vide its letter dated January 15, 2013 regarding a press release  titled ""Gross revenue increase 11%; Profit after tax increase 46%"".",,,Press Release,-,15012013154400,-,-,False,,,,Finance,INE918I01018,Bajaj Finserv Limited,2013-01-15 15:44:00,BAJAJFINSV
15-Jan-2013 15:30:20,,https://nsearchives.nseindia.com/corporate/BAJAJFINSV_31DEC2012_B_Q3.zip,"Bajaj Finserv Limited has submitted to the Exchange the Standalone and Consolidated Financial Results along with the Limited Review Report for the period ended December 31,2012.",,,Financial Result Updates,-,15012013153020,-,-,False,,,13556,Finance,INE918I01018,Bajaj Finserv Limited,2013-01-15 15:30:20,BAJAJFINSV
21-Nov-2012 18:06:00,,https://nsearchives.nseindia.com/corporate/BajajFinserve_Reg13_21112012.zip,"Bajaj Finserv Limited has submitted to the Exchange vide letter dated November 21, 2012 a copy of disclosure pursuant to Regulation 13(4), 13(4A) and 13(6) of the SEBI (Prohibition of Insider Trading) Regulations, 1992.",,,Disclosure under Insider Trading Regulation,-,21112012180600,-,-,False,,,,Finance,INE918I01018,Bajaj Finserv Limited,2012-11-21 18:06:00,BAJAJFINSV
20-Nov-2012 18:01:00,,https://nsearchives.nseindia.com/corporate/BAJAFINSV_MINAL_20112012.zip,"Minal Bajaj has submitted to the Exchange vide its letter dated November 20, 2012 a copy of disclosure pursuant to Regulation 13(4), 13(4A) and 13(6) of the SEBI (Prohibition of Insider Trading) Regulations, 1992.",,,Disclosure under Insider Trading Regulation,-,20112012180100,-,-,False,,,,Finance,INE918I01018,Bajaj Finserv Limited,2012-11-20 18:01:00,BAJAJFINSV
20-Nov-2012 18:01:00,,https://nsearchives.nseindia.com/corporate/BAJAJFINSV_RAHUL_20112012.zip,"Rahul Bajaj has submitted to the Exchange vide its letter dated November 20, 2012 a copy of disclosure pursuant to Regulation 13(4), 13(4A) and 13(6) of the SEBI (Prohibition of Insider Trading) Regulations, 1992.",,,Disclosure under Insider Trading Regulation,-,20112012180100,-,-,False,,,,Finance,INE918I01018,Bajaj Finserv Limited,2012-11-20 18:01:00,BAJAJFINSV
06-Nov-2012 20:41:00,,https://nsearchives.nseindia.com/corporate/BajajFinserv_reg_06112012.zip,"Bajaj Finserv Limited has submitted to the Exchange vide letter dated November 06, 2012 a copy of disclosure pursuant to Regulation 13(4), 13(4A) and 13(6) of the SEBI (Prohibition of Insider Trading) Regulations, 1992.",,,Disclosure under Insider Trading Regulation,-,06112012204100,-,-,False,,,,Finance,INE918I01018,Bajaj Finserv Limited,2012-11-06 20:41:00,BAJAJFINSV
26-Oct-2012 12:05:00,,https://nsearchives.nseindia.com/corporate/BAJAJFINSV_SHEKHAR_22102012.ZIP,"Shekar Bajaj has submitted to the Exchange vide letter dated October 22, 2012 a copy of disclosure under Regulation 13(4), 13(4A) & 13(6) of SEBI (Prohibition of Insider Trading) Regulations, 1992.",,,Disclosure under SEBI Takeover Regulations,-,26102012120500,-,-,False,,,,Finance,INE918I01018,Bajaj Finserv Limited,2012-10-26 12:05:00,BAJAJFINSV
26-Oct-2012 12:05:00,,https://nsearchives.nseindia.com/corporate/BAJAJFINSV_NIRAJ_22102012.zip,"Niraj Bajaj has submitted to the Exchange vide letter dated October 22, 2012 a copy of disclosure under Regulation 13(4), 13(4A) & 13(6) of SEBI (Prohibition of Insider Trading) Regulations, 1992.",,,Disclosure under Insider Trading Regulation,-,26102012120500,-,-,False,,,,Finance,INE918I01018,Bajaj Finserv Limited,2012-10-26 12:05:00,BAJAJFINSV
26-Oct-2012 08:50:00,,https://nsearchives.nseindia.com/corporate/BAJAJFIN_REG_26102012.zip,"Bajaj Finserv Limited has submitted to the Exchange vide letter dated October 25, 2012 a copy of Disclosure under Regulation 13(4), 13(4A) & 13(6) of SEBI (Prohibition of Insider Trading) Regulations, 1992.",,,Disclosure under Insider Trading Regulation,-,26102012085000,-,-,False,,,,Finance,INE918I01018,Bajaj Finserv Limited,2012-10-26 08:50:00,BAJAJFINSV
25-Oct-2012 21:29:00,,https://nsearchives.nseindia.com/corporate/FINSER_DISC_25102012.zip,"Bajaj Finserv Limited has submitted to the Exchange vide letter dated October 25, 2012 a copy of Disclosure under Regulation 13(6) of SEBI (Prohibition of Insider Trading) Regulations, 1992.",,,Disclosure under Insider Trading Regulation,-,25102012212900,-,-,False,,,,Finance,INE918I01018,Bajaj Finserv Limited,2012-10-25 21:29:00,BAJAJFINSV
25-Oct-2012 09:25:00,,https://nsearchives.nseindia.com/corporate/BAJAJFINSV_REG29_23102012.zip,"Bajaj Holdings & Investment Limited has submitted to the Exchange vide  letter dated October 23, 2012 a copy of disclosure under Regulation 29(2) of SEBI (Substantial Acquisition of Shares & Takeovers) Regulations, 2011.",,,Disclosure under SEBI Takeover Regulations,-,25102012092500,-,-,False,,,,Finance,INE918I01018,Bajaj Finserv Limited,2012-10-25 09:25:00,BAJAJFINSV
19-Oct-2012 16:37:00,,https://nsearchives.nseindia.com/corporate/BAJFIN_pr_19102012.zip,"Bajaj Finserv Limited has informed the Exchange regarding a press release dated October 19, 2012 with respect to the Unaudited financial results for the quarter and half year ended September 30, 2012.",,,Press Release,-,19102012163700,-,-,False,,,,Finance,INE918I01018,Bajaj Finserv Limited,2012-10-19 16:37:00,BAJAJFINSV
19-Oct-2012 15:13:50,,https://nsearchives.nseindia.com/corporate/BAJAJFINSV_30SEP2012_B_Q2.zip,"Bajaj Finserv Limited has submitted to the Exchange the Standalone and Consolidated Financial Results for the period ended September 30,2012.",,,Financial Result Updates,-,19102012151350,-,-,False,,,12098,Finance,INE918I01018,Bajaj Finserv Limited,2012-10-19 15:13:50,BAJAJFINSV
29-Aug-2012 18:42:00,,https://nsearchives.nseindia.com/corporate/BAJAJFINSV_Rightissue_001.zip,"Bajaj Finserv Limited has informed the Exchange that the Special Committee constituted by the Board of Directors of the Company, in its meeting held on August 29, 2012 has fixed September 08, 2012 as Record Date for the purpose of Right issue.",,,Record Date,-,29082012184200,-,-,False,,,,Finance,INE918I01018,Bajaj Finserv Limited,2012-08-29 18:42:00,BAJAJFINSV
29-Aug-2012 11:10:00,,-,"Bajaj Finserv Limited has informed the Exchange that the Special Committee constituted by the Board of Directors of the Company, in its meeting held on August 29, 2012, has decided, inter-alia, the following in relation to the proposed rights issue of equity shares of the Company (""Issue"") : (1) Rights Issue Price : Rs. 650/- per Equity Share (including premium of Rs. 645/- per share); (2) Rights entitlement ratio for the Issue : One Equity share for every Ten Equity shares held as on the record date; (3) Issue Size : Issue of equity shares on a rights basis to its existing equity shareholders would aggregate to Rs.941 Crores approximately; (4) Designated Stock Exchange for the Issue : National Stock Exchange of India Limited; (5) All the equity shares to be issued pursuant to the Issue shall rank pari passu with the existing equity shares of the Company. ",,,Rights Issue,-,29082012111000,-,-,False,,,,Finance,INE918I01018,Bajaj Finserv Limited,2012-08-29 11:10:00,BAJAJFINSV
08-Aug-2012 15:45:00,,https://nsearchives.nseindia.com/corporate/BAJAJFINSV_AGM.ZIP,"Bajaj Finserv Limited has submitted to the Exchange a copy of the Minutes of the Annual General Meeting of the Shareholders of the Company held on July 17, 2012.",,,Minutes of Annual General Meeting,-,08082012154500,-,-,False,,,,Finance,INE918I01018,Bajaj Finserv Limited,2012-08-08 15:45:00,BAJAJFINSV
19-Jul-2012 18:24:00,,https://nsearchives.nseindia.com/corporate/bajafinserve_35a_19072012.zip,"Bajaj Finserv Limited has informed the Exchange vide letter dated July 17, 2012 regarding Clause 35A of Listing Agreement - Details of Voting Results at Annual General Meeting of the Company held on July 17, 2012.",,,Disclosure of Voting Pattern - Clause 35A,-,19072012182400,-,-,False,,,,Finance,INE918I01018,Bajaj Finserv Limited,2012-07-19 18:24:00,BAJAJFINSV
17-Jul-2012 15:27:42,,https://nsearchives.nseindia.com/corporate/BAJAJFINSV_30JUN2012_B_Q1.zip,"Bajaj Finserv Limited has submitted to the Exchange the Standalone and Consolidated Financial Results along with Limited Review Report for the period ended June 30,2012.",,,Financial Result Updates,-,17072012152742,-,-,False,,,10353,Finance,INE918I01018,Bajaj Finserv Limited,2012-07-17 15:27:42,BAJAJFINSV
30-May-2012 10:47:00,,-,"Bajaj Finserv Limited has informed the Exchange that the Register of Members and Share Transfer Books shall remain closed from July 07, 2012 to July 17, 2012 (both days inclusive) for the purpose of Annual General Meeting scheduled on July 17, 2012 and payment of dividend upon being declared thereat. Further the Payment of dividend when declared at the Annual General Meeting being convened on July 17, 2012 will be credited / dispatched between July 23, 2012 and July 25, 2012.",,,AGM / Book Closure,-,30052012104700,-,-,False,,,,Finance,INE918I01018,Bajaj Finserv Limited,2012-05-30 10:47:00,BAJAJFINSV
24-May-2012 11:26:00,,https://nsearchives.nseindia.com/corporate/BajajFinserv_pr_24052012.zip,"Bajaj Finserv Limited has informed the Exchange regarding a press release dated May 16, 2012 with respect to the audited financial results and statements of accounts for the year ended March 31, 2012.",,,Press Release,-,24052012112600,-,-,False,,,,Finance,INE918I01018,Bajaj Finserv Limited,2012-05-24 11:26:00,BAJAJFINSV
17-May-2012 13:49:00,,-,"Bajaj Finserv Limited has informed the Exchange that the Board of Directors of the Company at its meeting held on May 16, 2012 have recommended a dividend of Rs.1.50 per share (30%) subject to approval of shareholders.",,,Dividend,-,17052012134900,-,-,False,,,,Finance,INE918I01018,Bajaj Finserv Limited,2012-05-17 13:49:00,BAJAJFINSV
17-May-2012 13:33:00,,-,"Bajaj Finserv Limited has informed the Exchange that the Board of Directors of the Company at its meeting held on May 16, 2012, has approved a proposal for fund raising through issue of equity shares and / or securities convertible into equity shares, by way of a qualified institutions placement, private placements, issuance of ADRs, GDRs etc., subject to approval of the shareholders of the Company or through a rights issue, up to an aggregate amount of Rs. 1000 crore, subject to applicable statutory and regulatory approvals. At the said meeting, the board also approved the (a) the increase in authorized capital of the Company from Rs. 75,00,00,000 comprising 15,00,00,000 equity shares of face value Rs. 5 each to Rs. 100,00,00,000 comprising 20,00,00,000 equity shares of face value Rs. 5 each, and, (b) convening the Company's Annual General Meeting on July 17, 2012, and the related notice and explanatory statement in connection therewith.",,,Outcome of Board Meeting,-,17052012133300,-,-,False,,,,Finance,INE918I01018,Bajaj Finserv Limited,2012-05-17 13:33:00,BAJAJFINSV
16-May-2012 16:15:28,,https://nsearchives.nseindia.com/corporate/BAJAJFINSV_31MAR2012_B_Q4A.zip,"Bajaj Finserv Limited has submitted to the Exchange the Standalone and Consolidated Financial Results for the period ended March 31,2012.",,,Financial Result Updates,-,16052012161528,-,-,False,,,9508,Finance,INE918I01018,Bajaj Finserv Limited,2012-05-16 16:15:28,BAJAJFINSV
30-Apr-2012 15:51:00,,-,"Spurt in Volume : Substantial increase in trading volumes have been observed in Bajaj Finserv Limited. The Exchange, in order to ensure that investors have latest relevant information about the company and to inform the market place so that the interest of the investors is safeguarded, had written to the company. Bajaj Finserv Limited has vide its letter inter-alia stated, ""As regards the recent increase in volumes, we have no comment to offer as we do not know the reason for such increase in volume.""",,,Spurt in Volume,-,30042012155100,-,-,False,,,,Finance,INE918I01018,Bajaj Finserv Limited,2012-04-30 15:51:00,BAJAJFINSV
01-Mar-2012 17:47:00,,-,"News Verification : The media had reports that Bajaj Finserv Limited is planning to buy Fidelity India's Mutual Fund business. The Exchange, in order to verify the accuracy or otherwise of the information reported in the media and to inform the market place so that the interest of the investors is safeguarded, had written to the company. Bajaj Finserv Limited has vide its letter inter-alia stated, ""We wish to inform you that as of now, we have no such proposal under consideration.""",,,News Verification,-,01032012174700,-,-,False,,,,Finance,INE918I01018,Bajaj Finserv Limited,2012-03-01 17:47:00,BAJAJFINSV
29-Feb-2012 18:27:00,,https://nsearchives.nseindia.com/corporate/ShekharBajaj_BajajFinserv_Reg_29022012.zip,"Shekhar Bajaj has submitted to the Exchange a copy of Disclosure under Regulation 13(6) of SEBI (Prohibition of Insider Trading) Regulations, 1992.",,,Disclosure under Insider Trading Regulation,-,29022012182700,-,-,False,,,,Finance,INE918I01018,Bajaj Finserv Limited,2012-02-29 18:27:00,BAJAJFINSV
28-Feb-2012 13:16:00,,https://nsearchives.nseindia.com/corporate/BAJAFINSERV_REG123_28022012.zip,"Bajaj Finserv Limited has submitted to the Exchange a copy of Disclosure under Regulation 13(6) of SEBI (Prohibition of Insider Trading) Regulations, 1992.",,,Disclosure under Insider Trading Regulation,-,28022012131600,-,-,False,,,,Finance,INE918I01018,Bajaj Finserv Limited,2012-02-28 13:16:00,BAJAJFINSV
07-Feb-2012 17:44:00,,https://nsearchives.nseindia.com/corporate/bajafinserv_reg_07022012.zip,"Bajaj Finserv Limited has submitted to the Exchange a copy of Disclosure under Regulation 13(6) of SEBI (Prohibition of Insider Trading) Regulations, 1992.",,,Disclosure under Insider Trading Regulation,-,07022012174400,-,-,False,,,,Finance,INE918I01018,Bajaj Finserv Limited,2012-02-07 17:44:00,BAJAJFINSV
06-Feb-2012 16:00:00,,-,"Spurt in Volume : Substantial increase in trading volumes have been observed in Bajaj Finserv Limited. The Exchange, in order to ensure that investors have latest relevant information about the company and to inform the market place so that the interest of the investors is safeguarded, had written to the company. Bajaj Finserv Limited has vide its letter inter-alia stated, ""We wish to state that we are not aware of the reasons for the same.""",,,Spurt in Volume,-,06022012160000,-,-,False,,,,Finance,INE918I01018,Bajaj Finserv Limited,2012-02-06 16:00:00,BAJAJFINSV
19-Jan-2012 12:12:00,,https://nsearchives.nseindia.com/corporate/BajajFinsv_revised_19012012.zip,"Bajaj Finserv Limited has informed the Exchange vide its letter dated January 19, 2012 regarding a Revised Press Realease with respect to the unaudited financial results for the quarter and nine months ending December 31, 2011.",,,Press Release,-,19012012121200,-,-,False,,,,Finance,INE918I01018,Bajaj Finserv Limited,2012-01-19 12:12:00,BAJAJFINSV
18-Jan-2012 16:28:00,,https://nsearchives.nseindia.com/corporate/BAJAJFINSV_pr_18012012.zip,"Bajaj Finserv Limited has informed the Exchange regarding a Press Release dated January 18, 2012 with respect to the unaudited financial results for the quarter and nine months ending December 31, 2011.",,,Press Release,-,18012012162800,-,-,False,,,,Finance,INE918I01018,Bajaj Finserv Limited,2012-01-18 16:28:00,BAJAJFINSV
18-Jan-2012 16:07:51,,https://nsearchives.nseindia.com/corporate/BAJAJFINSV_31DEC2011_B_Q3.zip,"Bajaj Finserv Limited has submitted to the Exchange the Standalone and Consolidated Financial Results for the period ended December 31,2011.",,,Financial Result Updates,-,18012012160751,-,-,False,,,7303,Finance,INE918I01018,Bajaj Finserv Limited,2012-01-18 16:07:51,BAJAJFINSV
28-Nov-2011 17:15:00,,https://nsearchives.nseindia.com/corporate/BAJAJFINS_reg_28112011.zip,"Bajaj Finserv Limited has submitted to the Exchange a copy of disclosure under Regulation 13(6) of SEBI (Prohibition of Insider Trading) Regulations, 1992.",,,Disclosure under Insider Trading Regulation,-,28112011171500,-,-,False,,,,Finance,INE918I01018,Bajaj Finserv Limited,2011-11-28 17:15:00,BAJAJFINSV
25-Nov-2011 17:52:00,,https://nsearchives.nseindia.com/corporate/bajajfinserv_reg_25112011.zip,"Bajaj Finserv Limited has submitted to the Excahnge a copy of disclosure under Regulation 13(6) of the SEBI (Prohibition of Insider Trading) Regulations, 1992",,,Disclosure under SEBI Takeover Regulations,-,25112011175200,-,-,False,,,,Finance,INE918I01018,Bajaj Finserv Limited,2011-11-25 17:52:00,BAJAJFINSV
19-Oct-2011 16:05:00,,https://nsearchives.nseindia.com/corporate/BAJAJFINSV_30SEP2011_B_Q2H.zip,"Bajaj Finserv Limited has submitted to the Exchange the Standalone and Consolidated Financial Results for the period ended September 30,2011.",,,Financial Result Updates,-,19102011160500,-,-,False,,,5850,Finance,INE918I01018,Bajaj Finserv Limited,2011-10-19 16:05:00,BAJAJFINSV
18-Aug-2011 12:36:00,,https://nsearchives.nseindia.com/corporate/BAJAJFINSERV01_MAGM_18082011.zip,"Bajaj Finserv Limited has submitted to the Exchange a copy of the minutes of the Annual General Meeting of the Shareholders of the Company held on July 13, 2011.",,,Minutes of Annual General Meeting,-,18082011123600,-,-,False,,,,Finance,INE918I01018,Bajaj Finserv Limited,2011-08-18 12:36:00,BAJAJFINSV
19-Jul-2011 17:15:00,,https://nsearchives.nseindia.com/corporate/BajajFinserv_agmoutcome_19072011.zip,"Bajaj Finserv Limited has informed the Exchange regarding the Outcome of Annual General Meeting of the Company held on July 13, 2011.",,,Outcome of Annual General Meeting,-,19072011171500,-,-,False,,,,Finance,INE918I01018,Bajaj Finserv Limited,2011-07-19 17:15:00,BAJAJFINSV
13-Jul-2011 15:41:00,,https://nsearchives.nseindia.com/corporate/Bajajfinsv_pr_13072011.zip,"Bajaj Finserv Limited has informed the Exchange regarding a press release dated July 13, 2011, titled ""Q1 FY12 Financial Results"".",,,Press Release,-,13072011154100,-,-,False,,,,Finance,INE918I01018,Bajaj Finserv Limited,2011-07-13 15:41:00,BAJAJFINSV
13-Jul-2011 15:30:50,,https://nsearchives.nseindia.com/corporate/BAJAJFINSV_30JUN2011_B_Q1.zip,"Bajaj Finserv Limited has submitted to the Exchange the Standalone and Consolidated Financial Results for the period ended June 30,2011.",,,Financial Result Updates,-,13072011153050,-,-,False,,,4203,Finance,INE918I01018,Bajaj Finserv Limited,2011-07-13 15:30:50,BAJAJFINSV
23-May-2011 18:36:00,,-,"Bajaj Finserv Limited has informed the Exchange that the Register of Members and Share Transfer Books shall remain closed from July 01, 2011 to July 13, 2011 (both days inclusive) for the purposes of Annual General Meeting scheduled on July 13, 2011 and payment of dividend upon being declared thereat. Further the Payment of dividend when declared at the Annual General Meeting being convened on July 13, 2011 will be credited / dispatched between July 18, 2011 and July 20, 2011.",,,AGM / Book Closure,-,23052011183600,-,-,False,,,,Finance,INE918I01018,Bajaj Finserv Limited,2011-05-23 18:36:00,BAJAJFINSV
17-May-2011 16:48:00,,-,"Bajaj Finserv Limited has informed the Exchange that the Board of Directors of the Company at its meeting held on May 17, 2011 have recommended a dividend of Rs.1.25 per share (25%) subject to approval of shareholders.",,,Dividend,-,17052011164800,-,-,False,,,,Finance,INE918I01018,Bajaj Finserv Limited,2011-05-17 16:48:00,BAJAJFINSV
17-May-2011 16:13:00,,https://nsearchives.nseindia.com/corporate/BajajFinserv_pr_17052011.zip,"Bajaj Finserv Limited has informed the Exchange regarding a press release dated May 17, 2011, titled ""A Rewarding Year"".",,,Press Release,-,17052011161300,-,-,False,,,,Finance,INE918I01018,Bajaj Finserv Limited,2011-05-17 16:13:00,BAJAJFINSV
17-May-2011 16:06:17,,https://nsearchives.nseindia.com/corporate/BAJAJFINSV_31MAR2011_B_Q4A.zip,"Bajaj Finserv Limited has submitted to the Exchange the Standalone and Consolidated Financial Results for the period ended March 31,2011.",,,Financial Result Updates,-,17052011160617,-,-,False,,,3505,Finance,INE918I01018,Bajaj Finserv Limited,2011-05-17 16:06:17,BAJAJFINSV
25-Apr-2011 11:27:00,,-,"Bajaj Finserv Limited has informed the Exchange that the Company intends to publish its audited financial results for the year 2010-11, within a period of sixty days from the end of the last quarter of the said financial year and the company will not separately announce the unaudited financial results for the last quarter ended March 31, 2011.",,,Publish Audited Results,-,25042011112700,-,-,False,,,,Finance,INE918I01018,Bajaj Finserv Limited,2011-04-25 11:27:00,BAJAJFINSV
04-Mar-2011 17:25:00,,-,"News Verification : The media had reports that Bajaj Finserv Limited may enter into an insurance tie up with Berkshire Hathaway. The Exchange, in order to verify the accuracy or otherwise of the information reported in the media and to inform the market place so that the interest of the investors is safeguarded, had written to the company. Bajaj Finserv Limited has vide its letter inter-alia stated,"" We wish to state that Berkshire Hathaway will enter Indian insurance business as a Corporate Agent for Bajaj Allianz General Insurance Company Limited (BAGIC), a 74% subsidiary of Bajaj Finserv limited. Berkhsire India, which is a Berkshire Hathaway subsidiary, will sell and distribute general insurance products through its online distribution portal and a telemarketing channel on behalf of BAGIC. It will initially sell motor insurance policies. BAGIC has about 40 corporate agents. The tie up will help expand its customer base. Bajaj Finserv Limited does not have any plan, at present or in the foreseeable future, to sell its equity to Berkshire Hathaway group of companies.",,,News Verification,-,04032011172500,-,-,False,,,,Finance,INE918I01018,Bajaj Finserv Limited,2011-03-04 17:25:00,BAJAJFINSV
18-Jan-2011 15:52:00,,https://nsearchives.nseindia.com/corporate/BAJAJFINSERV_PR_18012011.zip,"Bajaj Finserv Limited has informed the Exchange regarding a press release dated January 18, 2011, titled "" Q3/2010-11 Financial Results""",,,Press Release,-,18012011155200,-,-,False,,,,Finance,INE918I01018,Bajaj Finserv Limited,2011-01-18 15:52:00,BAJAJFINSV
18-Jan-2011 15:43:19,,https://nsearchives.nseindia.com/corporate/BAJAJFINSV_31DEC2010_B_Q3.zip,"Bajaj Finserv Limited has submitted to the Exchange the Standalone and Consolidated Financial Results for the period ended December 31,2010.",,,Financial Result Updates,-,18012011154319,-,-,False,,,1454,Finance,INE918I01018,Bajaj Finserv Limited,2011-01-18 15:43:19,BAJAJFINSV
18-Oct-2010 17:01:00,,https://nsearchives.nseindia.com/corporate/BAJAJFINSERV_PR_18102010.zip,"Bajaj Finserv Limited has informed the Exchange regarding a press release dated October 18, 2010, titled ""Q2/2010-11 Financial Results"".",,,Press Release,-,18102010170100,-,-,False,,,,Finance,INE918I01018,Bajaj Finserv Limited,2010-10-18 17:01:00,BAJAJFINSV
18-Oct-2010 16:54:45,,https://nsearchives.nseindia.com/corporate/BAJAJFINSV_30SEP2010_B_Q2H.zip,"Bajaj Finserv Limited has submitted to the Exchange the Standalone and Consolidated Financial Results for the period ended September 30,2010.",,,Financial Result Updates,-,18102010165445,-,-,False,,,45,Finance,INE918I01018,Bajaj Finserv Limited,2010-10-18 16:54:45,BAJAJFINSV
24-Aug-2010 08:51:00,,https://nsearchives.nseindia.com/corporate/BajajFinserv_agmminutes_23082010.zip,"Bajaj Finserv Limited has submitted to the Exchange a copy of the minutes of the Annual General Meeting of the Shareholders of the Company held on July 21, 2010.",,,Minutes of Annual General Meeting,-,24082010085100,-,-,False,,,,Finance,INE918I01018,Bajaj Finserv Limited,2010-08-24 08:51:00,BAJAJFINSV
27-Jul-2010 15:36:00,,-,"Bajaj Finserv Limited has informed the Exchange that the Members of the Company at their Annual General Meeting (AGM) held on July 21, 2010, have unanimously approved the following : (1) Adoption of audited balance sheet as at March 31, 2010 and the Profit and Loss Account for the year ended March 31, 2010 and the directors' and auditors' report thereon; (2) Declaration of Dividend of Re. 1/- per equity share (20%); (3) Re-appointment of Shri. D J Balaji Rao as Director; (4) Re-appointment of Shri. S H Khan as Director; (5) Re-appointment of M/s Dalal & Shah, Chartered Accountants, as auditors for the period commencing from the conclusion of this AGM till the conclusion of next AGM on a remuneration of Rs. 12,00,000 (Rupees Twelve Lakh only) plus the service tax thereon, if any, and reimbursement of travelling and other out-of-pocket expenses.",,,Outcome of Annual General Meeting,-,27072010153600,-,-,False,,,,Finance,INE918I01018,Bajaj Finserv Limited,2010-07-27 15:36:00,BAJAJFINSV
21-Jul-2010 15:15:00,,-,"Bajaj Finserv Limited has informed the Exchange that Shri Madhur Bajaj has been re-appointed a director with effect from July 21, 2010 in the existing casual vacancy in the office of director in the board of Bajaj Finserv Limited.",,,Change in Director(s),-,21072010151500,-,-,False,,,,Finance,INE918I01018,Bajaj Finserv Limited,2010-07-21 15:15:00,BAJAJFINSV
21-Jul-2010 15:10:00,,https://nsearchives.nseindia.com/corporate/Bajajfinserv_pr_21072010.zip,"Bajaj Finserv Limited has informed the Exchange regarding a press release, dated July 21, 2010 titled ""Q1/2010-11 Financial Results"".",,,Press Release,-,21072010151000,-,-,False,,,,Finance,INE918I01018,Bajaj Finserv Limited,2010-07-21 15:10:00,BAJAJFINSV
09-Jun-2010 11:44:00,,-,"News Verification : The media had reports that Berkshire Hathway may acquire a stake in the company. The Exchange, in order to verify the accuracy or otherwise of the information reported in the media and to inform the market place so that the interest of the investors is safeguarded, had written to the officials of the company. Bajaj Finserv Limited has vide its letter inter-alia stated, ""We would like to state that we are neither in touch with Berkshire Hathaway nor are we aware of any plans of theirs to invest into our company."" ",,,News Verification,-,09062010114400,-,-,False,,,,Finance,INE918I01018,Bajaj Finserv Limited,2010-06-09 11:44:00,BAJAJFINSV
26-May-2010 10:00:00,,-,"Bajaj Finserv Limited has informed the Exchange that the Promoters of Bajaj Finserv Ltd.  have purchased 784 equity shares of Rs. 5/- each of Bajaj Finserv Ltd. from the open market on May 24, 2010. The aggregate shareholding of the promoters, inclusive of 48,600 equity shares held by Bajaj Electricals Ltd. Employee Welfare Funds and 75 equity shares held by Bajaj Auto Finance Ltd., which are now treated as part of the promoter group of Bajaj Finserv Ltd., now constitutes 55% of the paid-up equity share capital of Bajaj Finserv Ltd.",,,Disclosure under SEBI Takeover Regulations,-,26052010100000,-,-,False,,,,Finance,INE918I01018,Bajaj Finserv Limited,2010-05-26 10:00:00,BAJAJFINSV
24-May-2010 16:29:00,,-,"Bajaj Finserv Limited has informed the Exchange that the Register of Members and Share Transfer Books shall remain closed from July 10, 2010 to July 21, 2010 (both days inclusive) for the purposes of Annual General Meeting scheduled on July 21, 2010 and payment of dividend upon being declared thereat. Further Payment of dividend when declared at the Annual General Meeting will be made on or after July 26, 2010.",,,AGM/Book Closure,-,24052010162900,-,-,False,,,,Finance,INE918I01018,Bajaj Finserv Limited,2010-05-24 16:29:00,BAJAJFINSV
11-May-2010 15:50:00,,https://nsearchives.nseindia.com/corporate/bajajfinserv_pr_11052010.zip,"Bajaj Finserv Limited has informed the Exchange regarding a press release dated  May 11, 2010, with respect to the Audited Financial Results for the quarter and year ended March 31, 2010.",,,Press Release,-,11052010155000,-,-,False,,,,Finance,INE918I01018,Bajaj Finserv Limited,2010-05-11 15:50:00,BAJAJFINSV
11-May-2010 15:45:00,,-,"Bajaj Finserv Limited has informed the Exchange that the of Board of Directors at its meeting held on May 11, 2010 recommended a dividend of Re. 1/- per share (20%) subject to approval of the shareholders.",,,Dividend,-,11052010154500,-,-,False,,,,Finance,INE918I01018,Bajaj Finserv Limited,2010-05-11 15:45:00,BAJAJFINSV
05-May-2010 14:08:00,,https://nsearchives.nseindia.com/corporate/BajajFinserv_pr_05052010.zip,"Bajaj Finserv Limited has informed the Exchange regarding a press release dated May 05, 2010, titled ""Bajaj Finserv (BF) announces new brand identity and new businesses"".",,,Press Release,-,05052010140800,-,-,False,,,,Finance,INE918I01018,Bajaj Finserv Limited,2010-05-05 14:08:00,BAJAJFINSV
12-Apr-2010 10:24:00,,-,"Bajaj Finserv Limited has informed the Exchange that the Company intends to publish its audited financial results for the year 2009-10, within a period of sixty days from the end of the last quarter of the said financial year and the company will not separately announce the unaudited financial results for the last quarter ended March 31, 2010.",,,Publish Audited Results,-,12042010102400,-,-,False,,,,Finance,INE918I01018,Bajaj Finserv Limited,2010-04-12 10:24:00,BAJAJFINSV
12-Jan-2010 16:17:00,,-,"Bajaj Finserv Limited has informed the Exchange regarding a press release, titled ""3rd Quarter Results : Financial Year 2009-10"". A copy of the press release shall be available on the NSE website (http://www.nseindia.com) under: Corporates > Latest Announcements and on the Extranet Server (/Common/Corporate Announcements).<a href=/content/corporate/bajajfins_pr_12012010.zip target=NEW> For more details click here.</a>",,,Press Release,-,12012010161700,-,-,False,,,,Finance,INE918I01018,Bajaj Finserv Limited,2010-01-12 16:17:00,BAJAJFINSV
10-Nov-2009 19:28:00,,-,"Bajaj Finserv Limited has informed the Exchange that ""The Reserve Bank of India has issued to the Company a Certificate of Registration dated 30 October 2009 under section 45-IA of the RBI Act, 1934 to carry on the business of a Non-Banking Financial Institution (non-deposit taking)"". Further the disclaimers of RBI shall be available on the NSE website (http://www.nseindia.com) under: Corporates > Latest Announcements and on the Extranet Server (/Common/Corporate Announcements).<a href=/content/corporate/bajajfin_updates_10112009.zip target=NEW> For more details click here.</a>",,,Updates,-,10112009192800,-,-,False,,,,Finance,INE918I01018,Bajaj Finserv Limited,2009-11-10 19:28:00,BAJAJFINSV
14-Oct-2009 17:12:00,,-,"Bajaj Finserv Limited has informed the Exchange regarding a press release, titled ""2rd Quarter Results : Financial Year 2009-10"". A copy of the press release shall be available on the NSE website (http://www.nseindia.com) under: Corporates > Latest Announcements and on the Extranet Server (/Common/Corporate Announcements).<a href=/content/corporate/bajajfin_pr_14102009.zip target=NEW> For more details click here.</a>",,,Press Release,-,14102009171200,-,-,False,,,,Finance,INE918I01018,Bajaj Finserv Limited,2009-10-14 17:12:00,BAJAJFINSV
25-Aug-2009 13:49:00,,-,"Bajaj Finserv Limited has informed the Exchange that Shri Madhur Bajaj has resigned from the Board of Directors of Bajaj Finserv Limited effective from August 22, 2009.",,,Resignation,-,25082009134900,-,-,False,,,,Finance,INE918I01018,Bajaj Finserv Limited,2009-08-25 13:49:00,BAJAJFINSV
12-Aug-2009 20:23:00,,-,"Bajaj Finserv Limited has submitted to the Exchange a copy of the proceedings of the Annual General Meeting of the Company held on July 15, 2009. A copy of the same shall be available on the NSE website   (http://www.nseindia.com) under: Corporates > Latest Announcements and on the Extranet Server (/Common/Corporate Announcements).<a href=/content/corporate/bajafin_PAGM_12082009.zip target=NEW> For more details click here.</a>",,,Proceedings of AGM,-,12082009202300,-,-,False,,,,Finance,INE918I01018,Bajaj Finserv Limited,2009-08-12 20:23:00,BAJAJFINSV
23-Jul-2009 16:38:00,,-,"Bajaj Finserv Limited has informed the Exchange regarding the outcome of Annual General Meeting held on July 15, 2009. The details of the same shall be available on the NSE website   (http://www.nseindia.com) under: Corporates > Latest Announcements and on the Extranet Server (/Common/Corporate Announcements).<a href=/content/corporate/Bajajfin_AGM_23072009.zip target=NEW> For more details click here.</a>",,,Outcome of AGM,-,23072009163800,-,-,False,,,,Finance,INE918I01018,Bajaj Finserv Limited,2009-07-23 16:38:00,BAJAJFINSV
15-Jul-2009 15:43:00,,-,"Bajaj Finserv Limited has informed the Exchange regarding a press release dated July 15, 2009, titled ""1st quarter results: Financial Year 2009-10"". A copy of the press release shall be available on the NSE website (http://www.nseindia.com) under: Corporates > Latest Announcements and on the Extranet Server (/Common/Corporate Announcements).<a href=/content/corporate/BajajFin_pr_15072009.zip target=NEW> For more details click here.</a>",,,Press Release,-,15072009154300,-,-,False,,,,Finance,INE918I01018,Bajaj Finserv Limited,2009-07-15 15:43:00,BAJAJFINSV
25-Jun-2009 16:15:00,,-,"Bajaj Finserv Limited has submitted to the Exchange a copy of the Notice of the Annual General Meeting of the company will be held on July 15, 2009 which inter-alia, contains a proposal for issue of equity shares under the Employee Stock Option Scheme (ESOS) in accordance with the SEBI (Employee Stock Option Scheme and Employee Stock Purchase Scheme) Guidelines, 1999. A copy of the Notice of AGM shall be available on the NSE website (http://www.nseindia.com) under Corporates > Latest Announcements and on the Extranet Server (/Common/Corporate Announcements).<a href=/content/corporate/Bajajfinse_AGM_25062009.zip target=NEW> For more details click here.</a>",,,Notice of AGM,-,25062009161500,-,-,False,,,,Finance,INE918I01018,Bajaj Finserv Limited,2009-06-25 16:15:00,BAJAJFINSV
27-May-2009 10:34:00,,-,"Bajaj Finserv Limited has informed the Exchange that the Company has announced the Book Closure from July 04, 2009 to July 15, 2009 (both days inclusive) for the purpose of Annual General Meeting scheduled on July 15, 2009 and payment of dividend upon being declared thereat. Further, the payment of dividend when declared at the Annual General Meeting being convened on July 15, 2009 will be made on or after July 20, 2009. ",,,AGM/Book Closure,-,27052009103400,-,-,False,,,,Finance,INE918I01018,Bajaj Finserv Limited,2009-05-27 10:34:00,BAJAJFINSV
20-May-2009 17:06:00,,-,"Bajaj Finserv Limited has submitted to the Exchange a copy of press release regarding the financial results for the year ended March 31, 2009. A copy of the same shall be available on the NSE website (http://www.nseindia.com) under: Corporates > Latest Announcements and on the Extranet Server (/Common/Corporate Announcements).<a href=/content/corporate/bajaj_PR_20052009.zip target=NEW> For more details click here.</a>",,,Press Release,-,20052009170600,-,-,False,,,,Finance,INE918I01018,Bajaj Finserv Limited,2009-05-20 17:06:00,BAJAJFINSV
20-May-2009 16:48:00,,-,"Bajaj Finserv Limited has informed the Exchange that the Board of Directors of the company at its meeting held on May 20, 2009 has approved, subject to the approval of shareholders at the ensuing Annual General Meeting, the Employee Stock Option Scheme (ESOS) scheme), in terms of provisions of SEBI (Employee Stock Option Scheme and Employee Stock Purchase Scheme) Guidelines, 1999, for the benefit of permanent employees (management category) of the company, its holding and subsidiary companies for a grant of options upto a maximum of 2,200,000 (Nos.) (approximately 1.5% of the present paid up capital).",,,ESOS,-,20052009164800,-,-,False,,,,Finance,INE918I01018,Bajaj Finserv Limited,2009-05-20 16:48:00,BAJAJFINSV
20-May-2009 16:34:00,,-,"Bajaj Finserv Limited has informed the Exchange that the Board of Directors, at their meeting held on May 20, 2009, recommend a dividend of Re. 1 per share (20%) subject to approval of shareholders.",,,Dividend,-,20052009163400,-,-,False,,,,Finance,INE918I01018,Bajaj Finserv Limited,2009-05-20 16:34:00,BAJAJFINSV
22-Apr-2009 16:57:00,,-,"Bajaj Finserv Limited has submitted to the Exchange a disclosure pursuant to Regulation 8A (4) of the SEBI (Substantial Acquisition of Shares and Takeover) ,Regulations, 1997 in respect of shares pledged by the promoters and persons forming part of promoter group. The copy of the same shall be available on the NSE website (http://www.nseindia.com) under: Corporates > Latest Announcements and on the Extranet Server (/Common/Corporate Announcements).<a href=/content/corporate/Bajajfin_pledge_22042009.zip target=NEW> For more details click here.</a>",,,Disclosure of Pledge of Shares,-,22042009165700,-,-,False,,,,Finance,INE918I01018,Bajaj Finserv Limited,2009-04-22 16:57:00,BAJAJFINSV
21-Apr-2009 10:57:00,,-,"Bajaj Finserv Limited has informed the Exchange that the Company intends to publish its audited financial results for the year 2008-09, immediately after the board meeting on May 20, 2009 i.e. within a period of three months from the end of the last quarter of the said financial year and the company will not separately announce the unaudited financial results for the last quarter ended March 31, 2009.",,,Publish Audited Results,-,21042009105700,-,-,False,,,,Finance,INE918I01018,Bajaj Finserv Limited,2009-04-21 10:57:00,BAJAJFINSV
20-Apr-2009 12:09:00,,-,"Bajaj Finserv Limited has informed the Exchange regarding a press release dated April 20, 2009, titled ""Bajaj Finserv Limited and Allianz Global Investors sign Shareholders' Agreement to set up an Asset Management Joint Venture company in India"". A copy of the press release shall be available on the NSE website (http://www.nseindia.com) under: Corporates > Latest Announcements and on the Extranet Server (/Common/Corporate Announcements).<a href=/content/corporate/BajajFin_PR_20042009.zip target=NEW> For more details click here.</a>",,,Press Release,-,20042009120900,-,-,False,,,,Finance,INE918I01018,Bajaj Finserv Limited,2009-04-20 12:09:00,BAJAJFINSV
30-Mar-2009 20:33:00,,-,"Bajaj Finserv Limited has submitted to the Exchange a copy of the disclosure/s received from Shri Rahul Bajaj, Chairman of the Company. A copy of the same shall be available on the NSE website (http://www.nseindia.com) under: Corporates > Latest Announcements and on the Extranet Server (/Common/Corporate Announcements).<a href=/content/corporate/BAJAJFIN_Reg_30032009.zip target=NEW> For more details click here.</a>",,,Reg.13-SEBI(Prohibition of Insider Trading Regulations)1992,-,30032009203300,-,-,False,,,,Finance,INE918I01018,Bajaj Finserv Limited,2009-03-30 20:33:00,BAJAJFINSV
26-Mar-2009 12:19:00,,-,"Rahul Bajaj has submitted to the Exchange the copy of the disclosure including Form D under Regulation 13(4) of the SEBI (Prohibition of Insider Trading) Regulations, 1992 in respect of 20,000 Equity shares of Bajaj Finserv Ltd. (Target Company) representing 0.01% of the paid - up Equity share capital of Bajaj Finserv Ltd (Target Company) transferred by him. A copy of the same shall be available on the NSE website (http://www.nseindia.com) under: Corporates > Latest Announcements and on the Extranet Server (/Common/Corporate Announcements).<a href=/content/corporate/BAJAJFINSV_Reg_26032009.zip target=NEW> For more details click here.</a>",,,Reg.13-SEBI(Prohibition of Insider Trading Regulations)1992,-,26032009121900,-,-,False,,,,Finance,INE918I01018,Bajaj Finserv Limited,2009-03-26 12:19:00,BAJAJFINSV
24-Feb-2009 18:35:00,,-,"Rahul Bajaj has submitted to the Exchange the copy(ies) of the disclosure/s including Form D under Regulation 13(4) of the SEBI (Prohibition of Insider Trading) Regulations, 1992 in respect of 1,92,000 Equity shares of Bajaj Finserv Limited (Target Company) representing 0.13% of the paid up Equity Share Capital of Bajaj Finserv Limited (Target Company) transferred by him. A copy of the same shall be available on the NSE website   (http://www.nseindia.com) under: Corporates > Latest Announcements and on the Extranet Server (/Common/Corporate Announcements).<a href=/content/corporate/bajajfinservltd_Reg_24022009.zip target=NEW> For more details click here.</a>",,,Reg.13-SEBI(Prohibition of Insider Trading Regulations)1992,-,24022009183500,-,-,False,,,,Finance,INE918I01018,Bajaj Finserv Limited,2009-02-24 18:35:00,BAJAJFINSV
23-Feb-2009 15:39:00,,-,"Bajaj Finserv Limited has submitted to the Exchange a copy of the disclosure/s received from Shri Rahul Bajaj, Chairman of the Company. A copy of the same shall be available on the NSE website (http://www.nseindia.com) under: Corporates > Latest Announcements and on the Extranet Server (/Common/Corporate Announcements).<a href=/content/corporate/BajajFin_Disc_23022009.zip target=NEW> For more details click here.</a>",,,"Disc under Regulation 13(6)of SEBI Insider Trading Reg.,1992",-,23022009153900,-,-,False,,,,Finance,INE918I01018,Bajaj Finserv Limited,2009-02-23 15:39:00,BAJAJFINSV
10-Feb-2009 21:13:00,,-,"Bajaj Finserv Limited has submitted to the Exchange a disclosure pursuant to Regulation 8A(4) of the SEBI (Substantial Acquisition of Shares and Takeovers) Regulations, 1997 in respect of shares pledged by the promoters and persons forming part of promoter group. The details of the same shall be available on the NSE website (http://www.nseindia.com) under: Corporates > Latest Announcements and on the Extranet Server (/Common/Corporate Announcements).<a href=/content/corporate/BajajFinserv_Pledge_10022009.ZIP target=NEW> For more details click here.</a>",,,Regulation 8A of SEBI (Susbs Acq of shares & Takeovers),-,10022009211300,-,-,False,,,,Finance,INE918I01018,Bajaj Finserv Limited,2009-02-10 21:13:00,BAJAJFINSV
15-Jan-2009 16:48:00,,-,"Bajaj Finserv Limited has informed the Exchange regarding a press release, titled ""3rd Quarter Results : Financial Year 2008-09"". A copy of the press release shall be available on the NSE website (http://www.nseindia.com) under: Corporates > Latest Announcements and on the Extranet Server (/Common/Corporate Announcements).<a href=/content/corporate/Bajajfinserv_PR_15012009.zip target=NEW> For more details click here.</a>",,,Press Release,-,15012009164800,-,-,False,,,,Finance,INE918I01018,Bajaj Finserv Limited,2009-01-15 16:48:00,BAJAJFINSV
08-Jan-2009 11:40:00,,-,"Bajaj Finserv Limited has submitted to the Exchange a copies of the disclosure/s including Form D received from Shri Rahul Bajaj, Chairman of the Company.A copy of the same shall be available on the NSE website (http://www.nseindia.com) under: Corporates > Latest Announcements and on the Extranet Server (/Common/Corporate Announcements).<a href=/content/corporate/Bajajfinserve_DIS_08012009.zip target=NEW> For more details click here.</a>",,,Reg.13-SEBI(Prohibition of Insider Trading Regulations)1992,-,08012009114000,-,-,False,,,,Finance,INE918I01018,Bajaj Finserv Limited,2009-01-08 11:40:00,BAJAJFINSV
06-Jan-2009 17:04:00,,-,"Rahul Bajaj has submitted to the Exchange a copy of the disclosure in form D under Regulation 13(4) of the SEBI(Prohibition of Insider Trading) Regulations, 1992 containing details in respect of Equity shares of the Company transferred by him. A copy of the same shall be available on the NSE website (http://www.nseindia.com) under: Corporates > Latest Announcements and on the Extranet Server (/Common/Corporate Announcements).<a href=/content/corporate/bajajfinserv_Reg_06012009.zip target=NEW> For more details click here.</a>",,,Reg.13-SEBI(Prohibition of Insider Trading Regulations)1992,-,06012009170400,-,-,False,,,,Finance,INE918I01018,Bajaj Finserv Limited,2009-01-06 17:04:00,BAJAJFINSV
05-Dec-2008 18:50:00,,-,"Bajaj Finserv Limited has submitted to the Exchange a copy of the communication dated October 22, 2008 in connection with the performance of the company for the quarter and half year ended September 30, 2008. The copy of the same shall be available on the NSE website (http://www.nseindia.com) under Corporates > Latest Announcements and on the Extranet Server (/Common/Corporate Announcements).<a href=/content/corporate/Bajajfin_Update_05122008.zip target=NEW> For more details click here.</a>",,,Updates,-,05122008185000,-,-,False,,,,Finance,INE918I01018,Bajaj Finserv Limited,2008-12-05 18:50:00,BAJAJFINSV
22-Oct-2008 16:27:00,,-,"Bajaj Finserv Limited has informed the Exchange regarding a press release , titled ""Bajaj Finserv Results: 2nd Quarter; Financial Year 2008-09"". A copy of the press release shall be available on the NSE website (http://www.nseindia.com) under: Corporates > Latest Announcements and on the Extranet Server (/Common/Corporate Announcements).<a href=/content/corporate/BAJAJFINSV_PR_22102008.zip target=NEW> For more details click here.</a>",,,Press Release,-,22102008162700,-,-,False,,,,Finance,INE918I01018,Bajaj Finserv Limited,2008-10-22 16:27:00,BAJAJFINSV
11-Sep-2008 16:33:00,,-,"Bajaj Finserv Limited has informed the Exchange that Shri Naresh Chandra has been appointed on the board of Bajaj Finserv Limited effective from September 11, 2008.",,,Change in Board of Directors,-,11092008163300,-,-,False,,,,Finance,INE918I01018,Bajaj Finserv Limited,2008-09-11 16:33:00,BAJAJFINSV
08-Sep-2008 16:57:00,,-,"Bajaj Finserv Limited has submitted to the Exchange the statement of shareholdings of Directors, Officers and substantial shareholders as on August 26, 2008 as per the information received under regulation 13 of SEBI (Prohibition of insider Trading) Regulations, 1992. The details of the same shall be available on the NSE website (http://www.nseindia.com) under: Corporates > Latest Announcements and on the Extranet Server (/Common/Corporate Announcements).<a href=/content/corporate/BajajFinser_Nil_08092008.zip target=NEW> For more details click here.</a>",,,Reg.13-SEBI(Prohibition of Insider Trading Regulations)1992,-,08092008165700,-,-,False,,,,Finance,INE918I01018,Bajaj Finserv Limited,2008-09-08 16:57:00,BAJAJFINSV
29-Aug-2008 14:36:00,,-,"Bajaj Finserv Limited has submitted to the Exchange a copy of the proceedings of the Annual General Meeting of the Company held on July 09, 2008. A copy of the same shall be available on the NSE website   (http://www.nseindia.com) under: Corporates > Latest Announcements and on the Extranet Server (/Common/Corporate Announcements).<a href=/content/corporate/Bajajfinserv_AGM_29082008.zip target=NEW> For more details click here.</a>",,,Proceedings of AGM,-,29082008143600,-,-,False,,,,Finance,INE918I01018,Bajaj Finserv Limited,2008-08-29 14:36:00,BAJAJFINSV
14-Jul-2008 15:21:00,,-,"Bajaj Finserv Limited has informed the Exchange that ""Karvy Computershare Private Limited (KCPL, having its registered office at Hyderabad) has been appointed as the Share Transfer Agent (STA) of the company for physical as well as for electronic segment. National Securities Depository Limited (NSDL), and Central Despository Services (India) Limited (CDSL) vide their letter dated 9 July, 2008 and 11 July, 2008 respectively have approved the change in STA with effect from 11 July, 2008 and the electronic connectivity has shifted from Bajaj Auto Limited to KCPL with effect from 11 July, 2008"".",,,Change in Registrar & Share Transfer Agent,-,14072008152100,-,-,False,,,,Finance,INE918I01018,Bajaj Finserv Limited,2008-07-14 15:21:00,BAJAJFINSV
09-Jul-2008 15:58:00,,-,"Bajaj Finserv Limited has informed the Exchange regarding a press release dated July 09, 2008, titled ""Bajaj Finserv Results: 1st Quarter; Financial Year 2008-09"". A copy of the press release shall be available on the NSE website (http://www.nseindia.com) under: Corporates > Latest Announcements and on the Extranet Server (/Common/Corporate Announcements).<a href=/content/corporate/BajajFinserv_PR_09072008.zip target=NEW> For more details click here.</a>",,,Press Release,-,09072008155800,-,-,False,,,,Finance,INE918I01018,Bajaj Finserv Limited,2008-07-09 15:58:00,BAJAJFINSV
27-May-2008 19:09:00,,-,"Bajaj Finserv Limited has informed the Exchange that the Board of Directors at their meeting held on May 21, 2008 has recommended a dividend of Rs.1 per share (20%). The total amount of dividend and tax thereon amounted to Rs.169 million.",,,Dividend,-,27052008190900,-,-,False,,,,Finance,INE918I01018,Bajaj Finserv Limited,2008-05-27 19:09:00,BAJAJFINSV
27-May-2008 16:14:00,,-,"Bajaj Finserv Limited has informed the Exchange that the Company has announced the Book Closure from July 01, 2008 to July 09, 2008 (both days inclusive) for the purpose of Annual General Meeting scheduled on July 09, 2008 and payment of dividend upon being declared thereat. Further, the payment of dividend when declared at the  Annual General Meeting being convened on July 09, 2008 will be made on or after July 13, 2008. ",,,AGM/Book Closure,-,27052008161400,-,-,False,,,,Finance,INE918I01018,Bajaj Finserv Limited,2008-05-27 16:14:00,BAJAJFINSV
