an_dt,attFileSize,attchmntFile,attchmntText,bflag,csvName,desc,difference,dt,exchdisstime,fileSize,hasXbrl,old_new,orgid,seq_id,smIndustry,sm_isin,sm_name,sort_date,symbol
27-Aug-2026 12:17:33,779.19 KB,https://nsearchives.nseindia.com/corporate/lkwalimbe_bajajauto_co_in_27082026121722_SE_BMAG_H1_Results_2026.pdf,"BAJAJ-AUTO: Bajaj Auto Limited has informed the Exchange about ad hoc announcement made by Bajaj Mobility AG (formerly PIERER Mobility AG), a step-down subsidiary of Bajaj Auto Limited titled Results of the First Half of 2026",,,General Updates,00:00:00,27082026121733,27-Aug-2026 12:17:33,779.19 KB,True,,,106758580,Automobiles - 2 And 3 Wheelers,INE917I01010,Bajaj Auto Limited,2026-08-27 12:17:33,BAJAJ-AUTO
21-Aug-2026 17:26:44,330.19 KB,https://nsearchives.nseindia.com/corporate/lkwalimbe_bajajauto_co_in_21082026172634_BAL_Credit_Rating_21_August_2026.pdf,Bajaj Auto Limited has informed the Exchange about Credit Rating- New,,,Credit Rating- New,00:00:01,21082026172644,21-Aug-2026 17:26:45,330.19 KB,True,,,106752659,Automobiles - 2 And 3 Wheelers,INE917I01010,Bajaj Auto Limited,2026-08-21 17:26:44,BAJAJ-AUTO
05-Aug-2026 15:08:50,180.46 KB,https://nsearchives.nseindia.com/corporate/lkwalimbe_bajajauto_co_in_05082026150440_Investor_Conference_1.pdf,Bajaj Auto Limited has informed the Exchange about Schedule of meet,,,Analysts/Institutional Investor Meet/Con. Call Updates,00:00:01,05082026150850,05-Aug-2026 15:08:51,180.46 KB,True,,,106726279,Automobiles - 2 And 3 Wheelers,INE917I01010,Bajaj Auto Limited,2026-08-05 15:08:50,BAJAJ-AUTO
05-Aug-2026 15:08:50,180.41 KB,https://nsearchives.nseindia.com/corporate/lkwalimbe_bajajauto_co_in_05082026150829_Investor_Conference_4.pdf,Bajaj Auto Limited has informed the Exchange about Schedule of meet,,,Analysts/Institutional Investor Meet/Con. Call Updates,00:00:04,05082026150850,05-Aug-2026 15:08:54,180.41 KB,True,,,106726282,Automobiles - 2 And 3 Wheelers,INE917I01010,Bajaj Auto Limited,2026-08-05 15:08:50,BAJAJ-AUTO
05-Aug-2026 15:08:50,180.68 KB,https://nsearchives.nseindia.com/corporate/lkwalimbe_bajajauto_co_in_05082026150730_Investor_Conference_3.pdf,Bajaj Auto Limited has informed the Exchange about Schedule of meet,,,Analysts/Institutional Investor Meet/Con. Call Updates,00:00:02,05082026150850,05-Aug-2026 15:08:52,180.68 KB,True,,,106726281,Automobiles - 2 And 3 Wheelers,INE917I01010,Bajaj Auto Limited,2026-08-05 15:08:50,BAJAJ-AUTO
05-Aug-2026 15:08:50,180.50 KB,https://nsearchives.nseindia.com/corporate/lkwalimbe_bajajauto_co_in_05082026150630_Investor_Conference_2.pdf,Bajaj Auto Limited has informed the Exchange about Schedule of meet,,,Analysts/Institutional Investor Meet/Con. Call Updates,00:00:02,05082026150850,05-Aug-2026 15:08:52,180.50 KB,True,,,106726280,Automobiles - 2 And 3 Wheelers,INE917I01010,Bajaj Auto Limited,2026-08-05 15:08:50,BAJAJ-AUTO
03-Aug-2026 09:00:37,212.11 KB,https://nsearchives.nseindia.com/corporate/lkwalimbe_bajajauto_co_in_03082026090019_Sales_Report_July2026.pdf,"Bajaj Auto Limited has informed the Exchange regarding a press release dated August 03, 2026, titled ""Sales for the month of July 2026"".",,,Press Release,00:00:01,03082026090037,03-Aug-2026 09:00:38,212.11 KB,True,,,106721313,Automobiles - 2 And 3 Wheelers,INE917I01010,Bajaj Auto Limited,2026-08-03 09:00:37,BAJAJ-AUTO
28-Jul-2026 12:50:52,1.16 MB,https://nsearchives.nseindia.com/corporate/lkwalimbe_bajajauto_co_in_28072026125026_SEBIintimation.pdf,Bajaj Auto Limited has informed the Exchange about Copy of Newspaper Publication on Special Window for Transfer and Dematerialisation of Physical Securities,,,Copy of Newspaper Publication,00:00:01,28072026125052,28-Jul-2026 12:50:53,1.16 MB,True,,,106713357,Automobiles - 2 And 3 Wheelers,INE917I01010,Bajaj Auto Limited,2026-07-28 12:50:52,BAJAJ-AUTO
27-Jul-2026 16:43:48,443.11 KB,https://nsearchives.nseindia.com/corporate/lkwalimbe_bajajauto_co_in_27072026164331_Transcript_of_Earning_Conference_Call_Q1_FY27.pdf,Bajaj Auto Limited has informed the Exchange about Transcript,,,Analysts/Institutional Investor Meet/Con. Call Updates,00:00:01,27072026164348,27-Jul-2026 16:43:49,443.11 KB,True,,,106711969,Automobiles - 2 And 3 Wheelers,INE917I01010,Bajaj Auto Limited,2026-07-27 16:43:48,BAJAJ-AUTO
24-Jul-2026 15:26:28,1.31 MB,https://nsearchives.nseindia.com/corporate/lkwalimbe_bajajauto_co_in_24072026152616_Extinguishment_completion_filing_SE.pdf,"Bajaj Auto Limited has informed the Exchange regarding completion of extinguishment of 46,94,000 shares & Closure of Buy Back with effect from July 24, 2026",,,Closure of Buy Back,00:00:01,24072026152628,24-Jul-2026 15:26:29,1.31 MB,True,,,106709710,Automobiles - 2 And 3 Wheelers,INE917I01010,Bajaj Auto Limited,2026-07-24 15:26:28,BAJAJ-AUTO
24-Jul-2026 11:41:51,463.43 KB,https://nsearchives.nseindia.com/corporate/lkwalimbe_bajajauto_co_in_24072026114140_Reg_76_signed.pdf,Bajaj Auto Limited has informed the Exchange regarding 'Reconciliation of share capital audit report for the quarter ended 30 June 2026'.,,,Updates,00:00:01,24072026114151,24-Jul-2026 11:41:52,463.43 KB,True,,,106709307,Automobiles - 2 And 3 Wheelers,INE917I01010,Bajaj Auto Limited,2026-07-24 11:41:51,BAJAJ-AUTO
22-Jul-2026 20:31:27,8.83 MB,https://nsearchives.nseindia.com/corporate/lkwalimbe_bajajauto_co_in_22072026203113_SE_Intimation_AGM_VR_Signed.pdf,"Bajaj Auto Limited has submitted the Exchange a copy Srutinizers report of  19th Annual General Meeting held on July 21, 2026. Further, the company has informed the Exchange regarding voting results.",,,Shareholders meeting,00:00:01,22072026203127,22-Jul-2026 20:31:28,8.83 MB,True,,,106707142,Automobiles - 2 And 3 Wheelers,INE917I01010,Bajaj Auto Limited,2026-07-22 20:31:27,BAJAJ-AUTO
21-Jul-2026 20:34:04,179.58 KB,https://nsearchives.nseindia.com/corporate/lkwalimbe_bajajauto_co_in_21072026203347_SE_-_Q1_FY27_Recording.pdf,Bajaj Auto Limited has informed the Exchange about Link of Recording,,,Analysts/Institutional Investor Meet/Con. Call Updates,00:00:01,21072026203404,21-Jul-2026 20:34:05,179.58 KB,True,,,106705680,Automobiles - 2 And 3 Wheelers,INE917I01010,Bajaj Auto Limited,2026-07-21 20:34:04,BAJAJ-AUTO
21-Jul-2026 19:01:27,271.92 KB,https://nsearchives.nseindia.com/corporate/lkwalimbe_bajajauto_co_in_21072026190115_SE_Proceedings_AGM.pdf,"Bajaj Auto Limited has informed the Exchange regarding summary of proceedings of the 19th Annual General Meeting held on July 21, 2026",,,Shareholders meeting,00:00:01,21072026190127,21-Jul-2026 19:01:28,271.92 KB,True,,,106705514,Automobiles - 2 And 3 Wheelers,INE917I01010,Bajaj Auto Limited,2026-07-21 19:01:27,BAJAJ-AUTO
21-Jul-2026 12:52:47,241.44 KB,https://nsearchives.nseindia.com/corporate/lkwalimbe_bajajauto_co_in_21072026125221_SE_ESOP.pdf,Bajaj Auto Limited has informed the Exchange about seventh grant of Stock Options pursuant to Bajaj Auto Employee Stock Option Scheme 2019,,,General Updates,00:00:00,21072026125247,21-Jul-2026 12:52:47,241.44 KB,True,,,106704751,Automobiles - 2 And 3 Wheelers,INE917I01010,Bajaj Auto Limited,2026-07-21 12:52:47,BAJAJ-AUTO
21-Jul-2026 12:43:08,1.44 MB,https://nsearchives.nseindia.com/corporate/lkwalimbe_bajajauto_co_in_21072026124211_SE_FR.pdf,"Bajaj Auto Limited has submitted to the Exchange, the financial results for the period ended Jun 30, 2026.",,,Outcome of Board Meeting,00:00:00,21072026124308,21-Jul-2026 12:43:08,1.44 MB,True,,,106704742,Automobiles - 2 And 3 Wheelers,INE917I01010,Bajaj Auto Limited,2026-07-21 12:43:08,BAJAJ-AUTO
20-Jul-2026 18:11:07,252.63 KB,https://nsearchives.nseindia.com/corporate/lkwalimbe_bajajauto_co_in_27062025144213_NSE_clarification_Audit_Qualification_27_June_2025.pdf,"The Exchange had sought clarification from Bajaj Auto Limited for the quarter ended 31-Mar-2025 with respect to Regulation 33 of the SEBI (Listing Obligations and Disclosure Requirements) Regulations, 2015. On basis of above the Company was required to clarify the following:   -1. The company has not submitted the Statement of Impact of Audit Qualifications in case of modified opinion(s) The response of the Company is enclosed.",,,Reply to Clarification- Financial results,00:00:00,20072026181107,20-Jul-2026 18:11:07,252.63 KB,True,,,106703749,Automobiles - 2 And 3 Wheelers,INE917I01010,Bajaj Auto Limited,2026-07-20 18:11:07,BAJAJ-AUTO
17-Jul-2026 16:27:40,513.21 KB,https://nsearchives.nseindia.com/corporate/lkwalimbe_bajajauto_co_in_17072026162642_74_5___002_.pdf,"Bajaj Auto Limited has informed the Exchange about Certificate under SEBI (Depositories and Participants) Regulations, 2018",,,"Certificate under SEBI (Depositories and Participants) Regulations, 2018",00:00:01,17072026162740,17-Jul-2026 16:27:41,513.21 KB,True,,,106701591,Automobiles - 2 And 3 Wheelers,INE917I01010,Bajaj Auto Limited,2026-07-17 16:27:40,BAJAJ-AUTO
16-Jul-2026 12:57:44,4.60 MB,https://nsearchives.nseindia.com/corporate/lkwalimbe_bajajauto_co_in_16072026125732_Newspaper_Advertisement_-_Post_Buyback.pdf,Bajaj Auto Limited has informed the Exchange about Copy of Newspaper Publication,,,Copy of Newspaper Publication,00:00:00,16072026125744,16-Jul-2026 12:57:44,4.60 MB,True,,,106699933,Automobiles - 2 And 3 Wheelers,INE917I01010,Bajaj Auto Limited,2026-07-16 12:57:44,BAJAJ-AUTO
16-Jul-2026 10:33:45,753.83 KB,https://nsearchives.nseindia.com/corporate/lkwalimbe_bajajauto_co_in_16072026103314_1_Final_SE_BMAG_Preliminary_Results_16_July_26.pdf,"Bajaj Auto Limited has informed the Exchange about ad hoc announcement made by Bajaj Mobility AG (formerly PIERER Mobility AG), a step-down subsidiary of Bajaj Auto Limited titled - Preliminary figures for Q2 / 2026.",,,General Updates,00:00:02,16072026103345,16-Jul-2026 10:33:47,753.83 KB,True,,,106699726,Automobiles - 2 And 3 Wheelers,INE917I01010,Bajaj Auto Limited,2026-07-16 10:33:45,BAJAJ-AUTO
14-Jul-2026 17:06:39,2.08 MB,https://nsearchives.nseindia.com/corporate/lkwalimbe_bajajauto_co_in_14072026170627_Transport_Arrangement_BAL_AGM_FY25.pdf,Bajaj Auto Limited has informed the Exchange about newspaper advertisement for local transport arrangements for the 19th AGM of the Company scheduled on 21 July 2026.,,,General Updates,00:00:01,14072026170639,14-Jul-2026 17:06:40,2.08 MB,True,,,106697273,Automobiles - 2 And 3 Wheelers,INE917I01010,Bajaj Auto Limited,2026-07-14 17:06:39,BAJAJ-AUTO
10-Jul-2026 11:05:02,467.69 KB,https://nsearchives.nseindia.com/corporate/lkwalimbe_bajajauto_co_in_10072026110445_SE_-_Q1_FY27.pdf,Bajaj Auto Limited has informed the Exchange about Schedule of meet,,,Analysts/Institutional Investor Meet/Con. Call Updates,00:00:00,10072026110502,10-Jul-2026 11:05:02,467.69 KB,True,,,106693161,Automobiles - 2 And 3 Wheelers,INE917I01010,Bajaj Auto Limited,2026-07-10 11:05:02,BAJAJ-AUTO
02-Jul-2026 08:53:03,217.20 KB,https://nsearchives.nseindia.com/corporate/lkwalimbe_bajajauto_co_in_02072026085251_Sales_Report.pdf,"Bajaj Auto Limited has informed the Exchange regarding a press release dated July 02, 2026, titled ""Sales for the month of June 2026"".",,,Press Release,00:00:02,02072026085303,02-Jul-2026 08:53:05,217.20 KB,True,,,106684049,Automobiles - 2 And 3 Wheelers,INE917I01010,Bajaj Auto Limited,2026-07-02 08:53:03,BAJAJ-AUTO
30-Jun-2026 16:56:50,259.21 KB,https://nsearchives.nseindia.com/corporate/lkwalimbe_bajajauto_co_in_30062026165641_SE_Intimation_Order_30_June_2026.pdf,Bajaj Auto Limited has informed the Exchange about Order passed,,,Action(s) taken or orders passed,00:00:01,30062026165650,30-Jun-2026 16:56:51,259.21 KB,True,,,106681595,Automobiles - 2 And 3 Wheelers,INE917I01010,Bajaj Auto Limited,2026-06-30 16:56:50,BAJAJ-AUTO
30-Jun-2026 15:44:56,9.37 MB,https://nsearchives.nseindia.com/corporate/lkwalimbe_bajajauto_co_in_30062026154426_Newspaper_Dispatch_with_clippings_DSC.pdf,"Bajaj Auto Limited has informed the Exchange about Copy of Newspaper Publication regarding completion of dispatch of the Letter of Offer and setting out details of key timelines, entitlement ratio for Eligible Shareholders and method of checking entitlement.",,,Copy of Newspaper Publication,00:00:01,30062026154456,30-Jun-2026 15:44:57,9.37 MB,True,,,106681393,Automobiles - 2 And 3 Wheelers,INE917I01010,Bajaj Auto Limited,2026-06-30 15:44:56,BAJAJ-AUTO
29-Jun-2026 15:47:07,177.64 KB,https://nsearchives.nseindia.com/corporate/lkwalimbe_bajajauto_co_in_29062026154640_SE_Intimation_-_Trading_Window_Closure.pdf,"Bajaj Auto Limited has informed the Exchange regarding the Trading Window closure pursuant to SEBI (Prohibition of Insider Trading) Regulations, 2015",,,Trading Window,00:00:01,29062026154707,29-Jun-2026 15:47:08,177.64 KB,True,,,106679440,Automobiles - 2 And 3 Wheelers,INE917I01010,Bajaj Auto Limited,2026-06-29 15:47:07,BAJAJ-AUTO
29-Jun-2026 13:31:47,1.66 MB,https://nsearchives.nseindia.com/corporate/lkwalimbe_bajajauto_co_in_29062026132634_SE_with_LoF.pdf,Bajaj Auto Limited has informed the Exchange regarding ''Letter of offer for the buyback of equity shares''.,,,Updates,00:00:01,29062026133147,29-Jun-2026 13:31:48,1.66 MB,True,,,106679236,Automobiles - 2 And 3 Wheelers,INE917I01010,Bajaj Auto Limited,2026-06-29 13:31:47,BAJAJ-AUTO
26-Jun-2026 14:46:57,241.47 KB,https://nsearchives.nseindia.com/corporate/lkwalimbe_bajajauto_co_in_26062026144635_SE_Update_Cyber_securtity_Incident.pdf,Bajaj Auto Limited has informed the Exchange about update to the Cyber Security Incident.,,,General Updates,00:00:01,26062026144657,26-Jun-2026 14:46:58,241.47 KB,True,,,106676866,Automobiles - 2 And 3 Wheelers,INE917I01010,Bajaj Auto Limited,2026-06-26 14:46:57,BAJAJ-AUTO
26-Jun-2026 14:22:39,1.67 MB,https://nsearchives.nseindia.com/corporate/lkwalimbe_bajajauto_co_in_26062026142121_SEBIintimation26June2026.pdf,"Bajaj Auto Limited has informed the Exchange about the Newspaper advertisements published in Financial Express and Kesari on 26 June 2026 for the shareholders of the company informing, inter alia, about Annual General Meeting and E-voting.",,,Copy of Newspaper Publication,00:00:01,26062026142239,26-Jun-2026 14:22:40,1.67 MB,True,,,106676778,Automobiles - 2 And 3 Wheelers,INE917I01010,Bajaj Auto Limited,2026-06-26 14:22:39,BAJAJ-AUTO
25-Jun-2026 13:23:18,1.49 MB,https://nsearchives.nseindia.com/corporate/lkwalimbe_bajajauto_co_in_25062026132306_SE_BRSR.pdf,Bajaj Auto Limited has informed the Exchange regarding 'Business Responsibility and Sustainability Report for the financial year ended 31 March 2026'.,,,Updates,00:00:01,25062026132318,25-Jun-2026 13:23:19,1.49 MB,True,,,106674285,Automobiles - 2 And 3 Wheelers,INE917I01010,Bajaj Auto Limited,2026-06-25 13:23:18,BAJAJ-AUTO
25-Jun-2026 13:11:35,3.99 MB,https://nsearchives.nseindia.com/corporate/lkwalimbe_bajajauto_co_in_25062026131116_SE_Intimation_-_AGM_Notice.pdf,"Bajaj Auto Limited has informed the Exchange regarding Notice of Annual General Meeting to be held on July 21, 2026",,,Shareholders meeting,00:00:01,25062026131135,25-Jun-2026 13:11:36,3.99 MB,True,,,106674259,Automobiles - 2 And 3 Wheelers,INE917I01010,Bajaj Auto Limited,2026-06-25 13:11:35,BAJAJ-AUTO
23-Jun-2026 19:13:08,240.85 KB,https://nsearchives.nseindia.com/corporate/lkwalimbe_bajajauto_co_in_23062026191251_SE_Intimation_Cybersecurity_23_June_26_Signed.pdf,Bajaj Auto Limited has informed the Exchange about Cyber Security Incident.,,,General Updates,00:00:00,23062026191308,23-Jun-2026 19:13:08,240.85 KB,True,,,106671442,Automobiles - 2 And 3 Wheelers,INE917I01010,Bajaj Auto Limited,2026-06-23 19:13:08,BAJAJ-AUTO
23-Jun-2026 17:40:22,265.11 KB,https://nsearchives.nseindia.com/corporate/lkwalimbe_bajajauto_co_in_23062026174005_NCD_Listing_500cr_BACL.pdf,"Bajaj Auto Limited has informed the Exchange regarding ' issuance, allotment and listing of Non-convertible Debentures by Bajaj Auto Credit Limited, a wholly owned subsidiary of Bajaj Auto Limited.'",,,Updates,00:00:01,23062026174022,23-Jun-2026 17:40:23,265.11 KB,True,,,106671160,Automobiles - 2 And 3 Wheelers,INE917I01010,Bajaj Auto Limited,2026-06-23 17:40:22,BAJAJ-AUTO
22-Jun-2026 21:47:46,9.70 MB,https://nsearchives.nseindia.com/corporate/lkwalimbe_bajajauto_co_in_22062026214622_Shareholders_Resolution_with_Annexures.pdf,"Bajaj Auto Limited has informed the Exchange regarding ""Shareholder Resolution for Buyback of Equity Shares"" - Revised",,,Updates,00:00:00,22062026214746,22-Jun-2026 21:47:46,9.70 MB,True,,,106670087,Automobiles - 2 And 3 Wheelers,INE917I01010,Bajaj Auto Limited,2026-06-22 21:47:46,BAJAJ-AUTO
22-Jun-2026 15:43:52,7.22 MB,https://nsearchives.nseindia.com/corporate/lkwalimbe_bajajauto_co_in_22062026154339_BB_-_Disclosure_Resolution_with_Annexures_.pdf,Bajaj Auto Limited has informed the Exchange regarding ''Shareholder Resolution for Buyback of Equity Shares''.,,,Updates,00:00:01,22062026154352,22-Jun-2026 15:43:53,7.22 MB,True,,,106669555,Automobiles - 2 And 3 Wheelers,INE917I01010,Bajaj Auto Limited,2026-06-22 15:43:52,BAJAJ-AUTO
22-Jun-2026 15:42:02,3.17 MB,https://nsearchives.nseindia.com/corporate/lkwalimbe_bajajauto_co_in_22062026154147_Publication_of_Public_Annoucement_BB_.pdf,Bajaj Auto Limited has informed the Exchange about Copy of Newspaper Publication,,,Copy of Newspaper Publication,00:00:00,22062026154202,22-Jun-2026 15:42:02,3.17 MB,True,,,106669552,Automobiles - 2 And 3 Wheelers,INE917I01010,Bajaj Auto Limited,2026-06-22 15:42:02,BAJAJ-AUTO
18-Jun-2026 15:10:05,174.43 KB,https://nsearchives.nseindia.com/corporate/lkwalimbe_bajajauto_co_in_18062026150952_SE_Disclosure_of_Record_Date_BB.pdf,Bajaj Auto Limited has informed the Exchange that Record date for the purpose of Buyback  is 24-Jun-2026.,,,Record Date,00:00:01,18062026151005,18-Jun-2026 15:10:06,174.43 KB,True,,,106666727,Automobiles - 2 And 3 Wheelers,INE917I01010,Bajaj Auto Limited,2026-06-18 15:10:05,BAJAJ-AUTO
18-Jun-2026 12:38:15,814.04 KB,https://nsearchives.nseindia.com/corporate/lkwalimbe_bajajauto_co_in_18062026123759_SE_VRPB_18_June_26.pdf,"Bajaj Auto Limited has submitted the Exchange a copy Srutinizers report of  Postal Ballot. Further, the company has informed the Exchange regarding voting results.",,,Shareholders meeting,00:00:00,18062026123815,18-Jun-2026 12:38:15,814.04 KB,True,,,106666585,Automobiles - 2 And 3 Wheelers,INE917I01010,Bajaj Auto Limited,2026-06-18 12:38:15,BAJAJ-AUTO
09-Jun-2026 13:29:45,174.51 KB,https://nsearchives.nseindia.com/corporate/lkwalimbe_bajajauto_co_in_09062026132935_Order_in_Appeal_intimation_for_Assam_FY_21-22.pdf,Bajaj Auto Limited has informed the Exchange about Action(s) taken or orders passed,,,Action(s) taken or orders passed,00:00:01,09062026132945,09-Jun-2026 13:29:46,174.51 KB,True,,,106658529,Automobiles - 2 And 3 Wheelers,INE917I01010,Bajaj Auto Limited,2026-06-09 13:29:45,BAJAJ-AUTO
04-Jun-2026 17:22:45,924.61 KB,https://nsearchives.nseindia.com/corporate/lkwalimbe_bajajauto_co_in_04062026172233_SEBIintimation.pdf,Bajaj Auto Limited has informed the Exchange about intimation letter sent to shareholders regarding updation of KYC details,,,General Updates,00:00:01,04062026172245,04-Jun-2026 17:22:46,924.61 KB,True,,,106654993,Automobiles - 2 And 3 Wheelers,INE917I01010,Bajaj Auto Limited,2026-06-04 17:22:45,BAJAJ-AUTO
01-Jun-2026 22:43:00,951.46 KB,https://nsearchives.nseindia.com/corporate/lkwalimbe_bajajauto_co_in_01062026223908_TDScommunication2026.pdf,Bajaj Auto Limited has informed the Exchange about Communication sent to Shareholders regarding Tax Deduction at Source (TDS) on Dividend.,,,General Updates,00:00:01,01062026224300,01-Jun-2026 22:43:01,951.46 KB,True,,,106651685,Automobiles - 2 And 3 Wheelers,INE917I01010,Bajaj Auto Limited,2026-06-01 22:43:00,BAJAJ-AUTO
01-Jun-2026 08:54:37,203.69 KB,https://nsearchives.nseindia.com/corporate/lkwalimbe_bajajauto_co_in_01062026085225_Sales_Report_May_2026.pdf,"Bajaj Auto Limited has informed the Exchange regarding a press release dated Jun 01, 2026, titled ""Sales for the month of May 2026"".",,,Press Release,00:00:01,01062026085437,01-Jun-2026 08:54:38,203.69 KB,True,,,106650471,Automobiles - 2 And 3 Wheelers,INE917I01010,Bajaj Auto Limited,2026-06-01 08:54:37,BAJAJ-AUTO
30-May-2026 22:43:59,177.67 KB,https://nsearchives.nseindia.com/corporate/lkwalimbe_bajajauto_co_in_30052026224334_SE_Intimation_SMP.pdf,"Bajaj Auto Limited has informed the Exchange about change in Management - consequent to the change in reporting on account of organisational restructuring, Ms. Baminee Viswanat (General Counsel, redesignated as Chief Legal Officer) and Mr. Vijay Jerome (Chief Digital & Information Officer) will cease to form part of senior management, as defined under Regulation 16(1)(d) of the Listing Regulations, effective from 01 June 2026.",,,Change in Management,00:00:01,30052026224359,30-May-2026 22:44:00,177.67 KB,True,,,106650139,Automobiles - 2 And 3 Wheelers,INE917I01010,Bajaj Auto Limited,2026-05-30 22:43:59,BAJAJ-AUTO
30-May-2026 22:39:28,177.67 KB,https://nsearchives.nseindia.com/corporate/lkwalimbe_bajajauto_co_in_30052026223854_SE_Intimation_SMP.pdf,"Bajaj Auto Limited has informed the Exchange regarding Cessation of  Vijay Jerome  as Other of the company w.e.f. Jun 01, 2026.",,,Cessation,00:00:01,30052026223928,30-May-2026 22:39:29,177.67 KB,True,,,106650129,Automobiles - 2 And 3 Wheelers,INE917I01010,Bajaj Auto Limited,2026-05-30 22:39:28,BAJAJ-AUTO
30-May-2026 22:33:19,177.67 KB,https://nsearchives.nseindia.com/corporate/lkwalimbe_bajajauto_co_in_30052026222902_SE_Intimation_SMP.pdf,"Bajaj Auto Limited has informed the Exchange regarding Cessation of  Baminee V as Other of the company w.e.f. Jun 01, 2026.",,,Cessation,00:00:00,30052026223319,30-May-2026 22:33:19,177.67 KB,True,,,106650116,Automobiles - 2 And 3 Wheelers,INE917I01010,Bajaj Auto Limited,2026-05-30 22:33:19,BAJAJ-AUTO
28-May-2026 15:25:45,286.11 KB,https://nsearchives.nseindia.com/corporate/lkwalimbe_bajajauto_co_in_28052026152502_investor_Conference_2.pdf,Bajaj Auto Limited has informed the Exchange about Schedule of meet,,,Analysts/Institutional Investor Meet/Con. Call Updates,00:00:00,28052026152545,28-May-2026 15:25:45,286.11 KB,True,,,106645189,Automobiles - 2 And 3 Wheelers,INE917I01010,Bajaj Auto Limited,2026-05-28 15:25:45,BAJAJ-AUTO
28-May-2026 15:25:45,285.91 KB,https://nsearchives.nseindia.com/corporate/lkwalimbe_bajajauto_co_in_28052026152528_Investor_Conference_3.pdf,Bajaj Auto Limited has informed the Exchange about Schedule of meet,,,Analysts/Institutional Investor Meet/Con. Call Updates,00:00:01,28052026152545,28-May-2026 15:25:46,285.91 KB,True,,,106645190,Automobiles - 2 And 3 Wheelers,INE917I01010,Bajaj Auto Limited,2026-05-28 15:25:45,BAJAJ-AUTO
28-May-2026 15:23:14,286.74 KB,https://nsearchives.nseindia.com/corporate/lkwalimbe_bajajauto_co_in_28052026152302_investor_Conference_1.pdf,Bajaj Auto Limited has informed the Exchange about Schedule of meet,,,Analysts/Institutional Investor Meet/Con. Call Updates,00:00:01,28052026152314,28-May-2026 15:23:15,286.74 KB,True,,,106645178,Automobiles - 2 And 3 Wheelers,INE917I01010,Bajaj Auto Limited,2026-05-28 15:23:14,BAJAJ-AUTO
23-May-2026 16:01:16,1.55 MB,https://nsearchives.nseindia.com/corporate/lkwalimbe_bajajauto_co_in_23052026155951_SEintimation.pdf,"Bajaj Auto Limited has informed the Exchange about Copy of Newspaper Publication intimating the shareholders regarding shares liable to be transferred to IEPFA, Saksham Niveshak initiative by IEPFA and amendment in Regulation 12 and Schedule I of SEBI Listing Regulations, 2015",,,Copy of Newspaper Publication,00:00:02,23052026160116,23-May-2026 16:01:18,1.55 MB,True,,,106637873,Automobiles - 2 And 3 Wheelers,INE917I01010,Bajaj Auto Limited,2026-05-23 16:01:16,BAJAJ-AUTO
18-May-2026 18:01:23,277.16 KB,https://nsearchives.nseindia.com/corporate/lkwalimbe_bajajauto_co_in_18052026180110_SE_Intimation_Loan_Agreement_18_May_26.pdf,"Bajaj Auto Limited has informed the Exchange about termination of loan agreements entered into by Bajaj Auto International Holdings BV, a wholly owned subsidiary of Bajaj Auto Limited and Bajaj Auto International Holdings AG, a step-down wholly owned subsidiary of Bajaj Auto Limited.",,,Agreements,00:00:01,18052026180123,18-May-2026 18:01:24,277.16 KB,True,,,106627932,Automobiles - 2 And 3 Wheelers,INE917I01010,Bajaj Auto Limited,2026-05-18 18:01:23,BAJAJ-AUTO
16-May-2026 12:01:48,1.52 MB,https://nsearchives.nseindia.com/corporate/lkwalimbe_bajajauto_co_in_16052026120128_Reg_30__Newspaper_Publication_SE.pdf,Bajaj Auto Limited has informed the Exchange about Copy of Newspaper Publication - Postal Ballot,,,Copy of Newspaper Publication,00:00:01,16052026120148,16-May-2026 12:01:49,1.52 MB,True,,,106626060,Automobiles - 2 And 3 Wheelers,INE917I01010,Bajaj Auto Limited,2026-05-16 12:01:48,BAJAJ-AUTO
15-May-2026 17:01:13,876.66 KB,https://nsearchives.nseindia.com/corporate/lkwalimbe_bajajauto_co_in_15052026170011_Notice_of_Postal_Ballot_May_2026.pdf,Bajaj Auto Limited has informed the Exchange regarding Notice of Postal Ballot,,,Shareholders meeting,00:00:01,15052026170113,15-May-2026 17:01:14,876.66 KB,True,,,106624943,Automobiles - 2 And 3 Wheelers,INE917I01010,Bajaj Auto Limited,2026-05-15 17:01:13,BAJAJ-AUTO
14-May-2026 11:23:36,1.07 MB,https://nsearchives.nseindia.com/corporate/lkwalimbe_bajajauto_co_in_14052026112308_SE_-_Special_Window.pdf,Bajaj Auto Limited has informed the Exchange about Copy of Newspaper Publication regarding notice of special window for transfer and dematerialisation of physical securities.,,,Copy of Newspaper Publication,00:00:00,14052026112336,14-May-2026 11:23:36,1.07 MB,True,,,106621983,Automobiles - 2 And 3 Wheelers,INE917I01010,Bajaj Auto Limited,2026-05-14 11:23:36,BAJAJ-AUTO
13-May-2026 11:47:02,659.25 KB,https://nsearchives.nseindia.com/corporate/lkwalimbe_bajajauto_co_in_13052026114629_SE_BMAG_Q1_Results_13_May_26.pdf,"Bajaj Auto Limited has informed the Exchange regarding ad hoc announcement and press release issued by Bajaj Mobility AG (formerly PIERER Mobility AG), a step-down subsidiary of Bajaj Auto Limited, titled Quarterly Report: 1st Quarter 2026.",,,Press Release,00:00:01,13052026114702,13-May-2026 11:47:03,659.25 KB,True,,,106620038,Automobiles - 2 And 3 Wheelers,INE917I01010,Bajaj Auto Limited,2026-05-13 11:47:02,BAJAJ-AUTO
12-May-2026 16:29:16,476.63 KB,https://nsearchives.nseindia.com/corporate/lkwalimbe_bajajauto_co_in_12052026162900_SE_-_Transcript_Q4_FY26.pdf,Bajaj Auto Limited has informed the Exchange about Transcript,,,Analysts/Institutional Investor Meet/Con. Call Updates,00:00:01,12052026162916,12-May-2026 16:29:17,476.63 KB,True,,,106618671,Automobiles - 2 And 3 Wheelers,INE917I01010,Bajaj Auto Limited,2026-05-12 16:29:16,BAJAJ-AUTO
06-May-2026 23:57:43,173.84 KB,https://nsearchives.nseindia.com/corporate/lkwalimbe_bajajauto_co_in_06052026235733_Clarification_regarding_Outcome_of_Board_Meeting_6052026.pdf,"Bajaj Auto Limited has informed the Exchange about General Updates, Reference our intimation dated 6 May 2026",,,General Updates,00:00:01,06052026235743,06-May-2026 23:57:44,173.84 KB,True,,,106612125,Automobiles - 2 And 3 Wheelers,INE917I01010,Bajaj Auto Limited,2026-05-06 23:57:43,BAJAJ-AUTO
06-May-2026 22:59:46,3.44 MB,https://nsearchives.nseindia.com/corporate/lkwalimbe_bajajauto_co_in_06052026225936_BAL_PR_clarification.pdf,"Bajaj Auto Limited has informed the Exchange about General Updates, Reference our intimation dated 6 May 2026",,,General Updates,00:00:01,06052026225946,06-May-2026 22:59:47,3.44 MB,True,,,106611987,Automobiles - 2 And 3 Wheelers,INE917I01010,Bajaj Auto Limited,2026-05-06 22:59:46,BAJAJ-AUTO
06-May-2026 22:39:57,185.46 KB,https://nsearchives.nseindia.com/corporate/lkwalimbe_bajajauto_co_in_06052026223946_SE_-_Q4_FY26_Recording.pdf,Bajaj Auto Limited has informed the Exchange about Link of Recording,,,Analysts/Institutional Investor Meet/Con. Call Updates,00:00:01,06052026223957,06-May-2026 22:39:58,185.46 KB,True,,,106611973,Automobiles - 2 And 3 Wheelers,INE917I01010,Bajaj Auto Limited,2026-05-06 22:39:57,BAJAJ-AUTO
06-May-2026 19:57:12,180.50 KB,https://nsearchives.nseindia.com/corporate/lkwalimbe_bajajauto_co_in_06052026195655_Outcome_of_Board_Meeting_Joint_MD.pdf,"Bajaj Auto Limited has informed the Exchange regarding Appointment of Mr Rakesh Sharma as Joint Managing Director of the company w.e.f. Jun 01, 2026.",,,Appointment,00:00:01,06052026195712,06-May-2026 19:57:13,180.50 KB,True,,,106611780,Automobiles - 2 And 3 Wheelers,INE917I01010,Bajaj Auto Limited,2026-05-06 19:57:12,BAJAJ-AUTO
06-May-2026 19:46:53,172.53 KB,https://nsearchives.nseindia.com/corporate/lkwalimbe_bajajauto_co_in_06052026194627_BAL-_Record_Date.pdf,Bajaj Auto Limited has informed the Exchange that Record date for the purpose of Dividend  is 29-May-2026.,,,Record Date,00:00:02,06052026194653,06-May-2026 19:46:55,172.53 KB,True,,,106611759,Automobiles - 2 And 3 Wheelers,INE917I01010,Bajaj Auto Limited,2026-05-06 19:46:53,BAJAJ-AUTO
06-May-2026 19:35:18,175.81 KB,https://nsearchives.nseindia.com/corporate/lkwalimbe_bajajauto_co_in_06052026193439_Dividend_AGM.pdf,"Bajaj Auto Limited has informed the Exchange about Annual General Meeting to be held on Tuesday, 21 July 2026.",,,General Updates,00:00:01,06052026193518,06-May-2026 19:35:19,175.81 KB,True,,,106611740,Automobiles - 2 And 3 Wheelers,INE917I01010,Bajaj Auto Limited,2026-05-06 19:35:18,BAJAJ-AUTO
06-May-2026 19:22:26,175.81 KB,https://nsearchives.nseindia.com/corporate/lkwalimbe_bajajauto_co_in_06052026192213_Dividend_AGM.pdf,"Bajaj Auto Limited has informed the Exchange that Board of Directors at its meeting held on May 06, 2026, recommended Final Dividend of Rs. 150 per equity share.",,,Dividend,00:00:01,06052026192226,06-May-2026 19:22:27,175.81 KB,True,,,106611714,Automobiles - 2 And 3 Wheelers,INE917I01010,Bajaj Auto Limited,2026-05-06 19:22:26,BAJAJ-AUTO
06-May-2026 19:19:24,475.61 KB,https://nsearchives.nseindia.com/corporate/lkwalimbe_bajajauto_co_in_06052026191911_Outcome_of_BM_Buyback.pdf,Bajaj Auto Limited has informed the Exchange about Buyback,,,Buyback,00:00:01,06052026191924,06-May-2026 19:19:25,475.61 KB,True,,,106611709,Automobiles - 2 And 3 Wheelers,INE917I01010,Bajaj Auto Limited,2026-05-06 19:19:24,BAJAJ-AUTO
06-May-2026 18:42:17,180.50 KB,https://nsearchives.nseindia.com/corporate/lkwalimbe_bajajauto_co_in_06052026184204_Outcome_of_Board_Meeting_Joint_MD.pdf,"Bajaj Auto Limited has informed the Exchange regarding Outcome of Board Meeting held on May 06, 2026 - Appointment of Joint Managing Director.",,,Outcome of Board Meeting,00:00:01,06052026184217,06-May-2026 18:42:18,180.50 KB,True,,,106611635,Automobiles - 2 And 3 Wheelers,INE917I01010,Bajaj Auto Limited,2026-05-06 18:42:17,BAJAJ-AUTO
06-May-2026 18:35:49,475.61 KB,https://nsearchives.nseindia.com/corporate/lkwalimbe_bajajauto_co_in_06052026183457_Outcome_of_BM_Buyback.pdf,"Bajaj Auto Limited has informed the Exchange regarding Outcome of Board Meeting held on May 06, 2026 - Buyback.",,,Outcome of Board Meeting,00:00:01,06052026183549,06-May-2026 18:35:50,475.61 KB,True,,,106611608,Automobiles - 2 And 3 Wheelers,INE917I01010,Bajaj Auto Limited,2026-05-06 18:35:49,BAJAJ-AUTO
06-May-2026 18:27:38,16.23 MB,https://nsearchives.nseindia.com/corporate/lkwalimbe_bajajauto_co_in_06052026182412_Outcome_of_Board_Meeting.pdf,"Bajaj Auto Limited has submitted to the Exchange, the financial results for the period ended March 31, 2026.",,,Outcome of Board Meeting,00:00:00,06052026182738,06-May-2026 18:27:38,16.23 MB,True,,,106611584,Automobiles - 2 And 3 Wheelers,INE917I01010,Bajaj Auto Limited,2026-05-06 18:27:38,BAJAJ-AUTO
04-May-2026 08:54:01,209.50 KB,https://nsearchives.nseindia.com/corporate/lkwalimbe_bajajauto_co_in_04052026085350_Draft_for_Sales_Report.pdf,"Bajaj Auto Limited has informed the Exchange regarding a press release dated May 04, 2026, titled ""Sales for the month of April 2026."".",,,Press Release,00:00:01,04052026085401,04-May-2026 08:54:02,209.50 KB,True,,,106607675,Automobiles - 2 And 3 Wheelers,INE917I01010,Bajaj Auto Limited,2026-05-04 08:54:01,BAJAJ-AUTO
29-Apr-2026 12:08:03,60.87 KB,https://nsearchives.nseindia.com/corporate/team_sandeshc_13042026134617_8.pdf,"Niraj Bajaj has Submitted to the Exchange a copy of Disclosure under Regulation 31(4) of the Securities and Exchange Board of India (Substantial Acquisition of Shares and Takeovers) Regulations, 2011.",,,Disclosure under SEBI Takeover Regulations,00:00:01,29042026120803,29-Apr-2026 12:08:04,60.87 KB,True,,,106588144,Automobiles - 2 And 3 Wheelers,INE917I01010,Bajaj Auto Limited,2026-04-29 12:08:03,BAJAJ-AUTO
15-Apr-2026 13:38:25,456.53 KB,https://nsearchives.nseindia.com/corporate/lkwalimbe_bajajauto_co_in_15042026133809_SE_Intimation_-_Q4_Results_Call.pdf,Bajaj Auto Limited has informed the Exchange about Schedule of meet,,,Analysts/Institutional Investor Meet/Con. Call Updates,00:00:01,15042026133825,15-Apr-2026 13:38:26,456.53 KB,True,,,106590134,Automobiles - 2 And 3 Wheelers,INE917I01010,Bajaj Auto Limited,2026-04-15 13:38:25,BAJAJ-AUTO
13-Apr-2026 16:55:15,678.42 KB,https://nsearchives.nseindia.com/corporate/lkwalimbe_bajajauto_co_in_13042026165439_Microsoft_Word_-_74_5_.pdf,"Bajaj Auto Limited has informed the Exchange about Certificate under SEBI (Depositories and Participants) Regulations, 2018",,,"Certificate under SEBI (Depositories and Participants) Regulations, 2018",00:00:02,13042026165515,13-Apr-2026 16:55:17,678.42 KB,True,,,106588398,Automobiles - 2 And 3 Wheelers,INE917I01010,Bajaj Auto Limited,2026-04-13 16:55:15,BAJAJ-AUTO
03-Apr-2026 08:56:01,215.31 KB,https://nsearchives.nseindia.com/corporate/lkwalimbe_bajajauto_co_in_03042026085546_Sales_Report_March_2026.pdf,"Bajaj Auto Limited has informed the Exchange regarding a press release dated April 03, 2026, titled ""Sales for the month of March 2026.""",,,Press Release,00:00:01,03042026085601,03-Apr-2026 08:56:02,215.31 KB,True,,,106579017,Automobiles - 2 And 3 Wheelers,INE917I01010,Bajaj Auto Limited,2026-04-03 08:56:01,BAJAJ-AUTO
31-Mar-2026 10:51:35,255.50 KB,https://nsearchives.nseindia.com/corporate/lkwalimbe_bajajauto_co_in_31032026105125_SE_-_BACL_Credit_Rating_30_March_2026.pdf,Bajaj Auto Limited has informed the Exchange about Credit Rating,,,Credit Rating,00:00:01,31032026105135,31-Mar-2026 10:51:36,255.50 KB,True,,,106575335,Automobiles - 2 And 3 Wheelers,INE917I01010,Bajaj Auto Limited,2026-03-31 10:51:35,BAJAJ-AUTO
27-Mar-2026 19:40:08,238.69 KB,https://nsearchives.nseindia.com/corporate/lkwalimbe_bajajauto_co_in_27032026193954_SE_-_Closure_of_Trading_Window.pdf,"Bajaj Auto Limited has informed the Exchange regarding the Trading Window closure pursuant to SEBI (Prohibition of Insider Trading) Regulations, 2015",,,Trading Window,00:00:00,27032026194008,27-Mar-2026 19:40:08,238.69 KB,True,,,106572375,Automobiles - 2 And 3 Wheelers,INE917I01010,Bajaj Auto Limited,2026-03-27 19:40:08,BAJAJ-AUTO
26-Mar-2026 12:41:30,1.03 MB,https://nsearchives.nseindia.com/corporate/lkwalimbe_bajajauto_co_in_26032026124122_SE_BMAG_PR_Annual_Report_Mar_26_Signed.pdf,"Bajaj Auto Limited has informed the Exchange regarding ad hoc announcement / press release issued by Bajaj Mobility AG (formerly PIERER Mobility AG), a step-down subsidiary of Bajaj Auto Limited titled: a. Bajaj Mobility AG confirms revenue and earnings for 2025 and publishes the annual report 2025. b. Bajaj Mobility AG annual financial report 2025 - Successful Turnaround Following an Intensive Year of Restructuring - Operational Stabilization and Record Motorsport Season.",,,Press Release,00:00:01,26032026124130,26-Mar-2026 12:41:31,1.03 MB,True,,,106569182,Automobiles - 2 And 3 Wheelers,INE917I01010,Bajaj Auto Limited,2026-03-26 12:41:30,BAJAJ-AUTO
18-Mar-2026 17:44:49,292.19 KB,https://nsearchives.nseindia.com/corporate/lkwalimbe_bajajauto_co_in_18032026174436_SE_-__ED_PS.pdf,"Bajaj Auto Limited has informed the Exchange regarding Outcome of Board Meeting held on March 18, 2026 -  Re-appointment of Whole-time Director of the Company.",,,Outcome of Board Meeting,00:00:01,18032026174449,18-Mar-2026 17:44:50,292.19 KB,True,,,106560467,Automobiles - 2 And 3 Wheelers,INE917I01010,Bajaj Auto Limited,2026-03-18 17:44:49,BAJAJ-AUTO
13-Mar-2026 14:35:22,757.97 KB,https://nsearchives.nseindia.com/corporate/lkwalimbe_bajajauto_co_in_13032026143445_SE_-_Special_Window.pdf,Bajaj Auto Limited has informed the Exchange about Copy of Newspaper Publication regarding the Notice of Special Window for Transfer and Dematerialisation of Physical Securities,,,Copy of Newspaper Publication,00:00:01,13032026143522,13-Mar-2026 14:35:23,757.97 KB,True,,,106556832,Automobiles - 2 And 3 Wheelers,INE917I01010,Bajaj Auto Limited,2026-03-13 14:35:22,BAJAJ-AUTO
07-Mar-2026 13:38:42,279.73 KB,https://nsearchives.nseindia.com/corporate/lkwalimbe_bajajauto_co_in_07032026133747_SE_-_BACL_Credit_Rating_07_March_2026.pdf,Bajaj Auto Limited has informed the Exchange about Credit Rating,,,Credit Rating,00:00:01,07032026133842,07-Mar-2026 13:38:43,279.73 KB,True,,,106552126,Automobiles - 2 And 3 Wheelers,INE917I01010,Bajaj Auto Limited,2026-03-07 13:38:42,BAJAJ-AUTO
06-Mar-2026 21:03:50,264.35 KB,https://nsearchives.nseindia.com/corporate/lkwalimbe_bajajauto_co_in_06032026210332_SE_Intimation_BV_Bank_Loan_Termination_Signed.pdf,"Bajaj Auto Limited has informed the Exchange about repayment of loans and resultant termination of loan agreements entered into by Bajaj Auto International Holdings BV, a wholly owned subsidiary of Bajaj Auto Limited.",,,Agreements,00:00:00,06032026210350,06-Mar-2026 21:03:50,264.35 KB,True,,,106551802,Automobiles - 2 And 3 Wheelers,INE917I01010,Bajaj Auto Limited,2026-03-06 21:03:50,BAJAJ-AUTO
05-Mar-2026 17:18:59,277.98 KB,https://nsearchives.nseindia.com/corporate/lkwalimbe_bajajauto_co_in_05032026171843_SE_Intimation_BV_KTM_Loan_5_March_2026_Signed.pdf,"Bajaj Auto Limited has informed the Exchange about termination of loan agreement entered into between Bajaj Auto International Holdings BV, a wholly owned subsidiary of Bajaj Auto Limited and KTM AG, a step-down subsidiary of Bajaj Auto Limited.",,,Agreements,00:00:01,05032026171859,05-Mar-2026 17:19:00,277.98 KB,True,,,106550535,Automobiles - 2 And 3 Wheelers,INE917I01010,Bajaj Auto Limited,2026-03-05 17:18:59,BAJAJ-AUTO
02-Mar-2026 08:56:30,210.60 KB,https://nsearchives.nseindia.com/corporate/lkwalimbe_bajajauto_co_in_02032026085616_Sales_Report_for_Feb_2026.pdf,"Bajaj Auto Limited has informed the Exchange regarding a press release dated March 02, 2026, titled ""Sales for the month of February 2026"".",,,Press Release,00:00:01,02032026085630,02-Mar-2026 08:56:31,210.60 KB,True,,,106547753,Automobiles - 2 And 3 Wheelers,INE917I01010,Bajaj Auto Limited,2026-03-02 08:56:30,BAJAJ-AUTO
27-Feb-2026 23:46:36,676.09 KB,https://nsearchives.nseindia.com/corporate/lkwalimbe_bajajauto_co_in_27022026234624_SE_Intimation_27_Feb_26_-_Signed.pdf,"Bajaj Auto Limited has informed the Exchange regarding a press release dated February 27, 2026, issued by Bajaj Mobility AG, a step-down subsidiary of Bajaj Auto Limited, titled: Its wholly-owned subsidiary, KTM AG, strengthened its financial base through a successful refinancing, setting a clear course for growth.",,,Press Release,00:00:01,27022026234636,27-Feb-2026 23:46:37,676.09 KB,True,,,106547100,Automobiles - 2 And 3 Wheelers,INE917I01010,Bajaj Auto Limited,2026-02-27 23:46:36,BAJAJ-AUTO
27-Feb-2026 23:39:06,676.09 KB,https://nsearchives.nseindia.com/corporate/lkwalimbe_bajajauto_co_in_27022026233853_SE_Intimation_27_Feb_26_-_Signed.pdf,"Bajaj Auto Limited has informed the Exchange about loan agreement entered into by KTM AG, a step-down subsidiary of Bajaj Auto Limited.",,,Agreements,00:00:01,27022026233906,27-Feb-2026 23:39:07,676.09 KB,True,,,106547099,Automobiles - 2 And 3 Wheelers,INE917I01010,Bajaj Auto Limited,2026-02-27 23:39:06,BAJAJ-AUTO
27-Feb-2026 10:27:22,295.22 KB,https://nsearchives.nseindia.com/corporate/lkwalimbe_bajajauto_co_in_27022026102654_SE_BMAG_KTM_AG_refinancing_loan_agreement_Signed.pdf,"Bajaj Auto Limited has informed the Exchange about ad-hoc announcement made by Bajaj Mobility AG (formerly PIERER Mobility AG), a step-down subsidiary of Bajaj Auto Limited titled - International banking consortium grants KTM AG a refinancing loan to strengthen its financial foundation.",,,General Updates,00:00:00,27022026102722,27-Feb-2026 10:27:22,295.22 KB,True,,,106546320,Automobiles - 2 And 3 Wheelers,INE917I01010,Bajaj Auto Limited,2026-02-27 10:27:22,BAJAJ-AUTO
26-Feb-2026 16:51:25,276.19 KB,https://nsearchives.nseindia.com/corporate/lkwalimbe_bajajauto_co_in_26022026165115_SE_-_ICICI_-_13_Mar_26.pdf,Bajaj Auto Limited has informed the Exchange about Schedule of meet,,,Analysts/Institutional Investor Meet/Con. Call Updates,00:00:01,26022026165125,26-Feb-2026 16:51:26,276.19 KB,True,,,106545629,Automobiles - 2 And 3 Wheelers,INE917I01010,Bajaj Auto Limited,2026-02-26 16:51:25,BAJAJ-AUTO
26-Feb-2026 16:50:13,276.18 KB,https://nsearchives.nseindia.com/corporate/lkwalimbe_bajajauto_co_in_26022026164938_SE_-_Investec_-_12_Mar_26.pdf,Bajaj Auto Limited has informed the Exchange about Schedule of meet,,,Analysts/Institutional Investor Meet/Con. Call Updates,00:00:01,26022026165013,26-Feb-2026 16:50:14,276.18 KB,True,,,106545627,Automobiles - 2 And 3 Wheelers,INE917I01010,Bajaj Auto Limited,2026-02-26 16:50:13,BAJAJ-AUTO
26-Feb-2026 10:55:05,187.59 KB,https://nsearchives.nseindia.com/corporate/lkwalimbe_bajajauto_co_in_26022026105438_Intimation_26_Feb_26.pdf,The Exchange has sought clarification from Bajaj Auto Limited with respect to recent news item captioned Bajaj Auto Partners with VDO.AI and Dentsu India to Drive High-Impact DCO-Led CTV Campaign for Triumph Motorcycles..  The response from the Company is attached.,,,News Verification,00:00:00,26022026105505,26-Feb-2026 10:55:05,187.59 KB,True,,,106545292,Automobiles - 2 And 3 Wheelers,INE917I01010,Bajaj Auto Limited,2026-02-26 10:55:05,BAJAJ-AUTO
25-Feb-2026 15:58:02,0 Bytes,-,The Exchange has sought clarification from Bajaj Auto Limited with respect to recent news item captioned Bajaj Auto Partners with VDO.AI and Dentsu India to Drive High-Impact DCO-Led CTV Campaign for Triumph Motorcycles..  The response from the Company is awaited.,,,News Verification,00:00:01,25022026155802,25-Feb-2026 15:58:03,0 Bytes,True,,,106544526,Automobiles - 2 And 3 Wheelers,INE917I01010,Bajaj Auto Limited,2026-02-25 15:58:02,BAJAJ-AUTO
09-Feb-2026 14:51:31,451.63 KB,https://nsearchives.nseindia.com/corporate/lkwalimbe_bajajauto_co_in_09022026145118_SE_-_Press_Release_Bajaj_Wego.pdf,"Bajaj Auto Limited has informed the Exchange regarding a press release dated February 09, 2026, titled ""Bajaj Auto Introduces WEGO P9018, the Largest Electric Three-Wheeler in the Industry, with India's Highest Range of 296 Kms in the Segment."".",,,Press Release,00:00:00,09022026145131,09-Feb-2026 14:51:31,451.63 KB,True,,,106526145,Automobiles - 2 And 3 Wheelers,INE917I01010,Bajaj Auto Limited,2026-02-09 14:51:31,BAJAJ-AUTO
06-Feb-2026 16:59:24,531.14 KB,https://nsearchives.nseindia.com/corporate/lkwalimbe_bajajauto_co_in_06022026165907_SE_-_Transcript_Q3_FY26.pdf,Bajaj Auto Limited has informed the Exchange about Transcript,,,Analysts/Institutional Investor Meet/Con. Call Updates,00:00:01,06022026165924,06-Feb-2026 16:59:25,531.14 KB,True,,,106523845,Automobiles - 2 And 3 Wheelers,INE917I01010,Bajaj Auto Limited,2026-02-06 16:59:24,BAJAJ-AUTO
04-Feb-2026 10:19:54,272.09 KB,https://nsearchives.nseindia.com/corporate/lkwalimbe_bajajauto_co_in_04022026101947_SE_-_CFO_E-mail.pdf,Bajaj Auto Limited has informed the Exchange about General Updates - Change in official e-mail ID of Chief Financial Officer of the Company.,,,General Updates,00:00:00,04022026101954,04-Feb-2026 10:19:54,272.09 KB,True,,,106518965,Automobiles - 2 And 3 Wheelers,INE917I01010,Bajaj Auto Limited,2026-02-04 10:19:54,BAJAJ-AUTO
03-Feb-2026 17:11:01,277.09 KB,https://nsearchives.nseindia.com/corporate/lkwalimbe_bajajauto_co_in_03022026171051_SE_-_Investec_India.pdf,Bajaj Auto Limited has informed the Exchange about Schedule of meet,,,Analysts/Institutional Investor Meet/Con. Call Updates,00:00:00,03022026171101,03-Feb-2026 17:11:01,277.09 KB,True,,,106517907,Automobiles - 2 And 3 Wheelers,INE917I01010,Bajaj Auto Limited,2026-02-03 17:11:01,BAJAJ-AUTO
03-Feb-2026 17:10:03,276.68 KB,https://nsearchives.nseindia.com/corporate/lkwalimbe_bajajauto_co_in_03022026170956_SE_-_IIFL.pdf,Bajaj Auto Limited has informed the Exchange about Schedule of meet,,,Analysts/Institutional Investor Meet/Con. Call Updates,00:00:01,03022026171003,03-Feb-2026 17:10:04,276.68 KB,True,,,106517905,Automobiles - 2 And 3 Wheelers,INE917I01010,Bajaj Auto Limited,2026-02-03 17:10:03,BAJAJ-AUTO
03-Feb-2026 17:09:18,276.21 KB,https://nsearchives.nseindia.com/corporate/lkwalimbe_bajajauto_co_in_03022026170910_SE_-_Kotak.pdf,Bajaj Auto Limited has informed the Exchange about Schedule of meet,,,Analysts/Institutional Investor Meet/Con. Call Updates,00:00:00,03022026170918,03-Feb-2026 17:09:18,276.21 KB,True,,,106517903,Automobiles - 2 And 3 Wheelers,INE917I01010,Bajaj Auto Limited,2026-02-03 17:09:18,BAJAJ-AUTO
03-Feb-2026 17:08:28,276.74 KB,https://nsearchives.nseindia.com/corporate/lkwalimbe_bajajauto_co_in_03022026170819_SE_-_Axis_Capital.pdf,Bajaj Auto Limited has informed the Exchange about Schedule of meet,,,Analysts/Institutional Investor Meet/Con. Call Updates,00:00:02,03022026170828,03-Feb-2026 17:08:30,276.74 KB,True,,,106517899,Automobiles - 2 And 3 Wheelers,INE917I01010,Bajaj Auto Limited,2026-02-03 17:08:28,BAJAJ-AUTO
03-Feb-2026 17:07:29,276.58 KB,https://nsearchives.nseindia.com/corporate/lkwalimbe_bajajauto_co_in_03022026170719_SE_-_Nuvama.pdf,Bajaj Auto Limited has informed the Exchange about Schedule of meet,,,Analysts/Institutional Investor Meet/Con. Call Updates,00:00:01,03022026170729,03-Feb-2026 17:07:30,276.58 KB,True,,,106517892,Automobiles - 2 And 3 Wheelers,INE917I01010,Bajaj Auto Limited,2026-02-03 17:07:29,BAJAJ-AUTO
03-Feb-2026 08:58:52,231.05 KB,https://nsearchives.nseindia.com/corporate/lkwalimbe_bajajauto_co_in_03022026085843_SE_-_Sales_Jan_26.pdf,"Bajaj Auto Limited has informed the Exchange regarding a press release dated February 03, 2026, titled ""Sales for the month of January 2026"".",,,Press Release,00:00:01,03022026085852,03-Feb-2026 08:58:53,231.05 KB,True,,,106516938,Automobiles - 2 And 3 Wheelers,INE917I01010,Bajaj Auto Limited,2026-02-03 08:58:52,BAJAJ-AUTO
30-Jan-2026 20:43:30,276.77 KB,https://nsearchives.nseindia.com/corporate/lkwalimbe_bajajauto_co_in_30012026204313_SE_-_Q3_FY26_Recording.pdf,Bajaj Auto Limited has informed the Exchange about Link of Recording,,,Analysts/Institutional Investor Meet/Con. Call Updates,00:00:01,30012026204330,30-Jan-2026 20:43:31,276.77 KB,True,,,106513932,Automobiles - 2 And 3 Wheelers,INE917I01010,Bajaj Auto Limited,2026-01-30 20:43:30,BAJAJ-AUTO
30-Jan-2026 17:46:21,173.78 KB,https://nsearchives.nseindia.com/corporate/lkwalimbe_bajajauto_co_in_30012026174614_SE_-_BACL_NCD_Listing.pdf,"Bajaj Auto Limited has informed the Exchange about Intimation regarding listing of Non-Convertible debentures by BACL, a WOS of BAL.",,,General Updates,00:00:01,30012026174621,30-Jan-2026 17:46:22,173.78 KB,True,,,106513498,Automobiles - 2 And 3 Wheelers,INE917I01010,Bajaj Auto Limited,2026-01-30 17:46:21,BAJAJ-AUTO
30-Jan-2026 17:26:02,294.32 KB,https://nsearchives.nseindia.com/corporate/lkwalimbe_bajajauto_co_in_30012026172549_SE_-_Clean_Max_Acq.pdf,Bajaj Auto Limited has informed the Exchange about Acquisition - Additional investment by Bajaj Auto Limited in Clean Max Godavari Private Limited for open access group captive power purchase arrangement.,,,Acquisition,00:00:01,30012026172602,30-Jan-2026 17:26:03,294.32 KB,True,,,106513446,Automobiles - 2 And 3 Wheelers,INE917I01010,Bajaj Auto Limited,2026-01-30 17:26:02,BAJAJ-AUTO
30-Jan-2026 16:32:58,8.33 MB,https://nsearchives.nseindia.com/corporate/lkwalimbe_bajajauto_co_in_30012026163245_SE_-_Outcome_-_BM_30_Jan_26.pdf,"Bajaj Auto Limited has informed the Exchange regarding  Board meeting held on January 30, 2026.",,,Outcome of Board Meeting,00:00:01,30012026163258,30-Jan-2026 16:32:59,8.33 MB,True,,,106513289,Automobiles - 2 And 3 Wheelers,INE917I01010,Bajaj Auto Limited,2026-01-30 16:32:58,BAJAJ-AUTO
30-Jan-2026 16:29:45,8.33 MB,https://nsearchives.nseindia.com/corporate/lkwalimbe_bajajauto_co_in_30012026162829_SE_-_Outcome_-_BM_30_Jan_26.pdf,"Bajaj Auto Limited has submitted to the Exchange, the financial results for the period ended December 31, 2025.",,,Outcome of Board Meeting,00:00:00,30012026162945,30-Jan-2026 16:29:45,8.33 MB,True,,,106513259,Automobiles - 2 And 3 Wheelers,INE917I01010,Bajaj Auto Limited,2026-01-30 16:29:45,BAJAJ-AUTO
29-Jan-2026 12:01:47,695.31 KB,https://nsearchives.nseindia.com/corporate/lkwalimbe_bajajauto_co_in_29012026120139_SE_BMAG_-_Preliminary_Results.pdf,"Bajaj Auto Limited has informed the Exchange about ad hoc announcement made by Bajaj Mobility AG (formerly PIERER Mobility AG), a step-down subsidiary of Bajaj Auto Limited titled - Preliminary unaudited figures 2025.",,,General Updates,00:00:01,29012026120147,29-Jan-2026 12:01:48,695.31 KB,True,,,106510924,Automobiles - 2 And 3 Wheelers,INE917I01010,Bajaj Auto Limited,2026-01-29 12:01:47,BAJAJ-AUTO
14-Jan-2026 15:07:39,474.71 KB,https://nsearchives.nseindia.com/corporate/lkwalimbe_bajajauto_co_in_14012026150728_SE_Intimation_-_Q3_Results_Call.pdf,Bajaj Auto Limited has informed the Exchange about Schedule of meet,,,Analysts/Institutional Investor Meet/Con. Call Updates,00:00:01,14012026150739,14-Jan-2026 15:07:40,474.71 KB,True,,,106497252,Automobiles - 2 And 3 Wheelers,INE917I01010,Bajaj Auto Limited,2026-01-14 15:07:39,BAJAJ-AUTO
14-Jan-2026 11:05:17,1.01 MB,https://nsearchives.nseindia.com/corporate/lkwalimbe_bajajauto_co_in_14012026110450_SE_-_BMAG_PR.pdf,"Bajaj Auto Limited has informed the Exchange regarding two press releases issued by Bajaj Mobility AG (formerly PIERER Mobility AG), a step-down subsidiary of Bajaj AutoLimited, titled: a) Continuation of consistent restructuring.b) Next steps in the restructuring as part of the efficiency program.",,,Press Release,00:00:01,14012026110517,14-Jan-2026 11:05:18,1.01 MB,True,,,106496993,Automobiles - 2 And 3 Wheelers,INE917I01010,Bajaj Auto Limited,2026-01-14 11:05:17,BAJAJ-AUTO
12-Jan-2026 16:31:08,779.91 KB,https://nsearchives.nseindia.com/corporate/lkwalimbe_bajajauto_co_in_12012026163057_SE_-_74_5__Dec_25.pdf,"Bajaj Auto Limited has informed the Exchange about Certificate under SEBI (Depositories and Participants) Regulations, 2018",,,"Certificate under SEBI (Depositories and Participants) Regulations, 2018",00:00:01,12012026163108,12-Jan-2026 16:31:09,779.91 KB,True,,,106494752,Automobiles - 2 And 3 Wheelers,INE917I01010,Bajaj Auto Limited,2026-01-12 16:31:08,BAJAJ-AUTO
02-Jan-2026 08:58:18,214.97 KB,https://nsearchives.nseindia.com/corporate/lkwalimbe_bajajauto_co_in_02012026085811_SE_-_Sales_Dec_25.pdf,"Bajaj Auto Limited has informed the Exchange regarding a press release dated January 02, 2026, titled ""Sales for the month of December 2025"".",,,Press Release,00:00:01,02012026085818,02-Jan-2026 08:58:19,214.97 KB,True,,,106485650,Automobiles - 2 And 3 Wheelers,INE917I01010,Bajaj Auto Limited,2026-01-02 08:58:18,BAJAJ-AUTO
29-Dec-2025 20:57:45,258.32 KB,https://nsearchives.nseindia.com/corporate/lkwalimbe_bajajauto_co_in_29122025205731_SE_-_Closure_of_Trading_Window.pdf,"Bajaj Auto Limited has informed the Exchange regarding the Trading Window closure pursuant to SEBI (Prohibition of Insider Trading) Regulations, 2015",,,Trading Window,00:00:01,29122025205745,29-Dec-2025 20:57:46,258.32 KB,True,,,106481725,Automobiles - 2 And 3 Wheelers,INE917I01010,Bajaj Auto Limited,2025-12-29 20:57:45,BAJAJ-AUTO
27-Dec-2025 15:03:08,282.44 KB,https://nsearchives.nseindia.com/corporate/lkwalimbe_bajajauto_co_in_27122025150259_SE_Intimation_-_GST_Order_-_26_Dec_25.pdf,Bajaj Auto Limited has informed the Exchange about Action(s) taken or orders passed,,,Action(s) taken or orders passed,00:00:01,27122025150308,27-Dec-2025 15:03:09,282.44 KB,True,,,106479742,Automobiles - 2 And 3 Wheelers,INE917I01010,Bajaj Auto Limited,2025-12-27 15:03:08,BAJAJ-AUTO
12-Dec-2025 15:58:08,248.60 KB,https://nsearchives.nseindia.com/corporate/lkwalimbe_bajajauto_co_in_12122025155756_SE_-_ESOP_Allotment_121225.pdf,Bajaj Auto Limited has informed the Exchange regarding Allotment of 240230  Shares.,,,ESOP/ESOS/ESPS,00:00:01,12122025155808,12-Dec-2025 15:58:09,248.60 KB,True,,,106467115,Automobiles - 2 And 3 Wheelers,INE917I01010,Bajaj Auto Limited,2025-12-12 15:58:08,BAJAJ-AUTO
10-Dec-2025 14:04:00,278.98 KB,https://nsearchives.nseindia.com/corporate/lkwalimbe_bajajauto_co_in_10122025140351_SE_Intimation_-_Customs_Order_-_10_Dec_25.pdf,Bajaj Auto Limited has informed the Exchange about Action(s) taken or orders passed,,,Action(s) taken or orders passed,00:00:00,10122025140400,10-Dec-2025 14:04:00,278.98 KB,True,,,106465033,Automobiles - 2 And 3 Wheelers,INE917I01010,Bajaj Auto Limited,2025-12-10 14:04:00,BAJAJ-AUTO
05-Dec-2025 23:06:50,244.00 KB,https://nsearchives.nseindia.com/corporate/lkwalimbe_bajajauto_co_in_05122025230629_SE.pdf,Bajaj Auto Limited has informed the Exchange about General Updates,,,General Updates,00:00:00,05122025230650,05-Dec-2025 23:06:50,244.00 KB,True,,,106462238,Automobiles - 2 And 3 Wheelers,INE917I01010,Bajaj Auto Limited,2025-12-05 23:06:50,BAJAJ-AUTO
03-Dec-2025 17:30:33,277.92 KB,https://nsearchives.nseindia.com/corporate/lkwalimbe_bajajauto_co_in_03122025173025_SE_Intimation_-_AM.pdf,Bajaj Auto Limited has informed the Exchange about change in Management - Update on intimation of Mr. Aditya Makharia,,,Change in Management,00:00:01,03122025173033,03-Dec-2025 17:30:34,277.92 KB,True,,,106460186,Automobiles - 2 And 3 Wheelers,INE917I01010,Bajaj Auto Limited,2025-12-03 17:30:33,BAJAJ-AUTO
02-Dec-2025 12:16:10,279.66 KB,https://nsearchives.nseindia.com/corporate/lkwalimbe_bajajauto_co_in_02122025121603_SE_Intimation_-_GST_Order_-_2_Dec_25.pdf,Bajaj Auto Limited has informed the Exchange about Action(s) taken or orders passed,,,Action(s) taken or orders passed,00:00:01,02122025121610,02-Dec-2025 12:16:11,279.66 KB,True,,,106459070,Automobiles - 2 And 3 Wheelers,INE917I01010,Bajaj Auto Limited,2025-12-02 12:16:10,BAJAJ-AUTO
02-Dec-2025 11:42:29,255.68 KB,https://nsearchives.nseindia.com/corporate/lkwalimbe_bajajauto_co_in_02122025114217_SE_-_BACL_NCD_Listing.pdf,"Bajaj Auto Limited has informed the Exchange about issuance, allotment and listing of Non-convertible Debentures by Bajaj Auto Credit Limited, a wholly owned subsidiary of Bajaj Auto Limited.",,,General Updates,00:00:01,02122025114229,02-Dec-2025 11:42:30,255.68 KB,True,,,106458940,Automobiles - 2 And 3 Wheelers,INE917I01010,Bajaj Auto Limited,2025-12-02 11:42:29,BAJAJ-AUTO
01-Dec-2025 08:59:52,209.95 KB,https://nsearchives.nseindia.com/corporate/lkwalimbe_bajajauto_co_in_01122025085941_SE_-_Sales_November_2025.pdf,"Bajaj Auto Limited has informed the Exchange regarding a press release dated December 01, 2025, titled ""Sales for the month of November 2025"".",,,Press Release,00:00:00,01122025085952,01-Dec-2025 08:59:52,209.95 KB,True,,,106457805,Automobiles - 2 And 3 Wheelers,INE917I01010,Bajaj Auto Limited,2025-12-01 08:59:52,BAJAJ-AUTO
26-Nov-2025 17:38:46,278.05 KB,https://nsearchives.nseindia.com/corporate/lkwalimbe_bajajauto_co_in_26112025173834_SE_-_BofA.pdf,Bajaj Auto Limited has informed the Exchange about Schedule of meet,,,Analysts/Institutional Investor Meet/Con. Call Updates,00:00:02,26112025173846,26-Nov-2025 17:38:48,278.05 KB,True,,,106455065,Automobiles - 2 And 3 Wheelers,INE917I01010,Bajaj Auto Limited,2025-11-26 17:38:46,BAJAJ-AUTO
26-Nov-2025 13:53:04,464.80 KB,https://nsearchives.nseindia.com/corporate/lkwalimbe_bajajauto_co_in_26112025135251_SE_-_Press_Release_Bajaj_Riki.pdf,"Bajaj Auto Limited has informed the Exchange regarding a press release dated November 26, 2025, titled ""Bajaj Auto Ltd Launches Riki, Extending Its Partnership With 3W Drivers, and Redefining the E-Rickshaw Segment"".",,,Press Release,00:00:01,26112025135304,26-Nov-2025 13:53:05,464.80 KB,True,,,106454887,Automobiles - 2 And 3 Wheelers,INE917I01010,Bajaj Auto Limited,2025-11-26 13:53:04,BAJAJ-AUTO
21-Nov-2025 12:30:15,907.75 KB,https://nsearchives.nseindia.com/corporate/lkwalimbe_bajajauto_co_in_21112025122951_SEBIintimation_.pdf,Bajaj Auto Limited has informed the Exchange about Newspaper Publication regarding Special window for re-lodgement of transfer deeds.,,,Copy of Newspaper Publication,00:00:01,21112025123015,21-Nov-2025 12:30:16,907.75 KB,True,,,106451783,Automobiles - 2 And 3 Wheelers,INE917I01010,Bajaj Auto Limited,2025-11-21 12:30:15,BAJAJ-AUTO
19-Nov-2025 09:05:52,186.36 KB,https://nsearchives.nseindia.com/corporate/lkwalimbe_bajajauto_co_in_19112025090542_SE_Intimation.pdf,Bajaj Auto Limited has informed the Exchange about Acquisition - Update,,,Acquisition,00:00:00,19112025090552,19-Nov-2025 09:05:52,186.36 KB,True,,,106449469,Automobiles - 2 And 3 Wheelers,INE917I01010,Bajaj Auto Limited,2025-11-19 09:05:52,BAJAJ-AUTO
18-Nov-2025 16:02:03,278.79 KB,https://nsearchives.nseindia.com/corporate/lkwalimbe_bajajauto_co_in_18112025160144_SE_-_BACL_CP_Redemption.pdf,"Bajaj Auto Limited has informed the Exchange about Redemption of Commercial Paper by Bajaj Auto Credit Limited, a wholly owned subsidiary of Bajaj Auto Limited.",,,General Updates,00:00:01,18112025160203,18-Nov-2025 16:02:04,278.79 KB,True,,,106448736,Automobiles - 2 And 3 Wheelers,INE917I01010,Bajaj Auto Limited,2025-11-18 16:02:03,BAJAJ-AUTO
14-Nov-2025 14:24:48,546.61 KB,https://nsearchives.nseindia.com/corporate/lkwalimbe_bajajauto_co_in_14112025142434_SE_-_Transcript_Q2_FY26.pdf,Bajaj Auto Limited has informed the Exchange about Transcript,,,Analysts/Institutional Investor Meet/Con. Call Updates,00:00:01,14112025142448,14-Nov-2025 14:24:49,546.61 KB,True,,,106444004,Automobiles - 2 And 3 Wheelers,INE917I01010,Bajaj Auto Limited,2025-11-14 14:24:48,BAJAJ-AUTO
10-Nov-2025 23:18:41,203.80 KB,https://nsearchives.nseindia.com/corporate/lkwalimbe_bajajauto_co_in_10112025231827_Final_SE_Intimation.pdf,Bajaj Auto Limited has informed the Exchange about Acquisition,,,Acquisition,00:00:01,10112025231841,10-Nov-2025 23:18:42,203.80 KB,True,,,106436234,Automobiles - 2 And 3 Wheelers,INE917I01010,Bajaj Auto Limited,2025-11-10 23:18:41,BAJAJ-AUTO
07-Nov-2025 20:36:40,268.49 KB,https://nsearchives.nseindia.com/corporate/lkwalimbe_bajajauto_co_in_07112025203618_Q2FY26recording.pdf,Bajaj Auto Limited has informed the Exchange about Link of Recording,,,Analysts/Institutional Investor Meet/Con. Call Updates,00:00:00,07112025203640,07-Nov-2025 20:36:40,268.49 KB,True,,,106432878,Automobiles - 2 And 3 Wheelers,INE917I01010,Bajaj Auto Limited,2025-11-07 20:36:40,BAJAJ-AUTO
07-Nov-2025 19:01:49,174.95 KB,https://nsearchives.nseindia.com/corporate/lkwalimbe_bajajauto_co_in_07112025190138_SE_Intimation_-_AM_-_Appointment_as_SMP.pdf,"Bajaj Auto Limited has informed the Exchange regarding Appointment of  Mr. Aditya Makharia as Chief Product Officer of the company w.e.f. January 01, 2026.",,,Appointment,00:00:01,07112025190149,07-Nov-2025 19:01:50,174.95 KB,True,,,106432672,Automobiles - 2 And 3 Wheelers,INE917I01010,Bajaj Auto Limited,2025-11-07 19:01:49,BAJAJ-AUTO
07-Nov-2025 18:58:45,181.58 KB,https://nsearchives.nseindia.com/corporate/lkwalimbe_bajajauto_co_in_07112025185656_SE_Intimation_-_VJ_-_Appointment_as_SMP.pdf,"Bajaj Auto Limited has informed the Exchange regarding Appointment of  Mr. Vijay Jerome as Chief Digital & Information Officer of the company w.e.f. November 07, 2025.",,,Appointment,00:00:01,07112025185845,07-Nov-2025 18:58:46,181.58 KB,True,,,106432660,Automobiles - 2 And 3 Wheelers,INE917I01010,Bajaj Auto Limited,2025-11-07 18:58:45,BAJAJ-AUTO
07-Nov-2025 17:07:31,9.74 MB,https://nsearchives.nseindia.com/corporate/lkwalimbe_bajajauto_co_in_07112025170705_SE_-_Outcome.pdf,"Bajaj Auto Limited has informed the Exchange regarding  Board meeting held on November 07, 2025.",,,Outcome of Board Meeting,00:00:01,07112025170731,07-Nov-2025 17:07:32,9.74 MB,True,,,106432201,Automobiles - 2 And 3 Wheelers,INE917I01010,Bajaj Auto Limited,2025-11-07 17:07:31,BAJAJ-AUTO
07-Nov-2025 17:03:28,9.74 MB,https://nsearchives.nseindia.com/corporate/lkwalimbe_bajajauto_co_in_07112025170145_SE_-_Outcome.pdf,"Bajaj Auto Limited has submitted to the Exchange, the financial results for the period ended September 30, 2025.",,,Outcome of Board Meeting,00:00:01,07112025170328,07-Nov-2025 17:03:29,9.74 MB,True,,,106432182,Automobiles - 2 And 3 Wheelers,INE917I01010,Bajaj Auto Limited,2025-11-07 17:03:28,BAJAJ-AUTO
06-Nov-2025 14:35:10,294.79 KB,https://nsearchives.nseindia.com/corporate/lkwalimbe_bajajauto_co_in_06112025143455_Final_-_SE_Intimation_-_Notice_for_exercise_of_call_option_06_Nov_25.pdf,"Bajaj Auto Limited has informed the Exchange about Acquisition - Update regarding issue of subsequent Notice of Call Exercise in respect of 24,000 shares of Pierer Bajaj AG by Bajaj Auto International Holdings BV, a wholly owned subsidiary of Bajaj Auto Limited",,,Acquisition,00:00:01,06112025143510,06-Nov-2025 14:35:11,294.79 KB,True,,,106429499,Automobiles - 2 And 3 Wheelers,INE917I01010,Bajaj Auto Limited,2025-11-06 14:35:10,BAJAJ-AUTO
03-Nov-2025 08:58:57,206.58 KB,https://nsearchives.nseindia.com/corporate/lkwalimbe_bajajauto_co_in_03112025085846_Monthly_sales_Oct2025.pdf,"Bajaj Auto Limited has informed the Exchange regarding a press release dated November 03, 2025, titled ""Sales for the month of October 2025"".",,,Press Release,00:00:00,03112025085857,03-Nov-2025 08:58:57,206.58 KB,True,,,106424000,Automobiles - 2 And 3 Wheelers,INE917I01010,Bajaj Auto Limited,2025-11-03 08:58:57,BAJAJ-AUTO
31-Oct-2025 16:43:09,274.95 KB,https://nsearchives.nseindia.com/corporate/lkwalimbe_bajajauto_co_in_31102025164259_SE_-_JM_19_Nov.pdf,Bajaj Auto Limited has informed the Exchange about Schedule of meet,,,Analysts/Institutional Investor Meet/Con. Call Updates,00:00:01,31102025164309,31-Oct-2025 16:43:10,274.95 KB,True,,,106422549,Automobiles - 2 And 3 Wheelers,INE917I01010,Bajaj Auto Limited,2025-10-31 16:43:09,BAJAJ-AUTO
31-Oct-2025 16:41:16,275.42 KB,https://nsearchives.nseindia.com/corporate/lkwalimbe_bajajauto_co_in_31102025164109_SE_-_CITIC_18_Nov.pdf,Bajaj Auto Limited has informed the Exchange about Schedule of meet,,,Analysts/Institutional Investor Meet/Con. Call Updates,00:00:01,31102025164116,31-Oct-2025 16:41:17,275.42 KB,True,,,106422544,Automobiles - 2 And 3 Wheelers,INE917I01010,Bajaj Auto Limited,2025-10-31 16:41:16,BAJAJ-AUTO
31-Oct-2025 16:40:06,275.04 KB,https://nsearchives.nseindia.com/corporate/lkwalimbe_bajajauto_co_in_31102025163947_SE_-_Anand_Rathi_12_Nov.pdf,Bajaj Auto Limited has informed the Exchange about Schedule of meet,,,Analysts/Institutional Investor Meet/Con. Call Updates,00:00:01,31102025164006,31-Oct-2025 16:40:07,275.04 KB,True,,,106422542,Automobiles - 2 And 3 Wheelers,INE917I01010,Bajaj Auto Limited,2025-10-31 16:40:06,BAJAJ-AUTO
31-Oct-2025 16:38:37,274.50 KB,https://nsearchives.nseindia.com/corporate/lkwalimbe_bajajauto_co_in_31102025163826_SE_-_ICICI_11_Nov.pdf,Bajaj Auto Limited has informed the Exchange about Schedule of meet,,,Analysts/Institutional Investor Meet/Con. Call Updates,00:00:01,31102025163837,31-Oct-2025 16:38:38,274.50 KB,True,,,106422538,Automobiles - 2 And 3 Wheelers,INE917I01010,Bajaj Auto Limited,2025-10-31 16:38:37,BAJAJ-AUTO
24-Oct-2025 14:08:26,249.98 KB,https://nsearchives.nseindia.com/corporate/lkwalimbe_bajajauto_co_in_24102025140814_Update_-_Takeover_Commission_Approval__002_.pdf,Bajaj Auto Limited has informed the Exchange about Acquisition - update,,,Acquisition,00:00:01,24102025140826,24-Oct-2025 14:08:27,249.98 KB,True,,,106415187,Automobiles - 2 And 3 Wheelers,INE917I01010,Bajaj Auto Limited,2025-10-24 14:08:26,BAJAJ-AUTO
17-Oct-2025 13:47:19,356.28 KB,https://nsearchives.nseindia.com/corporate/lkwalimbe_bajajauto_co_in_17102025134707_Analyst_Call_intimation.pdf,Bajaj Auto Limited has informed the Exchange about Schedule of meet,,,Analysts/Institutional Investor Meet/Con. Call Updates,00:00:01,17102025134719,17-Oct-2025 13:47:20,356.28 KB,True,,,106411023,Automobiles - 2 And 3 Wheelers,INE917I01010,Bajaj Auto Limited,2025-10-17 13:47:19,BAJAJ-AUTO
15-Oct-2025 12:20:45,409.38 KB,https://nsearchives.nseindia.com/corporate/lkwalimbe_bajajauto_co_in_15102025122030_FinalSE745.pdf,"Bajaj Auto Limited has informed the Exchange about Certificate under SEBI (Depositories and Participants) Regulations, 2018",,,"Certificate under SEBI (Depositories and Participants) Regulations, 2018",00:00:01,15102025122045,15-Oct-2025 12:20:46,409.38 KB,True,,,106408194,Automobiles - 2 And 3 Wheelers,INE917I01010,Bajaj Auto Limited,2025-10-15 12:20:45,BAJAJ-AUTO
07-Oct-2025 12:17:23,244.01 KB,https://nsearchives.nseindia.com/corporate/lkwalimbe_bajajauto_co_in_07102025121714_SE_Intimation_-_GST_Order_-_7_Oct_25.pdf,Bajaj Auto Limited has informed the Exchange about Action(s) taken or orders passed,,,Action(s) taken or orders passed,00:00:02,07102025121723,07-Oct-2025 12:17:25,244.01 KB,True,,,106399467,Automobiles - 2 And 3 Wheelers,INE917I01010,Bajaj Auto Limited,2025-10-07 12:17:23,BAJAJ-AUTO
01-Oct-2025 09:02:31,205.82 KB,https://nsearchives.nseindia.com/corporate/lkwalimbe_bajajauto_co_in_01102025090218_Sales_Report.pdf,"Bajaj Auto Limited has informed the Exchange regarding a press release dated October 01, 2025, titled ""Sales for the month of September 2025"".",,,Press Release,00:00:01,01102025090231,01-Oct-2025 09:02:32,205.82 KB,True,,,106394718,Automobiles - 2 And 3 Wheelers,INE917I01010,Bajaj Auto Limited,2025-10-01 09:02:31,BAJAJ-AUTO
30-Sep-2025 16:59:38,252.21 KB,https://nsearchives.nseindia.com/corporate/lkwalimbe_bajajauto_co_in_30092025165854_SE_-_Closure_of_Trading_Window.pdf,"Bajaj Auto Limited has informed the Exchange regarding the Trading Window closure pursuant to SEBI (Prohibition of Insider Trading) Regulations, 2015",,,Trading Window,00:00:01,30092025165938,30-Sep-2025 16:59:39,252.21 KB,True,,,106393380,Automobiles - 2 And 3 Wheelers,INE917I01010,Bajaj Auto Limited,2025-09-30 16:59:38,BAJAJ-AUTO
22-Sep-2025 12:17:15,294.99 KB,https://nsearchives.nseindia.com/corporate/lkwalimbe_bajajauto_co_in_22092025121702_BAL_GST_Pulsar.pdf,"Bajaj Auto Limited has informed the Exchange regarding a press release dated September 22, 2025, titled ""Press Release - Bajaj Pulsar Extends GST Benefits with Hattrick Festive Offer"".",,,Press Release,00:00:01,22092025121715,22-Sep-2025 12:17:16,294.99 KB,True,,,106379506,Automobiles - 2 And 3 Wheelers,INE917I01010,Bajaj Auto Limited,2025-09-22 12:17:15,BAJAJ-AUTO
18-Sep-2025 11:21:17,269.82 KB,https://nsearchives.nseindia.com/corporate/lkwalimbe_bajajauto_co_in_18092025112103_SE_-_USA_India.pdf,Bajaj Auto Limited has informed the Exchange about Schedule of meet,,,Analysts/Institutional Investor Meet/Con. Call Updates,00:00:01,18092025112117,18-Sep-2025 11:21:18,269.82 KB,True,,,106376711,Automobiles - 2 And 3 Wheelers,INE917I01010,Bajaj Auto Limited,2025-09-18 11:21:17,BAJAJ-AUTO
11-Sep-2025 11:19:10,248.13 KB,https://nsearchives.nseindia.com/corporate/lkwalimbe_bajajauto_co_in_11092025111859_SE_-_BACL_Credit_Rating_11_Sept_25.pdf,Bajaj Auto Limited has informed the Exchange about Credit Rating,,,Credit Rating,00:00:01,11092025111910,11-Sep-2025 11:19:11,248.13 KB,True,,,106370785,Automobiles - 2 And 3 Wheelers,INE917I01010,Bajaj Auto Limited,2025-09-11 11:19:10,BAJAJ-AUTO
10-Sep-2025 16:30:13,267.87 KB,https://nsearchives.nseindia.com/corporate/lkwalimbe_bajajauto_co_in_10092025163005_SE_-_InvCon_J_P_Morgan.pdf,Bajaj Auto Limited has informed the Exchange about Schedule of meet,,,Analysts/Institutional Investor Meet/Con. Call Updates,00:00:01,10092025163013,10-Sep-2025 16:30:14,267.87 KB,True,,,106370061,Automobiles - 2 And 3 Wheelers,INE917I01010,Bajaj Auto Limited,2025-09-10 16:30:13,BAJAJ-AUTO
10-Sep-2025 16:28:22,267.81 KB,https://nsearchives.nseindia.com/corporate/lkwalimbe_bajajauto_co_in_10092025162801_SE_-_InvCon_jefferies.pdf,Bajaj Auto Limited has informed the Exchange about Schedule of meet,,,Analysts/Institutional Investor Meet/Con. Call Updates,00:00:01,10092025162822,10-Sep-2025 16:28:23,267.81 KB,True,,,106370058,Automobiles - 2 And 3 Wheelers,INE917I01010,Bajaj Auto Limited,2025-09-10 16:28:22,BAJAJ-AUTO
09-Sep-2025 16:21:18,259.47 KB,https://nsearchives.nseindia.com/corporate/lkwalimbe_bajajauto_co_in_09092025162111_SE_-_BAL_GST_price_slash.pdf,"Bajaj Auto Limited has informed the Exchange regarding a press release dated September 09, 2025, titled ""Festive Cheer Arrives Early: Bajaj Auto To Pass on the Full GST Reduction Benefit to Customers."".",,,Press Release,00:00:01,09092025162118,09-Sep-2025 16:21:19,259.47 KB,True,,,106368979,Automobiles - 2 And 3 Wheelers,INE917I01010,Bajaj Auto Limited,2025-09-09 16:21:18,BAJAJ-AUTO
01-Sep-2025 09:01:56,201.74 KB,https://nsearchives.nseindia.com/corporate/lkwalimbe_bajajauto_co_in_01092025090045_ref.pdf,"Bajaj Auto Limited has informed the Exchange regarding a press release dated September 01, 2025, titled ""Sales for the month of August 2025"".",,,Press Release,00:00:01,01092025090156,01-Sep-2025 09:01:57,201.74 KB,True,,,106357728,Automobiles - 2 And 3 Wheelers,INE917I01010,Bajaj Auto Limited,2025-09-01 09:01:56,BAJAJ-AUTO
25-Aug-2025 14:14:11,164.64 KB,https://nsearchives.nseindia.com/corporate/lkwalimbe_bajajauto_co_in_25082025141358_SE_-_3rd_Sept.pdf,Bajaj Auto Limited has informed the Exchange about Schedule of meet,,,Analysts/Institutional Investor Meet/Con. Call Updates,00:00:01,25082025141411,25-Aug-2025 14:14:12,164.64 KB,True,,,106350753,Automobiles - 2 And 3 Wheelers,INE917I01010,Bajaj Auto Limited,2025-08-25 14:14:11,BAJAJ-AUTO
25-Aug-2025 14:06:27,164.60 KB,https://nsearchives.nseindia.com/corporate/lkwalimbe_bajajauto_co_in_25082025140553_SE_-_2nd_Sept.pdf,Bajaj Auto Limited has informed the Exchange about Schedule of meet,,,Analysts/Institutional Investor Meet/Con. Call Updates,00:00:01,25082025140627,25-Aug-2025 14:06:28,164.60 KB,True,,,106350737,Automobiles - 2 And 3 Wheelers,INE917I01010,Bajaj Auto Limited,2025-08-25 14:06:27,BAJAJ-AUTO
22-Aug-2025 18:19:33,240.92 KB,https://nsearchives.nseindia.com/corporate/lkwalimbe_bajajauto_co_in_22082025181923_SE_intimation_Press_Release_Chetak_Rare_Earth.pdf,"Bajaj Auto Limited has informed the Exchange regarding a press release dated August 21, 2025, titled ""Bajaj Auto Overcomes Global Magnet Supply Challenge - Chetak Deliveries Resume Ahead of Plan and the Festive Season."".",,,Press Release,00:00:01,22082025181933,22-Aug-2025 18:19:34,240.92 KB,True,,,106349350,Automobiles - 2 And 3 Wheelers,INE917I01010,Bajaj Auto Limited,2025-08-22 18:19:33,BAJAJ-AUTO
19-Aug-2025 17:09:54,248.75 KB,https://nsearchives.nseindia.com/corporate/lkwalimbe_bajajauto_co_in_19082025170934_SE_-_BACL_CP_Listing.pdf,"Bajaj Auto Limited has informed the Exchange about issue and allotment of Commercial Paper by Bajaj Auto Credit Limited, a wholly owned subsidiary of Bajaj Auto Limited",,,Issue of Securities,00:00:01,19082025170954,19-Aug-2025 17:09:55,248.75 KB,True,,,106345540,Automobiles - 2 And 3 Wheelers,INE917I01010,Bajaj Auto Limited,2025-08-19 17:09:54,BAJAJ-AUTO
18-Aug-2025 17:32:27,2.45 MB,https://nsearchives.nseindia.com/corporate/lkwalimbe_bajajauto_co_in_18082025173212_SEPBVR18AUG25.pdf,"Bajaj Auto Limited has submitted the Exchange a copy Srutinizers report of  Postal Ballot. Further, the company has informed the Exchange regarding voting results.",,,Shareholders meeting,00:00:01,18082025173227,18-Aug-2025 17:32:28,2.45 MB,True,,,106344354,Automobiles - 2 And 3 Wheelers,INE917I01010,Bajaj Auto Limited,2025-08-18 17:32:27,BAJAJ-AUTO
14-Aug-2025 16:53:38,166.74 KB,https://nsearchives.nseindia.com/corporate/lkwalimbe_bajajauto_co_in_14082025165327_SE_Intimation_-_GST_Order_14_Aug_25.pdf,Bajaj Auto Limited has informed the Exchange about Order passed,,,Action(s) taken or orders passed,00:00:01,14082025165338,14-Aug-2025 16:53:39,166.74 KB,True,,,106341784,Automobiles - 2 And 3 Wheelers,INE917I01010,Bajaj Auto Limited,2025-08-14 16:53:38,BAJAJ-AUTO
12-Aug-2025 17:34:45,453.15 KB,https://nsearchives.nseindia.com/corporate/lkwalimbe_bajajauto_co_in_12082025173418_Transcript.pdf,Bajaj Auto Limited has informed the Exchange about Transcript,,,Analysts/Institutional Investor Meet/Con. Call Updates,00:00:02,12082025173445,12-Aug-2025 17:34:47,453.15 KB,True,,,106336935,Automobiles - 2 And 3 Wheelers,INE917I01010,Bajaj Auto Limited,2025-08-12 17:34:45,BAJAJ-AUTO
07-Aug-2025 20:22:55,5.45 MB,https://nsearchives.nseindia.com/corporate/lkwalimbe_bajajauto_co_in_07082025202243_SEAGMVR2025.pdf,"Bajaj Auto Limited has submitted the Exchange a copy Srutinizers report of  Annual General Meeting held on August 06, 2025. Further, the company has informed the Exchange regarding voting results.",,,Shareholders meeting,00:00:01,07082025202255,07-Aug-2025 20:22:56,5.45 MB,True,,,106330820,Automobiles - 2 And 3 Wheelers,INE917I01010,Bajaj Auto Limited,2025-08-07 20:22:55,BAJAJ-AUTO
06-Aug-2025 20:34:27,260.50 KB,https://nsearchives.nseindia.com/corporate/lkwalimbe_bajajauto_co_in_06082025203417_SE_-_Credit_Rating_August_25.pdf,Bajaj Auto Limited has informed the Exchange about Credit Rating,,,Credit Rating,00:00:01,06082025203427,06-Aug-2025 20:34:28,260.50 KB,True,,,106328569,Automobiles - 2 And 3 Wheelers,INE917I01010,Bajaj Auto Limited,2025-08-06 20:34:27,BAJAJ-AUTO
06-Aug-2025 20:02:06,267.25 KB,https://nsearchives.nseindia.com/corporate/lkwalimbe_bajajauto_co_in_06082025200151_SE_-_Q1_FY26_Recording.pdf,Bajaj Auto Limited has informed the Exchange about Link of Recording,,,Analysts/Institutional Investor Meet/Con. Call Updates,00:00:00,06082025200206,06-Aug-2025 20:02:06,267.25 KB,True,,,106328510,Automobiles - 2 And 3 Wheelers,INE917I01010,Bajaj Auto Limited,2025-08-06 20:02:06,BAJAJ-AUTO
06-Aug-2025 19:24:04,177.34 KB,https://nsearchives.nseindia.com/corporate/lkwalimbe_bajajauto_co_in_06082025192345_BAL_AGM_Proceedings_6_Aug_2025.pdf,"Bajaj Auto Limited has informed the Exchange regarding Proceedings of Annual General Meeting held on August 06, 2025",,,Shareholders meeting,00:00:01,06082025192404,06-Aug-2025 19:24:05,177.34 KB,True,,,106328408,Automobiles - 2 And 3 Wheelers,INE917I01010,Bajaj Auto Limited,2025-08-06 19:24:04,BAJAJ-AUTO
06-Aug-2025 12:19:18,5.54 MB,https://nsearchives.nseindia.com/corporate/lkwalimbe_bajajauto_co_in_06082025121854_SE6AUG25.pdf,"Bajaj Auto Limited has informed the Exchange regarding  Board meeting held on August 06, 2025.",,,Outcome of Board Meeting,00:00:01,06082025121918,06-Aug-2025 12:19:19,5.54 MB,True,,,106327258,Automobiles - 2 And 3 Wheelers,INE917I01010,Bajaj Auto Limited,2025-08-06 12:19:18,BAJAJ-AUTO
06-Aug-2025 12:17:32,5.54 MB,https://nsearchives.nseindia.com/corporate/lkwalimbe_bajajauto_co_in_06082025121530_SE6AUG25.pdf,"Bajaj Auto Limited has submitted to the Exchange, the financial results for the period ended Jun 30, 2025.",,,Outcome of Board Meeting,00:00:01,06082025121732,06-Aug-2025 12:17:33,5.54 MB,True,,,106327254,Automobiles - 2 And 3 Wheelers,INE917I01010,Bajaj Auto Limited,2025-08-06 12:17:32,BAJAJ-AUTO
04-Aug-2025 18:17:27,267.84 KB,https://nsearchives.nseindia.com/corporate/lkwalimbe_bajajauto_co_in_04082025181711_SE_-_InvCon_EMKAY.pdf,Bajaj Auto Limited has informed the Exchange about Schedule of meet,,,Analysts/Institutional Investor Meet/Con. Call Updates,00:00:01,04082025181727,04-Aug-2025 18:17:28,267.84 KB,True,,,106324327,Automobiles - 2 And 3 Wheelers,INE917I01010,Bajaj Auto Limited,2025-08-04 18:17:27,BAJAJ-AUTO
04-Aug-2025 18:15:45,268.24 KB,https://nsearchives.nseindia.com/corporate/lkwalimbe_bajajauto_co_in_04082025181528_SE_-_InvCon_Nirmal.pdf,Bajaj Auto Limited has informed the Exchange about Schedule of meet,,,Analysts/Institutional Investor Meet/Con. Call Updates,00:00:01,04082025181545,04-Aug-2025 18:15:46,268.24 KB,True,,,106324325,Automobiles - 2 And 3 Wheelers,INE917I01010,Bajaj Auto Limited,2025-08-04 18:15:45,BAJAJ-AUTO
01-Aug-2025 09:00:31,217.90 KB,https://nsearchives.nseindia.com/corporate/lkwalimbe_bajajauto_co_in_01082025090018_Sales_Intimation_1_Aug_25.pdf,"Bajaj Auto Limited has informed the Exchange regarding a press release dated August 01, 2025, titled ""Sales for the month of July 2025."".",,,Press Release,00:00:01,01082025090031,01-Aug-2025 09:00:32,217.90 KB,True,,,106320488,Automobiles - 2 And 3 Wheelers,INE917I01010,Bajaj Auto Limited,2025-08-01 09:00:31,BAJAJ-AUTO
25-Jul-2025 14:39:45,395.91 KB,https://nsearchives.nseindia.com/corporate/lkwalimbe_bajajauto_co_in_25072025143341_SEBIintimation.pdf,Bajaj Auto Limited has informed the Exchange regarding 'Intimation of Special Window for re-lodgement of transfer requests of physical shares.'.,,,Updates,00:00:01,25072025143945,25-Jul-2025 14:39:46,395.91 KB,True,,,106311834,Automobiles - 2 And 3 Wheelers,INE917I01010,Bajaj Auto Limited,2025-07-25 14:39:45,BAJAJ-AUTO
18-Jul-2025 11:53:47,1.36 MB,https://nsearchives.nseindia.com/corporate/lkwalimbe_bajajauto_co_in_18072025115336_SE_Intimation_-_PB_Newspaper_Advt.pdf,Bajaj Auto Limited has informed the Exchange about Copy of Newspaper Publication - Postal Ballot,,,Copy of Newspaper Publication,00:00:01,18072025115347,18-Jul-2025 11:53:48,1.36 MB,True,,,106304080,Automobiles - 2 And 3 Wheelers,INE917I01010,Bajaj Auto Limited,2025-07-18 11:53:47,BAJAJ-AUTO
17-Jul-2025 23:06:15,269.36 KB,https://nsearchives.nseindia.com/corporate/lkwalimbe_bajajauto_co_in_17072025230607_SE_-_BACL_BM_17_July_2025.pdf,"Bajaj Auto Limited has informed the Exchange about General Updates - Regulation 30   Outcome of the Board Meeting of Bajaj Auto Credit Limited, a wholly owned subsidiary of Bajaj Auto Limited.",,,General Updates,00:00:02,17072025230615,17-Jul-2025 23:06:17,269.36 KB,False,,,106303692,Automobiles - 2 And 3 Wheelers,INE917I01010,Bajaj Auto Limited,2025-07-17 23:06:15,BAJAJ-AUTO
17-Jul-2025 21:09:47,929.13 KB,https://nsearchives.nseindia.com/corporate/lkwalimbe_bajajauto_co_in_17072025210939_SE_Intimation_-_Notice_of_Postal_Ballot.pdf,Bajaj Auto Limited has informed the Exchange regarding Notice of Postal Ballot (through remote e-voting),,,Shareholders meeting,00:00:01,17072025210947,17-Jul-2025 21:09:48,929.13 KB,False,,,106303464,Automobiles - 2 And 3 Wheelers,INE917I01010,Bajaj Auto Limited,2025-07-17 21:09:47,BAJAJ-AUTO
16-Jul-2025 17:33:22,247.87 KB,https://nsearchives.nseindia.com/corporate/lkwalimbe_bajajauto_co_in_16072025173254_SE_-_BACL_Credit_Rating_16_July_25.pdf,Bajaj Auto Limited has informed the Exchange about Credit Rating,,,Credit Rating,00:00:01,16072025173322,16-Jul-2025 17:33:23,247.87 KB,False,,,106301875,Automobiles - 2 And 3 Wheelers,INE917I01010,Bajaj Auto Limited,2025-07-16 17:33:22,BAJAJ-AUTO
15-Jul-2025 16:49:25,462.91 KB,https://nsearchives.nseindia.com/corporate/lkwalimbe_bajajauto_co_in_15072025164403_SE_Intimation_-_Earnings_Call_Q1_FY26.pdf,Bajaj Auto Limited has informed the Exchange about analysts / institutional investors meet to discuss the Company's Q1 FY26 results.,,,Analysts/Institutional Investor Meet/Con. Call Updates,00:00:01,15072025164925,15-Jul-2025 16:49:26,462.91 KB,False,,,106300477,Automobiles - 2 And 3 Wheelers,INE917I01010,Bajaj Auto Limited,2025-07-15 16:49:25,BAJAJ-AUTO
15-Jul-2025 10:44:47,913.24 KB,https://nsearchives.nseindia.com/corporate/lkwalimbe_bajajauto_co_in_15072025104412_BAL74_5.pdf,"Bajaj Auto Limited has informed the Exchange about Certificate under SEBI (Depositories and Participants) Regulations, 2018",,,"Certificate under SEBI (Depositories and Participants) Regulations, 2018",00:00:01,15072025104447,15-Jul-2025 10:44:48,913.24 KB,False,,,106299845,Automobiles - 2 And 3 Wheelers,INE917I01010,Bajaj Auto Limited,2025-07-15 10:44:47,BAJAJ-AUTO
13-Jul-2025 13:25:14,1.50 MB,https://nsearchives.nseindia.com/corporate/lkwalimbe_bajajauto_co_in_13072025132356_SEBIintimationnewspaper.pdf,Bajaj Auto Limited has informed the Exchange about the newspaper advertisement for Annual General Meeting,,,General Updates,00:00:00,13072025132514,13-Jul-2025 13:25:14,1.50 MB,False,,,106298244,Automobiles - 2 And 3 Wheelers,INE917I01010,Bajaj Auto Limited,2025-07-13 13:25:14,BAJAJ-AUTO
12-Jul-2025 19:53:52,5.48 MB,https://nsearchives.nseindia.com/corporate/lkwalimbe_bajajauto_co_in_12072025195331_AGM_to_be_held_on_06_Aug_25.pdf,"Bajaj Auto Limited has informed the Exchange regarding Notice of Annual General Meeting to be held on August 06, 2025",,,Shareholders meeting,00:00:01,12072025195352,12-Jul-2025 19:53:53,5.48 MB,False,,,106298161,Automobiles - 2 And 3 Wheelers,INE917I01010,Bajaj Auto Limited,2025-07-12 19:53:52,BAJAJ-AUTO
10-Jul-2025 17:07:02,251.32 KB,https://nsearchives.nseindia.com/corporate/lkwalimbe_bajajauto_co_in_10072025170639_SE_-_BACL_Credit_Rating_10_July_25.pdf,Bajaj Auto Limited has informed the Exchange about Credit Rating,,,Credit Rating,00:00:01,10072025170702,10-Jul-2025 17:07:03,251.32 KB,False,,,106295963,Automobiles - 2 And 3 Wheelers,INE917I01010,Bajaj Auto Limited,2025-07-10 17:07:02,BAJAJ-AUTO
08-Jul-2025 23:06:00,253.73 KB,https://nsearchives.nseindia.com/corporate/lkwalimbe_bajajauto_co_in_08072025230548_SE_-_BACL_CP_Listing.pdf,"Bajaj Auto Limited has informed the Exchange about issue and allotment of Commercial Paper by Bajaj Auto Credit Limited, a wholly owned subsidiary of Bajaj Auto Limited",,,Issue of Securities,00:00:02,08072025230600,08-Jul-2025 23:06:02,253.73 KB,False,,,106293795,Automobiles - 2 And 3 Wheelers,INE917I01010,Bajaj Auto Limited,2025-07-08 23:06:00,BAJAJ-AUTO
08-Jul-2025 15:19:53,251.48 KB,https://nsearchives.nseindia.com/corporate/lkwalimbe_bajajauto_co_in_08072025151941_SE_-_BACL_Credit_Rating_July_25.pdf,Bajaj Auto Limited has informed the Exchange about Credit Rating,,,Credit Rating,00:00:01,08072025151953,08-Jul-2025 15:19:54,251.48 KB,False,,,106293016,Automobiles - 2 And 3 Wheelers,INE917I01010,Bajaj Auto Limited,2025-07-08 15:19:53,BAJAJ-AUTO
01-Jul-2025 09:03:34,297.31 KB,https://nsearchives.nseindia.com/corporate/lkwalimbe_bajajauto_co_in_01072025090306_SE_-_Sales_June_2025.pdf,"Bajaj Auto Limited has informed the Exchange regarding a press release dated July 01, 2025, titled ""Sales for the month of June 2025"".",,,Press Release,00:00:00,01072025090334,01-Jul-2025 09:03:34,297.31 KB,False,,,106286101,Automobiles - 2 And 3 Wheelers,INE917I01010,Bajaj Auto Limited,2025-07-01 09:03:34,BAJAJ-AUTO
30-Jun-2025 16:58:35,251.28 KB,https://nsearchives.nseindia.com/corporate/lkwalimbe_bajajauto_co_in_30062025165829_SE_-_Closure_of_Trading_Window.pdf,"Bajaj Auto Limited has informed the Exchange regarding the Trading Window closure pursuant to SEBI (Prohibition of Insider Trading) Regulations, 2015",,,Trading Window,00:00:02,30062025165835,30-Jun-2025 16:58:37,251.28 KB,False,,,106285110,Automobiles - 2 And 3 Wheelers,INE917I01010,Bajaj Auto Limited,2025-06-30 16:58:35,BAJAJ-AUTO
24-Jun-2025 18:14:08,3.72 MB,https://nsearchives.nseindia.com/corporate/lkwalimbe_bajajauto_co_in_24062025181300_TDScommunication.pdf,Bajaj Auto Limited has informed the Exchange about communication sent to Shareholders regarding Tax Deduction at Source (TDS) on Dividend.,,,General Updates,00:00:01,24062025181408,24-Jun-2025 18:14:09,3.72 MB,False,,,106277079,Automobiles - 2 And 3 Wheelers,INE917I01010,Bajaj Auto Limited,2025-06-24 18:14:08,BAJAJ-AUTO
16-Jun-2025 15:04:23,254.28 KB,https://nsearchives.nseindia.com/corporate/lkwalimbe_bajajauto_co_in_16062025150357_Revised_ESOP_31_March_2025.pdf,Bajaj Auto Limited has informed the Exchange about General Updates,,,General Updates,00:00:01,16062025150423,16-Jun-2025 15:04:24,254.28 KB,False,,,106270054,Automobiles - 2 And 3 Wheelers,INE917I01010,Bajaj Auto Limited,2025-06-16 15:04:23,BAJAJ-AUTO
12-Jun-2025 15:07:01,280.16 KB,https://nsearchives.nseindia.com/corporate/lkwalimbe_bajajauto_co_in_12062025150652_Intimation_Ramtilak_Ananthan_12_June_25.pdf,Bajaj Auto Limited has informed the Exchange about change in Management,,,Change in Management,00:00:01,12062025150701,12-Jun-2025 15:07:02,280.16 KB,False,,,106267937,Automobiles - 2 And 3 Wheelers,INE917I01010,Bajaj Auto Limited,2025-06-12 15:07:01,BAJAJ-AUTO
10-Jun-2025 12:58:02,0 Bytes,-,"The Exchange has sought clarification from Bajaj Auto Limited for the quarter ended 31-Mar-2025 with respect to Regulation 33 of the SEBI (Listing Obligations and Disclosure Requirements) Regulations, 2015. On basis of above the Company is required to clarify the following: -1. The company has not submitted the Statement of Impact of Audit Qualifications in case of modified opinion(s) The response of the Company is awaited.",,,Clarification - Financial Results,00:00:01,10062025125802,10-Jun-2025 12:58:03,0 Bytes,False,,,106265979,Automobiles - 2 And 3 Wheelers,INE917I01010,Bajaj Auto Limited,2025-06-10 12:58:02,BAJAJ-AUTO
06-Jun-2025 12:29:42,268.24 KB,https://nsearchives.nseindia.com/corporate/lkwalimbe_bajajauto_co_in_06062025122933_SE_-_Credit_Rating_June_25.pdf,Bajaj Auto Limited has informed the Exchange about Credit Rating,,,Credit Rating,00:00:02,06062025122942,06-Jun-2025 12:29:44,268.24 KB,False,,,106263672,Automobiles - 2 And 3 Wheelers,INE917I01010,Bajaj Auto Limited,2025-06-06 12:29:42,BAJAJ-AUTO
05-Jun-2025 16:48:05,495.47 KB,https://nsearchives.nseindia.com/corporate/lkwalimbe_bajajauto_co_in_05062025164753_SE_-_Transcript_Q4_FY25.pdf,Bajaj Auto Limited has informed the Exchange about Transcript,,,Analysts/Institutional Investor Meet/Con. Call Updates,00:00:02,05062025164805,05-Jun-2025 16:48:07,495.47 KB,False,,,106262955,Automobiles - 2 And 3 Wheelers,INE917I01010,Bajaj Auto Limited,2025-06-05 16:48:05,BAJAJ-AUTO
04-Jun-2025 11:19:41,169.09 KB,https://nsearchives.nseindia.com/corporate/lkwalimbe_bajajauto_co_in_04062025111931_Intimation_04062025.pdf,"Bajaj Auto Limited has informed the Exchange about Acquisition - update regarding issue of Notice of Call Exercise in respect of 26,000 shares of Pierer Bajaj AG by Bajaj Auto International Holdings BV, a wholly owned subsidiary of Bajaj Auto Ltd.",,,Acquisition,00:00:02,04062025111941,04-Jun-2025 11:19:43,169.09 KB,False,,,106261620,Automobiles - 2 And 3 Wheelers,INE917I01010,Bajaj Auto Limited,2025-06-04 11:19:41,BAJAJ-AUTO
02-Jun-2025 09:03:50,146.51 KB,https://nsearchives.nseindia.com/corporate/lkwalimbe_bajajauto_co_in_02062025090335_BALSalesReportMay25.pdf,"Bajaj Auto Limited has informed the Exchange regarding a press release dated Jun 02, 2025, titled ""Sales for the month of May 2025"".",,,Press Release,00:00:00,02062025090350,02-Jun-2025 09:03:50,146.51 KB,False,,,106259392,Automobiles - 2 And 3 Wheelers,INE917I01010,Bajaj Auto Limited,2025-06-02 09:03:50,BAJAJ-AUTO
30-May-2025 15:55:56,822.48 KB,https://nsearchives.nseindia.com/corporate/lkwalimbe_bajajauto_co_in_30052025155317_SEintimationnonKYC.pdf,Bajaj Auto Limited has informed the Exchange about letters sent to physical shareholders,,,General Updates,00:00:01,30052025155556,30-May-2025 15:55:57,822.48 KB,False,,,106256746,Automobiles - 2 And 3 Wheelers,INE917I01010,Bajaj Auto Limited,2025-05-30 15:55:56,BAJAJ-AUTO
29-May-2025 21:36:27,268.58 KB,https://nsearchives.nseindia.com/corporate/lkwalimbe_bajajauto_co_in_29052025213608_Q4_FY25.pdf,Bajaj Auto Limited has informed the Exchange about Link of Recording,,,Analysts/Institutional Investor Meet/Con. Call Updates,00:00:01,29052025213627,29-May-2025 21:36:28,268.58 KB,False,,,106255539,Automobiles - 2 And 3 Wheelers,INE917I01010,Bajaj Auto Limited,2025-05-29 21:36:27,BAJAJ-AUTO
29-May-2025 21:20:08,187.55 KB,https://nsearchives.nseindia.com/corporate/lkwalimbe_bajajauto_co_in_29052025211946_SecretarialAuditorAppointment.pdf,Bajaj Auto Limited has informed the Exchange regarding Change in Auditors of the company.,,,Change in Auditors,00:00:01,29052025212008,29-May-2025 21:20:09,187.55 KB,False,,,106255497,Automobiles - 2 And 3 Wheelers,INE917I01010,Bajaj Auto Limited,2025-05-29 21:20:08,BAJAJ-AUTO
29-May-2025 20:30:22,339.22 KB,https://nsearchives.nseindia.com/corporate/lkwalimbe_bajajauto_co_in_29052025203014_UPSI_Code.pdf,Bajaj Auto Limited has informed the Exchange regarding 'Amendment to the  Code of Practices and Procedures for Fair Disclosure of Unpublished Price Sensitive Information'.,,,Updates,00:00:00,29052025203022,29-May-2025 20:30:22,339.22 KB,False,,,106255375,Automobiles - 2 And 3 Wheelers,INE917I01010,Bajaj Auto Limited,2025-05-29 20:30:22,BAJAJ-AUTO
29-May-2025 20:24:25,169.76 KB,https://nsearchives.nseindia.com/corporate/lkwalimbe_bajajauto_co_in_29052025202415_ESOP_31_March_2025.pdf,Bajaj Auto Limited has informed the Exchange about General Updates,,,General Updates,00:00:01,29052025202425,29-May-2025 20:24:26,169.76 KB,False,,,106255354,Automobiles - 2 And 3 Wheelers,INE917I01010,Bajaj Auto Limited,2025-05-29 20:24:25,BAJAJ-AUTO
29-May-2025 19:55:39,169.76 KB,https://nsearchives.nseindia.com/corporate/lkwalimbe_bajajauto_co_in_29052025195502_ESOP_31_March_2025.pdf,"Bajaj Auto Limited has informed the Exchange regarding Grant of options pursuant to Employee Stock Option Scheme, 2019",,,Updates,00:00:02,29052025195539,29-May-2025 19:55:41,169.76 KB,False,,,106255276,Automobiles - 2 And 3 Wheelers,INE917I01010,Bajaj Auto Limited,2025-05-29 19:55:39,BAJAJ-AUTO
29-May-2025 19:46:36,282.44 KB,https://nsearchives.nseindia.com/corporate/lkwalimbe_bajajauto_co_in_29052025194628_SE_Intimation_-_KZ_-_Appointment_as_SMP.pdf,Bajaj Auto Limited has informed the Exchange about change in Management - Senior Management Personnel.,,,Change in Management,00:00:01,29052025194636,29-May-2025 19:46:37,282.44 KB,False,,,106255248,Automobiles - 2 And 3 Wheelers,INE917I01010,Bajaj Auto Limited,2025-05-29 19:46:36,BAJAJ-AUTO
29-May-2025 19:27:09,169.27 KB,https://nsearchives.nseindia.com/corporate/lkwalimbe_bajajauto_co_in_29052025192651_Final_BAL-_Record_Date.pdf,Bajaj Auto Limited has informed the Exchange that Record date for the purpose of Dividend  is 20-Jun-2025.,,,Record Date,00:00:01,29052025192709,29-May-2025 19:27:10,169.27 KB,False,,,106255191,Automobiles - 2 And 3 Wheelers,INE917I01010,Bajaj Auto Limited,2025-05-29 19:27:09,BAJAJ-AUTO
29-May-2025 19:21:19,191.08 KB,https://nsearchives.nseindia.com/corporate/lkwalimbe_bajajauto_co_in_29052025192111_BAL_Cover_letter_29_May_2025.pdf,"Bajaj Auto Limited has informed the Exchange about Annual General Meeting of the Company to be held on Wednesday, 06 August 2025.",,,General Updates,00:00:01,29052025192119,29-May-2025 19:21:20,191.08 KB,False,,,106255167,Automobiles - 2 And 3 Wheelers,INE917I01010,Bajaj Auto Limited,2025-05-29 19:21:19,BAJAJ-AUTO
29-May-2025 18:54:41,191.08 KB,https://nsearchives.nseindia.com/corporate/lkwalimbe_bajajauto_co_in_29052025185431_BAL_Cover_letter_29_May_2025.pdf,"Bajaj Auto Limited has informed the Exchange that Board of Directors at its meeting held on May 29, 2025, recommended Final Dividend of 210 per equity share.",,,Dividend,00:00:01,29052025185441,29-May-2025 18:54:42,191.08 KB,False,,,106255047,Automobiles - 2 And 3 Wheelers,INE917I01010,Bajaj Auto Limited,2025-05-29 18:54:41,BAJAJ-AUTO
29-May-2025 18:02:41,15.14 MB,https://nsearchives.nseindia.com/corporate/lkwalimbe_bajajauto_co_in_29052025180144_Signed---Outcome_of_Board_Meeting_-_31_March_2025__002_.pdf,"Bajaj Auto Limited has submitted to the Exchange, the financial results for the period ended March 31, 2025.",,,Outcome of Board Meeting,00:00:01,29052025180241,29-May-2025 18:02:42,15.14 MB,False,,,106254812,Automobiles - 2 And 3 Wheelers,INE917I01010,Bajaj Auto Limited,2025-05-29 18:02:41,BAJAJ-AUTO
29-May-2025 18:00:46,15.14 MB,https://nsearchives.nseindia.com/corporate/lkwalimbe_bajajauto_co_in_29052025180016_Signed---Outcome_of_Board_Meeting_-_31_March_2025__002_.pdf,"Bajaj Auto Limited has informed the Exchange regarding  Board meeting held on May 29, 2025.",,,Outcome of Board Meeting,00:00:01,29052025180046,29-May-2025 18:00:47,15.14 MB,False,,,106254796,Automobiles - 2 And 3 Wheelers,INE917I01010,Bajaj Auto Limited,2025-05-29 18:00:46,BAJAJ-AUTO
23-May-2025 18:48:09,319.27 KB,https://nsearchives.nseindia.com/corporate/lkwalimbe_bajajauto_co_in_23052025184800_SE_Intimation_23_May_2025.pdf,"Bajaj Auto Limited has informed the Exchange about Acquisition - Intimation of Call Option Agreement entered into by Bajaj Auto International Holdings BV, a wholly owned subsidiary of Bajaj Auto Limited with Pierer Konzerngesellschaft mbH and Pierer Industrie AG",,,Acquisition,00:00:01,23052025184809,23-May-2025 18:48:10,319.27 KB,False,,,106246264,Automobiles - 2 And 3 Wheelers,INE917I01010,Bajaj Auto Limited,2025-05-23 18:48:09,BAJAJ-AUTO
22-May-2025 22:14:13,295.46 KB,https://nsearchives.nseindia.com/corporate/lkwalimbe_bajajauto_co_in_22052025221403_V3_SE_Intimation_Loan_Agreement_Final.pdf,"Bajaj Auto Limited has informed the Exchange about loan agreement entered into by Bajaj Auto International Holdings BV, a wholly owned subsidiary of Bajaj Auto Limited",,,Agreements,00:00:02,22052025221413,22-May-2025 22:14:15,295.46 KB,False,,,106244662,Automobiles - 2 And 3 Wheelers,INE917I01010,Bajaj Auto Limited,2025-05-22 22:14:13,BAJAJ-AUTO
22-May-2025 10:21:50,306.99 KB,https://nsearchives.nseindia.com/corporate/lkwalimbe_bajajauto_co_in_22052025102141_Receivable_Redemption_Agreement_Intimation.pdf,"Bajaj Auto Limited has informed the Exchange about agreement entered into by Bajaj Auto International Holdings BV, a wholly owned subsidiary of Bajaj Auto Limited",,,Agreements,00:00:01,22052025102150,22-May-2025 10:21:51,306.99 KB,False,,,106242975,Automobiles - 2 And 3 Wheelers,INE917I01010,Bajaj Auto Limited,2025-05-22 10:21:50,BAJAJ-AUTO
22-May-2025 10:13:37,323.53 KB,https://nsearchives.nseindia.com/corporate/lkwalimbe_bajajauto_co_in_22052025101327_SE_Intimation_-_22_May_2025.pdf,"Bajaj Auto Limited has informed the Exchange regarding a press release dated May 21, 2025, titled ""BAJAJ AUTO MAKES DECISIVE MOVE TO TAKE CHARGE OF REBUILDING KTM"".",,,Press Release,00:00:01,22052025101337,22-May-2025 10:13:38,323.53 KB,False,,,106242961,Automobiles - 2 And 3 Wheelers,INE917I01010,Bajaj Auto Limited,2025-05-22 10:13:37,BAJAJ-AUTO
22-May-2025 10:07:59,323.53 KB,https://nsearchives.nseindia.com/corporate/lkwalimbe_bajajauto_co_in_22052025100751_SE_Intimation_-_22_May_2025.pdf,"Bajaj Auto Limited has informed the Exchange about agreements entered into by Bajaj Auto International Holdings BV, a wholly owned subsidiary of Bajaj Auto Limited",,,Agreements,00:00:01,22052025100759,22-May-2025 10:08:00,323.53 KB,False,,,106242957,Automobiles - 2 And 3 Wheelers,INE917I01010,Bajaj Auto Limited,2025-05-22 10:07:59,BAJAJ-AUTO
20-May-2025 18:17:02,272.51 KB,https://nsearchives.nseindia.com/corporate/lkwalimbe_bajajauto_co_in_20052025181653_SE_Intimation_-_UKD_Penalty_matter.pdf,Bajaj Auto Limited has informed the Exchange about Action(s) taken or orders passed,,,Action(s) taken or orders passed,00:00:01,20052025181702,20-May-2025 18:17:03,272.51 KB,False,,,106240113,Automobiles - 2 And 3 Wheelers,INE917I01010,Bajaj Auto Limited,2025-05-20 18:17:02,BAJAJ-AUTO
19-May-2025 18:59:33,265.81 KB,https://nsearchives.nseindia.com/corporate/lkwalimbe_bajajauto_co_in_19052025185923_SE_Intimation_Final_19_May_25.pdf,Bajaj Auto Limited has informed the Exchange about Rumour Verification - Regulation 30(11),,,Rumour Verification - Regulation 30(11),00:00:01,19052025185933,19-May-2025 18:59:34,265.81 KB,False,,,106238372,Automobiles - 2 And 3 Wheelers,INE917I01010,Bajaj Auto Limited,2025-05-19 18:59:33,BAJAJ-AUTO
17-May-2025 17:30:53,1.20 MB,https://nsearchives.nseindia.com/corporate/lkwalimbe_bajajauto_co_in_17052025172935_SEBIintimation.pdf,Bajaj Auto Limited has informed the Exchange about Copy of Newspaper Publication,,,Copy of Newspaper Publication,00:00:01,17052025173053,17-May-2025 17:30:54,1.20 MB,False,,,106236806,Automobiles - 2 And 3 Wheelers,INE917I01010,Bajaj Auto Limited,2025-05-17 17:30:53,BAJAJ-AUTO
16-May-2025 23:15:10,,https://nsearchives.nseindia.com/corporate/lkwalimbe_bajajauto_co_in_16052025231500_SE_Intimation_Loan_Agreement.pdf,"Bajaj Auto Limited has informed the Exchange about loan agreement(s) entered into by Bajaj Auto International Holdings BV, a wholly owned subsidiary of Bajaj Auto Limited.",,,Agreements,00:00:00,16052025231510,16-May-2025 23:15:10,-,False,,,106236376,Automobiles - 2 And 3 Wheelers,INE917I01010,Bajaj Auto Limited,2025-05-16 23:15:10,BAJAJ-AUTO
15-May-2025 21:12:08,,https://nsearchives.nseindia.com/corporate/lkwalimbe_bajajauto_co_in_15052025211151_SE_Loan_15_May_25.pdf,"Bajaj Auto Limited has informed the Exchange about agreement pertaining to subscription by Bajaj Auto International Holdings BV, a wholly owned subsidiary of Bajaj Auto Limited to Convertible Bonds issued by Pierer Bajaj AG.",,,Agreements,00:00:00,15052025211208,15-May-2025 21:12:08,-,False,,,106234200,Automobiles - 2 And 3 Wheelers,INE917I01010,Bajaj Auto Limited,2025-05-15 21:12:08,BAJAJ-AUTO
15-May-2025 18:45:23,,https://nsearchives.nseindia.com/corporate/lkwalimbe_bajajauto_co_in_15052025184516_Draft_SE_Intimation_-_Equity_from_BAL_in_BAIH_BV.pdf,Bajaj Auto Limited has informed the Exchange about Acquisition,,,Acquisition,00:00:00,15052025184523,15-May-2025 18:45:23,-,False,,,106233804,Automobiles - 2 And 3 Wheelers,INE917I01010,Bajaj Auto Limited,2025-05-15 18:45:23,BAJAJ-AUTO
13-May-2025 12:06:23,,https://nsearchives.nseindia.com/corporate/lkwalimbe_bajajauto_co_in_13052025120552_SE_Intimation_-_Earnings_Call_Q4_FY25.pdf,Bajaj Auto Limited has informed the Exchange about Schedule of meet,,,Analysts/Institutional Investor Meet/Con. Call Updates,00:00:00,13052025120623,13-May-2025 12:06:23,-,False,,,106229224,Automobiles - 2 And 3 Wheelers,INE917I01010,Bajaj Auto Limited,2025-05-13 12:06:23,BAJAJ-AUTO
02-May-2025 16:15:13,,https://nsearchives.nseindia.com/corporate/lkwalimbe_bajajauto_co_in_02052025161453_SE_Intimation.pdf,"Bajaj Auto Limited has submitted the Exchange a copy Scrutinizers report of Postal Ballot. Further, the company has informed the Exchange regarding voting results.",,,Shareholders meeting,00:00:01,02052025161513,02-May-2025 16:15:14,-,False,,,106218431,Automobiles - 2 And 3 Wheelers,INE917I01010,Bajaj Auto Limited,2025-05-02 16:15:13,BAJAJ-AUTO
02-May-2025 09:00:38,,https://nsearchives.nseindia.com/corporate/lkwalimbe_bajajauto_co_in_02052025090031_SALESAPR2025.pdf,"Bajaj Auto Limited has informed the Exchange regarding a press release dated May 02, 2025, titled ""Sales for the month of April 2025"".",,,Press Release,00:00:00,02052025090038,02-May-2025 09:00:38,-,False,,,106217820,Automobiles - 2 And 3 Wheelers,INE917I01010,Bajaj Auto Limited,2025-05-02 09:00:38,BAJAJ-AUTO
15-Apr-2025 18:11:51,,https://nsearchives.nseindia.com/corporate/team_bbodade_15042025145357_BAJAJAUTO.pdf,"Niraj Bajaj has Submitted to the Exchange a copy of Disclosure under Regulation 31(4) of the Securities and Exchange Board of India (Substantial Acquisition of Shares and Takeovers) Regulations, 2011.",,,Disclosure under SEBI Takeover Regulations,00:00:00,15042025181151,15-Apr-2025 18:11:51,-,False,,,106202362,Automobiles - 2 And 3 Wheelers,INE917I01010,Bajaj Auto Limited,2025-04-15 18:11:51,BAJAJ-AUTO
09-Apr-2025 14:06:08,,https://nsearchives.nseindia.com/corporate/lkwalimbe_bajajauto_co_in_09042025140559_FinalSE745.pdf,"Bajaj Auto Limited has informed the Exchange about Certificate under SEBI (Depositories and Participants) Regulations, 2018",,,"Certificate under SEBI (Depositories and Participants) Regulations, 2018",00:00:01,09042025140608,09-Apr-2025 14:06:09,-,False,,,106198602,Automobiles - 2 And 3 Wheelers,INE917I01010,Bajaj Auto Limited,2025-04-09 14:06:08,BAJAJ-AUTO
03-Apr-2025 20:39:01,,https://nsearchives.nseindia.com/corporate/lkwalimbe_bajajauto_co_in_03042025203849_IntimationSubscriptiontoConvertibleBondsApril2025.pdf,"Bajaj Auto Limited has informed the Exchange about agreement pertaining to subscription by Bajaj Auto International Holdings BV, a wholly owned subsidiary of Bajaj Auto Limited to Convertible Bonds issued by Pierer Bajaj AG.",,,Agreements,00:00:01,03042025203901,03-Apr-2025 20:39:02,-,False,,,106193470,Automobiles - 2 And 3 Wheelers,INE917I01010,Bajaj Auto Limited,2025-04-03 20:39:01,BAJAJ-AUTO
03-Apr-2025 08:58:01,,https://nsearchives.nseindia.com/corporate/lkwalimbe_bajajauto_co_in_03042025085615_SE_-_SALESMAR2025.pdf,"Bajaj Auto Limited has informed the Exchange regarding a press release dated April 03, 2025, titled ""Sales for the month of March 2025"".",,,Press Release,00:00:01,03042025085801,03-Apr-2025 08:58:02,-,False,,,106192656,Automobiles - 2 And 3 Wheelers,INE917I01010,Bajaj Auto Limited,2025-04-03 08:58:01,BAJAJ-AUTO
31-Mar-2025 22:19:33,,https://nsearchives.nseindia.com/corporate/lkwalimbe_bajajauto_co_in_31032025221911_IntimationSubscriptiontoConvertibleBondsMarch2025Signed.pdf,"Bajaj Auto Limited has informed the Exchange about agreement pertaining to subscription by Bajaj Auto International Holdings BV, a wholly owned subsidiary of Bajaj Auto Limited to Convertible Bonds issued by Pierer Bajaj AG.",,,Agreements,00:00:01,31032025221933,31-Mar-2025 22:19:34,-,False,,,106190386,Automobiles - 2 And 3 Wheelers,INE917I01010,Bajaj Auto Limited,2025-03-31 22:19:33,BAJAJ-AUTO
29-Mar-2025 17:34:48,,https://nsearchives.nseindia.com/corporate/lkwalimbe_bajajauto_co_in_29032025173430_BALSELETTER-submission_of_newspaper_clipping.pdf,Bajaj Auto Limited has informed the Exchange about Copy of Newspaper Publication,,,Copy of Newspaper Publication,00:00:01,29032025173448,29-Mar-2025 17:34:49,-,False,,,106189049,Automobiles - 2 And 3 Wheelers,INE917I01010,Bajaj Auto Limited,2025-03-29 17:34:48,BAJAJ-AUTO
28-Mar-2025 14:03:55,,https://nsearchives.nseindia.com/corporate/lkwalimbe_bajajauto_co_in_28032025140345_PBINTIMATION.pdf,Bajaj Auto Limited has informed the Exchange regarding Notice of Postal Ballot,,,Shareholders meeting,00:00:01,28032025140355,28-Mar-2025 14:03:56,-,False,,,106187304,Automobiles - 2 And 3 Wheelers,INE917I01010,Bajaj Auto Limited,2025-03-28 14:03:55,BAJAJ-AUTO
28-Mar-2025 13:57:54,,https://nsearchives.nseindia.com/corporate/lkwalimbe_bajajauto_co_in_28032025135745_BM_CTW_INTIMATION.pdf,"Bajaj Auto Limited has informed the Exchange regarding the Trading Window closure pursuant to SEBI (Prohibition of Insider Trading) Regulations, 2015",,,Trading Window,00:00:01,28032025135754,28-Mar-2025 13:57:55,-,False,,,106187295,Automobiles - 2 And 3 Wheelers,INE917I01010,Bajaj Auto Limited,2025-03-28 13:57:54,BAJAJ-AUTO
18-Mar-2025 18:57:28,,https://nsearchives.nseindia.com/corporate/lkwalimbe_bajajauto_co_in_18032025185719_Final_Intimation_-_Additional_fund_infusion_BACL.pdf,Bajaj Auto Limited has informed the Exchange about Acquisition,,,Acquisition,00:00:01,18032025185728,18-Mar-2025 18:57:29,-,False,,,106174983,Automobiles - 2 And 3 Wheelers,INE917I01010,Bajaj Auto Limited,2025-03-18 18:57:28,BAJAJ-AUTO
18-Mar-2025 18:50:48,,https://nsearchives.nseindia.com/corporate/lkwalimbe_bajajauto_co_in_18032025185026_Intimation_Change_in_Directors.pdf,Bajaj Auto Limited has informed the Exchange regarding Change in Director(s) of the company.,,,Change in Director(s),00:00:01,18032025185048,18-Mar-2025 18:50:49,-,False,,,106174969,Automobiles - 2 And 3 Wheelers,INE917I01010,Bajaj Auto Limited,2025-03-18 18:50:48,BAJAJ-AUTO
03-Mar-2025 11:40:03,,https://nsearchives.nseindia.com/corporate/lkwalimbe_bajajauto_co_in_03032025113923_SE_InvestorCon_Intimation_7Mar.pdf,Bajaj Auto Limited has informed the Exchange about Schedule of meet to be held on 7 March 2025,,,Analysts/Institutional Investor Meet/Con. Call Updates,00:00:01,03032025114003,03-Mar-2025 11:40:04,-,False,,,106163914,Automobiles - 2 And 3 Wheelers,INE917I01010,Bajaj Auto Limited,2025-03-03 11:40:03,BAJAJ-AUTO
03-Mar-2025 09:01:37,,https://nsearchives.nseindia.com/corporate/lkwalimbe_bajajauto_co_in_03032025090127_SalesFeb25.pdf,"Bajaj Auto Limited has informed the Exchange regarding a press release dated March 03, 2025, titled ""Sales for the month of February 2025"".",,,Press Release,00:00:01,03032025090137,03-Mar-2025 09:01:38,-,False,,,106163709,Automobiles - 2 And 3 Wheelers,INE917I01010,Bajaj Auto Limited,2025-03-03 09:01:37,BAJAJ-AUTO
01-Mar-2025 23:02:03,,https://nsearchives.nseindia.com/corporate/lkwalimbe_bajajauto_co_in_01032025230151_SEIntimation01032025Final.pdf,Bajaj Auto Limited has informed the Exchange about Action(s) taken or orders passed,,,Action(s) taken or orders passed,00:00:01,01032025230203,01-Mar-2025 23:02:04,-,False,,,106163603,Automobiles - 2 And 3 Wheelers,INE917I01010,Bajaj Auto Limited,2025-03-01 23:02:03,BAJAJ-AUTO
28-Feb-2025 21:50:49,,https://nsearchives.nseindia.com/corporate/lkwalimbe_bajajauto_co_in_28022025214929_SEIntimation28Feb25.pdf,Bajaj Auto Limited has informed the Exchange about Action(s) taken or orders passed,,,Action(s) taken or orders passed,00:00:01,28022025215049,28-Feb-2025 21:50:50,-,False,,,106163041,Automobiles - 2 And 3 Wheelers,INE917I01010,Bajaj Auto Limited,2025-02-28 21:50:49,BAJAJ-AUTO
25-Feb-2025 16:07:56,,https://nsearchives.nseindia.com/corporate/lkwalimbe_bajajauto_co_in_25022025160748_GSTOrder24Feb25.pdf,Bajaj Auto Limited has informed the Exchange about Action(s) taken or orders passed,,,Action(s) taken or orders passed,00:00:01,25022025160756,25-Feb-2025 16:07:57,-,False,,,106160347,Automobiles - 2 And 3 Wheelers,INE917I01010,Bajaj Auto Limited,2025-02-25 16:07:56,BAJAJ-AUTO
24-Feb-2025 23:14:56,,https://nsearchives.nseindia.com/corporate/lkwalimbe_bajajauto_co_in_24022025231442_SEIntimation24Feb25.pdf,"Bajaj Auto Limited has informed the Exchange about agreement pertaining to a loan provided by Bajaj Auto International Holdings BV, a wholly owned subsidiary of Bajaj Auto Limited",,,Agreements,00:00:01,24022025231456,24-Feb-2025 23:14:57,-,False,,,106159744,Automobiles - 2 And 3 Wheelers,INE917I01010,Bajaj Auto Limited,2025-02-24 23:14:56,BAJAJ-AUTO
21-Feb-2025 15:34:10,,https://nsearchives.nseindia.com/corporate/lkwalimbe_bajajauto_co_in_21022025153400_Intimation.pdf,"Bajaj Auto Limited has informed the Exchange about additional investment in Bajaj Auto International Holdings BV, a wholly owned subsidiary",,,General Updates,00:00:00,21022025153410,21-Feb-2025 15:34:10,-,False,,,106158101,Automobiles - 2 And 3 Wheelers,INE917I01010,Bajaj Auto Limited,2025-02-21 15:34:10,BAJAJ-AUTO
19-Feb-2025 11:20:22,,https://nsearchives.nseindia.com/corporate/lkwalimbe_bajajauto_co_in_19022025112015_Intimation_Appt_of_GC_-_Final_HR.pdf,Bajaj Auto Limited has informed the Exchange about change in Management,,,Change in Management,00:00:01,19022025112022,19-Feb-2025 11:20:23,-,False,,,106156106,Automobiles - 2 And 3 Wheelers,INE917I01010,Bajaj Auto Limited,2025-02-19 11:20:22,BAJAJ-AUTO
18-Feb-2025 16:00:21,,https://nsearchives.nseindia.com/corporate/lkwalimbe_bajajauto_co_in_18022025160013_SE_InvestorCon_Intimation_24Feb.pdf,Bajaj Auto Limited has informed the Exchange about Schedule of meet,,,Analysts/Institutional Investor Meet/Con. Call Updates,00:00:01,18022025160021,18-Feb-2025 16:00:22,-,False,,,106155281,Automobiles - 2 And 3 Wheelers,INE917I01010,Bajaj Auto Limited,2025-02-18 16:00:21,BAJAJ-AUTO
17-Feb-2025 17:15:05,,https://nsearchives.nseindia.com/corporate/lkwalimbe_bajajauto_co_in_17022025171333_SE_InvestorCon_Intimation_25Feb.pdf,Bajaj Auto Limited has informed the Exchange about Schedule of meet,,,Analysts/Institutional Investor Meet/Con. Call Updates,00:00:01,17022025171505,17-Feb-2025 17:15:06,-,False,,,106154222,Automobiles - 2 And 3 Wheelers,INE917I01010,Bajaj Auto Limited,2025-02-17 17:15:05,BAJAJ-AUTO
04-Feb-2025 16:11:46,,https://nsearchives.nseindia.com/corporate/lkwalimbe_bajajauto_co_in_04022025161130_SETranscriptQ3FY25.pdf,Bajaj Auto Limited has informed the Exchange about Transcript,,,Analysts/Institutional Investor Meet/Con. Call Updates,00:00:01,04022025161146,04-Feb-2025 16:11:47,-,False,,,106136294,Automobiles - 2 And 3 Wheelers,INE917I01010,Bajaj Auto Limited,2025-02-04 16:11:46,BAJAJ-AUTO
03-Feb-2025 16:06:23,,https://nsearchives.nseindia.com/corporate/lkwalimbe_bajajauto_co_in_03022025160608_SE_InvestorCon_Intimation_17Feb.pdf,Bajaj Auto Limited has informed the Exchange about Schedule of meet,,,Analysts/Institutional Investor Meet/Con. Call Updates,00:00:01,03022025160623,03-Feb-2025 16:06:24,-,False,,,106134502,Automobiles - 2 And 3 Wheelers,INE917I01010,Bajaj Auto Limited,2025-02-03 16:06:23,BAJAJ-AUTO
03-Feb-2025 16:04:29,,https://nsearchives.nseindia.com/corporate/lkwalimbe_bajajauto_co_in_03022025160408_SE_InvestorCon_Intimation_14Feb.pdf,Bajaj Auto Limited has informed the Exchange about Schedule of meet,,,Analysts/Institutional Investor Meet/Con. Call Updates,00:00:01,03022025160429,03-Feb-2025 16:04:30,-,False,,,106134496,Automobiles - 2 And 3 Wheelers,INE917I01010,Bajaj Auto Limited,2025-02-03 16:04:29,BAJAJ-AUTO
03-Feb-2025 16:02:58,,https://nsearchives.nseindia.com/corporate/lkwalimbe_bajajauto_co_in_03022025160229_SE_InvestorCon_Intimation2_11Feb.pdf,Bajaj Auto Limited has informed the Exchange about Schedule of meet,,,Analysts/Institutional Investor Meet/Con. Call Updates,00:00:00,03022025160258,03-Feb-2025 16:02:58,-,False,,,106134492,Automobiles - 2 And 3 Wheelers,INE917I01010,Bajaj Auto Limited,2025-02-03 16:02:58,BAJAJ-AUTO
03-Feb-2025 16:00:47,,https://nsearchives.nseindia.com/corporate/lkwalimbe_bajajauto_co_in_03022025160037_SE_InvestorCon_Intimation_11Feb.pdf,Bajaj Auto Limited has informed the Exchange about Schedule of meet,,,Analysts/Institutional Investor Meet/Con. Call Updates,00:00:01,03022025160047,03-Feb-2025 16:00:48,-,False,,,106134485,Automobiles - 2 And 3 Wheelers,INE917I01010,Bajaj Auto Limited,2025-02-03 16:00:47,BAJAJ-AUTO
03-Feb-2025 09:05:46,,https://nsearchives.nseindia.com/corporate/lkwalimbe_bajajauto_co_in_03022025090536_PresseleaseJan_25.pdf,"Bajaj Auto Limited has informed the Exchange regarding a press release dated February 03, 2025, titled ""Sales for the month of January 2025"".",,,Press Release,00:00:01,03022025090546,03-Feb-2025 09:05:47,-,False,,,106133860,Automobiles - 2 And 3 Wheelers,INE917I01010,Bajaj Auto Limited,2025-02-03 09:05:46,BAJAJ-AUTO
31-Jan-2025 14:13:32,,https://nsearchives.nseindia.com/corporate/lkwalimbe_bajajauto_co_in_31012025141320_SE_Intimation_-_GST_Order_-_30_Jan_25__MEIS_.pdf,Bajaj Auto Limited has informed the Exchange about Action(s) taken or orders passed,,,Action(s) taken or orders passed,00:00:00,31012025141332,31-Jan-2025 14:13:32,-,False,,,106131796,Automobiles - 2 And 3 Wheelers,INE917I01010,Bajaj Auto Limited,2025-01-31 14:13:32,BAJAJ-AUTO
31-Jan-2025 11:21:08,,https://nsearchives.nseindia.com/corporate/lkwalimbe_bajajauto_co_in_31012025112054_Order30Jan25.pdf,Bajaj Auto Limited has informed the Exchange about Action(s) taken or orders passed,,,Action(s) taken or orders passed,00:00:01,31012025112108,31-Jan-2025 11:21:09,-,False,,,106131552,Automobiles - 2 And 3 Wheelers,INE917I01010,Bajaj Auto Limited,2025-01-31 11:21:08,BAJAJ-AUTO
28-Jan-2025 21:40:26,,https://nsearchives.nseindia.com/corporate/lkwalimbe_bajajauto_co_in_28012025214006_Q3FY25.pdf,Bajaj Auto Limited has informed the Exchange about Link of Recording,,,Analysts/Institutional Investor Meet/Con. Call Updates,00:00:01,28012025214026,28-Jan-2025 21:40:27,-,False,,,106127769,Automobiles - 2 And 3 Wheelers,INE917I01010,Bajaj Auto Limited,2025-01-28 21:40:26,BAJAJ-AUTO
28-Jan-2025 18:31:56,,https://nsearchives.nseindia.com/corporate/lkwalimbe_bajajauto_co_in_28012025183145_Integrated_FR.pdf,Integrated Filing (Financial) for the third quarter and nine months ended 31 December 2024.,,,Integrated Filing- Financial,00:00:01,28012025183156,28-Jan-2025 18:31:57,-,False,,,106127508,Automobiles - 2 And 3 Wheelers,INE917I01010,Bajaj Auto Limited,2025-01-28 18:31:56,BAJAJ-AUTO
28-Jan-2025 17:52:47,,https://nsearchives.nseindia.com/corporate/lkwalimbe_bajajauto_co_in_28012025175142_OUTCOME_UFR.pdf,"Bajaj Auto Limited has informed the Exchange regarding  Board meeting held on January 28, 2025 to consider unaudited financial results for the third quarter and nine months ended 31 December 2024.",,,Outcome of Board Meeting,00:00:01,28012025175247,28-Jan-2025 17:52:48,-,False,,,106127397,Automobiles - 2 And 3 Wheelers,INE917I01010,Bajaj Auto Limited,2025-01-28 17:52:47,BAJAJ-AUTO
28-Jan-2025 17:50:49,,https://nsearchives.nseindia.com/corporate/OUTCOME_UFR_28012025175049.pdf," Bajaj Auto Limited has submitted to the Exchange, the financial results for the period ended December 31, 2024.",,,Financial Result Updates,00:00:00,28012025175049,28-Jan-2025 17:50:49,-,False,,,168715,Automobiles - 2 And 3 Wheelers,INE917I01010,Bajaj Auto Limited,2025-01-28 17:50:49,BAJAJ-AUTO
21-Jan-2025 16:17:06,,https://nsearchives.nseindia.com/corporate/lkwalimbe_bajajauto_co_in_21012025161650_SE_Intimation_-_GST_Order_-_21_Jan_25.pdf,Bajaj Auto Limited has informed the Exchange about Action(s) taken or orders passed,,,Action(s) taken or orders passed,00:00:01,21012025161706,21-Jan-2025 16:17:07,-,False,,,106120089,Automobiles - 2 And 3 Wheelers,INE917I01010,Bajaj Auto Limited,2025-01-21 16:17:06,BAJAJ-AUTO
10-Jan-2025 17:09:18,,https://nsearchives.nseindia.com/corporate/lkwalimbe_bajajauto_co_in_10012025170906_FinalSE745.pdf,"Bajaj Auto Limited has informed the Exchange about Certificate under SEBI (Depositories and Participants) Regulations, 2018",,,"Certificate under SEBI (Depositories and Participants) Regulations, 2018",00:00:01,10012025170918,10-Jan-2025 17:09:19,-,False,,,106110827,Automobiles - 2 And 3 Wheelers,INE917I01010,Bajaj Auto Limited,2025-01-10 17:09:18,BAJAJ-AUTO
10-Jan-2025 17:01:35,,https://nsearchives.nseindia.com/corporate/lkwalimbe_bajajauto_co_in_10012025170117_SE_Intimation_-_Earnings_Call_Q3FY25.pdf,Bajaj Auto Limited has informed the Exchange about Schedule of meet,,,Analysts/Institutional Investor Meet/Con. Call Updates,00:00:01,10012025170135,10-Jan-2025 17:01:36,-,False,,,106110801,Automobiles - 2 And 3 Wheelers,INE917I01010,Bajaj Auto Limited,2025-01-10 17:01:35,BAJAJ-AUTO
10-Jan-2025 12:24:02,,https://nsearchives.nseindia.com/corporate/lkwalimbe_bajajauto_co_in_10012025122346_SEIntimationGSTOrder100125.pdf,Bajaj Auto Limited has informed the Exchange about Action(s) taken or orders passed,,,Action(s) taken or orders passed,00:00:00,10012025122402,10-Jan-2025 12:24:02,-,False,,,106110473,Automobiles - 2 And 3 Wheelers,INE917I01010,Bajaj Auto Limited,2025-01-10 12:24:02,BAJAJ-AUTO
01-Jan-2025 09:02:05,,https://nsearchives.nseindia.com/corporate/lkwalimbe_bajajauto_co_in_01012025090155_1PRESS_RELEASE_DEC_2024.pdf,"Bajaj Auto Limited has informed the Exchange regarding a press release dated January 01, 2025, titled ""Sales for the month of Dec 2024"".",,,Press Release,00:00:01,01012025090205,01-Jan-2025 09:02:06,-,False,,,106101634,Automobiles - 2 And 3 Wheelers,INE917I01010,Bajaj Auto Limited,2025-01-01 09:02:05,BAJAJ-AUTO
30-Dec-2024 15:19:43,,https://nsearchives.nseindia.com/corporate/lkwalimbe_bajajauto_co_in_30122024151910_CTW.pdf,"Bajaj Auto Limited has informed the Exchange regarding the Trading Window closure pursuant to SEBI (Prohibition of Insider Trading) Regulations, 2015",,,Trading Window,00:00:00,30122024151943,30-Dec-2024 15:19:43,-,False,,,106099194,Automobiles - 2 And 3 Wheelers,INE917I01010,Bajaj Auto Limited,2024-12-30 15:19:43,BAJAJ-AUTO
05-Dec-2024 08:31:44,,https://nsearchives.nseindia.com/corporate/BAJAJ-AUTO_05122024083144_Intimation.pdf,Bajaj Auto Limited has informed the Exchange regarding 'Clarification on recent brokerage report'.,,,Updates,00:00:01,05122024083144,05-Dec-2024 08:31:45,-,False,,,106077469,Automobiles - 2 And 3 Wheelers,INE917I01010,Bajaj Auto Limited,2024-12-05 08:31:44,BAJAJ-AUTO
02-Dec-2024 09:00:50,,https://nsearchives.nseindia.com/corporate/BAJAJ-AUTO_02122024090051_SalesNov2024.pdf,"Bajaj Auto Limited has informed the Exchange regarding a press release dated December 02, 2024, titled ""Sales for the month of November 2024"".",,,Press Release,00:00:01,02122024090050,02-Dec-2024 09:00:51,-,False,,,106074256,Automobiles - 2 And 3 Wheelers,INE917I01010,Bajaj Auto Limited,2024-12-02 09:00:50,BAJAJ-AUTO
20-Nov-2024 17:28:12,,https://nsearchives.nseindia.com/corporate/BAJAJ-AUTO_20112024172812_SEIntimation.pdf,Bajaj Auto Limited has informed the Exchange about Action(s) taken or orders passed,,,Action(s) taken or orders passed,00:00:01,20112024172812,20-Nov-2024 17:28:13,-,False,,,106065406,Automobiles - 2 And 3 Wheelers,INE917I01010,Bajaj Auto Limited,2024-11-20 17:28:12,BAJAJ-AUTO
13-Nov-2024 11:34:02,,https://nsearchives.nseindia.com/corporate/BAJAJ-AUTO_13112024113402_SE_InvestorCon_Intimation_21Nov.pdf,Bajaj Auto Limited has informed the Exchange about Schedule of meet,,,Analysts/Institutional Investor Meet/Con. Call Updates,00:00:00,13112024113402,13-Nov-2024 11:34:02,-,False,,,106056553,Automobiles - 2 And 3 Wheelers,INE917I01010,Bajaj Auto Limited,2024-11-13 11:34:02,BAJAJ-AUTO
04-Nov-2024 09:06:47,,https://nsearchives.nseindia.com/corporate/BAJAJ-AUTO_04112024090647_SALESOCT2024.pdf,"Bajaj Auto Limited has informed the Exchange regarding a press release dated November 04, 2024, titled ""Sales for the month of October, 2024."".",,,Press Release,00:00:01,04112024090647,04-Nov-2024 09:06:48,-,False,,,106043084,Automobiles - 2 And 3 Wheelers,INE917I01010,Bajaj Auto Limited,2024-11-04 09:06:47,BAJAJ-AUTO
23-Oct-2024 11:19:44,,https://nsearchives.nseindia.com/corporate/BAJAJ-AUTO_23102024111945_TranscriptQ2FY25.pdf,Bajaj Auto Limited has informed the Exchange about Transcript,,,Analysts/Institutional Investor Meet/Con. Call Updates,00:00:01,23102024111944,23-Oct-2024 11:19:45,-,False,,,106031472,Automobiles - 2 And 3 Wheelers,INE917I01010,Bajaj Auto Limited,2024-10-23 11:19:44,BAJAJ-AUTO
17-Oct-2024 11:27:50,,https://nsearchives.nseindia.com/corporate/BAJAJ-AUTO_17102024112750_SEBIintimationBN.pdf,Bajaj Auto Limited has informed the Exchange about Loss of Share Certificates under Folio No. BN 0000186,,,Loss of Share Certificates,00:00:00,17102024112750,17-Oct-2024 11:27:50,-,False,,,106025393,Automobiles - 2 And 3 Wheelers,INE917I01010,Bajaj Auto Limited,2024-10-17 11:27:50,BAJAJ-AUTO
17-Oct-2024 11:27:50,,https://nsearchives.nseindia.com/corporate/BAJAJ-AUTO_17102024112750_SEBIintimationBN.pdf,Bajaj Auto Limited has informed the Exchange about Loss of Share Certificates under Folio BN 0000084,,,Loss of Share Certificates,00:00:01,17102024112750,17-Oct-2024 11:27:51,-,False,,,106025394,Automobiles - 2 And 3 Wheelers,INE917I01010,Bajaj Auto Limited,2024-10-17 11:27:50,BAJAJ-AUTO
16-Oct-2024 21:00:28,,https://nsearchives.nseindia.com/corporate/BAJAJ-AUTO_16102024210028_Q2FY25Recording.pdf,Bajaj Auto Limited has informed the Exchange about Link of Recording,,,Analysts/Institutional Investor Meet/Con. Call Updates,00:00:01,16102024210028,16-Oct-2024 21:00:29,-,False,,,106024879,Automobiles - 2 And 3 Wheelers,INE917I01010,Bajaj Auto Limited,2024-10-16 21:00:28,BAJAJ-AUTO
16-Oct-2024 16:43:35,,https://nsearchives.nseindia.com/corporate/BAJAJ-AUTO_16102024164335_IntimationBrazilcapitalinfusion16October_2024.pdf,Bajaj Auto Limited has informed the Exchange about Acquisition,,,Acquisition,00:00:01,16102024164335,16-Oct-2024 16:43:36,-,False,,,106024485,Automobiles - 2 And 3 Wheelers,INE917I01010,Bajaj Auto Limited,2024-10-16 16:43:35,BAJAJ-AUTO
16-Oct-2024 16:30:07,,https://nsearchives.nseindia.com/corporate/BAJAJ-AUTO_16102024163007_OutcomeUFR.pdf,"Bajaj Auto Limited has informed the Exchange regarding  Board meeting held on October 16, 2024 to consider the unaudited financial results for the second quarter and half year ended 30 September 2024.",,,Outcome of Board Meeting,00:00:00,16102024163007,16-Oct-2024 16:30:07,-,False,,,106024473,Automobiles - 2 And 3 Wheelers,INE917I01010,Bajaj Auto Limited,2024-10-16 16:30:07,BAJAJ-AUTO
16-Oct-2024 16:27:09,,https://nsearchives.nseindia.com/corporate/OutcomeUFR_16102024162709.pdf," Bajaj Auto Limited has submitted to the Exchange, the financial results for the period ended September 30, 2024.",,,Financial Result Updates,00:00:00,16102024162709,16-Oct-2024 16:27:09,-,False,,,165680,Automobiles - 2 And 3 Wheelers,INE917I01010,Bajaj Auto Limited,2024-10-16 16:27:09,BAJAJ-AUTO
14-Oct-2024 15:29:30,,https://nsearchives.nseindia.com/corporate/BAJAJ-AUTO_14102024152930_SE745_5.pdf,"Bajaj Auto Limited has informed the Exchange about Certificate under SEBI (Depositories and Participants) Regulations, 2018",,,"Certificate under SEBI (Depositories and Participants) Regulations, 2018",00:00:01,14102024152930,14-Oct-2024 15:29:31,-,False,,,106021702,Automobiles - 2 And 3 Wheelers,INE917I01010,Bajaj Auto Limited,2024-10-14 15:29:30,BAJAJ-AUTO
02-Oct-2024 14:23:39,,https://nsearchives.nseindia.com/corporate/BAJAJ-AUTO_02102024142339_StockExchangeIntimation021024.pdf,Bajaj Auto Limited has informed the Exchange about Schedule of meet,,,Analysts/Institutional Investor Meet/Con. Call Updates,00:00:01,02102024142339,02-Oct-2024 14:23:40,-,False,,,106011079,Automobiles - 2 And 3 Wheelers,INE917I01010,Bajaj Auto Limited,2024-10-02 14:23:39,BAJAJ-AUTO
01-Oct-2024 09:04:50,,https://nsearchives.nseindia.com/corporate/BAJAJ-AUTO_01102024090450_SALESEPT2024.pdf,"Bajaj Auto Limited has informed the Exchange regarding a press release dated October 01, 2024, titled ""Sales for the month of September 2024"".",,,Press Release,00:00:00,01102024090450,01-Oct-2024 09:04:50,-,False,,,106009249,Automobiles - 2 And 3 Wheelers,INE917I01010,Bajaj Auto Limited,2024-10-01 09:04:50,BAJAJ-AUTO
26-Sep-2024 15:03:10,,https://nsearchives.nseindia.com/corporate/BAJAJ-AUTO_26092024150310_SEBMINTIMATION.pdf,"Bajaj Auto Limited has informed the Exchange regarding the Trading Window closure pursuant to SEBI (Prohibition of Insider Trading) Regulations, 2015",,,Trading Window,00:00:01,26092024150310,26-Sep-2024 15:03:11,-,False,,,106000974,Automobiles - 2 And 3 Wheelers,INE917I01010,Bajaj Auto Limited,2024-09-26 15:03:10,BAJAJ-AUTO
17-Sep-2024 11:09:42,,https://nsearchives.nseindia.com/corporate/BAJAJ-AUTO_17092024110942_SEIntimation.pdf,Bajaj Auto Limited has informed the Exchange about change in Management,,,Change in Management,00:00:01,17092024110942,17-Sep-2024 11:09:43,-,False,,,105990267,Automobiles - 2 And 3 Wheelers,INE917I01010,Bajaj Auto Limited,2024-09-17 11:09:42,BAJAJ-AUTO
16-Sep-2024 16:28:24,,https://nsearchives.nseindia.com/corporate/BAJAJ-AUTO_16092024162824_FINAL_SE_InvestorCon_Intimation_25Sept.pdf,Bajaj Auto Limited has informed the Exchange about Schedule of meet,,,Analysts/Institutional Investor Meet/Con. Call Updates,00:00:01,16092024162824,16-Sep-2024 16:28:25,-,False,,,105989509,Automobiles - 2 And 3 Wheelers,INE917I01010,Bajaj Auto Limited,2024-09-16 16:28:24,BAJAJ-AUTO
16-Sep-2024 16:26:42,,https://nsearchives.nseindia.com/corporate/BAJAJ-AUTO_16092024162642_FINAL_SE_InvestorCon_Intimation_23Sept.pdf,Bajaj Auto Limited has informed the Exchange about Schedule of meet,,,Analysts/Institutional Investor Meet/Con. Call Updates,00:00:01,16092024162642,16-Sep-2024 16:26:43,-,False,,,105989504,Automobiles - 2 And 3 Wheelers,INE917I01010,Bajaj Auto Limited,2024-09-16 16:26:42,BAJAJ-AUTO
13-Sep-2024 17:26:06,,https://nsearchives.nseindia.com/corporate/BAJAJ-AUTO_13092024172606_Sebiletter.pdf,Bajaj Auto Limited has informed the Exchange about Loss of Share Certificates,,,Loss of Share Certificates,00:00:01,13092024172606,13-Sep-2024 17:26:07,-,False,,,105988016,Automobiles - 2 And 3 Wheelers,INE917I01010,Bajaj Auto Limited,2024-09-13 17:26:06,BAJAJ-AUTO
02-Sep-2024 14:22:53,,https://nsearchives.nseindia.com/corporate/BAJAJ-AUTO_02092024142253_SEIntimation2Sept24.pdf,"Bajaj Auto Limited has submitted the Exchange a copy Srutinizers report of  Postal Ballot. Further, the company has informed the Exchange regarding voting results.",,,Shareholders meeting,00:00:00,02092024142253,02-Sep-2024 14:22:53,-,False,,,105973823,Automobiles - 2 And 3 Wheelers,INE917I01010,Bajaj Auto Limited,2024-09-02 14:22:53,BAJAJ-AUTO
02-Sep-2024 09:23:08,,https://nsearchives.nseindia.com/corporate/BAJAJ-AUTO_02092024092308_SALESAUGUST2024.pdf,"Bajaj Auto Limited has informed the Exchange regarding a press release dated September 02, 2024, titled ""sales for the month of August 2024"".",,,Press Release,00:00:00,02092024092308,02-Sep-2024 09:23:08,-,False,,,105973387,Automobiles - 2 And 3 Wheelers,INE917I01010,Bajaj Auto Limited,2024-09-02 09:23:08,BAJAJ-AUTO
29-Aug-2024 16:51:43,,https://nsearchives.nseindia.com/corporate/BAJAJ-AUTO_29082024165143_SEIntimation.pdf,"Bajaj Auto Limited has informed the Exchange regarding 'Regulation 30 of the Securities and Exchange Board of India (Listing Obligations and Disclosure Requirements) Regulations, 2015'.",,,Updates,00:00:00,29082024165143,29-Aug-2024 16:51:43,-,False,,,105969851,Automobiles - 2 And 3 Wheelers,INE917I01010,Bajaj Auto Limited,2024-08-29 16:51:43,BAJAJ-AUTO
24-Aug-2024 22:12:43,,https://nsearchives.nseindia.com/corporate/BAJAJ-AUTO_24082024221243_20240824DisclosureunderRegulation30forPMAGH12024ResultsFINAL.pdf,"Bajaj Auto Limited has informed the Exchange regarding 'Disclosure under Regulation 30 of the Securities and Exchange Board of India (Listing Obligation and Disclosure Requirements) Regulations, 2015 of material impact on the result of wholly owned overseas subsidiary of the company, viz. Bajaj Auto International Holdings BV'.",,,Updates,00:00:00,24082024221243,24-Aug-2024 22:12:43,-,False,,,105965002,Automobiles - 2 And 3 Wheelers,INE917I01010,Bajaj Auto Limited,2024-08-24 22:12:43,BAJAJ-AUTO
23-Aug-2024 12:33:18,,https://nsearchives.nseindia.com/corporate/BAJAJ-AUTO_23082024123320_SEIntimationAllotment23082024.pdf,Bajaj Auto Limited has informed the Exchange regarding Allotment of 77852  Shares.,,,ESOP/ESOS/ESPS,00:00:03,23082024123318,23-Aug-2024 12:33:21,-,False,,,105963535,Automobiles - 2 And 3 Wheelers,INE917I01010,Bajaj Auto Limited,2024-08-23 12:33:18,BAJAJ-AUTO
19-Aug-2024 17:02:32,,https://nsearchives.nseindia.com/corporate/BAJAJ-AUTO_19082024170232_IntimationReg30Changeinregulatoryframeworksigned.pdf,"Bajaj Auto Limited has informed the Exchange regarding 'Voluntary disclosure under Regulation 30 of the SEBI (Listing Obligations and Disclosure Requirements) Regulations, 2015 resulting from the changes made pursuant to the recently enacted Finance (No. 2) Act, 2024'.",,,Updates,00:00:00,19082024170232,19-Aug-2024 17:02:32,-,False,,,105958720,Automobiles - 2 And 3 Wheelers,INE917I01010,Bajaj Auto Limited,2024-08-19 17:02:32,BAJAJ-AUTO
09-Aug-2024 13:36:28,,https://nsearchives.nseindia.com/corporate/BAJAJ-AUTO_09082024133628_SEBIintimation.pdf,Bajaj Auto Limited has informed the Exchange about issue of Letter of Confirmation in lieu of Duplicate share certificates,,,Loss of Share Certificates,00:00:00,09082024133628,09-Aug-2024 13:36:28,-,False,,,105947130,Automobiles - 2 And 3 Wheelers,INE917I01010,Bajaj Auto Limited,2024-08-09 13:36:28,BAJAJ-AUTO
09-Aug-2024 13:36:28,,https://nsearchives.nseindia.com/corporate/BAJAJ-AUTO_09082024133628_SEBIintimation.pdf,Bajaj Auto Limited has informed the Exchange about issue of Letter of Confirmation in lieu of Duplicate share certificates,,,Loss of Share Certificates,00:00:01,09082024133628,09-Aug-2024 13:36:29,-,False,,,105947133,Automobiles - 2 And 3 Wheelers,INE917I01010,Bajaj Auto Limited,2024-08-09 13:36:28,BAJAJ-AUTO
09-Aug-2024 13:36:28,,https://nsearchives.nseindia.com/corporate/BAJAJ-AUTO_09082024133628_SEBIintimation.pdf,Bajaj Auto Limited has informed the Exchange about issue of Letter of Confirmation in lieu of Duplicate share certificates,,,Loss of Share Certificates,00:00:01,09082024133628,09-Aug-2024 13:36:29,-,False,,,105947132,Automobiles - 2 And 3 Wheelers,INE917I01010,Bajaj Auto Limited,2024-08-09 13:36:28,BAJAJ-AUTO
09-Aug-2024 13:36:28,,https://nsearchives.nseindia.com/corporate/BAJAJ-AUTO_09082024133628_SEBIintimation.pdf,Bajaj Auto Limited has informed the Exchange about issue of Letter of Confirmation in lieu of Duplicate share certificates,,,Loss of Share Certificates,00:00:00,09082024133628,09-Aug-2024 13:36:28,-,False,,,105947131,Automobiles - 2 And 3 Wheelers,INE917I01010,Bajaj Auto Limited,2024-08-09 13:36:28,BAJAJ-AUTO
05-Aug-2024 14:36:17,,https://nsearchives.nseindia.com/corporate/BAJAJ-AUTO_05082024143617_SE_InvestorCon_Intimation_13Aug_FINAL.pdf,Bajaj Auto Limited has informed the Exchange about Schedule of meet,,,Analysts/Institutional Investor Meet/Con. Call Updates,00:00:01,05082024143617,05-Aug-2024 14:36:18,-,False,,,105939165,Automobiles - 2 And 3 Wheelers,INE917I01010,Bajaj Auto Limited,2024-08-05 14:36:17,BAJAJ-AUTO
05-Aug-2024 14:34:23,,https://nsearchives.nseindia.com/corporate/BAJAJ-AUTO_05082024143423_SE_InvestorCon_Intimation_12Aug_FINAL.pdf,Bajaj Auto Limited has informed the Exchange about Schedule of meet,,,Analysts/Institutional Investor Meet/Con. Call Updates,00:00:01,05082024143423,05-Aug-2024 14:34:24,-,False,,,105939163,Automobiles - 2 And 3 Wheelers,INE917I01010,Bajaj Auto Limited,2024-08-05 14:34:23,BAJAJ-AUTO
01-Aug-2024 09:06:31,,https://nsearchives.nseindia.com/corporate/BAJAJ-AUTO_01082024090631_SALESJULY2024.pdf,"Bajaj Auto Limited has informed the Exchange regarding a press release dated August 01, 2024, titled ""Sales for the month of July 2024"".",,,Press Release,00:00:01,01082024090631,01-Aug-2024 09:06:32,-,False,,,105934086,Automobiles - 2 And 3 Wheelers,INE917I01010,Bajaj Auto Limited,2024-08-01 09:06:31,BAJAJ-AUTO
30-Jul-2024 14:03:15,,https://nsearchives.nseindia.com/corporate/BAJAJ-AUTO_30072024140315_IntimationSEPBNOTICEADVTSIGNED.pdf,Bajaj Auto Limited has informed the Exchange about Copy of Newspaper Publication,,,Copy of Newspaper Publication,00:00:01,30072024140315,30-Jul-2024 14:03:16,-,False,,,105930996,Automobiles - 2 And 3 Wheelers,INE917I01010,Bajaj Auto Limited,2024-07-30 14:03:15,BAJAJ-AUTO
29-Jul-2024 17:18:44,,https://nsearchives.nseindia.com/corporate/BAJAJ-AUTO_29072024171844_IntimationSEPBNOTICE.pdf,Bajaj Auto Limited has informed the Exchange regarding Notice of Postal Ballot,,,Shareholders meeting,00:00:00,29072024171844,29-Jul-2024 17:18:44,-,False,,,105929807,Automobiles - 2 And 3 Wheelers,INE917I01010,Bajaj Auto Limited,2024-07-29 17:18:44,BAJAJ-AUTO
23-Jul-2024 15:09:34,,https://nsearchives.nseindia.com/corporate/BAJAJ-AUTO_23072024150934_TranscriptQ1FY25.pdf,Bajaj Auto Limited has informed the Exchange about Transcript,,,Analysts/Institutional Investor Meet/Con. Call Updates,00:00:00,23072024150934,23-Jul-2024 15:09:34,-,False,,,105922772,Automobiles - 2 And 3 Wheelers,INE917I01010,Bajaj Auto Limited,2024-07-23 15:09:34,BAJAJ-AUTO
17-Jul-2024 21:15:19,,https://nsearchives.nseindia.com/corporate/BAJAJ-AUTO_17072024211520_BALscrutinisersreport170724.pdf,"Bajaj Auto Limited has submitted the Exchange a copy Srutinizers report of  Annual General Meeting held on July 16, 2024. Further, the company has informed the Exchange regarding voting results.",,,Shareholders meeting,00:00:01,17072024211519,17-Jul-2024 21:15:20,-,False,,,105917567,Automobiles - 2 And 3 Wheelers,INE917I01010,Bajaj Auto Limited,2024-07-17 21:15:19,BAJAJ-AUTO
16-Jul-2024 20:36:43,,https://nsearchives.nseindia.com/corporate/BAJAJ-AUTO_16072024203644_BALinvestorcallQ41FY25recording.pdf,Bajaj Auto Limited has informed the Exchange about Link of Recording,,,Analysts/Institutional Investor Meet/Con. Call Updates,00:00:01,16072024203643,16-Jul-2024 20:36:44,-,False,,,105916475,Automobiles - 2 And 3 Wheelers,INE917I01010,Bajaj Auto Limited,2024-07-16 20:36:43,BAJAJ-AUTO
16-Jul-2024 17:12:37,,https://nsearchives.nseindia.com/corporate/BAJAJ-AUTO_16072024171237_SEAGMPROCEEDING.pdf,"Bajaj Auto Limited has informed the Exchange regarding Proceedings of Annual General Meeting held on July 16, 2024",,,Shareholders meeting,00:00:01,16072024171237,16-Jul-2024 17:12:38,-,False,,,105916179,Automobiles - 2 And 3 Wheelers,INE917I01010,Bajaj Auto Limited,2024-07-16 17:12:37,BAJAJ-AUTO
16-Jul-2024 13:56:29,,https://nsearchives.nseindia.com/corporate/BAJAJ-AUTO_16072024135629_SEESOP.pdf,Bajaj Auto Limited has informed the Exchange about issue of Securities,,,Issue of Securities,00:00:01,16072024135629,16-Jul-2024 13:56:30,-,False,,,105915886,Automobiles - 2 And 3 Wheelers,INE917I01010,Bajaj Auto Limited,2024-07-16 13:56:29,BAJAJ-AUTO
16-Jul-2024 13:50:14,,https://nsearchives.nseindia.com/corporate/BAJAJ-AUTO_16072024135014_ESOP.pdf,Bajaj Auto Limited has informed the Exchange about issue of Securities,,,Issue of Securities,00:00:01,16072024135014,16-Jul-2024 13:50:15,-,False,,,105915882,Automobiles - 2 And 3 Wheelers,INE917I01010,Bajaj Auto Limited,2024-07-16 13:50:14,BAJAJ-AUTO
16-Jul-2024 13:47:14,,https://nsearchives.nseindia.com/corporate/BAJAJ-AUTO_16072024134714_Appointment.pdf,Bajaj Auto Limited has informed the Exchange regarding Change in Director(s) of the company.,,,Change in Director(s),00:00:01,16072024134714,16-Jul-2024 13:47:15,-,False,,,105915876,Automobiles - 2 And 3 Wheelers,INE917I01010,Bajaj Auto Limited,2024-07-16 13:47:14,BAJAJ-AUTO
16-Jul-2024 13:43:43,,https://nsearchives.nseindia.com/corporate/BAJAJ-AUTO_16072024134343_Finalresults160724.pdf,"Bajaj Auto Limited has informed the Exchange regarding  Board meeting held on July 16, 2024.",,,Outcome of Board Meeting,00:00:00,16072024134343,16-Jul-2024 13:43:43,-,False,,,105915874,Automobiles - 2 And 3 Wheelers,INE917I01010,Bajaj Auto Limited,2024-07-16 13:43:43,BAJAJ-AUTO
16-Jul-2024 13:41:11,,https://nsearchives.nseindia.com/corporate/Finalresults160724_16072024134111.pdf,"Bajaj Auto Limited has submitted to the Exchange, the financial results for the period ended June 30, 2024.",,,Financial Result Updates,00:00:06,16072024134111,16-Jul-2024 13:41:17,-,False,,,163510,Automobiles - 2 And 3 Wheelers,INE917I01010,Bajaj Auto Limited,2024-07-16 13:41:11,BAJAJ-AUTO
10-Jul-2024 14:51:47,,https://nsearchives.nseindia.com/corporate/BAJAJ-AUTO_10072024145147_SE74JUNE2024_.pdf,"Bajaj Auto Limited has informed the Exchange about Certificate under SEBI (Depositories and Participants) Regulations, 2018",,,"Certificate under SEBI (Depositories and Participants) Regulations, 2018",00:00:02,10072024145147,10-Jul-2024 14:51:49,-,False,,,105909626,Automobiles - 2 And 3 Wheelers,INE917I01010,Bajaj Auto Limited,2024-07-10 14:51:47,BAJAJ-AUTO
09-Jul-2024 19:19:55,,https://nsearchives.nseindia.com/corporate/BAJAJ-AUTO_09072024191955_BALREg30.pdf,"Bajaj Auto Limited has informed the Exchange regarding 'Announcement under Regulation 30 of SEBI (Listing Obligations and Disclosure Requirements) Regulations, 2015'.",,,Updates,00:00:00,09072024191955,09-Jul-2024 19:19:55,-,False,,,105908792,Automobiles - 2 And 3 Wheelers,INE917I01010,Bajaj Auto Limited,2024-07-09 19:19:55,BAJAJ-AUTO
05-Jul-2024 15:10:59,,https://nsearchives.nseindia.com/corporate/BAJAJ-AUTO_05072024151059_BAL_SE_BajajFreedom.pdf,"Bajaj Auto Limited has informed the Exchange regarding a press release dated July 05, 2024, titled ""Launch of the The World's First CNG Motorcycle   Bajaj Freedom"".",,,Press Release,00:00:02,05072024151059,05-Jul-2024 15:11:01,-,False,,,105904830,Automobiles - 2 And 3 Wheelers,INE917I01010,Bajaj Auto Limited,2024-07-05 15:10:59,BAJAJ-AUTO
05-Jul-2024 12:12:14,,https://nsearchives.nseindia.com/corporate/BAJAJ-AUTO_05072024121214_AnalystcallQ1FY25FinalSigned.pdf,Bajaj Auto Limited has informed the Exchange about Schedule of meet,,,Analysts/Institutional Investor Meet/Con. Call Updates,00:00:01,05072024121214,05-Jul-2024 12:12:15,-,False,,,105904616,Automobiles - 2 And 3 Wheelers,INE917I01010,Bajaj Auto Limited,2024-07-05 12:12:14,BAJAJ-AUTO
05-Jul-2024 10:44:25,,https://nsearchives.nseindia.com/corporate/BAJAJ-AUTO_05072024104425_Intimation5July24signed.pdf,Bajaj Auto Limited has informed the Exchange about Copy of Newspaper Publication,,,Copy of Newspaper Publication,00:00:02,05072024104425,05-Jul-2024 10:44:27,-,False,,,105904421,Automobiles - 2 And 3 Wheelers,INE917I01010,Bajaj Auto Limited,2024-07-05 10:44:25,BAJAJ-AUTO
01-Jul-2024 09:07:09,,https://nsearchives.nseindia.com/corporate/BAJAJ-AUTO_01072024090709_SALESJUNE2024.pdf,"Bajaj Auto Limited has informed the Exchange regarding a press release dated July 01, 2024, titled ""Sales for the month of June 2024."".",,,Press Release,00:00:01,01072024090709,01-Jul-2024 09:07:10,-,False,,,105899274,Automobiles - 2 And 3 Wheelers,INE917I01010,Bajaj Auto Limited,2024-07-01 09:07:09,BAJAJ-AUTO
26-Jun-2024 18:23:48,,https://nsearchives.nseindia.com/corporate/BAJAJ-AUTO_26062024182348_BM16072024.pdf,"Bajaj Auto Limited has informed the Exchange regarding the Trading Window closure pursuant to SEBI (Prohibition of Insider Trading) Regulations, 2015",,,Trading Window,00:00:01,26062024182348,26-Jun-2024 18:23:49,-,False,,,105893145,Automobiles - 2 And 3 Wheelers,INE917I01010,Bajaj Auto Limited,2024-06-26 18:23:48,BAJAJ-AUTO
26-Jun-2024 12:48:01,,https://nsearchives.nseindia.com/corporate/BAJAJ-AUTO_26062024124802_FINAL.pdf,Bajaj Auto Limited has informed the Exchange regarding 'Announcement under Regulation 30 (LODR)'.,,,Updates,00:00:01,26062024124801,26-Jun-2024 12:48:02,-,False,,,105892006,Automobiles - 2 And 3 Wheelers,INE917I01010,Bajaj Auto Limited,2024-06-26 12:48:01,BAJAJ-AUTO
26-Jun-2024 12:11:18,,https://nsearchives.nseindia.com/corporate/BAJAJ-AUTO_26062024121118_SEBIintimationBS330.pdf,Bajaj Auto Limited has informed the Exchange about Loss of Share Certificates,,,Loss of Share Certificates,00:00:01,26062024121118,26-Jun-2024 12:11:19,-,False,,,105891916,Automobiles - 2 And 3 Wheelers,INE917I01010,Bajaj Auto Limited,2024-06-26 12:11:18,BAJAJ-AUTO
22-Jun-2024 14:00:46,,https://nsearchives.nseindia.com/corporate/BAJAJ-AUTO_22062024140046_newspaper.pdf,Bajaj Auto Limited has informed the Exchange about Copy of Newspaper Publication,,,Copy of Newspaper Publication,00:00:00,22062024140046,22-Jun-2024 14:00:46,-,False,,,105888651,Automobiles - 2 And 3 Wheelers,INE917I01010,Bajaj Auto Limited,2024-06-22 14:00:46,BAJAJ-AUTO
21-Jun-2024 19:00:09,,https://nsearchives.nseindia.com/corporate/BAJAJ-AUTO_21062024190009_finalnotice.pdf,"Bajaj Auto Limited has informed the Exchange regarding Notice of Annual General Meeting to be held on July 16, 2024",,,Shareholders meeting,00:00:00,21062024190009,21-Jun-2024 19:00:09,-,False,,,105888271,Automobiles - 2 And 3 Wheelers,INE917I01010,Bajaj Auto Limited,2024-06-21 19:00:09,BAJAJ-AUTO
20-Jun-2024 17:14:39,,https://nsearchives.nseindia.com/corporate/BAJAJ-AUTO_20062024171439_SEBIintimation2006.pdf,Bajaj Auto Limited has informed the Exchange about Loss of Share Certificates,,,Loss of Share Certificates,00:00:01,20062024171439,20-Jun-2024 17:14:40,-,False,,,105886912,Automobiles - 2 And 3 Wheelers,INE917I01010,Bajaj Auto Limited,2024-06-20 17:14:39,BAJAJ-AUTO
03-Jun-2024 09:03:41,,https://nsearchives.nseindia.com/corporate/BAJAJ-AUTO_03062024090341_DraftforSalesReport.pdf,"Bajaj Auto Limited has informed the Exchange regarding a press release dated Jun 03, 2024, titled ""Sales for the month of May 2024"".",,,Press Release,00:00:01,03062024090341,03-Jun-2024 09:03:42,-,False,,,105872111,Automobiles - 2 And 3 Wheelers,INE917I01010,Bajaj Auto Limited,2024-06-03 09:03:41,BAJAJ-AUTO
31-May-2024 21:32:29,,https://nsearchives.nseindia.com/corporate/BAJAJ-AUTO_31052024213229_IntimationNewRatingBAL31May24.pdf,Bajaj Auto Limited has informed the Exchange about Credit Rating,,,Credit Rating,00:00:01,31052024213229,31-May-2024 21:32:30,-,False,,,105871293,Automobiles - 2 And 3 Wheelers,INE917I01010,Bajaj Auto Limited,2024-05-31 21:32:29,BAJAJ-AUTO
29-May-2024 11:59:10,,https://nsearchives.nseindia.com/corporate/BAJAJ-AUTO_29052024115910_SEBIintimationTDS.pdf,Bajaj Auto Limited has informed the Exchange regarding 'Communication To Shareholders: Equity Dividend For FY 2023-24- Intimation On Tax Deduction At Source (TDS) / Withholding Tax On Dividend'.,,,Updates,00:00:02,29052024115910,29-May-2024 11:59:12,-,False,,,105866038,Automobiles - 2 And 3 Wheelers,INE917I01010,Bajaj Auto Limited,2024-05-29 11:59:10,BAJAJ-AUTO
24-May-2024 16:44:45,,https://nsearchives.nseindia.com/corporate/BAJAJ-AUTO_24052024164445_SEBIintimationBS491.pdf,Bajaj Auto Limited has informed the Exchange about issue of Letter of Confirmation in lieu of lost/misplaced share certificates,,,Loss of Share Certificates,00:00:01,24052024164445,24-May-2024 16:44:46,-,False,,,105860454,Automobiles - 2 And 3 Wheelers,INE917I01010,Bajaj Auto Limited,2024-05-24 16:44:45,BAJAJ-AUTO
21-May-2024 15:05:24,,https://nsearchives.nseindia.com/corporate/BAJAJ-AUTO_21052024150524_MorganStanley1306.pdf,Bajaj Auto Limited has informed the Exchange about Schedule of meet on 13 June 2024,,,Analysts/Institutional Investor Meet/Con. Call Updates,00:00:01,21052024150524,21-May-2024 15:05:25,-,False,,,105854526,Automobiles - 2 And 3 Wheelers,INE917I01010,Bajaj Auto Limited,2024-05-21 15:05:24,BAJAJ-AUTO
21-May-2024 15:03:38,,https://nsearchives.nseindia.com/corporate/BAJAJ-AUTO_21052024150338_Bofa0406.pdf,Bajaj Auto Limited has informed the Exchange about Schedule of meet on 04 June 2024,,,Analysts/Institutional Investor Meet/Con. Call Updates,00:00:01,21052024150338,21-May-2024 15:03:39,-,False,,,105854521,Automobiles - 2 And 3 Wheelers,INE917I01010,Bajaj Auto Limited,2024-05-21 15:03:38,BAJAJ-AUTO
21-May-2024 15:02:36,,https://nsearchives.nseindia.com/corporate/BAJAJ-AUTO_21052024150236_Citi2905.pdf,Bajaj Auto Limited has informed the Exchange about Schedule of meet on 29 May 2024,,,Analysts/Institutional Investor Meet/Con. Call Updates,00:00:01,21052024150236,21-May-2024 15:02:37,-,False,,,105854520,Automobiles - 2 And 3 Wheelers,INE917I01010,Bajaj Auto Limited,2024-05-21 15:02:36,BAJAJ-AUTO
21-May-2024 15:01:19,,https://nsearchives.nseindia.com/corporate/BAJAJ-AUTO_21052024150119_nirmalbang2805.pdf,Bajaj Auto Limited has informed the Exchange about Schedule of meet on 28 May 2024,,,Analysts/Institutional Investor Meet/Con. Call Updates,00:00:01,21052024150119,21-May-2024 15:01:20,-,False,,,105854517,Automobiles - 2 And 3 Wheelers,INE917I01010,Bajaj Auto Limited,2024-05-21 15:01:19,BAJAJ-AUTO
17-May-2024 17:22:08,,https://nsearchives.nseindia.com/corporate/BAJAJ-AUTO_17052024172208_SEBIintimationIEPF.pdf,Bajaj Auto Limited has informed the Exchange about Copy of Newspaper Publication,,,Copy of Newspaper Publication,00:00:13,17052024172208,17-May-2024 17:22:21,-,False,,,105851298,Automobiles - 2 And 3 Wheelers,INE917I01010,Bajaj Auto Limited,2024-05-17 17:22:08,BAJAJ-AUTO
16-May-2024 09:30:59,,https://nsearchives.nseindia.com/corporate/BAJAJ-AUTO_16052024093059_SebiIntimationBS491.pdf,Bajaj Auto Limited has informed the Exchange about Loss of Share Certificates,,,Loss of Share Certificates,00:00:05,16052024093059,16-May-2024 09:31:04,-,False,,,105848469,Automobiles - 2 And 3 Wheelers,INE917I01010,Bajaj Auto Limited,2024-05-16 09:30:59,BAJAJ-AUTO
07-May-2024 12:29:41,,https://nsearchives.nseindia.com/corporate/BAJAJ-AUTO_07052024122941_SEBIintimation.pdf,"Bajaj Auto Limited has informed the Exchange about issue of Letter of confirmation under Regulation 39 of SEBI LODR Regulations, 2015 to Folio No. BM 0000229",,,Loss of Share Certificates,00:00:05,07052024122941,07-May-2024 12:29:46,-,False,,,105836676,Automobiles - 2 And 3 Wheelers,INE917I01010,Bajaj Auto Limited,2024-05-07 12:29:41,BAJAJ-AUTO
07-May-2024 12:28:17,,https://nsearchives.nseindia.com/corporate/BAJAJ-AUTO_07052024122817_SEBIintimation.pdf,"Bajaj Auto Limited has informed the Exchange about issue of Letter of confirmation as per Regulation 39 of SEBI LODR Regulations, 2015 for Folio No. BD 0000090",,,Loss of Share Certificates,00:00:08,07052024122817,07-May-2024 12:28:25,-,False,,,105836672,Automobiles - 2 And 3 Wheelers,INE917I01010,Bajaj Auto Limited,2024-05-07 12:28:17,BAJAJ-AUTO
07-May-2024 12:28:17,,https://nsearchives.nseindia.com/corporate/BAJAJ-AUTO_07052024122818_SEBIintimation.pdf,"Bajaj Auto Limited has informed the Exchange about issue of Letter of confirmation as per Regulation 39 of SEBI LODR Regulations, 2015 for Folio No. BA 0000091",,,Loss of Share Certificates,00:00:16,07052024122817,07-May-2024 12:28:33,-,False,,,105836673,Automobiles - 2 And 3 Wheelers,INE917I01010,Bajaj Auto Limited,2024-05-07 12:28:17,BAJAJ-AUTO
02-May-2024 09:02:25,,https://nsearchives.nseindia.com/corporate/BAJAJ-AUTO_02052024090225_April2024.pdf,"Bajaj Auto Limited has informed the Exchange regarding a press release dated May 02, 2024, titled ""Sales for the month of April 2024"".",,,Press Release,00:00:05,02052024090225,02-May-2024 09:02:30,-,False,,,105831313,Automobiles - 2 And 3 Wheelers,INE917I01010,Bajaj Auto Limited,2024-05-02 09:02:25,BAJAJ-AUTO
25-Apr-2024 12:25:39,,https://nsearchives.nseindia.com/corporate/BAJAJ-AUTO_25042024122539_SEBIintimationLOCBM70.pdf,Bajaj Auto Limited has informed the Exchange about issuance of letter of confirmation in lieu of the share certificates reported as lost/ misplaced.,,,Loss of Share Certificates,00:00:12,25042024122539,25-Apr-2024 12:25:51,-,False,,,105824749,Automobiles - 2 And 3 Wheelers,INE917I01010,Bajaj Auto Limited,2024-04-25 12:25:39,BAJAJ-AUTO
25-Apr-2024 12:15:09,,https://nsearchives.nseindia.com/corporate/BAJAJ-AUTO_25042024121509_transcriptFY24.pdf,Bajaj Auto Limited has informed the Exchange about Transcript,,,Analysts/Institutional Investor Meet/Con. Call Updates,00:00:05,25042024121509,25-Apr-2024 12:15:14,-,False,,,105824734,Automobiles - 2 And 3 Wheelers,INE917I01010,Bajaj Auto Limited,2024-04-25 12:15:09,BAJAJ-AUTO
24-Apr-2024 16:14:54,,https://nsearchives.nseindia.com/corporate/BAJAJ-AUTO_24042024161454_SEBIintimationBA91.pdf,Bajaj Auto Limited has informed the Exchange about Loss of Share Certificates,,,Loss of Share Certificates,00:00:06,24042024161454,24-Apr-2024 16:15:00,-,False,,,105823751,Automobiles - 2 And 3 Wheelers,INE917I01010,Bajaj Auto Limited,2024-04-24 16:14:54,BAJAJ-AUTO
19-Apr-2024 12:27:44,,https://nsearchives.nseindia.com/corporate/BAJAJ-AUTO_19042024122744_SEBIintimationsigned.pdf,Bajaj Auto Limited has informed the Exchange about Loss of Share Certificates,,,Loss of Share Certificates,00:00:07,19042024122744,19-Apr-2024 12:27:51,-,False,,,105819406,Automobiles - 2 And 3 Wheelers,INE917I01010,Bajaj Auto Limited,2024-04-19 12:27:44,BAJAJ-AUTO
18-Apr-2024 20:38:25,,https://nsearchives.nseindia.com/corporate/BAJAJ-AUTO_18042024203825_SERecordingintimation.pdf,Bajaj Auto Limited has informed the Exchange about Link of Recording,,,Analysts/Institutional Investor Meet/Con. Call Updates,00:00:07,18042024203825,18-Apr-2024 20:38:32,-,False,,,105818852,Automobiles - 2 And 3 Wheelers,INE917I01010,Bajaj Auto Limited,2024-04-18 20:38:25,BAJAJ-AUTO
18-Apr-2024 20:23:05,,https://nsearchives.nseindia.com/corporate/BAJAJ-AUTO_18042024202305_FINALSE.pdf,Bajaj Auto Limited has informed the Exchange about Acquisition,,,Acquisition,00:00:05,18042024202305,18-Apr-2024 20:23:10,-,False,,,105818843,Automobiles - 2 And 3 Wheelers,INE917I01010,Bajaj Auto Limited,2024-04-18 20:23:05,BAJAJ-AUTO
18-Apr-2024 20:18:17,,https://nsearchives.nseindia.com/corporate/BAJAJ-AUTO_18042024201818_Seniormgtfinal.pdf,Bajaj Auto Limited has informed the Exchange about change in Management,,,Change in Management,00:00:05,18042024201817,18-Apr-2024 20:18:22,-,False,,,105818839,Automobiles - 2 And 3 Wheelers,INE917I01010,Bajaj Auto Limited,2024-04-18 20:18:17,BAJAJ-AUTO
18-Apr-2024 19:53:34,,https://nsearchives.nseindia.com/corporate/BAJAJ-AUTO_18042024195334_BSENSERPTMar24.pdf,Bajaj Auto Limited has informed the Exchange about related Party Transactions,,,Related Party Transactions,00:00:05,18042024195334,18-Apr-2024 19:53:39,-,False,,,105818820,Automobiles - 2 And 3 Wheelers,INE917I01010,Bajaj Auto Limited,2024-04-18 19:53:34,BAJAJ-AUTO
18-Apr-2024 19:50:27,,https://nsearchives.nseindia.com/corporate/BAJAJ-AUTO_18042024195027_AGMintimation18042024.pdf,"Bajaj Auto Limited has informed the Exchange regarding Notice of Annual General Meeting to be held on July 16, 2024",,,Shareholders meeting,00:00:05,18042024195027,18-Apr-2024 19:50:32,-,False,,,105818817,Automobiles - 2 And 3 Wheelers,INE917I01010,Bajaj Auto Limited,2024-04-18 19:50:27,BAJAJ-AUTO
18-Apr-2024 17:49:15,,https://nsearchives.nseindia.com/corporate/BAJAJ-AUTO_18042024174915_ESOP.pdf,Bajaj Auto Limited has informed the Exchange regarding Grant of 312128  Options.,,,ESOP/ESOS/ESPS,00:00:07,18042024174915,18-Apr-2024 17:49:22,-,False,,,105818640,Automobiles - 2 And 3 Wheelers,INE917I01010,Bajaj Auto Limited,2024-04-18 17:49:15,BAJAJ-AUTO
18-Apr-2024 17:17:52,,https://nsearchives.nseindia.com/corporate/BAJAJ-AUTO_18042024171752_FinalBALRecordDate.pdf,Bajaj Auto Limited has informed the Exchange that Record date for the purpose of Dividend  is 14-Jun-2024.,,,Record Date,00:00:05,18042024171752,18-Apr-2024 17:17:57,-,False,,,105818586,Automobiles - 2 And 3 Wheelers,INE917I01010,Bajaj Auto Limited,2024-04-18 17:17:52,BAJAJ-AUTO
18-Apr-2024 17:09:17,,https://nsearchives.nseindia.com/corporate/BAJAJ-AUTO_18042024170917_Dividend180402024.pdf,Bajaj Auto Limited has informed the Exchange about Date of payment of dividend,,,Date of payment of dividend,00:00:07,18042024170917,18-Apr-2024 17:09:24,-,False,,,105818558,Automobiles - 2 And 3 Wheelers,INE917I01010,Bajaj Auto Limited,2024-04-18 17:09:17,BAJAJ-AUTO
18-Apr-2024 17:08:09,,https://nsearchives.nseindia.com/corporate/BAJAJ-AUTO_18042024170809_Dividend180402024.pdf,Bajaj Auto Limited has informed the Exchange about Dividend Updates,,,Dividend Updates,00:00:08,18042024170809,18-Apr-2024 17:08:17,-,False,,,105818556,Automobiles - 2 And 3 Wheelers,INE917I01010,Bajaj Auto Limited,2024-04-18 17:08:09,BAJAJ-AUTO
18-Apr-2024 16:56:15,,https://nsearchives.nseindia.com/corporate/BAJAJ-AUTO_18042024165615_Dividend180402024.pdf,"Bajaj Auto Limited has informed the Exchange that Board of Directors at its meeting held on April 18, 2024, recommended Final Dividend of Rs. 80 per equity share.",,,Dividend,00:00:11,18042024165615,18-Apr-2024 16:56:26,-,False,,,105818531,Automobiles - 2 And 3 Wheelers,INE917I01010,Bajaj Auto Limited,2024-04-18 16:56:15,BAJAJ-AUTO
18-Apr-2024 16:54:21,,https://nsearchives.nseindia.com/corporate/BAJAJ-AUTO_18042024165421_Dividend180402024.pdf,"Bajaj Auto Limited has informed the Exchange that Board of Directors at its meeting held on April 18, 2024, recommended Final Dividend of 80 per equity share.",,,Dividend,00:00:07,18042024165421,18-Apr-2024 16:54:28,-,False,,,105818523,Automobiles - 2 And 3 Wheelers,INE917I01010,Bajaj Auto Limited,2024-04-18 16:54:21,BAJAJ-AUTO
18-Apr-2024 16:51:46,,https://nsearchives.nseindia.com/corporate/BAJAJ-AUTO_18042024165146_BSENSEResults180424.pdf,"Bajaj Auto Limited has informed the Exchange regarding Outcome of Board Meeting held on April 18, 2024.",,,Outcome of Board Meeting,00:00:07,18042024165146,18-Apr-2024 16:51:53,-,False,,,105818517,Automobiles - 2 And 3 Wheelers,INE917I01010,Bajaj Auto Limited,2024-04-18 16:51:46,BAJAJ-AUTO
18-Apr-2024 16:47:04,,https://nsearchives.nseindia.com/corporate/BAJAJ-AUTO_18042024164704_BSENSEResults180424.pdf,"Bajaj Auto Limited has informed the Exchange regarding  Board meeting held on April 18, 2024.",,,Outcome of Board Meeting,00:00:10,18042024164704,18-Apr-2024 16:47:14,-,False,,,105818504,Automobiles - 2 And 3 Wheelers,INE917I01010,Bajaj Auto Limited,2024-04-18 16:47:04,BAJAJ-AUTO
18-Apr-2024 16:42:32,,https://nsearchives.nseindia.com/corporate/BSENSEResults180424_18042024164232.pdf,"Bajaj Auto Limited has submitted to the Exchange, the financial results for the period ended March 31, 2024.",,,Financial Result Updates,00:00:03,18042024164232,18-Apr-2024 16:42:35,-,False,,,161050,Automobiles - 2 And 3 Wheelers,INE917I01010,Bajaj Auto Limited,2024-04-18 16:42:32,BAJAJ-AUTO
10-Apr-2024 18:53:52,,https://nsearchives.nseindia.com/corporate/BAJAJ-AUTO_10042024185352_BAL.pdf,"Niraj Bajaj has Submitted to the Exchange a copy of Disclosure under Regulation 31(4) of the Securities and Exchange Board of India (Substantial Acquisition of Shares and Takeovers) Regulations, 2011.",,,Disclosure under SEBI Takeover Regulations,00:00:25,10042024185352,10-Apr-2024 18:54:17,-,False,,,105811565,Automobiles - 2 And 3 Wheelers,INE917I01010,Bajaj Auto Limited,2024-04-10 18:53:52,BAJAJ-AUTO
10-Apr-2024 14:22:23,,https://nsearchives.nseindia.com/corporate/BAJAJ-AUTO_10042024142223_SE745.pdf,"Bajaj Auto Limited has informed the Exchange about Certificate under SEBI (Depositories and Participants) Regulations, 2018",,,"Certificate under SEBI (Depositories and Participants) Regulations, 2018",00:00:06,10042024142223,10-Apr-2024 14:22:29,-,False,,,105811867,Automobiles - 2 And 3 Wheelers,INE917I01010,Bajaj Auto Limited,2024-04-10 14:22:23,BAJAJ-AUTO
04-Apr-2024 15:32:48,,https://nsearchives.nseindia.com/corporate/BAJAJ-AUTO_04042024153249_BALINVESTORCALLINTIMATION.pdf,Bajaj Auto Limited has informed the Exchange about Schedule of meet,,,Analysts/Institutional Investor Meet/Con. Call Updates,00:00:07,04042024153248,04-Apr-2024 15:32:55,-,False,,,105805986,Automobiles - 2 And 3 Wheelers,INE917I01010,Bajaj Auto Limited,2024-04-04 15:32:48,BAJAJ-AUTO
02-Apr-2024 09:02:21,,https://nsearchives.nseindia.com/corporate/BAJAJ-AUTO_02042024090221_BALSalesReportMar24.pdf,"Bajaj Auto Limited has informed the Exchange regarding a press release dated April 02, 2024, titled ""Sales for the month of March 2024"".",,,Press Release,00:00:07,02042024090221,02-Apr-2024 09:02:28,-,False,,,105802935,Automobiles - 2 And 3 Wheelers,INE917I01010,Bajaj Auto Limited,2024-04-02 09:02:21,BAJAJ-AUTO
29-Mar-2024 16:36:48,,https://nsearchives.nseindia.com/corporate/BAJAJ-AUTO_29032024163648_BMnoticeintimation.pdf,"Bajaj Auto Limited has informed the Exchange regarding the Trading Window closure pursuant to SEBI (Prohibition of Insider Trading) Regulations, 2015",,,Trading Window,00:00:12,29032024163648,29-Mar-2024 16:37:00,-,False,,,105799495,Automobiles - 2 And 3 Wheelers,INE917I01010,Bajaj Auto Limited,2024-03-29 16:36:48,BAJAJ-AUTO
26-Mar-2024 21:39:12,,https://nsearchives.nseindia.com/corporate/BAJAJ-AUTO_26032024213912_NSE.pdf,"Bajaj Auto Limited has informed the Exchange regarding Closure of Buy Back with effect from March 26, 2024",,,Closure of Buy Back,00:00:08,26032024213912,26-Mar-2024 21:39:20,-,False,,,105794106,Automobiles - 2 And 3 Wheelers,INE917I01010,Bajaj Auto Limited,2024-03-26 21:39:12,BAJAJ-AUTO
22-Mar-2024 13:38:39,,https://nsearchives.nseindia.com/corporate/BAJAJ-AUTO_22032024133839_BALSEPostBBPA22032024.pdf,Bajaj Auto Limited has informed the Exchange about Copy of Newspaper Publication,,,Copy of Newspaper Publication,00:00:06,22032024133839,22-Mar-2024 13:38:45,-,False,,,105791188,Automobiles - 2 And 3 Wheelers,INE917I01010,Bajaj Auto Limited,2024-03-22 13:38:39,BAJAJ-AUTO
20-Mar-2024 12:56:59,,https://nsearchives.nseindia.com/corporate/BAJAJ-AUTO_20032024125702_SEBIintimationLOC.pdf,Bajaj Auto Limited has informed the Exchange about issue of letter of confirmation for BN 0000115,,,Loss of Share Certificates,00:00:15,20032024125659,20-Mar-2024 12:57:14,-,False,,,105788662,Automobiles - 2 And 3 Wheelers,INE917I01010,Bajaj Auto Limited,2024-03-20 12:56:59,BAJAJ-AUTO
20-Mar-2024 12:56:59,,https://nsearchives.nseindia.com/corporate/BAJAJ-AUTO_20032024125659_SEBIintimationLOC.pdf,Bajaj Auto Limited has informed the Exchange about issue of Letter of confirmation for BJ 0000071,,,Loss of Share Certificates,00:00:07,20032024125659,20-Mar-2024 12:57:06,-,False,,,105788661,Automobiles - 2 And 3 Wheelers,INE917I01010,Bajaj Auto Limited,2024-03-20 12:56:59,BAJAJ-AUTO
15-Mar-2024 14:55:30,,https://nsearchives.nseindia.com/corporate/BAJAJ-AUTO_15032024145530_SEBIintimationduplicateshare.pdf,Bajaj Auto Limited has informed the Exchange about Loss of Share Certificates,,,Loss of Share Certificates,00:00:05,15032024145530,15-Mar-2024 14:55:35,-,False,,,105784876,Automobiles - 2 And 3 Wheelers,INE917I01010,Bajaj Auto Limited,2024-03-15 14:55:30,BAJAJ-AUTO
12-Mar-2024 15:02:19,,https://nsearchives.nseindia.com/corporate/BAJAJ-AUTO_12032024150219_SEINTIMATIONCREDITRATINGBACL.pdf,Bajaj Auto Limited has informed the Exchange about Credit Rating,,,Credit Rating,00:00:04,12032024150219,12-Mar-2024 15:02:23,-,False,,,105781495,Automobiles - 2 And 3 Wheelers,INE917I01010,Bajaj Auto Limited,2024-03-12 15:02:19,BAJAJ-AUTO
07-Mar-2024 14:28:21,,https://nsearchives.nseindia.com/corporate/BAJAJ-AUTO_07032024142821_IntimationChangeinDirectors.pdf,Bajaj Auto Limited has informed the Exchange regarding Change in Director(s) of the company.,,,Change in Director(s),00:00:09,07032024142821,07-Mar-2024 14:28:30,-,False,,,105778516,Automobiles - 2 And 3 Wheelers,INE917I01010,Bajaj Auto Limited,2024-03-07 14:28:21,BAJAJ-AUTO
07-Mar-2024 13:40:34,,https://nsearchives.nseindia.com/corporate/BAJAJ-AUTO_07032024134034_VotingResultsScrutiniserReport.pdf,"Bajaj Auto Limited has submitted the Exchange a copy Srutinizers report of  Postal Ballot. Further, the company has informed the Exchange regarding voting results.",,,Shareholders meeting,00:00:06,07032024134034,07-Mar-2024 13:40:40,-,False,,,105778487,Automobiles - 2 And 3 Wheelers,INE917I01010,Bajaj Auto Limited,2024-03-07 13:40:34,BAJAJ-AUTO
06-Mar-2024 15:44:18,,https://nsearchives.nseindia.com/corporate/BAJAJ-AUTO_06032024154418_SEBIintimationLoC.pdf,Bajaj Auto Limited has informed the Exchange about Issue of Letter of Confirmation to Folio No. BAL0100808,,,Loss of Share Certificates,00:00:07,06032024154418,06-Mar-2024 15:44:25,-,False,,,105777474,Automobiles - 2 And 3 Wheelers,INE917I01010,Bajaj Auto Limited,2024-03-06 15:44:18,BAJAJ-AUTO
06-Mar-2024 15:40:57,,https://nsearchives.nseindia.com/corporate/BAJAJ-AUTO_06032024154057_SEBIintimationLoC.pdf,Bajaj Auto Limited has informed the Exchange about Issue of Letter of confirmation to Folio No. BAL0100803,,,Loss of Share Certificates,00:00:05,06032024154057,06-Mar-2024 15:41:02,-,False,,,105777471,Automobiles - 2 And 3 Wheelers,INE917I01010,Bajaj Auto Limited,2024-03-06 15:40:57,BAJAJ-AUTO
06-Mar-2024 15:40:57,,https://nsearchives.nseindia.com/corporate/BAJAJ-AUTO_06032024154057_SEBIintimationLoC.pdf,Bajaj Auto Limited has informed the Exchange about Issue of Letter of Confirmation to Folio No. BAL0100802,,,Loss of Share Certificates,00:00:20,06032024154057,06-Mar-2024 15:41:17,-,False,,,105777472,Automobiles - 2 And 3 Wheelers,INE917I01010,Bajaj Auto Limited,2024-03-06 15:40:57,BAJAJ-AUTO
05-Mar-2024 14:21:56,,https://nsearchives.nseindia.com/corporate/BAJAJ-AUTO_05032024142156_BALNewspaperadvtLOF.pdf,Bajaj Auto Limited has informed the Exchange about Copy of Newspaper Publication,,,Copy of Newspaper Publication,00:00:08,05032024142156,05-Mar-2024 14:22:04,-,False,,,105776360,Automobiles - 2 And 3 Wheelers,INE917I01010,Bajaj Auto Limited,2024-03-05 14:21:56,BAJAJ-AUTO
04-Mar-2024 19:07:43,,https://nsearchives.nseindia.com/corporate/BAJAJ-AUTO_04032024190743_BALSELOF040324.pdf,Bajaj Auto Limited has informed the Exchange regarding 'Letter of offer for the buyback of equity shares'.,,,Updates,00:00:04,04032024190743,04-Mar-2024 19:07:47,-,False,,,105775572,Automobiles - 2 And 3 Wheelers,INE917I01010,Bajaj Auto Limited,2024-03-04 19:07:43,BAJAJ-AUTO
01-Mar-2024 15:10:13,,https://nsearchives.nseindia.com/corporate/BAJAJ-AUTO_01032024151013_AnalystcallMarch2024.pdf,Bajaj Auto Limited has informed the Exchange about Schedule of meet,,,Analysts/Institutional Investor Meet/Con. Call Updates,00:00:07,01032024151013,01-Mar-2024 15:10:20,-,False,,,105773895,Automobiles - 2 And 3 Wheelers,INE917I01010,Bajaj Auto Limited,2024-03-01 15:10:13,BAJAJ-AUTO
01-Mar-2024 09:07:03,,https://nsearchives.nseindia.com/corporate/BAJAJ-AUTO_01032024090703_BALSalesReportFeb24.pdf,"Bajaj Auto Limited has informed the Exchange regarding a press release dated March 01, 2024, titled ""Sales for the month of February 2024"".",,,Press Release,00:00:06,01032024090703,01-Mar-2024 09:07:09,-,False,,,105773422,Automobiles - 2 And 3 Wheelers,INE917I01010,Bajaj Auto Limited,2024-03-01 09:07:03,BAJAJ-AUTO
22-Feb-2024 20:45:27,,https://nsearchives.nseindia.com/corporate/BAJAJ-AUTO_22022024204527_SEintimation22.pdf,Bajaj Auto Limited has informed the Exchange about Acquisition,,,Acquisition,00:00:05,22022024204527,22-Feb-2024 20:45:32,-,False,,,105767380,Automobiles - 2 And 3 Wheelers,INE917I01010,Bajaj Auto Limited,2024-02-22 20:45:27,BAJAJ-AUTO
22-Feb-2024 16:00:30,,https://nsearchives.nseindia.com/corporate/BAJAJ-AUTO_22022024160030_SEintimation.pdf,"Bajaj Auto Limited has informed the Exchange regarding 'Compliance under Regulation 30 of the Securities and Exchange Board of India (Listing Obligations and Disclosure Requirements) Regulations, 2015'.",,,Updates,00:00:07,22022024160030,22-Feb-2024 16:00:37,-,False,,,105767057,Automobiles - 2 And 3 Wheelers,INE917I01010,Bajaj Auto Limited,2024-02-22 16:00:30,BAJAJ-AUTO
21-Feb-2024 17:27:07,,https://nsearchives.nseindia.com/corporate/BAJAJ-AUTO_21022024172707_SEBIintimationLossofSC.pdf,Bajaj Auto Limited has informed the Exchange about Loss of Share Certificates,,,Loss of Share Certificates,00:00:06,21022024172707,21-Feb-2024 17:27:13,-,False,,,105766040,Automobiles - 2 And 3 Wheelers,INE917I01010,Bajaj Auto Limited,2024-02-21 17:27:07,BAJAJ-AUTO
19-Feb-2024 12:33:49,,https://nsearchives.nseindia.com/corporate/BAJAJ-AUTO_19022024123349_SEintimationPA.pdf,Bajaj Auto Limited has informed the Exchange about Copy of Newspaper Publication for the Buyback of equity shares,,,Copy of Newspaper Publication,00:00:07,19022024123349,19-Feb-2024 12:33:56,-,False,,,105763701,Automobiles - 2 And 3 Wheelers,INE917I01010,Bajaj Auto Limited,2024-02-19 12:33:49,BAJAJ-AUTO
16-Feb-2024 15:56:02,,https://nsearchives.nseindia.com/corporate/BAJAJ-AUTO_16022024155602_SErecorddate.pdf,Bajaj Auto Limited has informed the Exchange that Record date for the purpose of determining the entitlement and the names of the equity shareholders who shall be eligible to participate in the Buyback is 29-Feb-2024.,,,Record Date,00:00:07,16022024155602,16-Feb-2024 15:56:09,-,False,,,105762392,Automobiles - 2 And 3 Wheelers,INE917I01010,Bajaj Auto Limited,2024-02-16 15:56:02,BAJAJ-AUTO
15-Feb-2024 16:11:58,,https://nsearchives.nseindia.com/corporate/BAJAJ-AUTO_15022024161158_BALPBShareholderresolution150224pdf.pdf,Bajaj Auto Limited has informed the Exchange regarding 'Shareholder Resolution for Buyback of Equity Shares'.,,,Updates,00:00:05,15022024161158,15-Feb-2024 16:12:03,-,False,,,105761166,Automobiles - 2 And 3 Wheelers,INE917I01010,Bajaj Auto Limited,2024-02-15 16:11:58,BAJAJ-AUTO
15-Feb-2024 12:00:45,,https://nsearchives.nseindia.com/corporate/BAJAJ-AUTO_15022024120045_Votingresults150224.pdf,"Bajaj Auto Limited has submitted the Exchange a copy Srutinizers report of  Postal Ballot. Further, the company has informed the Exchange regarding voting results.",,,Shareholders meeting,00:00:05,15022024120045,15-Feb-2024 12:00:50,-,False,,,105760835,Automobiles - 2 And 3 Wheelers,INE917I01010,Bajaj Auto Limited,2024-02-15 12:00:45,BAJAJ-AUTO
14-Feb-2024 17:38:57,,https://nsearchives.nseindia.com/corporate/BAJAJ-AUTO_14022024173857_SEBIintimation.pdf,Bajaj Auto Limited has informed the Exchange about Loss of Share Certificates,,,Loss of Share Certificates,00:00:05,14022024173857,14-Feb-2024 17:39:02,-,False,,,105759844,Automobiles - 2 And 3 Wheelers,INE917I01010,Bajaj Auto Limited,2024-02-14 17:38:57,BAJAJ-AUTO
05-Feb-2024 15:11:38,,https://nsearchives.nseindia.com/corporate/BAJAJ-AUTO_05022024151138_SE.pdf,Bajaj Auto Limited has informed the Exchange about Schedule of meet for the month of February 2024.,,,Analysts/Institutional Investor Meet/Con. Call Updates,00:00:11,05022024151138,05-Feb-2024 15:11:49,-,False,,,105746934,Automobiles - 2 And 3 Wheelers,INE917I01010,Bajaj Auto Limited,2024-02-05 15:11:38,BAJAJ-AUTO
03-Feb-2024 16:48:59,,https://nsearchives.nseindia.com/corporate/BAJAJ-AUTO_03022024164859_SELETTERsubmissionofnewspaperclipping.pdf,Bajaj Auto Limited has informed the Exchange about Copy of Newspaper Publication,,,Copy of Newspaper Publication,00:00:05,03022024164859,03-Feb-2024 16:49:04,-,False,,,105745979,Automobiles - 2 And 3 Wheelers,INE917I01010,Bajaj Auto Limited,2024-02-03 16:48:59,BAJAJ-AUTO
02-Feb-2024 21:58:32,,https://nsearchives.nseindia.com/corporate/BAJAJ-AUTO_02022024215832_SELETTERSubmissionofPBNotice.pdf,Bajaj Auto Limited has informed the Exchange about Shareholders meeting,,,Shareholders meeting,00:00:07,02022024215832,02-Feb-2024 21:58:39,-,False,,,105745378,Automobiles - 2 And 3 Wheelers,INE917I01010,Bajaj Auto Limited,2024-02-02 21:58:32,BAJAJ-AUTO
01-Feb-2024 16:16:47,,https://nsearchives.nseindia.com/corporate/BAJAJ-AUTO_01022024161647_Transcript.pdf,Bajaj Auto Limited has informed the Exchange about Transcript,,,Analysts/Institutional Investor Meet/Con. Call Updates,00:00:14,01022024161647,01-Feb-2024 16:17:01,-,False,,,105742742,Automobiles - 2 And 3 Wheelers,INE917I01010,Bajaj Auto Limited,2024-02-01 16:16:47,BAJAJ-AUTO
01-Feb-2024 09:09:43,,https://nsearchives.nseindia.com/corporate/BAJAJ-AUTO_01022024090943_PressRelease.pdf,"Bajaj Auto Limited has informed the Exchange regarding a press release dated February 01, 2024, titled ""Sales for the month of January 2024"".",,,Press Release,00:00:07,01022024090943,01-Feb-2024 09:09:50,-,False,,,105741888,Automobiles - 2 And 3 Wheelers,INE917I01010,Bajaj Auto Limited,2024-02-01 09:09:43,BAJAJ-AUTO
25-Jan-2024 11:42:08,,https://nsearchives.nseindia.com/corporate/BAJAJ-AUTO_25012024114208_SERecordingintimationpdf.pdf,Bajaj Auto Limited has informed the Exchange about Link of Recording,,,Analysts/Institutional Investor Meet/Con. Call Updates,00:00:06,25012024114208,25-Jan-2024 11:42:14,-,False,,,105735281,Automobiles - 2 And 3 Wheelers,INE917I01010,Bajaj Auto Limited,2024-01-25 11:42:08,BAJAJ-AUTO
24-Jan-2024 16:31:18,,https://nsearchives.nseindia.com/corporate/BAJAJ-AUTO_24012024163118_SELetterVCResignation.pdf,"Bajaj Auto Limited has informed the Exchange regarding Resignation of Mr Madhur Bajaj as Non- Executive Director of the company w.e.f. January 24, 2024.",,,Resignation,00:00:16,24012024163118,24-Jan-2024 16:31:34,-,False,,,105734277,Automobiles - 2 And 3 Wheelers,INE917I01010,Bajaj Auto Limited,2024-01-24 16:31:18,BAJAJ-AUTO
24-Jan-2024 16:28:35,,https://nsearchives.nseindia.com/corporate/BAJAJ-AUTO_24012024162835_SELetterVCResignation.pdf,Bajaj Auto Limited has informed the Exchange regarding Change in Director(s) of the company.,,,Change in Director(s),00:00:07,24012024162835,24-Jan-2024 16:28:42,-,False,,,105734269,Automobiles - 2 And 3 Wheelers,INE917I01010,Bajaj Auto Limited,2024-01-24 16:28:35,BAJAJ-AUTO
24-Jan-2024 16:23:11,,https://nsearchives.nseindia.com/corporate/BAJAJ-AUTO_24012024162311_Outcomeothermatters.pdf,"Bajaj Auto Limited has informed the Exchange regarding Outcome of Board Meeting held on January 24, 2024.",,,Outcome of Board Meeting,00:00:04,24012024162311,24-Jan-2024 16:23:15,-,False,,,105734253,Automobiles - 2 And 3 Wheelers,INE917I01010,Bajaj Auto Limited,2024-01-24 16:23:11,BAJAJ-AUTO
24-Jan-2024 16:05:12,,https://nsearchives.nseindia.com/corporate/OutcomeUFR_24012024160512.pdf,"Bajaj Auto Limited has submitted to the Exchange, the financial results for the period ended December 31, 2023.",,,Financial Result Updates,00:00:03,24012024160512,24-Jan-2024 16:05:15,-,False,,,159191,Automobiles - 2 And 3 Wheelers,INE917I01010,Bajaj Auto Limited,2024-01-24 16:05:12,BAJAJ-AUTO
24-Jan-2024 16:04:17,,https://nsearchives.nseindia.com/corporate/BAJAJ-AUTO_24012024160417_OutcomeUFR.pdf,"Bajaj Auto Limited has informed the Exchange regarding  Board meeting held on January 24, 2024.",,,Outcome of Board Meeting,00:00:07,24012024160417,24-Jan-2024 16:04:24,-,False,,,105734216,Automobiles - 2 And 3 Wheelers,INE917I01010,Bajaj Auto Limited,2024-01-24 16:04:17,BAJAJ-AUTO
23-Jan-2024 18:06:08,,https://nsearchives.nseindia.com/corporate/BAJAJ-AUTO_23012024180608_AnalystCallJan24.pdf,Bajaj Auto Limited has informed the Exchange about Schedule of meet,,,Analysts/Institutional Investor Meet/Con. Call Updates,00:00:05,23012024180608,23-Jan-2024 18:06:13,-,False,,,105733118,Automobiles - 2 And 3 Wheelers,INE917I01010,Bajaj Auto Limited,2024-01-23 18:06:08,BAJAJ-AUTO
19-Jan-2024 11:58:02,,https://nsearchives.nseindia.com/corporate/BAJAJ-AUTO_19012024115802_SEBIintimationBK90.pdf,Bajaj Auto Limited has informed the Exchange about Loss of Share Certificates,,,Loss of Share Certificates,00:00:07,19012024115802,19-Jan-2024 11:58:09,-,False,,,105729932,Automobiles - 2 And 3 Wheelers,INE917I01010,Bajaj Auto Limited,2024-01-19 11:58:02,BAJAJ-AUTO
17-Jan-2024 15:50:29,,https://nsearchives.nseindia.com/corporate/BAJAJ-AUTO_17012024155029_AnalystCalljan24.pdf,Bajaj Auto Limited has informed the Exchange about Schedule of meet,,,Analysts/Institutional Investor Meet/Con. Call Updates,00:00:06,17012024155029,17-Jan-2024 15:50:35,-,False,,,105727782,Automobiles - 2 And 3 Wheelers,INE917I01010,Bajaj Auto Limited,2024-01-17 15:50:29,BAJAJ-AUTO
14-Jan-2024 11:50:41,,https://nsearchives.nseindia.com/corporate/BAJAJ-AUTO_14012024115041_Final140124.pdf,Bajaj Auto Limited has informed the Exchange about Copy of Newspaper Publication with regard to sending of Postal Ballot Notice along with Explanatory Statement to the Members of the Company.,,,Copy of Newspaper Publication,00:00:06,14012024115041,14-Jan-2024 11:50:47,-,False,,,105725010,Automobiles - 2 And 3 Wheelers,INE917I01010,Bajaj Auto Limited,2024-01-14 11:50:41,BAJAJ-AUTO
12-Jan-2024 22:10:21,,https://nsearchives.nseindia.com/corporate/BAJAJ-AUTO_12012024221021_BALPBnotice120124.pdf,Bajaj Auto Limited has informed the Exchange regarding Notice of Postal Ballot,,,Shareholders meeting,00:00:12,12012024221021,12-Jan-2024 22:10:33,-,False,,,105724503,Automobiles - 2 And 3 Wheelers,INE917I01010,Bajaj Auto Limited,2024-01-12 22:10:21,BAJAJ-AUTO
11-Jan-2024 15:44:50,,https://nsearchives.nseindia.com/corporate/BAJAJ-AUTO_11012024154450_SELetter.pdf,"Bajaj Auto Limited has informed the Exchange about Certificate under SEBI (Depositories and Participants) Regulations, 2018",,,"Certificate under SEBI (Depositories and Participants) Regulations, 2018",00:00:07,11012024154450,11-Jan-2024 15:44:57,-,False,,,105722653,Automobiles - 2 And 3 Wheelers,INE917I01010,Bajaj Auto Limited,2024-01-11 15:44:50,BAJAJ-AUTO
08-Jan-2024 19:31:13,,https://nsearchives.nseindia.com/corporate/BAJAJ-AUTO_08012024193113_OutcomeofBM.pdf,Bajaj Auto Limited has informed the Exchange about Buyback,,,Buyback,00:00:07,08012024193113,08-Jan-2024 19:31:20,-,False,,,105719252,Automobiles - 2 And 3 Wheelers,INE917I01010,Bajaj Auto Limited,2024-01-08 19:31:13,BAJAJ-AUTO
08-Jan-2024 19:26:35,,https://nsearchives.nseindia.com/corporate/BAJAJ-AUTO_08012024192635_OutcomeofBM.pdf,"Bajaj Auto Limited has informed the Exchange regarding Outcome of Board Meeting held on January 08, 2024.",,,Outcome of Board Meeting,00:00:07,08012024192635,08-Jan-2024 19:26:42,-,False,,,105719249,Automobiles - 2 And 3 Wheelers,INE917I01010,Bajaj Auto Limited,2024-01-08 19:26:35,BAJAJ-AUTO
04-Jan-2024 11:02:50,,https://nsearchives.nseindia.com/corporate/BAJAJ-AUTO_04012024110250_SEintimation.pdf,Bajaj Auto Limited has informed the Exchange about Loss of Share Certificates,,,Loss of Share Certificates,00:00:07,04012024110250,04-Jan-2024 11:02:57,-,False,,,105715541,Automobiles - 2 And 3 Wheelers,INE917I01010,Bajaj Auto Limited,2024-01-04 11:02:50,BAJAJ-AUTO
03-Jan-2024 14:18:11,,https://nsearchives.nseindia.com/corporate/BAJAJ-AUTO_03012024141811_SEintimation.pdf,Bajaj Auto Limited has informed the Exchange about Loss of Share Certificates,,,Loss of Share Certificates,00:00:06,03012024141811,03-Jan-2024 14:18:17,-,False,,,105714706,Automobiles - 2 And 3 Wheelers,INE917I01010,Bajaj Auto Limited,2024-01-03 14:18:11,BAJAJ-AUTO
01-Jan-2024 09:04:53,,https://nsearchives.nseindia.com/corporate/BAJAJ-AUTO_01012024090453_December2023salespdf.pdf,"Bajaj Auto Limited has informed the Exchange regarding a press release dated January 01, 2024, titled ""Sales for the month of December 2023"".",,,Press Release,00:00:04,01012024090453,01-Jan-2024 09:04:57,-,False,,,105712137,Automobiles - 2 And 3 Wheelers,INE917I01010,Bajaj Auto Limited,2024-01-01 09:04:53,BAJAJ-AUTO
27-Dec-2023 16:55:34,,https://nsearchives.nseindia.com/corporate/BAJAJ-AUTO_27122023165534_Lossofsharecertificate.pdf,Bajaj Auto Limited has informed the Exchange about Loss of Share Certificates,,,Loss of Share Certificates,00:00:07,27122023165534,27-Dec-2023 16:55:41,-,False,,,105706958,Automobiles - 2 And 3 Wheelers,INE917I01010,Bajaj Auto Limited,2023-12-27 16:55:34,BAJAJ-AUTO
01-Dec-2023 09:11:41,,https://nsearchives.nseindia.com/corporate/BAJAJ-AUTO_01122023091141_SalesreportNov23.pdf,"Bajaj Auto Limited has informed the Exchange regarding a press release dated December 01, 2023, titled ""Sales for the month of November 2023"".",,,Press Release,00:00:06,01122023091141,01-Dec-2023 09:11:47,-,False,,,105687329,Automobiles - 2 And 3 Wheelers,INE917I01010,Bajaj Auto Limited,2023-12-01 09:11:41,BAJAJ-AUTO
29-Nov-2023 18:25:28,,https://nsearchives.nseindia.com/corporate/BAJAJ-AUTO_29112023182528_SEintimation.pdf,"Bajaj Auto Limited has informed the Exchange regarding allotment of 222398 securities pursuant to ESOP/ESPS at its meeting held on November 29, 2023",,,Allotment of Securities,00:00:06,29112023182528,29-Nov-2023 18:25:34,-,False,,,105685880,Automobiles - 2 And 3 Wheelers,INE917I01010,Bajaj Auto Limited,2023-11-29 18:25:28,BAJAJ-AUTO
28-Nov-2023 20:29:38,,https://nsearchives.nseindia.com/corporate/BAJAJ-AUTO_28112023202938_SEintimationdemise.pdf,"Bajaj Auto Limited has informed the Exchange regarding Demise of Mr D J Balaji Rao, Non- Executive Independent Director of the company on November 28, 2023.",,,Demise,00:00:05,28112023202938,28-Nov-2023 20:29:43,-,False,,,105684981,Automobiles - 2 And 3 Wheelers,INE917I01010,Bajaj Auto Limited,2023-11-28 20:29:38,BAJAJ-AUTO
20-Nov-2023 09:29:50,,https://nsearchives.nseindia.com/corporate/BAJAJ-AUTO_20112023092950_SEintimation.pdf,Bajaj Auto Limited has informed the Exchange about Schedule of meet,,,Analysts/Institutional Investor Meet/Con. Call Updates,00:00:11,20112023092950,20-Nov-2023 09:30:01,-,False,,,105679132,Automobiles - 2 And 3 Wheelers,INE917I01010,Bajaj Auto Limited,2023-11-20 09:29:50,BAJAJ-AUTO
01-Nov-2023 09:14:42,,https://nsearchives.nseindia.com/corporate/BAJAJ-AUTO_01112023091442_PROCT2023.pdf,"Bajaj Auto Limited has informed the Exchange regarding a press release dated November 01, 2023, titled ""Sales for the month of October 2023"".",,,Press Release,00:00:07,01112023091442,01-Nov-2023 09:14:49,-,False,,,105660051,Automobiles - 2 And 3 Wheelers,INE917I01010,Bajaj Auto Limited,2023-11-01 09:14:42,BAJAJ-AUTO
27-Oct-2023 16:01:47,,https://nsearchives.nseindia.com/corporate/BAJAJ-AUTO_27102023160147_30NOV2023.pdf,Bajaj Auto Limited has informed the Exchange about Schedule of meet,,,Analysts/Institutional Investor Meet/Con. Call Updates,00:00:07,27102023160147,27-Oct-2023 16:01:54,-,False,,,105655365,Automobiles - 2 And 3 Wheelers,INE917I01010,Bajaj Auto Limited,2023-10-27 16:01:47,BAJAJ-AUTO
27-Oct-2023 15:59:59,,https://nsearchives.nseindia.com/corporate/BAJAJ-AUTO_27102023155959_08NOV2023.pdf,Bajaj Auto Limited has informed the Exchange about Schedule of meet,,,Analysts/Institutional Investor Meet/Con. Call Updates,00:00:07,27102023155959,27-Oct-2023 16:00:06,-,False,,,105655361,Automobiles - 2 And 3 Wheelers,INE917I01010,Bajaj Auto Limited,2023-10-27 15:59:59,BAJAJ-AUTO
27-Oct-2023 15:58:31,,https://nsearchives.nseindia.com/corporate/BAJAJ-AUTO_27102023155831_06NOV2023.pdf,Bajaj Auto Limited has informed the Exchange about Schedule of meet,,,Analysts/Institutional Investor Meet/Con. Call Updates,00:00:07,27102023155831,27-Oct-2023 15:58:38,-,False,,,105655356,Automobiles - 2 And 3 Wheelers,INE917I01010,Bajaj Auto Limited,2023-10-27 15:58:31,BAJAJ-AUTO
26-Oct-2023 11:37:29,,https://nsearchives.nseindia.com/corporate/BAJAJ-AUTO_26102023113729_TranscriptQ2FY24.pdf,Bajaj Auto Limited has informed the Exchange about Transcript,,,Analysts/Institutional Investor Meet/Con. Call Updates,00:00:06,26102023113729,26-Oct-2023 11:37:35,-,False,,,105653636,Automobiles - 2 And 3 Wheelers,INE917I01010,Bajaj Auto Limited,2023-10-26 11:37:29,BAJAJ-AUTO
19-Oct-2023 16:48:54,,https://nsearchives.nseindia.com/corporate/BAJAJ-AUTO_19102023164854_RECORDINGQ2FY24.pdf,Bajaj Auto Limited has informed the Exchange about Link of Recording,,,Analysts/Institutional Investor Meet/Con. Call Updates,00:00:06,19102023164854,19-Oct-2023 16:49:00,-,False,,,105648749,Automobiles - 2 And 3 Wheelers,INE917I01010,Bajaj Auto Limited,2023-10-19 16:48:54,BAJAJ-AUTO
18-Oct-2023 17:58:17,,https://nsearchives.nseindia.com/corporate/BAJAJ-AUTO_18102023175817_SEDividenpolicy.pdf,Bajaj Auto Limited has informed the Exchange regarding 'Adoption of revised Dividend Distribution Policy'.,,,Updates,00:00:15,18102023175817,18-Oct-2023 17:58:32,-,False,,,105647722,Automobiles - 2 And 3 Wheelers,INE917I01010,Bajaj Auto Limited,2023-10-18 17:58:17,BAJAJ-AUTO
18-Oct-2023 17:40:22,,https://nsearchives.nseindia.com/corporate/BAJAJ-AUTO_18102023174022_RPT.pdf,Bajaj Auto Limited has informed the Exchange about related Party Transactions,,,Related Party Transactions,00:00:15,18102023174022,18-Oct-2023 17:40:37,-,False,,,105647672,Automobiles - 2 And 3 Wheelers,INE917I01010,Bajaj Auto Limited,2023-10-18 17:40:22,BAJAJ-AUTO
18-Oct-2023 16:56:19,,https://nsearchives.nseindia.com/corporate/BAJAJ-AUTO_18102023165619_Results30092023.pdf,"Bajaj Auto Limited has informed the Exchange regarding Outcome of Board Meeting held on October 18, 2023.",,,Outcome of Board Meeting,00:00:06,18102023165619,18-Oct-2023 16:56:25,-,False,,,105647587,Automobiles - 2 And 3 Wheelers,INE917I01010,Bajaj Auto Limited,2023-10-18 16:56:19,BAJAJ-AUTO
18-Oct-2023 16:49:19,,https://nsearchives.nseindia.com/corporate/Results30092023_18102023164919.pdf,"Bajaj Auto Limited has submitted to the Exchange, the financial results for the period ended September 30, 2023.",,,Financial Result Updates,00:00:07,18102023164919,18-Oct-2023 16:49:26,-,False,,,156698,Automobiles - 2 And 3 Wheelers,INE917I01010,Bajaj Auto Limited,2023-10-18 16:49:19,BAJAJ-AUTO
11-Oct-2023 15:01:23,,https://nsearchives.nseindia.com/corporate/BAJAJ-AUTO_11102023150123_ANALYSTINTIMATIONQ2FY24.pdf,Bajaj Auto Limited has informed the Exchange about Schedule of meet,,,Analysts/Institutional Investor Meet/Con. Call Updates,00:00:26,11102023150123,11-Oct-2023 15:01:49,-,False,,,105641502,Automobiles - 2 And 3 Wheelers,INE917I01010,Bajaj Auto Limited,2023-10-11 15:01:23,BAJAJ-AUTO
09-Oct-2023 11:58:50,,https://nsearchives.nseindia.com/corporate/BAJAJ-AUTO_09102023115850_74_5_.pdf,"Bajaj Auto Limited has informed the Exchange about Certificate under SEBI (Depositories and Participants) Regulations, 2018",,,"Certificate under SEBI (Depositories and Participants) Regulations, 2018",00:00:07,09102023115850,09-Oct-2023 11:58:57,-,False,,,105638990,Automobiles - 2 And 3 Wheelers,INE917I01010,Bajaj Auto Limited,2023-10-09 11:58:50,BAJAJ-AUTO
03-Oct-2023 09:08:00,,https://nsearchives.nseindia.com/corporate/BAJAJ-AUTO_03102023090800_PressRelease.pdf,"Bajaj Auto Limited has informed the Exchange regarding a press release dated October 03, 2023, titled ""Sales for the month of September 2023"".",,,Press Release,00:00:06,03102023090800,03-Oct-2023 09:08:06,-,False,,,105634056,Automobiles - 2 And 3 Wheelers,INE917I01010,Bajaj Auto Limited,2023-10-03 09:08:00,BAJAJ-AUTO
20-Sep-2023 11:50:43,,https://nsearchives.nseindia.com/corporate/BAJAJ-AUTO_20092023115044_CONCALL26Sept2023.pdf,Bajaj Auto Limited has informed the Exchange about Schedule of meet,,,Analysts/Institutional Investor Meet/Con. Call Updates,00:00:03,20092023115043,20-Sep-2023 11:50:46,-,False,,,105621874,Automobiles - 2 And 3 Wheelers,INE917I01010,Bajaj Auto Limited,2023-09-20 11:50:43,BAJAJ-AUTO
08-Sep-2023 16:15:31,,https://nsearchives.nseindia.com/corporate/BAJAJ-AUTO_08092023161531_CONCALLSept2023.pdf,Bajaj Auto Limited has informed the Exchange about Schedule of meet,,,Analysts/Institutional Investor Meet/Con. Call Updates,00:00:10,08092023161531,08-Sep-2023 16:15:41,-,False,,,105614353,Automobiles - 2 And 3 Wheelers,INE917I01010,Bajaj Auto Limited,2023-09-08 16:15:31,BAJAJ-AUTO
01-Sep-2023 15:14:44,,https://nsearchives.nseindia.com/corporate/BAJAJ-AUTO_01092023151444_SEintimation.pdf,Bajaj Auto Limited has informed the Exchange regarding 'Intimation about the grant of Certificate of Registration by Reserve Bank of India to wholly owned subsidiary Company - Bajaj Auto Consumer Finance Limited'.,,,Updates,00:00:15,01092023151444,01-Sep-2023 15:14:59,-,False,,,105606574,Automobiles - 2 And 3 Wheelers,INE917I01010,Bajaj Auto Limited,2023-09-01 15:14:44,BAJAJ-AUTO
01-Sep-2023 09:12:53,,https://nsearchives.nseindia.com/corporate/BAJAJ-AUTO_01092023091253_PR.pdf,"Bajaj Auto Limited has informed the Exchange regarding a press release dated September 01, 2023, titled ""Sales for the month of August 2023"".",,,Press Release,00:00:05,01092023091253,01-Sep-2023 09:12:58,-,False,,,105605933,Automobiles - 2 And 3 Wheelers,INE917I01010,Bajaj Auto Limited,2023-09-01 09:12:53,BAJAJ-AUTO
24-Aug-2023 14:12:49,,https://nsearchives.nseindia.com/corporate/BAJAJ-AUTO_24082023141249_BD28.pdf,Bajaj Auto Limited has informed the Exchange about Loss of Share Certificates,,,Loss of Share Certificates,00:00:03,24082023141249,24-Aug-2023 14:12:52,-,False,,,105598530,Automobiles - 2 And 3 Wheelers,INE917I01010,Bajaj Auto Limited,2023-08-24 14:12:49,BAJAJ-AUTO
23-Aug-2023 09:31:22,,https://nsearchives.nseindia.com/corporate/BAJAJ-AUTO_23082023093122_BJ18.pdf,Bajaj Auto Limited has informed the Exchange about Loss of Share Certificates,,,Loss of Share Certificates,00:00:07,23082023093122,23-Aug-2023 09:31:29,-,False,,,105596976,Automobiles - 2 And 3 Wheelers,INE917I01010,Bajaj Auto Limited,2023-08-23 09:31:22,BAJAJ-AUTO
10-Aug-2023 17:03:06,,https://nsearchives.nseindia.com/corporate/BAJAJ-AUTO_10082023170306_SECONCALLAUGUST2023.pdf,Bajaj Auto Limited has informed the Exchange about Schedule of meet,,,Analysts/Institutional Investor Meet/Con. Call Updates,00:00:23,10082023170306,10-Aug-2023 17:03:29,-,False,,,105584597,Automobiles - 2 And 3 Wheelers,INE917I01010,Bajaj Auto Limited,2023-08-10 17:03:06,BAJAJ-AUTO
03-Aug-2023 16:09:57,,https://nsearchives.nseindia.com/corporate/BAJAJ-AUTO_03082023160957_BM149BN75.pdf,Bajaj Auto Limited has informed the Exchange about Loss of Share Certificates,,,Loss of Share Certificates,00:00:31,03082023160957,03-Aug-2023 16:10:28,-,False,,,105575775,Automobiles - 2 And 3 Wheelers,INE917I01010,Bajaj Auto Limited,2023-08-03 16:09:57,BAJAJ-AUTO
01-Aug-2023 09:14:08,,https://nsearchives.nseindia.com/corporate/BAJAJ-AUTO_01082023091409_SalesJuly.pdf,"Bajaj Auto Limited has informed the Exchange regarding a press release dated August 01, 2023, titled ""Sales for the month of July 2023"".",,,Press Release,00:00:16,01082023091408,01-Aug-2023 09:14:24,-,False,,,105572063,Automobiles - 2 And 3 Wheelers,INE917I01010,Bajaj Auto Limited,2023-08-01 09:14:08,BAJAJ-AUTO
31-Jul-2023 11:36:53,,https://nsearchives.nseindia.com/corporate/BAJAJ-AUTO_31072023113653_BALinvestorcallQ1FY24transcript.pdf,Bajaj Auto Limited has informed the Exchange about Transcript,,,Analysts/Institutional Investor Meet/Con. Call Updates,00:00:14,31072023113653,31-Jul-2023 11:37:07,-,False,,,105570811,Automobiles - 2 And 3 Wheelers,INE917I01010,Bajaj Auto Limited,2023-07-31 11:36:53,BAJAJ-AUTO
26-Jul-2023 15:34:18,,https://nsearchives.nseindia.com/corporate/BAJAJ-AUTO_26072023153418_Scrutinizer2023.pdf,"Bajaj Auto Limited has submitted the Exchange a copy Srutinizers report of  Annual General Meeting held on July 25, 2023. Further, the company has informed the Exchange regarding voting results.",,,Shareholders meeting,00:00:07,26072023153418,26-Jul-2023 15:34:25,-,False,,,105566223,Automobiles - 2 And 3 Wheelers,INE917I01010,Bajaj Auto Limited,2023-07-26 15:34:18,BAJAJ-AUTO
25-Jul-2023 21:16:53,,https://nsearchives.nseindia.com/corporate/BAJAJ-AUTO_25072023211653_BALinvestorcallQ1FY24recording.pdf,Bajaj Auto Limited has informed the Exchange about Link of Recording,,,Analysts/Institutional Investor Meet/Con. Call Updates,00:00:09,25072023211653,25-Jul-2023 21:17:02,-,False,,,105565500,Automobiles - 2 And 3 Wheelers,INE917I01010,Bajaj Auto Limited,2023-07-25 21:16:53,BAJAJ-AUTO
25-Jul-2023 18:10:59,,https://nsearchives.nseindia.com/corporate/BAJAJ-AUTO_25072023181059_SummaryofAGM.pdf,"Bajaj Auto Limited has informed the Exchange regarding Proceedings of Annual General Meeting held on July 25, 2023",,,Shareholders meeting,00:00:12,25072023181059,25-Jul-2023 18:11:11,-,False,,,105565290,Automobiles - 2 And 3 Wheelers,INE917I01010,Bajaj Auto Limited,2023-07-25 18:10:59,BAJAJ-AUTO
25-Jul-2023 13:27:10,,https://nsearchives.nseindia.com/corporate/BAJAJ-AUTO_25072023132710_Outcome.pdf,Bajaj Auto Limited has informed the Exchange about issue of Securities,,,Issue of Securities,00:00:08,25072023132710,25-Jul-2023 13:27:18,-,False,,,105564862,Automobiles - 2 And 3 Wheelers,INE917I01010,Bajaj Auto Limited,2023-07-25 13:27:10,BAJAJ-AUTO
25-Jul-2023 13:25:06,,https://nsearchives.nseindia.com/corporate/BAJAJ-AUTO_25072023132506_BSENSECOMPANYSECRETARY.pdf,Bajaj Auto Limited has informed the Exchange about Change in Company Secretary/Compliance Officer,,,Change in Company Secretary/Compliance Officer,00:00:07,25072023132506,25-Jul-2023 13:25:13,-,False,,,105564861,Automobiles - 2 And 3 Wheelers,INE917I01010,Bajaj Auto Limited,2023-07-25 13:25:06,BAJAJ-AUTO
25-Jul-2023 13:24:07,,https://nsearchives.nseindia.com/corporate/BAJAJ-AUTO_25072023132407_UFR.pdf,"Bajaj Auto Limited has informed the Exchange regarding  Board meeting held on July 25, 2023.",,,Outcome of Board Meeting,00:00:09,25072023132407,25-Jul-2023 13:24:16,-,False,,,105564860,Automobiles - 2 And 3 Wheelers,INE917I01010,Bajaj Auto Limited,2023-07-25 13:24:07,BAJAJ-AUTO
25-Jul-2023 13:23:00,,https://nsearchives.nseindia.com/corporate/UFR_25072023132300.pdf,"Bajaj Auto Limited has submitted to the Exchange, the financial results for the period ended June 30, 2023.",,,Financial Result Updates,00:00:05,25072023132300,25-Jul-2023 13:23:05,-,False,,,154804,Automobiles - 2 And 3 Wheelers,INE917I01010,Bajaj Auto Limited,2023-07-25 13:23:00,BAJAJ-AUTO
14-Jul-2023 17:22:38,,https://nsearchives.nseindia.com/corporate/BAJAJ-AUTO_14072023172238_ANALYSTINTIMATIONQ1FY24.pdf,Bajaj Auto Limited has informed the Exchange about Schedule of meet,,,Analysts/Institutional Investor Meet/Con. Call Updates,00:00:03,14072023172238,14-Jul-2023 17:22:41,-,False,,,105555897,Automobiles - 2 And 3 Wheelers,INE917I01010,Bajaj Auto Limited,2023-07-14 17:22:38,BAJAJ-AUTO
14-Jul-2023 12:41:18,,https://nsearchives.nseindia.com/corporate/BAJAJ-AUTO_14072023124118_Reg74.pdf,"Bajaj Auto Limited has informed the Exchange about Certificate under SEBI (Depositories and Participants) Regulations, 2018",,,"Certificate under SEBI (Depositories and Participants) Regulations, 2018",00:00:07,14072023124118,14-Jul-2023 12:41:25,-,False,,,105555534,Automobiles - 2 And 3 Wheelers,INE917I01010,Bajaj Auto Limited,2023-07-14 12:41:18,BAJAJ-AUTO
14-Jul-2023 12:23:06,,https://nsearchives.nseindia.com/corporate/BAJAJ-AUTO_14072023122306_BSENSETRANSPORT.pdf,Bajaj Auto Limited has informed the Exchange about Copy of Newspaper Publication,,,Copy of Newspaper Publication,00:00:02,14072023122306,14-Jul-2023 12:23:08,-,False,,,105555513,Automobiles - 2 And 3 Wheelers,INE917I01010,Bajaj Auto Limited,2023-07-14 12:23:06,BAJAJ-AUTO
04-Jul-2023 11:09:37,,https://nsearchives.nseindia.com/corporate/BAJAJ-AUTO_04072023110937_IntimationtoSE.pdf,Bajaj Auto Limited has informed the Exchange about Copy of Newspaper Publication,,,Copy of Newspaper Publication,00:00:08,04072023110937,04-Jul-2023 11:09:45,-,False,,,105545901,Automobiles - 2 And 3 Wheelers,INE917I01010,Bajaj Auto Limited,2023-07-04 11:09:37,BAJAJ-AUTO
03-Jul-2023 19:00:12,,https://nsearchives.nseindia.com/corporate/BAJAJ-AUTO_03072023190012_BSENSEBRSR2023.pdf,Bajaj Auto Limited has informed the Exchange regarding 'Business Responsibility and Sustainability Report for FY2022-23'.,,,Updates,00:00:14,03072023190012,03-Jul-2023 19:00:26,-,False,,,105545338,Automobiles - 2 And 3 Wheelers,INE917I01010,Bajaj Auto Limited,2023-07-03 19:00:12,BAJAJ-AUTO
03-Jul-2023 17:34:20,,https://nsearchives.nseindia.com/corporate/BAJAJ-AUTO_03072023173420_NSEBSEAGM16NOTICE.pdf,"Bajaj Auto Limited has informed the Exchange regarding Notice of Annual General Meeting to be held on July 25, 2023",,,Shareholders meeting,00:00:07,03072023173420,03-Jul-2023 17:34:27,-,False,,,105545255,Automobiles - 2 And 3 Wheelers,INE917I01010,Bajaj Auto Limited,2023-07-03 17:34:20,BAJAJ-AUTO
03-Jul-2023 09:10:54,,https://nsearchives.nseindia.com/corporate/BAJAJ-AUTO_03072023091054_SaleJune.pdf,"Bajaj Auto Limited has informed the Exchange regarding a press release dated July 03, 2023, titled ""Sale for the month of June 2023"".",,,Press Release,00:00:08,03072023091054,03-Jul-2023 09:11:02,-,False,,,105544725,Automobiles - 2 And 3 Wheelers,INE917I01010,Bajaj Auto Limited,2023-07-03 09:10:54,BAJAJ-AUTO
27-Jun-2023 15:25:58,,https://nsearchives.nseindia.com/corporate/BAJAJ-AUTO_27062023152558_BM178.pdf,Bajaj Auto Limited has informed the Exchange about Loss of Share Certificates,,,Loss of Share Certificates,00:00:07,27062023152558,27-Jun-2023 15:26:05,-,False,,,105539758,Automobiles - 2 And 3 Wheelers,INE917I01010,Bajaj Auto Limited,2023-06-27 15:25:58,BAJAJ-AUTO
23-Jun-2023 17:13:47,,https://nsearchives.nseindia.com/corporate/BAJAJ-AUTO_23062023171347_BS159.pdf,Bajaj Auto Limited has informed the Exchange about Loss of Share Certificates,,,Loss of Share Certificates,00:00:05,23062023171347,23-Jun-2023 17:13:52,-,False,,,105537428,Automobiles - 2 And 3 Wheelers,INE917I01010,Bajaj Auto Limited,2023-06-23 17:13:47,BAJAJ-AUTO
23-Jun-2023 14:23:33,,https://nsearchives.nseindia.com/corporate/BAJAJ-AUTO_23062023142333_BV63.pdf,Bajaj Auto Limited has informed the Exchange about Loss of Share Certificates,,,Loss of Share Certificates,00:00:03,23062023142333,23-Jun-2023 14:23:36,-,False,,,105537283,Automobiles - 2 And 3 Wheelers,INE917I01010,Bajaj Auto Limited,2023-06-23 14:23:33,BAJAJ-AUTO
13-Jun-2023 14:52:33,,https://nsearchives.nseindia.com/corporate/BAJAJ-AUTO_13062023145234_Intimationalongwithcommunication.pdf,"Bajaj Auto Limited has informed the Exchange regarding 'Communication to shareholders as per Reg 30' that the Company has sent a detailed communication to all theShareholders holding shares as on Friday, 09 June 2023, whose email addresses are registered with the Company/Depositories, indicating the process and documentation required for claiming exemption from deduction/ withholding of tax on dividends.",,,Updates,00:00:05,13062023145233,13-Jun-2023 14:52:38,-,False,,,105529329,Automobiles - 2 And 3 Wheelers,INE917I01010,Bajaj Auto Limited,2023-06-13 14:52:33,BAJAJ-AUTO
01-Jun-2023 09:08:54,,https://nsearchives.nseindia.com/corporate/BAJAJ-AUTO_01062023090854_PressReleaseMay23.pdf,"Bajaj Auto Limited has informed the Exchange regarding a press release dated Jun 01, 2023, titled ""Sales for the month of May 2023"".",,,Press Release,00:00:04,01062023090854,01-Jun-2023 09:08:58,-,False,,,105520659,Automobiles - 2 And 3 Wheelers,INE917I01010,Bajaj Auto Limited,2023-06-01 09:08:54,BAJAJ-AUTO
26-May-2023 11:52:43,,https://nsearchives.nseindia.com/corporate/BAJAJ-AUTO_26052023115243_IntimationtoSE.pdf,Bajaj Auto Limited has informed the Exchange about Copy of Newspaper Publication,,,Copy of Newspaper Publication,00:00:08,26052023115243,26-May-2023 11:52:51,-,False,,,105511629,Automobiles - 2 And 3 Wheelers,INE917I01010,Bajaj Auto Limited,2023-05-26 11:52:43,BAJAJ-AUTO
22-May-2023 14:45:40,,https://nsearchives.nseindia.com/corporate/BAJAJ-AUTO_22052023144540_ASCRMAY2023.pdf,Annual Secretarial Compliance Report for the financial year 2022-23,,,Annual Secretarial Compliance Report,00:00:07,22052023144540,22-May-2023 14:45:47,-,False,,,105505174,Automobiles - 2 And 3 Wheelers,INE917I01010,Bajaj Auto Limited,2023-05-22 14:45:40,BAJAJ-AUTO
18-May-2023 14:03:41,,https://nsearchives.nseindia.com/corporate/BAJAJ-AUTO_18052023140341_SELETTERInvestorconferenceMay2023.pdf,Bajaj Auto Limited has informed the Exchange about Schedule of meet,,,Analysts/Institutional Investor Meet/Con. Call Updates,00:00:04,18052023140341,18-May-2023 14:03:45,-,False,,,105501133,Automobiles - 2 And 3 Wheelers,INE917I01010,Bajaj Auto Limited,2023-05-18 14:03:41,BAJAJ-AUTO
18-May-2023 13:37:43,,https://nsearchives.nseindia.com/corporate/BAJAJ-AUTO_18052023133743_SELETTERInvestorconferenceMay2023.pdf,Bajaj Auto Limited has informed the Exchange about Schedule of meet,,,Analysts/Institutional Investor Meet/Con. Call Updates,00:00:05,18052023133743,18-May-2023 13:37:48,-,False,,,105501109,Automobiles - 2 And 3 Wheelers,INE917I01010,Bajaj Auto Limited,2023-05-18 13:37:43,BAJAJ-AUTO
03-May-2023 17:00:59,,https://nsearchives.nseindia.com/corporate/BAJAJ-AUTO_03052023170100_BALInvestorcallQ4FY23Transcript.pdf,Bajaj Auto Limited has informed the Exchange about Transcript,,,Analysts/Institutional Investor Meet/Con. Call Updates,00:00:04,03052023170059,03-May-2023 17:01:03,-,False,,,105485070,Automobiles - 2 And 3 Wheelers,INE917I01010,Bajaj Auto Limited,2023-05-03 17:00:59,BAJAJ-AUTO
02-May-2023 09:16:34,,https://nsearchives.nseindia.com/corporate/BAJAJ-AUTO_02052023091634_02052023.pdf,"Bajaj Auto Limited has informed the Exchange regarding a press release dated May 02, 2023, titled ""Sales for the month of April 2023"".",,,Press Release,00:00:02,02052023091634,02-May-2023 09:16:36,-,False,,,105483149,Automobiles - 2 And 3 Wheelers,INE917I01010,Bajaj Auto Limited,2023-05-02 09:16:34,BAJAJ-AUTO
26-Apr-2023 15:53:33,,https://nsearchives.nseindia.com/corporate/BAJAJ-AUTO_26042023155333_SELETTERConferenceCall.pdf,Bajaj Auto Limited has informed the Exchange about Link of Recording,,,Analysts/Institutional Investor Meet/Con. Call Updates,00:00:05,26042023155333,26-Apr-2023 15:53:38,-,False,,,105478999,Automobiles - 2 And 3 Wheelers,INE917I01010,Bajaj Auto Limited,2023-04-26 15:53:33,BAJAJ-AUTO
25-Apr-2023 19:33:57,,https://nsearchives.nseindia.com/corporate/BAJAJ-AUTO_25042023193357_CoveringLetter.pdf,Bajaj Auto Limited has informed the Exchange about Related Party Transactions,,,Related Party Transactions,00:00:04,25042023193357,25-Apr-2023 19:34:01,-,False,,,105478105,Automobiles - 2 And 3 Wheelers,INE917I01010,Bajaj Auto Limited,2023-04-25 19:33:57,BAJAJ-AUTO
25-Apr-2023 18:00:13,,https://nsearchives.nseindia.com/corporate/BAJAJ-AUTO_25042023180013_BALReappointmentWTD.pdf,Bajaj Auto Limited has informed the Exchange regarding Change in Director(s) of the company.,,,Change in Director(s),00:00:16,25042023180013,25-Apr-2023 18:00:29,-,False,,,105477949,Automobiles - 2 And 3 Wheelers,INE917I01010,Bajaj Auto Limited,2023-04-25 18:00:13,BAJAJ-AUTO
25-Apr-2023 17:49:12,,https://nsearchives.nseindia.com/corporate/BAJAJ-AUTO_25042023174912_BALNRCGrantofOptions31March2023.pdf,Bajaj Auto Limited has informed the Exchange regarding Grant of 477000  Options.,,,ESOP/ESOS/ESPS,00:00:05,25042023174912,25-Apr-2023 17:49:17,-,False,,,105477925,Automobiles - 2 And 3 Wheelers,INE917I01010,Bajaj Auto Limited,2023-04-25 17:49:12,BAJAJ-AUTO
25-Apr-2023 17:44:56,,https://nsearchives.nseindia.com/corporate/BAJAJ-AUTO_25042023174456_CoveringLetterAGM.pdf,"Bajaj Auto Limited has informed the Exchange regarding Notice of Annual General Meeting to be held on July 25, 2023",,,Shareholders meeting,00:00:03,25042023174456,25-Apr-2023 17:44:59,-,False,,,105477923,Automobiles - 2 And 3 Wheelers,INE917I01010,Bajaj Auto Limited,2023-04-25 17:44:56,BAJAJ-AUTO
25-Apr-2023 17:39:01,,https://nsearchives.nseindia.com/corporate/BAJAJ-AUTO_25042023173901_BALRecordDate.pdf,Bajaj Auto Limited has informed the Exchange that Record date for the purpose of Dividend  is 30-Jun-2023.,,,Record Date,00:00:07,25042023173901,25-Apr-2023 17:39:08,-,False,,,105477914,Automobiles - 2 And 3 Wheelers,INE917I01010,Bajaj Auto Limited,2023-04-25 17:39:01,BAJAJ-AUTO
25-Apr-2023 17:29:06,,https://nsearchives.nseindia.com/corporate/BAJAJ-AUTO_25042023172907_Results.pdf,"Bajaj Auto Limited has informed the Exchange that Board of Directors at its meeting held on April 25, 2023, recommended Final Dividend of 140 per equity share.",,,Dividend,00:00:05,25042023172906,25-Apr-2023 17:29:11,-,False,,,105477893,Automobiles - 2 And 3 Wheelers,INE917I01010,Bajaj Auto Limited,2023-04-25 17:29:06,BAJAJ-AUTO
25-Apr-2023 17:27:11,,https://nsearchives.nseindia.com/corporate/BAJAJ-AUTO_25042023172711_Results.pdf,Bajaj Auto Limited has informed the Exchange about Dividend Updates,,,Dividend Updates,00:00:02,25042023172711,25-Apr-2023 17:27:13,-,False,,,105477891,Automobiles - 2 And 3 Wheelers,INE917I01010,Bajaj Auto Limited,2023-04-25 17:27:11,BAJAJ-AUTO
25-Apr-2023 17:21:03,,https://nsearchives.nseindia.com/corporate/Results_25042023172103.pdf,"Bajaj Auto Limited has submitted to the Exchange, the financial results for the period ended March 31, 2023.",,,Financial Result Updates,00:00:05,25042023172103,25-Apr-2023 17:21:08,-,False,,,152519,Automobiles - 2 And 3 Wheelers,INE917I01010,Bajaj Auto Limited,2023-04-25 17:21:03,BAJAJ-AUTO
12-Apr-2023 17:55:02,,https://nsearchives.nseindia.com/corporate/BAJAJ-AUTO_12042023175502_SEletterInvestorCallQ4FY2023.pdf,Bajaj Auto Limited has informed the Exchange about Schedule of meet,,,Analysts/Institutional Investor Meet/Con. Call Updates,00:00:04,12042023175502,12-Apr-2023 17:55:06,-,False,,,105468025,Automobiles - 2 And 3 Wheelers,INE917I01010,Bajaj Auto Limited,2023-04-12 17:55:02,BAJAJ-AUTO
11-Apr-2023 22:26:00,,https://nsearchives.nseindia.com/corporate/BAJAJ-AUTO_11042023222600_BAJAJAUTO.pdf,"Niraj Bajaj��has Submitted to the Exchange a copy of Disclosure under Regulation 31(4) of the Securities and Exchange Board of India��(Substantial Acquisition of Shares and Takeovers) Regulations, 2011.��",,,Disclosure under SEBI Takeover Regulations,00:00:06,11042023222600,11-Apr-2023 22:26:06,-,False,,,105465396,Automobiles - 2 And 3 Wheelers,INE917I01010,Bajaj Auto Limited,2023-04-11 22:26:00,BAJAJ-AUTO
11-Apr-2023 14:25:30,,https://nsearchives.nseindia.com/corporate/BAJAJ-AUTO_11042023142530_BM44andBM87.pdf,Bajaj Auto Limited has informed the Exchange about Loss of Share Certificates,,,Loss of Share Certificates,00:00:07,11042023142530,11-Apr-2023 14:25:37,-,False,,,105466533,Automobiles - 2 And 3 Wheelers,INE917I01010,Bajaj Auto Limited,2023-04-11 14:25:30,BAJAJ-AUTO
10-Apr-2023 17:38:43,,https://nsearchives.nseindia.com/corporate/BAJAJ-AUTO_10042023173843_ComplianceCertificate74.pdf,"Bajaj Auto Limited has informed the Exchange about Certificate under SEBI (Depositories and Participants) Regulations, 2018",,,"Certificate under SEBI (Depositories and Participants) Regulations, 2018",00:00:05,10042023173843,10-Apr-2023 17:38:48,-,False,,,105465317,Automobiles - 2 And 3 Wheelers,INE917I01010,Bajaj Auto Limited,2023-04-10 17:38:43,BAJAJ-AUTO
10-Apr-2023 12:02:30,,https://nsearchives.nseindia.com/corporate/BAJAJ-AUTO_10042023120230_PR10042023.pdf,"Bajaj Auto Limited has informed the Exchange regarding a press release dated April 10, 2023, titled ""launch of the next phase of 'Bajaj Auto Ltd. & TriumphMotorcycle Ltd. partnership operations in India'."".",,,Press Release,00:00:08,10042023120230,10-Apr-2023 12:02:38,-,False,,,105464924,Automobiles - 2 And 3 Wheelers,INE917I01010,Bajaj Auto Limited,2023-04-10 12:02:30,BAJAJ-AUTO
05-Apr-2023 09:18:03,,https://nsearchives.nseindia.com/corporate/BAJAJ-AUTO_05042023091803_SalesReport_March2023.pdf,"Bajaj Auto Limited has informed the Exchange regarding a press release dated April 05, 2023, titled ""Sales for the month of March 2023"".",,,Press Release,00:00:08,05042023091803,05-Apr-2023 09:18:11,-,False,,,105461904,Automobiles - 2 And 3 Wheelers,INE917I01010,Bajaj Auto Limited,2023-04-05 09:18:03,BAJAJ-AUTO
01-Mar-2023 09:19:21,,https://nsearchives.nseindia.com/corporate/BAJAJ-AUTO_01032023091921_press01032023.pdf,"Bajaj Auto Limited has informed the Exchange regarding a press release dated March 01, 2023, titled ""Bajaj Auto Limited has informed the Exchange regarding a press release dated March 01, 2023, titled ""Sales for the month of February 2023"""".",,,Press Release,00:00:08,01032023091921,01-Mar-2023 09:19:29,-,False,,,105438024,Automobiles - 2 And 3 Wheelers,INE917I01010,Bajaj Auto Limited,2023-03-01 09:19:21,BAJAJ-AUTO
24-Feb-2023 11:47:18,,https://nsearchives.nseindia.com/corporate/BAJAJ-AUTO_24022023114718_BV62.pdf,Bajaj Auto Limited has informed the Exchange about Loss of Share Certificates,,,Loss of Share Certificates,00:00:05,24022023114718,24-Feb-2023 11:47:23,-,False,,,105435286,Automobiles - 2 And 3 Wheelers,INE917I01010,Bajaj Auto Limited,2023-02-24 11:47:18,BAJAJ-AUTO
23-Feb-2023 11:19:43,,https://nsearchives.nseindia.com/corporate/BAJAJ-AUTO_23022023111943_BL12.pdf,Bajaj Auto Limited has informed the Exchange about Loss of Share Certificates,,,Loss of Share Certificates,00:00:06,23022023111943,23-Feb-2023 11:19:49,-,False,,,105434452,Automobiles - 2 And 3 Wheelers,INE917I01010,Bajaj Auto Limited,2023-02-23 11:19:43,BAJAJ-AUTO
10-Feb-2023 17:42:45,,https://nsearchives.nseindia.com/corporate/BAJAJ-AUTO_10022023174245_BF12andBA204.pdf,Bajaj Auto Limited has informed the Exchange about Loss of Share Certificates,,,Loss of Share Certificates,00:00:04,10022023174245,10-Feb-2023 17:42:49,-,False,,,105424056,Automobiles - 2 And 3 Wheelers,INE917I01010,Bajaj Auto Limited,2023-02-10 17:42:45,BAJAJ-AUTO
06-Feb-2023 11:26:58,,https://nsearchives.nseindia.com/corporate/BAJAJ-AUTO_06022023112658_SELETTERInvestorconferenceFeb2023.pdf,Bajaj Auto Limited has informed the Exchange about Schedule of meet,,,Analysts/Institutional Investor Meet/Con. Call Updates,00:00:08,06022023112658,06-Feb-2023 11:27:06,-,False,,,105418380,Automobiles - 2 And 3 Wheelers,INE917I01010,Bajaj Auto Limited,2023-02-06 11:26:58,BAJAJ-AUTO
03-Feb-2023 17:29:26,,https://nsearchives.nseindia.com/corporate/BAJAJ-AUTO_03022023172926_RajendraJoshi.pdf,Bajaj Auto Limited has informed the Exchange about Loss of Share Certificates,,,Loss of Share Certificates,00:00:04,03022023172926,03-Feb-2023 17:29:30,-,False,,,105417044,Automobiles - 2 And 3 Wheelers,INE917I01010,Bajaj Auto Limited,2023-02-03 17:29:26,BAJAJ-AUTO
02-Feb-2023 11:22:09,,https://nsearchives.nseindia.com/corporate/BAJAJ-AUTO_02022023112209_BALinvestorcallQ3FY23transcript.pdf,Bajaj Auto Limited has informed the Exchange about Transcript,,,Analysts/Institutional Investor Meet/Con. Call Updates,00:00:07,02022023112209,02-Feb-2023 11:22:16,-,False,,,105415080,Automobiles - 2 And 3 Wheelers,INE917I01010,Bajaj Auto Limited,2023-02-02 11:22:09,BAJAJ-AUTO
01-Feb-2023 09:12:56,,https://nsearchives.nseindia.com/corporate/BAJAJ-AUTO_01022023091256_SALESJAN2023.pdf,"Bajaj Auto Limited has informed the Exchange regarding a press release dated February 01, 2023, titled ""Sales for the month of January 2023"".",,,Press Release,00:00:04,01022023091256,01-Feb-2023 09:13:00,-,False,,,105413585,Automobiles - 2 And 3 Wheelers,INE917I01010,Bajaj Auto Limited,2023-02-01 09:12:56,BAJAJ-AUTO
26-Jan-2023 11:49:36,,https://nsearchives.nseindia.com/corporate/BAJAJ-AUTO_26012023114936_BALinvestorcallQ3FY23recording.pdf,Bajaj Auto Limited has informed the Exchange about Link of Recording,,,Analysts/Institutional Investor Meet/Con. Call Updates,00:00:06,26012023114936,26-Jan-2023 11:49:42,-,False,,,105409516,Automobiles - 2 And 3 Wheelers,INE917I01010,Bajaj Auto Limited,2023-01-26 11:49:36,BAJAJ-AUTO
25-Jan-2023 15:30:57,,https://nsearchives.nseindia.com/corporate/BAJAJ-AUTO_25012023153057_Results.pdf,"Bajaj Auto Limited has informed the Exchange regarding Outcome of Board Meeting held on January 25, 2023.",,,Outcome of Board Meeting,00:00:05,25012023153057,25-Jan-2023 15:31:02,-,False,,,105408799,Automobiles - 2 And 3 Wheelers,INE917I01010,Bajaj Auto Limited,2023-01-25 15:30:57,BAJAJ-AUTO
25-Jan-2023 15:28:18,,https://nsearchives.nseindia.com/corporate/Results_25012023152818.pdf,"Bajaj Auto Limited has submitted to the Exchange, the financial results for the period ended December 31, 2022.",,,Financial Result Updates,00:00:11,25012023152818,25-Jan-2023 15:28:29,-,False,,,150757,Automobiles - 2 And 3 Wheelers,INE917I01010,Bajaj Auto Limited,2023-01-25 15:28:18,BAJAJ-AUTO
20-Jan-2023 13:57:45,,https://nsearchives.nseindia.com/corporate/BAJAJ-AUTO_20012023135745_SEIntimationNewspaperAdvertisement.pdf,Bajaj Auto Limited has informed the Exchange about Copy of Newspaper Publication,,,Copy of Newspaper Publication,00:00:04,20012023135745,20-Jan-2023 13:57:49,-,False,,,105405037,Automobiles - 2 And 3 Wheelers,INE917I01010,Bajaj Auto Limited,2023-01-20 13:57:45,BAJAJ-AUTO
11-Jan-2023 16:40:03,,https://nsearchives.nseindia.com/corporate/BAJAJ-AUTO_11012023164003_ComplianceCertificate74.pdf,"Bajaj Auto Limited has informed the Exchange about Certificate under SEBI (Depositories and Participants) Regulations, 2018",,,"Certificate under SEBI (Depositories and Participants) Regulations, 2018",00:00:06,11012023164003,11-Jan-2023 16:40:09,-,False,,,105398418,Automobiles - 2 And 3 Wheelers,INE917I01010,Bajaj Auto Limited,2023-01-11 16:40:03,BAJAJ-AUTO
05-Jan-2023 16:44:31,,https://nsearchives.nseindia.com/corporate/BAJAJ-AUTO_05012023164431_SEintimationBC69.pdf,Bajaj Auto Limited has informed the Exchange about Loss of Share Certificates,,,Loss of Share Certificates,00:00:05,05012023164431,05-Jan-2023 16:44:36,-,False,,,105394070,Automobiles - 2 And 3 Wheelers,INE917I01010,Bajaj Auto Limited,2023-01-05 16:44:31,BAJAJ-AUTO
03-Jan-2023 15:04:35,,https://nsearchives.nseindia.com/corporate/BAJAJ-AUTO_03012023150435_BALInvestorcallQ3FY23.pdf,Bajaj Auto Limited has informed the Exchange about Schedule of meet,,,Analysts/Institutional Investor Meet/Con. Call Updates,00:00:06,03012023150435,03-Jan-2023 15:04:41,-,False,,,105392244,Automobiles - 2 And 3 Wheelers,INE917I01010,Bajaj Auto Limited,2023-01-03 15:04:35,BAJAJ-AUTO
02-Jan-2023 09:06:46,,https://nsearchives.nseindia.com/corporate/BAJAJ-AUTO_02012023090646_SalesReportDecember2022.pdf,"Bajaj Auto Limited has informed the Exchange regarding a press release dated January 02, 2023, titled ""Sales for the month of December 2022"".",,,Press Release,00:00:02,02012023090646,02-Jan-2023 09:06:48,-,False,,,105391027,Automobiles - 2 And 3 Wheelers,INE917I01010,Bajaj Auto Limited,2023-01-02 09:06:46,BAJAJ-AUTO
30-Dec-2022 17:51:05,,https://nsearchives.nseindia.com/corporate/BAJAJ-AUTO_30122022175105_StockexchangeintimationBS221.pdf,Bajaj Auto Limited has informed the Exchange about Loss of Share Certificates,,,Loss of Share Certificates,00:00:07,30122022175105,30-Dec-2022 17:51:12,-,False,,,105390015,Automobiles - 2 And 3 Wheelers,INE917I01010,Bajaj Auto Limited,2022-12-30 17:51:05,BAJAJ-AUTO
15-Dec-2022 10:16:51,,https://nsearchives.nseindia.com/corporate/BAJAJ-AUTO_15122022101651_SELETTERInvestorconferenceDec2022.pdf,Bajaj Auto Limited has informed the Exchange about Schedule of Analysts/Institutional Investor Meet/Con. Call ,,,Schedule of Analysts/Institutional Investor Meet/Con. Call,00:00:05,15122022101651,15-Dec-2022 10:16:56,-,False,,,5130783,Automobiles - 2 And 3 Wheelers,INE917I01010,Bajaj Auto Limited,2022-12-15 10:16:51,BAJAJ-AUTO
01-Dec-2022 09:11:00,,https://nsearchives.nseindia.com/corporate/BAJAJ-AUTO_01122022091100_01122022.pdf,Bajaj Auto Limited has informed the Exchange about press release dated 01-Dec-2022 titled sales for the month of November 2022,,,Press Release,00:00:03,01122022091100,01-Dec-2022 09:11:03,-,False,,,5127050,Automobiles - 2 And 3 Wheelers,INE917I01010,Bajaj Auto Limited,2022-12-01 09:11:00,BAJAJ-AUTO
30-Nov-2022 15:50:36,,https://nsearchives.nseindia.com/corporate/BAJAJ-AUTO_30112022155036_IntimationtoSE.pdf,Bajaj Auto Limited has informed the Exchange about Loss of share certificate,,,Loss of share certificate,00:00:04,30112022155036,30-Nov-2022 15:50:40,-,False,,,5126846,Automobiles - 2 And 3 Wheelers,INE917I01010,Bajaj Auto Limited,2022-11-30 15:50:36,BAJAJ-AUTO
21-Nov-2022 17:00:00,,https://nsearchives.nseindia.com/corporate/BAJAJ-AUTO_21112022170000_BALscrutinisersreport2022.pdf,Bajaj Auto Limited has informed the Exchange about  Scrutinizer report of Postal Ballot,,,Postal Ballot,00:00:05,21112022170000,21-Nov-2022 17:00:05,-,False,,,5123413,Automobiles - 2 And 3 Wheelers,INE917I01010,Bajaj Auto Limited,2022-11-21 17:00:00,BAJAJ-AUTO
11-Nov-2022 18:21:36,,https://nsearchives.nseindia.com/corporate/BAJAJ-AUTO_11112022182136_SELETTERInvestorconferenceNov2022.pdf,Bajaj Auto Limited has informed the Exchange about Schedule of Analysts/Institutional Investor Meet/Con. Call ,,,Schedule of Analysts/Institutional Investor Meet/Con. Call,00:00:03,11112022182136,11-Nov-2022 18:21:39,-,False,,,5117968,Automobiles - 2 And 3 Wheelers,INE917I01010,Bajaj Auto Limited,2022-11-11 18:21:36,BAJAJ-AUTO
01-Nov-2022 09:13:42,,https://nsearchives.nseindia.com/corporate/BAJAJ-AUTO_01112022091342_PressreleaseNovember2022.pdf,Bajaj Auto Limited has informed the Exchange about press release dated 01-Nov-2022 titled sales for the month October 2022.,,,Press Release,00:00:02,01112022091342,01-Nov-2022 09:13:44,-,False,,,5110449,Automobiles - 2 And 3 Wheelers,INE917I01010,Bajaj Auto Limited,2022-11-01 09:13:42,BAJAJ-AUTO
22-Oct-2022 13:05:48,,https://nsearchives.nseindia.com/corporate/BAJAJ-AUTO_22102022130548_BALPostalBallotNewspaper.pdf,Bajaj Auto Limited has informed the Exchange about Newspaper Advertisements,,,Newspaper Advertisements,00:00:05,22102022130548,22-Oct-2022 13:05:53,-,False,,,5108173,Automobiles - 2 And 3 Wheelers,INE917I01010,Bajaj Auto Limited,2022-10-22 13:05:48,BAJAJ-AUTO
21-Oct-2022 19:05:45,,https://nsearchives.nseindia.com/corporate/BAJAJ-AUTO_21102022190545_BALpostalballotnotice.pdf,Bajaj Auto Limited has informed the Exchange about Notice of Postal Ballot,,,Postal Ballot,00:00:03,21102022190545,21-Oct-2022 19:05:48,-,False,,,5107940,Automobiles - 2 And 3 Wheelers,INE917I01010,Bajaj Auto Limited,2022-10-21 19:05:45,BAJAJ-AUTO
21-Oct-2022 17:18:18,,https://nsearchives.nseindia.com/corporate/BAJAJ-AUTO_21102022171818_Scan.pdf,"Bajaj Auto Limited has informed the Exchange about communication to shareholders as per Regulation 30 of SEBI (Listing Obligations and Disclosure Requirements) Regulations, 2015",,,Communication to shareholders as per Reg 30,00:00:02,21102022171818,21-Oct-2022 17:18:20,-,False,,,5107779,Automobiles - 2 And 3 Wheelers,INE917I01010,Bajaj Auto Limited,2022-10-21 17:18:18,BAJAJ-AUTO
21-Oct-2022 15:35:00,,https://nsearchives.nseindia.com/corporate/BAJAJ-AUTO_21102022153500_RPT30SEP2022.pdf,Bajaj Auto Limited has informed the Exchange about related party transaction for the period ended September 2022,,,Related Party Transaction,00:00:04,21102022153500,21-Oct-2022 15:35:04,-,False,,,5107617,Automobiles - 2 And 3 Wheelers,INE917I01010,Bajaj Auto Limited,2022-10-21 15:35:00,BAJAJ-AUTO
20-Oct-2022 17:41:00,,https://nsearchives.nseindia.com/corporate/BAJAJ-AUTO_20102022174100_BALinvestorcallQ2FY23transcript.pdf,Bajaj Auto Limited has informed the Exchange about Transcript of Analysts/Institutional Investor Meet/Con. Call ,,,Transcript of Analysts/Institutional Investor Meet/Con. Call,00:00:05,20102022174100,20-Oct-2022 17:41:05,-,False,,,5107073,Automobiles - 2 And 3 Wheelers,INE917I01010,Bajaj Auto Limited,2022-10-20 17:41:00,BAJAJ-AUTO
17-Oct-2022 14:44:09,,https://nsearchives.nseindia.com/corporate/BAJAJ-AUTO_17102022144409_IntimationtoSE17.10.2022.pdf,Bajaj Auto Limited has informed the Exchange about Loss of share certificate,,,Loss of share certificate,00:00:10,17102022144409,17-Oct-2022 14:44:19,-,False,,,5105296,Automobiles - 2 And 3 Wheelers,INE917I01010,Bajaj Auto Limited,2022-10-17 14:44:09,BAJAJ-AUTO
15-Oct-2022 17:42:15,,https://nsearchives.nseindia.com/corporate/BAJAJ-AUTO_15102022174215_BALinvestorcallQ2FY23recording.pdf,Bajaj Auto Limited has informed the Exchange about Recording of Analysts/Institutional Investor Meet/Con. Call,,,Recording of Analysts/Institutional Investor Meet/Con. Call,00:00:03,15102022174215,15-Oct-2022 17:42:18,-,False,,,5105053,Automobiles - 2 And 3 Wheelers,INE917I01010,Bajaj Auto Limited,2022-10-15 17:42:15,BAJAJ-AUTO
14-Oct-2022 16:20:39,,https://nsearchives.nseindia.com/corporate/BAJAJ-AUTO_14102022162039_Intimation.pdf,Bajaj Auto Limited  has informed the Exchange about Board Meeting held on 14-Oct-2022 to consider financial statements for the period ended September 2022,,,Outcome of Board Meeting,00:00:05,14102022162039,14-Oct-2022 16:20:44,-,False,,,5104576,Automobiles - 2 And 3 Wheelers,INE917I01010,Bajaj Auto Limited,2022-10-14 16:20:39,BAJAJ-AUTO
14-Oct-2022 15:18:48,,https://nsearchives.nseindia.com/corporate/BAJAJ-AUTO_14102022151848_SEintimationPostBBPAPublication.pdf,Bajaj Auto Limited has informed the Exchange about Post Buyback Public Announcement,,,Post Buyback Public Announcement,00:00:04,14102022151848,14-Oct-2022 15:18:52,-,False,,,5104524,Automobiles - 2 And 3 Wheelers,INE917I01010,Bajaj Auto Limited,2022-10-14 15:18:48,BAJAJ-AUTO
11-Oct-2022 12:14:00,,https://nsearchives.nseindia.com/corporate/BAJAJ-AUTO_11102022121400_BALBSENSEinvestorcallQ2FY23.pdf,Bajaj Auto Limited has informed the Exchange about Schedule of Analysts/Institutional Investor Meet/Con. Call ,,,Schedule of Analysts/Institutional Investor Meet/Con. Call,00:00:13,11102022121400,11-Oct-2022 12:14:13,-,False,,,5102841,Automobiles - 2 And 3 Wheelers,INE917I01010,Bajaj Auto Limited,2022-10-11 12:14:00,BAJAJ-AUTO
10-Oct-2022 19:53:12,,https://nsearchives.nseindia.com/corporate/BAJAJ-AUTO_10102022195312_BALSEIntimationClosureofBuyback10102022.pdf,Bajaj Auto Limited has informed the Exchange about Closure of Buyback,,,Closure of Buyback,00:00:05,10102022195312,10-Oct-2022 19:53:17,-,False,,,5102662,Automobiles - 2 And 3 Wheelers,INE917I01010,Bajaj Auto Limited,2022-10-10 19:53:12,BAJAJ-AUTO
10-Oct-2022 11:36:48,,https://nsearchives.nseindia.com/corporate/BAJAJ-AUTO_10102022113648_Q2_745_SEPT.pdf,"Bajaj Auto Limited has informed the Exchange about Bajaj Auto Limited has informed the Exchange about Certificate under Regulation 74(5) of SEBI (Depositories and Participants) Regulations, 2018 for the quarter ended 30 September 2022.",,,General updates,00:00:03,10102022113648,10-Oct-2022 11:36:51,-,False,,,5102185,Automobiles - 2 And 3 Wheelers,INE917I01010,Bajaj Auto Limited,2022-10-10 11:36:48,BAJAJ-AUTO
03-Oct-2022 09:17:42,,https://nsearchives.nseindia.com/corporate/BAJAJ-AUTO_03102022091742_Final.pdf,Bajaj Auto Limited has informed the Exchange about press release dated 03-Oct-2022 titled sales for the month september 2022.,,,Press Release,00:00:07,03102022091742,03-Oct-2022 09:17:49,-,False,,,5100229,Automobiles - 2 And 3 Wheelers,INE917I01010,Bajaj Auto Limited,2022-10-03 09:17:42,BAJAJ-AUTO
01-Sep-2022 09:14:18,,https://nsearchives.nseindia.com/corporate/BAJAJ-AUTO_01092022091418_01092022.pdf,Bajaj Auto Limited has informed the Exchange about press release dated 01-Sep-2022 titled sales for the month of August 2022,,,Press Release,00:00:02,01092022091418,01-Sep-2022 09:14:20,-,False,,,5084539,Automobiles - 2 And 3 Wheelers,INE917I01010,Bajaj Auto Limited,2022-09-01 09:14:18,BAJAJ-AUTO
22-Aug-2022 17:05:51,,https://nsearchives.nseindia.com/corporate/BAJAJ-AUTO_22082022170551_LOSSOFSHARESSEINTIMATION22082022.pdf,Bajaj Auto Limited has informed the Exchange about Loss of share certificate,,,Loss of share certificate,00:00:03,22082022170551,22-Aug-2022 17:05:54,-,False,,,5080416,Automobiles - 2 And 3 Wheelers,INE917I01010,Bajaj Auto Limited,2022-08-22 17:05:51,BAJAJ-AUTO
03-Aug-2022 17:00:24,,https://nsearchives.nseindia.com/corporate/BAJAJ-AUTO_03082022170024_BALinvestorcallQ1FY23transcript.pdf,Bajaj Auto Limited has informed the Exchange about Transcript of Analysts/Institutional Investor Meet/Con. Call ,,,Transcript of Analysts/Institutional Investor Meet/Con. Call,00:00:18,03082022170024,03-Aug-2022 17:00:42,-,False,,,5069640,Automobiles - 2 And 3 Wheelers,INE917I01010,Bajaj Auto Limited,2022-08-03 17:00:24,BAJAJ-AUTO
01-Aug-2022 09:16:18,,https://nsearchives.nseindia.com/corporate/BAJAJ-AUTO_01082022091618_Pressreleasejuly2022.pdf,Bajaj Auto Limited has informed the Exchange about press release dated 01-Aug-2022 titled sales for the month of July 2022.,,,Press Release,00:00:04,01082022091618,01-Aug-2022 09:16:22,-,False,,,5067559,Automobiles - 2 And 3 Wheelers,INE917I01010,Bajaj Auto Limited,2022-08-01 09:16:18,BAJAJ-AUTO
27-Jul-2022 17:52:06,,https://nsearchives.nseindia.com/corporate/BAJAJ-AUTO_27072022175206_BALinvestorcallQ1FY23recording.pdf,Bajaj Auto Limited has informed the Exchange about Recording of Analysts/Institutional Investor Meet/Con. Call,,,Recording of Analysts/Institutional Investor Meet/Con. Call,00:00:06,27072022175206,27-Jul-2022 17:52:12,-,False,,,5065215,Automobiles - 2 And 3 Wheelers,INE917I01010,Bajaj Auto Limited,2022-07-27 17:52:06,BAJAJ-AUTO
27-Jul-2022 16:17:33,,https://nsearchives.nseindia.com/corporate/BAJAJ-AUTO_27072022161733_scrutinizersreport.pdf,Bajaj Auto Limited has informed the Exchange about Voting results and  Scrutinizer report of Annual General Meeting held on 26-Jul-2022,,,Annual General Meeting,00:00:04,27072022161733,27-Jul-2022 16:17:37,-,False,,,5065080,Automobiles - 2 And 3 Wheelers,INE917I01010,Bajaj Auto Limited,2022-07-27 16:17:33,BAJAJ-AUTO
27-Jul-2022 15:26:36,,https://nsearchives.nseindia.com/corporate/BAJAJ-AUTO_27072022152636_BALSESummaryofproceedings15thAnnualGeneralMeeting.pdf,Bajaj Auto Limited has informed the Exchange about  Proceedings of Annual General Meeting held on 26-Jul-2022,,,Annual General Meeting,00:00:02,27072022152636,27-Jul-2022 15:26:38,-,False,,,5065007,Automobiles - 2 And 3 Wheelers,INE917I01010,Bajaj Auto Limited,2022-07-27 15:26:36,BAJAJ-AUTO
26-Jul-2022 13:54:18,,https://nsearchives.nseindia.com/corporate/BAJAJ-AUTO_26072022135416_intimation.pdf,Bajaj Auto Limited  has informed the Exchange about Board Meeting held on 26-Jul-2022 to consider financial statements for the period ended June 2022,,,Outcome of Board Meeting,00:00:04,26072022135418,26-Jul-2022 13:54:22,-,False,,,5064282,Automobiles - 2 And 3 Wheelers,INE917I01010,Bajaj Auto Limited,2022-07-26 13:54:18,BAJAJ-AUTO
25-Jul-2022 17:09:27,,https://nsearchives.nseindia.com/corporate/BAJAJ-AUTO_25072022170927_BB25062022.pdf,Bajaj Auto Limited has informed the Exchange about Daily Buy Back of securities,,,Daily Buy Back of securities,00:00:03,25072022170927,25-Jul-2022 17:09:30,-,False,,,5063891,Automobiles - 2 And 3 Wheelers,INE917I01010,Bajaj Auto Limited,2022-07-25 17:09:27,BAJAJ-AUTO
22-Jul-2022 18:33:48,,https://nsearchives.nseindia.com/corporate/BAJAJ-AUTO_22072022183348_BBDAILY22072022.pdf,Bajaj Auto Limited has informed the Exchange about Daily Buy Back of securities,,,Daily Buy Back of securities,00:00:03,22072022183348,22-Jul-2022 18:33:51,-,False,,,5063110,Automobiles - 2 And 3 Wheelers,INE917I01010,Bajaj Auto Limited,2022-07-22 18:33:48,BAJAJ-AUTO
22-Jul-2022 11:56:30,,https://nsearchives.nseindia.com/corporate/BAJAJ-AUTO_22072022115627_BALBSENSEinvestorcallQ1FY23.pdf,Bajaj Auto Limited has informed the Exchange about Schedule of Analysts/Institutional Investor Meet/Con. Call ,,,Schedule of Analysts/Institutional Investor Meet/Con. Call,00:00:01,22072022115630,22-Jul-2022 11:56:31,-,False,,,5062699,Automobiles - 2 And 3 Wheelers,INE917I01010,Bajaj Auto Limited,2022-07-22 11:56:30,BAJAJ-AUTO
21-Jul-2022 17:32:45,,https://nsearchives.nseindia.com/corporate/BAJAJ-AUTO_21072022173245_BALBuybackDailyReport210722.pdf,Bajaj Auto Limited has informed the Exchange about Daily Buy Back of securities,,,Daily Buy Back of securities,00:00:02,21072022173245,21-Jul-2022 17:32:47,-,False,,,5062416,Automobiles - 2 And 3 Wheelers,INE917I01010,Bajaj Auto Limited,2022-07-21 17:32:45,BAJAJ-AUTO
20-Jul-2022 18:23:39,,https://nsearchives.nseindia.com/corporate/BAJAJ-AUTO_20072022182339_BALBuybackDailyReport200722.pdf,Bajaj Auto Limited has informed the Exchange about Daily Buy Back of securities,,,Daily Buy Back of securities,00:00:03,20072022182339,20-Jul-2022 18:23:42,-,False,,,5061836,Automobiles - 2 And 3 Wheelers,INE917I01010,Bajaj Auto Limited,2022-07-20 18:23:39,BAJAJ-AUTO
19-Jul-2022 17:46:51,,https://nsearchives.nseindia.com/corporate/BAJAJ-AUTO_19072022174651_BALBuybackDailyReport190722.pdf,Bajaj Auto Limited has informed the Exchange about Daily Buy Back of securities,,,Daily Buy Back of securities,00:00:04,19072022174651,19-Jul-2022 17:46:55,-,False,,,5061167,Automobiles - 2 And 3 Wheelers,INE917I01010,Bajaj Auto Limited,2022-07-19 17:46:51,BAJAJ-AUTO
18-Jul-2022 17:45:12,,https://nsearchives.nseindia.com/corporate/BAJAJ-AUTO_18072022174512_BALBuybackDailyReport180722.pdf,Bajaj Auto Limited has informed the Exchange about Daily Buy Back of securities,,,Daily Buy Back of securities,00:00:04,18072022174512,18-Jul-2022 17:45:16,-,False,,,5060652,Automobiles - 2 And 3 Wheelers,INE917I01010,Bajaj Auto Limited,2022-07-18 17:45:12,BAJAJ-AUTO
15-Jul-2022 18:02:57,,https://nsearchives.nseindia.com/corporate/BAJAJ-AUTO_15072022180257_BALBuybackDailyReport150722.pdf,Bajaj Auto Limited has informed the Exchange about Daily Buy Back of securities,,,Daily Buy Back of securities,00:00:04,15072022180257,15-Jul-2022 18:03:01,-,False,,,5059884,Automobiles - 2 And 3 Wheelers,INE917I01010,Bajaj Auto Limited,2022-07-15 18:02:57,BAJAJ-AUTO
15-Jul-2022 15:38:33,,https://nsearchives.nseindia.com/corporate/BAJAJ-AUTO_15072022153833_745_june_2022_final.pdf,"Bajaj Auto Limited has informed the Exchange about Certificate under Regulation 74(5) of SEBI (Depositories and Participants) Regulations, 2018 for the quarter ended 30 June 2022.",,,General updates,00:00:05,15072022153833,15-Jul-2022 15:38:38,-,False,,,5059663,Automobiles - 2 And 3 Wheelers,INE917I01010,Bajaj Auto Limited,2022-07-15 15:38:33,BAJAJ-AUTO
14-Jul-2022 17:38:20,,https://nsearchives.nseindia.com/corporate/BAJAJ-AUTO_14072022173820_BALBuybackDailyReport140722.pdf,Bajaj Auto Limited has informed the Exchange about Daily Buy Back of securities,,,Daily Buy Back of securities,00:00:04,14072022173820,14-Jul-2022 17:38:24,-,False,,,5059309,Automobiles - 2 And 3 Wheelers,INE917I01010,Bajaj Auto Limited,2022-07-14 17:38:20,BAJAJ-AUTO
13-Jul-2022 17:36:42,,https://nsearchives.nseindia.com/corporate/BAJAJ-AUTO_13072022173642_BALBuybackDailyReport130722.pdf,Bajaj Auto Limited has informed the Exchange about Daily Buy Back of securities,,,Daily Buy Back of securities,00:00:03,13072022173642,13-Jul-2022 17:36:45,-,False,,,5058846,Automobiles - 2 And 3 Wheelers,INE917I01010,Bajaj Auto Limited,2022-07-13 17:36:42,BAJAJ-AUTO
12-Jul-2022 17:27:57,,https://nsearchives.nseindia.com/corporate/BAJAJ-AUTO_12072022172757_BALBuybackDailyReport120722.pdf,Bajaj Auto Limited has informed the Exchange about Daily Buy Back of securities,,,Daily Buy Back of securities,00:00:03,12072022172757,12-Jul-2022 17:28:00,-,False,,,5058304,Automobiles - 2 And 3 Wheelers,INE917I01010,Bajaj Auto Limited,2022-07-12 17:27:57,BAJAJ-AUTO
11-Jul-2022 17:29:27,,https://nsearchives.nseindia.com/corporate/BAJAJ-AUTO_11072022172927_BALBuybackDailyReport110722.pdf,Bajaj Auto Limited has informed the Exchange about Daily Buy Back of securities,,,Daily Buy Back of securities,00:00:03,11072022172927,11-Jul-2022 17:29:30,-,False,,,5057796,Automobiles - 2 And 3 Wheelers,INE917I01010,Bajaj Auto Limited,2022-07-11 17:29:27,BAJAJ-AUTO
08-Jul-2022 18:03:21,,https://nsearchives.nseindia.com/corporate/BAJAJ-AUTO_08072022180321_080720222.pdf,Bajaj Auto Limited has informed the Exchange about Daily Buy Back of securities,,,Daily Buy Back of securities,00:00:05,08072022180321,08-Jul-2022 18:03:26,-,False,,,5057029,Automobiles - 2 And 3 Wheelers,INE917I01010,Bajaj Auto Limited,2022-07-08 18:03:21,BAJAJ-AUTO
07-Jul-2022 17:53:39,,https://nsearchives.nseindia.com/corporate/BAJAJ-AUTO_07072022175339_07062022.pdf,Bajaj Auto Limited has informed the Exchange about Daily Buy Back of securities,,,Daily Buy Back of securities,00:00:02,07072022175339,07-Jul-2022 17:53:41,-,False,,,5056508,Automobiles - 2 And 3 Wheelers,INE917I01010,Bajaj Auto Limited,2022-07-07 17:53:39,BAJAJ-AUTO
06-Jul-2022 18:11:54,,https://nsearchives.nseindia.com/corporate/BAJAJ-AUTO_06072022181154_Dailytrading.pdf,Bajaj Auto Limited has informed the Exchange about Daily Buy Back of securities,,,Daily Buy Back of securities,00:00:04,06072022181154,06-Jul-2022 18:11:58,-,False,,,5055960,Automobiles - 2 And 3 Wheelers,INE917I01010,Bajaj Auto Limited,2022-07-06 18:11:54,BAJAJ-AUTO
05-Jul-2022 18:39:39,,https://nsearchives.nseindia.com/corporate/BAJAJ-AUTO_05072022183937_BALBuybackDailyReport050722.pdf,Bajaj Auto Limited has informed the Exchange about Daily Buy Back of securities,,,Daily Buy Back of securities,00:00:04,05072022183939,05-Jul-2022 18:39:43,-,False,,,5055435,Automobiles - 2 And 3 Wheelers,INE917I01010,Bajaj Auto Limited,2022-07-05 18:39:39,BAJAJ-AUTO
05-Jul-2022 14:53:57,,https://nsearchives.nseindia.com/corporate/BAJAJ-AUTO_05072022145357_BALnewspaperpublication.pdf,Bajaj Auto Limited has informed the Exchange about Newspaper Advertisement,,,Newspaper Advertisements,00:00:02,05072022145357,05-Jul-2022 14:53:59,-,False,,,5055202,Automobiles - 2 And 3 Wheelers,INE917I01010,Bajaj Auto Limited,2022-07-05 14:53:57,BAJAJ-AUTO
04-Jul-2022 20:22:18,,https://nsearchives.nseindia.com/corporate/BAJAJ-AUTO_04072022202218_BALReg34AR2022.pdf,Bajaj Auto Limited has informed the Exchange about Annual Report for FY2022,,,General updates,00:00:04,04072022202218,04-Jul-2022 20:22:22,-,False,,,5055042,Automobiles - 2 And 3 Wheelers,INE917I01010,Bajaj Auto Limited,2022-07-04 20:22:18,BAJAJ-AUTO
04-Jul-2022 20:01:33,,https://nsearchives.nseindia.com/corporate/BAJAJ-AUTO_04072022200133_BALAGMNotice26July2022.pdf,Bajaj Auto Limited has informed the Exchange about Notice of Annual General Meeting to be held on 26-Jul-2022,,,Annual General Meeting,00:00:09,04072022200133,04-Jul-2022 20:01:42,-,False,,,5055033,Automobiles - 2 And 3 Wheelers,INE917I01010,Bajaj Auto Limited,2022-07-04 20:01:33,BAJAJ-AUTO
04-Jul-2022 18:38:45,,https://nsearchives.nseindia.com/corporate/BAJAJ-AUTO_04072022183845_BALBuybackDailyReport040722.pdf,Bajaj Auto Limited has informed the Exchange about Daily Buy Back of securities,,,Daily Buy Back of securities,00:00:02,04072022183845,04-Jul-2022 18:38:47,-,False,,,5054985,Automobiles - 2 And 3 Wheelers,INE917I01010,Bajaj Auto Limited,2022-07-04 18:38:45,BAJAJ-AUTO
04-Jul-2022 11:18:03,,https://nsearchives.nseindia.com/corporate/BAJAJ-AUTO_04072022111803_BALCommencementofBB.pdf,Bajaj Auto Limited has informed the Exchange about date of commencement of Buyback,,,Buyback - others,00:00:08,04072022111803,04-Jul-2022 11:18:11,-,False,,,5054699,Automobiles - 2 And 3 Wheelers,INE917I01010,Bajaj Auto Limited,2022-07-04 11:18:03,BAJAJ-AUTO
01-Jul-2022 09:32:36,,https://nsearchives.nseindia.com/corporate/BAJAJ-AUTO_01072022093236_PressReleaseJune22.pdf,Bajaj Auto Limited has informed the Exchange about press release dated 01-Jul-2022 titled sales for the month of June 2022.,,,Press Release,00:00:08,01072022093236,01-Jul-2022 09:32:44,-,False,,,5053952,Automobiles - 2 And 3 Wheelers,INE917I01010,Bajaj Auto Limited,2022-07-01 09:32:36,BAJAJ-AUTO
29-Jun-2022 16:59:30,,https://nsearchives.nseindia.com/corporate/BAJAJ-AUTO_29062022165930_BALBBcopyofBR27June2022.pdf,Bajaj Auto Limited has informed the Exchange about Certified copy of the resolution passed by the board of directors of Bajaj Auto Limited  approving the buyback of equity shares of the Company,,,General updates,00:00:02,29062022165930,29-Jun-2022 16:59:32,-,False,,,5052265,Automobiles - 2 And 3 Wheelers,INE917I01010,Bajaj Auto Limited,2022-06-29 16:59:30,BAJAJ-AUTO
29-Jun-2022 16:01:54,,https://nsearchives.nseindia.com/corporate/BAJAJ-AUTO_29062022160154_BALBBPublicAnnouncement29June2022.pdf,Bajaj Auto Limited has informed the Exchange about Public Announcement - Buyback of Shares,,,Public Announcement - Buyback of Shares,00:00:04,29062022160154,29-Jun-2022 16:01:58,-,False,,,5052156,Automobiles - 2 And 3 Wheelers,INE917I01010,Bajaj Auto Limited,2022-06-29 16:01:54,BAJAJ-AUTO
28-Jun-2022 11:42:21,,https://nsearchives.nseindia.com/corporate/BAJAJ-AUTO_28062022114221_IntimationtoSENewspaperadvt.Prior.pdf,Bajaj Auto Limited has informed the Exchange about Newspaper Advertisements,,,Newspaper Advertisements,00:00:04,28062022114221,28-Jun-2022 11:42:25,-,False,,,5051211,Automobiles - 2 And 3 Wheelers,INE917I01010,Bajaj Auto Limited,2022-06-28 11:42:21,BAJAJ-AUTO
27-Jun-2022 14:15:30,,https://nsearchives.nseindia.com/corporate/BAJAJ-AUTO_27062022141526_OutcomeofBM270622.pdf,Bajaj Auto Limited has informed the Exchange about Buyback - Open Market ,,,Buyback - Open Market,00:00:10,27062022141530,27-Jun-2022 14:15:40,-,False,,,5050777,Automobiles - 2 And 3 Wheelers,INE917I01010,Bajaj Auto Limited,2022-06-27 14:15:30,BAJAJ-AUTO
27-Jun-2022 14:05:54,,https://nsearchives.nseindia.com/corporate/BAJAJ-AUTO_27062022140554_OutcomeofBM270622.pdf,"Bajaj Auto Limited  has informed the Exchange about Board Meeting held on 27-Jun-2022  has approved the proposal for buyback of the fully paid up equity shares of the Company having a face value of Rs. 10/- each  from the existing shareholders of the Company (except promoters, promoter group and persons in control of the Company) from open market through stock exchange mechanism",,,Outcome of Board Meeting,00:00:19,27062022140554,27-Jun-2022 14:06:13,-,False,,,5050761,Automobiles - 2 And 3 Wheelers,INE917I01010,Bajaj Auto Limited,2022-06-27 14:05:54,BAJAJ-AUTO
21-Jun-2022 16:31:15,,https://nsearchives.nseindia.com/corporate/BAJAJ-AUTO_21062022163114_Intimationtostockexchange.pdf,"Bajaj Auto Limited has informed the Exchange about communication to shareholders as per Regulation 30 of SEBI (Listing Obligations and Disclosure Requirements) Regulations, 2015, that the Company has sent a detailed communication to all the Shareholders holding shares as on Friday, 17 June 2022, whose email addresses are registered with the Company/Depositories, indicating the process and documentation required for claiming exemption from deduction/ withholding of tax on dividends. A specimen copy of the said communication sent to the shareholders is enclosed. This intimation is also being uploaded on the Company's website at  https://www.bajaiauto.com/investors/dividend",,,Communication to shareholders as per Reg 30,00:00:03,21062022163115,21-Jun-2022 16:31:18,-,False,,,5049002,Automobiles - 2 And 3 Wheelers,INE917I01010,Bajaj Auto Limited,2022-06-21 16:31:15,BAJAJ-AUTO
14-Jun-2022 21:58:18,,https://nsearchives.nseindia.com/corporate/BAJAJ-AUTO_14062022215817_SELettermeetingupdate14June2022.pdf,"Bajaj Auto Limited has informed the Exchange about Meeting Update-14 June 2022.With reference to the outcome of Board Meeting filed earlier during the day, we wish to further state as under: The Board remains committed to looking at different ways of returning surplus cash to its shareholders. In the course of today's deliberations, the Board asked for some more dimensions of the buyback to be explored. Given that the meeting was time bound, the subject was deferred until such dimensions were explored and advised to the Board.",,,General updates,00:00:04,14062022215818,14-Jun-2022 21:58:22,-,False,,,5046424,Automobiles - 2 And 3 Wheelers,INE917I01010,Bajaj Auto Limited,2022-06-14 21:58:18,BAJAJ-AUTO
14-Jun-2022 16:18:04,,https://nsearchives.nseindia.com/corporate/BAJAJ-AUTO_14062022161804_SEletterResignationofShekharBajaj.pdf,Bajaj Auto Limited  has informed the Exchange about resignation of Shekhar Bajaj as Non Executive - Non Independent Director of the company w.e.f. 30-Jun-2022,,,Resignation,00:00:35,14062022161804,14-Jun-2022 16:18:39,-,False,,,5046164,Automobiles - 2 And 3 Wheelers,INE917I01010,Bajaj Auto Limited,2022-06-14 16:18:04,BAJAJ-AUTO
14-Jun-2022 14:53:27,,https://nsearchives.nseindia.com/corporate/BAJAJ-AUTO_14062022145050_SEletterOutcomeofBM14June2022.pdf,"Further to our intimation letter dated 9 June 2022 and pursuant to Regulation 30 of the Securities and Exchange Board of India (Listing Obligations and Disclosure Requirements) Regulations, 2015 ('SEBI LODR Regulations'), we wish to inform that,the Board of Directors of the Company at its meeting held today i.e. 14 June 2022, has decided that further deliberations are required in order to take a decision on the proposal of buyback, and accordingly deferred the matter.",,,Outcome of Board Meeting,02:03:08,14062022145327,14-Jun-2022 16:56:35,-,False,,,5046087,Automobiles - 2 And 3 Wheelers,INE917I01010,Bajaj Auto Limited,2022-06-14 14:53:27,BAJAJ-AUTO
01-Jun-2022 09:24:37,,https://nsearchives.nseindia.com/corporate/BAJAJ-AUTO_01062022092436_PressReleaseMay2022sales.pdf,Bajaj Auto Limited has informed the Exchange about press release dated 01-Jun-2022 titled sales for the month of May 2022.,,,Press Release,00:00:09,01062022092437,01-Jun-2022 09:24:46,-,False,,,5041267,Automobiles - 2 And 3 Wheelers,INE917I01010,Bajaj Auto Limited,2022-06-01 09:24:37,BAJAJ-AUTO
24-May-2022 15:24:56,,https://nsearchives.nseindia.com/corporate/BAJAJ-AUTO_24052022152456_SEInvestorConferenceJune2022.pdf,Bajaj Auto Limited has informed the Exchange about Schedule of Analysts/Institutional Investor Meet/Con. Call ,,,Schedule of Analysts/Institutional Investor Meet/Con. Call,00:00:14,24052022152456,24-May-2022 15:25:10,-,False,,,5034825,Automobiles - 2 And 3 Wheelers,INE917I01010,Bajaj Auto Limited,2022-05-24 15:24:56,BAJAJ-AUTO
20-May-2022 15:07:09,,https://nsearchives.nseindia.com/corporate/BAJAJ-AUTO_20052022150709_IntimationtostockexchangeTransferofSharesAdv..pdf,Bajaj Auto Limited has informed the Exchange about Newspaper Advertisements,,,Newspaper Advertisements,00:00:07,20052022150709,20-May-2022 15:07:16,-,False,,,5032787,Automobiles - 2 And 3 Wheelers,INE917I01010,Bajaj Auto Limited,2022-05-20 15:07:09,BAJAJ-AUTO
12-May-2022 19:15:17,,https://nsearchives.nseindia.com/corporate/BAJAJ-AUTO_12052022191516_RPTDisclosure31March2022newformat.pdf,Bajaj Auto Limited has informed the Exchange about related party transaction for the period ended March 2022,,,Related Party Transaction,00:00:06,12052022191517,12-May-2022 19:15:23,-,False,,,5028784,Automobiles - 2 And 3 Wheelers,INE917I01010,Bajaj Auto Limited,2022-05-12 19:15:17,BAJAJ-AUTO
12-May-2022 18:59:34,,https://nsearchives.nseindia.com/corporate/BAJAJ-AUTO_12052022185934_RPTDisclosure31March2022newformat.pdf,Bajaj Auto Limited has informed the Exchange about related party transaction for the period ended March 2022,,,Related Party Transaction,00:00:03,12052022185934,12-May-2022 18:59:37,-,False,,,5028814,Automobiles - 2 And 3 Wheelers,INE917I01010,Bajaj Auto Limited,2022-05-12 18:59:34,BAJAJ-AUTO
05-May-2022 16:29:15,,https://nsearchives.nseindia.com/corporate/BAJAJ-AUTO_05052022162915_BALinvestorcallQ4FY22transcript.pdf,Bajaj Auto Limited has informed the Exchange about Transcript of Analysts/Institutional Investor Meet/Con. Call ,,,Transcript of Analysts/Institutional Investor Meet/Con. Call,00:00:10,05052022162915,05-May-2022 16:29:25,-,False,,,5025434,Automobiles - 2 And 3 Wheelers,INE917I01010,Bajaj Auto Limited,2022-05-05 16:29:15,BAJAJ-AUTO
02-May-2022 09:12:47,,https://nsearchives.nseindia.com/corporate/BAJAJ-AUTO_02052022091247_PressLetter.pdf,Bajaj Auto Limited has informed the Exchange about press release dated 02-May-2022 titled sales for the month of April 2022.,,,Press Release,00:00:03,02052022091247,02-May-2022 09:12:50,-,False,,,5023957,Automobiles - 2 And 3 Wheelers,INE917I01010,Bajaj Auto Limited,2022-05-02 09:12:47,BAJAJ-AUTO
29-Apr-2022 14:47:00,,https://nsearchives.nseindia.com/corporate/BAJAJ-AUTO_29042022144700_GitaPiramalResignation.pdf,"Bajaj Auto Limited has informed the Exchange about resignation of Dr. Gita Piramal as Independent Directors of the Company, with effect from close of business hours on 30 April 2022.",,,General updates,00:00:03,29042022144700,29-Apr-2022 14:47:03,-,False,,,5023332,Automobiles - 2 And 3 Wheelers,INE917I01010,Bajaj Auto Limited,2022-04-29 14:47:00,BAJAJ-AUTO
28-Apr-2022 16:07:13,,https://nsearchives.nseindia.com/corporate/BAJAJ-AUTO_28042022160713_BALinvestorcallQ4FY22recording.pdf,Bajaj Auto Limited has informed the Exchange about Recording of Analysts/Institutional Investor Meet/Con. Call,,,Recording of Analysts/Institutional Investor Meet/Con. Call,00:00:03,28042022160713,28-Apr-2022 16:07:16,-,False,,,5022906,Automobiles - 2 And 3 Wheelers,INE917I01010,Bajaj Auto Limited,2022-04-28 16:07:13,BAJAJ-AUTO
27-Apr-2022 18:44:40,,https://nsearchives.nseindia.com/corporate/BAJAJ-AUTO_27042022184440_SELetterchangeinBoard27April2022.pdf,Bajaj Auto Limited  has informed the Exchange about resignation of Dr Gita Piramal as Independent Director of the company w.e.f. 30-Apr-2022,,,Resignation,00:00:05,27042022184440,27-Apr-2022 18:44:45,-,False,,,5022612,Automobiles - 2 And 3 Wheelers,INE917I01010,Bajaj Auto Limited,2022-04-27 18:44:40,BAJAJ-AUTO
27-Apr-2022 18:36:18,,https://nsearchives.nseindia.com/corporate/BAJAJ-AUTO_27042022183618_SELetterchangeinBoard27April2022.pdf,"Bajaj Auto Limited  has informed the Exchange about re-appointment of Anami N Roy as Independent Director of the company for a second term of five consecutive years , subject to approval of the Shareholders of the Company by way of special resolution at the ensuing Annual General Meeting.",,,Re-appointment,00:00:03,27042022183618,27-Apr-2022 18:36:21,-,False,,,5022588,Automobiles - 2 And 3 Wheelers,INE917I01010,Bajaj Auto Limited,2022-04-27 18:36:18,BAJAJ-AUTO
27-Apr-2022 18:34:32,,https://nsearchives.nseindia.com/corporate/BAJAJ-AUTO_27042022183431_SELetterchangeinBoard27April2022.pdf,Bajaj Auto Limited  has informed the Exchange about re-appointment of Dr. Naushad Forbes as Independent Director of the company for a second term of five consecutive years subject to approval of the Shareholders of the Company by way of special resolution at the ensuing Annual General Meeting.,,,Re-appointment,00:00:01,27042022183432,27-Apr-2022 18:34:33,-,False,,,5022586,Automobiles - 2 And 3 Wheelers,INE917I01010,Bajaj Auto Limited,2022-04-27 18:34:32,BAJAJ-AUTO
27-Apr-2022 18:31:33,,https://nsearchives.nseindia.com/corporate/BAJAJ-AUTO_27042022183133_SEletterNRCESOP2022.pdf,"Bajaj Auto Limited has informed the Exchange about the Compensation Committee of the Board, at  its meeting held on 27 April 2022, has granted 4,47,692 stock options convertible into  4,47,692 equity shares of Rs. 10 each to the eligible employees of the Company under the  BAL-ESOS 2019 at an exercise price of Rs. 3,892.10 (being the closing market price as on  26 April 2022) per option.",,,General updates,00:00:03,27042022183133,27-Apr-2022 18:31:36,-,False,,,5022594,Automobiles - 2 And 3 Wheelers,INE917I01010,Bajaj Auto Limited,2022-04-27 18:31:33,BAJAJ-AUTO
27-Apr-2022 17:40:43,,https://nsearchives.nseindia.com/corporate/BAJAJ-AUTO_27042022174040_CoveringLetter.pdf,Bajaj Auto Limited has informed the Exchange that Record date for the purpose of Dividend  is 01-Jul-2022.,,,Record Date,00:00:04,27042022174043,27-Apr-2022 17:40:47,-,False,,,5022537,Automobiles - 2 And 3 Wheelers,INE917I01010,Bajaj Auto Limited,2022-04-27 17:40:43,BAJAJ-AUTO
27-Apr-2022 17:36:03,,https://nsearchives.nseindia.com/corporate/BAJAJ-AUTO_27042022173603_BALResults31032022.pdf,"Bajaj Auto Limited has informed the Exchange about Annual General Meeting of the Company will be held on Tuesday, 26 July 2022 at the registered office of the Company.",,,General updates,00:00:07,27042022173603,27-Apr-2022 17:36:10,-,False,,,5022489,Automobiles - 2 And 3 Wheelers,INE917I01010,Bajaj Auto Limited,2022-04-27 17:36:03,BAJAJ-AUTO
27-Apr-2022 17:31:53,,https://nsearchives.nseindia.com/corporate/BAJAJ-AUTO_27042022173151_BALResults31032022.pdf,Bajaj Auto Limited has informed the Exchange about Final dividend at the rate of 140 per share,,,Dividend,00:00:06,27042022173153,27-Apr-2022 17:31:59,-,False,,,5022486,Automobiles - 2 And 3 Wheelers,INE917I01010,Bajaj Auto Limited,2022-04-27 17:31:53,BAJAJ-AUTO
27-Apr-2022 17:29:34,,https://nsearchives.nseindia.com/corporate/BAJAJ-AUTO_27042022172931_BALResults31032022.pdf,Bajaj Auto Limited  has informed the Exchange about Board Meeting held on 27-Apr-2022 to consider financial statements for the period ended March 2022 and Dividend,,,Outcome of Board Meeting,00:00:12,27042022172934,27-Apr-2022 17:29:46,-,False,,,5022529,Automobiles - 2 And 3 Wheelers,INE917I01010,Bajaj Auto Limited,2022-04-27 17:29:34,BAJAJ-AUTO
27-Apr-2022 17:29:32,,https://nsearchives.nseindia.com/corporate/BAJAJ-AUTO_27042022172931_BALResults31032022.pdf,"Bajaj Auto Limited has informed the Exchange that Board of Directors at its meeting held on 27-Apr-2022, declared Dividend of Rs. 140 per equity share.",,,Dividend,00:00:07,27042022172932,27-Apr-2022 17:29:39,-,False,,,5022531,Automobiles - 2 And 3 Wheelers,INE917I01010,Bajaj Auto Limited,2022-04-27 17:29:32,BAJAJ-AUTO
27-Apr-2022 17:23:26,,https://nsearchives.nseindia.com/corporate/BALResults31032022_27042022172326.pdf,"Bajaj Auto Limited has submitted to the Exchange, the financial results for the period ended March 31, 2022.",,,Financial Result Updates,00:01:37,27042022172326,27-Apr-2022 17:25:03,-,False,,,148417,Automobiles - 2 And 3 Wheelers,INE917I01010,Bajaj Auto Limited,2022-04-27 17:23:26,BAJAJ-AUTO
22-Apr-2022 18:17:40,,https://nsearchives.nseindia.com/corporate/BAJAJ-AUTO_22042022181740_SEletterconferencecallQ4FY22April2022.pdf,Bajaj Auto Limited has informed the Exchange about Schedule of Analysts/Institutional Investor Meet/Con. Call ,,,Schedule of Analysts/Institutional Investor Meet/Con. Call,00:00:03,22042022181740,22-Apr-2022 18:17:43,-,False,,,5021140,Automobiles - 2 And 3 Wheelers,INE917I01010,Bajaj Auto Limited,2022-04-22 18:17:40,BAJAJ-AUTO
12-Apr-2022 11:06:21,,https://nsearchives.nseindia.com/corporate/BAJAJ-AUTO_12042022110621_745.pdf,"Bajaj Auto Limited has informed the Exchange about Certificate under Regulation 74(5) of SEBI (Depositories and Participants) Regulations, 2018 for the quarter ended 31 March 2022",,,General updates,00:00:04,12042022110621,12-Apr-2022 11:06:25,-,False,,,5017903,Automobiles - 2 And 3 Wheelers,INE917I01010,Bajaj Auto Limited,2022-04-12 11:06:21,BAJAJ-AUTO
08-Apr-2022 12:41:38,,https://nsearchives.nseindia.com/corporate/AN_O08042022124138.xlsx,Promoter/Promoter Group of Bajaj Auto Limited has submitted a disclosure under Regulation 31(4) of SEBI Takeover Regulations for the year ended 31-Mar-2022,,,Disclosure under SEBI Takeover Regulations,00:00:34,08042022124138,08-Apr-2022 12:42:12,-,False,,,200006810,Automobiles - 2 And 3 Wheelers,INE917I01010,Bajaj Auto Limited,2022-04-08 12:41:38,BAJAJ-AUTO
08-Apr-2022 12:28:17,,https://nsearchives.nseindia.com/corporate/AN_O08042022122817.xlsx,Promoter/Promoter Group of Bajaj Auto Limited has submitted a disclosure under Regulation 31(4) of SEBI Takeover Regulations for the year ended 31-Mar-2022,,,Disclosure under SEBI Takeover Regulations,00:00:08,08042022122817,08-Apr-2022 12:28:25,-,False,,,200006747,Automobiles - 2 And 3 Wheelers,INE917I01010,Bajaj Auto Limited,2022-04-08 12:28:17,BAJAJ-AUTO
04-Apr-2022 09:28:35,,https://nsearchives.nseindia.com/corporate/BAJAJ-AUTO_04042022092834_NSE.pdf,Bajaj Auto Limited has informed the Exchange about press release dated 04-Apr-2022 titled sales for the month of March 2022,,,Press Release,00:00:19,04042022092835,04-Apr-2022 09:28:54,-,False,,,5014697,Automobiles - 2 And 3 Wheelers,INE917I01010,Bajaj Auto Limited,2022-04-04 09:28:35,BAJAJ-AUTO
16-Mar-2022 15:08:35,,https://nsearchives.nseindia.com/corporate/BAJAJ-AUTO_16032022150835_BALSEIntimationRTAnamechange.pdf,"Bajaj Auto Limited has informed the Exchange about Disclosure Pursuant To Regulation 30 Of The Securities And Exchange Board Of India (Listing Obligations And Disclosure Requirements) Regulations, 2015 - Change Of Name Of Registrar And Share Transfer Agent Of The Company",,,General updates,00:00:06,16032022150835,16-Mar-2022 15:08:41,-,False,,,5008251,Automobiles - 2 And 3 Wheelers,INE917I01010,Bajaj Auto Limited,2022-03-16 15:08:35,BAJAJ-AUTO
15-Mar-2022 14:34:30,,https://nsearchives.nseindia.com/corporate/BAJAJ-AUTO_15032022143430_newintimation.pdf,Bajaj Auto Limited  has informed the Exchange about appointment of Dinesh Thapar as Chief Financial Officer of the company w.e.f. 15-Mar-2022,,,Appointment,00:00:03,15032022143430,15-Mar-2022 14:34:33,-,False,,,5007911,Automobiles - 2 And 3 Wheelers,INE917I01010,Bajaj Auto Limited,2022-03-15 14:34:30,BAJAJ-AUTO
11-Mar-2022 15:48:15,,https://nsearchives.nseindia.com/corporate/BAJAJ-AUTO_11032022154815_LossofshareCertificatesBP35.pdf,Bajaj Auto Limited has informed the Exchange about Loss of share certificate,,,Loss of share certificate,00:00:09,11032022154815,11-Mar-2022 15:48:24,-,False,,,5007223,Automobiles - 2 And 3 Wheelers,INE917I01010,Bajaj Auto Limited,2022-03-11 15:48:15,BAJAJ-AUTO
02-Mar-2022 09:11:55,,https://nsearchives.nseindia.com/corporate/BAJAJ-AUTO_02032022091151_PressReleaseFeb2022sales.pdf,Bajaj Auto Limited has informed the Exchange about press release dated 02-Mar-2022 titled in respect of sales for the month of February 2022.,,,Press Release,00:00:05,02032022091155,02-Mar-2022 09:12:00,-,False,,,5004177,Automobiles - 2 And 3 Wheelers,INE917I01010,Bajaj Auto Limited,2022-03-02 09:11:55,BAJAJ-AUTO
18-Feb-2022 14:28:02,,https://nsearchives.nseindia.com/corporate/BAJAJ-AUTO_18022022142802_SEInvestorConference22Feb2022.pdf,Bajaj Auto Limited has informed the Exchange about Schedule of meet,,,Analysts/Institutional Investor Meet/Con. Call Updates,00:00:14,18022022142802,18-Feb-2022 14:28:16,-,False,,,105246583,Automobiles - 2 And 3 Wheelers,INE917I01010,Bajaj Auto Limited,2022-02-18 14:28:02,BAJAJ-AUTO
08-Feb-2022 12:26:47,,https://nsearchives.nseindia.com/corporate/BAJAJ-AUTO_08022022122644_SELetterInvestorConferenceFeb2022.pdf,Bajaj Auto Limited has informed the Exchange about Schedule of meet,,,Analysts/Institutional Investor Meet/Con. Call Updates,00:00:34,08022022122647,08-Feb-2022 12:27:21,-,False,,,105232805,Automobiles - 2 And 3 Wheelers,INE917I01010,Bajaj Auto Limited,2022-02-08 12:26:47,BAJAJ-AUTO
08-Feb-2022 12:26:45,,https://nsearchives.nseindia.com/corporate/BAJAJ-AUTO_08022022122644_SELetterInvestorConferenceFeb2022.pdf,Bajaj Auto Limited has informed the Exchange about Schedule of meet,,,Analysts/Institutional Investor Meet/Con. Call Updates,00:00:32,08022022122645,08-Feb-2022 12:27:17,-,False,,,105232804,Automobiles - 2 And 3 Wheelers,INE917I01010,Bajaj Auto Limited,2022-02-08 12:26:45,BAJAJ-AUTO
08-Feb-2022 12:26:44,,https://nsearchives.nseindia.com/corporate/BAJAJ-AUTO_08022022122644_SELetterInvestorConferenceFeb2022.pdf,Bajaj Auto Limited has informed the Exchange about Schedule of meet,,,Analysts/Institutional Investor Meet/Con. Call Updates,00:00:18,08022022122644,08-Feb-2022 12:27:02,-,False,,,105232803,Automobiles - 2 And 3 Wheelers,INE917I01010,Bajaj Auto Limited,2022-02-08 12:26:44,BAJAJ-AUTO
01-Feb-2022 09:33:44,,https://nsearchives.nseindia.com/corporate/BAJAJ-AUTO_01022022093343_pressrelease01022022.pdf,"Bajaj Auto Limited has informed the Exchange regarding a press release dated February 01, 2022, titled ""sales for the month of January 2022"".",,,Press Release,00:00:06,01022022093344,01-Feb-2022 09:33:50,-,False,,,105224235,Automobiles - 2 And 3 Wheelers,INE917I01010,Bajaj Auto Limited,2022-02-01 09:33:44,BAJAJ-AUTO
19-Jan-2022 17:38:25,,https://nsearchives.nseindia.com/corporate/BALSELetterUFR31December2021_19012022173825.pdf,"Bajaj Auto Limited has submitted to the Exchange, the financial results for the period ended December 31, 2021.",,,Financial Result Updates,00:01:40,19012022173825,19-Jan-2022 17:40:05,-,False,,,146533,Automobiles - 2 And 3 Wheelers,INE917I01010,Bajaj Auto Limited,2022-01-19 17:38:25,BAJAJ-AUTO
19-Jan-2022 17:36:49,,https://nsearchives.nseindia.com/corporate/BAJAJ-AUTO_19012022173649_BALSELetterUFR31December2021.pdf,"Bajaj Auto Limited has informed the Exchange regarding  Board meeting held on January 19, 2022.",,,Outcome of Board Meeting,00:00:08,19012022173649,19-Jan-2022 17:36:57,-,False,,,105211607,Automobiles - 2 And 3 Wheelers,INE917I01010,Bajaj Auto Limited,2022-01-19 17:36:49,BAJAJ-AUTO
14-Jan-2022 11:51:35,,https://nsearchives.nseindia.com/corporate/BAJAJ-AUTO_14012022115135_BALSELetterInvestorCallQ3FY22.pdf,Bajaj Auto Limited has informed the Exchange about Schedule of meet,,,Analysts/Institutional Investor Meet/Con. Call Updates,00:00:17,14012022115135,14-Jan-2022 11:51:52,-,False,,,105206721,Automobiles - 2 And 3 Wheelers,INE917I01010,Bajaj Auto Limited,2022-01-14 11:51:35,BAJAJ-AUTO
11-Jan-2022 17:01:26,,https://nsearchives.nseindia.com/corporate/BAJAJ-AUTO_11012022170126_CertificateunderRegulation74_5_.pdf,"Bajaj Auto Limited has informed the Exchange about Certificate under SEBI (Depositories and Participants) Regulations, 2018",,,"Certificate under SEBI (Depositories and Participants) Regulations, 2018",00:00:07,11012022170126,11-Jan-2022 17:01:33,-,False,,,105202778,Automobiles - 2 And 3 Wheelers,INE917I01010,Bajaj Auto Limited,2022-01-11 17:01:26,BAJAJ-AUTO
03-Jan-2022 09:22:55,,https://nsearchives.nseindia.com/corporate/BAJAJ-AUTO_03012022092255_press03012022.pdf,"Bajaj Auto Limited has informed the Exchange regarding a press release dated January 03, 2022, titled ""sales for the month of December 2021"".",,,Press Release,00:00:20,03012022092255,03-Jan-2022 09:23:15,-,False,,,105192956,Automobiles - 2 And 3 Wheelers,INE917I01010,Bajaj Auto Limited,2022-01-03 09:22:55,BAJAJ-AUTO
20-Dec-2021 16:49:00,,https://nsearchives.nseindia.com/corporate/BAJAJ-AUTO_20122021164911_Clarification_NSE_Increase_in_volume.pdf,"Significant increase in volume has been observed in Bajaj Auto Limited. The Exchange, in order to ensure that investors have latest relevant information about the company and to inform the market place so that the interest of the investors is safeguarded, had written to the company. Bajaj Auto Limited has submitted their response.",,,Spurt in Volume,00:00:16,20122021164900,20-Dec-2021 16:49:16,-,False,,,105178830,Automobiles - 2 And 3 Wheelers,INE917I01010,Bajaj Auto Limited,2021-12-20 16:49:00,BAJAJ-AUTO
17-Dec-2021 18:56:00,,-,"Significant increase in volume has been observed in Bajaj Auto Limited. The Exchange, in order to ensure that investors have latest relevant information about the company and to inform the market place so that the interest of the investors is safeguarded, has written to the company. The response from the company is awaited.",,,Spurt in Volume,00:00:25,17122021185600,17-Dec-2021 18:56:25,-,False,,,105177275,Automobiles - 2 And 3 Wheelers,INE917I01010,Bajaj Auto Limited,2021-12-17 18:56:00,BAJAJ-AUTO
06-Dec-2021 17:19:26,,https://nsearchives.nseindia.com/corporate/BAJAJ-AUTO_06122021171926_IntimationtoSEBACFL.pdf,Bajaj Auto Limited has informed the Exchange regarding 'Update on incorporation of a Wholly Owned Subsidiary Company'.,,,Updates,00:00:04,06122021171926,06-Dec-2021 17:19:30,-,False,,,105164758,Automobiles - 2 And 3 Wheelers,INE917I01010,Bajaj Auto Limited,2021-12-06 17:19:26,BAJAJ-AUTO
01-Dec-2021 09:03:43,,https://nsearchives.nseindia.com/corporate/BAJAJ-AUTO_01122021090343_press01122021.pdf,"Bajaj Auto Limited has informed the Exchange regarding a press release dated December 01, 2021, titled ""sales for the month of November 2021"".",,,Press Release,00:00:03,01122021090343,01-Dec-2021 09:03:46,-,False,,,105159731,Automobiles - 2 And 3 Wheelers,INE917I01010,Bajaj Auto Limited,2021-12-01 09:03:43,BAJAJ-AUTO
29-Nov-2021 14:49:29,,https://nsearchives.nseindia.com/corporate/BAJAJ-AUTO_29112021144929_IssueoforiginalsharecertificateBM34.pdf,Bajaj Auto Limited has informed the Exchange about Loss of Share Certificates,,,Loss of Share Certificates,00:00:06,29112021144929,29-Nov-2021 14:49:35,-,False,,,105157472,Automobiles - 2 And 3 Wheelers,INE917I01010,Bajaj Auto Limited,2021-11-29 14:49:29,BAJAJ-AUTO
25-Nov-2021 16:12:57,,https://nsearchives.nseindia.com/corporate/BAJAJ-AUTO_25112021161257_BALSELetterRPT30Sep2021.pdf,Bajaj Auto Limited has informed the Exchange about related Party Transactions,,,Related Party Transactions,00:00:03,25112021161257,25-Nov-2021 16:13:00,-,False,,,105154621,Automobiles - 2 And 3 Wheelers,INE917I01010,Bajaj Auto Limited,2021-11-25 16:12:57,BAJAJ-AUTO
12-Nov-2021 14:00:20,,https://nsearchives.nseindia.com/corporate/BAJAJ-AUTO_12112021140020_IntimationoflossofsharecertificateBR176_003_.pdf,Bajaj Auto Limited has informed the Exchange about Loss of Share Certificates,,,Loss of Share Certificates,00:00:09,12112021140020,12-Nov-2021 14:00:29,-,False,,,105141124,Automobiles - 2 And 3 Wheelers,INE917I01010,Bajaj Auto Limited,2021-11-12 14:00:20,BAJAJ-AUTO
10-Nov-2021 17:35:00,,https://nsearchives.nseindia.com/corporate/BAJAJ-AUTO_10112021173459_SELetterInvConference10Nov2021.pdf,Bajaj Auto Limited has informed the Exchange about Schedule of meet,,,Analysts/Institutional Investor Meet/Con. Call Updates,00:00:18,10112021173500,10-Nov-2021 17:35:18,-,False,,,105137906,Automobiles - 2 And 3 Wheelers,INE917I01010,Bajaj Auto Limited,2021-11-10 17:35:00,BAJAJ-AUTO
10-Nov-2021 17:34:59,,https://nsearchives.nseindia.com/corporate/BAJAJ-AUTO_10112021173459_SELetterInvConference10Nov2021.pdf,Bajaj Auto Limited has informed the Exchange about Schedule of meet,,,Analysts/Institutional Investor Meet/Con. Call Updates,00:00:07,10112021173459,10-Nov-2021 17:35:06,-,False,,,105137905,Automobiles - 2 And 3 Wheelers,INE917I01010,Bajaj Auto Limited,2021-11-10 17:34:59,BAJAJ-AUTO
08-Nov-2021 17:33:35,,https://nsearchives.nseindia.com/corporate/BAJAJ-AUTO_08112021173335_SELETTERhalfyearlycommunication20212022.pdf,Bajaj Auto Limited has informed the Exchange regarding 'Submission of half-yearly communication sent to shareholders for the half-year ended 30 September 2021'.,,,Updates,00:00:04,08112021173335,08-Nov-2021 17:33:39,-,False,,,105134682,Automobiles - 2 And 3 Wheelers,INE917I01010,Bajaj Auto Limited,2021-11-08 17:33:35,BAJAJ-AUTO
02-Nov-2021 16:10:30,,https://nsearchives.nseindia.com/corporate/BAJAJ-AUTO_02112021161030_issueofDupliacteShareCertificatesBK190.pdf,Bajaj Auto Limited has informed the Exchange about Loss of Share Certificates,,,Loss of Share Certificates,00:00:07,02112021161030,02-Nov-2021 16:10:37,-,False,,,105130438,Automobiles - 2 And 3 Wheelers,INE917I01010,Bajaj Auto Limited,2021-11-02 16:10:30,BAJAJ-AUTO
01-Nov-2021 09:17:07,,https://nsearchives.nseindia.com/corporate/BAJAJ-AUTO_01112021091707_PressreleaseOct21sales.pdf,"Bajaj Auto Limited has informed the Exchange regarding a press release dated November 01, 2021, titled ""sales for the month of October 2021"".",,,Press Release,00:00:05,01112021091707,01-Nov-2021 09:17:12,-,False,,,105127705,Automobiles - 2 And 3 Wheelers,INE917I01010,Bajaj Auto Limited,2021-11-01 09:17:07,BAJAJ-AUTO
27-Oct-2021 18:06:01,,https://nsearchives.nseindia.com/corporate/BAJAJ-AUTO_27102021180601_subsidiary.pdf,"Bajaj Auto Limited has informed the Exchange regarding 'the Board of Directors at its meeting held today, has approved the incorporation of a captive finance subsidiary (NBFC) of the company '.",,,Updates,00:00:09,27102021180601,27-Oct-2021 18:06:10,-,False,,,105123124,Automobiles - 2 And 3 Wheelers,INE917I01010,Bajaj Auto Limited,2021-10-27 18:06:01,BAJAJ-AUTO
27-Oct-2021 17:52:52,,https://nsearchives.nseindia.com/corporate/BAJAJ-AUTO_27102021175252_Results.pdf,"Bajaj Auto Limited has informed the Exchange regarding  Board meeting held on October 27, 2021.",,,Outcome of Board Meeting,00:00:04,27102021175252,27-Oct-2021 17:52:56,-,False,,,105123106,Automobiles - 2 And 3 Wheelers,INE917I01010,Bajaj Auto Limited,2021-10-27 17:52:52,BAJAJ-AUTO
27-Oct-2021 17:50:41,,https://nsearchives.nseindia.com/corporate/Results_27102021175041.pdf,"Bajaj Auto Limited has submitted to the Exchange, the financial results for the period ended September 30, 2021.",,,Financial Result Updates,00:01:24,27102021175041,27-Oct-2021 17:52:05,-,False,,,144842,Automobiles - 2 And 3 Wheelers,INE917I01010,Bajaj Auto Limited,2021-10-27 17:50:41,BAJAJ-AUTO
22-Oct-2021 11:45:40,,https://nsearchives.nseindia.com/corporate/BAJAJ-AUTO_22102021114540_BALSELetterinvestorcallQ2FY22.pdf,Bajaj Auto Limited has informed the Exchange about Schedule of meet,,,Analysts/Institutional Investor Meet/Con. Call Updates,00:00:06,22102021114540,22-Oct-2021 11:45:46,-,False,,,105117714,Automobiles - 2 And 3 Wheelers,INE917I01010,Bajaj Auto Limited,2021-10-22 11:45:40,BAJAJ-AUTO
14-Oct-2021 15:42:03,,https://nsearchives.nseindia.com/corporate/BAJAJ-AUTO_14102021154203_Reg74_5_.pdf,"Bajaj Auto Limited has informed the Exchange about Certificate under SEBI (Depositories and Participants) Regulations, 2018,by KFin Technologies Private Limited, the Registrar and Share Transfer Agent of the Company, for the quarter and half year ended 30 September 2021",,,"Certificate under SEBI (Depositories and Participants) Regulations, 2018",00:00:10,14102021154203,14-Oct-2021 15:42:13,-,False,,,105110414,Automobiles - 2 And 3 Wheelers,INE917I01010,Bajaj Auto Limited,2021-10-14 15:42:03,BAJAJ-AUTO
13-Oct-2021 16:52:05,,https://nsearchives.nseindia.com/corporate/BAJAJ-AUTO_13102021165205_lossofsharesBR176.pdf,Bajaj Auto Limited has informed the Exchange about Loss of Share Certificates,,,Loss of Share Certificates,00:00:06,13102021165205,13-Oct-2021 16:52:11,-,False,,,105108969,Automobiles - 2 And 3 Wheelers,INE917I01010,Bajaj Auto Limited,2021-10-13 16:52:05,BAJAJ-AUTO
12-Oct-2021 14:48:20,,https://nsearchives.nseindia.com/corporate/BAJAJ-AUTO_12102021144820_LossofsharecertificateBM34.pdf,Bajaj Auto Limited has informed the Exchange about Loss of Share Certificates,,,Loss of Share Certificates,00:00:04,12102021144820,12-Oct-2021 14:48:24,-,False,,,105107325,Automobiles - 2 And 3 Wheelers,INE917I01010,Bajaj Auto Limited,2021-10-12 14:48:20,BAJAJ-AUTO
08-Oct-2021 11:20:56,,https://nsearchives.nseindia.com/corporate/BAJAJ-AUTO_08102021112056_bajaj.pdf,"Bajaj Auto Limited has informed the Exchange regarding Resignation of Mr Soumen Ray as Chief Financial Officer of the company w.e.f. December 20, 2021.",,,Resignation,00:00:04,08102021112056,08-Oct-2021 11:21:00,-,False,,,105103485,Automobiles - 2 And 3 Wheelers,INE917I01010,Bajaj Auto Limited,2021-10-08 11:20:56,BAJAJ-AUTO
05-Oct-2021 16:30:10,,https://nsearchives.nseindia.com/corporate/BAJAJ-AUTO_05102021163010_Postincorporationintimation.pdf,Bajaj Auto Limited has informed the Exchange regarding 'Update on incorporation of a Wholly Owned Subsidiary Company'.,,,Updates,00:00:07,05102021163010,05-Oct-2021 16:30:17,-,False,,,105099145,Automobiles - 2 And 3 Wheelers,INE917I01010,Bajaj Auto Limited,2021-10-05 16:30:10,BAJAJ-AUTO
01-Oct-2021 09:27:42,,https://nsearchives.nseindia.com/corporate/BAJAJ-AUTO_01102021092742_press.pdf,"Bajaj Auto Limited has informed the Exchange regarding a press release dated October 01, 2021, titled ""sales for the month of September 2021"".",,,Press Release,00:00:04,01102021092742,01-Oct-2021 09:27:46,-,False,,,105094872,Automobiles - 2 And 3 Wheelers,INE917I01010,Bajaj Auto Limited,2021-10-01 09:27:42,BAJAJ-AUTO
29-Sep-2021 22:07:38,,https://nsearchives.nseindia.com/corporate/BAJAJ-AUTO_29092021220738_SEletterKTMpressrelease29Sep2021.pdf,"Bajaj Auto Limited has informed the Exchange regarding a press release dated September 29, 2021, titled ""Press release dated 29th September 2021 issued in Austria by PIERER Mobility AG (PMAG) in respect of the shareholding structure with Bajaj Auto's 100% Netherlands subsidiary Bajaj Auto International Holdings BV (BAIHBV), in KTM AG, Austria."".",,,Press Release,00:00:06,29092021220738,29-Sep-2021 22:07:44,-,False,,,105090839,Automobiles - 2 And 3 Wheelers,INE917I01010,Bajaj Auto Limited,2021-09-29 22:07:38,BAJAJ-AUTO
20-Sep-2021 16:24:02,,https://nsearchives.nseindia.com/corporate/BAJAJ-AUTO_20092021162402_lossofsharecertificateBK190.pdf,Bajaj Auto Limited has informed the Exchange about Loss of Share Certificates,,,Loss of Share Certificates,00:00:11,20092021162402,20-Sep-2021 16:24:13,-,False,,,105078934,Automobiles - 2 And 3 Wheelers,INE917I01010,Bajaj Auto Limited,2021-09-20 16:24:02,BAJAJ-AUTO
17-Sep-2021 17:37:54,,https://nsearchives.nseindia.com/corporate/BAJAJ-AUTO_17092021173754_IssueofduplicatesharecertificatesBA185BS167.pdf,Bajaj Auto Limited has informed the Exchange about Loss of Share Certificates,,,Loss of Share Certificates,00:00:06,17092021173754,17-Sep-2021 17:38:00,-,False,,,105077254,Automobiles - 2 And 3 Wheelers,INE917I01010,Bajaj Auto Limited,2021-09-17 17:37:54,BAJAJ-AUTO
15-Sep-2021 13:53:52,,https://nsearchives.nseindia.com/corporate/BAJAJ-AUTO_15092021135352_ReceiptoforiginalshareCertificateBL33.pdf,Bajaj Auto Limited has informed the Exchange about Loss of Share Certificates,,,Loss of Share Certificates,00:00:04,15092021135352,15-Sep-2021 13:53:56,-,False,,,105073990,Automobiles - 2 And 3 Wheelers,INE917I01010,Bajaj Auto Limited,2021-09-15 13:53:52,BAJAJ-AUTO
13-Sep-2021 16:51:16,,https://nsearchives.nseindia.com/corporate/BAJAJ-AUTO_13092021165116_SELETTERInvestorconferenceSep2021.pdf,Bajaj Auto Limited has informed the Exchange about Analysts/Institutional Investor Meet/Con. Call Updates,,,Analysts/Institutional Investor Meet/Con. Call Updates,00:00:04,13092021165116,13-Sep-2021 16:51:20,-,False,,,105070974,Automobiles - 2 And 3 Wheelers,INE917I01010,Bajaj Auto Limited,2021-09-13 16:51:16,BAJAJ-AUTO
10-Sep-2021 15:27:25,,https://nsearchives.nseindia.com/corporate/BAJAJ-AUTO_10092021152725_LossofSharesBL0000033.pdf,Bajaj Auto Limited has informed the Exchange about Loss of Share Certificates,,,Loss of Share Certificates,00:00:05,10092021152725,10-Sep-2021 15:27:30,-,False,,,105069783,Automobiles - 2 And 3 Wheelers,INE917I01010,Bajaj Auto Limited,2021-09-10 15:27:25,BAJAJ-AUTO
01-Sep-2021 09:21:32,,https://nsearchives.nseindia.com/corporate/BAJAJ-AUTO_01092021092132_press01092021.pdf,"Bajaj Auto Limited has informed the Exchange regarding a press release dated September 01, 2021, titled ""sales for the month of August 2021"".",,,Press Release,00:00:05,01092021092132,01-Sep-2021 09:21:37,-,False,,,105056928,Automobiles - 2 And 3 Wheelers,INE917I01010,Bajaj Auto Limited,2021-09-01 09:21:32,BAJAJ-AUTO
16-Aug-2021 14:47:57,,https://nsearchives.nseindia.com/corporate/BAJAJ-AUTO_16082021144757_lossofsharecertifcateBS167.pdf,Bajaj Auto Limited has informed the Exchange about Loss of Share Certificates,,,Loss of Share Certificates,00:03:10,16082021144757,16-Aug-2021 14:51:07,-,False,,,105038766,Automobiles - 2 And 3 Wheelers,INE917I01010,Bajaj Auto Limited,2021-08-16 14:47:57,BAJAJ-AUTO
12-Aug-2021 09:08:29,,https://nsearchives.nseindia.com/corporate/BAJAJ-AUTO_12082021090829_intimation12082021.pdf,Bajaj Auto Limited has informed the Exchange about Analysts/Institutional Investor Meet/Con. Call Updates,,,Analysts/Institutional Investor Meet/Con. Call Updates,00:00:03,12082021090829,12-Aug-2021 09:08:32,-,False,,,105033249,Automobiles - 2 And 3 Wheelers,INE917I01010,Bajaj Auto Limited,2021-08-12 09:08:29,BAJAJ-AUTO
11-Aug-2021 16:48:53,,https://nsearchives.nseindia.com/corporate/BAJAJ-AUTO_11082021164853_issueofduplicatesharecertificateBA214BS452.pdf,Bajaj Auto Limited has informed the Exchange about Loss of Share Certificates,,,Loss of Share Certificates,00:00:06,11082021164853,11-Aug-2021 16:48:59,-,False,,,105032168,Automobiles - 2 And 3 Wheelers,INE917I01010,Bajaj Auto Limited,2021-08-11 16:48:53,BAJAJ-AUTO
11-Aug-2021 10:43:03,,https://nsearchives.nseindia.com/corporate/BAJAJ-AUTO_11082021104303_IntimationforlossofsharesBA185.pdf,Bajaj Auto Limited has informed the Exchange about Loss of Share Certificates,,,Loss of Share Certificates,00:00:07,11082021104303,11-Aug-2021 10:43:10,-,False,,,105031783,Automobiles - 2 And 3 Wheelers,INE917I01010,Bajaj Auto Limited,2021-08-11 10:43:03,BAJAJ-AUTO
02-Aug-2021 09:24:09,,https://nsearchives.nseindia.com/corporate/BAJAJ-AUTO_02082021092409_press02082021.pdf,"Bajaj Auto Limited has informed the Exchange regarding a press release dated August 02, 2021, titled ""sales for the month of July 2021"".",,,Press Release,00:00:06,02082021092409,02-Aug-2021 09:24:15,-,False,,,105017045,Automobiles - 2 And 3 Wheelers,INE917I01010,Bajaj Auto Limited,2021-08-02 09:24:09,BAJAJ-AUTO
26-Jul-2021 21:36:19,,https://nsearchives.nseindia.com/corporate/BAJAJ-AUTO_26072021213619_KTMpressRelease26July2021.pdf,"Bajaj Auto Limited has informed the Exchange regarding a press release dated July 26, 2021, titled ""Press Release issuedin Austria by PIERER Mobility AG (PMAG) in respect of the shareholding structure with BajajAuto's 100% Netherlands subsidiary Bajaj Auto International Holdings BV (BAIHBV), in KTMAG, Austria."".",,,Press Release,00:00:06,26072021213619,26-Jul-2021 21:36:25,-,False,,,105008239,Automobiles - 2 And 3 Wheelers,INE917I01010,Bajaj Auto Limited,2021-07-26 21:36:19,BAJAJ-AUTO
23-Jul-2021 15:02:25,,https://nsearchives.nseindia.com/corporate/BAJAJ-AUTO_23072021150225_ScrutinizersReportJuly2021.pdf,"Bajaj Auto Limited has submitted the Exchange a copy Srutinizers report of  Annual General Meeting held on July 22, 2021. Further, the company has informed the Exchange regarding voting results.",,,Shareholders meeting,00:00:08,23072021150225,23-Jul-2021 15:02:33,-,False,,,105005541,Automobiles - 2 And 3 Wheelers,INE917I01010,Bajaj Auto Limited,2021-07-23 15:02:25,BAJAJ-AUTO
23-Jul-2021 13:59:07,,https://nsearchives.nseindia.com/corporate/BAJAJ-AUTO_23072021135907_OutcomeofAGMJuly2021.pdf,"Bajaj Auto Limited has informed the Exchange regarding Proceedings of Annual General Meeting held on July 22, 2021",,,Shareholders meeting,00:00:08,23072021135907,23-Jul-2021 13:59:15,-,False,,,105005500,Automobiles - 2 And 3 Wheelers,INE917I01010,Bajaj Auto Limited,2021-07-23 13:59:07,BAJAJ-AUTO
22-Jul-2021 12:25:55,,https://nsearchives.nseindia.com/corporate/BAJAJ-AUTO_22072021122555_Subsidiary.pdf,"Bajaj Auto Limited has informed the Exchange regarding 'the Board of Directors at its meeting held today, has approved the incorporation of a wholly owned subsidiary of the company'.",,,Updates,00:00:17,22072021122555,22-Jul-2021 12:26:12,-,False,,,105003751,Automobiles - 2 And 3 Wheelers,INE917I01010,Bajaj Auto Limited,2021-07-22 12:25:55,BAJAJ-AUTO
22-Jul-2021 12:21:42,,https://nsearchives.nseindia.com/corporate/BAJAJ-AUTO_22072021122142_UFR30062021.pdf,"Bajaj Auto Limited has informed the Exchange regarding  Board meeting held on July 22, 2021.",,,Outcome of Board Meeting,00:00:13,22072021122142,22-Jul-2021 12:21:55,-,False,,,105003748,Automobiles - 2 And 3 Wheelers,INE917I01010,Bajaj Auto Limited,2021-07-22 12:21:42,BAJAJ-AUTO
22-Jul-2021 12:18:34,,https://nsearchives.nseindia.com/corporate/UFR30062021_22072021121834.pdf,"Bajaj Auto Limited has submitted to the Exchange, the financial results for the period ended June 30, 2021.",,,Financial Result Updates,00:01:39,22072021121834,22-Jul-2021 12:20:13,-,False,,,142806,Automobiles - 2 And 3 Wheelers,INE917I01010,Bajaj Auto Limited,2021-07-22 12:18:34,BAJAJ-AUTO
17-Jul-2021 17:32:10,,https://nsearchives.nseindia.com/corporate/BAJAJ-AUTO_17072021173210_BALSEletterQ1FY22CallJuly2021.pdf,Bajaj Auto Limited has informed the Exchange about Analysts/Institutional Investor Meet/Con. Call Updates,,,Analysts/Institutional Investor Meet/Con. Call Updates,00:00:05,17072021173210,17-Jul-2021 17:32:15,-,False,,,104998862,Automobiles - 2 And 3 Wheelers,INE917I01010,Bajaj Auto Limited,2021-07-17 17:32:10,BAJAJ-AUTO
16-Jul-2021 19:16:18,,https://nsearchives.nseindia.com/corporate/BAJAJ-AUTO_16072021191618_BALBSENSEResignationofOGNSEquery.pdf,"Bajaj Auto Limited has informed the Exchange regarding Resignation of  Dr Omkar Goswami as Non- Executive Independent Director of the company w.e.f. July 09, 2021.",,,Resignation,00:00:09,16072021191618,16-Jul-2021 19:16:27,-,False,,,104997820,Automobiles - 2 And 3 Wheelers,INE917I01010,Bajaj Auto Limited,2021-07-16 19:16:18,BAJAJ-AUTO
09-Jul-2021 16:49:48,,https://nsearchives.nseindia.com/corporate/BAJAJ-AUTO_09072021164948_Regulation74_5_ofSEBI_DP_Regulations2018.pdf,"Bajaj Auto Limited has informed the Exchange about Certificate under SEBI (Depositories and Participants) Regulations, 2018",,,"Certificate under SEBI (Depositories and Participants) Regulations, 2018",00:00:04,09072021164948,09-Jul-2021 16:49:52,-,False,,,104988266,Automobiles - 2 And 3 Wheelers,INE917I01010,Bajaj Auto Limited,2021-07-09 16:49:48,BAJAJ-AUTO
09-Jul-2021 16:24:45,,https://nsearchives.nseindia.com/corporate/BAJAJ-AUTO_09072021162445_BALSELetterResignationofDrGoswami.pdf,"Bajaj Auto Limited has informed the Exchange regarding Resignation of  Dr Omkar Goswami as Non- Executive Independent Director of the company w.e.f. July 09, 2021.",,,Resignation,00:00:04,09072021162445,09-Jul-2021 16:24:49,-,False,,,104988241,Automobiles - 2 And 3 Wheelers,INE917I01010,Bajaj Auto Limited,2021-07-09 16:24:45,BAJAJ-AUTO
01-Jul-2021 09:24:46,,https://nsearchives.nseindia.com/corporate/BAJAJ-AUTO_01072021092446_press01072021.pdf,"Bajaj Auto Limited has informed the Exchange regarding a press release dated July 01, 2021, titled ""sales for the month of June 2021"".",,,Press Release,00:00:06,01072021092446,01-Jul-2021 09:24:52,-,False,,,104976894,Automobiles - 2 And 3 Wheelers,INE917I01010,Bajaj Auto Limited,2021-07-01 09:24:46,BAJAJ-AUTO
30-Jun-2021 12:51:16,,https://nsearchives.nseindia.com/corporate/BAJAJ-AUTO_30062021125116_BALSEletterNewsAdvtPostdispatch2021.pdf,Bajaj Auto Limited has informed the Exchange about Copy of Newspaper Publication,,,Copy of Newspaper Publication,00:00:07,30062021125116,30-Jun-2021 12:51:23,-,False,,,104974738,Automobiles - 2 And 3 Wheelers,INE917I01010,Bajaj Auto Limited,2021-06-30 12:51:16,BAJAJ-AUTO
30-Jun-2021 12:49:31,,https://nsearchives.nseindia.com/corporate/BAJAJ-AUTO_30062021124931_BALSELetterAGMnoticeReg30.pdf,"Bajaj Auto Limited has informed the Exchange regarding Notice of Annual General Meeting to be held on July 22, 2021",,,Shareholders meeting,00:00:13,30062021124931,30-Jun-2021 12:49:44,-,False,,,104974733,Automobiles - 2 And 3 Wheelers,INE917I01010,Bajaj Auto Limited,2021-06-30 12:49:31,BAJAJ-AUTO
26-Jun-2021 18:28:37,,https://nsearchives.nseindia.com/corporate/BAJAJ-AUTO_26062021182837_BALSELetterAGMnewspaperAdvt.pdf,Bajaj Auto Limited has informed the Exchange about Copy of Newspaper Publication,,,Copy of Newspaper Publication,00:00:07,26062021182837,26-Jun-2021 18:28:44,-,False,,,104969193,Automobiles - 2 And 3 Wheelers,INE917I01010,Bajaj Auto Limited,2021-06-26 18:28:37,BAJAJ-AUTO
16-Jun-2021 16:13:00,,https://nsearchives.nseindia.com/corporate/BAJAJ-AUTO_16062021161300_CommunicationtoshareholderTDSonDividend.pdf,Bajaj Auto Limited has informed the Exchange regarding ''.Communication On Tax Deduction At Source On Dividends'.,,,Updates,00:00:12,16062021161300,16-Jun-2021 16:13:12,-,False,,,104953663,Automobiles - 2 And 3 Wheelers,INE917I01010,Bajaj Auto Limited,2021-06-16 16:13:00,BAJAJ-AUTO
15-Jun-2021 14:32:59,,https://nsearchives.nseindia.com/corporate/BAJAJ-AUTO_15062021143259_AnnouncementunderRegulation30LODRNewspaperPublication.pdf,Bajaj Auto Limited has informed the Exchange about Copy of Newspaper Publication,,,Copy of Newspaper Publication,00:00:07,15062021143259,15-Jun-2021 14:33:06,-,False,,,104951686,Automobiles - 2 And 3 Wheelers,INE917I01010,Bajaj Auto Limited,2021-06-15 14:32:59,BAJAJ-AUTO
01-Jun-2021 09:20:33,,https://nsearchives.nseindia.com/corporate/BAJAJ-AUTO_01062021092033_sales01062021.pdf,"Bajaj Auto Limited has informed the Exchange regarding a press release dated Jun 01, 2021, titled ""sales for the month of May 2021"".",,,Press Release,00:00:07,01062021092033,01-Jun-2021 09:20:40,-,False,,,104930536,Automobiles - 2 And 3 Wheelers,INE917I01010,Bajaj Auto Limited,2021-06-01 09:20:33,BAJAJ-AUTO
26-May-2021 15:48:50,,https://nsearchives.nseindia.com/corporate/BAJAJ-AUTO_26052021154850_BALRPTDisclosure31March2021.pdf,"Bajaj Auto Limited has informed the Exchange about related Party Transactions on a consolidated basis, for the half year ended 31 March 2021.",,,Related Party Transactions,00:00:06,26052021154850,26-May-2021 15:48:56,-,False,,,104923671,Automobiles - 2 And 3 Wheelers,INE917I01010,Bajaj Auto Limited,2021-05-26 15:48:50,BAJAJ-AUTO
21-May-2021 15:56:01,,https://nsearchives.nseindia.com/corporate/BAJAJ-AUTO_21052021155601_Intimationregardingissueofduplicatesharecertificates21052021.pdf,Bajaj Auto Limited has informed the Exchange about Loss of Share Certificates,,,Loss of Share Certificates,00:00:16,21052021155601,21-May-2021 15:56:17,-,False,,,104917044,Automobiles - 2 And 3 Wheelers,INE917I01010,Bajaj Auto Limited,2021-05-21 15:56:01,BAJAJ-AUTO
19-May-2021 17:07:17,,https://nsearchives.nseindia.com/corporate/BAJAJ-AUTO_19052021170717_SELetterInvestorconference19May2021.pdf,Bajaj Auto Limited has informed the Exchange about Analysts/Institutional Investor Meet/Con. Call Updates,,,Analysts/Institutional Investor Meet/Con. Call Updates,00:00:05,19052021170717,19-May-2021 17:07:22,-,False,,,104913009,Automobiles - 2 And 3 Wheelers,INE917I01010,Bajaj Auto Limited,2021-05-19 17:07:17,BAJAJ-AUTO
13-May-2021 12:07:08,,https://nsearchives.nseindia.com/corporate/BAJAJ-AUTO_13052021120708_SELETTERInvestorconference13May2021.pdf,Bajaj Auto Limited has informed the Exchange about Analysts/Institutional Investor Meet/Con. Call Updates,,,Analysts/Institutional Investor Meet/Con. Call Updates,00:00:11,13052021120708,13-May-2021 12:07:19,-,False,,,104905647,Automobiles - 2 And 3 Wheelers,INE917I01010,Bajaj Auto Limited,2021-05-13 12:07:08,BAJAJ-AUTO
03-May-2021 13:59:25,,https://nsearchives.nseindia.com/corporate/BAJAJ-AUTO_03052021135925_pressrelease03052021.pdf,"Bajaj Auto Limited has informed the Exchange regarding a press release dated 0 , , titled ""April 2021"".",,,Press Release,00:00:06,03052021135925,03-May-2021 13:59:31,-,False,,,104891083,Automobiles - 2 And 3 Wheelers,INE917I01010,Bajaj Auto Limited,2021-05-03 13:59:25,BAJAJ-AUTO
29-Apr-2021 17:16:46,,https://nsearchives.nseindia.com/corporate/RESULTS31032021_29042021171646.pdf,"Bajaj Auto Limited has submitted to the Exchange, the financial results for the period ended March 31, 2021.",,,Financial Result Updates,00:01:19,29042021171646,29-Apr-2021 17:18:05,-,False,,,140849,Automobiles - 2 And 3 Wheelers,INE917I01010,Bajaj Auto Limited,2021-04-29 17:16:46,BAJAJ-AUTO
29-Apr-2021 16:17:49,,https://nsearchives.nseindia.com/corporate/BAJAJ-AUTO_29042021161749_ESOP.pdf,Bajaj Auto Limited has informed the Exchange regarding Grant of 277166  Options.,,,ESOP/ESOS/ESPS,00:00:11,29042021161749,29-Apr-2021 16:18:00,-,False,,,104886644,Automobiles - 2 And 3 Wheelers,INE917I01010,Bajaj Auto Limited,2021-04-29 16:17:49,BAJAJ-AUTO
29-Apr-2021 16:14:52,,https://nsearchives.nseindia.com/corporate/BAJAJ-AUTO_29042021161452_BookClosure.pdf,Bajaj Auto Limited has informed the Exchange that Register of Members & Share Transfer Books of the Company will remain closed from 10-Jul-2021 to 22-Jul-2021 for the purpose of Dividend.,,,Book Closure,00:00:06,29042021161452,29-Apr-2021 16:14:58,-,False,,,104886642,Automobiles - 2 And 3 Wheelers,INE917I01010,Bajaj Auto Limited,2021-04-29 16:14:52,BAJAJ-AUTO
29-Apr-2021 15:18:23,,https://nsearchives.nseindia.com/corporate/BAJAJ-AUTO_29042021151818_Resignation.pdf,"Bajaj Auto Limited has informed the Exchange regarding Resignation of Mr Rahul Bajaj as Non- Executive Director of the company w.e.f. April 30, 2021.",,,Resignation,00:00:07,29042021151823,29-Apr-2021 15:18:30,-,False,,,104886595,Automobiles - 2 And 3 Wheelers,INE917I01010,Bajaj Auto Limited,2021-04-29 15:18:23,BAJAJ-AUTO
29-Apr-2021 15:18:18,,https://nsearchives.nseindia.com/corporate/BAJAJ-AUTO_29042021151818_Resignation.pdf,"Bajaj Auto Limited has informed the Exchange regarding Resignation of Mr Rahul Bajaj as Chairman of the company w.e.f. April 30, 2021.",,,Resignation,00:00:11,29042021151818,29-Apr-2021 15:18:29,-,False,,,104886594,Automobiles - 2 And 3 Wheelers,INE917I01010,Bajaj Auto Limited,2021-04-29 15:18:18,BAJAJ-AUTO
29-Apr-2021 15:12:02,,https://nsearchives.nseindia.com/corporate/BAJAJ-AUTO_29042021151202_Coveringletter.pdf,Bajaj Auto Limited has informed the Exchange about Dividend Updates,,,Dividend Updates,00:00:12,29042021151202,29-Apr-2021 15:12:14,-,False,,,104886592,Automobiles - 2 And 3 Wheelers,INE917I01010,Bajaj Auto Limited,2021-04-29 15:12:02,BAJAJ-AUTO
29-Apr-2021 15:10:27,,https://nsearchives.nseindia.com/corporate/BAJAJ-AUTO_29042021151027_RESULTS31032021.pdf,"Bajaj Auto Limited has informed the Exchange that Board of Directors at its meeting held on April 29, 2021, recommended Final Dividend of 140 per equity share.",,,Dividend,00:00:06,29042021151027,29-Apr-2021 15:10:33,-,False,,,104886591,Automobiles - 2 And 3 Wheelers,INE917I01010,Bajaj Auto Limited,2021-04-29 15:10:27,BAJAJ-AUTO
22-Apr-2021 17:04:13,,https://nsearchives.nseindia.com/corporate/BAJAJ-AUTO_22042021170413_auto.pdf,"Promoter/Member of the Promoter Group of the Company has informed the Exchange regarding disclosure under Regulation 30 of SEBI SAST Regulations 2011 as on March 31, 2021",,,Disclosure under SEBI Takeover Regulations,00:00:07,22042021170413,22-Apr-2021 17:04:20,-,False,,,104875444,Automobiles - 2 And 3 Wheelers,INE917I01010,Bajaj Auto Limited,2021-04-22 17:04:13,BAJAJ-AUTO
22-Apr-2021 09:52:59,,https://nsearchives.nseindia.com/corporate/BAJAJ-AUTO_22042021095259_BAJAJAUTO_Disclosure_Regn_314.pdf,"��Promoter/Member of the Promoter Group of the Company has informed the Exchange regarding disclosure under Regulation 31(4) of SEBI SAST Regulations, 2011��as at March 31, 2021.",,,Disclosure under SEBI Takeover Regulations,00:00:08,22042021095259,22-Apr-2021 09:53:07,-,False,,,104874717,Automobiles - 2 And 3 Wheelers,INE917I01010,Bajaj Auto Limited,2021-04-22 09:52:59,BAJAJ-AUTO
21-Apr-2021 17:10:16,,https://nsearchives.nseindia.com/corporate/BAJAJ-AUTO_21042021171016_BALBSENSEAnalystInvestormeetQ4.pdf,Bajaj Auto Limited has informed the Exchange about Analysts/Institutional Investor Meet/Con. Call Updates,,,Analysts/Institutional Investor Meet/Con. Call Updates,00:00:10,21042021171016,21-Apr-2021 17:10:26,-,False,,,104874577,Automobiles - 2 And 3 Wheelers,INE917I01010,Bajaj Auto Limited,2021-04-21 17:10:16,BAJAJ-AUTO
12-Apr-2021 16:54:52,,https://nsearchives.nseindia.com/corporate/BAJAJ-AUTO_12042021165452_intimationforloss12042021.pdf,Bajaj Auto Limited has informed the Exchange about Loss of Share Certificates,,,Loss of Share Certificates,00:00:04,12042021165452,12-Apr-2021 16:54:56,-,False,,,104861075,Automobiles - 2 And 3 Wheelers,INE917I01010,Bajaj Auto Limited,2021-04-12 16:54:52,BAJAJ-AUTO
07-Apr-2021 14:06:17,,https://nsearchives.nseindia.com/corporate/BAJAJ-AUTO_07042021140617_BALCertificateunderRegulation74_5_.pdf,"Bajaj Auto Limited has informed the Exchange about Certificate under SEBI (Depositories and Participants) Regulations, 2018",,,"Certificate under SEBI (Depositories and Participants) Regulations, 2018",00:00:02,07042021140617,07-Apr-2021 14:06:19,-,False,,,104852876,Automobiles - 2 And 3 Wheelers,INE917I01010,Bajaj Auto Limited,2021-04-07 14:06:17,BAJAJ-AUTO
02-Apr-2021 16:48:33,,https://nsearchives.nseindia.com/corporate/BAJAJ-AUTO_02042021164833_press02042021.pdf,"Bajaj Auto Limited has informed the Exchange regarding a press release dated April 02, 2021, titled ""Sales for the month of March 2021"".",,,Press Release,00:00:05,02042021164833,02-Apr-2021 16:48:38,-,False,,,104845160,Automobiles - 2 And 3 Wheelers,INE917I01010,Bajaj Auto Limited,2021-04-02 16:48:33,BAJAJ-AUTO
26-Mar-2021 10:46:30,,https://nsearchives.nseindia.com/corporate/BAJAJ-AUTO_26032021104630_Pressrelease26032021.pdf,"Bajaj Auto Limited has informed the Exchange regarding a press release dated March 26, 2021, titled ""the Press release dated 25 March 2021issued in Austria by PIERER Mobility AG (PMAG)"".",,,Press Release,00:00:05,26032021104630,26-Mar-2021 10:46:35,-,False,,,104836179,Automobiles - 2 And 3 Wheelers,INE917I01010,Bajaj Auto Limited,2021-03-26 10:46:30,BAJAJ-AUTO
18-Mar-2021 14:14:36,,https://nsearchives.nseindia.com/corporate/BAJAJ-AUTO_18032021141436_SEletterInvConferenceMarch2021.pdf,Bajaj Auto Limited has informed the Exchange about Analysts/Institutional Investor Meet/Con. Call Updates,,,Analysts/Institutional Investor Meet/Con. Call Updates,00:00:08,18032021141436,18-Mar-2021 14:14:44,-,False,,,104821865,Automobiles - 2 And 3 Wheelers,INE917I01010,Bajaj Auto Limited,2021-03-18 14:14:36,BAJAJ-AUTO
18-Mar-2021 11:39:42,,https://nsearchives.nseindia.com/corporate/BAJAJ-AUTO_18032021113942_BSENSEOutcomeofBMWTDandDDPMarch2021.pdf,"Bajaj Auto Limited has informed the Exchange regarding  Board meeting held on March 17, 2021.",,,Outcome of Board Meeting,00:00:06,18032021113942,18-Mar-2021 11:39:48,-,False,,,104821473,Automobiles - 2 And 3 Wheelers,INE917I01010,Bajaj Auto Limited,2021-03-18 11:39:42,BAJAJ-AUTO
01-Mar-2021 09:21:45,,https://nsearchives.nseindia.com/corporate/BAJAJ-AUTO_01032021092145_intimation01032021.pdf,"Bajaj Auto Limited has informed the Exchange regarding a press release dated March 01, 2021, titled ""sales for the month of February 2021"".",,,Press Release,00:00:05,01032021092145,01-Mar-2021 09:21:50,-,False,,,104791267,Automobiles - 2 And 3 Wheelers,INE917I01010,Bajaj Auto Limited,2021-03-01 09:21:45,BAJAJ-AUTO
23-Feb-2021 16:10:49,,https://nsearchives.nseindia.com/corporate/BAJAJ-AUTO_23022021161048_IntimationtoStExIssueofDuplicateSCNileshChopda.pdf,Bajaj Auto Limited has informed the Exchange about Loss of Share Certificates,,,Loss of Share Certificates,00:00:03,23022021161049,23-Feb-2021 16:10:52,-,False,,,104784239,Automobiles - 2 And 3 Wheelers,INE917I01010,Bajaj Auto Limited,2021-02-23 16:10:49,BAJAJ-AUTO
18-Feb-2021 14:29:20,,https://nsearchives.nseindia.com/corporate/BAJAJ-AUTO_18022021142920_intimationforissueofsharecertificate18022021.pdf,Bajaj Auto Limited has informed the Exchange about Loss of Share Certificates,,,Loss of Share Certificates,00:00:03,18022021142920,18-Feb-2021 14:29:23,-,False,,,104778059,Automobiles - 2 And 3 Wheelers,INE917I01010,Bajaj Auto Limited,2021-02-18 14:29:20,BAJAJ-AUTO
16-Feb-2021 17:01:24,,https://nsearchives.nseindia.com/corporate/BAJAJ-AUTO_16022021170124_SELetterInvConference16Feb2021.pdf,Bajaj Auto Limited has informed the Exchange about Analysts/Institutional Investor Meet/Con. Call Updates,,,Analysts/Institutional Investor Meet/Con. Call Updates,00:00:04,16022021170124,16-Feb-2021 17:01:28,-,False,,,104773545,Automobiles - 2 And 3 Wheelers,INE917I01010,Bajaj Auto Limited,2021-02-16 17:01:24,BAJAJ-AUTO
09-Feb-2021 14:12:56,,https://nsearchives.nseindia.com/corporate/BAJAJ-AUTO_09022021141256_SELetterInvConferenceFeb2021.pdf,Bajaj Auto Limited has informed the Exchange about Analysts/Institutional Investor Meet/Con. Call Updates,,,Analysts/Institutional Investor Meet/Con. Call Updates,00:00:05,09022021141256,09-Feb-2021 14:13:01,-,False,,,104759949,Automobiles - 2 And 3 Wheelers,INE917I01010,Bajaj Auto Limited,2021-02-09 14:12:56,BAJAJ-AUTO
05-Feb-2021 09:53:15,,https://nsearchives.nseindia.com/corporate/BAJAJ-AUTO_05022021095315_intimationforloss05022021.pdf,Bajaj Auto Limited has informed the Exchange about Loss of Share Certificates,,,Loss of Share Certificates,00:00:10,05022021095315,05-Feb-2021 09:53:25,-,False,,,104753055,Automobiles - 2 And 3 Wheelers,INE917I01010,Bajaj Auto Limited,2021-02-05 09:53:15,BAJAJ-AUTO
02-Feb-2021 09:12:03,,https://nsearchives.nseindia.com/corporate/BAJAJ-AUTO_02022021091203_pressrelease02022021.pdf,"Bajaj Auto Limited has informed the Exchange regarding a press release dated February 02, 2021, titled ""sales for the month of January 2021"".",,,Press Release,00:00:08,02022021091203,02-Feb-2021 09:12:11,-,False,,,104745098,Automobiles - 2 And 3 Wheelers,INE917I01010,Bajaj Auto Limited,2021-02-02 09:12:03,BAJAJ-AUTO
22-Jan-2021 15:21:49,,https://nsearchives.nseindia.com/corporate/BAJAJ-AUTO_22012021152149_intimation22012021.pdf,Bajaj Auto Limited has informed the Exchange about Loss of Share Certificates,,,Loss of Share Certificates,00:00:06,22012021152149,22-Jan-2021 15:21:55,-,False,,,104730564,Automobiles - 2 And 3 Wheelers,INE917I01010,Bajaj Auto Limited,2021-01-22 15:21:49,BAJAJ-AUTO
21-Jan-2021 14:35:11,,https://nsearchives.nseindia.com/corporate/BAJAJ-AUTO_21012021143511_Results31122020.pdf,"Bajaj Auto Limited has informed the Exchange regarding  Board meeting held on January 21, 2021.",,,Outcome of Board Meeting,00:00:05,21012021143511,21-Jan-2021 14:35:16,-,False,,,104728161,Automobiles - 2 And 3 Wheelers,INE917I01010,Bajaj Auto Limited,2021-01-21 14:35:11,BAJAJ-AUTO
21-Jan-2021 14:32:42,,https://nsearchives.nseindia.com/corporate/Results31122020_21012021143242.zip,"Bajaj Auto Limited has submitted to the Exchange, the financial results for the period ended December 31, 2020.",,,Financial Result Updates,00:01:24,21012021143242,21-Jan-2021 14:34:06,-,False,,,139064,Automobiles - 2 And 3 Wheelers,INE917I01010,Bajaj Auto Limited,2021-01-21 14:32:42,BAJAJ-AUTO
13-Jan-2021 18:22:34,,https://nsearchives.nseindia.com/corporate/BAJAJ-AUTO_13012021182234_BALSELetterInvestorCallinviteQ3FY21.pdf,Bajaj Auto Limited has informed the Exchange about Analysts/Institutional Investor Meet/Con. Call Updates,,,Analysts/Institutional Investor Meet/Con. Call Updates,00:00:05,13012021182234,13-Jan-2021 18:22:39,-,False,,,104714138,Automobiles - 2 And 3 Wheelers,INE917I01010,Bajaj Auto Limited,2021-01-13 18:22:34,BAJAJ-AUTO
07-Jan-2021 14:05:48,,https://nsearchives.nseindia.com/corporate/BAJAJ-AUTO_07012021140548_BALCertificateunderRegulation74_5_.pdf,"Bajaj Auto Limited has informed the Exchange about Certificate under SEBI (Depositories and Participants) Regulations, 2018",,,"Certificate under SEBI (Depositories and Participants) Regulations, 2018",00:00:04,07012021140548,07-Jan-2021 14:05:52,-,False,,,104704076,Automobiles - 2 And 3 Wheelers,INE917I01010,Bajaj Auto Limited,2021-01-07 14:05:48,BAJAJ-AUTO
04-Jan-2021 09:40:14,,https://nsearchives.nseindia.com/corporate/BAJAJ-AUTO_04012021094014_pressrealease04012021.pdf,"Bajaj Auto Limited has informed the Exchange regarding a press release dated January 04, 2021, titled ""Bajaj Auto Limited becoming ""World's Most Valuable Two-wheeler Company"".",,,Press Release,00:00:09,04012021094014,04-Jan-2021 09:40:23,-,False,,,104696175,Automobiles - 2 And 3 Wheelers,INE917I01010,Bajaj Auto Limited,2021-01-04 09:40:14,BAJAJ-AUTO
04-Jan-2021 09:18:21,,https://nsearchives.nseindia.com/corporate/BAJAJ-AUTO_04012021091821_press040120201.pdf,"Bajaj Auto Limited has informed the Exchange regarding a press release dated January 04, 2021, titled ""sales for the month of december 2020"".",,,Press Release,00:00:02,04012021091821,04-Jan-2021 09:18:23,-,False,,,104696143,Automobiles - 2 And 3 Wheelers,INE917I01010,Bajaj Auto Limited,2021-01-04 09:18:21,BAJAJ-AUTO
22-Dec-2020 18:07:54,,https://nsearchives.nseindia.com/corporate/BAJAJ-AUTO_22122020180754_BALSELETTERMoUwithGoM22Dec2020.pdf,"Bajaj Auto Limited has informed the Exchange regarding a press release dated December 22, 2020, titled ""Memorandum of Understanding signed with the Government ofMaharashtra to set up a manufacturing facility on a proposed investment of Rs.650 crores in Chakan, Maharashtra."".",,,Press Release,00:00:03,22122020180754,22-Dec-2020 18:07:57,-,False,,,104676705,Automobiles - 2 And 3 Wheelers,INE917I01010,Bajaj Auto Limited,2020-12-22 18:07:54,BAJAJ-AUTO
15-Dec-2020 16:51:59,,https://nsearchives.nseindia.com/corporate/BAJAJ-AUTO_15122020165159_intimation14122020.pdf,Bajaj Auto Limited has informed the Exchange about receipt of an Original Share Certificates of shareholder.,,,Loss of Share Certificates,00:00:12,15122020165159,15-Dec-2020 16:52:11,-,False,,,104665102,Automobiles - 2 And 3 Wheelers,INE917I01010,Bajaj Auto Limited,2020-12-15 16:51:59,BAJAJ-AUTO
01-Dec-2020 09:16:39,,https://nsearchives.nseindia.com/corporate/BAJAJ-AUTO_01122020091639_pressrelasepierer.pdf,"Bajaj Auto Limited has informed the Exchange regarding a press release dated December 01, 2020, titled ""Press release dated 27 November 2020 issued in Austria by PIERER Mobility AG (PMAG) in respect of the shareholding structurewith Bajaj Auto's 100% Netherlands subsidiary Bajaj Auto International Holdings BV (Bajaj), in KTM AG, Austria."".",,,Press Release,00:00:07,01122020091639,01-Dec-2020 09:16:46,-,False,,,104639630,Automobiles - 2 And 3 Wheelers,INE917I01010,Bajaj Auto Limited,2020-12-01 09:16:39,BAJAJ-AUTO
01-Dec-2020 09:08:43,,https://nsearchives.nseindia.com/corporate/BAJAJ-AUTO_01122020090843_PressReleaseNov2020.pdf,"Bajaj Auto Limited has informed the Exchange regarding a press release dated December 01, 2020, titled ""sales for the month of November 2020"".",,,Press Release,00:00:05,01122020090843,01-Dec-2020 09:08:48,-,False,,,104639629,Automobiles - 2 And 3 Wheelers,INE917I01010,Bajaj Auto Limited,2020-12-01 09:08:43,BAJAJ-AUTO
25-Nov-2020 16:55:37,,https://nsearchives.nseindia.com/corporate/BAJAJ-AUTO_25112020165537_SEletterInvConferenceNov252020.pdf,Bajaj Auto Limited has informed the Exchange about Analysts/Institutional Investor Meet/Con. Call Updates,,,Analysts/Institutional Investor Meet/Con. Call Updates,00:00:05,25112020165537,25-Nov-2020 16:55:42,-,False,,,104633059,Automobiles - 2 And 3 Wheelers,INE917I01010,Bajaj Auto Limited,2020-11-25 16:55:37,BAJAJ-AUTO
09-Nov-2020 18:44:41,,https://nsearchives.nseindia.com/corporate/BAJAJ-AUTO_09112020184441_BALSELETTERHalfyearlyReport30SEP2020.pdf,Bajaj Auto Limited has informed the Exchange regarding 'Submission of half-yearly communication sent to shareholders forthe half-year ended 30 September 2020'.,,,Updates,00:00:05,09112020184441,09-Nov-2020 18:44:46,-,False,,,104604861,Automobiles - 2 And 3 Wheelers,INE917I01010,Bajaj Auto Limited,2020-11-09 18:44:41,BAJAJ-AUTO
09-Nov-2020 14:47:28,,https://nsearchives.nseindia.com/corporate/BAJAJ-AUTO_09112020144728_SELetterInvConferenceNov92020.pdf,Bajaj Auto Limited has informed the Exchange about Analysts/Institutional Investor Meet/Con. Call Updates,,,Analysts/Institutional Investor Meet/Con. Call Updates,00:00:03,09112020144728,09-Nov-2020 14:47:31,-,False,,,104604483,Automobiles - 2 And 3 Wheelers,INE917I01010,Bajaj Auto Limited,2020-11-09 14:47:28,BAJAJ-AUTO
04-Nov-2020 10:55:11,,https://nsearchives.nseindia.com/corporate/BAJAJ-AUTO_04112020105511_BALRPTDisclosure30Sep2020.pdf,"Bajaj Auto Limited has informed the Exchange about related Party Transactions on a consolidated basis, for the half year ended 30 September 2020.",,,Related Party Transactions,00:00:03,04112020105511,04-Nov-2020 10:55:14,-,False,,,104595846,Automobiles - 2 And 3 Wheelers,INE917I01010,Bajaj Auto Limited,2020-11-04 10:55:11,BAJAJ-AUTO
02-Nov-2020 09:13:35,,https://nsearchives.nseindia.com/corporate/BAJAJ-AUTO_02112020091335_intimationpressrelease02112020.pdf,"Bajaj Auto Limited has informed the Exchange regarding a press release dated November 02, 2020, titled ""sales for the month of October 2020"".",,,Press Release,00:00:04,02112020091335,02-Nov-2020 09:13:39,-,False,,,104589573,Automobiles - 2 And 3 Wheelers,INE917I01010,Bajaj Auto Limited,2020-11-02 09:13:35,BAJAJ-AUTO
30-Oct-2020 16:07:16,,https://nsearchives.nseindia.com/corporate/BAJAJ-AUTO_30102020160716_BALBSENSEInvestorconference30October2020.pdf,Bajaj Auto Limited has informed the Exchange about Analysts/Institutional Investor Meet/Con. Call Updates,,,Analysts/Institutional Investor Meet/Con. Call Updates,00:00:04,30102020160716,30-Oct-2020 16:07:20,-,False,,,104588409,Automobiles - 2 And 3 Wheelers,INE917I01010,Bajaj Auto Limited,2020-10-30 16:07:16,BAJAJ-AUTO
22-Oct-2020 15:37:47,,https://nsearchives.nseindia.com/corporate/BAJAJ-AUTO_22102020153747_BALCovidUpdate22Oct2020.pdf,Bajaj Auto Limited has informed the Exchange regarding 'Disclosure relating to update on Impact Assessment of COVID 19 pandemic'.,,,Updates,00:00:05,22102020153747,22-Oct-2020 15:37:52,-,False,,,104573671,Automobiles - 2 And 3 Wheelers,INE917I01010,Bajaj Auto Limited,2020-10-22 15:37:47,BAJAJ-AUTO
22-Oct-2020 13:10:16,,https://nsearchives.nseindia.com/corporate/BAJAJ-AUTO_22102020131016_financialresults30092020.pdf,"Bajaj Auto Limited has informed the Exchange regarding  Board meeting held on October 22, 2020.",,,Outcome of Board Meeting,00:00:11,22102020131016,22-Oct-2020 13:10:27,-,False,,,104573602,Automobiles - 2 And 3 Wheelers,INE917I01010,Bajaj Auto Limited,2020-10-22 13:10:16,BAJAJ-AUTO
22-Oct-2020 13:04:31,,https://nsearchives.nseindia.com/corporate/financialresults30092020_22102020130431.zip,"Bajaj Auto Limited has submitted to the Exchange, the financial results for the period ended September 30, 2020.",,,Financial Result Updates,00:01:37,22102020130431,22-Oct-2020 13:06:08,-,False,,,137195,Automobiles - 2 And 3 Wheelers,INE917I01010,Bajaj Auto Limited,2020-10-22 13:04:31,BAJAJ-AUTO
19-Oct-2020 11:34:14,,https://nsearchives.nseindia.com/corporate/BAJAJ-AUTO_19102020113414_BALBSENSEInvestorCallQ2.pdf,Bajaj Auto Limited has informed the Exchange about Analysts/Institutional Investor Meet/Con. Call Updates,,,Analysts/Institutional Investor Meet/Con. Call Updates,00:00:08,19102020113414,19-Oct-2020 11:34:22,-,False,,,104566868,Automobiles - 2 And 3 Wheelers,INE917I01010,Bajaj Auto Limited,2020-10-19 11:34:14,BAJAJ-AUTO
19-Oct-2020 11:21:05,,https://nsearchives.nseindia.com/corporate/BAJAJ-AUTO_19102020112105_issueofduplicatesharecertificate.pdf,Bajaj Auto Limited has informed the Exchange about Loss of Share Certificates,,,Loss of Share Certificates,00:00:04,19102020112105,19-Oct-2020 11:21:09,-,False,,,104566846,Automobiles - 2 And 3 Wheelers,INE917I01010,Bajaj Auto Limited,2020-10-19 11:21:05,BAJAJ-AUTO
14-Oct-2020 11:19:10,,https://nsearchives.nseindia.com/corporate/BAJAJ-AUTO_14102020111910_BSENSEIntimation74.pdf,"Bajaj Auto Limited has informed the Exchange about Certificate under SEBI (Depositories and Participants) Regulations, 2018",,,"Certificate under SEBI (Depositories and Participants) Regulations, 2018",00:00:07,14102020111910,14-Oct-2020 11:19:17,-,False,,,104559977,Automobiles - 2 And 3 Wheelers,INE917I01010,Bajaj Auto Limited,2020-10-14 11:19:10,BAJAJ-AUTO
01-Oct-2020 09:12:42,,https://nsearchives.nseindia.com/corporate/BAJAJ-AUTO_01102020091242_PressReleaseSep2020.pdf,"Bajaj Auto Limited has informed the Exchange regarding a press release dated October 01, 2020, titled ""sales for the month of September 2020"".",,,Press Release,00:00:03,01102020091242,01-Oct-2020 09:12:45,-,False,,,104540734,Automobiles - 2 And 3 Wheelers,INE917I01010,Bajaj Auto Limited,2020-10-01 09:12:42,BAJAJ-AUTO
22-Sep-2020 12:18:59,,https://nsearchives.nseindia.com/corporate/BAJAJ-AUTO_22092020121859_BALBSENSEInvestorconference24Sept2020.pdf,Bajaj Auto Limited has informed the Exchange about Analysts/Institutional Investor Meet/Con. Call Updates,,,Analysts/Institutional Investor Meet/Con. Call Updates,00:00:07,22092020121859,22-Sep-2020 12:19:06,-,False,,,104524332,Automobiles - 2 And 3 Wheelers,INE917I01010,Bajaj Auto Limited,2020-09-22 12:18:59,BAJAJ-AUTO
21-Sep-2020 13:45:46,,https://nsearchives.nseindia.com/corporate/BAJAJ-AUTO_21092020134546_intimationofloss21092020.pdf,Bajaj Auto Limited has informed the Exchange about Loss of Share Certificates,,,Loss of Share Certificates,00:00:06,21092020134546,21-Sep-2020 13:45:52,-,False,,,104522225,Automobiles - 2 And 3 Wheelers,INE917I01010,Bajaj Auto Limited,2020-09-21 13:45:46,BAJAJ-AUTO
02-Sep-2020 09:17:51,,https://nsearchives.nseindia.com/corporate/BAJAJ-AUTO_02092020091751_intimation02092020.pdf,"Bajaj Auto Limited has informed the Exchange regarding a press release dated September 02, 2020, titled ""sales for the month of August 2020"".",,,Press Release,00:00:03,02092020091751,02-Sep-2020 09:17:54,-,False,,,104491443,Automobiles - 2 And 3 Wheelers,INE917I01010,Bajaj Auto Limited,2020-09-02 09:17:51,BAJAJ-AUTO
31-Aug-2020 10:22:59,,https://nsearchives.nseindia.com/corporate/BAJAJ-AUTO_31082020102259_SELetterInvConferenceSept2020.pdf,Bajaj Auto Limited has informed the Exchange about Analysts/Institutional Investor Meet/Con. Call Updates,,,Analysts/Institutional Investor Meet/Con. Call Updates,00:00:05,31082020102259,31-Aug-2020 10:23:04,-,False,,,104487432,Automobiles - 2 And 3 Wheelers,INE917I01010,Bajaj Auto Limited,2020-08-31 10:22:59,BAJAJ-AUTO
24-Aug-2020 18:43:23,,https://nsearchives.nseindia.com/corporate/BAJAJ-AUTO_24082020184323_BALFinallettertoNSEandBSEReg39LossofDuplicateshareCertificates.pdf,Bajaj Auto Limited has informed the Exchange about Loss of Share Certificates,,,Loss of Share Certificates,00:00:05,24082020184323,24-Aug-2020 18:43:28,-,False,,,104476708,Automobiles - 2 And 3 Wheelers,INE917I01010,Bajaj Auto Limited,2020-08-24 18:43:23,BAJAJ-AUTO
17-Aug-2020 16:34:14,,https://nsearchives.nseindia.com/corporate/BAJAJ-AUTO_17082020163414_BALSELetterInvConferenceAug2020.pdf,Bajaj Auto Limited has informed the Exchange about Analysts/Institutional Investor Meet/Con. Call Updates,,,Analysts/Institutional Investor Meet/Con. Call Updates,00:00:03,17082020163414,17-Aug-2020 16:34:17,-,False,,,104464621,Automobiles - 2 And 3 Wheelers,INE917I01010,Bajaj Auto Limited,2020-08-17 16:34:14,BAJAJ-AUTO
07-Aug-2020 16:11:32,,https://nsearchives.nseindia.com/corporate/BAJAJ-AUTO_07082020161132_BALSELetterInvestorConference.pdf,Bajaj Auto Limited has informed the Exchange about Analysts/Institutional Investor Meet/Con. Call Updates,,,Analysts/Institutional Investor Meet/Con. Call Updates,00:00:03,07082020161132,07-Aug-2020 16:11:35,-,False,,,104449760,Automobiles - 2 And 3 Wheelers,INE917I01010,Bajaj Auto Limited,2020-08-07 16:11:32,BAJAJ-AUTO
03-Aug-2020 09:08:45,,https://nsearchives.nseindia.com/corporate/BAJAJ-AUTO_03082020090845_pressrelease03082020.pdf,"Bajaj Auto Limited has informed the Exchange regarding a press release dated August 03, 2020, titled ""sales for the month of July 2020"".",,,Press Release,00:00:03,03082020090845,03-Aug-2020 09:08:48,-,False,,,104440164,Automobiles - 2 And 3 Wheelers,INE917I01010,Bajaj Auto Limited,2020-08-03 09:08:45,BAJAJ-AUTO
23-Jul-2020 17:01:00,,https://nsearchives.nseindia.com/corporate/BAJAJ-AUTO_23072020170123_BALOutcomeAGMScrutinizersReportAGMJuly2020.pdf,"Bajaj Auto Limited has submitted the Exchange a copy Srutinizers report of  Annual General Meeting held on July 22, 2020. Further, the company has informed the Exchange regarding voting results.",,,Shareholders meeting,-,23072020170100,-,-,False,,,104423963,Automobiles - 2 And 3 Wheelers,INE917I01010,Bajaj Auto Limited,2020-07-23 17:01:00,BAJAJ-AUTO
23-Jul-2020 11:25:00,,https://nsearchives.nseindia.com/corporate/BAJAJ-AUTO_23072020112536_23072020Summaryproceedings.pdf,"Bajaj Auto Limited has informed the Exchange regarding Proceedings of Annual General Meeting held on July 22, 2020",,,Shareholders meeting,-,23072020112500,-,-,False,,,104423611,Automobiles - 2 And 3 Wheelers,INE917I01010,Bajaj Auto Limited,2020-07-23 11:25:00,BAJAJ-AUTO
22-Jul-2020 18:15:00,,https://nsearchives.nseindia.com/corporate/BAJAJ-AUTO_22072020181504_COVID22072020.pdf,Bajaj Auto Limited has informed the Exchange regarding 'Disclosure on Impact Assessment of COVID 19 pandemic'.,,,Updates,-,22072020181500,-,-,False,,,104421674,Automobiles - 2 And 3 Wheelers,INE917I01010,Bajaj Auto Limited,2020-07-22 18:15:00,BAJAJ-AUTO
22-Jul-2020 12:04:00,,https://nsearchives.nseindia.com/corporate/BAJAJ-AUTO_22072020120458_Results22072020.pdf,"Bajaj Auto Limited has informed the Exchange regarding  Board meeting held on July 22, 2020.",,,Outcome of Board Meeting,-,22072020120400,-,-,False,,,104421213,Automobiles - 2 And 3 Wheelers,INE917I01010,Bajaj Auto Limited,2020-07-22 12:04:00,BAJAJ-AUTO
22-Jul-2020 12:01:59,,https://nsearchives.nseindia.com/corporate/Results22072020_22072020120159.zip,"Bajaj Auto Limited has submitted to the Exchange, the financial results for the period ended June 30, 2020.",,,Financial Result Updates,-,22072020120159,-,-,False,,,135124,Automobiles - 2 And 3 Wheelers,INE917I01010,Bajaj Auto Limited,2020-07-22 12:01:59,BAJAJ-AUTO
17-Jul-2020 10:39:00,,https://nsearchives.nseindia.com/corporate/BAJAJ-AUTO_17072020103902_Intimation17072020.pdf,Bajaj Auto Limited has informed the Exchange about Analysts/Institutional Investor Meet/Con. Call Updates,,,Analysts/Institutional Investor Meet/Con. Call Updates,-,17072020103900,-,-,False,,,104413240,Automobiles - 2 And 3 Wheelers,INE917I01010,Bajaj Auto Limited,2020-07-17 10:39:00,BAJAJ-AUTO
10-Jul-2020 14:19:00,,https://nsearchives.nseindia.com/corporate/BAJAJ-AUTO_10072020141921_BAJAJAUTO.pdf,Vanraj Bajaj has submitted to the Exchange a copy of Disclosure of Reasons for Encumbrance.(Revised),,,Disclosure under SEBI Takeover Regulations,-,10072020141900,-,-,False,,,104401599,Automobiles - 2 And 3 Wheelers,INE917I01010,Bajaj Auto Limited,2020-07-10 14:19:00,BAJAJ-AUTO
07-Jul-2020 13:24:00,,https://nsearchives.nseindia.com/corporate/BAJAJ-AUTO_07072020132437_BajaAuto.pdf,Vanraj Bajaj has submitted to the Exchange a copy of Disclosure of Reasons of Encumbrance.,,,Disclosure under SEBI Takeover Regulations,-,07072020132400,-,-,False,,,104393613,Automobiles - 2 And 3 Wheelers,INE917I01010,Bajaj Auto Limited,2020-07-07 13:24:00,BAJAJ-AUTO
02-Jul-2020 09:20:00,,https://nsearchives.nseindia.com/corporate/BAJAJ-AUTO_02072020092007_02072020.pdf,"Bajaj Auto Limited has informed the Exchange regarding a press release dated July 02, 2020, titled ""Press release in respect of sales for the month of June 2020"".",,,Press Release,-,02072020092000,-,-,False,,,104385676,Automobiles - 2 And 3 Wheelers,INE917I01010,Bajaj Auto Limited,2020-07-02 09:20:00,BAJAJ-AUTO
01-Jul-2020 10:43:00,,https://nsearchives.nseindia.com/corporate/BAJAJ-AUTO_01072020104333_BALSELetterAGMNotice.pdf,"Bajaj Auto Limited has informed the Exchange regarding Notice of Annual General Meeting to be held on July 22, 2020",,,Shareholders meeting,-,01072020104300,-,-,False,,,104384120,Automobiles - 2 And 3 Wheelers,INE917I01010,Bajaj Auto Limited,2020-07-01 10:43:00,BAJAJ-AUTO
30-Jun-2020 10:49:00,,https://nsearchives.nseindia.com/corporate/BAJAJ-AUTO_30062020104938_BALBSENSEDispatchAdvtAGM.pdf,Bajaj Auto Limited has informed the Exchange about Copy of Newspaper Publication confirming dispatch of Annual Report and Notice for 13th Annual General Meeting.,,,Copy of Newspaper Publication,-,30062020104900,-,-,False,,,104380082,Automobiles - 2 And 3 Wheelers,INE917I01010,Bajaj Auto Limited,2020-06-30 10:49:00,BAJAJ-AUTO
29-Jun-2020 09:13:00,,https://nsearchives.nseindia.com/corporate/BAJAJ-AUTO_29062020091308_2219001.pdf,Bajaj Auto Limited has informed the Exchange about Analysts/Institutional Investor Meet/Con. Call Updates,,,Analysts/Institutional Investor Meet/Con. Call Updates,-,29062020091300,-,-,False,,,104376993,Automobiles - 2 And 3 Wheelers,INE917I01010,Bajaj Auto Limited,2020-06-29 09:13:00,BAJAJ-AUTO
25-Jun-2020 10:52:00,,https://nsearchives.nseindia.com/corporate/BAJAJ-AUTO_25062020105211_BALBSENSEPriorNewspaperadvtAGM25Jun2020.pdf,Bajaj Auto Limited has informed the Exchange about Copy of Newspaper Publication,,,Copy of Newspaper Publication,-,25062020105200,-,-,False,,,104371170,Automobiles - 2 And 3 Wheelers,INE917I01010,Bajaj Auto Limited,2020-06-25 10:52:00,BAJAJ-AUTO
22-Jun-2020 21:18:00,,https://nsearchives.nseindia.com/corporate/BAJAJ-AUTO_22062020211854_BSENSEInvestormeet23Jun2020.pdf,Bajaj Auto Limited has informed the Exchange about Analysts/Institutional Investor Meet/Con. Call Updates,,,Analysts/Institutional Investor Meet/Con. Call Updates,-,22062020211800,-,-,False,,,104365008,Automobiles - 2 And 3 Wheelers,INE917I01010,Bajaj Auto Limited,2020-06-22 21:18:00,BAJAJ-AUTO
15-Jun-2020 17:14:00,,https://nsearchives.nseindia.com/corporate/BAJAJ-AUTO_15062020171427_NewspaperIEPFNotice15June2020.pdf,Bajaj Auto Limited has informed the Exchange about Copy of Newspaper Publication,,,Copy of Newspaper Publication,-,15062020171400,-,-,False,,,104352487,Automobiles - 2 And 3 Wheelers,INE917I01010,Bajaj Auto Limited,2020-06-15 17:14:00,BAJAJ-AUTO
02-Jun-2020 10:16:00,,https://nsearchives.nseindia.com/corporate/BAJAJ-AUTO_02062020101646_BALAuditCommitteeSEBITakeoverDisclosure30May2020.pdf,"Bajaj Auto Limited has informed the Exchange that  Disclosure under Regn 31(4) of SEBI (Substantial Acquisition of Shares & Takeovers) Regulations, 2011",,,Disclosure under SEBI Takeover Regulations,-,02062020101600,-,-,False,,,104329086,Automobiles - 2 And 3 Wheelers,INE917I01010,Bajaj Auto Limited,2020-06-02 10:16:00,BAJAJ-AUTO
02-Jun-2020 09:01:00,,https://nsearchives.nseindia.com/corporate/BAJAJ-AUTO_02062020090133_SEETTERPressReleaseMay2020.pdf,"Bajaj Auto Limited has informed the Exchange regarding a press release dated Jun 02, 2020, titled ""sales for the month of May 2020"".",,,Press Release,-,02062020090100,-,-,False,,,104328986,Automobiles - 2 And 3 Wheelers,INE917I01010,Bajaj Auto Limited,2020-06-02 09:01:00,BAJAJ-AUTO
02-Jun-2020 08:10:00,,https://nsearchives.nseindia.com/corporate/BAJAJ-AUTO_02062020081030_BAL_SEBI_Takeover_Disclosure_31_4__28th_May_2020.pdf,"Promoter of Bajaj Auto Limited has informed the Exchange regarding Disclosure under Regulation 31(4) of SEBI (Substantial Acquisition of Share and Takeovers) Regulations, 2011",,,Disclosure under SEBI Takeover Regulations,-,02062020081000,-,-,False,,,104328957,Automobiles - 2 And 3 Wheelers,INE917I01010,Bajaj Auto Limited,2020-06-02 08:10:00,BAJAJ-AUTO
01-Jun-2020 10:09:00,,https://nsearchives.nseindia.com/corporate/BAJAJ-AUTO_01062020100957_BAJAJAUTO.pdf,"Promoters of Bajaj Auto Limited has informed the Exchange regarding the disclosure pursuant to the provisions of Regulation 30 of the SEBI (Substantial Acquisition of Shares and Takeovers) Regulations, 2011 as at 31st March, 2020",,,Disclosure under SEBI Takeover Regulations,-,01062020100900,-,-,False,,,104326069,Automobiles - 2 And 3 Wheelers,INE917I01010,Bajaj Auto Limited,2020-06-01 10:09:00,BAJAJ-AUTO
26-May-2020 10:44:00,,https://nsearchives.nseindia.com/corporate/BAJAJ-AUTO_26052020104424_SELETTERBALdisclosureofRPTMarch2020.pdf,Bajaj Auto Limited has informed the Exchange regarding Disclosure of related party transactions on a consolidated basis,,,Related Party Transactions,-,26052020104400,-,-,False,,,104316874,Automobiles - 2 And 3 Wheelers,INE917I01010,Bajaj Auto Limited,2020-05-26 10:44:00,BAJAJ-AUTO
20-May-2020 18:47:00,,https://nsearchives.nseindia.com/corporate/BAJAJ-AUTO_20052020184744_BALChangeinDirectorAB.pdf,Bajaj Auto Limited has informed the Exchange regarding Change in Director(s) of the company.,,,Change in Director(s),-,20052020184700,-,-,False,,,104309746,Automobiles - 2 And 3 Wheelers,INE917I01010,Bajaj Auto Limited,2020-05-20 18:47:00,BAJAJ-AUTO
20-May-2020 17:50:00,,https://nsearchives.nseindia.com/corporate/BAJAJ-AUTO_20052020175019_BSENSERESULTSMAY2020.pdf,"Bajaj Auto Limited has informed the Exchange regarding  Board meeting held on May 20, 2020.",,,Outcome of Board Meeting,-,20052020175000,-,-,False,,,104309719,Automobiles - 2 And 3 Wheelers,INE917I01010,Bajaj Auto Limited,2020-05-20 17:50:00,BAJAJ-AUTO
20-May-2020 17:44:41,,https://nsearchives.nseindia.com/corporate/BSENSERESULTSMAY2020_20052020174441.zip,"Bajaj Auto Limited has submitted to the Exchange, the financial results for the period ended March 31, 2020.",,,Financial Result Updates,-,20052020174441,-,-,False,,,133795,Automobiles - 2 And 3 Wheelers,INE917I01010,Bajaj Auto Limited,2020-05-20 17:44:41,BAJAJ-AUTO
16-May-2020 11:57:00,,https://nsearchives.nseindia.com/corporate/BAJAJ-AUTO_16052020115747_SELETTERInvestormeetinvitation16May.pdf,Bajaj Auto Limited has informed the Exchange regarding Analysts/Institutional Investor Meet/Con. Call Updates,,,Analysts/Institutional Investor Meet/Con. Call Updates,-,16052020115700,-,-,False,,,104303462,Automobiles - 2 And 3 Wheelers,INE917I01010,Bajaj Auto Limited,2020-05-16 11:57:00,BAJAJ-AUTO
04-May-2020 09:01:00,,https://nsearchives.nseindia.com/corporate/BAJAJ-AUTO_04052020090139_PressreleaseApril2020ocr.pdf,"Bajaj Auto Limited has informed the Exchange regarding a press release dated May 04, 2020, titled ""sales for the month of April 2020"".",,,Press Release,-,04052020090100,-,-,False,,,104277416,Automobiles - 2 And 3 Wheelers,INE917I01010,Bajaj Auto Limited,2020-05-04 09:01:00,BAJAJ-AUTO
03-Apr-2020 09:00:00,,https://nsearchives.nseindia.com/corporate/BAJAJ-AUTO_03042020090040_PressreleaseMarch2020revi3April2020NEW.pdf,"Bajaj Auto Limited has informed the Exchange regarding a press release dated April 03, 2020, titled ""sales for the month of March 2020"".",,,Press Release,-,03042020090000,-,-,False,,,104227706,Automobiles - 2 And 3 Wheelers,INE917I01010,Bajaj Auto Limited,2020-04-03 09:00:00,BAJAJ-AUTO
30-Mar-2020 09:35:00,,https://nsearchives.nseindia.com/corporate/BAJAJ-AUTO_30032020093550_BALSELetterClosureofTradingWindow.pdf,"Bajaj Auto Limited has informed the Exchange regarding the Trading Window closure pursuant to SEBI (Prohibition of Insider Trading) Regulations, 2015",,,Trading Window,-,30032020093500,-,-,False,,,104218446,Automobiles - 2 And 3 Wheelers,INE917I01010,Bajaj Auto Limited,2020-03-30 09:35:00,BAJAJ-AUTO
24-Mar-2020 12:05:00,,https://nsearchives.nseindia.com/corporate/BAJAJ-AUTO_24032020120531_BALSELETTERDisruptionofoperationsNew24March2020.pdf,"Bajaj Auto Limited has informed the Exchange regarding 'Pursuant to Reg 30 of SEBI Listing Regulations, 2015 - Intimation fortemporary suspension of operations due to pandemic of Novel Coronavirus(COVID19)'.",,,Updates,-,24032020120500,-,-,False,,,104209661,Automobiles - 2 And 3 Wheelers,INE917I01010,Bajaj Auto Limited,2020-03-24 12:05:00,BAJAJ-AUTO
23-Mar-2020 17:51:00,,https://nsearchives.nseindia.com/corporate/BAJAJ-AUTO_23032020175106_BALSELETTERDisruptionofOperations.pdf,Bajaj Auto Limited has informed the Exchange regarding 'Intimation for temporary suspension of operations due to pandemic ofNovel Coronavirus (COVID19)'.,,,Updates,-,23032020175100,-,-,False,,,104207044,Automobiles - 2 And 3 Wheelers,INE917I01010,Bajaj Auto Limited,2020-03-23 17:51:00,BAJAJ-AUTO
18-Mar-2020 11:14:00,,https://nsearchives.nseindia.com/corporate/BAJAJ-AUTO_18032020111453_BALBSENSEReappointmentofMDandID.pdf,Bajaj Auto Limited has informed the Exchange regarding 'Re-appointment of Managing Director & Independent Director of theCompany'.,,,Updates,-,18032020111400,-,-,False,,,104195285,Automobiles - 2 And 3 Wheelers,INE917I01010,Bajaj Auto Limited,2020-03-18 11:14:00,BAJAJ-AUTO
17-Mar-2020 12:26:00,,https://nsearchives.nseindia.com/corporate/BAJAJ-AUTO_17032020122609_IntimationforAOA.pdf,Bajaj Auto Limited has informed the Exchange regarding the Amendment to AOA/MOA of the company.,,,Amendment to AOA/MOA,-,17032020122600,-,-,False,,,104192963,Automobiles - 2 And 3 Wheelers,INE917I01010,Bajaj Auto Limited,2020-03-17 12:26:00,BAJAJ-AUTO
16-Mar-2020 16:36:00,,https://nsearchives.nseindia.com/corporate/BAJAJ-AUTO_16032020163640_BALScrutinizersreport2020.pdf,"Bajaj Auto Limited has submitted the Exchange a copy Srutinizers report of  Postal Ballot. Further, the company has informed the Exchange regarding voting results.",,,Shareholders meeting,-,16032020163600,-,-,False,,,104190455,Automobiles - 2 And 3 Wheelers,INE917I01010,Bajaj Auto Limited,2020-03-16 16:36:00,BAJAJ-AUTO
02-Mar-2020 09:48:00,,https://nsearchives.nseindia.com/corporate/BAJAJ-AUTO_02032020094816_intimationofsalesfeb2020.pdf,"Bajaj Auto Limited has informed the Exchange regarding a press release dated March 02, 2020, titled ""sales for the month of February 2020."".",,,Press Release,-,02032020094800,-,-,False,,,104159804,Automobiles - 2 And 3 Wheelers,INE917I01010,Bajaj Auto Limited,2020-03-02 09:48:00,BAJAJ-AUTO
02-Mar-2020 09:39:00,,https://nsearchives.nseindia.com/corporate/BAJAJ-AUTO_02032020093912_intimationofsalesfeb2020.pdf,"Bajaj Auto Limited has informed the Exchange regarding a press release dated March 02, 2020, titled ""sales for the month of February 2020"".",,,Press Release,-,02032020093900,-,-,False,,,104159803,Automobiles - 2 And 3 Wheelers,INE917I01010,Bajaj Auto Limited,2020-03-02 09:39:00,BAJAJ-AUTO
02-Mar-2020 09:30:00,,https://nsearchives.nseindia.com/corporate/BAJAJ-AUTO_02032020093022_intimationofsalesfeb2020.pdf,"Bajaj Auto Limited has informed the Exchange regarding a press release dated March 02, 2020, titled ""sales for the month of February 2020"".",,,Press Release,-,02032020093000,-,-,False,,,104159800,Automobiles - 2 And 3 Wheelers,INE917I01010,Bajaj Auto Limited,2020-03-02 09:30:00,BAJAJ-AUTO
24-Feb-2020 11:41:00,,https://nsearchives.nseindia.com/corporate/BAJAJ-AUTO_24022020114125_BALBSENSENPDemise24Feb2020.pdf,"Bajaj Auto Limited has informed the Exchange regarding Demise of Mr Nanoo Pamnani, Independent Director of the company on February 22, 2020.",,,Demise,-,24022020114100,-,-,False,,,104147050,Automobiles - 2 And 3 Wheelers,INE917I01010,Bajaj Auto Limited,2020-02-24 11:41:00,BAJAJ-AUTO
24-Feb-2020 08:54:00,,https://nsearchives.nseindia.com/corporate/BAJAJ-AUTO_24022020085438_BALBSENSEDividendRecordDate.pdf,"Bajaj Auto Limited has informed the Exchange that the Company has fixed Record Date as March 4, 2020 for the purpose  of determining the members eligible to receive the Interim Dividend.",,,Record Date,-,24022020085400,-,-,False,,,104145502,Automobiles - 2 And 3 Wheelers,INE917I01010,Bajaj Auto Limited,2020-02-24 08:54:00,BAJAJ-AUTO
21-Feb-2020 13:02:00,,https://nsearchives.nseindia.com/corporate/BAJAJ-AUTO_21022020130251_BALBSENSEDividendRecordDate.pdf,"Bajaj Auto Limited has informed the Exchange that Board of Directors at its meeting held on February 21, 2020, declared Interim Dividend of Rs. 120 per equity share.",,,Dividend,-,21022020130200,-,-,False,,,104145150,Automobiles - 2 And 3 Wheelers,INE917I01010,Bajaj Auto Limited,2020-02-21 13:02:00,BAJAJ-AUTO
14-Feb-2020 09:44:00,,https://nsearchives.nseindia.com/corporate/BAJAJ-AUTO_14022020094431_SEletternewspaperadvt14Feb2020.pdf,Bajaj Auto Limited has informed the Exchange regarding 'Submission of newspaper advertisement of Postal Ballot - Regulation 47'.,,,Updates,-,14022020094400,-,-,False,,,104129768,Automobiles - 2 And 3 Wheelers,INE917I01010,Bajaj Auto Limited,2020-02-14 09:44:00,BAJAJ-AUTO
13-Feb-2020 18:10:00,,https://nsearchives.nseindia.com/corporate/BAJAJ-AUTO_13022020181023_SEletterpostalBallotNoticeForm13Feb2020.pdf,Bajaj Auto Limited has informed the Exchange regarding Notice of Postal Ballot,,,Shareholders meeting,-,13022020181000,-,-,False,,,104128275,Automobiles - 2 And 3 Wheelers,INE917I01010,Bajaj Auto Limited,2020-02-13 18:10:00,BAJAJ-AUTO
12-Feb-2020 18:10:00,,https://nsearchives.nseindia.com/corporate/BAJAJ-AUTO_12022020181039_Intimation12022020.pdf,Bajaj Auto Limited has informed the Exchange regarding Analysts/Institutional Investor Meet/Con. Call Updates,,,Analysts/Institutional Investor Meet/Con. Call Updates,-,12022020181000,-,-,False,,,104124713,Automobiles - 2 And 3 Wheelers,INE917I01010,Bajaj Auto Limited,2020-02-12 18:10:00,BAJAJ-AUTO
04-Feb-2020 09:08:00,,https://nsearchives.nseindia.com/corporate/BAJAJ-AUTO_04022020090824_JanSalesBAL.pdf,"Bajaj Auto Limited has informed the Exchange regarding a press release dated February 04, 2020, titled ""Sales for the month of January 2020"".",,,Press Release,-,04022020090800,-,-,False,,,104098879,Automobiles - 2 And 3 Wheelers,INE917I01010,Bajaj Auto Limited,2020-02-04 09:08:00,BAJAJ-AUTO
30-Jan-2020 13:42:00,,https://nsearchives.nseindia.com/corporate/BAJAJ-AUTO_30012020134221_BSENSEChangeinDirectorRKB.pdf,Bajaj Auto Limited has informed the Exchange regarding Change in Director(s) of the company.,,,Change in Director(s),-,30012020134200,-,-,False,,,104091103,Automobiles - 2 And 3 Wheelers,INE917I01010,Bajaj Auto Limited,2020-01-30 13:42:00,BAJAJ-AUTO
30-Jan-2020 13:16:00,,https://nsearchives.nseindia.com/corporate/BAJAJ-AUTO_30012020131619_BSENSERESULTS31DECEMBER2019.pdf,"Bajaj Auto Limited has informed the Exchange regarding  Board meeting held on January 30, 2020.",,,Outcome of Board Meeting,-,30012020131600,-,-,False,,,104091091,Automobiles - 2 And 3 Wheelers,INE917I01010,Bajaj Auto Limited,2020-01-30 13:16:00,BAJAJ-AUTO
30-Jan-2020 13:10:19,,https://nsearchives.nseindia.com/corporate/BSENSERESULTS31DECEMBER2019_30012020131019.zip,"Bajaj Auto Limited has submitted to the Exchange, the financial results for the period ended December 31, 2019.",,,Financial Result Updates,-,30012020131019,-,-,False,,,132239,Automobiles - 2 And 3 Wheelers,INE917I01010,Bajaj Auto Limited,2020-01-30 13:10:19,BAJAJ-AUTO
24-Jan-2020 14:12:00,,https://nsearchives.nseindia.com/corporate/lkwalimbe_bajajauto_co_in_24012020141239_BALPressReleaseTRIUMPHBAJAJ_081.pdf,"Bajaj Auto Limited has informed the Exchange regarding a press release dated January 24, 2020, titled ""commencement of 'Triumph Motorcycles and Bajaj Auto Ltd Global Partnership'."".",,,Press Release,-,24012020141200,-,-,False,,,104079373,Automobiles - 2 And 3 Wheelers,INE917I01010,Bajaj Auto Limited,2020-01-24 14:12:00,BAJAJ-AUTO
20-Jan-2020 16:10:00,,https://nsearchives.nseindia.com/corporate/lkwalimbe_bajajauto_co_in_20012020160943_SEINTIMATIONConferenceCallQ3FY20_155.pdf,Bajaj Auto Limited has informed the Exchange regarding Analysts/Institutional Investor Meet/Con. Call Updates,,,Analysts/Institutional Investor Meet/Con. Call Updates,-,20012020161000,-,-,False,,,104067141,Automobiles - 2 And 3 Wheelers,INE917I01010,Bajaj Auto Limited,2020-01-20 16:10:00,BAJAJ-AUTO
02-Jan-2020 09:47:00,,https://nsearchives.nseindia.com/corporate/lkwalimbe_bajajauto_co_in_02012020094733_PressreleaseDecember2019_010.pdf,"Bajaj Auto Limited has informed the Exchange regarding a press release dated January 02, 2020, titled ""sales for the month of December 2019"".",,,Press Release,-,02012020094700,-,-,False,,,104026785,Automobiles - 2 And 3 Wheelers,INE917I01010,Bajaj Auto Limited,2020-01-02 09:47:00,BAJAJ-AUTO
09-Dec-2019 14:24:00,,https://nsearchives.nseindia.com/corporate/lkwalimbe_bajajauto_co_in_09122019142309_BALSELETTERChangeinNameKarvy09122019_198.pdf,Bajaj Auto Limited has informed the Exchange regarding 'Name change of Share Transfer Agent from Karvy Fintech Private Limited toKFin Technologies Private Limited'.,,,Updates,-,09122019142400,-,-,False,,,103973070,Automobiles - 2 And 3 Wheelers,INE917I01010,Bajaj Auto Limited,2019-12-09 14:24:00,BAJAJ-AUTO
02-Dec-2019 09:40:00,,https://nsearchives.nseindia.com/corporate/lkwalimbe_bajajauto_co_in_02122019094024_PressreleaseNovember2019_090.pdf,"Bajaj Auto Limited has informed the Exchange regarding a press release dated December 02, 2019, titled ""sales for the month of November 2019"".",,,Press Release,-,02122019094000,-,-,False,,,103957201,Automobiles - 2 And 3 Wheelers,INE917I01010,Bajaj Auto Limited,2019-12-02 09:40:00,BAJAJ-AUTO
26-Nov-2019 12:02:00,,https://nsearchives.nseindia.com/corporate/lkwalimbe_bajajauto_co_in_26112019115929_BALPressReleaseYuluNov2019_045.pdf,"Bajaj Auto Limited has informed the Exchange regarding a press release dated November 26, 2019, titled ""Investment by Bajaj Auto Ltd in Yulu"".",,,Press Release,-,26112019120200,-,-,False,,,103946205,Automobiles - 2 And 3 Wheelers,INE917I01010,Bajaj Auto Limited,2019-11-26 12:02:00,BAJAJ-AUTO
19-Nov-2019 14:06:00,,https://nsearchives.nseindia.com/corporate/listcontract1_1911201914328_BALDisclosureofRPT19Nov2019_116.pdf,Bajaj Auto Limited has informed the Exchange regarding Disclosure of Related party Transactions on a consolidated basis-Reg-23(9),,,Related Party Transactions,-,19112019140600,-,-,False,,,103929663,Automobiles - 2 And 3 Wheelers,INE917I01010,Bajaj Auto Limited,2019-11-19 14:06:00,BAJAJ-AUTO
01-Nov-2019 09:30:00,,https://nsearchives.nseindia.com/corporate/lkwalimbe_bajajauto_co_in_01112019092942_Pressreleaseoctober2019_004.pdf,"Bajaj Auto Limited has informed the Exchange regarding a press release dated November 01, 2019, titled ""Sales for the month of October 2019"".",,,Press Release,-,01112019093000,-,-,False,,,103888091,Automobiles - 2 And 3 Wheelers,INE917I01010,Bajaj Auto Limited,2019-11-01 09:30:00,BAJAJ-AUTO
31-Oct-2019 16:17:00,,https://nsearchives.nseindia.com/corporate/lkwalimbe_bajajauto_co_in_31102019161705_Pressrelease31102019_207.pdf,"Bajaj Auto Limited has informed the Exchange regarding a press release dated October 31, 2019, titled ""an amicable settlement of a decade old patent dispute between TVS Motors Ltd and Bajaj Auto Ltd"".",,,Press Release,-,31102019161700,-,-,False,,,103887220,Automobiles - 2 And 3 Wheelers,INE917I01010,Bajaj Auto Limited,2019-10-31 16:17:00,BAJAJ-AUTO
25-Oct-2019 17:21:00,,https://nsearchives.nseindia.com/corporate/lkwalimbe_bajajauto_co_in_25102019172039_SELETTERHALFYearlyCommunication2019_300.pdf,Bajaj Auto Limited has informed the Exchange regarding 'Submission of half yearly communication to shareholders for H1/FY 2019-20'.,,,Updates,-,25102019172100,-,-,False,,,103878589,Automobiles - 2 And 3 Wheelers,INE917I01010,Bajaj Auto Limited,2019-10-25 17:21:00,BAJAJ-AUTO
23-Oct-2019 13:10:49,,https://nsearchives.nseindia.com/corporate/SELETTERUFR30SEP2019_23102019131049.zip,"Bajaj Auto Limited has submitted to the Exchange, the financial results for the period ended September 30, 2019.",,,Financial Result Updates,-,23102019131049,-,-,False,,,130266,Automobiles - 2 And 3 Wheelers,INE917I01010,Bajaj Auto Limited,2019-10-23 13:10:49,BAJAJ-AUTO
23-Oct-2019 13:07:00,,https://nsearchives.nseindia.com/corporate/lkwalimbe_bajajauto_co_in_23102019130635_SELETTERUFR30SEP2019_075.pdf,"Bajaj Auto Limited has informed the Exchange regarding  Board meeting held on October 23, 2019.",,,Outcome of Board Meeting,-,23102019130700,-,-,False,,,103872264,Automobiles - 2 And 3 Wheelers,INE917I01010,Bajaj Auto Limited,2019-10-23 13:07:00,BAJAJ-AUTO
11-Oct-2019 14:29:00,,https://nsearchives.nseindia.com/corporate/lkwalimbe_bajajauto_co_in_11102019142346_SEINTIMATIONConferenceCallQ2FY20_109.pdf,Bajaj Auto Limited has informed the Exchange regarding Analysts/Institutional Investor Meet/Con. Call Updates on 23 October 2019 at 3.30 PM IST for discussing Company's Q2FY20 results.,,,Analysts/Institutional Investor Meet/Con. Call Updates,-,11102019142900,-,-,False,,,103849846,Automobiles - 2 And 3 Wheelers,INE917I01010,Bajaj Auto Limited,2019-10-11 14:29:00,BAJAJ-AUTO
01-Oct-2019 09:42:00,,https://nsearchives.nseindia.com/corporate/lkwalimbe_bajajauto_co_in_01102019094122_PressreleaseSeptember2019_014.pdf,"Bajaj Auto Limited has informed the Exchange regarding a press release dated October 01, 2019, titled ""sales for September 2019"".",,,Press Release,-,01102019094200,-,-,False,,,103829524,Automobiles - 2 And 3 Wheelers,INE917I01010,Bajaj Auto Limited,2019-10-01 09:42:00,BAJAJ-AUTO
03-Sep-2019 09:47:00,,https://nsearchives.nseindia.com/corporate/lkwalimbe_bajajauto_co_in_03092019094714_PressreleaseAugust2019_007.pdf,"Bajaj Auto Limited has informed the Exchange regarding a press release dated September 03, 2019, titled ""sales for the month of August 2019"".",,,Press Release,-,03092019094700,-,-,False,,,103766453,Automobiles - 2 And 3 Wheelers,INE917I01010,Bajaj Auto Limited,2019-09-03 09:47:00,BAJAJ-AUTO
01-Aug-2019 10:15:00,,https://nsearchives.nseindia.com/corporate/lkwalimbe_bajajauto_co_in_01082019101456_PRESSRELEASEJULY2019_022.pdf,"Bajaj Auto Limited has informed the Exchange regarding a press release dated August 01, 2019, titled ""sales for the month of July 2019"".",,,Press Release,-,01082019101500,-,-,False,,,103697407,Automobiles - 2 And 3 Wheelers,INE917I01010,Bajaj Auto Limited,2019-08-01 10:15:00,BAJAJ-AUTO
26-Jul-2019 19:35:00,,https://nsearchives.nseindia.com/corporate/lkwalimbe_bajajauto_co_in_26072019193505_NSEBALSummaryProceedings26July2019_458.pdf,"Bajaj Auto Limited has informed the Exchange regarding Proceedings of Annual General Meeting held on July 26, 2019. Further, the company has submitted the Exchange a copy of Srutinizers report along with voting results.",,,Shareholders meeting,-,26072019193500,-,-,False,,,103684430,Automobiles - 2 And 3 Wheelers,INE917I01010,Bajaj Auto Limited,2019-07-26 19:35:00,BAJAJ-AUTO
26-Jul-2019 19:32:00,,https://nsearchives.nseindia.com/corporate/lkwalimbe_bajajauto_co_in_26072019193207_NSEBALSummaryProceedings26July2019_455.pdf,"Bajaj Auto Limited has informed the Exchange regarding Proceedings of Annual General Meeting held on July 26, 2018. Further, the company has submitted the Exchange a copy of Srutinizers report along with voting results.",,,Shareholders meeting,-,26072019193200,-,-,False,,,103684427,Automobiles - 2 And 3 Wheelers,INE917I01010,Bajaj Auto Limited,2019-07-26 19:32:00,BAJAJ-AUTO
26-Jul-2019 12:26:34,,https://nsearchives.nseindia.com/corporate/BSENSEoutcomeofBM26July2019_26072019122634.zip,"Bajaj Auto Limited has submitted to the Exchange, the financial results for the period ended June 30, 2019.",,,Financial Result Updates,-,26072019122634,-,-,False,,,128646,Automobiles - 2 And 3 Wheelers,INE917I01010,Bajaj Auto Limited,2019-07-26 12:26:34,BAJAJ-AUTO
26-Jul-2019 12:21:00,,https://nsearchives.nseindia.com/corporate/lkwalimbe_bajajauto_co_in_26072019121856_BSENSEoutcomeofBM26July2019_064.pdf,"Bajaj Auto Limited has informed the Exchange regarding  Board meeting held on July 26, 2019.",,,Outcome of Board Meeting,-,26072019122100,-,-,False,,,103684061,Automobiles - 2 And 3 Wheelers,INE917I01010,Bajaj Auto Limited,2019-07-26 12:21:00,BAJAJ-AUTO
11-Jul-2019 11:43:00,,https://nsearchives.nseindia.com/corporate/lkwalimbe_bajajauto_co_in_11072019114307_SECoverlettertransportdetails11July2019_038.pdf,"Bajaj Auto Limited has informed the Exchange regarding 'Pursuant to Regulation 30 of the SEBI (Listing Obligations and Disclosure Requirements) Regulations, 2015, we submit herewith a copy of newspaper advertisements published for the shareholders of the Company, informing inter alia about the local transport arrangements forthe 12th Annual General Meeting of the Company scheduled on 26 July 2019, as published in the newspapers - The Indian Express (English) and Sakal (Marathi).Please take the above on your record.'.",,,Updates,-,11072019114300,-,-,False,,,103647710,Automobiles - 2 And 3 Wheelers,INE917I01010,Bajaj Auto Limited,2019-07-11 11:43:00,BAJAJ-AUTO
10-Jul-2019 11:42:00,,https://nsearchives.nseindia.com/corporate/lkwalimbe_bajajauto_co_in_10072019114148_SEintimationofConferenceCallQ1FY20_043.pdf,Bajaj Auto Limited has informed the Exchange regarding Analysts/Institutional Investor Meet/Con. Call Updates. This is to inform you that a conference call for analysts/ institutional investors is scheduled on 26 July 2019 (Friday) at 04.00 p. m. IST for discussing Company's Q1FY20 results. Dial in and other details of the call are enclosed.,,,Analysts/Institutional Investor Meet/Con. Call Updates,-,10072019114200,-,-,False,,,103644151,Automobiles - 2 And 3 Wheelers,INE917I01010,Bajaj Auto Limited,2019-07-10 11:42:00,BAJAJ-AUTO
04-Jul-2019 14:47:00,,https://nsearchives.nseindia.com/corporate/lkwalimbe_bajajauto_co_in_04072019144628_Submissionofnewspaperadvertisements04july2019_102.pdf,"Bajaj Auto Limited has informed the Exchange regarding 'Pursuant to Regulation 30 of the SEBI (Listing Obligations and Disclosure Requirements) Regulations, 2015, we submit herewith a copy of newspaper advertisements published on 4 July 2019 in Financial Express (English) and Kesari (Marathi), informing inter alia about thedispatch of Notice of the 12th Annual General Meeting of the Company scheduled on 26 July 2019 and Annual Report for 2018-19, Book Closure dates from 13 July 2019 to 26 July 2019 and E-voting information with cut-off date as 19 July 2019.'.",,,Updates,-,04072019144700,-,-,False,,,103630781,Automobiles - 2 And 3 Wheelers,INE917I01010,Bajaj Auto Limited,2019-07-04 14:47:00,BAJAJ-AUTO
01-Jul-2019 09:52:00,,https://nsearchives.nseindia.com/corporate/lkwalimbe_bajajauto_co_in_01072019095140_Pressreleasejune2019_143.pdf,"Bajaj Auto Limited has informed the Exchange regarding a press release dated July 01, 2019, titled ""sales for the month of June 2019"".",,,Press Release,-,01072019095200,-,-,False,,,103619993,Automobiles - 2 And 3 Wheelers,INE917I01010,Bajaj Auto Limited,2019-07-01 09:52:00,BAJAJ-AUTO
21-Jun-2019 14:59:00,,https://nsearchives.nseindia.com/corporate/lkwalimbe_bajajauto_co_in_21062019145840_OCR_182.pdf,"Bajaj Auto Limited has informed the Exchange regarding 'Pursuant to Regulation 30 of the SEBI Listing Regulations, 2015, this is to inform you that the Company has completed the dispatch of intimation letter to the members to claim dividends whose shares are liable to be transferred to DEMAT Account of the IEPF Authority and an advertisement to this effect is published in English and Marathi newspaper dated 21 June 2019 for the information of members in accordance with IEPF Rules.A copy of the said advertisement is attached for your information and records'.",,,Updates,-,21062019145900,-,-,False,,,103602241,Automobiles - 2 And 3 Wheelers,INE917I01010,Bajaj Auto Limited,2019-06-21 14:59:00,BAJAJ-AUTO
12-Jun-2019 18:43:00,,https://nsearchives.nseindia.com/corporate/janilj_1262019184249_DiscloreOfRPT31032019_326.pdf,"Bajaj Auto Limited has informed the Exchange that Pursuant to Regulation 23(9) of the SEBI (Listing Obligations and Disclosure Requirements) Regulations, 2015, please find enclosed disclosures of related party transactions, on a consolidated basis, for the financial year ended 31 March 2019 in the prescribed format. The same have been published on the website of the Company at www.bajajauto.com.",,,Related Party Transactions,-,12062019184300,-,-,False,,,103576625,Automobiles - 2 And 3 Wheelers,INE917I01010,Bajaj Auto Limited,2019-06-12 18:43:00,BAJAJ-AUTO
03-Jun-2019 09:54:00,,https://nsearchives.nseindia.com/corporate/lkwalimbe_bajajauto_co_in_03062019095303_Pressreleasektmjune2019_185.pdf,"Bajaj Auto Limited has informed the Exchange regarding a press release dated Jun 03, 2019, titled ""Press release KTM"".",,,Press Release,-,03062019095400,-,-,False,,,103554182,Automobiles - 2 And 3 Wheelers,INE917I01010,Bajaj Auto Limited,2019-06-03 09:54:00,BAJAJ-AUTO
03-Jun-2019 09:37:00,,https://nsearchives.nseindia.com/corporate/lkwalimbe_bajajauto_co_in_03062019093610_Pressreleasemay2019_179.pdf,"Bajaj Auto Limited has informed the Exchange regarding a press release dated Jun 03, 2019, titled ""sales for May 2019"".",,,Press Release,-,03062019093700,-,-,False,,,103553251,Automobiles - 2 And 3 Wheelers,INE917I01010,Bajaj Auto Limited,2019-06-03 09:37:00,BAJAJ-AUTO
17-May-2019 15:33:00,,https://nsearchives.nseindia.com/corporate/lkwalimbe_bajajauto_co_in_17052019153219_ESOSgrant_207.pdf,Bajaj Auto Limited has informed the Exchange regarding Grant of 287636  Options.,,,ESOP/ESOS/ESPS,-,17052019153300,-,-,False,,,103517207,Automobiles - 2 And 3 Wheelers,INE917I01010,Bajaj Auto Limited,2019-05-17 15:33:00,BAJAJ-AUTO
17-May-2019 15:21:00,,https://nsearchives.nseindia.com/corporate/listcontract1_17052019151830_BajajAUTO_195.pdf,"Bajaj Auto Limited has informed the Exchange that the register of members and share transfer books will remain closed from July 13, 2019 to July 26, 2019, both days inclusive, for the purposes of the Annual General Meeting to be held on July 26, 2019 and payment of dividend to be declared thereat.",,,AGM/Book Closure,-,17052019152100,-,-,False,,,103517193,Automobiles - 2 And 3 Wheelers,INE917I01010,Bajaj Auto Limited,2019-05-17 15:21:00,BAJAJ-AUTO
17-May-2019 14:58:00,,https://nsearchives.nseindia.com/corporate/lkwalimbe_bajajauto_co_in_17052019145630_RESULTSMARCH2019_172.pdf,"Bajaj Auto Limited has informed the Exchange that Board of Directors at its meeting held on May 17, 2019, recommended Final Dividend of 60 per equity share.",,,Dividend,-,17052019145800,-,-,False,,,103517176,Automobiles - 2 And 3 Wheelers,INE917I01010,Bajaj Auto Limited,2019-05-17 14:58:00,BAJAJ-AUTO
17-May-2019 14:53:04,,https://nsearchives.nseindia.com/corporate/RESULTSMARCH2019_17052019145304.zip,"Bajaj Auto Limited has submitted to the Exchange, the financial results for the period ended March 31, 2019.",,,Financial Result Updates,-,17052019145304,-,-,False,,,127156,Automobiles - 2 And 3 Wheelers,INE917I01010,Bajaj Auto Limited,2019-05-17 14:53:04,BAJAJ-AUTO
06-May-2019 16:12:00,,https://nsearchives.nseindia.com/corporate/lkwalimbe_bajajauto_co_in_06052019160815_BALCONCALLINTIMATION06052019_197.pdf,Bajaj Auto Limited has informed the Exchange regarding Analysts/Institutional Investor Meet/Con. Call Updates.This is to inform you that a conference call for analysts/ institutional investors is scheduled on 17 May 2019 (Friday) at 04.30 p. m. IST for discussing Company's Q4 FY19 results. Dial in and other details of the call are enclosed.,,,Analysts/Institutional Investor Meet/Con. Call Updates,-,06052019161200,-,-,False,,,103487927,Automobiles - 2 And 3 Wheelers,INE917I01010,Bajaj Auto Limited,2019-05-06 16:12:00,BAJAJ-AUTO
02-May-2019 09:23:00,,https://nsearchives.nseindia.com/corporate/lkwalimbe_bajajauto_co_in_02052019092129_PressReleaseApril2019_044.pdf,"Bajaj Auto Limited has informed the Exchange regarding a press release dated May 02, 2019, titled ""Press Release for monthly sales of April 2019"".",,,Press Release,-,02052019092300,-,-,False,,,103478630,Automobiles - 2 And 3 Wheelers,INE917I01010,Bajaj Auto Limited,2019-05-02 09:23:00,BAJAJ-AUTO
30-Apr-2019 21:26:00,,https://nsearchives.nseindia.com/corporate/listcontract3_30042019190619_Bajaj_30_649.pdf,Bajaj Auto Limited has informed the Exchange that,,,Disc. under Reg.30 of SEBI (SAST) Reg.2011,-,30042019212600,-,-,False,,,103477655,Automobiles - 2 And 3 Wheelers,INE917I01010,Bajaj Auto Limited,2019-04-30 21:26:00,BAJAJ-AUTO
25-Apr-2019 16:42:00,,https://nsearchives.nseindia.com/corporate/listcontract4_25042019104936_Bajaj_700.pdf,"The Promoter along with PAC has submitted to the Exchange a copy of Annual Disclosure under Regulation 30(1) and 30(2) of SEBI (Substantial Acquisition of Shares and Takeovers), Regulations, 2011 as on March 31, 2019.",,,Disc. under Reg.30 of SEBI (SAST) Reg.2011,-,25042019164200,-,-,False,,,103470057,Automobiles - 2 And 3 Wheelers,INE917I01010,Bajaj Auto Limited,2019-04-25 16:42:00,BAJAJ-AUTO
03-Apr-2019 17:08:00,,https://nsearchives.nseindia.com/corporate/lkwalimbe_bajajauto_co_in_03042019170645_SELETTERTradingWindowClosureMarch2019_653.pdf,"Bajaj Auto Limited has informed the Exchange regarding the Trading Window closure pursuant to SEBI (Prohibition of Insider Trading) Regulations, 2015",,,Trading Window,-,03042019170800,-,-,False,,,103421671,Automobiles - 2 And 3 Wheelers,INE917I01010,Bajaj Auto Limited,2019-04-03 17:08:00,BAJAJ-AUTO
02-Apr-2019 09:34:00,,https://nsearchives.nseindia.com/corporate/lkwalimbe_bajajauto_co_in_02042019093327_PressreleaseMarch2019_030.pdf,"Bajaj Auto Limited has informed the Exchange regarding a press release dated April 02, 2019, titled ""Sales for the month of March 2019"".",,,Press Release,-,02042019093400,-,-,False,,,103416361,Automobiles - 2 And 3 Wheelers,INE917I01010,Bajaj Auto Limited,2019-04-02 09:34:00,BAJAJ-AUTO
21-Mar-2019 10:47:00,,https://nsearchives.nseindia.com/corporate/lkwalimbe_bajajauto_co_in_21032019104526_Pressrelease21March2019_003.pdf,"Bajaj Auto Limited has informed the Exchange regarding a press release dated March 21, 2019, titled ""Press release issued by KTM Industries AG"".",,,Press Release,-,21032019104700,-,-,False,,,103391307,Automobiles - 2 And 3 Wheelers,INE917I01010,Bajaj Auto Limited,2019-03-21 10:47:00,BAJAJ-AUTO
15-Mar-2019 18:58:00,,https://nsearchives.nseindia.com/corporate/listcontract3_15032019182510_Bajaj_update_169.pdf,"Bajaj Auto Limited has informed the Exchange regarding 'Submission of bajaj Auto ESOP trust Deed under Regulation 3(3) of SEBI ( Share Based Employee Benefits) Regulations, 2014'.",,,Updates,-,15032019185800,-,-,False,,,103379733,Automobiles - 2 And 3 Wheelers,INE917I01010,Bajaj Auto Limited,2019-03-15 18:58:00,BAJAJ-AUTO
15-Mar-2019 10:38:00,,https://nsearchives.nseindia.com/corporate/lkwalimbe_bajajauto_co_in_15032019103647_SELETTERBALTrustDeed14Mar2019_013.pdf,"Bajaj Auto Limited has informed the Exchange regarding 'Submission of Bajaj Auto ESOP Trust Deed under Regulation 3(3) ofSEBI (Share Based Employee Benefits) Regulations, 2014'.",,,Updates,-,15032019103800,-,-,False,,,103377990,Automobiles - 2 And 3 Wheelers,INE917I01010,Bajaj Auto Limited,2019-03-15 10:38:00,BAJAJ-AUTO
14-Mar-2019 10:55:00,,https://nsearchives.nseindia.com/corporate/lkwalimbe_bajajauto_co_in_14032019105421_BALSELETTERChangeInDirectorsKMP13March2019_024.pdf,"Bajaj Auto Limited has informed the Exchange regarding 'Intimation of change in authorised officials for the purpose of determining materiality of events w.e.f. 18 May 2019 pursuant to Regulation 30 of SEBI (Listing Obligations and Disclosure Requirements) Regulations, 2015'.'.",,,Updates,-,14032019105500,-,-,False,,,103375712,Automobiles - 2 And 3 Wheelers,INE917I01010,Bajaj Auto Limited,2019-03-14 10:55:00,BAJAJ-AUTO
14-Mar-2019 10:48:00,,https://nsearchives.nseindia.com/corporate/lkwalimbe_bajajauto_co_in_14032019104700_BALSELETTERChangeInDirectorsKMP13March2019_021.pdf,"Bajaj Auto Limited has informed the Exchange regarding Appointment of Mr Soumen Ray as Chief Financial Officer of the company w.e.f. May 18, 2019.",,,Appointment,-,14032019104800,-,-,False,,,103375448,Automobiles - 2 And 3 Wheelers,INE917I01010,Bajaj Auto Limited,2019-03-14 10:48:00,BAJAJ-AUTO
14-Mar-2019 10:31:00,,https://nsearchives.nseindia.com/corporate/listcontract1_1432019103019_BALSELETTERChangeInDirectorsKMP13March2019_017.pdf,"Bajaj Auto Limited has informed the Exchange that Shri Kevin D'sa, President (Finance) & Chief Financial Officer (CFO) of the Company for many years & aged 65 would be relinquishing the position of CFO with effect from the close of business hours of May 17, 2019 and will therefore cease to be a Key Managerial Personnel of the Company from that date.",,,Retirement,-,14032019103100,-,-,False,,,103375424,Automobiles - 2 And 3 Wheelers,INE917I01010,Bajaj Auto Limited,2019-03-14 10:31:00,BAJAJ-AUTO
14-Mar-2019 09:36:00,,https://nsearchives.nseindia.com/corporate/lkwalimbe_bajajauto_co_in_14032019093601_BALSELETTERFairDisclosureCode13March2019_009.pdf,Bajaj Auto Limited has informed the Exchange regarding 'Code of Practices and Procedures for Fair Disclosure of UnpublishedPrice Sensitive Information (UPSI)'.,,,Updates,-,14032019093600,-,-,False,,,103374225,Automobiles - 2 And 3 Wheelers,INE917I01010,Bajaj Auto Limited,2019-03-14 09:36:00,BAJAJ-AUTO
14-Mar-2019 09:30:00,,https://nsearchives.nseindia.com/corporate/lkwalimbe_bajajauto_co_in_14032019092918_BALSELETTERChangeInDirectorsKMP13March2019_008.pdf,Bajaj Auto Limited has informed the Exchange regarding Change in Director(s) of the company.,,,Change in Director(s),-,14032019093000,-,-,False,,,103374216,Automobiles - 2 And 3 Wheelers,INE917I01010,Bajaj Auto Limited,2019-03-14 09:30:00,BAJAJ-AUTO
13-Mar-2019 17:45:00,,https://nsearchives.nseindia.com/corporate/lkwalimbe_bajajauto_co_in_13032019174304_BALSELETTERPostalBallotResult13March2019_138.pdf,"Bajaj Auto Limited has submitted the Exchange a copy Srutinizers report of  Postal Ballot. Further, the company has informed the Exchange regarding voting results.",,,Shareholders meeting,-,13032019174500,-,-,False,,,103372734,Automobiles - 2 And 3 Wheelers,INE917I01010,Bajaj Auto Limited,2019-03-13 17:45:00,BAJAJ-AUTO
01-Mar-2019 09:39:00,,https://nsearchives.nseindia.com/corporate/lkwalimbe_bajajauto_co_in_01032019093804_PressreleaseFeb2019_008.pdf,"Bajaj Auto Limited has informed the Exchange regarding a press release dated March 01, 2019, titled ""sales for February 2019"".",,,Press Release,-,01032019093900,-,-,False,,,103347209,Automobiles - 2 And 3 Wheelers,INE917I01010,Bajaj Auto Limited,2019-03-01 09:39:00,BAJAJ-AUTO
11-Feb-2019 10:13:00,,https://nsearchives.nseindia.com/corporate/lkwalimbe_bajajauto_co_in_11022019100451_BSENSENewspaperadd10FEB2019_021.pdf,"Bajaj Auto Limited has informed the Exchange regarding 'Pursuant to Regulation 47 of the Securities Exchange Board of India (Listing Obligations andDisclosure Requirements) Regulations, 2015, please find enclosed newspaper notice published inFinancial Express (English Daily - All Editions) and Kesari (Marathi Daily - Pune Edition) whichappeared on Sunday, 10 February 2019, with regard to the dispatch of notice of Postal Ballot alongwith Postal Ballot Form to the Members of the Company.'.",,,Updates,-,11022019101300,-,-,False,,,103300247,Automobiles - 2 And 3 Wheelers,INE917I01010,Bajaj Auto Limited,2019-02-11 10:13:00,BAJAJ-AUTO
09-Feb-2019 13:33:00,,https://nsearchives.nseindia.com/corporate/lkwalimbe_bajajauto_co_in_09022019133142_BSENSEPostalBallotNotice9FEB2019_050.pdf,Bajaj Auto Limited has informed the Exchange regarding Notice of Postal Ballot,,,Shareholders meeting,-,09022019133300,-,-,False,,,103298570,Automobiles - 2 And 3 Wheelers,INE917I01010,Bajaj Auto Limited,2019-02-09 13:33:00,BAJAJ-AUTO
04-Feb-2019 09:36:00,,https://nsearchives.nseindia.com/corporate/lkwalimbe_bajajauto_co_in_04022019093519_Pressreleasejan2019_022.pdf,"Bajaj Auto Limited has informed the Exchange regarding a press release dated February 04, 2019, titled ""sales for january 2019"".",,,Press Release,-,04022019093600,-,-,False,,,103277698,Automobiles - 2 And 3 Wheelers,INE917I01010,Bajaj Auto Limited,2019-02-04 09:36:00,BAJAJ-AUTO
30-Jan-2019 14:20:00,,https://nsearchives.nseindia.com/corporate/lkwalimbe_bajajauto_co_in_30012019141946_Reslultsandoutcome300120191_119.pdf,"Bajaj Auto Limited has informed the Exchange regarding 'Subject to the approval of shareholders by postal ballot, the Board of Directors at its meeting held on 30 January 2019 has approved a Employee Stock Option Scheme providing for grant up to 50,00,000 Options (equity shares) to Employees in accordance with the said Employee Stock Option Scheme of the Company.'.",,,Updates,-,30012019142000,-,-,False,,,103269118,Automobiles - 2 And 3 Wheelers,INE917I01010,Bajaj Auto Limited,2019-01-30 14:20:00,BAJAJ-AUTO
30-Jan-2019 14:10:25,,https://nsearchives.nseindia.com/corporate/Reslultsandoutcome30012019_30012019141025.zip,"Bajaj Auto Limited has submitted to the Exchange, the financial results for the period ended December 31, 2018.",,,Financial Result Updates,-,30012019141025,-,-,False,,,125228,Automobiles - 2 And 3 Wheelers,INE917I01010,Bajaj Auto Limited,2019-01-30 14:10:25,BAJAJ-AUTO
30-Jan-2019 14:06:00,,https://nsearchives.nseindia.com/corporate/lkwalimbe_bajajauto_co_in_30012019140536_Reslultsandoutcome30012019_111.pdf,"Bajaj Auto Limited has informed the Exchange regarding  Board meeting held on January 30, 2019.",,,Outcome of Board Meeting,-,30012019140600,-,-,False,,,103269109,Automobiles - 2 And 3 Wheelers,INE917I01010,Bajaj Auto Limited,2019-01-30 14:06:00,BAJAJ-AUTO
22-Jan-2019 11:37:00,,https://nsearchives.nseindia.com/corporate/lkwalimbe_bajajauto_co_in_22012019113200_ConferenceCAllDisclosuretoStockExchange_028.pdf,Bajaj Auto Limited has informed the Exchange regarding Analysts/Institutional Investor Meet/Con. Call Updates. This is to inform you that a conference call for analysts/ institutional investors of Bajaj Auto Limited is scheduled on 30 January 2019 (Wednesday) at 5.00 p.m. IST for discussing Company's Q3FY19 results. Dial in and other details of the call are enclosed.This is for your information please.,,,Analysts/Institutional Investor Meet/Con. Call Updates,-,22012019113700,-,-,False,,,103247172,Automobiles - 2 And 3 Wheelers,INE917I01010,Bajaj Auto Limited,2019-01-22 11:37:00,BAJAJ-AUTO
02-Jan-2019 10:41:00,,https://nsearchives.nseindia.com/corporate/lkwalimbe_bajajauto_co_in_02012019104001_Pressreleasedec2018revised_011.pdf,"Bajaj Auto Limited has informed the Exchange regarding a revised press release dated January 02, 2019, titled ""Sales for December 2018"".",,,Press Release (Revised),-,02012019104100,-,-,False,,,103196274,Automobiles - 2 And 3 Wheelers,INE917I01010,Bajaj Auto Limited,2019-01-02 10:41:00,BAJAJ-AUTO
02-Jan-2019 09:33:00,,https://nsearchives.nseindia.com/corporate/lkwalimbe_bajajauto_co_in_02012019093237_Pressreleasedec2018_003.pdf,"Bajaj Auto Limited has informed the Exchange regarding a press release dated January 02, 2019, titled ""Sales for December 2018"".",,,Press Release,-,02012019093300,-,-,False,,,103194932,Automobiles - 2 And 3 Wheelers,INE917I01010,Bajaj Auto Limited,2019-01-02 09:33:00,BAJAJ-AUTO
03-Dec-2018 09:48:00,,https://nsearchives.nseindia.com/corporate/lkwalimbe_bajajauto_co_in_03122018094428_BALpressreleaseNovsales_099.pdf,"Bajaj Auto Limited has informed the Exchange regarding a press release dated December 03, 2018, titled ""Press release issued by the Company in respect of sales for the month of November 2018"".",,,Press Release,-,03122018094800,-,-,False,,,103120755,Automobiles - 2 And 3 Wheelers,INE917I01010,Bajaj Auto Limited,2018-12-03 09:48:00,BAJAJ-AUTO
29-Nov-2018 12:51:00,,https://nsearchives.nseindia.com/corporate/lkwalimbe_bajajauto_co_in_29112018125037_BALBSENSERTAINTIMATION_061.pdf,"Bajaj Auto Limited has informed the Exchange regarding 'Change in name of Registrar & Share Transfer Agent - Karvy Computershare Private Limited'.Effective from 17 November 2018, Karvy Computershare Private Limited is nowKarvy Fintech Private Limited. All the share registry services will now be handled in the name of the new entity, i.e. Karvy Fintech Private Limited.",,,Updates,-,29112018125100,-,-,False,,,103114864,Automobiles - 2 And 3 Wheelers,INE917I01010,Bajaj Auto Limited,2018-11-29 12:51:00,BAJAJ-AUTO
29-Nov-2018 11:58:00,,https://nsearchives.nseindia.com/corporate/lkwalimbe_bajajauto_co_in_29112018115709_NSEBSEIEPF4INTIMATION_031.pdf,"Bajaj Auto Limited has informed the Exchange regarding 'Disclosure under Regulation 30 of the SEBI (LODR) Regulations, 2015 - Transfer of 23,791 Equity Shares of the Company to the Demat Account of the Investor Education & Protection Fund (IEPF) Authority.'.",,,Updates,-,29112018115800,-,-,False,,,103114672,Automobiles - 2 And 3 Wheelers,INE917I01010,Bajaj Auto Limited,2018-11-29 11:58:00,BAJAJ-AUTO
06-Nov-2018 14:58:00,,https://nsearchives.nseindia.com/corporate/lkwalimbe_bajajauto_co_in_06112018145713_BALHalfyearlycommunication6Nov2018_276.pdf,"Bajaj Auto Limited has informed the Exchange regarding 'Submission of half yearly communication to shareholders for H1/FY 2018-19 pursuant to Regulation 30(2) read with Schedule Ill of the SEBI (ListingObligations and Disclosure Requirements), Regulations, 2015'.",,,Updates,-,06112018145800,-,-,False,,,103064934,Automobiles - 2 And 3 Wheelers,INE917I01010,Bajaj Auto Limited,2018-11-06 14:58:00,BAJAJ-AUTO
02-Nov-2018 09:27:00,,https://nsearchives.nseindia.com/corporate/lkwalimbe_bajajauto_co_in_02112018092442_BALPressReleaseOctSales2018_165.pdf,"Bajaj Auto Limited has informed the Exchange regarding a press release dated November 02, 2018, titled ""Press release issued by the Company in respect of sales for the month of October 2018"".",,,Press Release,-,02112018092700,-,-,False,,,103053789,Automobiles - 2 And 3 Wheelers,INE917I01010,Bajaj Auto Limited,2018-11-02 09:27:00,BAJAJ-AUTO
24-Oct-2018 14:14:00,,https://nsearchives.nseindia.com/corporate/lkwalimbe_bajajauto_co_in_24102018141316_BALchangeinDirectors24Oct2018_120.pdf,"Bajaj Auto Limited has informed the Exchange regarding Resignation of Mr Manish Kejriwal as Non- Executive Director of the company w.e.f. December 31, 2018.",,,Resignation,-,24102018141400,-,-,False,,,103031940,Automobiles - 2 And 3 Wheelers,INE917I01010,Bajaj Auto Limited,2018-10-24 14:14:00,BAJAJ-AUTO
24-Oct-2018 14:14:00,,https://nsearchives.nseindia.com/corporate/lkwalimbe_bajajauto_co_in_24102018141349_BALchangeinDirectors24Oct2018_121.pdf,"Bajaj Auto Limited has informed the Exchange regarding Appointment of Mr Rakesh Sharma as Executive Director of the company w.e.f. January 01, 2019.",,,Appointment,-,24102018141400,-,-,False,,,103031939,Automobiles - 2 And 3 Wheelers,INE917I01010,Bajaj Auto Limited,2018-10-24 14:14:00,BAJAJ-AUTO
24-Oct-2018 13:59:14,,https://nsearchives.nseindia.com/corporate/BALQ2Results24Oct2018_24102018135914.zip,"Bajaj Auto Limited has submitted to the Exchange, the financial results for the period ended September 30, 2018.",,,Financial Result Updates,-,24102018135914,-,-,False,,,123031,Automobiles - 2 And 3 Wheelers,INE917I01010,Bajaj Auto Limited,2018-10-24 13:59:14,BAJAJ-AUTO
24-Oct-2018 13:55:00,,https://nsearchives.nseindia.com/corporate/lkwalimbe_bajajauto_co_in_24102018135244_BALoutcomeofBM24Oct2018_115.pdf,"Bajaj Auto Limited has informed the Exchange regarding  Board meeting held on October 24, 2018.",,,Outcome of Board Meeting,-,24102018135500,-,-,False,,,103031935,Automobiles - 2 And 3 Wheelers,INE917I01010,Bajaj Auto Limited,2018-10-24 13:55:00,BAJAJ-AUTO
17-Oct-2018 14:48:00,,https://nsearchives.nseindia.com/corporate/lkwalimbe_bajajauto_co_in_17102018142734_BALConferencecallBSENSE17102018_129.pdf,Bajaj Auto Limited has informed the Exchange regarding Analysts/Institutional Investor Meet/Con. Call Updates - A conference call for analysts/institutional investors is scheduled on 25 October 2018 (Thursday) at 09.45 a.m. IST for discussing Company's Q2 FY19 results. Dial in and other details of the call are enclosed.,,,Analysts/Institutional Investor Meet/Con. Call Updates,-,17102018144800,-,-,False,,,103015975,Automobiles - 2 And 3 Wheelers,INE917I01010,Bajaj Auto Limited,2018-10-17 14:48:00,BAJAJ-AUTO
01-Oct-2018 09:41:00,,https://nsearchives.nseindia.com/corporate/lkwalimbe_bajajauto_co_in_01102018094045_Pressreleasesept2018_500.pdf,"Bajaj Auto Limited has informed the Exchange regarding a press release dated October 01, 2018, titled ""Sales for September 2018"".",,,Press Release,-,01102018094100,-,-,False,,,102972500,Automobiles - 2 And 3 Wheelers,INE917I01010,Bajaj Auto Limited,2018-10-01 09:41:00,BAJAJ-AUTO
06-Sep-2018 16:24:00,,https://nsearchives.nseindia.com/corporate/lkwalimbe_bajajauto_co_in_06092018162253_Pressrelease3wheeler_896.pdf,"Bajaj Auto Limited has informed the Exchange regarding a press release dated September 06, 2018, titled ""to expand 3 wheeler & Quadricycle capacity to 1 million per year as Government announces end to permits."".",,,Press Release,-,06092018162400,-,-,False,,,102920786,Automobiles - 2 And 3 Wheelers,INE917I01010,Bajaj Auto Limited,2018-09-06 16:24:00,BAJAJ-AUTO
03-Sep-2018 09:34:00,,https://nsearchives.nseindia.com/corporate/lkwalimbe_bajajauto_co_in_03092018093016_pressreleaseaugust2018_223.pdf,"Bajaj Auto Limited has informed the Exchange regarding a press release dated September 03, 2018, titled ""Sales"".",,,Press Release,-,03092018093400,-,-,False,,,102917047,Automobiles - 2 And 3 Wheelers,INE917I01010,Bajaj Auto Limited,2018-09-03 09:34:00,BAJAJ-AUTO
01-Aug-2018 09:31:00,,https://nsearchives.nseindia.com/corporate/PressreleaseJuly2018_01082018093105_032.zip,"Bajaj Auto Limited has informed the Exchange regarding a press release dated August 01, 2018, titled ""Sales for the month of July 2018"".",,,Press Release,-,01082018093100,-,-,False,,,102833619,Automobiles - 2 And 3 Wheelers,INE917I01010,Bajaj Auto Limited,2018-08-01 09:31:00,BAJAJ-AUTO
21-Jul-2018 15:40:00,,https://nsearchives.nseindia.com/corporate/NSESCRUTINIZERSAGMOUTCOMEEVOTING_21072018154010_437.zip,"Bajaj Auto Limited has submitted the Exchange a copy Srutinizers report of  Annual General Meeting held on July 20, 2018. Further, the company has informed the Exchange regarding voting results.",,,Shareholders meeting,-,21072018154000,-,-,False,,,102807480,Automobiles - 2 And 3 Wheelers,INE917I01010,Bajaj Auto Limited,2018-07-21 15:40:00,BAJAJ-AUTO
20-Jul-2018 19:31:00,,https://nsearchives.nseindia.com/corporate/ProceedingsofAGM20072018_20072018193142_334.zip,"Bajaj Auto Limited has informed the Exchange regarding Proceedings of Annual General Meeting held on July 20, 2018",,,Shareholders meeting,-,20072018193100,-,-,False,,,102806799,Automobiles - 2 And 3 Wheelers,INE917I01010,Bajaj Auto Limited,2018-07-20 19:31:00,BAJAJ-AUTO
20-Jul-2018 12:44:00,,https://nsearchives.nseindia.com/corporate/UFRQ12018_20072018124446_061.zip,"Bajaj Auto Limited has informed the Exchange regarding  Board meeting held on July 20, 2018.",,,Outcome of Board Meeting,-,20072018124400,-,-,False,,,102806523,Automobiles - 2 And 3 Wheelers,INE917I01010,Bajaj Auto Limited,2018-07-20 12:44:00,BAJAJ-AUTO
20-Jul-2018 12:25:11,,https://nsearchives.nseindia.com/corporate/Q12018resultsBAL_20072018122511.zip,"Bajaj Auto Limited has submitted to the Exchange, the financial results for the period ended June 30, 2018.",,,Financial Result Updates,-,20072018122511,-,-,False,,,120922,Automobiles - 2 And 3 Wheelers,INE917I01010,Bajaj Auto Limited,2018-07-20 12:25:11,BAJAJ-AUTO
17-Jul-2018 11:53:00,,https://nsearchives.nseindia.com/corporate/BALConferencecallintimationtoBSENSE_17072018115306_937.zip,Bajaj Auto Limited has informed the Exchange regarding Analysts/Institutional Investor Meet/Con. Call Updates,,,Analysts/Institutional Investor Meet/Con. Call Updates,-,17072018115300,-,-,False,,,102796835,Automobiles - 2 And 3 Wheelers,INE917I01010,Bajaj Auto Limited,2018-07-17 11:53:00,BAJAJ-AUTO
10-Jul-2018 11:40:00,,https://nsearchives.nseindia.com/corporate/Submissionofnewspaparadvertisementsforlocaltransport_10072018114001_459.zip,"Bajaj Auto Limited has informed the Exchange regarding 'Pursuant to Regulation 30 of the SEBI Listing Regulations, 2015, we submit herewith a copy of newspaper advertisements published for the shareholders of the Company, informing     inter alia about the local transport arrangements for the 11th Annual General Meeting of the Company scheduled on 20 July 2018, as published in the newspapers �� The Indian Express (English) and Sakal (Marathi).'.",,,Updates,-,10072018114000,-,-,False,,,102779803,Automobiles - 2 And 3 Wheelers,INE917I01010,Bajaj Auto Limited,2018-07-10 11:40:00,BAJAJ-AUTO
02-Jul-2018 09:10:00,,https://nsearchives.nseindia.com/corporate/Pressreleasejune2018_02072018091051_622.zip,"Bajaj Auto Limited has informed the Exchange regarding a press release dated July 02, 2018, titled ""Sales for the month of June 2018"".",,,Press Release,-,02072018091000,-,-,False,,,102758648,Automobiles - 2 And 3 Wheelers,INE917I01010,Bajaj Auto Limited,2018-07-02 09:10:00,BAJAJ-AUTO
28-Jun-2018 18:28:00,,https://nsearchives.nseindia.com/corporate/BALLETTERTOSEREG333BJULYBM_28062018182839_015.zip,"Bajaj Auto Limited has informed the Exchange regarding Intimation under Regulation 33(3)(b) of SEBI (Listing Obligations and Disclosure Requirements) Regulations, 2015.",,,Financial Results Updates,-,28062018182800,-,-,False,,,102754149,Automobiles - 2 And 3 Wheelers,INE917I01010,Bajaj Auto Limited,2018-06-28 18:28:00,BAJAJ-AUTO
28-Jun-2018 11:28:00,,https://nsearchives.nseindia.com/corporate/BALAdNoticeofAGMBookclosureevoting2018_28062018112831_994.zip,"Bajaj Auto Limited has informed the Exchange regarding Notice of Annual General Meeting to be held on July 20, 2018Pursuant to regulations 30 of the SEBI listing regulations 2015 we submit herewith a copy of newspaper advertisements published for the shareholders of the company, informing inter alia about the Notice of 11 annual general meeting scheduled on 20 July 2018, book closure dates from 7 to 20 July 2018 and e-voting information with cut-off date as 13 July 2018 as published in the financial express and Kesari(Marathi).",,,Shareholders meeting,-,28062018112800,-,-,False,,,102753764,Automobiles - 2 And 3 Wheelers,INE917I01010,Bajaj Auto Limited,2018-06-28 11:28:00,BAJAJ-AUTO
25-Jun-2018 15:57:00,,https://nsearchives.nseindia.com/corporate/lettertoNSEandBSENoticeofAGM20July2018BAL_25062018155751_226.zip,"Bajaj Auto Limited has informed the Exchange regarding Notice of Annual General Meeting to be held on July 20, 2018 and Annual Report for the year 2017-18.",,,Shareholders meeting,-,25062018155700,-,-,False,,,102745570,Automobiles - 2 And 3 Wheelers,INE917I01010,Bajaj Auto Limited,2018-06-25 15:57:00,BAJAJ-AUTO
22-Jun-2018 16:26:00,,https://nsearchives.nseindia.com/corporate/INTIMATIONTOSENOTICEINNEWSPAPERS_22062018162612_850.zip,"Bajaj Auto Limited has informed the Exchange regarding 'Disclosure under Regulation 30 of the SEBI ( Listing Obligations and Disclosure Requirements) Regulations, 2015-Notice published in newspapers pursuant to 124(6) of the Companies Act, 2013 regarding IEPF.'.",,,Updates,-,22062018162600,-,-,False,,,102741557,Automobiles - 2 And 3 Wheelers,INE917I01010,Bajaj Auto Limited,2018-06-22 16:26:00,BAJAJ-AUTO
01-Jun-2018 09:20:00,,https://nsearchives.nseindia.com/corporate/Pressreleasemay2018_01062018092008_027.zip,"Bajaj Auto Limited has informed the Exchange regarding a press release dated Jun 01, 2018, titled ""Sales for May 2018"".",,,Press Release,-,01062018092000,-,-,False,,,102691216,Automobiles - 2 And 3 Wheelers,INE917I01010,Bajaj Auto Limited,2018-06-01 09:20:00,BAJAJ-AUTO
18-May-2018 14:39:00,,https://nsearchives.nseindia.com/corporate/BajajAUTO_18052018142527.zip,"Bajaj Auto Limited has informed the Exchange that the Register of Members and Share Transfer Books of the Company shall remain closed from July 07, 2018 to July 20, 2018 (both days inclusive) for the purpose of Annual General Meeting of the Company is scheduled to be held on July 20, 2018 & Payment of Dividend.",,,AGM/Book Closure,-,18052018143900,-,-,False,,,102655911,Automobiles - 2 And 3 Wheelers,INE917I01010,Bajaj Auto Limited,2018-05-18 14:39:00,BAJAJ-AUTO
18-May-2018 14:33:00,,https://nsearchives.nseindia.com/corporate/SEresults2018_18052018143359_236.zip,"Bajaj Auto Limited has informed the Exchange regarding  Board meeting held on May 18, 2018.",,,Outcome of Board Meeting,-,18052018143300,-,-,False,,,102655921,Automobiles - 2 And 3 Wheelers,INE917I01010,Bajaj Auto Limited,2018-05-18 14:33:00,BAJAJ-AUTO
18-May-2018 14:27:00,,https://nsearchives.nseindia.com/corporate/LettertoSEforDividend2018_18052018142712_225.zip,"Bajaj Auto Limited has informed the Exchange that Board of Directors at its meeting held on May 18, 2018, recommended Final Dividend of 60 per equity share.",,,Dividend,-,18052018142700,-,-,False,,,102655913,Automobiles - 2 And 3 Wheelers,INE917I01010,Bajaj Auto Limited,2018-05-18 14:27:00,BAJAJ-AUTO
18-May-2018 14:27:00,,https://nsearchives.nseindia.com/corporate/BajajAUTO_18052018142229.zip,"Bajaj Auto Limited has informed the Exchange that the Board of Directors of the Company at its meeting held on May 18, 2018 has recommended a dividend at the rate of Rs. 60/- per share (600%) of face value of Rs. 10/- each on equity shares of the Company for the financial year ended March 31, 2018 and the said dividend, if declared, by the shareholders at the ensuing annual general meeting, will be credited/dispatched on July 24, 2018 and/or 25 July 2018.",,,Dividend,-,18052018142700,-,-,False,,,102655905,Automobiles - 2 And 3 Wheelers,INE917I01010,Bajaj Auto Limited,2018-05-18 14:27:00,BAJAJ-AUTO
18-May-2018 14:07:12,,https://nsearchives.nseindia.com/corporate/SEresults2018_18052018140712.zip,"Bajaj Auto Limited has submitted to the Exchange, the financial results for the period ended March 31, 2018.",,,Financial Result Updates,-,18052018140712,-,-,False,,,119479,Automobiles - 2 And 3 Wheelers,INE917I01010,Bajaj Auto Limited,2018-05-18 14:07:12,BAJAJ-AUTO
09-May-2018 18:50:00,,https://nsearchives.nseindia.com/corporate/ConferenceCAllDisclosuretoStockExchange_09052018185045_917.zip,Bajaj Auto Limited has informed the Exchange regarding Analysts/Institutional Investor Meet/Con. Call Updateson 21 May 2018,,,Analysts/Institutional Investor Meet/Con. Call Updates,-,09052018185000,-,-,False,,,102632313,Automobiles - 2 And 3 Wheelers,INE917I01010,Bajaj Auto Limited,2018-05-09 18:50:00,BAJAJ-AUTO
02-May-2018 09:05:00,,https://nsearchives.nseindia.com/corporate/PRESSRELEASEAPRIL2018_02052018090548_139.zip,"Bajaj Auto Limited has informed the Exchange regarding a press release dated May 02, 2018, titled ""Sales for April 2018"".",,,Press Release,-,02052018090500,-,-,False,,,102612409,Automobiles - 2 And 3 Wheelers,INE917I01010,Bajaj Auto Limited,2018-05-02 09:05:00,BAJAJ-AUTO
11-Apr-2018 13:16:00,,https://nsearchives.nseindia.com/corporate/BAL_11042018131653.zip,"Niraj Bajaj For and on behalf of Promoters & Promoter Group has submitted to the Exchange a copy of disclosure under Regulation 30(1) and 30(2) of SEBI (Substantial Acquisition of Shares & Takeovers) Regulations, 2011.",,,Disc. under Reg.30 of SEBI (SAST) Reg.2011,-,11042018131600,-,-,False,,,102566881,Automobiles - 2 And 3 Wheelers,INE917I01010,Bajaj Auto Limited,2018-04-11 13:16:00,BAJAJ-AUTO
02-Apr-2018 09:17:00,,https://nsearchives.nseindia.com/corporate/Pressreleasemarch2018_02042018091707_086.zip,"Bajaj Auto Limited has informed the Exchange regarding a press release dated April 02, 2018, titled ""sales for march 2018"".",,,Press Release,-,02042018091700,-,-,False,,,102541477,Automobiles - 2 And 3 Wheelers,INE917I01010,Bajaj Auto Limited,2018-04-02 09:17:00,BAJAJ-AUTO
01-Mar-2018 09:05:00,,https://nsearchives.nseindia.com/corporate/Pressreleasefeb2018_01032018090522_010.zip,"Bajaj Auto Limited has informed the Exchange regarding a press release dated March 01, 2018, titled ""sales for february 2018"".",,,Press Release,-,01032018090500,-,-,False,,,102481984,Automobiles - 2 And 3 Wheelers,INE917I01010,Bajaj Auto Limited,2018-03-01 09:05:00,BAJAJ-AUTO
02-Feb-2018 13:41:02,,https://nsearchives.nseindia.com/corporate/Quaraterlyresults31122017_02022018134102.zip,"Bajaj Auto Limited has submitted to the Exchange, the financial results for the period ended December 31, 2017.",,,Financial Result Updates,-,02022018134102,-,-,False,,,117537,Automobiles - 2 And 3 Wheelers,INE917I01010,Bajaj Auto Limited,2018-02-02 13:41:02,BAJAJ-AUTO
02-Feb-2018 09:05:00,,https://nsearchives.nseindia.com/corporate/Pressreleasejan2018_02022018090549_027.zip,"Bajaj Auto Limited has informed the Exchange regarding a press release dated February 02, 2018, titled ""Sales"".for the month of January 2018.",,,Press Release,-,02022018090500,-,-,False,,,102422277,Automobiles - 2 And 3 Wheelers,INE917I01010,Bajaj Auto Limited,2018-02-02 09:05:00,BAJAJ-AUTO
30-Jan-2018 17:18:00,,https://nsearchives.nseindia.com/corporate/BALINTIMATIONTOSE30012018_30012018171842_435.zip,DISCLOSURE PURSUANT TO REGULATION 30 OF THE SEBI(LISTING OBLIGATIONS AND DISCLOSURE REQUIREMENTS) REGULATIONS 2015.,,,Strikes/Lockouts/Disturbances,-,30012018171800,-,-,False,,,102414870,Automobiles - 2 And 3 Wheelers,INE917I01010,Bajaj Auto Limited,2018-01-30 17:18:00,BAJAJ-AUTO
30-Jan-2018 13:22:00,,https://nsearchives.nseindia.com/corporate/BALConferencecallintimationtoStockExchanges_30012018132203_134.zip,Bajaj Auto Limited has informed the Exchange regarding Analysts/Institutional Investor Meet/Con. Call Updates,,,Analysts/Institutional Investor Meet/Con. Call Updates,-,30012018132200,-,-,False,,,102414673,Automobiles - 2 And 3 Wheelers,INE917I01010,Bajaj Auto Limited,2018-01-30 13:22:00,BAJAJ-AUTO
02-Jan-2018 09:30:00,,https://nsearchives.nseindia.com/corporate/Pressreleasedec2017_02012018093032_313.zip,"Bajaj Auto Limited has informed the Exchange regarding a press release dated January 02, 2018, titled ""Sales - December 2017"".",,,Press Release,-,02012018093000,-,-,False,,,102353651,Automobiles - 2 And 3 Wheelers,INE917I01010,Bajaj Auto Limited,2018-01-02 09:30:00,BAJAJ-AUTO
22-Dec-2017 14:20:00,,https://nsearchives.nseindia.com/corporate/BALIEPFREG30_22122017142042_062.zip,"Bajaj Auto Limited has informed the Exchange regarding 'Disclosure under Regulation 30 of the Securities and Exchange Board of India (Listing Obligations and Disclosure Requirements) Regulations, 2015 �� Transfer of 54,642 Equity Shares of the Company to the Demat Account of the Investor Education & Protection Fund (IEPF) Authority.'.",,,Updates,-,22122017142000,-,-,False,,,102337514,Automobiles - 2 And 3 Wheelers,INE917I01010,Bajaj Auto Limited,2017-12-22 14:20:00,BAJAJ-AUTO
01-Dec-2017 10:07:00,,https://nsearchives.nseindia.com/corporate/PressReleaseNov2017_01122017100717_368.zip,"Bajaj Auto Limited has informed the Exchange regarding a press release dated December 01, 2017, titled ""November 2017 sales"".",,,Press Release,-,01122017100700,-,-,False,,,102289479,Automobiles - 2 And 3 Wheelers,INE917I01010,Bajaj Auto Limited,2017-12-01 10:07:00,BAJAJ-AUTO
02-Nov-2017 09:55:00,,https://nsearchives.nseindia.com/corporate/Intimationtosehycommunication201718_02112017095559_309.zip,Bajaj Auto Limited has informed the Exchange regarding 'SUBMISSION OF HALF YEARLY COMMUNICATION TO THE SHAREHOLDERS FOR H1/FY 2017-18.'.,,,Updates,-,02112017095500,-,-,False,,,102220286,Automobiles - 2 And 3 Wheelers,INE917I01010,Bajaj Auto Limited,2017-11-02 09:55:00,BAJAJ-AUTO
02-Nov-2017 08:46:00,,https://nsearchives.nseindia.com/corporate/Pressrelease_02112017084640_298.zip,"Bajaj Auto Limited has informed the Exchange regarding a press release dated November 02, 2017, titled ""Press Release ""being issued by the company in respect of sales for the month of October 2017..",,,Press Release,-,02112017084600,-,-,False,,,102220252,Automobiles - 2 And 3 Wheelers,INE917I01010,Bajaj Auto Limited,2017-11-02 08:46:00,BAJAJ-AUTO
17-Oct-2017 13:08:19,,https://nsearchives.nseindia.com/corporate/BALresults30092017_17102017130819.zip,"Bajaj Auto Limited has submitted to the Exchange, the financial results for the period ended September 30, 2017.",,,Financial Result Updates,-,17102017130819,-,-,False,,,115360,Automobiles - 2 And 3 Wheelers,INE917I01010,Bajaj Auto Limited,2017-10-17 13:08:19,BAJAJ-AUTO
10-Oct-2017 18:10:00,,https://nsearchives.nseindia.com/corporate/balconferencecallintimationtobsense_10102017181030_257.zip,Bajaj Auto Limited has informed the Exchange regarding Analysts/Institutional Investor Meet/Con. Call Updates,,,Analysts/Institutional Investor Meet/Con. Call Updates,-,10102017181000,-,-,False,,,102170658,Automobiles - 2 And 3 Wheelers,INE917I01010,Bajaj Auto Limited,2017-10-10 18:10:00,BAJAJ-AUTO
02-Oct-2017 09:13:00,,https://nsearchives.nseindia.com/corporate/PressreleaseSeptember2017_02102017091308_548.zip,"Bajaj Auto Limited has informed the Exchange regarding a press release dated October 02, 2017, titled ""Sales "" for the month of September 2017.",,,Press Release,-,02102017091300,-,-,False,,,102151779,Automobiles - 2 And 3 Wheelers,INE917I01010,Bajaj Auto Limited,2017-10-02 09:13:00,BAJAJ-AUTO
14-Sep-2017 16:39:00,,https://nsearchives.nseindia.com/corporate/AnamiRoybsense_14092017163911_030.zip,"Bajaj Auto Limited has informed the Exchange regarding Appointment of Mr Anami Roy as Independent Director of the company w.e.f. September 14, 2017.",,,Appointment,-,14092017163900,-,-,False,,,102110041,Automobiles - 2 And 3 Wheelers,INE917I01010,Bajaj Auto Limited,2017-09-14 16:39:00,BAJAJ-AUTO
01-Sep-2017 09:15:00,,https://nsearchives.nseindia.com/corporate/PRESSRELEASEAUG2017_01092017091552_021.zip,"Bajaj Auto Limited has informed the Exchange regarding a press release dated September 01, 2017, titled ""sales for the month of August 2017"".",,,Press Release,-,01092017091500,-,-,False,,,102073054,Automobiles - 2 And 3 Wheelers,INE917I01010,Bajaj Auto Limited,2017-09-01 09:15:00,BAJAJ-AUTO
21-Aug-2017 15:43:00,,https://nsearchives.nseindia.com/corporate/SumanJainBAL21082017_21082017154309_606.zip,Bajaj Auto Limited has informed the Exchange regarding 'Change in Promoters Shareholding of Bajaj Auto Limited.'.,,,Updates,-,21082017154300,-,-,False,,,102046284,Automobiles - 2 And 3 Wheelers,INE917I01010,Bajaj Auto Limited,2017-08-21 15:43:00,BAJAJ-AUTO
08-Aug-2017 12:31:00,,https://nsearchives.nseindia.com/corporate/BALIntimationtostockexchange_08082017123115_109.zip,"Bajaj Auto Limited has informed the Exchange regarding a press release dated August 08, 2017, titled ""Press release in respect of  Triumph Motorcycles UK  and Bajaj Auto India announce a new partnership"".",,,Press Release,-,08082017123100,-,-,False,,,102016678,Automobiles - 2 And 3 Wheelers,INE917I01010,Bajaj Auto Limited,2017-08-08 12:31:00,BAJAJ-AUTO
02-Aug-2017 09:03:00,,https://nsearchives.nseindia.com/corporate/pressreleasejuly2017_02082017090359_030.zip,"Bajaj Auto Limited has informed the Exchange regarding a press release dated August 02, 2017, titled ""sales"".",,,Press Release,-,02082017090300,-,-,False,,,101997892,Automobiles - 2 And 3 Wheelers,INE917I01010,Bajaj Auto Limited,2017-08-02 09:03:00,BAJAJ-AUTO
21-Jul-2017 20:15:00,,https://nsearchives.nseindia.com/corporate/BALNSEVOTINGRESULTSAGM2017_21072017201552_909.zip,"Bajaj Auto Limited has submitted the Exchange a copy Srutinizers report of  Annual General Meeting held on July 20, 2017. Further, the company has informed the Exchange regarding voting results.",,,Shareholders meeting,-,21072017201500,-,-,False,,,101969627,Automobiles - 2 And 3 Wheelers,INE917I01010,Bajaj Auto Limited,2017-07-21 20:15:00,BAJAJ-AUTO
21-Jul-2017 12:37:00,,https://nsearchives.nseindia.com/corporate/PROCEEDINGSOFAGM2017_21072017123741_563.zip,"Bajaj Auto Limited has informed the Exchange regarding Proceedings of Annual General Meeting held on July 20, 2017",,,Shareholders meeting,-,21072017123700,-,-,False,,,101969380,Automobiles - 2 And 3 Wheelers,INE917I01010,Bajaj Auto Limited,2017-07-21 12:37:00,BAJAJ-AUTO
20-Jul-2017 12:25:30,,https://nsearchives.nseindia.com/corporate/RESULTSBSENSE30062017_20072017122530.zip,"Bajaj Auto Limited has submitted to the Exchange, the financial results for the period ended June 30, 2017.",,,Financial Result Updates,-,20072017122530,-,-,False,,,113712,Automobiles - 2 And 3 Wheelers,INE917I01010,Bajaj Auto Limited,2017-07-20 12:25:30,BAJAJ-AUTO
12-Jul-2017 14:40:00,,https://nsearchives.nseindia.com/corporate/Conferencecalljuly2017_12072017144047_120.zip,Bajaj Auto Limited has informed the Exchange regarding Analysts/Institutional Investor Meet/Con. Call Updates,,,Analysts/Institutional Investor Meet/Con. Call Updates,-,12072017144000,-,-,False,,,101943102,Automobiles - 2 And 3 Wheelers,INE917I01010,Bajaj Auto Limited,2017-07-12 14:40:00,BAJAJ-AUTO
10-Jul-2017 15:48:00,,https://nsearchives.nseindia.com/corporate/NareshChandraintimationtoStockExchanges_10072017154827_262.zip,"Bajaj Auto Limited has informed the Exchange regarding Demise of Mr Naresh Chandra, Independent Director of the company on July 09, 2017.",,,Demise,-,10072017154800,-,-,False,,,101935379,Automobiles - 2 And 3 Wheelers,INE917I01010,Bajaj Auto Limited,2017-07-10 15:48:00,BAJAJ-AUTO
03-Jul-2017 10:36:00,,https://nsearchives.nseindia.com/corporate/PressreleaseBajajandKTM03072017_03072017103611_256.zip,"Bajaj Auto Limited has informed the Exchange regarding a press release dated July 03, 2017, titled ""KTM AND BAJAJ AUTO-ELEVATION OF THE COOPERATION TO THE NEXT LEVEL"".",,,Press Release,-,03072017103600,-,-,False,,,101916177,Automobiles - 2 And 3 Wheelers,INE917I01010,Bajaj Auto Limited,2017-07-03 10:36:00,BAJAJ-AUTO
03-Jul-2017 09:08:00,,https://nsearchives.nseindia.com/corporate/Pressreleasejune2017_03072017090804_246.zip,"Bajaj Auto Limited has informed the Exchange regarding a press release dated July 03, 2017, titled ""sales for the month of june 2017"".",,,Press Release,-,03072017090800,-,-,False,,,101914049,Automobiles - 2 And 3 Wheelers,INE917I01010,Bajaj Auto Limited,2017-07-03 09:08:00,BAJAJ-AUTO
27-Jun-2017 16:48:00,,https://nsearchives.nseindia.com/corporate/SubmissionofNoticeofAGM_27062017164856_131.zip,"Bajaj Auto Limited has informed the Exchange regarding Notice of Annual General Meeting to be held on July 20, 2017",,,Shareholders meeting,-,27062017164800,-,-,False,,,101900706,Automobiles - 2 And 3 Wheelers,INE917I01010,Bajaj Auto Limited,2017-06-27 16:48:00,BAJAJ-AUTO
13-Jun-2017 16:15:00,,https://nsearchives.nseindia.com/corporate/BAJAJ-AUTO_AGMBOOK_13062017161545.zip,"Bajaj Auto Limited has informed the Exchange that the Register of Members and Share Transfer Books of the Company shall remain closed from July 8, 2017 to July 20, 2017(both days inclusive) for the purpose of Annual General Meeting of the Company is scheduled to be held on July 20, 2017 & Payment of Dividend",,,AGM/Book Closure,-,13062017161500,-,-,False,,,101865117,Automobiles - 2 And 3 Wheelers,INE917I01010,Bajaj Auto Limited,2017-06-13 16:15:00,BAJAJ-AUTO
13-Jun-2017 15:59:00,,https://nsearchives.nseindia.com/corporate/intimationofcutoffdateforevoting_13062017155927_679.zip,Bajaj Auto Limited has informed the Exchange regarding Intimation of Cut-off Date for e-voting,,,Updates,-,13062017155900,-,-,False,,,101865119,Automobiles - 2 And 3 Wheelers,INE917I01010,Bajaj Auto Limited,2017-06-13 15:59:00,BAJAJ-AUTO
12-Jun-2017 18:02:00,,https://nsearchives.nseindia.com/corporate/regulation33(3))_12062017180259_432.zip,"Bajaj Auto Limited has informed the Exchange regarding Intimation under Regulation 33(3)(b) of SEBI (Listing Obligations and Disclosure Requirements) Regulations, 2015",,,Updates,-,12062017180200,-,-,False,,,101861260,Automobiles - 2 And 3 Wheelers,INE917I01010,Bajaj Auto Limited,2017-06-12 18:02:00,BAJAJ-AUTO
02-Jun-2017 09:06:00,,https://nsearchives.nseindia.com/corporate/PRESSRELEASEMAY2017_02062017090616_995.zip,"Bajaj Auto Limited has informed the Exchange regarding a press release dated Jun 02, 2017, titled ""sales for the month of may 2017"".",,,Press Release,-,02062017090600,-,-,False,,,101834225,Automobiles - 2 And 3 Wheelers,INE917I01010,Bajaj Auto Limited,2017-06-02 09:06:00,BAJAJ-AUTO
18-May-2017 15:43:00,,https://nsearchives.nseindia.com/corporate/ChangeinauditorBAL_18052017154343_095.zip,"Bajaj Auto Limited has informed the Exchange that Pursuant to Section 139 of the Companies Act, 2013 and Rules made thereunder, it is mandatory for the Company to rotate the current statutory auditors of the Company on completion of term as prescribed therein. Accordingly, based on the recommendations of Audit Committee of the Company, the Board at its meeting held 18 May 2017, has resolved to appoint S R B C & CO LLP, Chartered Accountants (Registration No. 324982E/E300003) as the statutory Auditors of the Company in place of Dalal & Shah LLP, the retiring auditors. The Board has recommended the same for the approval of shareholders at the ensuing Annual General Meeting. S R B C & CO LLP, Chartered Accountants (Registration No. 324982E/E300003) vide their consent letter dated 26 April 2017 have confirmed their eligibility.",,,Change in Auditors,-,18052017154300,-,-,False,,,101788798,Automobiles - 2 And 3 Wheelers,INE917I01010,Bajaj Auto Limited,2017-05-18 15:43:00,BAJAJ-AUTO
18-May-2017 15:28:00,,https://nsearchives.nseindia.com/corporate/APPOINTMENTOFDIRECTORS_18052017152823_056.zip,"Bajaj Auto Limited has informed the Exchange regarding Appointment of Mr Dr Naushad Forbes as Independent Director of the company w.e.f. May 18, 2017.",,,Appointment,-,18052017152800,-,-,False,,,101788774,Automobiles - 2 And 3 Wheelers,INE917I01010,Bajaj Auto Limited,2017-05-18 15:28:00,BAJAJ-AUTO
18-May-2017 15:28:00,,https://nsearchives.nseindia.com/corporate/APPOINTMENTOFDIRECTORS_18052017152825_057.zip,"Bajaj Auto Limited has informed the Exchange regarding Appointment of Mr Dr Omkar Goswami as Independent Director of the company w.e.f. May 18, 2017.",,,Appointment,-,18052017152800,-,-,False,,,101788775,Automobiles - 2 And 3 Wheelers,INE917I01010,Bajaj Auto Limited,2017-05-18 15:28:00,BAJAJ-AUTO
18-May-2017 14:14:00,,https://nsearchives.nseindia.com/corporate/Dividend_18052017141454_963.zip,"Bajaj Auto Limited has informed the Exchange that Board of Directors at its meeting held on May 18, 2017, recommended Final Dividend of Rs. 55 per equity share.",,,Dividend,-,18052017141400,-,-,False,,,101788723,Automobiles - 2 And 3 Wheelers,INE917I01010,Bajaj Auto Limited,2017-05-18 14:14:00,BAJAJ-AUTO
18-May-2017 13:57:23,,https://nsearchives.nseindia.com/corporate/resultsbal31032017_18052017135723.zip,"Bajaj Auto Limited has submitted to the Exchange, the financial results for the period ended March 31, 2017.",,,Financial Result Updates,-,18052017135723,-,-,False,,,112432,Automobiles - 2 And 3 Wheelers,INE917I01010,Bajaj Auto Limited,2017-05-18 13:57:23,BAJAJ-AUTO
12-May-2017 18:15:00,,https://nsearchives.nseindia.com/corporate/BSENSEI4QFY17_12052017181552_483.zip,Bajaj Auto Limited has informed the Exchange regarding Analysts/Institutional Investor Meet/Con. Call Updates,,,Analysts/Institutional Investor Meet/Con. Call Updates,-,12052017181500,-,-,False,,,101771283,Automobiles - 2 And 3 Wheelers,INE917I01010,Bajaj Auto Limited,2017-05-12 18:15:00,BAJAJ-AUTO
03-May-2017 09:22:00,,https://nsearchives.nseindia.com/corporate/PRESSRELEASEBSENSE_03052017092217_018.zip,"Bajaj Auto Limited has informed the Exchange regarding a press release dated May 03, 2017, titled ""sales for April 2017"".",,,Press Release,-,03052017092200,-,-,False,,,101741017,Automobiles - 2 And 3 Wheelers,INE917I01010,Bajaj Auto Limited,2017-05-03 09:22:00,BAJAJ-AUTO
26-Apr-2017 09:47:00,,https://nsearchives.nseindia.com/corporate/LettertoSEsforIEPFPublicNotice2017_26042017094703_468.zip,Bajaj Auto Limited has submitted to the Exchange a copy of newspaper clippings on Transfer of Equity Shares of the Company to Investor Education and Protection Fund (IEPF) Demat Account.,,,Updates,-,26042017094700,-,-,False,,,101724358,Automobiles - 2 And 3 Wheelers,INE917I01010,Bajaj Auto Limited,2017-04-26 09:47:00,BAJAJ-AUTO
11-Apr-2017 19:53:00,,https://nsearchives.nseindia.com/corporate/bajajauto_11042017195325.zip,"Niraj Bajaj (For & on behalf of the Promoters & Promoter Group of the Company)  has submitted to the Exchange a copy of disclosure under Regulation 30(1) and 30(2) of SEBI (Substantial Acquisition of Shares & Takeovers) Regulations, 2011.",,,Disc. under Reg.30 of SEBI (SAST) Reg.2011,-,11042017195300,-,-,False,,,101686195,Automobiles - 2 And 3 Wheelers,INE917I01010,Bajaj Auto Limited,2017-04-11 19:53:00,BAJAJ-AUTO
11-Apr-2017 14:49:00,,https://nsearchives.nseindia.com/corporate/RESIGNATIONJNG_11042017144934_344.zip,"Bajaj Auto Limited has informed the Exchange that Citing his preoccupation with his Group Businesses and his various interests, Shri J N Godrej, an Independent Director of the Company, vide his letter dated April 07,2017 has tendered his resignation as a Director of the Company. His resignation takes effect from April 10, 2017.",,,Resignation of Director,-,11042017144900,-,-,False,,,101685500,Automobiles - 2 And 3 Wheelers,INE917I01010,Bajaj Auto Limited,2017-04-11 14:49:00,BAJAJ-AUTO
03-Apr-2017 09:22:00,,https://nsearchives.nseindia.com/corporate/BSENSEMarchSales_03042017092208_414.zip,"Bajaj Auto Limited has informed the Exchange regarding a press release dated April 03, 2017, titled ""March 2017 Sales"".",,,Press Release,-,03042017092200,-,-,False,,,101660194,Automobiles - 2 And 3 Wheelers,INE917I01010,Bajaj Auto Limited,2017-04-03 09:22:00,BAJAJ-AUTO
27-Mar-2017 18:19:00,,https://nsearchives.nseindia.com/corporate/BALNSEBSECLARIFICATION_27032017181942_692.zip,"The Exchange has sought clarification from the Company with respect to recent news item captioned ""Bajaj, Kawasaki end sales tie-up"". The response from the Company is enclosed.",,,News Clarification,-,27032017181900,-,-,False,,,101644900,Automobiles - 2 And 3 Wheelers,INE917I01010,Bajaj Auto Limited,2017-03-27 18:19:00,BAJAJ-AUTO
27-Mar-2017 13:05:00,,-,"The Exchange has sought clarification from the Company with respect to recent news item captioned ""Bajaj, Kawasaki end sales tie-up"". In this regard, Exchange has advised the Company to provide clarification/confirmation on the news item in detail including the following: a) Whether such event/negotiations/article stated in published news were taking place? If so, you are advised to provide the said information along with the sequence of events in chronological order and the material impact of this article on the Company. b) Whether company is aware of any information that has not been announced to the Exchanges under regulation 30 of Listing Regulations. The response from the Company is awaited.",,,News Clarification,-,27032017130500,-,-,False,,,101644701,Automobiles - 2 And 3 Wheelers,INE917I01010,Bajaj Auto Limited,2017-03-27 13:05:00,BAJAJ-AUTO
15-Mar-2017 16:55:00,,https://nsearchives.nseindia.com/corporate/BALBSENSE_15032017165515_377.zip,"Bajaj Auto Limited has informed the Exchange that the Board at its meeting held on March 15, 2017 has noted/approved the following changes in Board of Directors of the Company:(1) Change of Status of Shri Madhur Bajaj from Whole-time director to Non-executive Director.(2) Resignation of Shri Kantikumar Podar.",,,Change in Director(s),-,15032017165500,-,-,False,,,101611307,Automobiles - 2 And 3 Wheelers,INE917I01010,Bajaj Auto Limited,2017-03-15 16:55:00,BAJAJ-AUTO
02-Mar-2017 09:07:00,,https://nsearchives.nseindia.com/corporate/BSENSEPressRelease_02032017090716_494.zip,"Bajaj Auto Limited has informed the Exchange regarding a press release dated March 02, 2017, titled ""February 2017 sales"".",,,Press Release,-,02032017090700,-,-,False,,,101575743,Automobiles - 2 And 3 Wheelers,INE917I01010,Bajaj Auto Limited,2017-03-02 09:07:00,BAJAJ-AUTO
02-Feb-2017 09:53:00,,https://nsearchives.nseindia.com/corporate/PRESSRELEASEJAN2017_02022017095351_038.zip,"Bajaj Auto Limited has informed the Exchange regarding a press release dated February 02, 2017, titled ""January 2017 sales"".",,,Press Release,-,02022017095300,-,-,False,,,101495062,Automobiles - 2 And 3 Wheelers,INE917I01010,Bajaj Auto Limited,2017-02-02 09:53:00,BAJAJ-AUTO
31-Jan-2017 12:58:31,,https://nsearchives.nseindia.com/corporate/RESULTS31122016_31012017125831.zip,"Bajaj Auto Limited has submitted to the Exchange, the financial results for the period ended December 31, 2016.",,,Financial Result Updates,-,31012017125831,-,-,False,,,110585,Automobiles - 2 And 3 Wheelers,INE917I01010,Bajaj Auto Limited,2017-01-31 12:58:31,BAJAJ-AUTO
24-Jan-2017 14:14:00,,https://nsearchives.nseindia.com/corporate/BALBSENSECONCALL_24012017141423_190.zip,"Bajaj Auto Limited has informed the Exchange that a Conference call for analysts/Institutional investors is scheduled on January 31, 2017.",,,Analysts/Institutional Investor Meet/Con. Call Updates,-,24012017141400,-,-,False,,,101472269,Automobiles - 2 And 3 Wheelers,INE917I01010,Bajaj Auto Limited,2017-01-24 14:14:00,BAJAJ-AUTO
02-Jan-2017 09:14:00,,https://nsearchives.nseindia.com/corporate/BALPRESSRELEASEDEC2016_02012017091448_259.zip,"Bajaj Auto Limited has informed the Exchange regarding a press release dated January 02, 2017, titled ""DECEMBER 2016 SALES "".",,,Press Release,-,02012017091400,-,-,False,,,101403717,Automobiles - 2 And 3 Wheelers,INE917I01010,Bajaj Auto Limited,2017-01-02 09:14:00,BAJAJ-AUTO
12-Dec-2016 11:02:00,,https://nsearchives.nseindia.com/corporate/BALNSEBSEIEPFLETTERS_12122016110256_555.zip,Bajaj Auto Limited has submitted to the Exchange a copy of Notice published in newspapers regarding transfer of shares to IEPF Suspense Account.,,,Updates,-,12122016110200,-,-,False,,,101345365,Automobiles - 2 And 3 Wheelers,INE917I01010,Bajaj Auto Limited,2016-12-12 11:02:00,BAJAJ-AUTO
02-Dec-2016 09:12:00,,https://nsearchives.nseindia.com/corporate/BALPRESSRELEASE_02122016091210_466.zip,"Bajaj Auto Limited has informed the Exchange regarding a press release dated December 02, 2016, titled ""NOVEMBER SALES"".",,,Press Release,-,02122016091200,-,-,False,,,101318173,Automobiles - 2 And 3 Wheelers,INE917I01010,Bajaj Auto Limited,2016-12-02 09:12:00,BAJAJ-AUTO
22-Nov-2016 16:52:00,,https://nsearchives.nseindia.com/corporate/BAL_E_HYR_091116_22112016165231_619.zip,Bajaj Auto Limited has submitted to the Exchange a copy of Half yearly Communication to the shareholders for H1/FY 2016-17.,,,Updates,-,22112016165200,-,-,False,,,101287944,Automobiles - 2 And 3 Wheelers,INE917I01010,Bajaj Auto Limited,2016-11-22 16:52:00,BAJAJ-AUTO
02-Nov-2016 09:38:00,,https://nsearchives.nseindia.com/corporate/BALBSENSEPRESSRELEASEOCT2016_02112016093808_054.zip,"Bajaj Auto Limited has informed the Exchange regarding a press release dated November 02, 2016",,,Press Release,-,02112016093800,-,-,False,,,101226395,Automobiles - 2 And 3 Wheelers,INE917I01010,Bajaj Auto Limited,2016-11-02 09:38:00,BAJAJ-AUTO
28-Oct-2016 13:08:54,,https://nsearchives.nseindia.com/corporate/BALRESULTS30092016_28102016130854.zip,"Bajaj Auto Limited has submitted to the Exchange, the financial results for the period ended September 30, 2016.",,,Financial Result Updates,-,28102016130854,-,-,False,,,108932,Automobiles - 2 And 3 Wheelers,INE917I01010,Bajaj Auto Limited,2016-10-28 13:08:54,BAJAJ-AUTO
22-Oct-2016 11:00:00,,https://nsearchives.nseindia.com/corporate/BSENSECONFERENCECALL28102016_22102016110023_622.zip,Bajaj Auto Limited has informed the Exchange regarding Conference Call for analyst / institutional investors.,,,Analysts/Institutional Investor Meet/Con. Call Updates,-,22102016110000,-,-,False,,,101199735,Automobiles - 2 And 3 Wheelers,INE917I01010,Bajaj Auto Limited,2016-10-22 11:00:00,BAJAJ-AUTO
03-Oct-2016 09:26:00,,https://nsearchives.nseindia.com/corporate/BALPRESSRELEASE_03102016092609_990.zip,"Bajaj Auto Limited has informed the Exchange vide letter dated October 03, 2016 regarding a press release being issued by the company in respect of sales for the months of September 2016.",,,Press Release,-,03102016092600,-,-,False,,,101142900,Automobiles - 2 And 3 Wheelers,INE917I01010,Bajaj Auto Limited,2016-10-03 09:26:00,BAJAJ-AUTO
02-Sep-2016 09:46:00,,https://nsearchives.nseindia.com/corporate/BAL_02092016094607_057.zip,"Bajaj Auto Limited has informed the Exchange that regarding a press release dated September 2, 2016 in respect of sales for the month of August 2016.",,,Press Release,-,02092016094600,-,-,False,,,101057827,Automobiles - 2 And 3 Wheelers,INE917I01010,Bajaj Auto Limited,2016-09-02 09:46:00,BAJAJ-AUTO
02-Aug-2016 09:49:00,,https://nsearchives.nseindia.com/corporate/BALPRESSRELEASE_02082016094917_073.zip,"Bajaj Auto Limited has submitted to the Exchange a copy of the Press release being issued by the company in respect of sales for the month of July, 2016.",,,Press Release,-,02082016094900,-,-,False,,,100954650,Automobiles - 2 And 3 Wheelers,INE917I01010,Bajaj Auto Limited,2016-08-02 09:49:00,BAJAJ-AUTO
29-Jul-2016 12:02:00,,https://nsearchives.nseindia.com/corporate/BALAGMOutcome_29072016120249_866.zip,"Bajaj Auto Limited has submitted to the Exchange the details of voting results of the Annual General Meeting of the Company held on the July 27, 2016 along with Report of Scrutinizer.",,,"Regulation 44(3) of SEBI (LODR), Reg., 2015",-,29072016120200,-,-,False,,,100946047,Automobiles - 2 And 3 Wheelers,INE917I01010,Bajaj Auto Limited,2016-07-29 12:02:00,BAJAJ-AUTO
28-Jul-2016 11:43:00,,https://nsearchives.nseindia.com/corporate/BALAGMPROCEEDINGS27072016_28072016114312_099.zip,"Bajaj Auto Limited has submitted to the Exchange a copy of the proceedings of the Annual General Meeting of the Company held on July 27, 2016.",,,Annual General Meeting Updates,-,28072016114300,-,-,False,,,100941268,Automobiles - 2 And 3 Wheelers,INE917I01010,Bajaj Auto Limited,2016-07-28 11:43:00,BAJAJ-AUTO
27-Jul-2016 12:27:00,,https://nsearchives.nseindia.com/corporate/BAJAJ_27072016122726.zip,"Bajaj Auto Limited has informed the Exchange vide letter dated July 26, 2016 regarding a press release, titled ""Results : Q1 / FY17"".",,,Press Release,-,27072016122700,-,-,False,,,100937704,Automobiles - 2 And 3 Wheelers,INE917I01010,Bajaj Auto Limited,2016-07-27 12:27:00,BAJAJ-AUTO
27-Jul-2016 12:18:01,,https://nsearchives.nseindia.com/corporate/BALBSENSERESULTS30062016_27072016121801.zip,"Bajaj Auto Limited has submitted to the Exchange the standalone & consolidated financial results along with the Limited Review Report for the period ended June 30, 2016.",,,Financial Result Updates,-,27072016121801,-,-,False,,,107095,Automobiles - 2 And 3 Wheelers,INE917I01010,Bajaj Auto Limited,2016-07-27 12:18:01,BAJAJ-AUTO
25-Jul-2016 17:48:00,,https://nsearchives.nseindia.com/corporate/BALConferencecallintimationtoBSENSE_25072016174851_527.zip,Bajaj Auto Limited has informed the Exchange regarding the Intimation of Conference Call for analyst/ institutional investors for discussing inter-alia the Company's 1QFY17 results and the business strategy and outlook.,,,Analysts/Institutional Investor Meet/Con. Call Updates,-,25072016174800,-,-,False,,,100930277,Automobiles - 2 And 3 Wheelers,INE917I01010,Bajaj Auto Limited,2016-07-25 17:48:00,BAJAJ-AUTO
05-Jul-2016 18:11:00,,https://nsearchives.nseindia.com/corporate/BALNOTICE2016_05072016181159_038.zip,"Bajaj Auto Limited has submitted to the Exchange a copy of notice of Annual General Meeting of the members of the company to be held on July 27, 2016.",,,Annual General Meeting Updates,-,05072016181100,-,-,False,,,100871806,Automobiles - 2 And 3 Wheelers,INE917I01010,Bajaj Auto Limited,2016-07-05 18:11:00,BAJAJ-AUTO
04-Jul-2016 09:16:00,,https://nsearchives.nseindia.com/corporate/JUNESALESBSENSE_04072016091625_181.zip,Bajaj Auto Limited has informed the Exchange regarding a Press Release in respect of Sales for the month of June 2016.,,,Press Release,-,04072016091600,-,-,False,,,100864593,Automobiles - 2 And 3 Wheelers,INE917I01010,Bajaj Auto Limited,2016-07-04 09:16:00,BAJAJ-AUTO
17-Jun-2016 18:03:00,,https://nsearchives.nseindia.com/corporate/BALINTIMATIONCUTOFFDATEBSENSE2016_17062016180317_257.zip,"Bajaj Auto Limited has informed the Exchange that the Company shall provide its members the facility to exercise their votes electronically for transacting the items of business, as per details set out in the Notice convening the ensuing Annual General Meeting of the Company scheduled on July 27, 2016, which is being sent in due course.For the aforesaid purpose, the Company has fixed July 20, 2016 as Cut-off Date for the purposes of Rule 20 (4) (vii) of Companies (Management & Administration) Rules, 2014 as amended, to determine the entitlement of voting rights of members fore-voting.The Company has entered into an arrangement with Karvy Computershare Pvt. Ltd., the Share Transfer Agents of the Company for facilitating e-voting, through their e-voting platform i.e. www.evoting.karvy.com",,,Annual General Meeting Updates,-,17062016180300,-,-,False,,,100819599,Automobiles - 2 And 3 Wheelers,INE917I01010,Bajaj Auto Limited,2016-06-17 18:03:00,BAJAJ-AUTO
17-Jun-2016 16:06:00,,https://nsearchives.nseindia.com/corporate/BAJAJAuto_AGM_BC_News_17062016160629.zip,"Bajaj Auto Limited has informed the Exchange that the Register of Members and Share Transfer Books of the Company shall remain closed from July 16, 2016 to July 27, 2016 (both days inclusive) for the purpose of payment of dividend and Annual General Meeting of the Company scheduled on July 27, 2016.",,,AGM/Book Closure,-,17062016160600,-,-,False,,,100819546,Automobiles - 2 And 3 Wheelers,INE917I01010,Bajaj Auto Limited,2016-06-17 16:06:00,BAJAJ-AUTO
02-Jun-2016 08:37:00,,https://nsearchives.nseindia.com/corporate/BSENSEPressrelease_02062016083751_653.zip,"Bajaj Auto Limited has informed the Exchange regarding a press release dated June 02, 2016 with respect to sales for the month of May 2016.",,,Press Release,-,02062016083700,-,-,False,,,100765979,Automobiles - 2 And 3 Wheelers,INE917I01010,Bajaj Auto Limited,2016-06-02 08:37:00,BAJAJ-AUTO
25-May-2016 13:49:55,,https://nsearchives.nseindia.com/corporate/Bajajauto_25052016134955.zip,"Bajaj Auto Limited has submitted to the Exchange the standalone & consolidated financial results along with the Auditors Report for the period ended March 31, 2016.",,,Financial Result Updates,-,25052016134955,-,-,False,,,105716,Automobiles - 2 And 3 Wheelers,INE917I01010,Bajaj Auto Limited,2016-05-25 13:49:55,BAJAJ-AUTO
25-May-2016 13:41:00,,https://nsearchives.nseindia.com/corporate/Bajajauto_25052016134154.zip,"Bajaj Auto Limited has informed the Exchange that dividend on equity shares, if declared at the annual general meeting scheduled on July 27, 2016  will be credited / dispatched around 1/2 August 2016.",,,Date of payment of dividend,-,25052016134100,-,-,False,,,100742835,Automobiles - 2 And 3 Wheelers,INE917I01010,Bajaj Auto Limited,2016-05-25 13:41:00,BAJAJ-AUTO
25-May-2016 13:40:00,,https://nsearchives.nseindia.com/corporate/Bajajauto_25052016134014.zip,"Bajaj Auto Limited has submitted the Exchange a copy of the press release dated May 25, 2016 with respect to  Audited Financial Results for the year ended March 31, 2016.",,,Press Release,-,25052016134000,-,-,False,,,100742834,Automobiles - 2 And 3 Wheelers,INE917I01010,Bajaj Auto Limited,2016-05-25 13:40:00,BAJAJ-AUTO
25-May-2016 13:39:00,,https://nsearchives.nseindia.com/corporate/Bajajauto_25052016133915.zip,"Bajaj Auto Limited has informed the Exchange that  the Board of Directors of the Company at its meeting held on May 25, 2016 has recommended a final dividend of Rs.5 per equity share (50%) subject to approval of shareholders.",,,Dividend,-,25052016133900,-,-,False,,,100742833,Automobiles - 2 And 3 Wheelers,INE917I01010,Bajaj Auto Limited,2016-05-25 13:39:00,BAJAJ-AUTO
25-May-2016 13:36:58,,https://nsearchives.nseindia.com/corporate/BALRESUSLTSBSENSE31032016_25052016133658.zip,"Bajaj Auto Limited has submitted to the Exchange the standalone & consolidated financial results along with the Auditors Report for the period ended March 31, 2016.",,,Financial Result Updates,-,25052016133658,-,-,False,,,105712,Automobiles - 2 And 3 Wheelers,INE917I01010,Bajaj Auto Limited,2016-05-25 13:36:58,BAJAJ-AUTO
23-May-2016 15:58:00,,https://nsearchives.nseindia.com/corporate/BALConferenceCall_23052016155859_014.zip,Bajaj Auto Limited has informed the Exchange regarding a Conference Call for analysts/ Institutional investors for discussing inter-alia the company's business strategy and outlook post the declaration of its 4QFY16 results.,,,Updates,-,23052016155800,-,-,False,,,100734358,Automobiles - 2 And 3 Wheelers,INE917I01010,Bajaj Auto Limited,2016-05-23 15:58:00,BAJAJ-AUTO
02-May-2016 09:17:00,,https://nsearchives.nseindia.com/corporate/BSENSEApril2016_02052016091752_843.zip,Bajaj Auto Limited has informed the Exchange regarding a press release with respect to sales for the month of April 2016.,,,Updates,-,02052016091700,-,-,False,,,100659870,Automobiles - 2 And 3 Wheelers,INE917I01010,Bajaj Auto Limited,2016-05-02 09:17:00,BAJAJ-AUTO
16-Apr-2016 14:31:00,,https://nsearchives.nseindia.com/corporate/bal_16042016143121.zip,"Madhur Bajaj has submitted to the Exchange vide letter dated April 11, 2016  a copy of disclosure under Regulation 30(1) and 30(2) of SEBI (Substantial Acquisition of Shares & Takeovers) Regulations, 2011.",,,Disc. under Reg.30 of SEBI (SAST) Reg.2011,-,16042016143100,-,-,False,,,100628026,Automobiles - 2 And 3 Wheelers,INE917I01010,Bajaj Auto Limited,2016-04-16 14:31:00,BAJAJ-AUTO
08-Apr-2016 10:56:00,,https://nsearchives.nseindia.com/corporate/BALSE_08042016105654_130.zip,"Bajaj Auto Limited has informed the Exchange vide letter dated April 08, 2016 regarding a press release, titled ""KTM & Bajaj Join Forces In Indonesia"".",,,Press Release,-,08042016105600,-,-,False,,,100615398,Automobiles - 2 And 3 Wheelers,INE917I01010,Bajaj Auto Limited,2016-04-08 10:56:00,BAJAJ-AUTO
07-Apr-2016 18:00:00,,https://nsearchives.nseindia.com/corporate/Bajajauto_07042016180036.zip,"Bajaj Auto Limited has informed the Exchange that as per the Company Code of Conduct for prohibition of insider trading, the trading window for dealing in the securities of the Company would remain closed from April 15, 2016 to May 27, 2016 (both days inclusive) for the Directors/officers/designated persons of the Company.",,,Trading Window,-,07042016180000,-,-,False,,,100611951,Automobiles - 2 And 3 Wheelers,INE917I01010,Bajaj Auto Limited,2016-04-07 18:00:00,BAJAJ-AUTO
04-Apr-2016 09:32:00,,https://nsearchives.nseindia.com/corporate/pressrelease_04042016093249_237.zip,"Bajaj Auto Limited has informed the Exchange regarding press release dated April 04, 2016 with respect to sales for the month of March 2016.",,,Press Release,-,04042016093200,-,-,False,,,100597072,Automobiles - 2 And 3 Wheelers,INE917I01010,Bajaj Auto Limited,2016-04-04 09:32:00,BAJAJ-AUTO
16-Mar-2016 17:07:00,,https://nsearchives.nseindia.com/corporate/BALINTIMATION16MAR16_16032016170728_103.zip,"Bajaj Auto Limited has informed the Exchange regarding a press release dated March 16, 2016 titled ""Bajaj Auto appoints Pradeep Shrivastava as its ED"".",,,Press Release,-,16032016170700,-,-,False,,,100556222,Automobiles - 2 And 3 Wheelers,INE917I01010,Bajaj Auto Limited,2016-03-16 17:07:00,BAJAJ-AUTO
09-Mar-2016 16:30:00,,https://nsearchives.nseindia.com/corporate/BALINTIMATIONOFBOARDMEETING_09032016163006_505.zip,"Bajaj Auto Limited has informed the Exchange that the Board of Directors of the Company at its meeting held March 09, 2016 has considered and declared an interim dividend at the rate of Rs 50/- per equity share of Rs .10 each (i.e. 500%), for the financial year ending March 31, 2016.",,,Dividend,-,09032016163000,-,-,False,,,100533818,Automobiles - 2 And 3 Wheelers,INE917I01010,Bajaj Auto Limited,2016-03-09 16:30:00,BAJAJ-AUTO
02-Mar-2016 18:37:00,,https://nsearchives.nseindia.com/corporate/BALNOTICEOFBOARDMEETING_02032016183748.zip,"Bajaj Auto Limited has informed the Exchange that the Company has fixed Record Date as March 17, 2016 for the purpose of interim dividend",,,Record Date,-,02032016183700,-,-,False,,,100516055,Automobiles - 2 And 3 Wheelers,INE917I01010,Bajaj Auto Limited,2016-03-02 18:37:00,BAJAJ-AUTO
02-Mar-2016 18:32:00,,https://nsearchives.nseindia.com/corporate/BALNOTICEOFBOARDMEETING_02032016183233.zip,"Bajaj Auto Limited has informed the Exchange that as per the Company's Code of Conduct for prohibition of insider trading, the trading window for dealing in the securities of the Company would remain closed from the time of this notice till the end of March 11, 2016 for the Directors/officers/designated employees of the Company.",,,Trading Window,-,02032016183200,-,-,False,,,100516053,Automobiles - 2 And 3 Wheelers,INE917I01010,Bajaj Auto Limited,2016-03-02 18:32:00,BAJAJ-AUTO
02-Mar-2016 09:07:00,,https://nsearchives.nseindia.com/corporate/BALPRESSRELEASE_02032016090738_012.zip,"Bajaj Auto Limited has informed the Exchange regarding a press release being issued by the Company in respect of sales for the month of February, 2016.",,,Press Release,-,02032016090700,-,-,False,,,100511898,Automobiles - 2 And 3 Wheelers,INE917I01010,Bajaj Auto Limited,2016-03-02 09:07:00,BAJAJ-AUTO
04-Feb-2016 13:26:00,,https://nsearchives.nseindia.com/corporate/BAJAJAuto_PR_04022016132610.zip,"Bajaj Auto Limited has informed the Exchange regarding a press release dated February 04, 2016 with respect to the Unaudited financial results for the quarter and nine months ended December 31, 2015.",,,Press Release,-,04022016132600,-,-,False,,,100437275,Automobiles - 2 And 3 Wheelers,INE917I01010,Bajaj Auto Limited,2016-02-04 13:26:00,BAJAJ-AUTO
04-Feb-2016 13:20:34,,https://nsearchives.nseindia.com/corporate/BAJAJAUTORESULTS31122015_04022016132034.zip,"Bajaj Auto Limited has submitted to the Exchange the standalone financial results along with the Limited Review Report for the period ended December 31, 2015.",,,Financial Result Updates,-,04022016132034,-,-,False,,,103739,Automobiles - 2 And 3 Wheelers,INE917I01010,Bajaj Auto Limited,2016-02-04 13:20:34,BAJAJ-AUTO
02-Feb-2016 08:45:00,,https://nsearchives.nseindia.com/corporate/BALPRESSRELEASE_02022016084501_809.zip,Bajaj Auto Limited has informed the Exchange regarding a press release about the sales of the Company for the month of January 2016.,,,Press Release,-,02022016084500,-,-,False,,,100425719,Automobiles - 2 And 3 Wheelers,INE917I01010,Bajaj Auto Limited,2016-02-02 08:45:00,BAJAJ-AUTO
12-Jan-2016 15:24:00,,https://nsearchives.nseindia.com/corporate/BAL_12012016152421_193.zip,"Bajaj Auto Limited has informed the Exchange that Shri S H Khan, an Independent Director of the company, passed away early this morning at Pune. He was 77 years old.",,,Demise,-,12012016152400,-,-,False,,,100373281,Automobiles - 2 And 3 Wheelers,INE917I01010,Bajaj Auto Limited,2016-01-12 15:24:00,BAJAJ-AUTO
04-Jan-2016 08:57:00,,https://nsearchives.nseindia.com/corporate/pressrelease_04012016085719_060.zip,Bajaj Auto Limited has submitted to the Exchange a copy of the press release being issued by the company in respect of sales for the month of December 2015.,,,Press Release,-,04012016085700,-,-,False,,,100346759,Automobiles - 2 And 3 Wheelers,INE917I01010,Bajaj Auto Limited,2016-01-04 08:57:00,BAJAJ-AUTO
28-Dec-2015 08:36:00,,https://nsearchives.nseindia.com/corporate/BAJAJAUTO_28122015083607.zip,"Bajaj Auto Limited has informed the Exchange that the trading window for dealing in the securities of the Company would remain closed from January 01, 2016 to February 06, 2016 (both days inclusive) for the directors/officers/designated employees of the Company.",,,Trading Window,-,28122015083600,-,-,False,,,100328492,Automobiles - 2 And 3 Wheelers,INE917I01010,Bajaj Auto Limited,2015-12-28 08:36:00,BAJAJ-AUTO
02-Dec-2015 09:34:00,,https://nsearchives.nseindia.com/corporate/BALBSENSE_02122015093443_037.zip,"Bajaj Auto Limited has informed the Exchange regarding a press release dated December 02, 2015  in respect of sales for the month of November 2015.",,,Press Release,-,02122015093400,-,-,False,,,100268061,Automobiles - 2 And 3 Wheelers,INE917I01010,Bajaj Auto Limited,2015-12-02 09:34:00,BAJAJ-AUTO
17-Nov-2015 17:06:00,,https://nsearchives.nseindia.com/corporate/BAL_17112015170650_149.zip,"Bajaj Auto Limited has informed the Exchange regarding Policy on determination of Materiality & related matters pursuant to Regulation 30 of the SEBI (Listing Obligation and Disclosure Requirements) Regulations, 2015.",,,Updates,-,17112015170600,-,-,False,,,100241963,Automobiles - 2 And 3 Wheelers,INE917I01010,Bajaj Auto Limited,2015-11-17 17:06:00,BAJAJ-AUTO
09-Nov-2015 13:58:00,,https://nsearchives.nseindia.com/corporate/BALH11516toSE9Nov15_09112015135807_442.zip,Bajaj Auto Limited has informed the Exchange that about a copy of the recent Chairman's half yearly communication addressed to the shareholders.,,,Updates,-,09112015135800,-,-,False,,,100229503,Automobiles - 2 And 3 Wheelers,INE917I01010,Bajaj Auto Limited,2015-11-09 13:58:00,BAJAJ-AUTO
02-Nov-2015 09:40:00,,https://nsearchives.nseindia.com/corporate/PRESSRELEASE_02112015094025_052.zip,Bajaj Auto Limited has informed the Exchange regarding the sales for the month of October 2015.,,,Press Release,-,02112015094000,-,-,False,,,100214104,Automobiles - 2 And 3 Wheelers,INE917I01010,Bajaj Auto Limited,2015-11-02 09:40:00,BAJAJ-AUTO
21-Oct-2015 13:11:00,,https://nsearchives.nseindia.com/corporate/Bajaj_press.zip,"Bajaj Auto Limited has informed the Exchange vide letter dated October 21, 2015 regarding a Press Release titled ""Results : Q2/FY16"".",,,Press Release,-,21102015131100,-,-,False,,,100194934,Automobiles - 2 And 3 Wheelers,INE917I01010,Bajaj Auto Limited,2015-10-21 13:11:00,BAJAJ-AUTO
21-Oct-2015 13:07:51,,https://nsearchives.nseindia.com/corporate/BAJAJ_21102015130751.zip,Bajaj Auto Limited has submitted to the exchange the standalone financial results along with the Limited Review Report for the period ended 30-Sep-2015.,,,Financial Result Updates,-,21102015130751,-,-,False,,,101705,Automobiles - 2 And 3 Wheelers,INE917I01010,Bajaj Auto Limited,2015-10-21 13:07:51,BAJAJ-AUTO
05-Oct-2015 09:06:00,,https://nsearchives.nseindia.com/corporate/BAL_05102015090656_088.zip,"Bajaj Auto Limited has submitted to the Exchange a copy of press release dated October 05, 2015 being issued by the Company in respect of sales for the month of September 2015.",,,Press Release,-,05102015090600,-,-,False,,,100161813,Automobiles - 2 And 3 Wheelers,INE917I01010,Bajaj Auto Limited,2015-10-05 09:06:00,BAJAJ-AUTO
02-Sep-2015 09:25:00,,https://nsearchives.nseindia.com/corporate/BALNSE_02092015092537_823.zip,"Bajaj Auto Limited has submitted to the Exchange a copy of press release being issued by the company in respect of sales for the month of August, 2015.",,,Press Release,-,02092015092500,-,-,False,,,100121821,Automobiles - 2 And 3 Wheelers,INE917I01010,Bajaj Auto Limited,2015-09-02 09:25:00,BAJAJ-AUTO
12-Aug-2015 16:09:00,,https://nsearchives.nseindia.com/corporate/balagm_12082015160903_475.zip,"Bajaj Auto Limited has informed the Exchange regarding the Proceedings of the Annual General Meeting of the Company held on July 23, 2015.",,,Annual General Meeting Updates,-,12082015160900,-,-,False,,,100082172,Automobiles - 2 And 3 Wheelers,INE917I01010,Bajaj Auto Limited,2015-08-12 16:09:00,BAJAJ-AUTO
03-Aug-2015 09:15:00,,https://nsearchives.nseindia.com/corporate/NSE_03082015091525_015.zip,"Bajaj Auto Limited has informed the Exchange regarding a press release dated August 03, 2015 in respect of sales for the month of July 2015.",,,Press Release,-,03082015091500,-,-,False,,,100061168,Automobiles - 2 And 3 Wheelers,INE917I01010,Bajaj Auto Limited,2015-08-03 09:15:00,BAJAJ-AUTO
24-Jul-2015 17:50:00,,https://nsearchives.nseindia.com/corporate/BALOUTCOMEOFAGM_24072015175058_563.zip,"Bajaj Auto Limited has informed the Exchange regarding Outcome of Annual General Meeting held on July 23, 2015 pursuant to Clause 35A of the Listing Agreement along with Scrutinizers report.",,,Disclosure of Voting Pattern - Clause 35A,-,24072015175000,-,-,False,,,100053315,Automobiles - 2 And 3 Wheelers,INE917I01010,Bajaj Auto Limited,2015-07-24 17:50:00,BAJAJ-AUTO
23-Jul-2015 11:27:00,,https://nsearchives.nseindia.com/corporate/bajaj_23072015112753.zip,"Bajaj Auto Limited has informed the Exchange regarding a press release dated July 23, 2015 with respect to Results : Q1/FY16.",,,Press Release,-,23072015112700,-,-,False,,,100052832,Automobiles - 2 And 3 Wheelers,INE917I01010,Bajaj Auto Limited,2015-07-23 11:27:00,BAJAJ-AUTO
23-Jul-2015 11:18:54,,https://nsearchives.nseindia.com/corporate/bAJAAUTO_23072015111854.zip,Bajaj Auto Limited has submitted to the exchange the standalone financial results along with the Limited Review Report for the period ended 30-Jun-2015.,,,Financial Result Updates,-,23072015111854,-,-,False,,,100139,Automobiles - 2 And 3 Wheelers,INE917I01010,Bajaj Auto Limited,2015-07-23 11:18:54,BAJAJ-AUTO
02-Jul-2015 09:36:00,,https://nsearchives.nseindia.com/corporate/BALNSE_07022015093602_1.zip,"Bajaj Auto Limited has informed the Exchange vide letter dated July 02, 2015, regarding a copy of press release being issued by the Company in respect to sales for the month June 2015. ",,,Press Release,-,02072015093600,-,-,False,,,1598224,Automobiles - 2 And 3 Wheelers,INE917I01010,Bajaj Auto Limited,2015-07-02 09:36:00,BAJAJ-AUTO
29-Jun-2015 17:04:00,,https://nsearchives.nseindia.com/corporate/BAJAJ-AUTO_trading_06292015170401_1.zip,"Bajaj Auto Limited has informed the Exchange that as per the Company's Code of Conduct for prohibition of insider trading, the trading window for dealing in the securities of the Company would remain closed from July 1, 2015 to July 25, 2015 (both days inclusive) for the directors/officers/designated employees of the Company, who have already been informed of the same.",,,Trading Window,-,29062015170400,-,-,False,,,1592788,Automobiles - 2 And 3 Wheelers,INE917I01010,Bajaj Auto Limited,2015-06-29 17:04:00,BAJAJ-AUTO
24-Jun-2015 16:45:00,,https://nsearchives.nseindia.com/corporate/BAL_06242015164502_1.zip,"Bajaj Auto Limited has informed the Exchange that the Company has fixed July 16, 2015 as cut-off date for the purposes of Rule 20 (4) (vii) of Companies (Management & Administration) Rules, 2014 as amended, to determine the entitlement of voting rights of members for e-voting.",,,Updates,-,24062015164500,-,-,False,,,1585416,Automobiles - 2 And 3 Wheelers,INE917I01010,Bajaj Auto Limited,2015-06-24 16:45:00,BAJAJ-AUTO
23-Jun-2015 15:14:00,,https://nsearchives.nseindia.com/corporate/Bajajauto_01_06232015151401_1.zip,"Bajaj Auto Limited has informed the Exchange that the Company has fixed Book Closure from July 11, 2015 to July 23, 2015 for the purpose of AGM and Dividend ",,,AGM/Book Closure,-,23062015151400,-,-,False,,,1582910,Automobiles - 2 And 3 Wheelers,INE917I01010,Bajaj Auto Limited,2015-06-23 15:14:00,BAJAJ-AUTO
02-Jun-2015 09:32:00,,https://nsearchives.nseindia.com/corporate/BALNSE_06022015093202_1.zip,"Bajaj Auto Limited has informed the Exchange regarding a press release vide letter dated June 02, 2015 titled ""May '15 Sales"".",,,Press Release,-,02062015093200,-,-,False,,,1545698,Automobiles - 2 And 3 Wheelers,INE917I01010,Bajaj Auto Limited,2015-06-02 09:32:00,BAJAJ-AUTO
21-May-2015 12:28:00,,-,"Bajaj Auto Limited has informed the Exchange that  dividend on equity shares, if declared at the annual general meeting scheduled on July 23, 2015  will be credited / dispatched around July 27 / 28, 2015.",,,Date of payment of dividend,-,21052015122800,-,-,False,,,1525863,Automobiles - 2 And 3 Wheelers,INE917I01010,Bajaj Auto Limited,2015-05-21 12:28:00,BAJAJ-AUTO
21-May-2015 11:57:00,,-,"Bajaj Auto Limited has informed the Exchange that the Board of Directors of the Company at its meeting held on May 21, 2015 has recommended a dividend of Rs.50 per share (500%) subject to approval of shareholders.",,,Dividend,-,21052015115700,-,-,False,,,1525854,Automobiles - 2 And 3 Wheelers,INE917I01010,Bajaj Auto Limited,2015-05-21 11:57:00,BAJAJ-AUTO
21-May-2015 11:56:00,,https://nsearchives.nseindia.com/corporate/BAJAJauto_press_05212015115602_1.zip,"Bajaj Auto Limited has informed the Exchange vide its letter dated May 21, 2015 regarding a press release.",,,Press Release,-,21052015115600,-,-,False,,,1525853,Automobiles - 2 And 3 Wheelers,INE917I01010,Bajaj Auto Limited,2015-05-21 11:56:00,BAJAJ-AUTO
21-May-2015 11:55:02,,https://nsearchives.nseindia.com/corporate/BAJAJAUTO_result_05212015115501_.zip,Bajaj Auto Limited has submitted to the exchange the standalone & consolidated financial results for the period ended 31-Mar-2015.,,,Financial Result Updates,-,21052015115502,-,-,False,,,27835,Automobiles - 2 And 3 Wheelers,INE917I01010,Bajaj Auto Limited,2015-05-21 11:55:02,BAJAJ-AUTO
15-May-2015 10:55:00,,https://nsearchives.nseindia.com/corporate/Bajajauto_code_05152015105502_1.zip,"Bajaj Auto Limited has informed the Exchange the Board at its meeting held on March 24, 2015 adopted the following Codes to be effective from May 15, 2015 : a) Code of Practives and Procedures for Fair Disclosure of Unpublished Price Sensitive Information and b) Code of Conduct to Regulate, Monitor and Report Trading by its employees and other connected persons.",,,Updates,-,15052015105500,-,-,False,,,1513265,Automobiles - 2 And 3 Wheelers,INE917I01010,Bajaj Auto Limited,2015-05-15 10:55:00,BAJAJ-AUTO
04-May-2015 11:04:00,,https://nsearchives.nseindia.com/corporate/BALNSE_05042015110401_1.zip,Bajaj Auto Ltd has submitted to the Exchange a copy of the Press release being issued by the Company in respect of sales for the month of April 2015.,,,Press Release,-,04052015110400,-,-,False,,,1492941,Automobiles - 2 And 3 Wheelers,INE917I01010,Bajaj Auto Limited,2015-05-04 11:04:00,BAJAJ-AUTO
16-Apr-2015 15:02:00,,https://nsearchives.nseindia.com/corporate/bajajautoltd_nirajbajaj_04162015150202_2.zip,"Niraj Bajaj has submitted to the Exchange vide letter dated April 09, 2015 a copy of disclosure under Regulation 30(1) and 30(2) of SEBI (Substantial Acquisition of Shares & Takeovers) Regulations, 2011.",,,Disc. under Reg.30 of SEBI (SAST) Reg.2011,-,16042015150200,-,-,False,,,1465238,Automobiles - 2 And 3 Wheelers,INE917I01010,Bajaj Auto Limited,2015-04-16 15:02:00,BAJAJ-AUTO
06-Apr-2015 09:52:00,,https://nsearchives.nseindia.com/corporate/BALNSE_04062015095201_1.zip,Bajaj Auto Limited has informed the Exchange regarding press release being issued by the Company in respect of sales for the Month of March 2015.,,,Press Release,-,06042015095200,-,-,False,,,1445477,Automobiles - 2 And 3 Wheelers,INE917I01010,Bajaj Auto Limited,2015-04-06 09:52:00,BAJAJ-AUTO
01-Apr-2015 11:57:00,,https://nsearchives.nseindia.com/corporate/BAJAJ_01_04012015115701_1.zip,"Bajaj Auto Limited has informed the Exchange that the trading window for dealing in the securities of the Company would remain closed from April 01, 2015 to May 23, 2014 (both days inclusive) for the directors/officers/designated employees of the Company.",,,Trading Window,-,01042015115700,-,-,False,,,1444285,Automobiles - 2 And 3 Wheelers,INE917I01010,Bajaj Auto Limited,2015-04-01 11:57:00,BAJAJ-AUTO
24-Mar-2015 17:13:00,,https://nsearchives.nseindia.com/corporate/BALNSE_03242015171301_1.zip,"Bajaj Auto Limited has informed the Exchange that at the board meeting of the company held on March 24, 2015, Mrs Suman Kirloskar has resigned as an Independent Director of the company to take effect from close of office hours on March 31, 2015. She has been an Independent Director of the company for a period of over 12 years. The Board recorded its appreciation of the excellent services rendered by her during her tenure as an independent Director.  At the same meeting, Dr Gita Piramal has been appointed on the board of the Company as an independent director effective from April 1, 2015. Dr. Gita Piramal is an entrepreneur & businesswoman, and an eminent author and journalist, with a PhD in business history",,,Change in Director(s),-,24032015171300,-,-,False,,,1429065,Automobiles - 2 And 3 Wheelers,INE917I01010,Bajaj Auto Limited,2015-03-24 17:13:00,BAJAJ-AUTO
02-Mar-2015 11:07:00,,https://nsearchives.nseindia.com/corporate/BALNSE_03022015110702_1.zip,Bajaj Auto Limited has informed the Exchange regarding Press Release being issued by the Company in respect of Sales for the Month of February 2015.,,,Press Release,-,02032015110700,-,-,False,,,1387399,Automobiles - 2 And 3 Wheelers,INE917I01010,Bajaj Auto Limited,2015-03-02 11:07:00,BAJAJ-AUTO
02-Feb-2015 09:33:00,,https://nsearchives.nseindia.com/corporate/BALNSE_02022015093301_1.zip,Bajaj Auto Limited has informed the Exchange regarding Press Release being issued by the Company in respect of Sales for the Month of January 2015.,,,Press Release,-,02022015093300,-,-,False,,,1336439,Automobiles - 2 And 3 Wheelers,INE917I01010,Bajaj Auto Limited,2015-02-02 09:33:00,BAJAJ-AUTO
15-Jan-2015 13:13:00,,https://nsearchives.nseindia.com/corporate/bajajauto_press_01152015131301_1.zip,"Bajaj Auto Limited has informed the Exchange regarding a press release dated January 15, 2015, titled ""Results : Q3/FY15"".",,,Press Release,-,15012015131300,-,-,False,,,1308848,Automobiles - 2 And 3 Wheelers,INE917I01010,Bajaj Auto Limited,2015-01-15 13:13:00,BAJAJ-AUTO
15-Jan-2015 13:11:02,,https://nsearchives.nseindia.com/corporate/BAJAJAUTO_31Dec14_S_01152015131101_.zip,Bajaj Auto Limited has submitted to the exchange the standalone financial results along with the Limited Review Report for the period ended 31-Dec-2014.,,,Financial Result Updates,-,15012015131102,-,-,False,,,25758,Automobiles - 2 And 3 Wheelers,INE917I01010,Bajaj Auto Limited,2015-01-15 13:11:02,BAJAJ-AUTO
02-Jan-2015 09:48:00,,https://nsearchives.nseindia.com/corporate/BALNSE_01022015094801_1.zip,"Bajaj Auto Limited has informed the Exchange regarding a press release dated January 02, 2015 titled ""December' 14 Sales"".",,,Press Release,-,02012015094800,-,-,False,,,1286955,Automobiles - 2 And 3 Wheelers,INE917I01010,Bajaj Auto Limited,2015-01-02 09:48:00,BAJAJ-AUTO
19-Dec-2014 19:58:00,,https://nsearchives.nseindia.com/corporate/BALNSE_12192014195801_1.zip,"Bajaj Auto Ltd has informed the Exchange that the Company through its distributor David Pieris Motor Company Ltd. in Sri Lanka had secured, after a detailed evaluation process by the Government of Sri Lanka, an Order from them for supply of approx. 50,000 (numbers) Discover-125M motorcycles. The Company has already supplied 48,000 (numbers) successfully against this Order.    The Company has now secured a Repeat Order from them through the Company's Distributor in Sri Lanka for the supply of 1.25 lakh (numbers) Discover-125M, which the Company expects to execute in next 3-4 months.",,,Updates,-,19122014195800,-,-,False,,,1267185,Automobiles - 2 And 3 Wheelers,INE917I01010,Bajaj Auto Limited,2014-12-19 19:58:00,BAJAJ-AUTO
19-Dec-2014 17:44:00,,-,"Bajaj Auto Limited has informed the Exchange that as per the Company's Code of Conduct for prohibition of insider trading, the trading window for dealing in the securities of the Company would remain closed from January 1, 2015 to January 16, 2015 (both days inclusive) for the directors/officers/designated employees of the Company.",,,Trading Window,-,19122014174400,-,-,False,,,1267148,Automobiles - 2 And 3 Wheelers,INE917I01010,Bajaj Auto Limited,2014-12-19 17:44:00,BAJAJ-AUTO
02-Dec-2014 09:13:00,,https://nsearchives.nseindia.com/corporate/BALNSE_12022014091302_1.zip,"Bajaj Auto Limited, vide letter dated December 2, 2014, has informed the Exchange regarding a press release being issued by the company in respect of sales for the month of November 2014.",,,Press Release,-,02122014091300,-,-,False,,,1230730,Automobiles - 2 And 3 Wheelers,INE917I01010,Bajaj Auto Limited,2014-12-02 09:13:00,BAJAJ-AUTO
03-Nov-2014 10:02:00,,https://nsearchives.nseindia.com/corporate/NSEBAL_11032014100202_1.zip,"Bajaj Auto Limited vide letter dated November 03, 2014 has informed the Exchange regarding a press release being issued by the company in respect of sales for the month of October 2014.",,,Press Release,-,03112014100200,-,-,False,,,1184954,Automobiles - 2 And 3 Wheelers,INE917I01010,Bajaj Auto Limited,2014-11-03 10:02:00,BAJAJ-AUTO
14-Oct-2014 17:43:02,,https://nsearchives.nseindia.com/corporate/BAJAJAUTO_30092014_S_LR_10142014174302_.zip,Bajaj Auto Limited has submitted to the exchange the standalone financial results along with the Limited Review Report for the period ended 30-Sep-2014.,,,Financial Result Updates,-,14102014174302,-,-,False,,,24220,Automobiles - 2 And 3 Wheelers,INE917I01010,Bajaj Auto Limited,2014-10-14 17:43:02,BAJAJ-AUTO
01-Oct-2014 09:56:00,,https://nsearchives.nseindia.com/corporate/BALNSE01102014_01102014095659.zip,"Bajaj Auto Limited vide letter dated October 01, 2014 has informed the Exchange regarding a press release being issued by the company in respect of sales for the month of September 2014.",,,Press Release,-,01102014095600,-,-,False,,,100001381,Automobiles - 2 And 3 Wheelers,INE917I01010,Bajaj Auto Limited,2014-10-01 09:56:00,BAJAJ-AUTO
29-Sep-2014 09:28:00,,-,"Bajaj Auto Limited has informed the Exchange that as per the Company's Code of Conduct for prohibition of insider trading, the trading window for dealing in the securities of the Company would remain closed from October 01, 2014 to October 15, 2014 (both days inclusive) for the directors/officers/designated employees of the Company, who have already been informed of the same.",,,Updates,-,29092014092800,-,-,False,,,100000295,Automobiles - 2 And 3 Wheelers,INE917I01010,Bajaj Auto Limited,2014-09-29 09:28:00,BAJAJ-AUTO
02-Sep-2014 10:04:00,,https://nsearchives.nseindia.com/corporate/bajajauto_09022014100405_3.zip,"Bajaj Auto Limited has informed the Exchange regarding a press release dated August 04, 2014 being issued by the company in respect of sales for the month of August 2014.",,,Press Release,-,02092014100400,-,-,False,,,1087675,Automobiles - 2 And 3 Wheelers,INE917I01010,Bajaj Auto Limited,2014-09-02 10:04:00,BAJAJ-AUTO
27-Aug-2014 14:40:00,,https://nsearchives.nseindia.com/corporate/BAJAJAUTOLTDDISCLOSUREUNDERREG13(6)_08272014144002_2.zip,"Bajaj Auto Limited has submitted to the Exchange vide letter dated August 27, 2014 a copy of disclosure under Regulation 13(4), 13(4A) and 13(6) of SEBI (Prohibition of Insider Trading) Regulations, 1992.",,,Disclosure under Insider Trading Regulation,-,27082014144000,-,-,False,,,1082083,Automobiles - 2 And 3 Wheelers,INE917I01010,Bajaj Auto Limited,2014-08-27 14:40:00,BAJAJ-AUTO
14-Aug-2014 17:16:00,,https://nsearchives.nseindia.com/corporate/bajajdistinctlyaheadautoltd_14082014_08142014171603_3.zip,"Bajaj Auto Limited has submitted to the Exchange a copy of the Minutes of the Annual General Meeting of the Shareholders held on July 17, 2014.",,,Annual General Meeting Updates,-,14082014171600,-,-,False,,,1062633,Automobiles - 2 And 3 Wheelers,INE917I01010,Bajaj Auto Limited,2014-08-14 17:16:00,BAJAJ-AUTO
04-Aug-2014 09:44:00,,https://nsearchives.nseindia.com/corporate/BAJAJ_PR_08042014094402_1.zip,"Bajaj Auto Limited has informed the Exchange regarding a press release dated August 04, 2014 being issued by the company in respect of sales for the month of July 2014.",,,Press Release,-,04082014094400,-,-,False,,,1039058,Automobiles - 2 And 3 Wheelers,INE917I01010,Bajaj Auto Limited,2014-08-04 09:44:00,BAJAJ-AUTO
24-Jul-2014 10:48:00,,https://nsearchives.nseindia.com/corporate/BAJAJ_disc_07242014104801_1.zip,"Bajaj-Auto Limited and Life Insurance Corporation Limited has submitted to the Exchange vide letter dated July 24, 2014 a copy of disclosure under Regulation 29(1) of SEBI (Substantial Acquisition of Shares and Takeovers) Regulations, 2011 along with disclosure under regulation 13(1) and 13(6) of SEBI (Prohibition of Insider Trading) Regulations, 1992.",,,Discl. under SEBI Insider Trading and Takeover Regulation,-,24072014104800,-,-,False,,,1025212,Automobiles - 2 And 3 Wheelers,INE917I01010,Bajaj Auto Limited,2014-07-24 10:48:00,BAJAJ-AUTO
18-Jul-2014 20:32:00,,https://nsearchives.nseindia.com/corporate/bajajauto_outcom_07182014203202_1.zip,"Bajaj Auto Limited has informed the Exchange regarding the Outcome of the Annual General Meeting of the Company held on July 17, 2014 along with Clause 35A of the Listing Agreement.",,,Annual General Meeting Updates,-,18072014203200,-,-,False,,,1015135,Automobiles - 2 And 3 Wheelers,INE917I01010,Bajaj Auto Limited,2014-07-18 20:32:00,BAJAJ-AUTO
18-Jul-2014 17:08:00,,https://nsearchives.nseindia.com/corporate/BAJAUTO_dis_07182014170801_1.zip,"Life Insurance Corporation of India has submitted to the Exchange vide letter dated July 18, 2014 a copy of disclosure under Regulation 29(1) of SEBI (Substantial Acquisition of Shares and Takeovers) Regulations, 2011 along with disclosure under regulation 13(1) and 13(6) of SEBI (Prohibition of Insider Trading) Regulations, 1992.",,,Discl. under SEBI Insider Trading and Takeover Regulation,-,18072014170800,-,-,False,,,1015081,Automobiles - 2 And 3 Wheelers,INE917I01010,Bajaj Auto Limited,2014-07-18 17:08:00,BAJAJ-AUTO
17-Jul-2014 11:47:02,,https://nsearchives.nseindia.com/corporate/BajajAUTO30062014_07172014114702_.zip,Bajaj Auto Limited has submitted to the exchange the standalone financial results for the period ended 30-Jun-2014.,,,Financial Result Updates,-,17072014114702,-,-,False,,,22707,Automobiles - 2 And 3 Wheelers,INE917I01010,Bajaj Auto Limited,2014-07-17 11:47:02,BAJAJ-AUTO
17-Jul-2014 11:44:00,,https://nsearchives.nseindia.com/corporate/BAJAUTO_PR_07172014114401_1.zip,"Bajaj Auto Limited has informed the Exchange regarding a press release dated July 17, 2014 titled ""Results : Q1/FY15"".",,,Press Release,-,17072014114400,-,-,False,,,1010917,Automobiles - 2 And 3 Wheelers,INE917I01010,Bajaj Auto Limited,2014-07-17 11:44:00,BAJAJ-AUTO
02-Jul-2014 09:28:00,,https://nsearchives.nseindia.com/corporate/BAJAJAUTO_PR_07022014092801_1.zip,"Bajaj Auto Limited has informed the Exchange regarding a Press Release dated July 02, 2014 titled ""June'14 Sales"".",,,Press Release,-,02072014092800,-,-,False,,,982809,Automobiles - 2 And 3 Wheelers,INE917I01010,Bajaj Auto Limited,2014-07-02 09:28:00,BAJAJ-AUTO
12-Jun-2014 18:16:00,,-,"Bajaj Auto Limited has informed the Exchange that the Company has fixed Book Closure from July 5, 2014 to July 17, 2014 for the purpose of Annual General Meeting scheduled on July 17, 2014 and Payment of dividend upon being declared thereat. ",,,AGM/Book Closure,-,12062014181600,-,-,False,,,953583,Automobiles - 2 And 3 Wheelers,INE917I01010,Bajaj Auto Limited,2014-06-12 18:16:00,BAJAJ-AUTO
02-Jun-2014 09:16:00,,https://nsearchives.nseindia.com/corporate/BAJAUTO_PR_06022014091602_1.zip,"Bajaj Auto Limited has informed the Exchange regarding a Press Release dated June 02, 2014 titled ""May '14 Sales"".",,,Press Release,-,02062014091600,-,-,False,,,932281,Automobiles - 2 And 3 Wheelers,INE917I01010,Bajaj Auto Limited,2014-06-02 09:16:00,BAJAJ-AUTO
28-May-2014 11:56:00,,https://nsearchives.nseindia.com/corporate/BAJAUTO_up_05282014115601_1.zip,"Bajaj Auto Limited has informed the Exchange that the Company has fixed May 30, 2014 as the Cut-off date to determine the entitlement of voting rights of members for e-voting.",,,Updates,-,28052014115600,-,-,False,,,926917,Automobiles - 2 And 3 Wheelers,INE917I01010,Bajaj Auto Limited,2014-05-28 11:56:00,BAJAJ-AUTO
15-May-2014 13:51:00,,-,Bajaj Auto Limited has informed the Exchange regarding the consolidated Results for the year ended on 31-MAR-2014 as follows: Net Sales of Rs. 1972628 lacs for year ending on 31-MAR-2014 against Rs. 1953345 lacs for the year ending on 31-MAR-2013. Net Profit / (Loss) of Rs. 338028 lacs for the year ending on 31-MAR-2014 against Rs. 313269 lacs for the year ending on 31-MAR-2013. ,,,"Results Update, Year  ended 31-MAR-2014 (Consolidated)",-,15052014135100,-,-,False,,,,Automobiles - 2 And 3 Wheelers,INE917I01010,Bajaj Auto Limited,2014-05-15 13:51:00,BAJAJ-AUTO
15-May-2014 13:48:00,,-,"Bajaj Auto Limited has informed the Exchange that the Board of Directors of the Company at its meeting held on May 15, 2014 has recommended a dividend of Rs.50 per share (500%) subject to approval of shareholders.",,,Dividend,-,15052014134800,-,-,False,,,904474,Automobiles - 2 And 3 Wheelers,INE917I01010,Bajaj Auto Limited,2014-05-15 13:48:00,BAJAJ-AUTO
15-May-2014 13:48:00,,-,"Bajaj Auto Limited has informed the Exchange that the Company has informed that, dividend on equity shares, if declared at the annual general meeting, will be credited / dispatched around 21 / 22 July 2014.",,,Date of payment of dividend,-,15052014134800,-,-,False,,,904475,Automobiles - 2 And 3 Wheelers,INE917I01010,Bajaj Auto Limited,2014-05-15 13:48:00,BAJAJ-AUTO
15-May-2014 13:47:00,,-,Bajaj Auto Limited has informed the Exchange regarding the standalone Results for the year ended on 31-MAR-2014 as follows: Net Sales of Rs. 1971764 lacs for year ending on 31-MAR-2014 against Rs. 1948896 lacs for the year ending on 31-MAR-2013. Net Profit / (Loss) of Rs. 324332 lacs for the year ending on 31-MAR-2014 against Rs. 304357 lacs for the year ending on 31-MAR-2013. ,,,"Results Update, Year  ended 31-MAR-2014 (Standalone)",-,15052014134700,-,-,False,,,,Automobiles - 2 And 3 Wheelers,INE917I01010,Bajaj Auto Limited,2014-05-15 13:47:00,BAJAJ-AUTO
15-May-2014 13:44:00,,https://nsearchives.nseindia.com/corporate/BAJAJAUTO_PR_15052014_05152014134402_2.zip,"Bajaj Auto Limited has informed the Exchange regarding a press release dated May 15, 2014, titled ""Challenging Year - Best-ever Results"".",,,Press Release,-,15052014134400,-,-,False,,,904473,Automobiles - 2 And 3 Wheelers,INE917I01010,Bajaj Auto Limited,2014-05-15 13:44:00,BAJAJ-AUTO
15-May-2014 13:43:00,,-,Bajaj Auto Limited has informed the Exchange regarding the standalone Results for the quarter ended on 31-MAR-2014 as follows: Net Sales of Rs. 482266 lacs for the quarter ending on 31-MAR-2014 against Rs. 502476 lacs and Rs. 465105 lacs for the quarters ending on 31-DEC-2013 and 31-MAR-2013 respectively. Net Profit / (Loss) of Rs. 76393 lacs for the quarter ending on 31-MAR-2014 against Rs. 90455 lacs and Rs. 76577 lacs for the quarters ending on 31-DEC-2013 and 31-MAR-2013 respectively.,,,"Results Update, Quarter  ended 31-MAR-2014 (Standalone)",-,15052014134300,-,-,False,,,,Automobiles - 2 And 3 Wheelers,INE917I01010,Bajaj Auto Limited,2014-05-15 13:43:00,BAJAJ-AUTO
15-May-2014 13:15:02,,https://nsearchives.nseindia.com/corporate/BAJAJ-AUTO_31mar2014_B_05152014131501_.zip,Bajaj Auto Limited has submitted to the exchange the standalone & consolidated financial results for the period ended 31-mar-2014.,,,Financial Result Updates,-,15052014131502,-,-,False,,,21592,Automobiles - 2 And 3 Wheelers,INE917I01010,Bajaj Auto Limited,2014-05-15 13:15:02,BAJAJ-AUTO
02-May-2014 09:52:00,,https://nsearchives.nseindia.com/corporate/BAJAJAUTO_PR_05022014095202_1.zip,"Bajaj Auto Limited has informed the Exchange regarding a Press Release dated May 02, 2014 titled ""April '14 Sales"".",,,Press Release,-,02052014095200,-,-,False,,,882940,Automobiles - 2 And 3 Wheelers,INE917I01010,Bajaj Auto Limited,2014-05-02 09:52:00,BAJAJ-AUTO
29-Apr-2014 10:28:00,,https://nsearchives.nseindia.com/corporate/BAJAJAUTO_29042014_04292014102802_1.zip,"Bajaj Auto Limited had informed the Exchange that the Company has received a notice dated April 14, 2014 from the workmen s union of its Chakan plant viz., Vishwa Kalyan Kamgar Sanghatana stating that they propose to call for a stoppage of work by all the workmen employed in Chakan plant from the morning shift of April 28, 2014 as per notice.The Notice mentions that the stoppage is not a Strike. The Company has now received a notice dated April 27, 2014 from the workmen's union of its Chakan plant viz., Vishwa Kalyan Kamgar Sanghatana stating that the stoppage of work in the Chakan plant of the Company has been postponed to May 15, 2014.",,,Updates,-,29042014102800,-,-,False,,,879277,Automobiles - 2 And 3 Wheelers,INE917I01010,Bajaj Auto Limited,2014-04-29 10:28:00,BAJAJ-AUTO
21-Apr-2014 12:52:00,,https://nsearchives.nseindia.com/corporate/BAJAJAUTO_19042014_04212014125201_1.zip,"Bajaj Auto Limited has informed the Exchange that the Company has received a notice dated April 14, 2014 from the workmen s union of its Chakan plant viz., Vishwa Kalyan Kamgar Sanghatana stating that they propose to call for a stoppage of work by all the workmen employed in Chakan plant from the morning shift of April 28, 2014 as per notice.The Notice mentions that the stoppage is not a Strike.",,,Updates,-,21042014125200,-,-,False,,,867182,Automobiles - 2 And 3 Wheelers,INE917I01010,Bajaj Auto Limited,2014-04-21 12:52:00,BAJAJ-AUTO
02-Apr-2014 09:20:00,,https://nsearchives.nseindia.com/corporate/BAJAJAUTO_pr_02042014_04022014092002_1.zip,"Bajaj Auto Limited has informed the Exchange regarding a Press Release dated April 02, 2014 titled ""March '14 Sales"".",,,Press Release,-,02042014092000,-,-,False,,,843671,Automobiles - 2 And 3 Wheelers,INE917I01010,Bajaj Auto Limited,2014-04-02 09:20:00,BAJAJ-AUTO
03-Mar-2014 09:56:00,,https://nsearchives.nseindia.com/corporate/BAJAJAUTO_03032014_03032014095601_1.zip,"Bajaj Auto Limited has informed the Exchange regarding a Press Release dated March 03, 2014 titled ""February 14, Sales"".",,,Press Release,-,03032014095600,-,-,False,,,803272,Automobiles - 2 And 3 Wheelers,INE917I01010,Bajaj Auto Limited,2014-03-03 09:56:00,BAJAJ-AUTO
21-Feb-2014 18:52:00,,-,"The Exchange had sought clarification from Bajaj Auto Limited with respect to a news item captioned ""Bajaj plans strategic move to lift exports"". The Company has clarified that ""Our company has  long-standing partnerships with Kawasaki Heavy Industries and KTM. Company is constantly working on improving its exports to different parts of the world. The news-item is only a reiteration of the company s existing strategy for increasing exports."" ",,,News Clarification,-,21022014185200,-,-,False,,,794652,Automobiles - 2 And 3 Wheelers,INE917I01010,Bajaj Auto Limited,2014-02-21 18:52:00,BAJAJ-AUTO
13-Feb-2014 18:28:00,,https://nsearchives.nseindia.com/corporate/Bajaj_Auto_NewsReply_02132014182802_3.zip,"The Exchange had sought clarification from Bajaj Auto Limited with respect to a news item captioned ""Bajaj Auto union threatens hunger strike"". The Company has given their comments on the news item in respect of their Labour matter.",,,News Clarification,-,13022014182800,-,-,False,,,784866,Automobiles - 2 And 3 Wheelers,INE917I01010,Bajaj Auto Limited,2014-02-13 18:28:00,BAJAJ-AUTO
03-Feb-2014 09:32:00,,https://nsearchives.nseindia.com/corporate/BAJAUTO_pr_03022014_02032014093202_2.zip,"Bajaj Auto Limited has informed the Exchange regarding a Press Release dated February 03, 2014 titled ""January 14, Sales"".",,,Press Release,-,03022014093200,-,-,False,,,768981,Automobiles - 2 And 3 Wheelers,INE917I01010,Bajaj Auto Limited,2014-02-03 09:32:00,BAJAJ-AUTO
16-Jan-2014 12:40:00,,https://nsearchives.nseindia.com/corporate/BAJAJAUTO_pr_16012014_01162014124002_1.zip,"Bajaj Auto Limited has informed the Exchange regarding a press release dated January 16, 2014 with respect to the unaudited financial results for the quarter and nine months ended December 31, 2013.",,,Press Release,-,16012014124000,-,-,False,,,750157,Automobiles - 2 And 3 Wheelers,INE917I01010,Bajaj Auto Limited,2014-01-16 12:40:00,BAJAJ-AUTO
16-Jan-2014 12:35:02,,https://nsearchives.nseindia.com/corporate/BAJAJ-AUTO_31dec2013_S_01162014123501_.zip,Bajaj Auto Limited has submitted to the exchange the standalone financial results for the period ended 31-dec-2013.,,,Financial Result Updates,-,16012014123502,-,-,False,,,19648,Automobiles - 2 And 3 Wheelers,INE917I01010,Bajaj Auto Limited,2014-01-16 12:35:02,BAJAJ-AUTO
16-Jan-2014 12:35:00,,-,Bajaj Auto Limited has informed the Exchange regarding the standalone Results for the quarter ended on 31-DEC-2013 as follows: Net Sales of Rs. 502476 lacs for the quarter ending on 31-DEC-2013 against Rs. 506149 lacs and Rs. 530720 lacs for the quarters ending on 30-SEP-2013 and 31-DEC-2012 respectively. Net Profit / (Loss) of Rs. 90455 lacs for the quarter ending on 31-DEC-2013 against Rs. 83716 lacs and Rs. 81874 lacs for the quarters ending on 30-SEP-2013 and 31-DEC-2012 respectively.,,,"Results Update, Quarter  ended 31-DEC-2013 (Standalone)",-,16012014123500,-,-,False,,,,Automobiles - 2 And 3 Wheelers,INE917I01010,Bajaj Auto Limited,2014-01-16 12:35:00,BAJAJ-AUTO
03-Jan-2014 09:28:00,,https://nsearchives.nseindia.com/corporate/BAJAJAUTO_pr_03012014_01032014092802_1.zip,"Bajaj Auto Limited has informed the Exchange regarding a Press Release dated January 03, 2014 titled ""December'13 Sales"".",,,Press Release,-,03012014092800,-,-,False,,,737060,Automobiles - 2 And 3 Wheelers,INE917I01010,Bajaj Auto Limited,2014-01-03 09:28:00,BAJAJ-AUTO
03-Dec-2013 09:40:00,,https://nsearchives.nseindia.com/corporate/BAJAJAUTO_pr_03122013_12032013094002_1.zip,"Bajaj Auto Limited has informed the Exchange regarding a Press Release dated December 03, 2013 in respect of sales for the month of November 2013.",,,Press Release,-,03122013094000,-,-,False,,,705738,Automobiles - 2 And 3 Wheelers,INE917I01010,Bajaj Auto Limited,2013-12-03 09:40:00,BAJAJ-AUTO
06-Nov-2013 09:12:00,,https://nsearchives.nseindia.com/corporate/BAJAJAUTO_pr_06112013_11062013091201_1.zip,"Bajaj Auto Limited has informed the Exchange regarding a Press Release dated November  06, 2013 titled ""October'13 Sales"".",,,Press Release,-,06112013091200,-,-,False,,,681946,Automobiles - 2 And 3 Wheelers,INE917I01010,Bajaj Auto Limited,2013-11-06 09:12:00,BAJAJ-AUTO
17-Oct-2013 08:44:00,,https://nsearchives.nseindia.com/corporate/BAJAJAUTo_pr_17102013_10172013084401_1.zip,"Bajaj Auto Limited has informed the Exchange regarding a press release dated October 16, 2013, titled ""Operating EBITDA margin at 23.1% ; Highest ever Profits after tax- Rs 837 crore"".",,,Press Release,-,17102013084400,-,-,False,,,663471,Automobiles - 2 And 3 Wheelers,INE917I01010,Bajaj Auto Limited,2013-10-17 08:44:00,BAJAJ-AUTO
17-Oct-2013 08:28:54,,https://nsearchives.nseindia.com/corporate/BAJAJ-AUTO_30SEP2013_S_Q2.zip,"Bajaj Auto Limited has submitted to the Exchange the Standalone Financial Results along with the Limited Review Report for the period ended September 30,2013.",,,Financial Result Updates,-,17102013082854,-,-,False,,,18121,Automobiles - 2 And 3 Wheelers,INE917I01010,Bajaj Auto Limited,2013-10-17 08:28:54,BAJAJ-AUTO
03-Oct-2013 08:20:00,,https://nsearchives.nseindia.com/corporate/BAJAJAUTO_10032013082004_2.zip,"Bajaj Auto Limited has informed the Exchange regarding a Press Release dated October 02, 2013 titled ""September'13 Sales"".",,,Press Release,-,03102013082000,-,-,False,,,652095,Automobiles - 2 And 3 Wheelers,INE917I01010,Bajaj Auto Limited,2013-10-03 08:20:00,BAJAJ-AUTO
02-Sep-2013 11:04:00,,https://nsearchives.nseindia.com/corporate/BAJAJAUTO_pr_02092013_09022013110402_2.zip,"Bajaj Auto Limited has informed the Exchange regarding a press release dated September 02, 2013 titled ""August'13 Sales"".",,,Press Release,-,02092013110400,-,-,False,,,628354,Automobiles - 2 And 3 Wheelers,INE917I01010,Bajaj Auto Limited,2013-09-02 11:04:00,BAJAJ-AUTO
13-Aug-2013 21:40:00,,https://nsearchives.nseindia.com/corporate/bajajauto20130813124626742_08132013214002_1.zip,"Bajaj Auto Limited had informed the Exchange that the Company has received a notice from the workmen's union of its Chakan plant viz., Vishwa Kalyan Kamgar Sanghatana stating that they propose to call for a stoppage of work by all the workmen employed in Chakan plant from the morning shift of June 28, 2013 for the reason that management had refused to concede their demand that all the workmen working in Bajaj Auto Ltd should each be given an option to subscribe to 500 equity shares of the Company at a discounted price of Re. 1/- per share. The workmen have however stopped coming to the Chakan plant from June 25, 2013, itself, without assigning any reason for this stoppage. Bajaj Auto Limited has now informed the Exchange that, the company has, on August 13, 2013, received a notice from the said workmen's union, Vishwa Kalyan Kamgar Sanghatana stating that the said stoppage has been withdrawn and all the workmen at Chakan Plant will resume their duty in their respective shifts from August 14, 2013.",,,Updates,-,13082013214000,-,-,False,,,614607,Automobiles - 2 And 3 Wheelers,INE917I01010,Bajaj Auto Limited,2013-08-13 21:40:00,BAJAJ-AUTO
02-Aug-2013 10:04:00,,https://nsearchives.nseindia.com/corporate/BAJAJAuto_PR_02AUG2013_08022013100402_2.zip,"Bajaj Auto Limited has informed the Exchange regarding a press release dated August 02, 2013, titled ""July' 13 Sales"".",,,Press Release,-,02082013100400,-,-,False,,,607807,Automobiles - 2 And 3 Wheelers,INE917I01010,Bajaj Auto Limited,2013-08-02 10:04:00,BAJAJ-AUTO
01-Aug-2013 16:08:00,,https://nsearchives.nseindia.com/corporate/BajajAuto_magm_01082013.zip,"Bajaj Auto Limited has submitted to the Exchange a copy of the Minutes of the Annual General Meeting of the Shareholders of the Company held on July 19, 2013.",,,Annual General Meeting Updates,-,01082013160800,-,-,False,,,607167,Automobiles - 2 And 3 Wheelers,INE917I01010,Bajaj Auto Limited,2013-08-01 16:08:00,BAJAJ-AUTO
23-Jul-2013 09:04:00,,https://nsearchives.nseindia.com/corporate/BajajAuto_oagm_22072013_07232013090403_2.zip,"Bajaj Auto Limited has informed the Exchange regarding the voting result of the Annual General Meeting of the Company held on July 19, 2013 under Clause 35A of the Listing Agreement.",,,Disclosure of Voting Pattern - Clause 35A,-,23072013090400,-,-,False,,,599320,Automobiles - 2 And 3 Wheelers,INE917I01010,Bajaj Auto Limited,2013-07-23 09:04:00,BAJAJ-AUTO
19-Jul-2013 11:20:00,,https://nsearchives.nseindia.com/corporate/BAJAJAAUTO_pr_19072013_07192013112003_2.zip,"Bajaj Auto Limited has informed the Exchange regarding a press release dated July 19, 2013, titled ""Operating EBITDA margin at 21.3% !!!"".",,,Press Release,-,19072013112000,-,-,False,,,597368,Automobiles - 2 And 3 Wheelers,INE917I01010,Bajaj Auto Limited,2013-07-19 11:20:00,BAJAJ-AUTO
19-Jul-2013 11:13:00,,-,Bajaj Auto Limited has informed the Exchange regarding the standalone Results for the quarter ended on 30-JUN-2013 as follows: Net Sales of Rs. 480873 lacs for the quarter ending on 30-JUN-2013 against Rs. 465105 lacs and Rs. 471364 lacs for the quarters ending on 31-MAR-2013 and 30-JUN-2012 respectively. Net Profit / (Loss) of Rs. 73768 lacs for the quarter ending on 30-JUN-2013 against Rs. 76577 lacs and Rs. 71839 lacs for the quarters ending on 31-MAR-2013 and 30-JUN-2012 respectively.,,,"Results Update, Quarter ended, 30-JUN-2013 (Standalone)",-,19072013111300,-,-,False,,,,Automobiles - 2 And 3 Wheelers,INE917I01010,Bajaj Auto Limited,2013-07-19 11:13:00,BAJAJ-AUTO
19-Jul-2013 11:12:17,,https://nsearchives.nseindia.com/corporate/BAJAJ-AUTO_30JUN2013_S_Q1.zip,"Bajaj Auto Limited has submitted to the Exchange the Standalone Financial Results for the period ended June 30,2013.",,,Financial Result Updates,-,19072013111217,-,-,False,,,16619,Automobiles - 2 And 3 Wheelers,INE917I01010,Bajaj Auto Limited,2013-07-19 11:12:17,BAJAJ-AUTO
02-Jul-2013 09:48:00,,https://nsearchives.nseindia.com/corporate/BAJAJAUTO_pr_02072013_07022013094802_1.zip,"Bajaj Auto Limited has informed the Exchange regarding a press release dated July 02, 2013, titled ""June'13 Sales"".",,,Press Release,-,02072013094800,-,-,False,,,584942,Automobiles - 2 And 3 Wheelers,INE917I01010,Bajaj Auto Limited,2013-07-02 09:48:00,BAJAJ-AUTO
25-Jun-2013 18:44:00,,-,"Bajaj Auto Limited has informed the Exchange that the Company has received a notice from the workmen's union of its Chakan plant viz., Vishwa Kalyan Kamgar Sanghatana stating that they propose to call for a stoppage of work by all the workmen employed in Chakan plant from the morning shift of June 28, 2013 for the reason that management had refused to concede their demand that all the workmen working in Bajaj Auto Ltd should each be given an option to subscribe to 500 equity shares of the Company at a discounted price of Re. 1/- per share. The workmen have however stopped coming to the Chakan plant from June 25, 2013, itself, without assigning any reason for this stoppage.",,,Updates,-,25062013184400,-,-,False,,,580958,Automobiles - 2 And 3 Wheelers,INE917I01010,Bajaj Auto Limited,2013-06-25 18:44:00,BAJAJ-AUTO
03-Jun-2013 10:28:00,,https://nsearchives.nseindia.com/corporate/BAJAJAUTO_pr_03062013_06032013102801_1.zip,"Bajaj Auto Limited has informed the Exchange regarding a press release dated June 03, 2013 titled ""May'13 Sales"".",,,Press Release,-,03062013102800,-,-,False,,,565728,Automobiles - 2 And 3 Wheelers,INE917I01010,Bajaj Auto Limited,2013-06-03 10:28:00,BAJAJ-AUTO
29-May-2013 18:52:00,,https://nsearchives.nseindia.com/corporate/bajajauto_barodaindustriesltd_28052013.zip,"Baroda Industries Private Limited has submitted to the Exchange vide letter dated May 21, 2013 a copy of Disclosure in terms of Regulation 31(1) and 31(2) of SEBI (Substantial Acquisition of Shares & Takeovers) Regulations, 2011.",,,Disclosure under SEBI Takeover Regulations,-,29052013185200,-,-,False,,,562921,Automobiles - 2 And 3 Wheelers,INE917I01010,Bajaj Auto Limited,2013-05-29 18:52:00,BAJAJ-AUTO
27-May-2013 11:40:00,,-,"Bajaj Auto Limited has informed the Exchange that the payment of dividend when declared at the Annual General Meeting being convened on July 19, 2013 will be credited / dispatched between July 23, 2013 and July 25, 2013.",,,Date of payment of dividend,-,27052013114000,-,-,False,,,561350,Automobiles - 2 And 3 Wheelers,INE917I01010,Bajaj Auto Limited,2013-05-27 11:40:00,BAJAJ-AUTO
27-May-2013 11:12:00,,-,"Bajaj Auto Limited has informed the Exchange that the Company has fixed Book Closure from July 6, 2013 to July 19, 2013 (both days inclusive) for the purpose of Annual General Meeting scheduled on July 19, 2013 and payment of dividend upon being declared thereat.",,,AGM/Book Closure,-,27052013111200,-,-,False,,,561320,Automobiles - 2 And 3 Wheelers,INE917I01010,Bajaj Auto Limited,2013-05-27 11:12:00,BAJAJ-AUTO
16-May-2013 14:16:00,,-,"Bajaj Auto Limited has informed the Exchange that the Board of Directors of the Company at its meeting held on May 16, 2013 has recommended a dividend of Rs.45 per share (450%) subject to approval of shareholders.",,,Dividend,-,16052013141600,-,-,False,,,553584,Automobiles - 2 And 3 Wheelers,INE917I01010,Bajaj Auto Limited,2013-05-16 14:16:00,BAJAJ-AUTO
16-May-2013 14:16:00,,-,"Bajaj Auto Limited has informed the Exchange that dividend on equity shares, if declared at the annual general meeting, will be credited / despatched between July 23, 2013 to July 25, 2013.",,,Date of payment of dividend,-,16052013141600,-,-,False,,,553586,Automobiles - 2 And 3 Wheelers,INE917I01010,Bajaj Auto Limited,2013-05-16 14:16:00,BAJAJ-AUTO
16-May-2013 14:16:00,,https://nsearchives.nseindia.com/corporate/BAJAJAUTO_pr_16052013_05162013141601_1.zip,"Bajaj Auto Limited has informed the Exchange, vide letter dated May 16, 2013 regarding a press release, titled ""Challenging Environment - Stellar Performance"".",,,Press Release,-,16052013141600,-,-,False,,,553585,Automobiles - 2 And 3 Wheelers,INE917I01010,Bajaj Auto Limited,2013-05-16 14:16:00,BAJAJ-AUTO
16-May-2013 13:40:11,,https://nsearchives.nseindia.com/corporate/BAJAJ-AUTO_31MAR2013_B_Q4A.zip,"Bajaj Auto Limited has submitted to the Exchange the Standalone and Consolidated Financial Results for the period ended March 31,2013.",,,Financial Result Updates,-,16052013134011,-,-,False,,,15571,Automobiles - 2 And 3 Wheelers,INE917I01010,Bajaj Auto Limited,2013-05-16 13:40:11,BAJAJ-AUTO
02-May-2013 09:40:00,,https://nsearchives.nseindia.com/corporate/BAJAJAUTO_pr_02052013_05022013094002_1.zip,"Bajaj Auto Limited has informed the Exchange regarding a press release dated May 02, 2013, titled ""April'13 Sales"".",,,Press Release,-,02052013094000,-,-,False,,,543672,Automobiles - 2 And 3 Wheelers,INE917I01010,Bajaj Auto Limited,2013-05-02 09:40:00,BAJAJ-AUTO
02-Apr-2013 09:16:00,,https://nsearchives.nseindia.com/corporate/BAJAJAUTO_pr_02042013_04022013091601_2.zip,"Bajaj Auto Limited has informed the Exchange regarding a press release dated April 02, 2013, titled ""March'13 Sales"".",,,Press Release,-,02042013091600,-,-,False,,,526932,Automobiles - 2 And 3 Wheelers,INE917I01010,Bajaj Auto Limited,2013-04-02 09:16:00,BAJAJ-AUTO
04-Mar-2013 09:32:00,,https://nsearchives.nseindia.com/corporate/BAJAJAUTO_PR_04032013_03042013093201_1.zip,"Bajaj Auto Limited has informed the Exchange regarding a press release dated March 04, 2013, titled ""February'13 Sales"".",,,Press Release,-,04032013093200,-,-,False,,,510912,Automobiles - 2 And 3 Wheelers,INE917I01010,Bajaj Auto Limited,2013-03-04 09:32:00,BAJAJ-AUTO
19-Feb-2013 15:44:00,,https://nsearchives.nseindia.com/corporate/bajaauto_02192013154402_2.zip,"Bajaj Auto Limited has submitted to the Exchange vide its letter dated February 18, 2013 a copy of disclosure pursuant to Regulation 13(4), 13(4A) and 13(6) of the SEBI (Prohibition of Insider Trading) Regulations, 1992. ",,,Disclosure under Insider Trading Regulation,-,19022013154400,-,-,False,,,505043,Automobiles - 2 And 3 Wheelers,INE917I01010,Bajaj Auto Limited,2013-02-19 15:44:00,BAJAJ-AUTO
13-Feb-2013 15:28:00,,https://nsearchives.nseindia.com/corporate/Bajajauto_Rahul_Disc_13022013.zip,"Rahul Bajaj has submitted to the Exchange vide letter dated February 11, 2013 a copy of disclosure pursuant to Regulation 13(4), 13(4A) and 13(6) of the SEBI (Prohibition of Insider Trading) Regulations, 1992.",,,Disclosure under Insider Trading Regulation,-,13022013152800,-,-,False,,,501739,Automobiles - 2 And 3 Wheelers,INE917I01010,Bajaj Auto Limited,2013-02-13 15:28:00,BAJAJ-AUTO
05-Feb-2013 12:04:00,,https://nsearchives.nseindia.com/corporate/BAJAJAUTOLTD_04022013.zip,"Jamnalal Sons Private Limited has submitted to the Exchange vide letter dated February 04, 2013 a copy of disclosure under Regulation 31(2) of SEBI (Substantial Acquisition of Shares & Takeovers) Regulations, 2011.",,,Disclosure under SEBI Takeover Regulations,-,05022013120400,-,-,False,,,496083,Automobiles - 2 And 3 Wheelers,INE917I01010,Bajaj Auto Limited,2013-02-05 12:04:00,BAJAJ-AUTO
04-Feb-2013 09:30:00,,https://nsearchives.nseindia.com/corporate/BAJAJAUTO_pr_02022013_02042013093001_2.zip,"Bajaj Auto Limited has informed the Exchange regarding a press release dated February 02, 2013, titled ""Bajaj Records its Highest Ever January Sales"".",,,Press Release,-,04022013093000,-,-,False,,,494311,Automobiles - 2 And 3 Wheelers,INE917I01010,Bajaj Auto Limited,2013-02-04 09:30:00,BAJAJ-AUTO
16-Jan-2013 13:18:00,,https://nsearchives.nseindia.com/corporate/BAJAJAUTO_pr_16012013.zip,"Bajaj Auto Limited has informed the Exchange regarding a press release dated January 16, 2013 with respect to the unaudited financial results for the quarter and nine months ended December 31, 2012.",,,Press Release,-,16012013131800,-,-,False,,,,Automobiles - 2 And 3 Wheelers,INE917I01010,Bajaj Auto Limited,2013-01-16 13:18:00,BAJAJ-AUTO
16-Jan-2013 13:11:00,,-,Bajaj Auto Limited has informed the Exchange regarding the standalone Results for the quarter ended on 31-DEC-2012 as follows: Net Sales of Rs. 530720 lacs for the quarter ending on 31-DEC-2012 against Rs. 481707 lacs and Rs. 483995 lacs for the quarters ending on 30-SEP-2012 and 31-DEC-2011 respectively. Net Profit / (Loss) of Rs. 81874 lacs for the quarter ending on 31-DEC-2012 against Rs. 74067 lacs and Rs. 79519 lacs for the quarters ending on 30-SEP-2012 and 31-DEC-2011 respectively.,,,"Results Update, Quarter ended, 31-DEC-2012 (Standalone)",-,16012013131100,-,-,False,,,,Automobiles - 2 And 3 Wheelers,INE917I01010,Bajaj Auto Limited,2013-01-16 13:11:00,BAJAJ-AUTO
16-Jan-2013 13:10:47,,https://nsearchives.nseindia.com/corporate/BAJAJ-AUTO_31DEC2012_S_Q3.zip,"Bajaj Auto Limited has submitted to the Exchange the Standalone Financial Results along with Limited Review Report for the period ended December 31, 2012.",,,Financial Result Updates,-,16012013131047,-,-,False,,,13563,Automobiles - 2 And 3 Wheelers,INE917I01010,Bajaj Auto Limited,2013-01-16 13:10:47,BAJAJ-AUTO
07-Jan-2013 09:08:00,,https://nsearchives.nseindia.com/corporate/BAJAJ_RAHUL_07012013.zip,"Rahul Bajaj has submitted to the Exchange vide letter dated January 04, 2013 a copy of Disclosure in terms of Regulation 31(1) and 31(2)) of SEBI (Substantial Acquisition of Shares & Takeovers) Regulations, 2011.",,,Disclosure under SEBI Takeover Regulations,-,07012013090800,-,-,False,,,,Automobiles - 2 And 3 Wheelers,INE917I01010,Bajaj Auto Limited,2013-01-07 09:08:00,BAJAJ-AUTO
07-Jan-2013 09:04:00,,https://nsearchives.nseindia.com/corporate/BAJA_BARODA_07012013.zip,"Baroda Industries Private Limited has submitted to the Exchange January 04, 2013 a copy of Disclosure in terms of Regulation 31(1) and 31(2)) of SEBI (Substantial Acquisition of Shares & Takeovers) Regulations, 2011.",,,Disclosure under SEBI Takeover Regulations,-,07012013090400,-,-,False,,,,Automobiles - 2 And 3 Wheelers,INE917I01010,Bajaj Auto Limited,2013-01-07 09:04:00,BAJAJ-AUTO
02-Jan-2013 10:15:00,,https://nsearchives.nseindia.com/corporate/BAJAJAUTO_pr_02012013.zip,"Bajaj Auto Limited has informed the Exchange regarding a press release dated January 02, 2013, titled ""Bajaj Records its Highest Ever December Sales"".",,,Press Release,-,02012013101500,-,-,False,,,,Automobiles - 2 And 3 Wheelers,INE917I01010,Bajaj Auto Limited,2013-01-02 10:15:00,BAJAJ-AUTO
03-Dec-2012 09:49:00,,https://nsearchives.nseindia.com/corporate/BAJAJAUTO_pr_03122012.zip,"Bajaj Auto Limited has informed the Exchange regarding a press release dated December 03, 2012, titled ""November 2012 Sales"".",,,Press Release,-,03122012094900,-,-,False,,,,Automobiles - 2 And 3 Wheelers,INE917I01010,Bajaj Auto Limited,2012-12-03 09:49:00,BAJAJ-AUTO
02-Nov-2012 09:48:00,,https://nsearchives.nseindia.com/corporate/BAJAJAUTO_pr_02112012.zip,"Bajaj Auto Limited has informed the Exchange regarding a press release dated November 02, 2012, titled ""Bajaj Records its Second Highest Sales Ever"".",,,Press Release,-,02112012094800,-,-,False,,,,Automobiles - 2 And 3 Wheelers,INE917I01010,Bajaj Auto Limited,2012-11-02 09:48:00,BAJAJ-AUTO
20-Oct-2012 14:58:00,,https://nsearchives.nseindia.com/corporate/BAJAJAUTO_pr_20102012.zip,"Bajaj Auto Limited has informed the Exchange regarding a press release dated October 20, 2012, titled ""EBITDA margin improves sequentially from 19.4% in Q1 to 19.7% in Q2"".",,,Press Release,-,20102012145800,-,-,False,,,,Automobiles - 2 And 3 Wheelers,INE917I01010,Bajaj Auto Limited,2012-10-20 14:58:00,BAJAJ-AUTO
20-Oct-2012 14:41:22,,https://nsearchives.nseindia.com/corporate/BAJAJ-AUTO_30SEP2012_S_Q2.zip,"Bajaj Auto Limited has submitted to the Exchange the Standalone Financial Results for the period ended September 30,2012.",,,Financial Result Updates,-,20102012144122,-,-,False,,,12115,Automobiles - 2 And 3 Wheelers,INE917I01010,Bajaj Auto Limited,2012-10-20 14:41:22,BAJAJ-AUTO
03-Oct-2012 15:10:00,,https://nsearchives.nseindia.com/corporate/BajajAuto01_pr_03102012.zip,"Bajaj Auto Limited has informed the Exchange regarding a press release dated October 03, 2012, titled ""Bajaj Discover becomes the World's largest selling Motorcycle"".",,,Press Release,-,03102012151000,-,-,False,,,,Automobiles - 2 And 3 Wheelers,INE917I01010,Bajaj Auto Limited,2012-10-03 15:10:00,BAJAJ-AUTO
03-Oct-2012 08:17:00,,https://nsearchives.nseindia.com/corporate/BAJAJAUTO_PR02_03102012.zip,"Bajaj Auto Limited has informed the Exchange regarding a press release dated October 02, 2012, titled ""SEPTEMBER'12SALES"".",,,Press Release,-,03102012081700,-,-,False,,,,Automobiles - 2 And 3 Wheelers,INE917I01010,Bajaj Auto Limited,2012-10-03 08:17:00,BAJAJ-AUTO
03-Sep-2012 10:36:00,,https://nsearchives.nseindia.com/corporate/BajajAuto01_pr_03092012.zip,"Bajaj Auto Limited has informed the Exchange regarding a press release dated September 03, 2012, titled ""August'12 Sales"".",,,Press Release,-,03092012103600,-,-,False,,,,Automobiles - 2 And 3 Wheelers,INE917I01010,Bajaj Auto Limited,2012-09-03 10:36:00,BAJAJ-AUTO
08-Aug-2012 14:05:00,,https://nsearchives.nseindia.com/corporate/BajajAuto_magm_08082012.ZIP,"Bajaj Auto Limited has submitted to the Exchange a copy of the Minutes of the Annual General Meeting of the Shareholders of the Company held on July 18, 2012.",,,Minutes of Annual General Meeting,-,08082012140500,-,-,False,,,,Automobiles - 2 And 3 Wheelers,INE917I01010,Bajaj Auto Limited,2012-08-08 14:05:00,BAJAJ-AUTO
02-Aug-2012 09:44:00,,https://nsearchives.nseindia.com/corporate/BAJAJAUTO_pr_02082012.zip,"Bajaj Auto Limited has informed the Exchange regarding a press release dated August 02, 2012 titled ""July'12 Sales"".",,,Press Release,-,02082012094400,-,-,False,,,,Automobiles - 2 And 3 Wheelers,INE917I01010,Bajaj Auto Limited,2012-08-02 09:44:00,BAJAJ-AUTO
20-Jul-2012 12:23:00,,https://nsearchives.nseindia.com/corporate/Bajajauto_Clause35_20072012.zip,"Bajaj Auto Limited has informed the Exchange regarding the Outcome of Annual General Meeting of the Company held on July 18, 2012 along with Voting Pattern pursuant to Clause 35A of the Listing Agreement.",,,Disclosure of Voting Pattern - Clause 35A,-,20072012122300,-,-,False,,,,Automobiles - 2 And 3 Wheelers,INE917I01010,Bajaj Auto Limited,2012-07-20 12:23:00,BAJAJ-AUTO
18-Jul-2012 11:37:00,,https://nsearchives.nseindia.com/corporate/BAJAJ-AUTO_PR_18072012.zip,"Bajaj Auto Limited has informed the Exchange regarding a press release dated July 18, 2012 titled ""Results: Q1/ FY13"".",,,Press Release,-,18072012113700,-,-,False,,,,Automobiles - 2 And 3 Wheelers,INE917I01010,Bajaj Auto Limited,2012-07-18 11:37:00,BAJAJ-AUTO
18-Jul-2012 11:31:00,,-,Bajaj Auto Limited has informed the Exchange regarding the standalone Results for the quarter ended on 30-JUN-2012 as follows: Net Sales of Rs. 471364 lacs for quarter ending on 30-JUN-2012 against Rs. 458691 lacs for the quarter ending on 30-JUN-2011. Net Profit / (Loss) of Rs. 71839 lacs for the quarter ending on 30-JUN-2012 against Rs. 71106 lacs for the quarter ending on 30-JUN-2011.,,,"Results Update, Quarter ended, 30-JUN-2012 (Standalone)",-,18072012113100,-,-,False,,,,Automobiles - 2 And 3 Wheelers,INE917I01010,Bajaj Auto Limited,2012-07-18 11:31:00,BAJAJ-AUTO
18-Jul-2012 11:24:28,,https://nsearchives.nseindia.com/corporate/BAJAJ-AUTO_30JUN2012_S_Q1.zip,"Bajaj Auto Limited has submitted to the Exchange the Standalone Financial Results along with Limited Review Report for the period ended June 30,2012.",,,Financial Result Updates,-,18072012112428,-,-,False,,,10355,Automobiles - 2 And 3 Wheelers,INE917I01010,Bajaj Auto Limited,2012-07-18 11:24:28,BAJAJ-AUTO
02-Jul-2012 10:06:00,,https://nsearchives.nseindia.com/corporate/BAJAJAUTO_pr_02072012.zip,"Bajaj Auto Limited has informed the Exchange regarding a press release dated July 02, 2012 titled ""June 2012 Sales"".",,,Press Release,-,02072012100600,-,-,False,,,,Automobiles - 2 And 3 Wheelers,INE917I01010,Bajaj Auto Limited,2012-07-02 10:06:00,BAJAJ-AUTO
21-Jun-2012 12:58:00,,https://nsearchives.nseindia.com/corporate/Bajajautoltd_REG_19062012.zip,"Bajaj Auto Limited has submitted to the Exchange vide letter dated June 19, 2012 a copy of disclosure pursuant to Regulation 13(4), 13(4A) and 13(6) of the SEBI (Prohibition of Insider Trading) Regulations, 1992.",,,Disclosure under Insider Trading Regulation,-,21062012125800,-,-,False,,,,Automobiles - 2 And 3 Wheelers,INE917I01010,Bajaj Auto Limited,2012-06-21 12:58:00,BAJAJ-AUTO
04-Jun-2012 09:09:00,,https://nsearchives.nseindia.com/corporate/bajajauto_pr_04062012.zip,"Bajaj Auto Limited has informed the Exchange regarding a press release dated June 04, 2012, titled ""BAJAJ AUTO RECORDS ITS HIGHEST EVER EXPORTS FOR ANY MAY.""",,,Press Release,-,04062012090900,-,-,False,,,,Automobiles - 2 And 3 Wheelers,INE917I01010,Bajaj Auto Limited,2012-06-04 09:09:00,BAJAJ-AUTO
29-May-2012 18:29:00,,-,"Bajaj Auto Limited has informed the Exchange that the Register of Members and Share Transfer Books shall remain closed from July 07, 2012 to July 18, 2012 (both days inclusive) for the purpose of Annual General Meeting scheduled on July 18, 2012 and payment of dividend upon being declared thereat.",,,AGM / Book Closure,-,29052012182900,-,-,False,,,,Automobiles - 2 And 3 Wheelers,INE917I01010,Bajaj Auto Limited,2012-05-29 18:29:00,BAJAJ-AUTO
17-May-2012 14:19:00,,-,"Bajaj Auto Limited has informed the Exchange that dividend on equity shares, if declared at the annual general meeting, will be credited / despatched between July 23, 2012 to July 25, 2012.",,,Date of payment of dividend,-,17052012141900,-,-,False,,,,Automobiles - 2 And 3 Wheelers,INE917I01010,Bajaj Auto Limited,2012-05-17 14:19:00,BAJAJ-AUTO
17-May-2012 13:27:00,,https://nsearchives.nseindia.com/corporate/BAJAJAUTO_pr_17052012.zip,"Bajaj Auto Limited has informed the Exchange vide its letter dated May 17, 2012 regarding a press release titled ""Company of the Year"".",,,Press Release,-,17052012132700,-,-,False,,,,Automobiles - 2 And 3 Wheelers,INE917I01010,Bajaj Auto Limited,2012-05-17 13:27:00,BAJAJ-AUTO
17-May-2012 13:21:00,,-,"Bajaj Auto Limited has informed the Exchange that the Board of Directors of the Company at its meeting held on May 17, 2012 has recommend a dividend of Rs.45 per share (450%) subject to approval of shareholders.",,,Dividend,-,17052012132100,-,-,False,,,,Automobiles - 2 And 3 Wheelers,INE917I01010,Bajaj Auto Limited,2012-05-17 13:21:00,BAJAJ-AUTO
17-May-2012 13:19:00,,-,Bajaj Auto Limited has informed the Exchange regarding the consolidated Results for the year ended on 31-MAR-2012 as follows: Net Sales of Rs. 1894552 lacs for year ending on 31-MAR-2012 against Rs. 1602870 lacs for the year ending on 31-MAR-2011. Net Profit / (Loss) of Rs. 304540 lacs for the year ending on 31-MAR-2012 against Rs. 345489 lacs for the year ending on 31-MAR-2011.,,,"Results Update, Year ended, 31-MAR-2012 (Consolidated)",-,17052012131900,-,-,False,,,,Automobiles - 2 And 3 Wheelers,INE917I01010,Bajaj Auto Limited,2012-05-17 13:19:00,BAJAJ-AUTO
17-May-2012 13:15:00,,-,Bajaj Auto Limited has informed the Exchange regarding the standalone Results for the year ended on 31-MAR-2012 as follows: Net Sales of Rs. 1888027 lacs for year ending on 31-MAR-2012 against Rs. 1599812 lacs for the year ending on 31-MAR-2011. Net Profit / (Loss) of Rs. 300405 lacs for the year ending on 31-MAR-2012 against Rs. 333973 lacs for the year ending on 31-MAR-2011.,,,"Results Update, Year ended, 31-MAR-2012 (Standalone)",-,17052012131500,-,-,False,,,,Automobiles - 2 And 3 Wheelers,INE917I01010,Bajaj Auto Limited,2012-05-17 13:15:00,BAJAJ-AUTO
17-May-2012 13:08:00,,-,Bajaj Auto Limited has informed the Exchange regarding the standalone Results for the quarter ended on 31-MAR-2012 as follows: Net Sales of Rs. 451555 lacs for quarter ending on 31-MAR-2012. Net Profit / (Loss) of Rs. 77200 lacs for the quarter ending on 31-MAR-2012.,,,"Results Update, Quarter ended, 31-MAR-2012 (Standalone)",-,17052012130800,-,-,False,,,,Automobiles - 2 And 3 Wheelers,INE917I01010,Bajaj Auto Limited,2012-05-17 13:08:00,BAJAJ-AUTO
17-May-2012 13:06:11,,https://nsearchives.nseindia.com/corporate/BAJAJ-AUTO_31MAR2012_B_Q4A.zip,"Bajaj Auto Limited has submitted to the Exchange the Standalone and Consolidated Financial Results for the period ended March 31,2012.",,,Financial Result Updates,-,17052012130611,-,-,False,,,9522,Automobiles - 2 And 3 Wheelers,INE917I01010,Bajaj Auto Limited,2012-05-17 13:06:11,BAJAJ-AUTO
02-May-2012 09:35:00,,https://nsearchives.nseindia.com/corporate/bajajauto_pr_02052012.zip,"Bajaj Auto Limited has informed the Exchange regarding a press release dated May 02, 2012, titled ""BAJAJ AUTO RECORDS ITS HIGHEST EVER EXPORTS FOR ANY MONTH IN ITS HISTORY"".",,,Press Release,-,02052012093500,-,-,False,,,,Automobiles - 2 And 3 Wheelers,INE917I01010,Bajaj Auto Limited,2012-05-02 09:35:00,BAJAJ-AUTO
09-Apr-2012 13:14:00,,https://nsearchives.nseindia.com/corporate/BAJAJAUTO_RAHULDIS_09042012.zip,"Rahul Bajaj has submitted to the Exchange vide its letter dated March 30, 2012 a copy of disclosure pursuant to Regulation 13(4), 13(4A) and 13(6) of the SEBI (Prohibition of Insider Trading) Regulations, 1992.",,,Disclosure under Insider Trading Regulation,-,09042012131400,-,-,False,,,,Automobiles - 2 And 3 Wheelers,INE917I01010,Bajaj Auto Limited,2012-04-09 13:14:00,BAJAJ-AUTO
03-Apr-2012 12:43:00,,https://nsearchives.nseindia.com/corporate/BajajAuto_PR_03042012.zip,"Bajaj Auto Limited has informed the Exchange regarding a press release dated April 03, 2012, titled ""Best Year Ever for Bajaj Auto, Pulsar Becomes a 5 Million Brand"".",,,Press Release,-,03042012124300,-,-,False,,,,Automobiles - 2 And 3 Wheelers,INE917I01010,Bajaj Auto Limited,2012-04-03 12:43:00,BAJAJ-AUTO
30-Mar-2012 17:05:00,,https://nsearchives.nseindia.com/corporate/Jamnalal_disc_30032012.zip,"Jamnalal Sons Pvt. Ltd. has submitted to the Exchange vide its letter dated March 30, 2012 a copy of Disclosure in terms of Regulation 31(2) of SEBI (Substantial Acquisition of Shares & Takeovers) Regulations, 2011.",,,Disclosure under SEBI Takeover Regulations,-,30032012170500,-,-,False,,,,Automobiles - 2 And 3 Wheelers,INE917I01010,Bajaj Auto Limited,2012-03-30 17:05:00,BAJAJ-AUTO
30-Mar-2012 17:00:00,,https://nsearchives.nseindia.com/corporate/bajajauto_reg_30032012.zip,"Bajaj Auto Limited has submitted to the Exchange vide its letter dated March 30, 2012 a copy of Disclosure under Reg 13 (6) of the SEBI (Prohibition of Insider Trading) Regulations, 1992.",,,Disclosure under Insider Trading Regulation,-,30032012170000,-,-,False,,,,Automobiles - 2 And 3 Wheelers,INE917I01010,Bajaj Auto Limited,2012-03-30 17:00:00,BAJAJ-AUTO
28-Mar-2012 10:41:00,,-,"Bajaj Auto Limited has informed the Exchange that Shri Sanjiv Bajaj, in view of his appointment as Managing Director in Bajaj Holdings & Investment Limited, has resigned as Executive Director of the Company with effect from April 01, 2012. He will continue as a director in a non-executive capacity with effect from April 01, 2012.",,,Updates,-,28032012104100,-,-,False,,,,Automobiles - 2 And 3 Wheelers,INE917I01010,Bajaj Auto Limited,2012-03-28 10:41:00,BAJAJ-AUTO
02-Mar-2012 10:04:00,,https://nsearchives.nseindia.com/corporate/BAJAJAUTO_pr_02032012.zip,"Bajaj Auto Limited has informed the Exchange regarding a press release dated March 02, 2012, titled ""BAJAJ RECORDS ITS BEST EVER FEBRUARY SALES"".",,,Press Release,-,02032012100400,-,-,False,,,,Automobiles - 2 And 3 Wheelers,INE917I01010,Bajaj Auto Limited,2012-03-02 10:04:00,BAJAJ-AUTO
08-Feb-2012 18:43:00,,https://nsearchives.nseindia.com/corporate/BAJAJAUTO_reg13_08022012.zip,"Bajaj Auto Limited has submitted to the Exchange a copy of Disclosure under Reg 13 (6) of the SEBI (Prohibition of Insider Trading) Regulations, 1992.",,,Disclosure under Insider Trading Regulation,-,08022012184300,-,-,False,,,,Automobiles - 2 And 3 Wheelers,INE917I01010,Bajaj Auto Limited,2012-02-08 18:43:00,BAJAJ-AUTO
07-Feb-2012 08:08:00,,https://nsearchives.nseindia.com/corporate/bajaj_jamnalal_06022012.zip,"Jamnalal Sons Pvt. Ltd. has submitted to the Exchange a copy of Disclosure under Regulation 31(2) of SEBI (Substantial Acquisition of Shares & Takeovers) Regulations, 2011.",,,Disclosure under SEBI Takeover Regulations,-,07022012080800,-,-,False,,,,Automobiles - 2 And 3 Wheelers,INE917I01010,Bajaj Auto Limited,2012-02-07 08:08:00,BAJAJ-AUTO
02-Feb-2012 09:37:00,,https://nsearchives.nseindia.com/corporate/Bajaj01_pr_02022012.zip,"Bajaj Auto Limited has informed the Exchange regarding a press release dated February 02, 2012, titled ""BAJAJ RECORDS ITS BEST EVER JANUARY SALES"".",,,Press Release,-,02022012093700,-,-,False,,,,Automobiles - 2 And 3 Wheelers,INE917I01010,Bajaj Auto Limited,2012-02-02 09:37:00,BAJAJ-AUTO
19-Jan-2012 12:47:00,,https://nsearchives.nseindia.com/corporate/BajajAuto_pr_19012012.zip,"Bajaj Auto Limited has informed the Exchange regarding a press release dated January 19, 2012 with respect to the unaudited financial results for the quarter and nine months ending December 31, 2011.",,,Press Release,-,19012012124700,-,-,False,,,,Automobiles - 2 And 3 Wheelers,INE917I01010,Bajaj Auto Limited,2012-01-19 12:47:00,BAJAJ-AUTO
19-Jan-2012 12:45:45,,https://nsearchives.nseindia.com/corporate/BAJAJ-AUTO_31DEC2011_S_Q3.zip,"Bajaj Auto Limited has submitted to the Exchange the Standalone Financial Results for the period ended December 31,2011.",,,Financial Result Updates,-,19012012124545,-,-,False,,,7311,Automobiles - 2 And 3 Wheelers,INE917I01010,Bajaj Auto Limited,2012-01-19 12:45:45,BAJAJ-AUTO
19-Jan-2012 12:43:00,,-,Bajaj Auto Limited has informed the Exchange regarding the standalone Results for the quarter ended on 31-DEC-2011 as follows: Net Sales of Rs. 483995 lacs for quarter ending on 31-DEC-2011 against Rs. 402818 lacs for the quarter ending on 31-DEC-2010. Net Profit / (Loss) of Rs. 79519 lacs for the quarter ending on 31-DEC-2011 against Rs. 66711 lacs for the quarter ending on 31-DEC-2010.,,,"Results Update, Quarter ended, 31-DEC-2011 (Standalone)",-,19012012124300,-,-,False,,,,Automobiles - 2 And 3 Wheelers,INE917I01010,Bajaj Auto Limited,2012-01-19 12:43:00,BAJAJ-AUTO
02-Jan-2012 16:58:00,,https://nsearchives.nseindia.com/corporate/Jamnalal_bajajauto_02012012.zip,"Jamnalal Sons Pvt. Ltd. has submitted to the Exchange a copy of Disclosure under Regulation 31(2) of SEBI (Substantial Acquisition of Shares & Takeovers) Regulations, 2011.",,,Disclosure under SEBI Takeover Regulations,-,02012012165800,-,-,False,,,,Automobiles - 2 And 3 Wheelers,INE917I01010,Bajaj Auto Limited,2012-01-02 16:58:00,BAJAJ-AUTO
02-Jan-2012 09:54:00,,https://nsearchives.nseindia.com/corporate/Bajajauto_pr_02012012.zip,"Bajaj Auto Limited has informed the Exchange vide its letter dated January 02, 2011 regarding press release titled ""Bajaj Exceeds Million Sales in a Quarter- Third Time in A Row"".",,,Press Release,-,02012012095400,-,-,False,,,,Automobiles - 2 And 3 Wheelers,INE917I01010,Bajaj Auto Limited,2012-01-02 09:54:00,BAJAJ-AUTO
02-Dec-2011 09:31:00,,https://nsearchives.nseindia.com/corporate/Bajajauto_Up1_02122011.zip,"Bajaj Auto Limited has informed the Exchange vide its letter dated December 02, 2011 regarding press release ""Bajaj Records Best Ever November Sales"".",,,Press Release,-,02122011093100,-,-,False,,,,Automobiles - 2 And 3 Wheelers,INE917I01010,Bajaj Auto Limited,2011-12-02 09:31:00,BAJAJ-AUTO
02-Nov-2011 18:05:00,,https://nsearchives.nseindia.com/corporate/Jamnalal_Reg_02112011.zip,"Jamnalal Sons Private Limited has submitted to the Exchange a copy of Disclosure under Regulation 31 (1) and 31 (2) of SEBI ( Substantial Acquisition of Shares and Takeovers) Regulations, 2011.",,,Disclosure under SEBI Takeover Regulations,-,02112011180500,-,-,False,,,,Automobiles - 2 And 3 Wheelers,INE917I01010,Bajaj Auto Limited,2011-11-02 18:05:00,BAJAJ-AUTO
02-Nov-2011 15:17:00,,https://nsearchives.nseindia.com/corporate/Rahulbajaj_REG_02112011.zip,"Rahul Bajaj has submitted to the Exchange a copy of Disclosure under Regulation 31 (1) and 31 (2) of SEBI ( Substantial Acquisition of Shares and Takeovers) Regulations, 2011.",,,Disclosure under SEBI Takeover Regulations,-,02112011151700,-,-,False,,,,Automobiles - 2 And 3 Wheelers,INE917I01010,Bajaj Auto Limited,2011-11-02 15:17:00,BAJAJ-AUTO
02-Nov-2011 15:14:00,,https://nsearchives.nseindia.com/corporate/Baroda_Reg_02112011.zip,"Baroda Industries Pvt. Ltd has submitted to the Exchange a copy of Disclosure under Regulation 31 (1) and 31 (2) of SEBI ( Substantial Acquisition of Shares and Takeovers) Regulations, 2011.",,,Disclosure under SEBI Takeover Regulations,-,02112011151400,-,-,False,,,,Automobiles - 2 And 3 Wheelers,INE917I01010,Bajaj Auto Limited,2011-11-02 15:14:00,BAJAJ-AUTO
02-Nov-2011 09:57:00,,https://nsearchives.nseindia.com/corporate/BAJAJauto01_PR_02112011.zip,"Bajaj Auto Limited has informed the Exchange regarding a press release dated November 02, 2011, titled ""BAJAJ RECORDS ITS HIGHEST EVER OCTOBER SALES"".",,,Press Release,-,02112011095700,-,-,False,,,,Automobiles - 2 And 3 Wheelers,INE917I01010,Bajaj Auto Limited,2011-11-02 09:57:00,BAJAJ-AUTO
20-Oct-2011 13:01:00,,https://nsearchives.nseindia.com/corporate/BajajAuto_pr_20102011.zip,"Bajaj Auto Limited has informed the Exchange regarding a press release dated October 20, 2011, titled ""Q2/FY12"".",,,Press Release,-,20102011130100,-,-,False,,,,Automobiles - 2 And 3 Wheelers,INE917I01010,Bajaj Auto Limited,2011-10-20 13:01:00,BAJAJ-AUTO
20-Oct-2011 12:57:00,,-,Bajaj Auto Limited has informed the Exchange regarding the standalone Results for the quarter ended on 30-SEP-2011 as follows: Net Sales of Rs. 504648 lacs for quarter ending on 30-SEP-2011 against Rs. 418091 lacs for the quarter ending on 30-SEP-2010. Net Profit / (Loss) of Rs. 72580 lacs for the quarter ending on 30-SEP-2011 against Rs. 68208 lacs for the quarter ending on 30-SEP-2010.,,,"Results Update, Quarter ended, 30-SEP-2011 (Standalone)",-,20102011125700,-,-,False,,,,Automobiles - 2 And 3 Wheelers,INE917I01010,Bajaj Auto Limited,2011-10-20 12:57:00,BAJAJ-AUTO
20-Oct-2011 12:53:33,,https://nsearchives.nseindia.com/corporate/BAJAJ-AUTO_30SEP2011_S_Q2H.zip,"Bajaj Auto Limited has submitted to the Exchange the Standalone Financial Results for the period ended September 30,2011.",,,Financial Result Updates,-,20102011125333,-,-,False,,,5878,Automobiles - 2 And 3 Wheelers,INE917I01010,Bajaj Auto Limited,2011-10-20 12:53:33,BAJAJ-AUTO
04-Oct-2011 13:41:00,,https://nsearchives.nseindia.com/corporate/BAJAJAUTO_REG_04102011.zip,"Bajaj Auto Limited has submitted to the Exchange a copy of the Disclosure under Regulation 13(4), 13(4A) and 13(6) of the SEBI (Prohibition of Insider Trading) Regulations, 1992.",,,Disclosure under Insider Trading Regulation,-,04102011134100,-,-,False,,,,Automobiles - 2 And 3 Wheelers,INE917I01010,Bajaj Auto Limited,2011-10-04 13:41:00,BAJAJ-AUTO
03-Oct-2011 09:42:00,,https://nsearchives.nseindia.com/corporate/BajajAuto_pr_03102011.zip,"Bajaj Auto Limited has informed the Exchange regarding a press release dated October 03, 2011, being issued by the Company in respect of sales for the month of September, 2011.",,,Press Release,-,03102011094200,-,-,False,,,,Automobiles - 2 And 3 Wheelers,INE917I01010,Bajaj Auto Limited,2011-10-03 09:42:00,BAJAJ-AUTO
29-Sep-2011 16:45:00,,https://nsearchives.nseindia.com/corporate/BajajAuto01_Reg_29092011.zip,"Bajaj Auto Limited has submitted to the Exchange a Copy of Disclosures under Regulation 13(4), 13(4A) and 13(6) of SEBI (Prohibition of Insider Trading) Regulations, 1992.",,,Disclosure under Insider Trading Regulation,-,29092011164500,-,-,False,,,,Automobiles - 2 And 3 Wheelers,INE917I01010,Bajaj Auto Limited,2011-09-29 16:45:00,BAJAJ-AUTO
28-Sep-2011 16:28:00,,https://nsearchives.nseindia.com/corporate/BajajAuto_Reg_28092011.zip,"Bajaj Auto Limited has submitted to the Exchange a copy of the disclosure pursuant to Regulation 13(4), 13(4A) and 13(6) of the SEBI (Prohibition of Insider Trading) Regulations, 1992.",,,Disclosure under Insider Trading Regulation,-,28092011162800,-,-,False,,,,Automobiles - 2 And 3 Wheelers,INE917I01010,Bajaj Auto Limited,2011-09-28 16:28:00,BAJAJ-AUTO
26-Sep-2011 17:02:00,,https://nsearchives.nseindia.com/corporate/Bajajauto_reg_26092011.zip,"Bajaj Auto Limited has submitted to the Exchange a copy of Disclosure under Regulation 13(6) of SEBI (Prohibition of Insider Trading) Regulations, 1992.",,,Disclosure under Insider Trading Regulation,-,26092011170200,-,-,False,,,,Automobiles - 2 And 3 Wheelers,INE917I01010,Bajaj Auto Limited,2011-09-26 17:02:00,BAJAJ-AUTO
02-Sep-2011 09:22:00,,https://nsearchives.nseindia.com/corporate/bajajauto_pr_02092011.zip,"Bajaj Auto Limited has informed the Exchange regarding a press release dated September 02, 2011, titled ""BAJAJ RECORDS ITS HIGHEST EVER MONTHLY SALES"".",,,Press Release,-,02092011092200,-,-,False,,,,Automobiles - 2 And 3 Wheelers,INE917I01010,Bajaj Auto Limited,2011-09-02 09:22:00,BAJAJ-AUTO
18-Aug-2011 12:39:00,,https://nsearchives.nseindia.com/corporate/BAJAJAUTO_MAGM_18082011.zip,"Bajaj Auto Limited has submitted to the Exchange a copy of the minutes of the Annual General Meeting of the Shareholders of the Company held on July 14, 2011.",,,Minutes of Annual General Meeting,-,18082011123900,-,-,False,,,,Automobiles - 2 And 3 Wheelers,INE917I01010,Bajaj Auto Limited,2011-08-18 12:39:00,BAJAJ-AUTO
02-Aug-2011 09:54:00,,https://nsearchives.nseindia.com/corporate/bajajauto_pr_02082011.zip,"Bajaj Auto Limited has informed the Exchange regarding a press release dated August 02, 2011, being issued by the Company in respect of sales for the month of July, 2011.",,,Press Release,-,02082011095400,-,-,False,,,,Automobiles - 2 And 3 Wheelers,INE917I01010,Bajaj Auto Limited,2011-08-02 09:54:00,BAJAJ-AUTO
19-Jul-2011 17:11:00,,https://nsearchives.nseindia.com/corporate/BajajAuto01_agmoutcome_19072011.zip,"Bajaj Auto Limited has informed the Exchange regarding the Outcome of Annual General Meeting of the Company held on July 14, 2011.",,,Outcome of Annual General Meeting,-,19072011171100,-,-,False,,,,Automobiles - 2 And 3 Wheelers,INE917I01010,Bajaj Auto Limited,2011-07-19 17:11:00,BAJAJ-AUTO
14-Jul-2011 11:30:00,,https://nsearchives.nseindia.com/corporate/BAJAJAUTO_PR_14072011.zip,"Bajaj Auto Limited has informed the Exchange regarding a press release dated July 14, 2011, titled ""Best Quarter Ever"".",,,Press Release,-,14072011113000,-,-,False,,,,Automobiles - 2 And 3 Wheelers,INE917I01010,Bajaj Auto Limited,2011-07-14 11:30:00,BAJAJ-AUTO
14-Jul-2011 11:22:04,,https://nsearchives.nseindia.com/corporate/BAJAJ-AUTO_30JUN2011_S_Q1.zip,"Bajaj Auto Limited has submitted to the Exchange the Standalone Financial Results for the period ended June 30,2011.",,,Financial Result Updates,-,14072011112204,-,-,False,,,4204,Automobiles - 2 And 3 Wheelers,INE917I01010,Bajaj Auto Limited,2011-07-14 11:22:04,BAJAJ-AUTO
14-Jul-2011 11:19:00,,-,Bajaj Auto Limited has informed the Exchange regarding the standalone Results for the quarter ended on 30-JUN-2011 as follows: Net Sales of Rs. 458691 lacs for quarter ending on 30-JUN-2011 against Rs. 373729 lacs for the quarter ending on 30-JUN-2010. Net Profit / (Loss) of Rs. 71106 lacs for the quarter ending on 30-JUN-2011 against Rs. 59015 lacs for the quarter ending on 30-JUN-2010.,,,"Results Update, Quarter ended, 30-JUN-2011 (Standalone)",-,14072011111900,-,-,False,,,,Automobiles - 2 And 3 Wheelers,INE917I01010,Bajaj Auto Limited,2011-07-14 11:19:00,BAJAJ-AUTO
04-Jul-2011 09:45:00,,https://nsearchives.nseindia.com/corporate/BAJAJ_pr_04072011.zip,"Bajaj Auto Limited has informed the Exchange regarding a press release dated July 04, 2011, titled ""BAJAJ RECORDS ITS HIGHEST EVER QUARTERLY SALES.""",,,Press Release,-,04072011094500,-,-,False,,,,Automobiles - 2 And 3 Wheelers,INE917I01010,Bajaj Auto Limited,2011-07-04 09:45:00,BAJAJ-AUTO
02-Jun-2011 09:44:00,,https://nsearchives.nseindia.com/corporate/BAJAJAUTO_PR_02062011.zip,"Bajaj Auto Limited has informed the Exchange regarding a press release dated June 02, 2011, titled ""BAJAJ AUTO RECORDS ITS HIGHEST EVER MAY SALES.""",,,Press Release,-,02062011094400,-,-,False,,,,Automobiles - 2 And 3 Wheelers,INE917I01010,Bajaj Auto Limited,2011-06-02 09:44:00,BAJAJ-AUTO
23-May-2011 18:08:00,,-,"Bajaj Auto Limited has informed the Exchange that the Register of Members and Share Transfer Books shall remain closed from July 01, 2011 to July 14, 2011 (both days inclusive) for the purposes of Annual General Meeting scheduled on July 14, 2011 and payment of dividend upon being declared thereat. Further the Payment of dividend when declared at the Annual General Meeting being convened on July 14, 2011 will be credited / dispatched between July 18, 2011 and July 20, 2011.",,,AGM / Book Closure,-,23052011180800,-,-,False,,,,Automobiles - 2 And 3 Wheelers,INE917I01010,Bajaj Auto Limited,2011-05-23 18:08:00,BAJAJ-AUTO
18-May-2011 13:32:00,,https://nsearchives.nseindia.com/corporate/bajajauto_pr_18052011.zip,"Bajaj Auto Limited has informed the Exchange  vide its letter dated May 18, 2011 regarding a press release  titled ""A year of Excellence Motorcycles, Commercial vehicles, Exports,Turnover and Profits - recorded New Highs !"".",,,Press Release,-,18052011133200,-,-,False,,,,Automobiles - 2 And 3 Wheelers,INE917I01010,Bajaj Auto Limited,2011-05-18 13:32:00,BAJAJ-AUTO
18-May-2011 13:28:00,,-,"Bajaj Auto Limited has informed the Exchange that the Board of Directors of the Company  at its meeting held on May 18, 2011 have recommended a dividend of Rs.40 per share (400%) subject to approval of shareholders.",,,Dividend,-,18052011132800,-,-,False,,,,Automobiles - 2 And 3 Wheelers,INE917I01010,Bajaj Auto Limited,2011-05-18 13:28:00,BAJAJ-AUTO
18-May-2011 13:26:00,,-,Bajaj Auto Limited has informed the Exchange regarding the consolidated Results for the year ended on 31-MAR-2011 as follows: Net Sales of Rs. 1602870 lacs for year ending on 31-MAR-2011 against Rs. 1154316 lacs for the year ending on 31-MAR-2010. Net Profit / (Loss) of Rs. 345489 lacs for the year ending on 31-MAR-2011 against Rs. 159460 lacs for the year ending on 31-MAR-2010.,,,"Results Update, Year ended, 31-MAR-2011 (Consolidated)",-,18052011132600,-,-,False,,,,Automobiles - 2 And 3 Wheelers,INE917I01010,Bajaj Auto Limited,2011-05-18 13:26:00,BAJAJ-AUTO
18-May-2011 13:25:00,,-,Bajaj Auto Limited has informed the Exchange regarding the standalone Results for the year ended on 31-MAR-2011 as follows: Net Sales of Rs. 1599812 lacs for year ending on 31-MAR-2011 against Rs. 1150850 lacs for the year ending on 31-MAR-2010. Net Profit / (Loss) of Rs. 333973 lacs for the year ending on 31-MAR-2011 against Rs. 170011 lacs for the year ending on 31-MAR-2010.,,,"Results Update, Year ended, 31-MAR-2011 (Standalone)",-,18052011132500,-,-,False,,,,Automobiles - 2 And 3 Wheelers,INE917I01010,Bajaj Auto Limited,2011-05-18 13:25:00,BAJAJ-AUTO
18-May-2011 13:22:38,,https://nsearchives.nseindia.com/corporate/BAJAJ-AUTO_31MAR2011_B_Q4A.zip,"Bajaj Auto Limited has submitted to the Exchange the Standalone and Consolidated Financial Results for the period ended March 31,2011.",,,Financial Result Updates,-,18052011132238,-,-,False,,,3518,Automobiles - 2 And 3 Wheelers,INE917I01010,Bajaj Auto Limited,2011-05-18 13:22:38,BAJAJ-AUTO
02-May-2011 10:12:00,,https://nsearchives.nseindia.com/corporate/BajajAuto_pr_02052011.zip,"Bajaj Auto Limited has informed the Exchange regarding a press release dated May 02, 2011, titled ""BAJAJ RECORDS ITS HIGHEST EVER APRIL SALES"".",,,Press Release,-,02052011101200,-,-,False,,,,Automobiles - 2 And 3 Wheelers,INE917I01010,Bajaj Auto Limited,2011-05-02 10:12:00,BAJAJ-AUTO
04-Apr-2011 10:16:00,,https://nsearchives.nseindia.com/corporate/bajajauto_pr_04042011.zip,"Bajaj Auto Limited has informed the Exchange regarding a press release dated April 04, 2011 issued by the Company in respect of sales for the month of March 2011.",,,Press Release,-,04042011101600,-,-,False,,,,Automobiles - 2 And 3 Wheelers,INE917I01010,Bajaj Auto Limited,2011-04-04 10:16:00,BAJAJ-AUTO
02-Mar-2011 11:46:00,,https://nsearchives.nseindia.com/corporate/Bajajauto_PR_02032011.zip,"Bajaj Auto Limited has informed the Exchange regarding a press release dated March 02, 2011, titled ""CUMULATIVE PULSAR SALES EXCEED 4 MILLION MOTORCYCLES IN FEBRUARY 2011"".",,,Press Release,-,02032011114600,-,-,False,,,,Automobiles - 2 And 3 Wheelers,INE917I01010,Bajaj Auto Limited,2011-03-02 11:46:00,BAJAJ-AUTO
02-Feb-2011 09:52:00,,https://nsearchives.nseindia.com/corporate/BajajAuto_PR1_02022011.zip,"Bajaj Auto Limited has informed the Exchange regarding a press release dated February 02, 2011 issued by the Company in respect of sales for the month of January 2011.",,,Press Release,-,02022011095200,-,-,False,,,,Automobiles - 2 And 3 Wheelers,INE917I01010,Bajaj Auto Limited,2011-02-02 09:52:00,BAJAJ-AUTO
19-Jan-2011 13:36:00,,https://nsearchives.nseindia.com/corporate/bajauto_pr_19012011.zip,"Bajaj Auto Limited has informed the Exchange regarding a press release dated January 19, 2011 on unaudited financial results of the company for the financial year ended December 31, 2010, titled ""Q3 / FY11"".",,,Press Release,-,19012011133600,-,-,False,,,,Automobiles - 2 And 3 Wheelers,INE917I01010,Bajaj Auto Limited,2011-01-19 13:36:00,BAJAJ-AUTO
19-Jan-2011 13:24:00,,-,Bajaj Auto Limited has informed the Exchange regarding the standalone Results for the quarter ended on 31-DEC-2010 as follows: Net Sales of Rs. 402818 lacs for quarter ending on 31-DEC-2010 against Rs. 316584 lacs for the quarter ending on 31-DEC-2009. Net Profit / (Loss) of Rs. 66711 lacs for the quarter ending on 31-DEC-2010 against Rs. 47514 lacs for the quarter ending on 31-DEC-2009.,,,"Results Update, Quarter ended, 31-DEC-2010 (Standalone)",-,19012011132400,-,-,False,,,,Automobiles - 2 And 3 Wheelers,INE917I01010,Bajaj Auto Limited,2011-01-19 13:24:00,BAJAJ-AUTO
19-Jan-2011 13:20:40,,https://nsearchives.nseindia.com/corporate/BAJAJ-AUTO_31DEC2010_S_Q3.zip,"Bajaj Auto Limited has submitted to the Exchange the Standalone Financial Results for the period ended December 31,2010.",,,Financial Result Updates,-,19012011132040,-,-,False,,,1474,Automobiles - 2 And 3 Wheelers,INE917I01010,Bajaj Auto Limited,2011-01-19 13:20:40,BAJAJ-AUTO
03-Jan-2011 12:03:00,,https://nsearchives.nseindia.com/corporate/BajajAuto_pr_03012011.zip,"Bajaj Auto Limited has informed the Exchange regarding a press release dated January 03, 2011, titled ""BEST DECEMBER SALES EVER FOR BAJAJ AUTO"".",,,Press Release,-,03012011120300,-,-,False,,,,Automobiles - 2 And 3 Wheelers,INE917I01010,Bajaj Auto Limited,2011-01-03 12:03:00,BAJAJ-AUTO
02-Dec-2010 11:59:00,,https://nsearchives.nseindia.com/corporate/bajaauto_pr_02122010.zip,"Bajaj Auto Limited has informed the Exchange regarding a press release dated December 02, 2010, titled ""Bajaj Sales November 2010"".",,,Press Release,-,02122010115900,-,-,False,,,,Automobiles - 2 And 3 Wheelers,INE917I01010,Bajaj Auto Limited,2010-12-02 11:59:00,BAJAJ-AUTO
03-Nov-2010 17:39:00,,https://nsearchives.nseindia.com/corporate/bajaj_pr_03112010.zip,"Bajaj Auto Limited has informed the Exchange regarding a press release dated November 03, 2010, issued by the Company in respect of investment in KTM Power Sports AG.",,,Press Release,-,03112010173900,-,-,False,,,,Automobiles - 2 And 3 Wheelers,INE917I01010,Bajaj Auto Limited,2010-11-03 17:39:00,BAJAJ-AUTO
02-Nov-2010 10:09:00,,https://nsearchives.nseindia.com/corporate/BAJAJAUTO_PR_02112010.zip,"Bajaj Auto Limited has informed the Exchange regarding a press release vide its letter dated November 02, 2010 titled ""BAJAJ MOTORCYCLE & COMMERCIAL VEHICLE SALES AT AN ALL-TIME HIGH.""",,,Press Release,-,02112010100900,-,-,False,,,,Automobiles - 2 And 3 Wheelers,INE917I01010,Bajaj Auto Limited,2010-11-02 10:09:00,BAJAJ-AUTO
19-Oct-2010 13:14:00,,https://nsearchives.nseindia.com/corporate/bajajauto_pr_19102010.zip,"Bajaj Auto Limited has informed the Exchange regarding a press release dated October 19, 2010, titled ""Press Release: Q2/FY11; Sacling new highs!!"".",,,Press Release,-,19102010131400,-,-,False,,,,Automobiles - 2 And 3 Wheelers,INE917I01010,Bajaj Auto Limited,2010-10-19 13:14:00,BAJAJ-AUTO
19-Oct-2010 13:09:53,,https://nsearchives.nseindia.com/corporate/BAJAJ-AUTO_30SEP2010_S_Q2H.zip,"Bajaj Auto Limited has submitted to the Exchange the Standalone Financial Results for the period ended September 30,2010.",,,Financial Result Updates,-,19102010130953,-,-,False,,,56,Automobiles - 2 And 3 Wheelers,INE917I01010,Bajaj Auto Limited,2010-10-19 13:09:53,BAJAJ-AUTO
19-Oct-2010 13:08:00,,-,Bajaj Auto Limited has informed the Exchange regarding the standalone Results for the quarter ended on 30-SEP-2010 as follows: Net Sales of Rs. 418091 lacs for quarter ending on 30-SEP-2010 against Rs. 279322 lacs for the quarter ending on 30-SEP-2009. Net Profit / (Loss) of Rs. 68208 lacs for the quarter ending on 30-SEP-2010 against Rs. 40283 lacs for the quarter ending on 30-SEP-2009.,,,"Results Update, Quarter ended, 30-SEP-2010 (Standalone)",-,19102010130800,-,-,False,,,,Automobiles - 2 And 3 Wheelers,INE917I01010,Bajaj Auto Limited,2010-10-19 13:08:00,BAJAJ-AUTO
04-Oct-2010 09:01:00,,https://nsearchives.nseindia.com/corporate/BAJAUTO_pr_04102010.ZIP,"Bajaj Auto Limited has informed the Exchange regarding a press release dated October 4, 2010, titled ""Bajaj Sales at a New High in September 2010"".",,,Press Release,-,04102010090100,-,-,False,,,,Automobiles - 2 And 3 Wheelers,INE917I01010,Bajaj Auto Limited,2010-10-04 09:01:00,BAJAJ-AUTO
13-Sep-2010 15:14:00,,-,"Bajaj Auto Limited has informed the Exchange that the approval of the shareholders and authority conferred by the Board of Directors, the Share Allotment Committee at its meeting held on September 13, 2010 has made the allotment of 144,683,510 equity shares of Rs.10/- each as Bonus Shares in Proportion of 1 equity share of Rs.10/- each for every 1 equity share of Rs.10/- each to those members of the Company entitled thereto as on September 10, 2010 being the Record Date fixed for the purpose. Post allotment, the issued, subscribed and paid up capital of the Company has increased from Rs. 1,446,835,100 to Rs.2,893,670,200 divided into 289,367,020 equity shares of Rs.10/- each.",,,Allotment of Securities,-,13092010151400,-,-,False,,,,Automobiles - 2 And 3 Wheelers,INE917I01010,Bajaj Auto Limited,2010-09-13 15:14:00,BAJAJ-AUTO
02-Sep-2010 10:43:00,,https://nsearchives.nseindia.com/corporate/BAJAJ_PR_02092010.ZIP,"Bajaj Auto Limited has informed the Exchange regarding a press release dated  September 02, 2010, titled ""Bajaj Sales at an all time high in August 2010"".",,,Press Release,-,02092010104300,-,-,False,,,,Automobiles - 2 And 3 Wheelers,INE917I01010,Bajaj Auto Limited,2010-09-02 10:43:00,BAJAJ-AUTO
01-Sep-2010 10:42:00,,-,"Bajaj Auto Limited has informed the Exchange that pursuant to the authority conferred by the Board of Directors, the Committee of Directors has resolved to fix September 10, 2010 as the record date to determine the eligible shareholders, who are entitled to receive the bonus shares for issue of bonus shares in the ratio of 1:1 (one new share of Rs.10/- each for one existing equity share of Rs.10/- each).",,,Record Date,-,01092010104200,-,-,False,,,,Automobiles - 2 And 3 Wheelers,INE917I01010,Bajaj Auto Limited,2010-09-01 10:42:00,BAJAJ-AUTO
31-Aug-2010 18:57:00,,https://nsearchives.nseindia.com/corporate/BajajAuto_opb_31082010.zip,"Bajaj Auto Limited has informed the Exchange that the following resolutions are passed by the shareholders of the Company with the requisite majority:(1) Ordinary Resolution under Section 16 and 94 of the Companies Act, 1956 for increase in Authorised Share Capital and Alteration of Memorandum of Association of the Company (MOA) by altering Clause V of the MOA. (2) Ordinary resolution for issue of bonus shares to the shareholders in the ratio of 1:1 by capitalizing a part of the amount standing to the credit of General Reserve Account. (3A & 3B) Special Resolution under Section 31 of the Companies Act, 1956 for Alteration of Articles 167 and Article 13 of Articles of Association of the Company. (4) Special Resolution under Section 372A of the Companies Act, 1956 for increase in limit for inter-corporate loans and investments.",,,Outcome of Postal Ballot,-,31082010185700,-,-,False,,,,Automobiles - 2 And 3 Wheelers,INE917I01010,Bajaj Auto Limited,2010-08-31 18:57:00,BAJAJ-AUTO
23-Aug-2010 12:25:00,,https://nsearchives.nseindia.com/corporate/bajajauto_minutesofagm_23082010.zip,"Bajaj Auto Limited has submitted to the Exchange a copy of Minutes of the Annual General Meeting of the Shareholders held on July 22, 2010.",,,Minutes of Annual General Meeting,-,23082010122500,-,-,False,,,,Automobiles - 2 And 3 Wheelers,INE917I01010,Bajaj Auto Limited,2010-08-23 12:25:00,BAJAJ-AUTO
04-Aug-2010 18:37:00,,https://nsearchives.nseindia.com/corporate/BAJAJAUTO_pb_04082010.zip,"Bajaj Auto Limited has informed the Exchange that pursuant to Section 192A(2) of the Companies Act, 1956, read with the Companies (Passing of the Resolution by Postal Ballot) Rules, 2001, that the resolutions appended below are proposed to be passed as Ordinary/Special Resolutions as the case may be by way of Postal Ballot : (1) Ordinary Resolution for increase in Authorized share capital and alteration of Memorandum of Association of the Company; (2) Ordinary Resolution for capitalization of reserves and issue of bonus shares to shareholders; (3)(A) Special Resolution for amendment of Articles of Association of the Company - alteration of Article 167 - authority for issue of bonus shares; (3)(B) Special Resolution for amendment of Articles of Association of the Company - alteration of Article 13 - authority for buy-back of shares; (4) Special Resolution for increase in limit of inter-corporate loans & investments under Section 372A of Companies Act, 1956.",,,Notice of Postal Ballot,-,04082010183700,-,-,False,,,,Automobiles - 2 And 3 Wheelers,INE917I01010,Bajaj Auto Limited,2010-08-04 18:37:00,BAJAJ-AUTO
02-Aug-2010 10:10:00,,https://nsearchives.nseindia.com/corporate/bajaj_pr_02082010.zip,"Bajaj Auto Limited has informed the Exchange regarding a Press Release dated August 01, 2010 titled ""Bajaj records highest ever sales in July 2010"".",,,Press Release,-,02082010101000,-,-,False,,,,Automobiles - 2 And 3 Wheelers,INE917I01010,Bajaj Auto Limited,2010-08-02 10:10:00,BAJAJ-AUTO
27-Jul-2010 16:41:00,,-,"Bajaj Auto Limited has informed the Exchange that the Members of the Company, at their Annual General Meeting (AGM) held on July 22, 2010, have unanimously approved the following : (1) Adoption of audited balance sheet as at March 31, 2010 and the Profit and Loss Account for the year ended March 31, 2010 and the directors' and auditors' report thereon; (2) Declaration of Dividend of Rs. 40/- per equity share (400%); (3) Re-appointment of Shri. J N Godrej as Director; (4) Re-appointment of Shri. S H Khan as Director; (5) Re-appointment of Smt. Suman Kirlosakar as Director; (6) Re-appointment of Shri. Naresh Chandra as Director; (7) Re-appointment of M/s Dalal & Shah, Chartered Accountants, as auditors for the period commencing from the conclusion of this AGM till the conclusion of next AGM on a remuneration of Rs. 6,000,000 (Rupees Six Million Only) plus the service tax thereon, if any, and reimbursement of travelling and other out-of-pocket expenses; (8) Re-appointment of Shri. Rahul Bajaj as Chairman for a fresh term of five years and fixing his remuneration (as a Special Resolution); (9) Re-appointment of Shri. Madhur Bajaj as Vice Chairman for a fresh term of five years and fixing his remuneration (as a Special Resolution); (10) Re-appointment of Shri. Rajiv Bajaj as Managing Director for a fresh term of Five years and fixing his remuneration (as a Special Resolution).",,,Outcome of Annual General Meeting,-,27072010164100,-,-,False,,,,Automobiles - 2 And 3 Wheelers,INE917I01010,Bajaj Auto Limited,2010-07-27 16:41:00,BAJAJ-AUTO
22-Jul-2010 11:25:00,,-,"Bajaj Auto Limited has informed the Exchange that the Board of Directors has recommended at its meeting held on July 22, 2010 subject to the approval of the shareholders: (1) issue of bonus shares in the proportion of 1 (one) equity share of Rs. 10/- each for every 1(one) existing Equity Share of the company of Rs. 10/- each held by the members on a date to be fixed by the Board, by capitalizing a part of the General Reserves Account; and (2) Increase in authorized share capital from Rs. 150 Crore divided into 15 crore equity share of Rs. 10/- each to Rs. 300 crore divided into 30 crore equity shares of Rs. 10/- each.",,,Bonus,-,22072010112500,-,-,False,,,,Automobiles - 2 And 3 Wheelers,INE917I01010,Bajaj Auto Limited,2010-07-22 11:25:00,BAJAJ-AUTO
22-Jul-2010 11:24:00,,https://nsearchives.nseindia.com/corporate/bajajauto_pr_22072010.zip,"Bajaj Auto Limited has informed the Exchange regarding a press release dated July 22, 2010, with respect to unaudited financial results for the first quarter ended June 30, 2010.",,,Press Release,-,22072010112400,-,-,False,,,,Automobiles - 2 And 3 Wheelers,INE917I01010,Bajaj Auto Limited,2010-07-22 11:24:00,BAJAJ-AUTO
22-Jul-2010 11:18:00,,-,Bajaj Auto Limited has informed the Exchange regarding the standalone Results for the quarter ended on 30-JUN-2010 as follows: Net Sales of Rs. 373729 lacs for quarter ending on 30-JUN-2010 against Rs. 225899 lacs for the quarter ending on 30-JUN-2009. Net Profit / (Loss) of Rs. 59015 lacs for the quarter ending on 30-JUN-2010 against Rs. 29349 lacs for the quarter ending on 30-JUN-2009.,,,"Results Update, Quarter ended, 30-JUN-2010 (Standalone)",-,22072010111800,-,-,False,,,,Automobiles - 2 And 3 Wheelers,INE917I01010,Bajaj Auto Limited,2010-07-22 11:18:00,BAJAJ-AUTO
02-Jul-2010 09:57:00,,https://nsearchives.nseindia.com/corporate/Bajaj_PR_02072010.zip,"Bajaj Auto Limited has informed the Exchange regarding a Press Release dated July 02, 2010 titled ""Bajaj records highest ever sales in June 2010"".",,,Press Release,-,02072010095700,-,-,False,,,,Automobiles - 2 And 3 Wheelers,INE917I01010,Bajaj Auto Limited,2010-07-02 09:57:00,BAJAJ-AUTO
01-Jun-2010 12:22:00,,https://nsearchives.nseindia.com/corporate/bajajauto_pr_01062010.zip,"Bajaj Auto Limited has informed the Exchange regarding a press release dated June 1, 2010, titled ""Bajaj Records its Highest Ever May Sales""",,,Press Release,-,01062010122200,-,-,False,,,,Automobiles - 2 And 3 Wheelers,INE917I01010,Bajaj Auto Limited,2010-06-01 12:22:00,BAJAJ-AUTO
24-May-2010 16:01:00,,-,"Bajaj Auto Limited has informed the Exchange that the Register of Members and Share Transfer Books shall remain closed from July 10, 2010 to July 22, 2010 (both days inclusive) for the purposes of Annual General Meeting scheduled on July 22, 2010 and payment of dividend upon being declared thereat. Further Payment of dividend when declared at the Annual General Meeting will be made on or after July 26, 2010.",,,AGM/Book Closure,-,24052010160100,-,-,False,,,,Automobiles - 2 And 3 Wheelers,INE917I01010,Bajaj Auto Limited,2010-05-24 16:01:00,BAJAJ-AUTO
12-May-2010 14:26:00,,-,"Bajaj Auto Limited has informed the Exchange that the Board of Directors of the Company , at its meeting held on May 12, 2010 have recommended a dividend of Rs.40 per share (400%) subject to approval of shareholders.",,,Dividend,-,12052010142600,-,-,False,,,,Automobiles - 2 And 3 Wheelers,INE917I01010,Bajaj Auto Limited,2010-05-12 14:26:00,BAJAJ-AUTO
12-May-2010 14:03:00,,https://nsearchives.nseindia.com/corporate/bajajauto_pr_12052010.zip,"Bajaj Auto Limited has informed the Exchange regarding a press release dated May 12, 2010, with respect to the Audited Financial of the Company for the Quarter & Year ended March 31, 2010.",,,Press Release,-,12052010140300,-,-,False,,,,Automobiles - 2 And 3 Wheelers,INE917I01010,Bajaj Auto Limited,2010-05-12 14:03:00,BAJAJ-AUTO
12-May-2010 13:57:00,,-,Bajaj Auto Limited has informed the Exchange regarding the standalone Results for the quarter ended on 31-MAR-2010 as follows: Net Sales of Rs. 329045 lacs for quarter ending on 31-MAR-2010 against Rs. 178754 lacs for the quarter ending on 31-MAR-2009. Net Profit / (Loss) of Rs. 52865 lacs for the quarter ending on 31-MAR-2010 against Rs. 13021 lacs for the quarter ending on 31-MAR-2009.,,,"Results Update, Quarter ended, 31-MAR-2010 (Standalone)",-,12052010135700,-,-,False,,,,Automobiles - 2 And 3 Wheelers,INE917I01010,Bajaj Auto Limited,2010-05-12 13:57:00,BAJAJ-AUTO
12-May-2010 13:56:00,,-,Bajaj Auto Limited has informed the Exchange regarding the consolidated Results for the year ended on 31-MAR-2010 as follows: Net Sales of Rs. 1154316 lacs for year ending on 31-MAR-2010 against Rs. 844603 lacs for the year ending on 31-MAR-2009. Net Profit / (Loss) of Rs. 159460 lacs for the year ending on 31-MAR-2010 against Rs. 53579 lacs for the year ending on 31-MAR-2009.,,,"Results Update, Year ended, 31-MAR-2010 (Consolidated)",-,12052010135600,-,-,False,,,,Automobiles - 2 And 3 Wheelers,INE917I01010,Bajaj Auto Limited,2010-05-12 13:56:00,BAJAJ-AUTO
12-May-2010 13:54:00,,-,Bajaj Auto Limited has informed the Exchange regarding the standalone Results for the year ended on 31-MAR-2010 as follows: Net Sales of Rs. 1150850 lacs for year ending on 31-MAR-2010 against Rs. 843694 lacs for the year ending on 31-MAR-2009. Net Profit / (Loss) of Rs. 170011 lacs for the year ending on 31-MAR-2010 against Rs. 65450 lacs for the year ending on 31-MAR-2009.,,,"Results Update, Year ended, 31-MAR-2010 (Standalone)",-,12052010135400,-,-,False,,,,Automobiles - 2 And 3 Wheelers,INE917I01010,Bajaj Auto Limited,2010-05-12 13:54:00,BAJAJ-AUTO
06-May-2010 19:04:00,,https://nsearchives.nseindia.com/corporate/bajaj_updates_06052010.zip,"Bajaj Auto Limited has submitted to the Exchange a copy of the abstract of the terms of appointment and remuneration and memorandum of interest of managerial personnel of the company under section 302 of the Companies Act, 1956.",,,Updates,-,06052010190400,-,-,False,,,,Automobiles - 2 And 3 Wheelers,INE917I01010,Bajaj Auto Limited,2010-05-06 19:04:00,BAJAJ-AUTO
03-May-2010 08:36:00,,https://nsearchives.nseindia.com/corporate/Bajajauto_pr_03052010.zip,"Bajaj Auto Limited has informed the Exchange vide its letter dated May 02, 2010 regarding a press release, titled ""Bajaj Records its Highest Ever Sales in April 2010"".",,,Press Release,-,03052010083600,-,-,False,,,,Automobiles - 2 And 3 Wheelers,INE917I01010,Bajaj Auto Limited,2010-05-03 08:36:00,BAJAJ-AUTO
16-Apr-2010 15:34:00,,-,"Bajaj Auto Limited has informed the Exchange vide its letter dated April 16, 2010 regarding a press release, titled ""KTM Capital increase"". A copy of the press release shall be available on the NSE website (http://www.nseindia.com) under: Corporates > Latest Announcements and on the Extranet Server (/Common/Corporate Announcements).<a href=/content/corporate/BAJAJAUTO_pr_16042010.ZIP target=NEW> For more details click here.</a>",,,Press Release,-,16042010153400,-,-,False,,,,Automobiles - 2 And 3 Wheelers,INE917I01010,Bajaj Auto Limited,2010-04-16 15:34:00,BAJAJ-AUTO
12-Apr-2010 10:09:00,,-,"Bajaj Auto Limited has informed the Exchange that the Company intends to publish its audited financial results for the year 2009-10, within a period of sixty days from the end of the last quarter of the said financial year and the company will not separately announce the unaudited financial results for the last quarter ended March 31, 2010.",,,Publish Audited Results,-,12042010100900,-,-,False,,,,Automobiles - 2 And 3 Wheelers,INE917I01010,Bajaj Auto Limited,2010-04-12 10:09:00,BAJAJ-AUTO
05-Apr-2010 08:31:00,,-,"Bajaj Auto Limited has informed the Exchange vide its letter dated April 02, 2010 regarding a press release, titled ""Bajaj has Record FY 2010, Targets 4 Million Vehicles in FY 2011 "". A copy of the press release shall be available on the NSE website (http://www.nseindia.com) under: Corporates > Latest Announcements and on the Extranet Server (/Common/Corporate Announcements).<a href=/content/corporate/BAJAJAUTO_pr_05042010.ZIP target=NEW> For more details click here.</a>",,,Press Release,-,05042010083100,-,-,False,,,,Automobiles - 2 And 3 Wheelers,INE917I01010,Bajaj Auto Limited,2010-04-05 08:31:00,BAJAJ-AUTO
02-Mar-2010 13:53:00,,-,"Bajaj Auto Limited has informed the Exchange vide its letter dated March 02, 2010 regarding a press release, titled ""Bajaj Motorcycles grow 80% in February 2010 "". A copy of the press release shall be available on the NSE website (http://www.nseindia.com) under: Corporates > Latest Announcements and on the Extranet Server (/Common/Corporate Announcements).<a href=/content/corporate/BAJAJAUTO_pr_02032010.ZIP target=NEW> For more details click here.</a>",,,Press Release,-,02032010135300,-,-,False,,,,Automobiles - 2 And 3 Wheelers,INE917I01010,Bajaj Auto Limited,2010-03-02 13:53:00,BAJAJ-AUTO
02-Feb-2010 12:09:00,,-,"Bajaj Auto Limited has informed the Exchange regarding a press release dated February 02, 2010, titled ""Bajaj Motorcycles grow 112% in January 2010 "". A copy of the press release shall be available on the NSE website (http://www.nseindia.com) under: Corporates > Latest Announcements and on the Extranet Server (/Common/Corporate Announcements).<a href=/content/corporate/BajajAuto_PR_02022010.zip target=NEW> For more details click here.</a>",,,Press Release,-,02022010120900,-,-,False,,,,Automobiles - 2 And 3 Wheelers,INE917I01010,Bajaj Auto Limited,2010-02-02 12:09:00,BAJAJ-AUTO
12-Jan-2010 17:18:00,,-,"Bajaj Auto Limited has informed the Exchange regarding a press release dated January 12, 2010, titled ""Another Quarter of Records"". A copy of the press release shall be available on the NSE website (http://www.nseindia.com) under: Corporates > Latest Announcements and on the Extranet Server (/Common/Corporate Announcements).<a href=/content/corporate/baja_pr_12012010.zip target=NEW> For more details click here.</a>",,,Press Release,-,12012010171800,-,-,False,,,,Automobiles - 2 And 3 Wheelers,INE917I01010,Bajaj Auto Limited,2010-01-12 17:18:00,BAJAJ-AUTO
12-Jan-2010 17:13:00,,-,Bajaj Auto Limited has informed the Exchange regarding the standalone Results for the quarter ended on 31-DEC-2009 as follows: Net Sales of Rs. 316584 lacs for quarter ending on 31-DEC-2009 against Rs. 200475 lacs for the quarter ending on 31-DEC-2008. Net Profit / (Loss) of Rs. 47514 lacs for the quarter ending on 31-DEC-2009 against Rs. 16427 lacs for the quarter ending on 31-DEC-2008.,,,"Results Update, Quarter ended, 31-DEC-2009 (Standalone)",-,12012010171300,-,-,False,,,,Automobiles - 2 And 3 Wheelers,INE917I01010,Bajaj Auto Limited,2010-01-12 17:13:00,BAJAJ-AUTO
04-Jan-2010 09:46:00,,-,"Bajaj Auto Limited has informed the Exchange regarding a press release dated January 04, 2010, titled ""Bajaj Motorcycles Grow 86% in December 2009.""A copy of the press release shall be available on the NSE website (http://www.nseindia.com) under: Corporates > Latest Announcements and on the Extranet Server (/Common/Corporate Announcements).<a href=/content/corporate/bajajauto_PR_04012010.zip target=NEW> For more details click here.</a>",,,Press Release,-,04012010094600,-,-,False,,,,Automobiles - 2 And 3 Wheelers,INE917I01010,Bajaj Auto Limited,2010-01-04 09:46:00,BAJAJ-AUTO
02-Dec-2009 12:11:00,,-,"Bajaj Auto Limited has informed the Exchange vide its letter dated December 02, 2009 regarding a press release titled ""BAJAJ MOTORCYCLES GROW 84% IN NOVEMBER 2009"". A copy of the press release shall be available on the NSE website (http://www.nseindia.com) under: Corporates > Latest Announcements and on the Extranet Server (/Common/Corporate Announcements).<a href=/content/corporate/bajajauto_pr_02122099.zip target=NEW> For more details click here.</a>",,,Press Release,-,02122009121100,-,-,False,,,,Automobiles - 2 And 3 Wheelers,INE917I01010,Bajaj Auto Limited,2009-12-02 12:11:00,BAJAJ-AUTO
03-Nov-2009 09:47:00,,-,"Bajaj Auto Limited has informed the Exchange vide its letter dated November 2, 2009 regarding a press release titled ""BAJAJ MOTORCYCLES GROW 52% IN OCTOBER 2009"". A copy of the press release shall be available on the NSE website (http://www.nseindia.com) under: Corporates > Latest Announcements and on the Extranet Server (/Common/Corporate Announcements).<a href=/content/corporate/BajajAuto_PR_03112009.ZIP target=NEW> For more details click here.</a>",,,Press Release,-,03112009094700,-,-,False,,,,Automobiles - 2 And 3 Wheelers,INE917I01010,Bajaj Auto Limited,2009-11-03 09:47:00,BAJAJ-AUTO
15-Oct-2009 13:10:00,,-,"Bajaj Auto Limited has informed the Exchange regarding a press release dated October 15, 2009, titled ""Press Release: Q2 / FY10"". A copy of the press release shall be available on the NSE website (http://www.nseindia.com) under: Corporates > Latest Announcements and on the Extranet Server (/Common/Corporate Announcements).<a href=/content/corporate/BAJAJAUTO_pr_15102009.zip target=NEW> For more details click here.</a>",,,Press Release,-,15102009131000,-,-,False,,,,Automobiles - 2 And 3 Wheelers,INE917I01010,Bajaj Auto Limited,2009-10-15 13:10:00,BAJAJ-AUTO
15-Oct-2009 13:07:00,,-,Bajaj Auto Limited has informed the Exchange regarding the standalone Results for the half year ended on 30-SEP-2009 as follows: Net Sales of Rs. 505221 lacs for half year ending on 30-SEP-2009 against Rs. 468224 lacs for the half year ending on 30-SEP-2008. Net Profit / (Loss) of Rs. 69632 lacs for the half year ending on 30-SEP-2009 against Rs. 36002 lacs for the half year ending on 30-SEP-2008.,,,"Results Update, Half Year ended, 30-SEP-2009 (Standalone)",-,15102009130700,-,-,False,,,,Automobiles - 2 And 3 Wheelers,INE917I01010,Bajaj Auto Limited,2009-10-15 13:07:00,BAJAJ-AUTO
15-Oct-2009 13:05:00,,-,Bajaj Auto Limited has informed the Exchange regarding the standalone Results for the quarter ended on 30-SEP-2009 as follows: Net Sales of Rs. 279322 lacs for quarter ending on 30-SEP-2009 against Rs. 245073 lacs for the quarter ending on 30-SEP-2008. Net Profit / (Loss) of Rs. 40283 lacs for the quarter ending on 30-SEP-2009 against Rs. 18491 lacs for the quarter ending on 30-SEP-2008.,,,"Results Update, Quarter ended, 30-SEP-2009 (Standalone)",-,15102009130500,-,-,False,,,,Automobiles - 2 And 3 Wheelers,INE917I01010,Bajaj Auto Limited,2009-10-15 13:05:00,BAJAJ-AUTO
05-Oct-2009 08:44:00,,-,"Bajaj Auto Limited has informed the Exchange regarding a press release titled ""BAJAJ SELLS 94,000 DISCOVERS"". A copy of the press release shall be available on the NSE website (http://www.nseindia.com) under: Corporates > Latest Announcements and on the Extranet Server (/Common/Corporate Announcements).<a href=/content/corporate/bajaj_pr_05102009.zip target=NEW> For more details click here.</a>",,,Press Release,-,05102009084400,-,-,False,,,,Automobiles - 2 And 3 Wheelers,INE917I01010,Bajaj Auto Limited,2009-10-05 08:44:00,BAJAJ-AUTO
02-Sep-2009 14:14:00,,-,"Bajaj Auto Limited has informed the Exchange regarding a press release dated September 02, 2009, titled ""BAJAJ SELLS 48,000 DISCOVERS IN LAUNCH MONTH"". A copy of the press release shall be available on the NSE website (http://www.nseindia.com) under: Corporates > Latest Announcements and on the Extranet Server (/Common/Corporate Announcements).<a href=/content/corporate/Bajajauto_pr_02092009.zip target=NEW> For more details click here.</a>",,,Press Release,-,02092009141400,-,-,False,,,,Automobiles - 2 And 3 Wheelers,INE917I01010,Bajaj Auto Limited,2009-09-02 14:14:00,BAJAJ-AUTO
12-Aug-2009 20:18:00,,-,"Bajaj Auto Limited has submitted to the Exchange a copy of the proceedings of the Annual General Meeting of the Company held on July 16, 2009. A copy of the same shall be available on the NSE website   (http://www.nseindia.com) under: Corporates > Latest Announcements and on the Extranet Server (/Common/Corporate Announcements).<a href=/content/corporate/bajajauto_min_12082009.zip target=NEW> For more details click here.</a>",,,Proceedings of AGM,-,12082009201800,-,-,False,,,,Automobiles - 2 And 3 Wheelers,INE917I01010,Bajaj Auto Limited,2009-08-12 20:18:00,BAJAJ-AUTO
03-Aug-2009 12:02:00,,-,"Bajaj Auto Limited has informed the Exchange regarding a press release dated August 03, 2009, titled ""Bajaj to Increase Motorcycle Production by 25%"". A copy of the press release shall be available on the NSE website (http://www.nseindia.com) under: Corporates > Latest Announcements and on the Extranet Server (/Common/Corporate Announcements).<a href=/content/corporate/BajajAuto_PR_03082009.zip target=NEW> For more details click here.</a>",,,Press Release,-,03082009120200,-,-,False,,,,Automobiles - 2 And 3 Wheelers,INE917I01010,Bajaj Auto Limited,2009-08-03 12:02:00,BAJAJ-AUTO
21-Jul-2009 19:32:00,,-,"Bajaj Auto Limited has informed the Exchange regarding the outcome of Annual General Meeting held on July 16, 2009. The details of the same shall be available on the NSE website   (http://www.nseindia.com) under: Corporates > Latest Announcements and on the Extranet Server (/Common/Corporate Announcements).<a href=/content/corporate/bajaauto_AGM_21072009.zip target=NEW> For more details click here.</a>",,,Outcome of AGM,-,21072009193200,-,-,False,,,,Automobiles - 2 And 3 Wheelers,INE917I01010,Bajaj Auto Limited,2009-07-21 19:32:00,BAJAJ-AUTO
16-Jul-2009 11:27:00,,-,"Bajaj Auto Limited has informed the Exchange regarding a press release dated July 16, 2009, titled ""Press Release: Q1FY10"". A copy of the press release shall be available on the NSE website (http://www.nseindia.com) under: Corporates > Latest Announcements and on the Extranet Server (/Common/Corporate Announcements).<a href=/content/corporate/BAJAJ_PR_16072009.zip target=NEW> For more details click here.</a>",,,Press Release,-,16072009112700,-,-,False,,,,Automobiles - 2 And 3 Wheelers,INE917I01010,Bajaj Auto Limited,2009-07-16 11:27:00,BAJAJ-AUTO
16-Jul-2009 11:23:00,,-,Bajaj Auto Limited has informed the Exchange regarding the standalone Results for the quarter ended on 30-JUN-2009 as follows: Net Sales of Rs. 225899 lacs for quarter ending on 30-JUN-2009 against Rs. 231076 lacs for the quarter ending on 30-JUN-2008. Net Profit / (Loss) of Rs. 29349 lacs for the quarter ending on 30-JUN-2009 against Rs. 17511 lacs for the quarter ending on 30-JUN-2008.,,,"Standalone Results Update, Quarter ended, 30-JUN-2009",-,16072009112300,-,-,False,,,,Automobiles - 2 And 3 Wheelers,INE917I01010,Bajaj Auto Limited,2009-07-16 11:23:00,BAJAJ-AUTO
02-Jul-2009 14:40:00,,-,"Bajaj Auto Limited has informed the Exchange regarding a press release, dated July 02, 2009 titled ""Bajaj Domestic Motorcycle Sales Continue To Rise"". A copy of the press release shall be available on the NSE website (http://www.nseindia.com) under: Corporates > Latest Announcements and on the Extranet Server (/Common/Corporate Announcements).<a href=/content/corporate/BAJAJ-AUTO_pr_02072009.zip target=NEW> For more details click here.</a>",,,Press Release,-,02072009144000,-,-,False,,,,Automobiles - 2 And 3 Wheelers,INE917I01010,Bajaj Auto Limited,2009-07-02 14:40:00,BAJAJ-AUTO
26-Jun-2009 16:11:00,,-,"Bajaj Auto Limited has submitted to the Exchange a copy of Notice of the Annual General Meeting of the shareholders of the Company, scheduled to be held on  July 16, 2009. A copy of the Notice shall be available on the NSE website (http://www.nseindia.com) under Corporates > Latest Announcements and on the Extranet Server (/Common/Corporate Announcements)<a href=/content/corporate/bajajauto_AGM_26062009.zip target=NEW> For more details click here.</a>",,,Notice of AGM,-,26062009161100,-,-,False,,,,Automobiles - 2 And 3 Wheelers,INE917I01010,Bajaj Auto Limited,2009-06-26 16:11:00,BAJAJ-AUTO
04-Jun-2009 13:31:00,,-,"Bajaj Auto Limited has informed the Exchange regarding a press release dated June 03, 2009, titled ""Bajaj to Launch the Fastest Motorcycle in June 2009"". A copy of the press release shall be available on the NSE website (http://www.nseindia.com) under: Corporates > Latest Announcements and on the Extranet Server (/Common/Corporate Announcements).<a href=/content/corporate/bajaj_pr_04062009.zip target=NEW> For more details click here.</a>",,,Press Release,-,04062009133100,-,-,False,,,,Automobiles - 2 And 3 Wheelers,INE917I01010,Bajaj Auto Limited,2009-06-04 13:31:00,BAJAJ-AUTO
27-May-2009 10:11:00,,-,"Bajaj Auto Limited has informed the Exchange that the Company has announced the Book Closure from July 04, 2009 to July 16, 2009 (both days inclusive) for the purpose of Annual General Meeting scheduled on July 16, 2009 and payment of dividend upon being declared thereat. Further, the payment of dividend when declared at the Annual General Meeting being convened on July 16, 2009 will be made on or after July 20, 2009.",,,AGM/Book Closure,-,27052009101100,-,-,False,,,,Automobiles - 2 And 3 Wheelers,INE917I01010,Bajaj Auto Limited,2009-05-27 10:11:00,BAJAJ-AUTO
21-May-2009 13:58:00,,-,"Bajaj Auto Limited has informed the Exchange that the Board of Directors of the company, at the meeting held on May 21, 2009 has approved, subject to the approval of shareholders at the ensuing Annual General Meeting, the Employee Stock Option Scheme (ESOS), in terms of provisions of SEBI (Employee Stock Option Scheme and Employee Stock Purchase Scheme) Guidelines, 1999, for the benefit of permanent employees (management category) of the company, its holding and subsidiary companies for a grant of options upto a maximum of 2,200,000 (Nos.) (approximately 1.5% of the present paid up capital).",,,Outcome of Board Meeting,-,21052009135800,-,-,False,,,,Automobiles - 2 And 3 Wheelers,INE917I01010,Bajaj Auto Limited,2009-05-21 13:58:00,BAJAJ-AUTO
21-May-2009 13:52:00,,-,"Bajaj Auto Limited has informed the Exchange regarding a press release dated May 21, 2009, titled ""Press Release:FY09 & FY10"". A copy of the press release shall be available on the NSE website (http://www.nseindia.com) under: Corporates > Latest Announcements and on the Extranet Server (/Common/Corporate Announcements).<a href=/content/corporate/bajajauto_pr_21052009.zip target=NEW> For more details click here.</a>",,,Press Release,-,21052009135200,-,-,False,,,,Automobiles - 2 And 3 Wheelers,INE917I01010,Bajaj Auto Limited,2009-05-21 13:52:00,BAJAJ-AUTO
21-May-2009 13:49:00,,-,"Bajaj Auto Limited has informed the Exchange that the Board of Directors, at their meeting held on May 21, 2009 recommended a dividend of Rs. 22 per share (220%) subject to approval of shareholders.",,,Dividend,-,21052009134900,-,-,False,,,,Automobiles - 2 And 3 Wheelers,INE917I01010,Bajaj Auto Limited,2009-05-21 13:49:00,BAJAJ-AUTO
21-May-2009 13:46:00,,-,Bajaj Auto Limited has informed the Exchange regarding the consolidated Results for the year ended on 31-MAR-2009 as follows: Net Sales of Rs. 844603 lacs for year ending on 31-MAR-2009. Net Profit / (Loss) of Rs. 53579 lacs for the year ending on 31-MAR-2009.,,,"Consolidated Results Update, Year ended, 31-MAR-2009",-,21052009134600,-,-,False,,,,Automobiles - 2 And 3 Wheelers,INE917I01010,Bajaj Auto Limited,2009-05-21 13:46:00,BAJAJ-AUTO
21-May-2009 13:45:00,,-,Bajaj Auto Limited has informed the Exchange regarding the consolidated Results for the quarter ended on 31-MAR-2009 as follows: Net Sales of Rs. 178884 lacs for quarter ending on 31-MAR-2009. Net Profit / (Loss) of Rs. 6914 lacs for the quarter ending on 31-MAR-2009.,,,"Consolidated Results Update, Quarter ended, 31-MAR-2009",-,21052009134500,-,-,False,,,,Automobiles - 2 And 3 Wheelers,INE917I01010,Bajaj Auto Limited,2009-05-21 13:45:00,BAJAJ-AUTO
21-May-2009 13:43:00,,-,Bajaj Auto Limited has informed the Exchange regarding the standalone Results for the year ended on 31-MAR-2009 as follows: Net Sales of Rs. 843694 lacs for year ending on 31-MAR-2009. Net Profit / (Loss) of Rs. 65450 lacs for the year ending on 31-MAR-2009.,,,"Standalone Results Update, Year ended, 31-MAR-2009",-,21052009134300,-,-,False,,,,Automobiles - 2 And 3 Wheelers,INE917I01010,Bajaj Auto Limited,2009-05-21 13:43:00,BAJAJ-AUTO
21-May-2009 13:41:00,,-,Bajaj Auto Limited has informed the Exchange regarding the standalone Results for the quarter ended on 31-MAR-2009 as follows: Net Sales of Rs. 178754 lacs for quarter ending on 31-MAR-2009. Net Profit / (Loss) of Rs. 13021 lacs for the quarter ending on 31-MAR-2009.,,,"Standalone Results Update, Quarter ended, 31-MAR-2009",-,21052009134100,-,-,False,,,,Automobiles - 2 And 3 Wheelers,INE917I01010,Bajaj Auto Limited,2009-05-21 13:41:00,BAJAJ-AUTO
04-May-2009 09:01:00,,-,"Bajaj Auto Limited has informed the Exchange regarding a press release, dated May 02, 2009 titled ""Bajaj Domestic Motorcycle Sales Continue To Rise"". A copy of the press release shall be available on the NSE website (http://www.nseindia.com) under: Corporates > Latest Announcements and on the Extranet Server (/Common/Corporate Announcements).<a href=/content/corporate/BAJAJAUTO_PR_04052009.zip target=NEW> For more details click here.</a>",,,Press Release,-,04052009090100,-,-,False,,,,Automobiles - 2 And 3 Wheelers,INE917I01010,Bajaj Auto Limited,2009-05-04 09:01:00,BAJAJ-AUTO
22-Apr-2009 20:06:00,,-,"Bajaj Auto Limited has submitted to the Exchange a disclosure pursuant to Regulation 8A (4) of the SEBI (Substantial Acquisition of Shares and Takeover) ,Regulations, 1997. The copy of the same shall be available on the NSE website (http://www.nseindia.com) under: Corporates > Latest Announcements and on the Extranet Server (/Common/Corporate Announcements).<a href=/content/corporate/Bajajauto_pledge_22042009.zip target=NEW> For more details click here.</a>",,,Disclosure of Pledge of Shares,-,22042009200600,-,-,False,,,,Automobiles - 2 And 3 Wheelers,INE917I01010,Bajaj Auto Limited,2009-04-22 20:06:00,BAJAJ-AUTO
21-Apr-2009 10:57:00,,-,"Bajaj Auto Limited has informed the Exchange that the Company intends to publish its audited financial results for the year 2008-09, immediately after the board meeting on May 21, 2009 i.e. within a period of three months from the end of the last quarter of the said financial year and the company will not separately announce the unaudited financial results for the last quarter ended March 31, 2009.",,,Publish Audited Results,-,21042009105700,-,-,False,,,,Automobiles - 2 And 3 Wheelers,INE917I01010,Bajaj Auto Limited,2009-04-21 10:57:00,BAJAJ-AUTO
02-Apr-2009 14:38:00,,-,"Bajaj Auto Limited has informed the Exchange regarding a press release dated April 02, 2009, titled ""Bajaj Domestic Motorcycle Sales Rise 51%"". A copy of the press release shall be available on the NSE website (http://www.nseindia.com) under: Corporates > Latest Announcements and on the Extranet Server (/Common/Corporate Announcements).<a href=/content/corporate/BajajAuto_PR_02042009.zip target=NEW> For more details click here.</a>",,,Press Release,-,02042009143800,-,-,False,,,,Automobiles - 2 And 3 Wheelers,INE917I01010,Bajaj Auto Limited,2009-04-02 14:38:00,BAJAJ-AUTO
30-Mar-2009 20:36:00,,-,"Bajaj Auto Limited has submitted to the Exchange a copy of the disclosure/s including Form D received from Shri Rahul Bajaj, Chairman of the company. A copy of the same shall be available on the NSE website (http://www.nseindia.com) under: Corporates > Latest Announcements and on the Extranet Server (/Common/Corporate Announcements).<a href=/content/corporate/BAJAJAUTO_REG_30032009.zip target=NEW> For more details click here.</a>",,,Reg.13-SEBI(Prohibition of Insider Trading Regulations)1992,-,30032009203600,-,-,False,,,,Automobiles - 2 And 3 Wheelers,INE917I01010,Bajaj Auto Limited,2009-03-30 20:36:00,BAJAJ-AUTO
26-Mar-2009 11:35:00,,-,"Rahul Bajaj has submitted to the Exchange the copy of the disclosure in Form D in respect of 20,000 equity shares of Bajaj Auto Ltd. (Target Company) representing 0.01% of the Paid-up equity share capital of Bajaj Auto Ltd (Target Company) transferred by him. A copy of the same shall be available on the NSE website   (http://www.nseindia.com) under: Corporates > Latest Announcements and on the Extranet Server (/Common/Corporate Announcements).<a href=/content/corporate/Bajaja_Auto_REG_26032009.zip target=NEW> For more details click here.</a>",,,Reg.13-SEBI(Prohibition of Insider Trading Regulations)1992,-,26032009113500,-,-,False,,,,Automobiles - 2 And 3 Wheelers,INE917I01010,Bajaj Auto Limited,2009-03-26 11:35:00,BAJAJ-AUTO
02-Mar-2009 14:32:00,,-,"Bajaj Auto Limited has informed the Exchange regarding a press release dated March 02, 2009, titled ""Bajaj XCD 135 DTS-Si Achieves 20,668 Units in February 2009"". A copy of the press release shall be available on the NSE website (http://www.nseindia.com) under: Corporates > Latest Announcements and on the Extranet Server (/Common/Corporate Announcements.<a href=/content/corporate/bajaj_PR_02032009.zip target=NEW> For more details click here.</a>",,,Press Release,-,02032009143200,-,-,False,,,,Automobiles - 2 And 3 Wheelers,INE917I01010,Bajaj Auto Limited,2009-03-02 14:32:00,BAJAJ-AUTO
24-Feb-2009 19:18:00,,-,"Shekhar Bajaj has submitted to the Exchange the copy of the disclosure including Form D in respect of 49,000 equity shares of Bajaj Auto Ltd. (Target Company) representing 0.03% of the Paid-up equity share capital of Bajaj Auto Ltd (Target Company) acquired by him. A copy of the same shall be available on the NSE website   (http://www.nseindia.com) under: Corporates > Latest Announcements and on the Extranet Server (/Common/Corporate Announcements).<a href=/content/corporate/bajajauto_Regltn_24022009.zip target=NEW> For more details click here.</a>",,,Reg.13-SEBI(Prohibition of Insider Trading Regulations)1992,-,24022009191800,-,-,False,,,,Automobiles - 2 And 3 Wheelers,INE917I01010,Bajaj Auto Limited,2009-02-24 19:18:00,BAJAJ-AUTO
24-Feb-2009 18:57:00,,-,"Rahul Bajaj has submitted to the Exchange the copy(ies) of the disclosure/s including Form D under Regulation 13(4) of the SEBI (Prohibition of Insider Trading) Regulations, 1992 in respect of 1,92,000 Equity shares of Bajaj Auto Limited (Target Company) representing 0.13% of the paid up Equity Share Capital of Bajaj Auto Limited (Target Company) transferred by him. A copy of the same shall be available on the NSE website   (http://www.nseindia.com) under: Corporates > Latest Announcements and on the Extranet Server (/Common/Corporate Announcements).<a href=/content/corporate/bajajauto_Reg_24022009.zip target=NEW> For more details click here.</a>",,,Reg.13-SEBI(Prohibition of Insider Trading Regulations)1992,-,24022009185700,-,-,False,,,,Automobiles - 2 And 3 Wheelers,INE917I01010,Bajaj Auto Limited,2009-02-24 18:57:00,BAJAJ-AUTO
23-Feb-2009 15:42:00,,-,"Bajaj Auto Limited has submitted to the Exchange the copy(ies) of the disclosure/s including Form D received from Shri Rahul Bajaj, Chairman of the company. A copy of the same shall be available on the NSE website   (http://www.nseindia.com) under: Corporates > Latest Announcements and on the Extranet Server (/Common/Corporate Announcements).<a href=/content/corporate/BajajAuto_Disc_23022009.zip target=NEW> For more details click here.</a>",,,"Disc under Regulation 13(6)of SEBI Insider Trading Reg.,1992",-,23022009154200,-,-,False,,,,Automobiles - 2 And 3 Wheelers,INE917I01010,Bajaj Auto Limited,2009-02-23 15:42:00,BAJAJ-AUTO
13-Feb-2009 16:37:00,,-,"Bajaj Auto Limited has submitted to the Exchange the copies of the disclosure/s including Form D received from Shri Shekhar Bajaj, Director of the company. A copy of the same shall be available on the NSE website   (http://www.nseindia.com) under: Corporates > Latest Announcements and on the Extranet Server (/Common/Corporate Announcements).<a href=/content/corporate/Bajajauto_Reg_13022009.zip target=NEW> For more details click here.</a>",,,Reg.13-SEBI(Prohibition of Insider Trading Regulations)1992,-,13022009163700,-,-,False,,,,Automobiles - 2 And 3 Wheelers,INE917I01010,Bajaj Auto Limited,2009-02-13 16:37:00,BAJAJ-AUTO
10-Feb-2009 13:54:00,,-,"Bajaj Auto Limited has submitted to the Exchange a disclosure pursuant to Regulation 8A(4) of the SEBI (Substantial Acquisition of Shares and Takeovers) Regulations, 1997 in respect of shares pledged by the promoters and persons forming part of the promoter group. The copy of the same shall be available on the NSE website (http://www.nseindia.com) under: Corporates > Latest Announcements and on the Extranet Server (/Common/Corporate Announcements).  <a href=/content/corporate/Bajaj_Pledge_10022009.ZIP target=NEW> For more details click here.</a>",,,Regulation 8A of SEBI (Susbs Acq of shares & Takeovers),-,10022009135400,-,-,False,,,,Automobiles - 2 And 3 Wheelers,INE917I01010,Bajaj Auto Limited,2009-02-10 13:54:00,BAJAJ-AUTO
02-Feb-2009 15:23:00,,-,"Bajaj Auto Limited has informed the Exchange regarding a press release dated February 02, 2009 titled ""Bajaj Targets 20,000 XCD 135 DTS-Si in first month"". A copy of the press release shall be available on the NSE website   (http://www.nseindia.com) under: Corporates > Latest Announcements and on the Extranet Server (/Common/Corporate Announcements).<a href=/content/corporate/bajaj_pr_02022009.zip target=NEW> For more details click here.</a>",,,Press Release,-,02022009152300,-,-,False,,,,Automobiles - 2 And 3 Wheelers,INE917I01010,Bajaj Auto Limited,2009-02-02 15:23:00,BAJAJ-AUTO
16-Jan-2009 14:00:00,,-,"Bajaj Auto Limited has informed the Exchange regarding a press release dated January 16, 2009 with respect to its Unaudited Financial results for the third quarter ended December 31, 2008. A copy of the press release shall be available on the NSE website   (http://www.nseindia.com) under: Corporates > Latest Announcements and on the Extranet Server (/Common/Corporate Announcements).<a href=/content/corporate/Bajaj_Pr_16012009.zip target=NEW> For more details click here.</a>",,,Press Release,-,16012009140000,-,-,False,,,,Automobiles - 2 And 3 Wheelers,INE917I01010,Bajaj Auto Limited,2009-01-16 14:00:00,BAJAJ-AUTO
16-Jan-2009 13:54:00,,-,Bajaj Auto Limited has informed the Exchange regarding the standalone Results for the quarter ended on 31-DEC-2008 as follows: Net Sales of Rs. 200475 lacs for quarter ending on 31-DEC-2008. Net Profit / (Loss) of Rs. 16427 lacs for the quarter ending on 31-DEC-2008.,,,"Standalone Results Update, Quarter ended, 31-DEC-2008",-,16012009135400,-,-,False,,,,Automobiles - 2 And 3 Wheelers,INE917I01010,Bajaj Auto Limited,2009-01-16 13:54:00,BAJAJ-AUTO
08-Jan-2009 11:29:00,,-,"Bajaj Auto Limited has submitted to the Exchange a copy of the disclosure/s including Form D received from Shri Rahul Bajaj, Chairman of the Company. A copy of the same shall be available on the NSE website (http://www.nseindia.com) under: Corporates > Latest Announcements and on the Extranet Server (/Common/Corporate Announcements).<a href=/content/corporate/Bajajauto_Dis_08012009.zip target=NEW> For more details click here.</a>",,,"Disc under Regulation 13(6)of SEBI Insider Trading Reg.,1992",-,08012009112900,-,-,False,,,,Automobiles - 2 And 3 Wheelers,INE917I01010,Bajaj Auto Limited,2009-01-08 11:29:00,BAJAJ-AUTO
06-Jan-2009 16:43:00,,-,"Rahul Bajaj has submitted to the Exchange a copy of the disclosure in form D under Regulation 13(4) of the SEBI(Prohibition of Insider Trading) Regulations, 1992 containing details in respect of Equity shares of the Company transferred by him. A copy of the same shall be available on the NSE website (http://www.nseindia.com) under: Corporates > Latest Announcements and on the Extranet Server (/Common/Corporate Announcements).<a href=/content/corporate/bajajauto_Reg_06012009.zip target=NEW> For more details click here.</a>",,,Reg.13-SEBI(Prohibition of Insider Trading Regulations)1992,-,06012009164300,-,-,False,,,,Automobiles - 2 And 3 Wheelers,INE917I01010,Bajaj Auto Limited,2009-01-06 16:43:00,BAJAJ-AUTO
02-Jan-2009 11:24:00,,-,"Bajaj Auto Limited has informed the Exchange regarding a press release titled ""Bajaj Sport Motorcycle to be Launched in January 2009"". A copy of the press release shall be available on the NSE website (http://www.nseindia.com) under: Corporates > Latest Announcements and on the Extranet Server (/Common/Corporate Announcements.<a href=/content/corporate/BajajAuto_PR_02012009.zip target=NEW> For more details click here.</a>",,,Press Release,-,02012009112400,-,-,False,,,,Automobiles - 2 And 3 Wheelers,INE917I01010,Bajaj Auto Limited,2009-01-02 11:24:00,BAJAJ-AUTO
10-Dec-2008 12:12:00,,-,"Bajaj Auto Limited has informed the Exchange regarding a press release dated December 09, 2008 titled ""Bajaj Auto passes on benefit of excise reduction to customers"". A copy of the press release shall be available on the NSE website (http://www.nseindia.com) under: Corporates > Latest Announcements and on the Extranet Server (/Common/Corporate Announcements.<a href=/content/corporate/BABAJ_PR_10122008.zip target=NEW> For more details click here.</a>",,,Press Release,-,10122008121200,-,-,False,,,,Automobiles - 2 And 3 Wheelers,INE917I01010,Bajaj Auto Limited,2008-12-10 12:12:00,BAJAJ-AUTO
05-Dec-2008 19:52:00,,-,"Bajaj Auto Limited has submitted to the Exchange a copy of the communication dated October 23, 2008 in connection with the performance of the company for the quarter and half year ended September 30, 2008. The copy of the same shall be available on the NSE website (http://www.nseindia.com) under Corporates > Latest Announcements and on the Extranet Server (/Common/Corporate Announcements).<a href=/content/corporate/bajajauto_UP_05122008.zip target=NEW> For more details click here.</a>",,,Updates,-,05122008195200,-,-,False,,,,Automobiles - 2 And 3 Wheelers,INE917I01010,Bajaj Auto Limited,2008-12-05 19:52:00,BAJAJ-AUTO
03-Dec-2008 17:29:00,,-,"Bajaj Auto Limited has informed the Exchange regarding a press release issued by the Company  in respect of sales for the month of November, 2008. A copy of the press release shall be available on the NSE website (http://www.nseindia.com) under: Corporates > Latest Announcements and on the Extranet Server (/Common/Corporate Announcements).<a href=/content/corporate/BAJAJAUTO_PR_03122008.zip target=NEW> For more details click here.</a>",,,Press Release,-,03122008172900,-,-,False,,,,Automobiles - 2 And 3 Wheelers,INE917I01010,Bajaj Auto Limited,2008-12-03 17:29:00,BAJAJ-AUTO
23-Oct-2008 14:33:00,,-,"Bajaj Auto Limited has informed the Exchange regarding a press release with respect to its Unaudited Financial results for the Second quarter ended September 30, 2008. A copy of the press release shall be available on the NSE website   (http://www.nseindia.com) under: Corporates > Latest Announcements and on the Extranet Server (/Common/Corporate Announcements).<a href=/content/corporate/Bajajauto_PR_23102008.zip target=NEW> For more details click here.</a>",,,Press Release,-,23102008143300,-,-,False,,,,Automobiles - 2 And 3 Wheelers,INE917I01010,Bajaj Auto Limited,2008-10-23 14:33:00,BAJAJ-AUTO
23-Oct-2008 14:08:00,,-,Bajaj Auto Limited has informed the Exchange regarding the standalone Results for the half year ended on 30-SEP-2008 as follows: Net Sales of Rs. 468224 lacs for half year ending on 30-SEP-2008. Net Profit / (Loss) of Rs. 36002 lacs for the half year ending on 30-SEP-2008.,,,"Standalone Results Update, Half Yearly ended, 30-SEP-2008",-,23102008140800,-,-,False,,,,Automobiles - 2 And 3 Wheelers,INE917I01010,Bajaj Auto Limited,2008-10-23 14:08:00,BAJAJ-AUTO
23-Oct-2008 14:07:00,,-,Bajaj Auto Limited has informed the Exchange regarding the standalone Results for the quarter ended on 30-SEP-2008 as follows: Net Sales of Rs. 245073 lacs for quarter ending on 30-SEP-2008. Net Profit / (Loss) of Rs. 18491 lacs for the quarter ending on 30-SEP-2008.,,,"Standalone Results Update, Quarter ended, 30-SEP-2008",-,23102008140700,-,-,False,,,,Automobiles - 2 And 3 Wheelers,INE917I01010,Bajaj Auto Limited,2008-10-23 14:07:00,BAJAJ-AUTO
08-Sep-2008 17:00:00,,-,"Bajaj Auto Limited has submitted to the Exchange the statement of shareholdings of Directors, Officers and substantial shareholders as on August 26, 2008 as per the information received under regulation 13 of SEBI (Prohibition of insider Trading) Regulations, 1992. A copy of the same shall be available on the NSE website (http://www.nseindia.com) under: Corporates > Latest Announcements and on the Extranet Server (/Common/Corporate Announcements).<a href=/content/corporate/BajajAuto_Nil_08092008.zip target=NEW> For more details click here.</a>",,,Reg.13-SEBI(Prohibition of Insider Trading Regulations)1992,-,08092008170000,-,-,False,,,,Automobiles - 2 And 3 Wheelers,INE917I01010,Bajaj Auto Limited,2008-09-08 17:00:00,BAJAJ-AUTO
29-Aug-2008 14:48:00,,-,"Bajaj Auto Limited has submitted to the Exchange a copy of the proceedings of the Annual General Meeting of the Company held on July 10, 2008. A copy of the same shall be available on the NSE website   (http://www.nseindia.com) under: Corporates > Latest Announcements and on the Extranet Server (/Common/Corporate Announcements).<a href=/content/corporate/Bajajauto_AGM_29082008.zip target=NEW> For more details click here.</a>",,,Proceedings of AGM,-,29082008144800,-,-,False,,,,Automobiles - 2 And 3 Wheelers,INE917I01010,Bajaj Auto Limited,2008-08-29 14:48:00,BAJAJ-AUTO
14-Jul-2008 15:33:00,,-,"Bajaj Auto Limited has informed the Exchange that ""Karvy Computershare Private Limited (KCPL, having its registered office at Hyderabad) has been appointed as the Share Transfer Agent (STA) of the company for physical as well as for electronic segment. National Securities Depository Limited (NSDL), and Central Depository Services (India) Limited (CDSL) vide their letter dated 9 July, 2008 and 11 July, 2008 respectively have approved the change in STA with effect from 11 July, 2008 and the electronic connectivity has shifted from Bajaj Auto Limited to KCPL with effect from 11 July, 2008"". In this connection the Company has submitted to the exchange a press release dated July 14, 2008. The copy of the same shall be available on the NSE website (http://www.nseindia.com) under: Corporates > Latest Announcements and on the Extranet Server (/Common/Corporate Announcements).<a href=/content/corporate/BajajAuto_PR_14072008.zip target=NEW> For more details click here.</a>",,,Change in Registrar & Share Transfer Agent,-,14072008153300,-,-,False,,,,Automobiles - 2 And 3 Wheelers,INE917I01010,Bajaj Auto Limited,2008-07-14 15:33:00,BAJAJ-AUTO
10-Jul-2008 11:17:00,,-,"Bajaj Auto Limited has informed the Exchange regarding a press release with respect to its Unaudited Financial results for the first quarter ended June 30, 2008. A copy of the press release shall be available on the NSE website   (http://www.nseindia.com) under: Corporates > Latest Announcements and on the Extranet Server (/Common/Corporate Announcements).<a href=/content/corporate/BajajAuto_PR_10072008.zip target=NEW> For more details click here.</a>",,,Press Release,-,10072008111700,-,-,False,,,,Automobiles - 2 And 3 Wheelers,INE917I01010,Bajaj Auto Limited,2008-07-10 11:17:00,BAJAJ-AUTO
10-Jul-2008 11:15:00,,-,Bajaj Auto Limited has informed the Exchange regarding the consolidated Results for the quarter ended on 30-JUN-2008 as follows: Net Sales of Rs. 233837 lacs for quarter ending on 30-JUN-2008. Net Profit / (Loss) of Rs. 15584 lacs for the quarter ending on 30-JUN-2008.,,,"Consolidated Results Update, Quarter ended, 30-JUN-2008",-,10072008111500,-,-,False,,,,Automobiles - 2 And 3 Wheelers,INE917I01010,Bajaj Auto Limited,2008-07-10 11:15:00,BAJAJ-AUTO
10-Jul-2008 11:13:00,,-,Bajaj Auto Limited has informed the Exchange regarding the standalone Results for the quarter ended on 30-JUN-2008 as follows: Net Sales of Rs. 231076 lacs for quarter ending on 30-JUN-2008. Net Profit / (Loss) of Rs. 17511 lacs for the quarter ending on 30-JUN-2008.,,,"Standalone Results Update, Quarter ended, 30-JUN-2008",-,10072008111300,-,-,False,,,,Automobiles - 2 And 3 Wheelers,INE917I01010,Bajaj Auto Limited,2008-07-10 11:13:00,BAJAJ-AUTO
27-May-2008 19:15:00,,-,"Bajaj Auto Limited has informed the Exchange that the Board of Directors at their meeting held on May 22, 2008 has recommend a dividend of Rs.20 per share (200%) subject to approval of shareholders.",,,Dividend,-,27052008191500,-,-,False,,,,Automobiles - 2 And 3 Wheelers,INE917I01010,Bajaj Auto Limited,2008-05-27 19:15:00,BAJAJ-AUTO
27-May-2008 15:52:00,,-,"Bajaj Auto Limited has informed the Exchange that the Company has announced the Book Closure from July 01, 2008 to July 10, 2008 (both days inclusive) for the purpose of Annual General Meeting scheduled on July 10, 2008 and payment of dividend upon being declared thereat. Further, the payment of dividend when declared at the Annual General Meeting being convened on July 10, 2008 will be made on or after July 14, 2008.   ",,,AGM/Book Closure,-,27052008155200,-,-,False,,,,Automobiles - 2 And 3 Wheelers,INE917I01010,Bajaj Auto Limited,2008-05-27 15:52:00,BAJAJ-AUTO
