an_dt,attFileSize,attchmntFile,attchmntText,bflag,csvName,desc,difference,dt,exchdisstime,fileSize,hasXbrl,old_new,orgid,seq_id,smIndustry,sm_isin,sm_name,sort_date,symbol
31-Aug-2026 14:21:10,512.72 KB,https://nsearchives.nseindia.com/corporate/COALINDIA_31082026142049_Proceeding_AGM_final.pdf,"Coal India Limited has informed the Exchange regarding Proceedings of Annual General Meeting held on August 31, 2026 along with Chairman  Speech.",,,Shareholders meeting,00:00:01,31082026142110,31-Aug-2026 14:21:11,512.72 KB,True,,,106762257,Mining,INE522F01014,Coal India Limited,2026-08-31 14:21:10,COALINDIA
26-Aug-2026 13:10:54,721.94 KB,https://nsearchives.nseindia.com/corporate/COALINDIA_26082026130947_FINE_Jun_26_signed.pdf,Coal India Limited has informed the Exchange about General Updates,,,General Updates,00:00:01,26082026131054,26-Aug-2026 13:10:55,721.94 KB,True,,,106757149,Mining,INE522F01014,Coal India Limited,2026-08-26 13:10:54,COALINDIA
24-Aug-2026 18:19:30,428.01 KB,https://nsearchives.nseindia.com/corporate/COALINDIA_24082026181924_CIL_global.pdf,"Incorporation Of Singapore Based Wholly Owned Subsidiary Of Coal India Limited Viz, CIL Global Pte. Ltd.",,,General Updates,00:00:01,24082026181930,24-Aug-2026 18:19:31,428.01 KB,True,,,106754570,Mining,INE522F01014,Coal India Limited,2026-08-24 18:19:30,COALINDIA
24-Aug-2026 18:04:53,428.04 KB,https://nsearchives.nseindia.com/corporate/COALINDIA_24082026180430_CIL_global.pdf,"Incorporation of Singapore based wholly owned subsidiary of Coal India Limited viz, CIL Global Pte. Ltd.",,,General Updates,00:00:01,24082026180453,24-Aug-2026 18:04:54,428.04 KB,True,,,106754532,Mining,INE522F01014,Coal India Limited,2026-08-24 18:04:53,COALINDIA
14-Aug-2026 10:23:09,1.81 MB,https://nsearchives.nseindia.com/corporate/COALINDIA_14082026102302_4th_Intimation_Signed.pdf,Coal India Limited has informed the Exchange about Newspaper publication on  Special Window for Re-lodgement of Transfer Requests of Physical Equity Shares of Coal India Limited- 4th Intimation,,,General Updates,00:00:00,14082026102309,14-Aug-2026 10:23:09,1.81 MB,True,,,106743558,Mining,INE522F01014,Coal India Limited,2026-08-14 10:23:09,COALINDIA
12-Aug-2026 14:53:23,368.24 KB,https://nsearchives.nseindia.com/corporate/COALINDIA_12082026145301_Mou.pdf,Coal India Limited has informed the Exchange about Non-Binding Memorandum of Understanding (MoU) between Coal India Limited and ArcelorMittal Nippon Steel India Private Limited.,,,General Updates,00:00:01,12082026145323,12-Aug-2026 14:53:24,368.24 KB,True,,,106738884,Mining,INE522F01014,Coal India Limited,2026-08-12 14:53:23,COALINDIA
12-Aug-2026 11:35:27,1.51 MB,https://nsearchives.nseindia.com/corporate/COALINDIA_12082026113513_POst_AGM_NP.pdf,Coal India Limited has informed the Exchange about Newspaper publication on  Notice of 52nd Annual General Meeting (AGM) of Coal India Limited,,,General Updates,00:00:01,12082026113527,12-Aug-2026 11:35:28,1.51 MB,True,,,106738476,Mining,INE522F01014,Coal India Limited,2026-08-12 11:35:27,COALINDIA
07-Aug-2026 22:04:29,313.66 KB,https://nsearchives.nseindia.com/corporate/COALINDIA_07082026220411_bsecompro.pdf,Coal India Limited has informed the Exchange about General Updates,,,General Updates,00:00:01,07082026220429,07-Aug-2026 22:04:30,313.66 KB,True,,,106732522,Mining,INE522F01014,Coal India Limited,2026-08-07 22:04:29,COALINDIA
07-Aug-2026 16:35:17,20.91 MB,https://nsearchives.nseindia.com/corporate/COALINDIA_07082026163502_IAR_final.pdf,Integrated Annual Report of CIL for FY 2025-26,,,General Updates,00:00:00,07082026163517,07-Aug-2026 16:35:17,20.91 MB,True,,,106731397,Mining,INE522F01014,Coal India Limited,2026-08-07 16:35:17,COALINDIA
07-Aug-2026 16:12:24,534.70 KB,https://nsearchives.nseindia.com/corporate/COALINDIA_07082026161215_Weblink_final.pdf,Letter to Shareholder for weblink of Integrated Annual Report for FY 2025-26,,,General Updates,00:00:01,07082026161224,07-Aug-2026 16:12:25,534.70 KB,True,,,106731295,Mining,INE522F01014,Coal India Limited,2026-08-07 16:12:24,COALINDIA
07-Aug-2026 15:37:36,624.42 KB,https://nsearchives.nseindia.com/corporate/COALINDIA_07082026153712_Notice_final.pdf,Notice of 52nd Annual General Meeting (AGM) of Coal India Limited to be held on 31.08.2026 at 11.00 A.M.,,,Shareholders meeting,00:00:01,07082026153736,07-Aug-2026 15:37:37,624.42 KB,True,,,106731160,Mining,INE522F01014,Coal India Limited,2026-08-07 15:37:36,COALINDIA
06-Aug-2026 17:05:37,386.81 KB,https://nsearchives.nseindia.com/corporate/COALINDIA_06082026170529_Bagging_odisha.pdf,Coal India Limited has informed the Exchange about Bagging/Receiving of orders/contracts - Iron Ore Block,,,Bagging/Receiving of orders/contracts,00:00:01,06082026170537,06-Aug-2026 17:05:38,386.81 KB,True,,,106728953,Mining,INE522F01014,Coal India Limited,2026-08-06 17:05:37,COALINDIA
01-Aug-2026 14:23:12,330.67 KB,https://nsearchives.nseindia.com/corporate/COALINDIA_01082026142259_pressjul.pdf,"Coal India Limited has informed the Exchange regarding a press release dated August 01, 2026, titled ""Coal India Logs Over 8% Growth in Production in July FY'27; Supplies Surge 18.38%"".",,,Press Release,00:00:02,01082026142312,01-Aug-2026 14:23:14,330.67 KB,True,,,106720704,Mining,INE522F01014,Coal India Limited,2026-08-01 14:23:12,COALINDIA
01-Aug-2026 14:09:03,433.92 KB,https://nsearchives.nseindia.com/corporate/COALINDIA_01082026140843_eauctionjul.pdf,Single Window Mode Agnostic (SWMA) E-auction Data of CIL and SubsidiaryCompanies (Provisional) for the month of Jul 26.,,,General Updates,00:00:02,01082026140903,01-Aug-2026 14:09:05,433.92 KB,True,,,106720687,Mining,INE522F01014,Coal India Limited,2026-08-01 14:09:03,COALINDIA
01-Aug-2026 13:15:23,334.98 KB,https://nsearchives.nseindia.com/corporate/COALINDIA_01082026131424_production.pdf,Provisional Production and Off-take Performance of CIL and Subsidiary Companies for the month of July 26 and for the period April 26-July 26,,,General Updates,00:00:01,01082026131523,01-Aug-2026 13:15:24,334.98 KB,True,,,106720620,Mining,INE522F01014,Coal India Limited,2026-08-01 13:15:23,COALINDIA
01-Aug-2026 08:20:11,313.72 KB,https://nsearchives.nseindia.com/corporate/COALINDIA_01082026081942_Jaydev.pdf,"Shri C. Jayadev (EIS No. 90082603) on attaining the age of superannuation,relinquished the charge as Executive Director (Environment) of Coal IndiaLimited w.e.f 01.08.2026",,,Change in Management,00:00:01,01082026082011,01-Aug-2026 08:20:12,313.72 KB,True,,,106720471,Mining,INE522F01014,Coal India Limited,2026-08-01 08:20:11,COALINDIA
30-Jul-2026 13:12:22,4.36 MB,https://nsearchives.nseindia.com/corporate/COALINDIA_30072026131204_NP.pdf,Coal India Limited has informed the Exchange about Newspaper publication on  Tax on 1st Interim Dividend for FY 2026-27,,,General Updates,00:00:01,30072026131222,30-Jul-2026 13:12:23,4.36 MB,True,,,106716958,Mining,INE522F01014,Coal India Limited,2026-07-30 13:12:22,COALINDIA
28-Jul-2026 13:29:52,403.83 KB,https://nsearchives.nseindia.com/corporate/COALINDIA_28072026132930_Press_Release.pdf,"Coal India Limited has informed the Exchange regarding a press release dated July 28, 2026, titled "" Coal India s Capex Rises 16.64% in Q1 FY 27, Surpasses Quarterly Target "".",,,Press Release,00:00:01,28072026132952,28-Jul-2026 13:29:53,403.83 KB,True,,,106713423,Mining,INE522F01014,Coal India Limited,2026-07-28 13:29:52,COALINDIA
28-Jul-2026 13:19:31,2.94 MB,https://nsearchives.nseindia.com/corporate/COALINDIA_28072026131828_Newspaper_publication_Q1.pdf,Coal India Limited has informed the Exchange about Newspaper publication on  Unaudited Financial Results of Coal India Limited (Standalone & Consolidated) for the 1st Quarter ended 30th June  2026,,,General Updates,00:00:01,28072026131931,28-Jul-2026 13:19:32,2.94 MB,True,,,106713400,Mining,INE522F01014,Coal India Limited,2026-07-28 13:19:31,COALINDIA
28-Jul-2026 12:38:20,392.42 KB,https://nsearchives.nseindia.com/corporate/COALINDIA_28072026123754_Appointment_of_DHR.pdf,"Coal India Limited has informed the Exchange regarding Appointment of Mr Mukesh Choudhary as Executive Director of the company w.e.f. July 28, 2026.",,,Appointment,00:00:01,28072026123820,28-Jul-2026 12:38:21,392.42 KB,True,,,106713341,Mining,INE522F01014,Coal India Limited,2026-07-28 12:38:20,COALINDIA
28-Jul-2026 12:22:39,390.36 KB,https://nsearchives.nseindia.com/corporate/COALINDIA_28072026122216_Cessation_of_DHR.pdf,"Cessation of Dr. Vinay Ranjan, Director (Human Resource) (DIN- 03636743) from the Board of CIL w.e.f. 28.07.2026",,,Cessation,00:00:01,28072026122239,28-Jul-2026 12:22:40,390.36 KB,True,,,106713315,Mining,INE522F01014,Coal India Limited,2026-07-28 12:22:39,COALINDIA
27-Jul-2026 18:52:45,771.01 KB,https://nsearchives.nseindia.com/corporate/COALINDIA_27072026185234_Shareholder_Communication.pdf,Tax on 1st Interim Dividend for FY 2026-27,,,General Updates,00:00:00,27072026185245,27-Jul-2026 18:52:45,771.01 KB,True,,,106712414,Mining,INE522F01014,Coal India Limited,2026-07-27 18:52:45,COALINDIA
27-Jul-2026 18:47:39,428.09 KB,https://nsearchives.nseindia.com/corporate/COALINDIA_27072026184728_right_issue.pdf,Investment in Rights Issue of CIL Rajasthan Akshay Urja Limited (CRAUL) a subsidiary of CIL,,,General Updates,00:00:01,27072026184739,27-Jul-2026 18:47:40,428.09 KB,True,,,106712394,Mining,INE522F01014,Coal India Limited,2026-07-27 18:47:39,COALINDIA
27-Jul-2026 17:58:05,2.59 MB,https://nsearchives.nseindia.com/corporate/COALINDIA_27072026175754_Presentation.pdf,Investor Presentation made by Company on the Unaudited Financial Results of Coal India Limited (Standalone & Consolidated) for the 1st Quarter ended 30th Jun 26.,,,General Updates,00:00:01,27072026175805,27-Jul-2026 17:58:06,2.59 MB,True,,,106712216,Mining,INE522F01014,Coal India Limited,2026-07-27 17:58:05,COALINDIA
27-Jul-2026 17:29:18,382.56 KB,https://nsearchives.nseindia.com/corporate/COALINDIA_27072026172906_Dividend.pdf,Coal India Limited has informed the Exchange that Record date for the purpose of Dividend  is 31-Jul-2026.,,,Record Date,00:00:02,27072026172918,27-Jul-2026 17:29:20,382.56 KB,True,,,106712107,Mining,INE522F01014,Coal India Limited,2026-07-27 17:29:18,COALINDIA
27-Jul-2026 17:25:36,6.83 MB,https://nsearchives.nseindia.com/corporate/COALINDIA_27072026172437_Results.pdf,Unaudited Financial Results of Coal India Limited (Standalone & Consolidated) for the 1st Quarter ended 30th Jun 2026 and declaration of Interim Dividend for FY 2026-27,,,Outcome of Board Meeting,00:00:01,27072026172536,27-Jul-2026 17:25:37,6.83 MB,True,,,106712095,Mining,INE522F01014,Coal India Limited,2026-07-27 17:25:36,COALINDIA
27-Jul-2026 16:46:52,92.33 KB,https://nsearchives.nseindia.com/corporate/team_sandeshc_11052026135123_coal.pdf,"Pradeep Raj Nayan, Government of India, Ministry of Coal has Submitted to the Exchange a copy of Disclosure under Regulation 31(4) of the Securities and Exchange Board of India (Substantial Acquisition of Shares and Takeovers) Regulations, 2011.",,,Disclosure under SEBI Takeover Regulations,00:00:01,27072026164652,27-Jul-2026 16:46:53,92.33 KB,True,,,106616710,Mining,INE522F01014,Coal India Limited,2026-07-27 16:46:52,COALINDIA
27-Jul-2026 12:44:40,2.50 MB,https://nsearchives.nseindia.com/corporate/COALINDIA_27072026124427_Newspaper_publication_on_Q1.pdf,"Coal India Limited has informed the Exchange regarding a press release dated July 25, 2026, titled ""Details regarding holding of 52nd Annual General Meeting (AGM) through Video Conferencing, Record Date and Tax on Final Dividend for F.Y. 2025-26 "".",,,Press Release,00:00:01,27072026124440,27-Jul-2026 12:44:41,2.50 MB,True,,,106711589,Mining,INE522F01014,Coal India Limited,2026-07-27 12:44:40,COALINDIA
22-Jul-2026 13:52:50,459.45 KB,https://nsearchives.nseindia.com/corporate/COALINDIA_22072026135233_Pre_AGM.pdf,"Details Regarding Holding Of 52Nd Annual General Meeting(AGM) Through Video Conferencing, Record Date And Tax On Final Dividend For F.Y. 2025-26 Of Coal India Limited",,,General Updates,00:00:00,22072026135250,22-Jul-2026 13:52:50,459.45 KB,True,,,106706369,Mining,INE522F01014,Coal India Limited,2026-07-22 13:52:50,COALINDIA
22-Jul-2026 13:50:49,459.45 KB,https://nsearchives.nseindia.com/corporate/COALINDIA_22072026134918_Pre_AGM.pdf,Coal India Limited has informed the Exchange that Record date for the purpose of Dividend  is 04-Sep-2026.,,,Record Date,00:00:01,22072026135049,22-Jul-2026 13:50:50,459.45 KB,True,,,106706367,Mining,INE522F01014,Coal India Limited,2026-07-22 13:50:49,COALINDIA
20-Jul-2026 11:31:34,3.65 MB,https://nsearchives.nseindia.com/corporate/COALINDIA_20072026113106_Annoucement.pdf,Coal India Limited has informed the Exchange about Newspaper publication on  Notice of Board Meeting,,,General Updates,00:00:01,20072026113134,20-Jul-2026 11:31:35,3.65 MB,True,,,106703121,Mining,INE522F01014,Coal India Limited,2026-07-20 11:31:34,COALINDIA
18-Jul-2026 14:08:13,730.77 KB,https://nsearchives.nseindia.com/corporate/COALINDIA_18072026140754_ID.pdf,Appointment of Smt. Sona Kumari (DIN-11835630) as non-official Independent Director on the Board of Coal India Limited (CIL),,,Appointment,00:00:01,18072026140813,18-Jul-2026 14:08:14,730.77 KB,True,,,106702513,Mining,INE522F01014,Coal India Limited,2026-07-18 14:08:13,COALINDIA
16-Jul-2026 17:06:07,395.64 KB,https://nsearchives.nseindia.com/corporate/COALINDIA_16072026170549_Khavda.pdf,"Commissioning of 200 MW Solar Power Capacity out of the 300 MW Solar Power Project at Khavda, Gujarat",,,General Updates,00:00:01,16072026170607,16-Jul-2026 17:06:08,395.64 KB,True,,,106700289,Mining,INE522F01014,Coal India Limited,2026-07-16 17:06:07,COALINDIA
15-Jul-2026 12:39:03,712.25 KB,https://nsearchives.nseindia.com/corporate/COALINDIA_15072026123847_Certificate_of_PCS_Regulation_74_5.pdf,"Coal India Limited has informed the Exchange about Certificate under Regulation 74(5) of the SEBI (Depository and Participants) Regulations, 2018 for the 1st quarter ended 30th Jun 26.",,,General Updates,00:00:01,15072026123903,15-Jul-2026 12:39:04,712.25 KB,True,,,106698363,Mining,INE522F01014,Coal India Limited,2026-07-15 12:39:03,COALINDIA
03-Jul-2026 21:43:51,365.79 KB,https://nsearchives.nseindia.com/corporate/COALINDIA_03072026214339_signing_of_jv__1___1_.pdf,Signing of JV agreement between  Coal India Limited (CIL) and U.P. Rajya Vidyut Utpadan Nigam Limited (UPRVUNL).,,,Agreements,00:00:01,03072026214351,03-Jul-2026 21:43:52,365.79 KB,True,,,106686346,Mining,INE522F01014,Coal India Limited,2026-07-03 21:43:51,COALINDIA
02-Jul-2026 17:13:43,393.31 KB,https://nsearchives.nseindia.com/corporate/COALINDIA_02072026165732_Press_Release.pdf,"Coal India Limited has informed the Exchange regarding a press release dated July 02, 2026, titled ""Coal India's Supplies to Power Sector Grow 5.9% in June FY 27"".",,,Press Release,00:00:00,02072026171343,02-Jul-2026 17:13:43,393.31 KB,True,,,106684643,Mining,INE522F01014,Coal India Limited,2026-07-02 17:13:43,COALINDIA
01-Jul-2026 17:41:42,390.22 KB,https://nsearchives.nseindia.com/corporate/COALINDIA_01072026174133_Bagging.pdf,Bagging/Receiving of orders/contracts-Setting up of 600 MW of Plant at Jalaun Solar Park UP,,,Awarding of order(s)/contract(s),00:00:01,01072026174142,01-Jul-2026 17:41:43,390.22 KB,True,,,106683525,Mining,INE522F01014,Coal India Limited,2026-07-01 17:41:42,COALINDIA
01-Jul-2026 16:48:26,750.57 KB,https://nsearchives.nseindia.com/corporate/COALINDIA_01072026164803_SWMA_JUNE_26.pdf,Coal India Limited has informed the Exchange about Single Window Mode Agnostic (SWMA) E-auction Data of CIL and Subsidiary Companies (Provisional) for the month of Jun 26.,,,General Updates,00:00:01,01072026164826,01-Jul-2026 16:48:27,750.57 KB,True,,,106683390,Mining,INE522F01014,Coal India Limited,2026-07-01 16:48:26,COALINDIA
01-Jul-2026 11:00:00,706.42 KB,https://nsearchives.nseindia.com/corporate/COALINDIA_01072026105950_Production_June_2026.pdf,Coal India Limited has informed the Exchange about Provisional Production and Off-Take Performance of CIL And Subsidiary Companies for the month of June 26 And ProgressiveJune 26.,,,General Updates,00:00:01,01072026110000,01-Jul-2026 11:00:01,706.42 KB,True,,,106682879,Mining,INE522F01014,Coal India Limited,2026-07-01 11:00:00,COALINDIA
30-Jun-2026 13:24:18,410.20 KB,https://nsearchives.nseindia.com/corporate/COALINDIA_30062026132407_Press_Release.pdf,"Coal India Limited has informed the Exchange regarding a press release dated Jun 30, 2026, titled ""CIL Sharpens R&D Focus; Targets &#8377;1,900 Cr investment by FY2030"".",,,Press Release,00:00:01,30062026132418,30-Jun-2026 13:24:19,410.20 KB,True,,,106681093,Mining,INE522F01014,Coal India Limited,2026-06-30 13:24:18,COALINDIA
29-Jun-2026 11:50:19,832.84 KB,https://nsearchives.nseindia.com/corporate/COALINDIA_29062026114949_TWCQ1.pdf,"Coal India Limited has informed the Exchange regarding the Trading Window closure pursuant to SEBI (Prohibition of Insider Trading) Regulations, 2015",,,Trading Window,00:00:01,29062026115019,29-Jun-2026 11:50:20,832.84 KB,True,,,106679091,Mining,INE522F01014,Coal India Limited,2026-06-29 11:50:19,COALINDIA
16-Jun-2026 16:05:16,401.40 KB,https://nsearchives.nseindia.com/corporate/COALINDIA_16062026160506_Cost_Auditor.pdf,"Coal India Limited has informed the Exchange regarding Appointment of Ms Bandyopadhyaya Bhaumik & Co as Other of the company w.e.f. April 01, 2026.",,,Appointment,00:00:01,16062026160516,16-Jun-2026 16:05:17,401.40 KB,True,,,106664512,Mining,INE522F01014,Coal India Limited,2026-06-16 16:05:16,COALINDIA
11-Jun-2026 15:14:37,2.07 MB,https://nsearchives.nseindia.com/corporate/COALINDIA_11062026151425_SINGLE_C.pdf,"Coal India Limited has informed the Exchange regarding a press release dated Jun 11, 2026, titled ""Special Window for Re-lodgement of Transfer Requests of Physical Equity Shares of Coal India Limited -3rd Intimation"".",,,Press Release,00:00:01,11062026151437,11-Jun-2026 15:14:38,2.07 MB,True,,,106660964,Mining,INE522F01014,Coal India Limited,2026-06-11 15:14:37,COALINDIA
05-Jun-2026 12:58:32,451.88 KB,https://nsearchives.nseindia.com/corporate/COALINDIA_05062026125818_Press_Release05062026.pdf,"Coal India Limited has informed the Exchange regarding a press release dated Jun 05, 2026, titled ""CIL takes steps to offer more coal to NRS"".",,,Press Release,00:00:01,05062026125832,05-Jun-2026 12:58:33,451.88 KB,True,,,106655854,Mining,INE522F01014,Coal India Limited,2026-06-05 12:58:32,COALINDIA
03-Jun-2026 11:55:38,701.39 KB,https://nsearchives.nseindia.com/corporate/COALINDIA_03062026115528_NSE_Mar26.pdf,"Coal India Limited has informed the Exchange about disclosure under Regulation 30 of SEBI (LoDR), Regulations 2015.",,,General Updates,00:00:00,03062026115538,03-Jun-2026 11:55:38,701.39 KB,True,,,106653347,Mining,INE522F01014,Coal India Limited,2026-06-03 11:55:38,COALINDIA
01-Jun-2026 17:45:06,1.09 MB,https://nsearchives.nseindia.com/corporate/COALINDIA_01062026174456_Regulation_29.pdf,"Coal India Limited has informed about Intimation under Regulation 29(2) of the Securities and Exchange Board of India (Substantial Acquisition of Shares and Takeovers) Regulations, 2011, as amended (""SEBI Takeover Regulations"").",,,General Updates,00:00:01,01062026174506,01-Jun-2026 17:45:07,1.09 MB,True,,,106651319,Mining,INE522F01014,Coal India Limited,2026-06-01 17:45:06,COALINDIA
01-Jun-2026 17:32:09,1.05 MB,https://nsearchives.nseindia.com/corporate/COALINDIA_01062026173200_PIT.pdf,"Sub: Disclosure of pursuant to 7 (2) (b) of the SEBI (Prohibition of Insider Trading)Regulation , 2015",,,General Updates,00:00:01,01062026173209,01-Jun-2026 17:32:10,1.05 MB,True,,,106651293,Mining,INE522F01014,Coal India Limited,2026-06-01 17:32:09,COALINDIA
01-Jun-2026 16:23:27,729.83 KB,https://nsearchives.nseindia.com/corporate/COALINDIA_01062026162259_organized.pdf,Coal India Limited has informed the Exchange about Single Window Mode Agnostic (SWMA) E-auction Data of CIL and Subsidiary Companies for the month of May 26 and for the FY 2026-27 (Apr-May 2026).,,,General Updates,00:00:00,01062026162327,01-Jun-2026 16:23:27,729.83 KB,True,,,106651172,Mining,INE522F01014,Coal India Limited,2026-06-01 16:23:27,COALINDIA
01-Jun-2026 11:39:50,1.11 MB,https://nsearchives.nseindia.com/corporate/COALINDIA_01062026113942_Provisional_Production_May_2026.pdf,Coal India Limited has informed the Exchange about Provisional Production and Off-take Performance of CIL and Subsidiary Companies for the month of May 26 and Progressive May 26.,,,General Updates,00:00:01,01062026113950,01-Jun-2026 11:39:51,1.11 MB,True,,,106650726,Mining,INE522F01014,Coal India Limited,2026-06-01 11:39:50,COALINDIA
01-Jun-2026 11:26:06,379.31 KB,https://nsearchives.nseindia.com/corporate/COALINDIA_01062026112549_CISM__G_Banerjee__010626.pdf,"Coal India Limited has informed the Exchange regarding Cessation of Mr Goutam Banerjee as Executive Director (HR) of the company w.e.f. Jun 01, 2026.",,,Cessation,00:00:01,01062026112606,01-Jun-2026 11:26:07,379.31 KB,True,,,106650704,Mining,INE522F01014,Coal India Limited,2026-06-01 11:26:06,COALINDIA
27-May-2026 17:36:22,527.01 KB,https://nsearchives.nseindia.com/corporate/tchari_27052026173419_oversubscription.pdf,"The President of India, acting through and represented by the Ministry of Coal, Government of India has informed the Exchange about its intention to exercise over-subscription option for 6,16,27,283 equity shares.",,,Offer for sale,00:00:01,27052026173622,27-May-2026 17:36:23,527.01 KB,True,,,106643762,Mining,INE522F01014,Coal India Limited,2026-05-27 17:36:22,COALINDIA
27-May-2026 17:22:30,386.06 KB,https://nsearchives.nseindia.com/corporate/COALINDIA_27052026172221_Finesmar.pdf,"Disclosure under Regulation 30 of SEBI (Listing Obligations and Disclosure Requirements), Regulations 2015- Imposition of fine by BSE for quarter ended 31.03.26",,,General Updates,00:00:01,27052026172230,27-May-2026 17:22:31,386.06 KB,True,,,106643727,Mining,INE522F01014,Coal India Limited,2026-05-27 17:22:30,COALINDIA
26-May-2026 19:46:50,12.87 MB,https://nsearchives.nseindia.com/corporate/tchari_26052026193958_Notice_0001.pdf,"The President of India, acting through and represented by the Ministry of Coal, Government of India has informed the Exchange about an announcement with respect to offer for sale through Stock Exchange Mechanism for sale upto 6,16,27,283 Equity shares of face value of INR 10/- each of Coal India Limited. Date and time of the opening of the offer for Non-Retail Investors: May 27, 2026 at 9:15 a.m.; Date and time of the closing of the offer for Non-Retail Investors: May 27, 2026 at 3:30 p.m.; Date and time of the opening of the offer for Retail Investors: May 29, 2026 at 9:15 a.m.; Date and time of the closing of the offer for Retail Investors: May 29, 2026 at 3:30 p.m. The Sale shall continue to take place on a separate window of the Stock Exchanges commencing at 9:15 a.m. and shall close at 3:30 p.m. (Indian Standard Time) on the same date. The Floor Price for the Offer shall be INR 412/- (Rupees Four Hundred and Twelve only).",,,Offer for sale,00:00:00,26052026194650,26-May-2026 19:46:50,12.87 MB,True,,,106642123,Mining,INE522F01014,Coal India Limited,2026-05-26 19:46:50,COALINDIA
26-May-2026 14:32:32,470.61 KB,https://nsearchives.nseindia.com/corporate/COALINDIA_26052026143219_Press_Release_26052026.pdf,"Coal India Limited has informed the Exchange regarding a press release dated May 26, 2026, titled ""CIL allays supply worries as coal use goes up"".",,,Press Release,00:00:01,26052026143232,26-May-2026 14:32:33,470.61 KB,True,,,106641141,Mining,INE522F01014,Coal India Limited,2026-05-26 14:32:32,COALINDIA
15-May-2026 17:11:24,609.25 KB,https://nsearchives.nseindia.com/corporate/COALINDIA_15052026171108_MCL.pdf,"Coal India Limited has informed the Exchange regarding 'Alternative Mechanism(AM) approval for Listing of Mahanadi Coalfields Limited (MCL) through fresh issue of equity shares and disinvestment of Coal India Limited  (CIL) equity in MCL, through public offering to the extent of 25% of CIL s stake in MCL in the domestic market as per SEBI Rules and Regulation'.",,,Updates,00:00:01,15052026171124,15-May-2026 17:11:25,609.25 KB,True,,,106624995,Mining,INE522F01014,Coal India Limited,2026-05-15 17:11:24,COALINDIA
12-May-2026 11:29:15,513.52 KB,https://nsearchives.nseindia.com/corporate/COALINDIA_12052026112850_Strike_off_of_CIL_Solar_PV.pdf,"Coal India Limited has informed the Exchange regarding 'Striking Off and Dissolution of CIL Solar PV Limited (A wholly owned subsidiary of Coal India Ltd.) under section 248(2) of the Companies Act, 2013.'.",,,Updates,00:00:01,12052026112915,12-May-2026 11:29:16,513.52 KB,True,,,106618104,Mining,INE522F01014,Coal India Limited,2026-05-12 11:29:15,COALINDIA
05-May-2026 13:35:56,608.49 KB,https://nsearchives.nseindia.com/corporate/COALINDIA_05052026133544_AWARD.pdf,"Coal India Limited has informed the Exchange about General Updates on Commissioning of 100 MW, Solar Power Plant in Gujarat",,,General Updates,00:00:01,05052026133556,05-May-2026 13:35:57,608.49 KB,True,,,106609429,Mining,INE522F01014,Coal India Limited,2026-05-05 13:35:56,COALINDIA
01-May-2026 13:19:09,449.81 KB,https://nsearchives.nseindia.com/corporate/COALINDIA_01052026131842_SWMAapr.pdf,Single Window Mode Agnostic (SWMA) E-auction Data of CIL and SubsidiaryCompanies for the month of Apr 26,,,General Updates,00:00:01,01052026131909,01-May-2026 13:19:10,449.81 KB,True,,,106606823,Mining,INE522F01014,Coal India Limited,2026-05-01 13:19:09,COALINDIA
01-May-2026 10:47:40,362.06 KB,https://nsearchives.nseindia.com/corporate/COALINDIA_01052026104719_Prodf.pdf,Provisional Production and Off-take Performance of CIL and Subsidiary Companies for the month of Apr 26,,,Monthly Business Updates,00:00:01,01052026104740,01-May-2026 10:47:41,362.06 KB,True,,,106606751,Mining,INE522F01014,Coal India Limited,2026-05-01 10:47:40,COALINDIA
01-May-2026 10:27:07,324.79 KB,https://nsearchives.nseindia.com/corporate/COALINDIA_01052026102655_Cessation_of_ED.pdf,"Shri P. Madhusudan Rao (EIS No. 90115460) on attaining the age of superannuation, relinquished the charge of Executive Director (Excvn.) of Coal India Limited w.e.f 01.05.2026",,,General Updates,00:00:01,01052026102707,01-May-2026 10:27:08,324.79 KB,True,,,106606743,Mining,INE522F01014,Coal India Limited,2026-05-01 10:27:07,COALINDIA
30-Apr-2026 22:10:41,367.51 KB,https://nsearchives.nseindia.com/corporate/COALINDIA_30042026221026_award.pdf,Coal India Limited has informed the Exchange about Bagging/Receiving of orders/contracts,,,Bagging/Receiving of orders/contracts,00:00:01,30042026221041,30-Apr-2026 22:10:42,367.51 KB,True,,,106606546,Mining,INE522F01014,Coal India Limited,2026-04-30 22:10:41,COALINDIA
30-Apr-2026 11:05:11,522.23 KB,https://nsearchives.nseindia.com/corporate/COALINDIA_30042026110402_Cessation_of_Panda.pdf,"Coal India Limited has informed the Exchange regarding Cessation of Mr Satyabrata Panda as Independent Director of the company w.e.f. April 30, 2026.",,,Cessation,00:00:02,30042026110511,30-Apr-2026 11:05:13,522.23 KB,True,,,106605116,Mining,INE522F01014,Coal India Limited,2026-04-30 11:05:11,COALINDIA
28-Apr-2026 12:30:27,4.94 MB,https://nsearchives.nseindia.com/corporate/COALINDIA_28042026122930_Newpaper_Publication.pdf,Coal India Limited has informed the Exchange about Copy of Newspaper Publication on Audited Financial Results for FY 25-26.,,,Copy of Newspaper Publication,00:00:01,28042026123027,28-Apr-2026 12:30:28,4.94 MB,True,,,106602352,Mining,INE522F01014,Coal India Limited,2026-04-28 12:30:27,COALINDIA
27-Apr-2026 20:36:02,3.68 MB,https://nsearchives.nseindia.com/corporate/COALINDIA_27042026203552_Presentation_final.pdf,Investor Presentation made by Company on the Audited Financial Results of Coal India Limited (Standalone & Consolidated) for the 4th Quarter and Financial year ended 31st Mar 26.,,,General Updates,00:00:01,27042026203602,27-Apr-2026 20:36:03,3.68 MB,True,,,106601705,Mining,INE522F01014,Coal India Limited,2026-04-27 20:36:02,COALINDIA
27-Apr-2026 20:33:51,677.25 KB,https://nsearchives.nseindia.com/corporate/COALINDIA_27042026203309_Dividend.pdf,"Coal India Limited has informed the Exchange that Board of Directors at its meeting held on April 27, 2026, recommended Final Dividend of Rs. 5.25 per equity share.",,,Dividend,00:00:01,27042026203351,27-Apr-2026 20:33:52,677.25 KB,True,,,106601702,Mining,INE522F01014,Coal India Limited,2026-04-27 20:33:51,COALINDIA
27-Apr-2026 20:31:07,6.09 MB,https://nsearchives.nseindia.com/corporate/COALINDIA_27042026202823_result_final.pdf,"Coal India Limited has submitted to the Exchange, the financial results for the period ended March 31, 2026.",,,Outcome of Board Meeting,00:00:01,27042026203107,27-Apr-2026 20:31:08,6.09 MB,True,,,106601694,Mining,INE522F01014,Coal India Limited,2026-04-27 20:31:07,COALINDIA
23-Apr-2026 15:16:21,571.35 KB,https://nsearchives.nseindia.com/corporate/COALINDIA_23042026151605_credit_rating.pdf,Coal India Limited has informed the Exchange about Credit Rating,,,Credit Rating,00:00:00,23042026151621,23-Apr-2026 15:16:21,571.35 KB,True,,,106598086,Mining,INE522F01014,Coal India Limited,2026-04-23 15:16:21,COALINDIA
20-Apr-2026 19:40:12,1009.18 KB,https://nsearchives.nseindia.com/corporate/COALINDIA_20042026193912_closure_of_Sol.pdf,"Coal India Limited has informed the Exchange regarding 'Public Notice No.- STK-6/010648/2026-Striking off or removal of the name of CIL Solar PV Ltd (A wholly owned subsidiary of Coal India Ltd.) under section 248(2) of the CompaniesAct, 2013'.",,,Updates,00:00:01,20042026194012,20-Apr-2026 19:40:13,1009.18 KB,True,,,106594666,Mining,INE522F01014,Coal India Limited,2026-04-20 19:40:12,COALINDIA
16-Apr-2026 13:08:31,6.00 MB,https://nsearchives.nseindia.com/corporate/COALINDIA_16042026130817_PREss.pdf,"Coal India Limited has informed the Exchange regarding a press release dated April 16, 2026, titled ""Notice of Board meeting for 4th Quarter and Financial year ended 31st March 2026 and consideration of Final Dividend FY 25-26, if any. "".",,,Press Release,00:00:01,16042026130831,16-Apr-2026 13:08:32,6.00 MB,True,,,106591403,Mining,INE522F01014,Coal India Limited,2026-04-16 13:08:31,COALINDIA
10-Apr-2026 12:38:59,979.74 KB,https://nsearchives.nseindia.com/corporate/COALINDIA_10042026123818_Press_Release.pdf,"Coal India Limited has informed the Exchange regarding a press release dated April 10, 2026, titled ""CIL Press release on CIL insulates Indian coal users from increasing input costs."".",,,Press Release,00:00:01,10042026123859,10-Apr-2026 12:39:00,979.74 KB,True,,,106586307,Mining,INE522F01014,Coal India Limited,2026-04-10 12:38:59,COALINDIA
07-Apr-2026 15:01:22,2.31 MB,https://nsearchives.nseindia.com/corporate/COALINDIA_07042026150110_Newspaper_SEBI.pdf,Coal India Limited has informed the Exchange about Copy of Newspaper Publication,,,Copy of Newspaper Publication,00:00:01,07042026150122,07-Apr-2026 15:01:23,2.31 MB,True,,,106582030,Mining,INE522F01014,Coal India Limited,2026-04-07 15:01:22,COALINDIA
06-Apr-2026 16:43:56,690.62 KB,https://nsearchives.nseindia.com/corporate/COALINDIA_06042026164344_745_final.pdf,"Coal India Limited has informed the Exchange about Certificate under SEBI (Depositories and Participants) Regulations, 2018",,,"Certificate under SEBI (Depositories and Participants) Regulations, 2018",00:00:02,06042026164356,06-Apr-2026 16:43:58,690.62 KB,True,,,106580667,Mining,INE522F01014,Coal India Limited,2026-04-06 16:43:56,COALINDIA
01-Apr-2026 16:50:47,657.14 KB,https://nsearchives.nseindia.com/corporate/COALINDIA_01042026165006_eacu_merged.pdf,Coal India Limited has informed the Exchange about General Updates - Single Window Mode Agnostic (SWMA) E-auction Data of CIL and Subsidiary Companies for the month of Mar 26 and for the FY-2025-26.,,,General Updates,00:00:01,01042026165047,01-Apr-2026 16:50:48,657.14 KB,True,,,106577334,Mining,INE522F01014,Coal India Limited,2026-04-01 16:50:47,COALINDIA
01-Apr-2026 12:44:45,624.48 KB,https://nsearchives.nseindia.com/corporate/COALINDIA_01042026124423_Production.pdf,Coal India Limited has informed the Exchange about General Updates- Provisional Production and Off-take Performance of CIL and Subsidiary Companies for the month of Mar 26 and for the period Apr 25-Mar 26.,,,General Updates,00:00:00,01042026124445,01-Apr-2026 12:44:45,624.48 KB,True,,,106577046,Mining,INE522F01014,Coal India Limited,2026-04-01 12:44:45,COALINDIA
30-Mar-2026 17:34:24,655.61 KB,https://nsearchives.nseindia.com/corporate/COALINDIA_30032026173416_siged.pdf,"Coal India Limited has informed the Exchange about General Updates-Disclosure under Regulation 30 of Securities and Exchange Board of India (Listing Obligations and Disclosure Requirements) Regulations, 2015 ( Listing Regulations )   Initial public offering ( IPO ) of equity shares of face value &#8377; 2 each ( Equity Shares ) of Central Mine Planning & Design Institute Limited, a subsidiary of Coal India Limited ( Company )",,,General Updates,00:00:01,30032026173424,30-Mar-2026 17:34:25,655.61 KB,True,,,106574503,Mining,INE522F01014,Coal India Limited,2026-03-30 17:34:24,COALINDIA
28-Mar-2026 21:07:51,458.76 KB,https://nsearchives.nseindia.com/corporate/COALINDIA_28032026210731_signedloa.pdf,Coal India Limited has informed the Exchange about Bagging/Receiving of orders/contracts- Receipt of Letter of Award (LOA) from Telangana Power Generation Corporation Limited,,,Bagging/Receiving of orders/contracts,00:00:01,28032026210751,28-Mar-2026 21:07:52,458.76 KB,True,,,106573294,Mining,INE522F01014,Coal India Limited,2026-03-28 21:07:51,COALINDIA
28-Mar-2026 07:50:18,749.07 KB,https://nsearchives.nseindia.com/corporate/COALINDIA_28032026074935_signedcessation.pdf,Coal India Limited has informed the Exchange regarding Change in Director(s) of the company.,,,Change in Director(s),00:00:03,28032026075018,28-Mar-2026 07:50:21,749.07 KB,True,,,106572752,Mining,INE522F01014,Coal India Limited,2026-03-28 07:50:18,COALINDIA
27-Mar-2026 17:43:49,752.71 KB,https://nsearchives.nseindia.com/corporate/COALINDIA_27032026174318_signedletterincorporation.pdf,"Coal India Limited has informed the Exchange about General Updates-Regulation 30 of the SEBI (Listing Obligations and Disclosure Requirements) Regulations, 2015-Incorporation of Joint Venture Company i.e, DVC CIL Power Private Limited between Coal India Limited (CIL) and Damodar Valley Corporation (DVC).",,,General Updates,00:00:01,27032026174349,27-Mar-2026 17:43:50,752.71 KB,True,,,106571987,Mining,INE522F01014,Coal India Limited,2026-03-27 17:43:49,COALINDIA
27-Mar-2026 12:54:10,1.09 MB,https://nsearchives.nseindia.com/corporate/COALINDIA_27032026125334_press_merged.pdf,"Coal India Limited has informed the Exchange regarding a press release dated March 27, 2026, titled ""CIL s Rs.3300 Cr push for 8 new Coking Coal Washeries"".",,,Press Release,00:00:02,27032026125410,27-Mar-2026 12:54:12,1.09 MB,True,,,106571050,Mining,INE522F01014,Coal India Limited,2026-03-27 12:54:10,COALINDIA
25-Mar-2026 17:17:20,768.39 KB,https://nsearchives.nseindia.com/corporate/COALINDIA_25032026171702_Letter_Stock_Exchange__1_.pdf,"Coal India Limited has informed the Exchange regarding the Trading Window closure pursuant to SEBI (Prohibition of Insider Trading) Regulations, 2015",,,Trading Window,00:00:01,25032026171720,25-Mar-2026 17:17:21,768.39 KB,True,,,106568040,Mining,INE522F01014,Coal India Limited,2026-03-25 17:17:20,COALINDIA
25-Mar-2026 16:18:55,1.01 MB,https://nsearchives.nseindia.com/corporate/COALINDIA_25032026161724_prospectus_CMPDIL.pdf,"Coal India Limited has informed the Exchange regarding ''.Initial Public Offering ( IPO ) Of Equity Shares of Face Value Rs. 2 Each ( Equity Shares ) Of Central Mine Planning & Design Institute Limited, A Subsidiary of Coal India Limited ( Company )-Filing of Prospectus",,,Updates,00:00:01,25032026161855,25-Mar-2026 16:18:56,1.01 MB,True,,,106567769,Mining,INE522F01014,Coal India Limited,2026-03-25 16:18:55,COALINDIA
23-Mar-2026 20:06:31,496.65 KB,https://nsearchives.nseindia.com/corporate/COALINDIA_23032026200606_SECL_dis.pdf,Coal India Limited has informed the Exchange regarding 'In-principle approval for disinvestment of South Eastern Coalfields Limited (SECL) through Offer for Sale (OFS) of up to 25% equity by CIL and fresh issue of up to 10% equity shares by SECL'.,,,Updates,00:00:01,23032026200631,23-Mar-2026 20:06:32,496.65 KB,True,,,106564449,Mining,INE522F01014,Coal India Limited,2026-03-23 20:06:31,COALINDIA
23-Mar-2026 20:04:46,499.70 KB,https://nsearchives.nseindia.com/corporate/COALINDIA_23032026200426_MCL_dis.pdf,"Coal India Limited has informed the Exchange regarding 'In-principle approval for divestment up to 25% equity shares of Coal India Limited (CIL) in Mahanadi Coalfields Limited (MCL), a wholly owned subsidiary of Coal India Limited'.",,,Updates,00:00:01,23032026200446,23-Mar-2026 20:04:47,499.70 KB,True,,,106564447,Mining,INE522F01014,Coal India Limited,2026-03-23 20:04:46,COALINDIA
23-Mar-2026 19:58:07,501.28 KB,https://nsearchives.nseindia.com/corporate/COALINDIA_23032026195757_Intimation_of_Sigapore.pdf,Coal India Limited has informed the Exchange regarding 'Incorporation of an Intermediate Holding Company (IHC) at Singapore '.,,,Updates,00:00:00,23032026195807,23-Mar-2026 19:58:07,501.28 KB,True,,,106564442,Mining,INE522F01014,Coal India Limited,2026-03-23 19:58:07,COALINDIA
23-Mar-2026 19:54:10,517.93 KB,https://nsearchives.nseindia.com/corporate/COALINDIA_23032026195356_guarantee_of_CRAUL.pdf,"Coal India Limited has informed the Exchange regarding 'Regulation 30 of the SEBI (Listing Obligations and Disclosure Requirements) Regulations, 2015- Giving of guarantee to CIL Rajasthan Akshay Urja Limited (CRAUL), a subsidiary of CIL'.",,,Updates,00:00:02,23032026195410,23-Mar-2026 19:54:12,517.93 KB,True,,,106564437,Mining,INE522F01014,Coal India Limited,2026-03-23 19:54:10,COALINDIA
23-Mar-2026 19:50:34,499.99 KB,https://nsearchives.nseindia.com/corporate/COALINDIA_23032026195025_Closure_of_MJSJ.pdf,"Coal India Limited has informed the Exchange regarding 'Regulation 30 of the SEBI (Listing Obligations and Disclosure Requirements) Regulations, 2015- Closure of step-down subsidiary'.",,,Updates,00:00:01,23032026195034,23-Mar-2026 19:50:35,499.99 KB,True,,,106564434,Mining,INE522F01014,Coal India Limited,2026-03-23 19:50:34,COALINDIA
13-Mar-2026 14:44:15,581.02 KB,https://nsearchives.nseindia.com/corporate/COALINDIA_13032026144405_RHP.pdf,"Coal India Limited has informed the Exchange regarding 'Filing of Red Herring Prospectus(RHP) of Central Mine Planning and Design Institute Limited (CMPDIL), a wholly owned Subsidiary of CIL, with SEBI'.",,,Updates,00:00:01,13032026144415,13-Mar-2026 14:44:16,581.02 KB,True,,,106556838,Mining,INE522F01014,Coal India Limited,2026-03-13 14:44:15,COALINDIA
05-Mar-2026 13:13:29,592.72 KB,https://nsearchives.nseindia.com/corporate/COALINDIA_05032026131318_Schedule_of_Analyst__Meet.pdf,Coal India Limited has informed the Exchange about Schedule of meet,,,Analysts/Institutional Investor Meet/Con. Call Updates,00:00:02,05032026131329,05-Mar-2026 13:13:31,592.72 KB,True,,,106550260,Mining,INE522F01014,Coal India Limited,2026-03-05 13:13:29,COALINDIA
03-Mar-2026 12:15:11,591.82 KB,https://nsearchives.nseindia.com/corporate/COALINDIA_03032026121500_Schedule_of_Analyst__Meet.pdf,Coal India Limited has informed the Exchange about Schedule of meet,,,Analysts/Institutional Investor Meet/Con. Call Updates,00:00:01,03032026121511,03-Mar-2026 12:15:12,591.82 KB,True,,,106548817,Mining,INE522F01014,Coal India Limited,2026-03-03 12:15:11,COALINDIA
03-Mar-2026 11:14:07,626.58 KB,https://nsearchives.nseindia.com/corporate/COALINDIA_03032026111348_E-Auction.pdf,Coal India Limited has informed the Exchange about General Updates of SWMA E-auction Data of CIL and Subsidiary Companies for the month of Feb 26 and for the period Apr 25-Feb 26 (Cumulative).,,,General Updates,00:00:01,03032026111407,03-Mar-2026 11:14:08,626.58 KB,True,,,106548787,Mining,INE522F01014,Coal India Limited,2026-03-03 11:14:07,COALINDIA
02-Mar-2026 16:19:19,520.01 KB,https://nsearchives.nseindia.com/corporate/COALINDIA_02032026161829_FinesBSE.pdf,Coal India Limited has informed the Exchange regarding ''Imposition of fine by BSE for the quarter ended December 2025,,,Updates,00:00:01,02032026161919,02-Mar-2026 16:19:20,520.01 KB,True,,,106548243,Mining,INE522F01014,Coal India Limited,2026-03-02 16:19:19,COALINDIA
01-Mar-2026 12:44:44,512.60 KB,https://nsearchives.nseindia.com/corporate/COALINDIA_01032026124430_rathoref.pdf,"Coal India Limited has informed the Exchange regarding Cessation of Mr Ghanshyam Singh Rathore as Independent Director of the company w.e.f. March 01, 2026.",,,Cessation,00:00:01,01032026124444,01-Mar-2026 12:44:45,512.60 KB,True,,,106547627,Mining,INE522F01014,Coal India Limited,2026-03-01 12:44:44,COALINDIA
01-Mar-2026 12:41:36,604.56 KB,https://nsearchives.nseindia.com/corporate/COALINDIA_01032026124123_Productionf.pdf,Provisional Production and Off-take Performance of CIL and Subsidiary Companies for the month of Feb 26 and for the period Apr 25-Feb 26,,,General Updates,00:00:01,01032026124136,01-Mar-2026 12:41:37,604.56 KB,True,,,106547626,Mining,INE522F01014,Coal India Limited,2026-03-01 12:41:36,COALINDIA
27-Feb-2026 12:54:51,857.65 KB,https://nsearchives.nseindia.com/corporate/COALINDIA_27022026125441_Press_Release.pdf,"Coal India Limited has informed the Exchange regarding a press release dated February 27, 2026, titled ""CIL geared up to meet spurt in summer coal demand"".",,,Press Release,00:00:01,27022026125451,27-Feb-2026 12:54:52,857.65 KB,True,,,106546497,Mining,INE522F01014,Coal India Limited,2026-02-27 12:54:51,COALINDIA
16-Feb-2026 12:40:04,962.88 KB,https://nsearchives.nseindia.com/corporate/COALINDIA_16022026123936_Press_Release.pdf,Press Release on  CIL s Capex on Solar at Rs.961 Crores till Jan FY 26 logs 2.33X growth,,,Press Release,00:00:01,16022026124004,16-Feb-2026 12:40:05,962.88 KB,True,,,106536625,Mining,INE522F01014,Coal India Limited,2026-02-16 12:40:04,COALINDIA
16-Feb-2026 11:47:01,1.68 MB,https://nsearchives.nseindia.com/corporate/COALINDIA_16022026114652_Newspaper_publication_on_Tax.pdf,Newspaper Publication of Tax on 3rd Interim Dividend for FY 2025-26,,,Copy of Newspaper Publication,00:00:01,16022026114701,16-Feb-2026 11:47:02,1.68 MB,True,,,106536515,Mining,INE522F01014,Coal India Limited,2026-02-16 11:47:01,COALINDIA
13-Feb-2026 12:10:05,3.43 MB,https://nsearchives.nseindia.com/corporate/COALINDIA_13022026120929_paper_publication.pdf,Newspaper publication on  Un-Audited Financial Results of Coal India Limited(Standalone & Consolidated) for the 3rd Quarter and Nine Months ended 31stDecember  2025,,,Copy of Newspaper Publication,00:00:01,13022026121005,13-Feb-2026 12:10:06,3.43 MB,True,,,106533396,Mining,INE522F01014,Coal India Limited,2026-02-13 12:10:05,COALINDIA
12-Feb-2026 19:17:03,1.83 MB,https://nsearchives.nseindia.com/corporate/COALINDIA_12022026191643_3rd_ID.pdf,Shareholder s Communication on Tax on 3rd Interim Dividend for FY 2025-26,,,General Updates,00:00:01,12022026191703,12-Feb-2026 19:17:04,1.83 MB,True,,,106532546,Mining,INE522F01014,Coal India Limited,2026-02-12 19:17:03,COALINDIA
12-Feb-2026 19:03:40,5.72 MB,https://nsearchives.nseindia.com/corporate/COALINDIA_12022026190314_Presentation.pdf,Presentation made by Company on the Un-Audited Financial Results of Coal India Limited (Standalone & Consolidated) for the 3rd Quarter and Nine Months ended 31st December  2025,,,General Updates,00:00:01,12022026190340,12-Feb-2026 19:03:41,5.72 MB,True,,,106532501,Mining,INE522F01014,Coal India Limited,2026-02-12 19:03:40,COALINDIA
12-Feb-2026 18:56:51,764.15 KB,https://nsearchives.nseindia.com/corporate/COALINDIA_12022026185551_Dividend.pdf,"Coal India Limited has informed the Exchange that Board of Directors at its meeting held on February 12, 2026, declared 3rd Interim Dividend of Rs. 5.50 per equity share.",,,Dividend,00:00:01,12022026185651,12-Feb-2026 18:56:52,764.15 KB,True,,,106532479,Mining,INE522F01014,Coal India Limited,2026-02-12 18:56:51,COALINDIA
12-Feb-2026 18:54:55,764.15 KB,https://nsearchives.nseindia.com/corporate/COALINDIA_12022026185439_Dividend.pdf,Coal India Limited has informed the Exchange that Record date for the purpose of Dividend  is 18-Feb-2026.,,,Record Date,00:00:01,12022026185455,12-Feb-2026 18:54:56,764.15 KB,True,,,106532470,Mining,INE522F01014,Coal India Limited,2026-02-12 18:54:55,COALINDIA
12-Feb-2026 18:53:58,3.70 MB,https://nsearchives.nseindia.com/corporate/COALINDIA_12022026185237_results.pdf,Un-Audited Financial Results of Coal India Limited (Standalone & Consolidated) for the 3rd Quarter and Nine Months ended 31st December  2025 and declaration of 3rd Interim Dividend for FY 2025-26,,,Outcome of Board Meeting,00:00:01,12022026185358,12-Feb-2026 18:53:59,3.70 MB,True,,,106532468,Mining,INE522F01014,Coal India Limited,2026-02-12 18:53:58,COALINDIA
09-Feb-2026 12:33:03,2.63 MB,https://nsearchives.nseindia.com/corporate/COALINDIA_09022026123247_Newspaper.pdf,Newspaper publication on  Special Window for Re-lodgement of Transfer Requests of Physical Equity Shares of Coal India Limited,,,Copy of Newspaper Publication,00:00:02,09022026123303,09-Feb-2026 12:33:05,2.63 MB,True,,,106525935,Mining,INE522F01014,Coal India Limited,2026-02-09 12:33:03,COALINDIA
04-Feb-2026 17:34:36,507.93 KB,https://nsearchives.nseindia.com/corporate/COALINDIA_04022026173424_Invet_in_DVC.pdf,In-principle approval for equity infusion in JV of Coal India Limited with DVC,,,General Updates,00:00:01,04022026173436,04-Feb-2026 17:34:37,507.93 KB,True,,,106519928,Mining,INE522F01014,Coal India Limited,2026-02-04 17:34:36,COALINDIA
04-Feb-2026 17:32:37,503.63 KB,https://nsearchives.nseindia.com/corporate/COALINDIA_04022026173159_Invet_in_UPRVUNL.pdf,Incorporation of Joint Venture Company between Coal India Limited (CIL) and U.P. Rajya Vidyut Utpadan Nigam Limited (UPRVUNL) for development of renewable energy projects in Uttar Pradesh,,,General Updates,00:00:01,04022026173237,04-Feb-2026 17:32:38,503.63 KB,True,,,106519923,Mining,INE522F01014,Coal India Limited,2026-02-04 17:32:37,COALINDIA
04-Feb-2026 17:24:47,507.56 KB,https://nsearchives.nseindia.com/corporate/COALINDIA_04022026172434_Invet_in_BCGCL.pdf,"Approval to invest in Bharat Coal Gasification and Chemicals Limited (BCGCL), a subsidiary of Coal India Limited, by way of subscription to Equity shares",,,General Updates,00:00:00,04022026172447,04-Feb-2026 17:24:47,507.56 KB,True,,,106519894,Mining,INE522F01014,Coal India Limited,2026-02-04 17:24:47,COALINDIA
04-Feb-2026 17:23:16,501.33 KB,https://nsearchives.nseindia.com/corporate/COALINDIA_04022026172246_Intimation_of_chile.pdf,Incorporation of an Intermediate Holding Company (IHC) at Chile.,,,General Updates,00:00:00,04022026172316,04-Feb-2026 17:23:16,501.33 KB,True,,,106519890,Mining,INE522F01014,Coal India Limited,2026-02-04 17:23:16,COALINDIA
03-Feb-2026 12:42:43,15.65 MB,https://nsearchives.nseindia.com/corporate/COALINDIA_03022026124230_Newspaper.pdf,Coal India Limited has informed the Exchange about Copy of Newspaper Publication,,,Copy of Newspaper Publication,00:00:01,03022026124243,03-Feb-2026 12:42:44,15.65 MB,True,,,106517363,Mining,INE522F01014,Coal India Limited,2026-02-03 12:42:43,COALINDIA
02-Feb-2026 20:51:35,335.55 KB,https://nsearchives.nseindia.com/corporate/COALINDIA_02022026205123_payrevisef.pdf,"Disclosure under Regulation 30 of SEBI (Listing Obligations and Disclosure Requirements), Regulations 2015   Upgradation of Pay Scale of Executives (up to mid-level)",,,General Updates,00:00:01,02022026205135,02-Feb-2026 20:51:36,335.55 KB,True,,,106516644,Mining,INE522F01014,Coal India Limited,2026-02-02 20:51:35,COALINDIA
01-Feb-2026 11:03:18,368.45 KB,https://nsearchives.nseindia.com/corporate/COALINDIA_01022026110305_Prodf.pdf,Provisional Production and Off-take Performance of CIL and Subsidiary Companies for the month of Jan 26 and for the period Apr 25-Jan 26,,,General Updates,00:00:02,01022026110318,01-Feb-2026 11:03:20,368.45 KB,True,,,106515019,Mining,INE522F01014,Coal India Limited,2026-02-01 11:03:18,COALINDIA
01-Feb-2026 06:45:12,331.16 KB,https://nsearchives.nseindia.com/corporate/COALINDIA_01022026064455_Change_in_Managementf.pdf,"Shri Alok Lalit Kumar on attaining the age of superannuation, relinquished the charge as Executive Director (Co-ordination) of Coal India Limited with effect from 01.02.2026",,,General Updates,00:00:01,01022026064512,01-Feb-2026 06:45:13,331.16 KB,True,,,106514984,Mining,INE522F01014,Coal India Limited,2026-02-01 06:45:12,COALINDIA
22-Jan-2026 11:16:30,827.84 KB,https://nsearchives.nseindia.com/corporate/COALINDIA_22012026111619_Press_Realese.pdf,"Coal India Limited has informed the Exchange regarding a press release dated January 22, 2026, titled ""CIL s major focus is on automated coal sampling"".",,,Press Release,00:00:00,22012026111630,22-Jan-2026 11:16:30,827.84 KB,True,,,106504535,Mining,INE522F01014,Coal India Limited,2026-01-22 11:16:30,COALINDIA
20-Jan-2026 11:29:04,700.98 KB,https://nsearchives.nseindia.com/corporate/COALINDIA_20012026112850_Intimation_of_mine.pdf,"Grant Of Mineral Concession By Ministry Of Mines, Government Of India",,,General Updates,00:00:01,20012026112904,20-Jan-2026 11:29:05,700.98 KB,True,,,106501860,Mining,INE522F01014,Coal India Limited,2026-01-20 11:29:04,COALINDIA
19-Jan-2026 11:12:51,756.86 KB,https://nsearchives.nseindia.com/corporate/COALINDIA_19012026111242_listingbccl.pdf,"Listing of Bharat Coking Coal Limited, a subsidiary of Coal India Limited",,,General Updates,00:00:02,19012026111251,19-Jan-2026 11:12:53,756.86 KB,True,,,106500543,Mining,INE522F01014,Coal India Limited,2026-01-19 11:12:51,COALINDIA
14-Jan-2026 11:50:44,851.10 KB,https://nsearchives.nseindia.com/corporate/COALINDIA_14012026115033_BCCLProspectus.pdf,"Filing of Prospectus of Bharat Coking Coal Limited (BCCL) , A Wholly Owned Subsidiary of Coal India Limited, With the Registrar of Companies, Jharkhand at Ranchi on January 14, 2026.",,,General Updates,00:00:00,14012026115044,14-Jan-2026 11:50:44,851.10 KB,True,,,106497052,Mining,INE522F01014,Coal India Limited,2026-01-14 11:50:44,COALINDIA
12-Jan-2026 19:19:45,517.14 KB,https://nsearchives.nseindia.com/corporate/COALINDIA_12012026191925_RumourVerificationf.pdf,Coal India Limited has informed the Exchange about Rumour Verification - Regulation 30(11),,,Rumour Verification - Regulation 30(11),00:00:01,12012026191945,12-Jan-2026 19:19:46,517.14 KB,True,,,106495091,Mining,INE522F01014,Coal India Limited,2026-01-12 19:19:45,COALINDIA
06-Jan-2026 16:58:55,910.51 KB,https://nsearchives.nseindia.com/corporate/COALINDIA_06012026165759_745.pdf,"Coal India Limited has informed the Exchange about Certificate under SEBI (Depositories and Participants) Regulations, 2018",,,"Certificate under SEBI (Depositories and Participants) Regulations, 2018",00:00:01,06012026165855,06-Jan-2026 16:58:56,910.51 KB,True,,,106489084,Mining,INE522F01014,Coal India Limited,2026-01-06 16:58:55,COALINDIA
03-Jan-2026 14:59:05,260.34 KB,https://nsearchives.nseindia.com/corporate/COALINDIA_03012026145853_RHPf.pdf,Coal India Limited has informed the Exchange about General Updates,,,General Updates,00:00:01,03012026145905,03-Jan-2026 14:59:06,260.34 KB,True,,,106486745,Mining,INE522F01014,Coal India Limited,2026-01-03 14:59:05,COALINDIA
02-Jan-2026 19:28:34,333.31 KB,https://nsearchives.nseindia.com/corporate/COALINDIA_02012026192819_RumourVerificationf.pdf,Coal India Limited has informed the Exchange about Rumour Verification - Regulation 30(11),,,Rumour Verification - Regulation 30(11),00:00:01,02012026192834,02-Jan-2026 19:28:35,333.31 KB,True,,,106486396,Mining,INE522F01014,Coal India Limited,2026-01-02 19:28:34,COALINDIA
02-Jan-2026 12:17:31,607.02 KB,https://nsearchives.nseindia.com/corporate/COALINDIA_02012026121703_Press_Realese.pdf,"Coal India Limited has informed the Exchange regarding a press release dated January 02, 2026, titled ""CIL permits direct participation of foreign coal buyers in e-auction"".",,,Press Release,00:00:01,02012026121731,02-Jan-2026 12:17:32,607.02 KB,True,,,106485909,Mining,INE522F01014,Coal India Limited,2026-01-02 12:17:31,COALINDIA
01-Jan-2026 11:56:56,1.07 MB,https://nsearchives.nseindia.com/corporate/COALINDIA_01012026115644_Dec25.pdf,Coal India Limited has informed the Exchange regarding 'Provisional Production And Off-Take Performance Of CIL And Subsidiary Companies For The Month Of Dec'25 And For The Period Apr'25-Dec'25'.,,,Updates,00:00:01,01012026115656,01-Jan-2026 11:56:57,1.07 MB,True,,,106485092,Mining,INE522F01014,Coal India Limited,2026-01-01 11:56:56,COALINDIA
29-Dec-2025 16:46:10,768.18 KB,https://nsearchives.nseindia.com/corporate/COALINDIA_29122025164546_Letter_Stock_Exchange.pdf,"Coal India Limited has informed the Exchange regarding the Trading Window closure pursuant to SEBI (Prohibition of Insider Trading) Regulations, 2015",,,Trading Window,00:00:00,29122025164610,29-Dec-2025 16:46:10,768.18 KB,True,,,106481178,Mining,INE522F01014,Coal India Limited,2025-12-29 16:46:10,COALINDIA
29-Dec-2025 13:06:52,516.35 KB,https://nsearchives.nseindia.com/corporate/COALINDIA_29122025130524_NSERajiva.pdf,"Coal India Limited has informed the Exchange regarding Appointment of Mr R K Singh as Other of the company w.e.f. December 29, 2025.",,,Appointment,00:00:01,29122025130652,29-Dec-2025 13:06:53,516.35 KB,True,,,106480636,Mining,INE522F01014,Coal India Limited,2025-12-29 13:06:52,COALINDIA
26-Dec-2025 17:10:40,515.61 KB,https://nsearchives.nseindia.com/corporate/COALINDIA_26122025170911_NSEgarg.pdf,Coal India Limited has informed the Exchange regarding ''.,,,Updates,00:00:01,26122025171040,26-Dec-2025 17:10:41,515.61 KB,True,,,106478753,Mining,INE522F01014,Coal India Limited,2025-12-26 17:10:40,COALINDIA
26-Dec-2025 14:14:40,520.12 KB,https://nsearchives.nseindia.com/corporate/COALINDIA_26122025141308_NSECEO.pdf,"Coal India Limited has informed the Exchange regarding Appointment of Mr B.Sairam as Chief Executive Officer of the company w.e.f. December 26, 2025.",,,Appointment,00:00:01,26122025141440,26-Dec-2025 14:14:41,520.12 KB,True,,,106478216,Mining,INE522F01014,Coal India Limited,2025-12-26 14:14:40,COALINDIA
23-Dec-2025 17:06:22,651.30 KB,https://nsearchives.nseindia.com/corporate/COALINDIA_23122025170609_SECLsigned.pdf,"Coal India Limited has informed the Exchange about General Updates-In-principle approval of Listing of South Eastern Coalfields Limited (SECL), a Wholly owned subsidiary of Coal India Limited.",,,General Updates,00:00:00,23122025170622,23-Dec-2025 17:06:22,651.30 KB,True,,,106475316,Mining,INE522F01014,Coal India Limited,2025-12-23 17:06:22,COALINDIA
23-Dec-2025 17:05:09,651.09 KB,https://nsearchives.nseindia.com/corporate/COALINDIA_23122025170458_MCLsigned.pdf,Coal India Limited has informed the Exchange about General Updates-In-principle approval of Listing of Mahanadi Coalfields Limited (MCL) a Wholly owned subsidiary of Coal India Limited.,,,General Updates,00:00:01,23122025170509,23-Dec-2025 17:05:10,651.09 KB,True,,,106475313,Mining,INE522F01014,Coal India Limited,2025-12-23 17:05:09,COALINDIA
23-Dec-2025 16:05:42,649.09 KB,https://nsearchives.nseindia.com/corporate/COALINDIA_23122025160527_signedMPM.pdf,"Coal India Limited has informed the Exchange about Rumour Verification - Regulation 30(11)-Intimation under Regulation 30(11) of SEBI (Listing Obligations &Disclosure Requirements) Regulations, 2015",,,Rumour Verification - Regulation 30(11),00:00:01,23122025160542,23-Dec-2025 16:05:43,649.09 KB,True,,,106475164,Mining,INE522F01014,Coal India Limited,2025-12-23 16:05:42,COALINDIA
16-Dec-2025 16:35:48,768.44 KB,https://nsearchives.nseindia.com/corporate/COALINDIA_16122025163538_cmdnclsigned.pdf,"Coal India Limited has informed the Exchange about General Updates-Additional charge arrangement for the post of Chairman cum Managing Director, Northern Coalfields Limited (NCL) to CMD, CIL.",,,General Updates,00:00:01,16122025163548,16-Dec-2025 16:35:49,768.44 KB,True,,,106469448,Mining,INE522F01014,Coal India Limited,2025-12-16 16:35:48,COALINDIA
16-Dec-2025 10:42:43,1.05 MB,https://nsearchives.nseindia.com/corporate/COALINDIA_16122025104237_letter1612signed.pdf,"Coal India Limited has informed the Exchange regarding a press release dated December 16, 2025, titled ""Mr. B Sairam new Coal India Chief"".",,,Press Release,00:00:01,16122025104243,16-Dec-2025 10:42:44,1.05 MB,True,,,106469114,Mining,INE522F01014,Coal India Limited,2025-12-16 10:42:43,COALINDIA
15-Dec-2025 21:31:56,682.32 KB,https://nsearchives.nseindia.com/corporate/COALINDIA_15122025213137_lettersigned.pdf,Coal India Limited has informed the Exchange regarding Change in Director(s) of the company.,,,Change in Director(s),00:00:01,15122025213156,15-Dec-2025 21:31:57,682.32 KB,True,,,106468697,Mining,INE522F01014,Coal India Limited,2025-12-15 21:31:56,COALINDIA
09-Dec-2025 17:16:10,3.39 MB,https://nsearchives.nseindia.com/corporate/COALINDIA_09122025171556_letteresgsigned.pdf,"Coal India Limited has informed the Exchange about General Updates-Disclosure under Regulation 30 read with Schedule III of the SEBI (Listing Obligations and Disclosure Requirements) Regulations, 2015 ( SEBI Listing Regulations ).",,,General Updates,00:00:01,09122025171610,09-Dec-2025 17:16:11,3.39 MB,True,,,106464248,Mining,INE522F01014,Coal India Limited,2025-12-09 17:16:10,COALINDIA
05-Dec-2025 12:48:06,1.81 MB,https://nsearchives.nseindia.com/corporate/COALINDIA_05122025124758_press0312sigend.pdf,Coal India Limited has informed the Exchange about Copy of Newspaper Publication about i) Special Window for Re-lodgement of Transfer Requests of Physical               Shares of Coal India Limited.           ii) Electronic payment of Dividend.,,,Copy of Newspaper Publication,00:00:01,05122025124806,05-Dec-2025 12:48:07,1.81 MB,True,,,106461783,Mining,INE522F01014,Coal India Limited,2025-12-05 12:48:06,COALINDIA
01-Dec-2025 14:58:22,1.04 MB,https://nsearchives.nseindia.com/corporate/COALINDIA_01122025145758_PRODSIGNED.pdf,Coal India Limited has informed the Exchange about General Updates - Provisional Production and Off-take Performance of CIL and Subsidiary Companies for the month of November 25 and for the period Apr 25-Nov 25,,,General Updates,00:00:00,01122025145822,01-Dec-2025 14:58:22,1.04 MB,True,,,106458189,Mining,INE522F01014,Coal India Limited,2025-12-01 14:58:22,COALINDIA
28-Nov-2025 20:50:50,647.56 KB,https://nsearchives.nseindia.com/corporate/COALINDIA_28112025205008_BSE_letter.pdf,"Coal India Limited has informed the Exchange about General Updates- Disclosure under Regulation 30 of SEBI (Listing Obligations and Disclosure Requirements), Regulations 2015.",,,General Updates,00:00:02,28112025205050,28-Nov-2025 20:50:52,647.56 KB,True,,,106457123,Mining,INE522F01014,Coal India Limited,2025-11-28 20:50:50,COALINDIA
28-Nov-2025 17:21:45,506.30 KB,https://nsearchives.nseindia.com/corporate/COALINDIA_28112025172123_letter__2___1_.pdf,"Coal India Limited has informed the Exchange about General updates - Disclosure under Regulation 30 of SEBI (Listing Obligations and Disclosure Requirements), Regulations 2015.",,,General Updates,00:00:02,28112025172145,28-Nov-2025 17:21:47,506.30 KB,True,,,106456942,Mining,INE522F01014,Coal India Limited,2025-11-28 17:21:45,COALINDIA
10-Nov-2025 12:33:30,955.57 KB,https://nsearchives.nseindia.com/corporate/COALINDIA_10112025123240_analystsigned.pdf,Coal India Limited has informed the Exchange about Schedule of meet,,,Analysts/Institutional Investor Meet/Con. Call Updates,00:00:01,10112025123330,10-Nov-2025 12:33:31,955.57 KB,True,,,106434472,Mining,INE522F01014,Coal India Limited,2025-11-10 12:33:30,COALINDIA
07-Nov-2025 17:47:53,454.80 KB,https://nsearchives.nseindia.com/corporate/COALINDIA_07112025174740_ressrelease0711signed.pdf,"Coal India Limited has informed the Exchange regarding a press release dated November 07, 2025, titled ""Press release-CIL, DVC sign JVA for a 1600 MW coal fired plant"".",,,Press Release,00:00:01,07112025174753,07-Nov-2025 17:47:54,454.80 KB,True,,,106432364,Mining,INE522F01014,Coal India Limited,2025-11-07 17:47:53,COALINDIA
07-Nov-2025 17:27:35,759.09 KB,https://nsearchives.nseindia.com/corporate/COALINDIA_07112025172640_Letter_NSE_BSE.pdf,Coal India Limited has informed the Exchange about Signing of Joint Venture Agreement between Coal India Limited (CIL) and Damodar Valley Corporation (DVC).,,,Agreements,00:00:01,07112025172735,07-Nov-2025 17:27:36,759.09 KB,True,,,106432280,Mining,INE522F01014,Coal India Limited,2025-11-07 17:27:35,COALINDIA
03-Nov-2025 16:44:33,1.58 MB,https://nsearchives.nseindia.com/corporate/COALINDIA_03112025164311_Shareholder_Communication.pdf,Coal India Limited has informed the Exchange about Shareholder s Communication on Tax on 2nd Interim Dividend for FY 2025-2026,,,General Updates,00:00:02,03112025164433,03-Nov-2025 16:44:35,1.58 MB,True,,,106424786,Mining,INE522F01014,Coal India Limited,2025-11-03 16:44:33,COALINDIA
03-Nov-2025 13:16:19,2.62 MB,https://nsearchives.nseindia.com/corporate/COALINDIA_03112025131603_Newspaper_Publication_2nd_Iterim_Dividend-merged.pdf,Coal India Limited has informed the Exchange about  Newspaper publication of Notice to Shareholders for tax on 2nd Interim Dividend for FY 2025-26,,,General Updates,00:00:01,03112025131619,03-Nov-2025 13:16:20,2.62 MB,True,,,106424433,Mining,INE522F01014,Coal India Limited,2025-11-03 13:16:19,COALINDIA
01-Nov-2025 12:24:34,773.79 KB,https://nsearchives.nseindia.com/corporate/COALINDIA_01112025122419_prodletter_signed.pdf,Coal India Limited has informed the Exchange about General Updates- Provisional Production and Off-take Performance of CIL and Subsidiary Companies for the month of October 25 and for the period Apr 25-Oct 25,,,General Updates,00:00:01,01112025122434,01-Nov-2025 12:24:35,773.79 KB,True,,,106423403,Mining,INE522F01014,Coal India Limited,2025-11-01 12:24:34,COALINDIA
01-Nov-2025 12:19:34,699.15 KB,https://nsearchives.nseindia.com/corporate/COALINDIA_01112025121907_lettersigned.pdf,Coal India Limited has informed the Exchange regarding Change in Director(s) of the company.,,,Change in Director(s),00:00:01,01112025121934,01-Nov-2025 12:19:35,699.15 KB,True,,,106423396,Mining,INE522F01014,Coal India Limited,2025-11-01 12:19:34,COALINDIA
31-Oct-2025 16:05:21,1.53 MB,https://nsearchives.nseindia.com/corporate/COALINDIA_31102025160503_ed_cs_lettersigned.pdf,"Coal India Limited has informed the Exchange about General Updates- Disclosure under Regulation 30 of SEBI (Listing Obligations and Disclosure Requirements), Regulations 2015- Change in Senior Management",,,General Updates,00:00:01,31102025160521,31-Oct-2025 16:05:22,1.53 MB,True,,,106422463,Mining,INE522F01014,Coal India Limited,2025-10-31 16:05:21,COALINDIA
30-Oct-2025 15:33:37,3.53 MB,https://nsearchives.nseindia.com/corporate/COALINDIA_30102025153315_newspaper_QFR_signed.pdf,Coal India Limited has informed the Exchange about Copy of Newspaper Publication Newspaper publication of Unaudited Financial Results of Coal India Limited (Standalone & Consolidated) for the 2nd Quarter and FY ended 30th Sept 2025,,,Copy of Newspaper Publication,00:00:01,30102025153337,30-Oct-2025 15:33:38,3.53 MB,True,,,106420790,Mining,INE522F01014,Coal India Limited,2025-10-30 15:33:37,COALINDIA
29-Oct-2025 15:09:57,3.81 MB,https://nsearchives.nseindia.com/corporate/COALINDIA_29102025150912_signedpresentation.pdf,Coal India Limited has informed the Exchange about General Updates- Presentation made by Company on the Un-Audited Financial Results of Coal India Limited (Standalone & Consolidated) for the 2nd Quarter ended 30th September  2025,,,General Updates,00:00:01,29102025150957,29-Oct-2025 15:09:58,3.81 MB,True,,,106419298,Mining,INE522F01014,Coal India Limited,2025-10-29 15:09:57,COALINDIA
29-Oct-2025 13:51:23,10.12 MB,https://nsearchives.nseindia.com/corporate/COALINDIA_29102025135109_acctsfinalsigned.pdf,Coal India Limited has informed the Exchange that Record date for the purpose of Dividend  is 04-Nov-2025.,,,Record Date,00:00:01,29102025135123,29-Oct-2025 13:51:24,10.12 MB,True,,,106419212,Mining,INE522F01014,Coal India Limited,2025-10-29 13:51:23,COALINDIA
29-Oct-2025 13:45:12,10.12 MB,https://nsearchives.nseindia.com/corporate/COALINDIA_29102025134445_acctsfinalsigned.pdf,"Coal India Limited has informed the Exchange that Board of Directors at its meeting held on October 29, 2025, declared Interim Dividend of Rs. 10.25 per equity share.-",,,Dividend,00:00:02,29102025134512,29-Oct-2025 13:45:14,10.12 MB,True,,,106419206,Mining,INE522F01014,Coal India Limited,2025-10-29 13:45:12,COALINDIA
29-Oct-2025 13:43:45,10.12 MB,https://nsearchives.nseindia.com/corporate/COALINDIA_29102025134235_acctsfinalsigned.pdf,"Coal India Limited has submitted to the Exchange, the financial results for the period ended September 30, 2025.-Un-Audited Financial Results of Coal India Limited (Standalone & Consolidated) for the 2nd Quarter ended 30th September  2025 and declaration of 2nd Interim Dividend for FY 2025-26.",,,Outcome of Board Meeting,00:00:01,29102025134345,29-Oct-2025 13:43:46,10.12 MB,True,,,106419205,Mining,INE522F01014,Coal India Limited,2025-10-29 13:43:45,COALINDIA
18-Oct-2025 11:39:13,908.67 KB,https://nsearchives.nseindia.com/corporate/COALINDIA_18102025113846_letter181025signed.pdf,"Coal India Limited has informed the Exchange about General Updates- Disclosure of event or information under Regulation 30 of SEBI LODR Regulations, 2015",,,General Updates,00:00:01,18102025113913,18-Oct-2025 11:39:14,908.67 KB,True,,,106412111,Mining,INE522F01014,Coal India Limited,2025-10-18 11:39:13,COALINDIA
17-Oct-2025 17:05:38,724.20 KB,https://nsearchives.nseindia.com/corporate/COALINDIA_17102025170525_lettersigned.pdf,"Coal India Limited has informed the Exchange about General Updates- Disclosure under Regulation 30 of SEBI (Listing Obligations and Disclosure Requirements), Regulations 2015- Change in Senior Management",,,General Updates,00:00:01,17102025170538,17-Oct-2025 17:05:39,724.20 KB,True,,,106411399,Mining,INE522F01014,Coal India Limited,2025-10-17 17:05:38,COALINDIA
15-Oct-2025 12:01:54,803.38 KB,https://nsearchives.nseindia.com/corporate/COALINDIA_15102025120135_lettersigned.pdf,Coal India Limited has informed the Exchange regarding Change in Director(s) of the company.,,,Change in Director(s),00:00:01,15102025120154,15-Oct-2025 12:01:55,803.38 KB,True,,,106408177,Mining,INE522F01014,Coal India Limited,2025-10-15 12:01:54,COALINDIA
14-Oct-2025 14:06:24,1.15 MB,https://nsearchives.nseindia.com/corporate/COALINDIA_14102025140613_newssigned.pdf,Coal India Limited has informed the Exchange about Copy of Newspaper Publication- Newspaper publication of Transfer of Unclaimed 1st & 2nd Interim Dividend 2018-19 & Equity shares of CIL to IEPF Authority,,,Copy of Newspaper Publication,00:00:00,14102025140624,14-Oct-2025 14:06:24,1.15 MB,True,,,106407022,Mining,INE522F01014,Coal India Limited,2025-10-14 14:06:24,COALINDIA
11-Oct-2025 13:30:20,2.65 MB,https://nsearchives.nseindia.com/corporate/COALINDIA_11102025132907_newspaper_signed.pdf,Coal India Limited has informed the Exchange about Copy of Newspaper Publication- Newspaper publication of Notice of Board Meeting.,,,Copy of Newspaper Publication,00:00:01,11102025133020,11-Oct-2025 13:30:21,2.65 MB,True,,,106404776,Mining,INE522F01014,Coal India Limited,2025-10-11 13:30:20,COALINDIA
09-Oct-2025 17:12:33,320.48 KB,https://nsearchives.nseindia.com/corporate/COALINDIA_09102025171210_press_releasesigned.pdf,Coal India Limited has informed the Exchange about General Updates- Press Release regarding Credit Rating by Care Edge Ratings,,,General Updates,00:00:01,09102025171233,09-Oct-2025 17:12:34,320.48 KB,True,,,106402820,Mining,INE522F01014,Coal India Limited,2025-10-09 17:12:33,COALINDIA
09-Oct-2025 11:50:19,2.26 MB,https://nsearchives.nseindia.com/corporate/COALINDIA_09102025114959_Credit_ratingsigned.pdf,Coal India Limited has informed the Exchange about Credit Rating,,,Credit Rating,00:00:01,09102025115019,09-Oct-2025 11:50:20,2.26 MB,True,,,106402230,Mining,INE522F01014,Coal India Limited,2025-10-09 11:50:19,COALINDIA
08-Oct-2025 17:12:52,1.11 MB,https://nsearchives.nseindia.com/corporate/COALINDIA_08102025171237_74_5_signed.pdf,"Coal India Limited has informed the Exchange about Certificate under SEBI (Depositories and Participants) Regulations, 2018- Certificate under Regulation 74(5) of the SEBI (Depository and participants) Regulations, 2018 for the quarter ended 30th Sept  2025",,,"Certificate under SEBI (Depositories and Participants) Regulations, 2018",00:00:01,08102025171252,08-Oct-2025 17:12:53,1.11 MB,True,,,106401397,Mining,INE522F01014,Coal India Limited,2025-10-08 17:12:52,COALINDIA
08-Oct-2025 16:45:02,817.04 KB,https://nsearchives.nseindia.com/corporate/COALINDIA_08102025164414_mou081025signed.pdf,Coal India Limited has informed the Exchange about Memorandum of Understanding/Agreements- Memorandum of Understanding (MoU) between Coal India Ltd (CIL)and IRCON International Limited,,,Memorandum of Understanding/Agreements,00:00:00,08102025164502,08-Oct-2025 16:45:02,817.04 KB,True,,,106401352,Mining,INE522F01014,Coal India Limited,2025-10-08 16:45:02,COALINDIA
06-Oct-2025 18:59:55,260.92 KB,https://nsearchives.nseindia.com/corporate/COALINDIA_06102025185743_MOU_SE.pdf,Coal India Limited has informed the Exchange about Memorandum of Understanding/Agreements- Memorandum of Understanding (MoU) between Coal India Limited and Chhattisgarh Mineral Development Corporation Limited,,,Memorandum of Understanding/Agreements,00:00:01,06102025185955,06-Oct-2025 18:59:56,260.92 KB,True,,,106398658,Mining,INE522F01014,Coal India Limited,2025-10-06 18:59:55,COALINDIA
01-Oct-2025 15:57:10,1.28 MB,https://nsearchives.nseindia.com/corporate/COALINDIA_01102025155653_Production011025.pdf,Coal India Limited has informed the Exchange about General Updates- Provisional Production and Off-take Performance of CIL and Subsidiary Companies for the month of September 25 and for the period Apr 25-Sept 25,,,General Updates,00:00:01,01102025155710,01-Oct-2025 15:57:11,1.28 MB,True,,,106395371,Mining,INE522F01014,Coal India Limited,2025-10-01 15:57:10,COALINDIA
01-Oct-2025 10:03:12,280.50 KB,https://nsearchives.nseindia.com/corporate/COALINDIA_01102025100108_Road_show_US.pdf,"Coal India Limited has informed the Exchange about Schedule of meet- Non- Deal Road Show at New York, US on 7th & 8th October  2025",,,Analysts/Institutional Investor Meet/Con. Call Updates,00:00:01,01102025100312,01-Oct-2025 10:03:13,280.50 KB,True,,,106394817,Mining,INE522F01014,Coal India Limited,2025-10-01 10:03:12,COALINDIA
26-Sep-2025 14:23:27,875.27 KB,https://nsearchives.nseindia.com/corporate/COALINDIA_26092025142311_PLRsigned.pdf,Coal India Limited has informed the Exchange about General Updates- Performance Linked Reward (PLR) for FY 2024-25 for workers of CIL and its Subsidiaries,,,General Updates,00:00:01,26092025142327,26-Sep-2025 14:23:28,875.27 KB,True,,,106386414,Mining,INE522F01014,Coal India Limited,2025-09-26 14:23:27,COALINDIA
25-Sep-2025 16:11:34,884.28 KB,https://nsearchives.nseindia.com/corporate/COALINDIA_25092025161117_tradingwindowsigned.pdf,"Coal India Limited has informed the Exchange regarding the Trading Window closure pursuant to SEBI (Prohibition of Insider Trading) Regulations, 2015",,,Trading Window,00:00:01,25092025161134,25-Sep-2025 16:11:35,884.28 KB,True,,,106384337,Mining,INE522F01014,Coal India Limited,2025-09-25 16:11:34,COALINDIA
16-Sep-2025 17:17:11,733.54 KB,https://nsearchives.nseindia.com/corporate/COALINDIA_16092025171703_auction160925signed.pdf,Coal India Limited has informed the Exchange about General Updates- Preferred Bidder for Ontillu- Chandragiri REE Exploration Block,,,General Updates,00:00:01,16092025171711,16-Sep-2025 17:17:12,733.54 KB,True,,,106374831,Mining,INE522F01014,Coal India Limited,2025-09-16 17:17:11,COALINDIA
16-Sep-2025 12:07:37,824.50 KB,https://nsearchives.nseindia.com/corporate/COALINDIA_16092025120653_esgrating160925signed.pdf,"Coal India Limited has informed the Exchange about General Updates- Disclosure under Regulation 30 read with Schedule III of the SEBI (Listing Obligations and Disclosure Requirements) Regulations, 2015 -rating by CRISIL ESG Ratings & Analytics Limited.",,,General Updates,00:00:01,16092025120737,16-Sep-2025 12:07:38,824.50 KB,True,,,106374525,Mining,INE522F01014,Coal India Limited,2025-09-16 12:07:37,COALINDIA
15-Sep-2025 14:38:03,1.17 MB,https://nsearchives.nseindia.com/corporate/COALINDIA_15092025143752_sharerelodgementsigned.pdf,Coal India Limited has informed the Exchange about General Updates- Newspaper Publication of Notice to Physical Shareholder informing about special window to re-lodge Transfer Deeds.,,,General Updates,00:00:01,15092025143803,15-Sep-2025 14:38:04,1.17 MB,True,,,106373570,Mining,INE522F01014,Coal India Limited,2025-09-15 14:38:03,COALINDIA
15-Sep-2025 12:59:50,723.16 KB,https://nsearchives.nseindia.com/corporate/COALINDIA_15092025125926_letter150925signed.pdf,"Coal India Limited has informed the Exchange about General Updates- Disclosure under Regulation 30 of SEBI (Listing Obligations and Disclosure Requirements), Regulations 2015- Change in Senior Management",,,General Updates,00:00:00,15092025125950,15-Sep-2025 12:59:50,723.16 KB,True,,,106373491,Mining,INE522F01014,Coal India Limited,2025-09-15 12:59:50,COALINDIA
13-Sep-2025 17:42:56,948.81 KB,https://nsearchives.nseindia.com/corporate/COALINDIA_13092025174236_edsafetylettersigned.pdf,"Coal India Limited has informed the Exchange about General Updates- Disclosure under Regulation 30 of SEBI (Listing Obligations and Disclosure Requirements), Regulations 2015- Change in Senior Management",,,General Updates,00:00:01,13092025174256,13-Sep-2025 17:42:57,948.81 KB,True,,,106372978,Mining,INE522F01014,Coal India Limited,2025-09-13 17:42:56,COALINDIA
12-Sep-2025 16:57:33,801.23 KB,https://nsearchives.nseindia.com/corporate/COALINDIA_12092025165716_signedletterstat.pdf,"Coal India Limited has informed the Exchange about General Updates- Appointment of M/s CHATURVEDI & CO LLP, Kolkata as Statutory Auditor for the year 2025-26.- Disclosure as per SEBI circular dated 11.11.2024.",,,General Updates,00:00:01,12092025165733,12-Sep-2025 16:57:34,801.23 KB,True,,,106372321,Mining,INE522F01014,Coal India Limited,2025-09-12 16:57:33,COALINDIA
11-Sep-2025 16:36:25,746.49 KB,https://nsearchives.nseindia.com/corporate/COALINDIA_11092025163455_stautorylettersigned.pdf,Coal India Limited has informed the Exchange regarding Change in Auditors of the company.,,,Change in Auditors,00:00:01,11092025163625,11-Sep-2025 16:36:26,746.49 KB,True,,,106371187,Mining,INE522F01014,Coal India Limited,2025-09-11 16:36:25,COALINDIA
03-Sep-2025 14:43:08,2.65 MB,https://nsearchives.nseindia.com/corporate/COALINDIA_03092025144228_signedletter030925.pdf,Coal India Limited has informed the Exchange about Copy of Newspaper Publication- Newspaper publication of Notice to Shareholders for 100 days campaign titled Saksham Niveshak,,,Copy of Newspaper Publication,00:00:01,03092025144308,03-Sep-2025 14:43:09,2.65 MB,True,,,106361469,Mining,INE522F01014,Coal India Limited,2025-09-03 14:43:08,COALINDIA
02-Sep-2025 15:52:10,722.34 KB,https://nsearchives.nseindia.com/corporate/COALINDIA_02092025155147_anandSIGNED.pdf,"Coal India Limited has informed the Exchange about General Updates- Disclosure under Regulation 30 of SEBI (Listing Obligations and Disclosure Requirements), Regulations 2015- Change in Senior Management",,,General Updates,00:00:01,02092025155210,02-Sep-2025 15:52:11,722.34 KB,True,,,106359894,Mining,INE522F01014,Coal India Limited,2025-09-02 15:52:10,COALINDIA
01-Sep-2025 16:06:15,806.44 KB,https://nsearchives.nseindia.com/corporate/COALINDIA_01092025160606_prod_SIGNED.pdf,Coal India Limited has informed the Exchange about General Updates Provisional Production and Off-take Performance of CIL and Subsidiary Companies for the month of August  25 and for the period Apr  25 Aug  25.,,,General Updates,00:00:00,01092025160615,01-Sep-2025 16:06:15,806.44 KB,True,,,106358298,Mining,INE522F01014,Coal India Limited,2025-09-01 16:06:15,COALINDIA
01-Sep-2025 11:39:27,673.84 KB,https://nsearchives.nseindia.com/corporate/COALINDIA_01092025113852_stock_exchnage_letter_signed.pdf,"Coal India Limited has informed the Exchange about General Updates- Disclosure under Regulation 30 of SEBI (Listing Obligations and Disclosure Requirements), Regulations 2015.",,,General Updates,00:00:01,01092025113927,01-Sep-2025 11:39:28,673.84 KB,True,,,106357933,Mining,INE522F01014,Coal India Limited,2025-09-01 11:39:27,COALINDIA
29-Aug-2025 15:51:45,799.08 KB,https://nsearchives.nseindia.com/corporate/COALINDIA_29082025155135_secretarialuditorsigned.pdf,"Coal India Limited has informed the Exchange about General Updates- Appointment of M/s. T Chatterjee & Associates, Company Secretaries, FRN. P2007WB067100 as Secretarial Auditor of CIL",,,General Updates,00:00:01,29082025155145,29-Aug-2025 15:51:46,799.08 KB,True,,,106355570,Mining,INE522F01014,Coal India Limited,2025-08-29 15:51:45,COALINDIA
29-Aug-2025 15:45:22,15.18 MB,https://nsearchives.nseindia.com/corporate/COALINDIA_29082025154443_Scrutinizer_Report_mergedsigned.pdf,"Coal India Limited has submitted the Exchange a copy Srutinizers report of  Annual General Meeting held on August 28, 2025 along with voting result",,,Shareholders meeting,00:00:01,29082025154522,29-Aug-2025 15:45:23,15.18 MB,True,,,106355563,Mining,INE522F01014,Coal India Limited,2025-08-29 15:45:22,COALINDIA
29-Aug-2025 15:35:13,5.19 MB,https://nsearchives.nseindia.com/corporate/COALINDIA_29082025153501_signednewspaper29082025.pdf,Coal India Limited has informed the Exchange about Copy of Newspaper Publication- Newspaper publication of Chairman s Speech at 51st AGM of CIL,,,Copy of Newspaper Publication,00:00:02,29082025153513,29-Aug-2025 15:35:15,5.19 MB,True,,,106355545,Mining,INE522F01014,Coal India Limited,2025-08-29 15:35:13,COALINDIA
29-Aug-2025 11:41:23,799.92 KB,https://nsearchives.nseindia.com/corporate/COALINDIA_29082025114110_recordingsigned.pdf,Coal India Limited has informed the Exchange about General Updates- Recording of 51st AGM of Coal India Limited held on 28th August  2025,,,General Updates,00:00:00,29082025114123,29-Aug-2025 11:41:23,799.92 KB,True,,,106355139,Mining,INE522F01014,Coal India Limited,2025-08-29 11:41:23,COALINDIA
28-Aug-2025 16:40:23,723.10 KB,https://nsearchives.nseindia.com/corporate/COALINDIA_28082025164013_maimudalisigned.pdf,"Coal India Limited has informed the Exchange about General Updates- Disclosure under Regulation 30 of SEBI (Listing Obligations and Disclosure Requirements), Regulations 2015- Change in Senior Management",,,General Updates,00:00:01,28082025164023,28-Aug-2025 16:40:24,723.10 KB,True,,,106354264,Mining,INE522F01014,Coal India Limited,2025-08-28 16:40:23,COALINDIA
28-Aug-2025 15:40:47,799.68 KB,https://nsearchives.nseindia.com/corporate/COALINDIA_28082025154031_appointmentsigned.pdf,Coal India Limited has informed the Exchange regarding Change in Director(s) of the company.,,,Change in Director(s),00:00:01,28082025154047,28-Aug-2025 15:40:48,799.68 KB,True,,,106354160,Mining,INE522F01014,Coal India Limited,2025-08-28 15:40:47,COALINDIA
28-Aug-2025 15:38:19,794.87 KB,https://nsearchives.nseindia.com/corporate/COALINDIA_28082025153807_cessationsigned.pdf,Coal India Limited has informed the Exchange regarding Change in Director(s) of the company.,,,Change in Director(s),00:00:01,28082025153819,28-Aug-2025 15:38:20,794.87 KB,True,,,106354155,Mining,INE522F01014,Coal India Limited,2025-08-28 15:38:19,COALINDIA
28-Aug-2025 15:31:35,1.62 MB,https://nsearchives.nseindia.com/corporate/COALINDIA_28082025153036_proceedingsigned.pdf,"Coal India Limited has informed the Exchange regarding Proceedings of 51st Annual General Meeting held on August 28, 2025 along with Chairman' speech",,,Shareholders meeting,00:00:00,28082025153135,28-Aug-2025 15:31:35,1.62 MB,True,,,106354146,Mining,INE522F01014,Coal India Limited,2025-08-28 15:31:35,COALINDIA
27-Aug-2025 16:47:28,723.45 KB,https://nsearchives.nseindia.com/corporate/COALINDIA_27082025164716_lettersigned.pdf,"Coal India Limited has informed the Exchange about General Updates- Disclosure under Regulation 30 of SEBI (Listing Obligations and Disclosure Requirements), Regulations 2015- Change in Senior Management",,,General Updates,00:00:01,27082025164728,27-Aug-2025 16:47:29,723.45 KB,True,,,106353319,Mining,INE522F01014,Coal India Limited,2025-08-27 16:47:28,COALINDIA
26-Aug-2025 12:17:47,779.91 KB,https://nsearchives.nseindia.com/corporate/COALINDIA_26082025121729_MAMTA_PALARIYASIGNED.pdf,"Coal India Limited has informed the Exchange about General Updates- Appointment of Smt. Mamta Palariya (DIN-07749007) as Non- Official Independent Director, on the Board of Northern Coalfields Limited (NCL), a wholly owned subsidiary of Coal India Limited.",,,General Updates,00:00:01,26082025121747,26-Aug-2025 12:17:48,779.91 KB,True,,,106351947,Mining,INE522F01014,Coal India Limited,2025-08-26 12:17:47,COALINDIA
24-Aug-2025 13:09:00,796.47 KB,https://nsearchives.nseindia.com/corporate/COALINDIA_24082025130834_mousigned.pdf,"Coal India Limited has informed the Exchange about Memorandum of Understanding/Agreements- Memorandum of Understanding (MoU) between Coal IndiaLimited, Mineral Resources Development, Govt. of Madhya Pradesh (through Directorate of Geology and Mining) and Madhya Pradesh State Mining Corporation Limited.",,,Memorandum of Understanding/Agreements,00:00:01,24082025130900,24-Aug-2025 13:09:01,796.47 KB,True,,,106350319,Mining,INE522F01014,Coal India Limited,2025-08-24 13:09:00,COALINDIA
21-Aug-2025 20:21:55,856.24 KB,https://nsearchives.nseindia.com/corporate/COALINDIA_21082025202054_lettersigned.pdf,Coal India Limited has informed the Exchange regarding Change in Director(s) of the company.,,,Change in Director(s),00:00:00,21082025202155,21-Aug-2025 20:21:55,856.24 KB,True,,,106348248,Mining,INE522F01014,Coal India Limited,2025-08-21 20:21:55,COALINDIA
19-Aug-2025 10:50:51,684.36 KB,https://nsearchives.nseindia.com/corporate/COALINDIA_19082025104953_signedmou.pdf,Coal India Limited has informed the Exchange about Memorandum of Understanding/Agreements- Memorandum of Understanding (MoU) between Coal India Ltd (CIL) and Konkan Railway Corporation Limited.,,,Memorandum of Understanding/Agreements,00:00:01,19082025105051,19-Aug-2025 10:50:52,684.36 KB,True,,,106345042,Mining,INE522F01014,Coal India Limited,2025-08-19 10:50:51,COALINDIA
07-Aug-2025 14:17:07,1.13 MB,https://nsearchives.nseindia.com/corporate/COALINDIA_07082025141658_letter0708_merged.pdf,"Coal India Limited has informed the Exchange regarding a press release dated August 07, 2025, titled ""Press release-CIL clears the way for sale of power in Exchanges"".",,,Press Release,00:00:01,07082025141707,07-Aug-2025 14:17:08,1.13 MB,True,,,106329464,Mining,INE522F01014,Coal India Limited,2025-08-07 14:17:07,COALINDIA
06-Aug-2025 14:28:24,4.85 MB,https://nsearchives.nseindia.com/corporate/COALINDIA_06082025142745_letter060825signed.pdf,Coal India Limited has informed the Exchange about Copy of Newspaper Publication- Newspaper publication of AGM notice of CIL,,,Copy of Newspaper Publication,00:00:01,06082025142824,06-Aug-2025 14:28:25,4.85 MB,True,,,106327525,Mining,INE522F01014,Coal India Limited,2025-08-06 14:28:24,COALINDIA
06-Aug-2025 14:21:17,858.86 KB,https://nsearchives.nseindia.com/corporate/COALINDIA_06082025142014_letter_to_SH060825signed.pdf,Coal India Limited has informed the Exchange about General Updates- Letter to Shareholder for weblink of Integrated Annual Report for FY 2025,,,General Updates,00:00:01,06082025142117,06-Aug-2025 14:21:18,858.86 KB,True,,,106327515,Mining,INE522F01014,Coal India Limited,2025-08-06 14:21:17,COALINDIA
04-Aug-2025 11:27:32,1.07 MB,https://nsearchives.nseindia.com/corporate/COALINDIA_04082025112655_notice.pdf,Coal India Limited has informed the Exchange that the record date for the purpose of the final dividend is 21-Aug-2025.,,,Record Date,00:00:02,04082025112732,04-Aug-2025 11:27:34,1.07 MB,True,,,106323467,Mining,INE522F01014,Coal India Limited,2025-08-04 11:27:32,COALINDIA
04-Aug-2025 11:10:24,1.07 MB,https://nsearchives.nseindia.com/corporate/COALINDIA_04082025111014_notice.pdf,"Coal India Limited has informed the Exchange regarding Notice of Annual General Meeting to be held on August 28, 2025",,,Shareholders meeting,00:00:01,04082025111024,04-Aug-2025 11:10:25,1.07 MB,True,,,106323398,Mining,INE522F01014,Coal India Limited,2025-08-04 11:10:24,COALINDIA
01-Aug-2025 14:41:43,1.05 MB,https://nsearchives.nseindia.com/corporate/COALINDIA_01082025144130_prod010825signed.pdf,Coal India Limited has informed the Exchange about General Updates- Provisional Production and Off-take Performance of CIL and Subsidiary Companies for the month of July 25 and for the period Apr 25-July 25,,,General Updates,00:00:01,01082025144143,01-Aug-2025 14:41:44,1.05 MB,True,,,106321074,Mining,INE522F01014,Coal India Limited,2025-08-01 14:41:43,COALINDIA
01-Aug-2025 14:20:48,1.16 MB,https://nsearchives.nseindia.com/corporate/COALINDIA_01082025142034_Newspaper010825signed.pdf,Coal India Limited has informed the Exchange about General Updates- Newspaper publication of Notice to Shareholders for tax on 1st Interim Dividend for FY 2025-26,,,General Updates,00:00:02,01082025142048,01-Aug-2025 14:20:50,1.16 MB,True,,,106321037,Mining,INE522F01014,Coal India Limited,2025-08-01 14:20:48,COALINDIA
01-Aug-2025 12:45:32,1.30 MB,https://nsearchives.nseindia.com/corporate/COALINDIA_01082025124516_SH_Communication_filing_0108025signed.pdf,Coal India Limited has informed the Exchange about General Updates- Shareholder s Communication on Tax on 1st Interim Dividend for FY 2025-2026,,,General Updates,00:00:01,01082025124532,01-Aug-2025 12:45:33,1.30 MB,True,,,106320819,Mining,INE522F01014,Coal India Limited,2025-08-01 12:45:32,COALINDIA
01-Aug-2025 11:53:10,2.68 MB,https://nsearchives.nseindia.com/corporate/COALINDIA_01082025115300_letter010825signed.pdf,Coal India Limited has informed the Exchange about Copy of Newspaper Publication- Newspaper publication of Un-audited Financial Results of Coal India Limited(Standalone & Consolidated) for the 1st Quarter ended 30th June 2025.,,,Copy of Newspaper Publication,00:00:01,01082025115310,01-Aug-2025 11:53:11,2.68 MB,True,,,106320718,Mining,INE522F01014,Coal India Limited,2025-08-01 11:53:10,COALINDIA
31-Jul-2025 17:54:01,2.49 MB,https://nsearchives.nseindia.com/corporate/COALINDIA_31072025175333_presentation310725.pdf,Coal India Limited has informed the Exchange about General Updates- Presentation made by Company on the Un-Audited Financial Results of Coal India Limited (Standalone & Consolidated) for the 1st Quarter ended 30th June  2025,,,General Updates,00:00:01,31072025175401,31-Jul-2025 17:54:02,2.49 MB,True,,,106319654,Mining,INE522F01014,Coal India Limited,2025-07-31 17:54:01,COALINDIA
31-Jul-2025 17:26:25,6.90 MB,https://nsearchives.nseindia.com/corporate/COALINDIA_31072025172613_acctresults.pdf,Coal India Limited has informed the Exchange that Record date for the purpose of Dividend  is 06-Aug-2025.,,,Record Date,00:00:02,31072025172625,31-Jul-2025 17:26:27,6.90 MB,True,,,106319567,Mining,INE522F01014,Coal India Limited,2025-07-31 17:26:25,COALINDIA
31-Jul-2025 17:19:09,6.90 MB,https://nsearchives.nseindia.com/corporate/COALINDIA_31072025171838_acctresults.pdf,"Coal India Limited has informed the Exchange that Board of Directors at its meeting held on July 31, 2025, declared Interim Dividend of Rs. 5.50 per equity share.",,,Dividend,00:00:01,31072025171909,31-Jul-2025 17:19:10,6.90 MB,True,,,106319541,Mining,INE522F01014,Coal India Limited,2025-07-31 17:19:09,COALINDIA
31-Jul-2025 17:14:58,6.90 MB,https://nsearchives.nseindia.com/corporate/COALINDIA_31072025171230_acctresults.pdf,"Coal India Limited has submitted to the Exchange, the financial results for the period ended Jun 30, 2025.-Un-Audited Financial Results of Coal India Limited (Standalone & Consolidated) for the 1st Quarter ended 30th June  2025 and declaration of 1st Interim Dividend for FY 2025-26.",,,Outcome of Board Meeting,00:00:01,31072025171458,31-Jul-2025 17:14:59,6.90 MB,True,,,106319529,Mining,INE522F01014,Coal India Limited,2025-07-31 17:14:58,COALINDIA
28-Jul-2025 15:20:13,724.19 KB,https://nsearchives.nseindia.com/corporate/COALINDIA_28072025152000_letter.pdf,"Coal India Limited has informed the Exchange about General Updates- Disclosure under Regulation 30 of SEBI (Listing Obligations and Disclosure Requirements), Regulations 2015- Change in Senior Management",,,General Updates,00:00:01,28072025152013,28-Jul-2025 15:20:14,724.19 KB,True,,,106314143,Mining,INE522F01014,Coal India Limited,2025-07-28 15:20:13,COALINDIA
25-Jul-2025 11:25:51,802.44 KB,https://nsearchives.nseindia.com/corporate/COALINDIA_25072025112525_letter25072025.pdf,"Coal India Limited has informed the Exchange about General Updates- Brief Profile of Shri Ashish Chatterjee (DIN-07688473) AS&FA, Ministry of Coal- Disclosure as per SEBI circular dated 11.11.2024.",,,General Updates,00:00:01,25072025112551,25-Jul-2025 11:25:52,802.44 KB,True,,,106311551,Mining,INE522F01014,Coal India Limited,2025-07-25 11:25:51,COALINDIA
24-Jul-2025 17:14:28,866.29 KB,https://nsearchives.nseindia.com/corporate/COALINDIA_24072025170747_signedletter.pdf,Coal India Limited has informed the Exchange regarding Change in Director(s) of the company.,,,Change in Director(s),00:00:01,24072025171428,24-Jul-2025 17:14:29,866.29 KB,True,,,106310709,Mining,INE522F01014,Coal India Limited,2025-07-24 17:14:28,COALINDIA
24-Jul-2025 11:41:03,961.62 KB,https://nsearchives.nseindia.com/corporate/COALINDIA_24072025114012_CDSL_SE_Intimation.pdf,Coal India Limited has informed the Exchange regarding 'Inadvertent communication by CDSL to Shareholders on AGM'.,,,Updates,00:00:02,24072025114103,24-Jul-2025 11:41:05,961.62 KB,True,,,106310190,Mining,INE522F01014,Coal India Limited,2025-07-24 11:41:03,COALINDIA
17-Jul-2025 14:13:13,3.13 MB,https://nsearchives.nseindia.com/corporate/COALINDIA_17072025141237_newspaper170725_final.pdf,Coal India Limited has informed the Exchange about Copy of Newspaper Publication- Newspaper publication of Notice of Board meeting,,,Copy of Newspaper Publication,00:00:01,17072025141313,17-Jul-2025 14:13:14,3.13 MB,False,,,106302822,Mining,INE522F01014,Coal India Limited,2025-07-17 14:13:13,COALINDIA
15-Jul-2025 14:35:13,4.92 MB,https://nsearchives.nseindia.com/corporate/COALINDIA_15072025143458_NEWSPAPER_SIGNED.pdf,Coal India Limited has informed the Exchange about Copy of Newspaper Publication- Newspaper Publication of Notice to Physical Shareholder informing about specialwindow to re-lodge Transfer Deeds.,,,Copy of Newspaper Publication,00:00:01,15072025143513,15-Jul-2025 14:35:14,4.92 MB,False,,,106300226,Mining,INE522F01014,Coal India Limited,2025-07-15 14:35:13,COALINDIA
08-Jul-2025 11:46:36,1.05 MB,https://nsearchives.nseindia.com/corporate/COALINDIA_08072025114619_letter_74_5_.pdf,"Coal India Limited has informed the Exchange about Certificate under SEBI (Depositories and Participants) Regulations, 2018- Certificate under Regulation 74(5) of the SEBI (Depository and participants) Regulations, 2018 for the quarter ended 30th June  2025",,,"Certificate under SEBI (Depositories and Participants) Regulations, 2018",00:00:01,08072025114636,08-Jul-2025 11:46:37,1.05 MB,False,,,106292769,Mining,INE522F01014,Coal India Limited,2025-07-08 11:46:36,COALINDIA
02-Jul-2025 15:01:19,726.56 KB,https://nsearchives.nseindia.com/corporate/COALINDIA_02072025150053_letter020725.pdf,"Coal India Limited has informed the Exchange about General Updates- Disclosure under Regulation 30 of SEBI (Listing Obligations and Disclosure Requirements), Regulations 2015- Change in Senior Management",,,General Updates,00:00:02,02072025150119,02-Jul-2025 15:01:21,726.56 KB,False,,,106287793,Mining,INE522F01014,Coal India Limited,2025-07-02 15:01:19,COALINDIA
01-Jul-2025 12:14:21,857.82 KB,https://nsearchives.nseindia.com/corporate/COALINDIA_01072025121410_prodlettersigned.pdf,Coal India Limited has informed the Exchange about General Updates- Provisional Production and Off-take Performance of CIL and Subsidiary Companies for the month of June 25 and for the period Apr 25-June 25,,,General Updates,00:00:01,01072025121421,01-Jul-2025 12:14:22,857.82 KB,False,,,106286403,Mining,INE522F01014,Coal India Limited,2025-07-01 12:14:21,COALINDIA
01-Jul-2025 11:14:10,665.65 KB,https://nsearchives.nseindia.com/corporate/COALINDIA_01072025111357_MOU010725signed.pdf,"Coal India Limited has informed the Exchange about Memorandum of Understanding/Agreements- Non-Binding Memorandum of Understanding (MoU) between Coal India Limited and Hindustan Copper Limited, Kolkata, India.",,,Memorandum of Understanding/Agreements,00:00:01,01072025111410,01-Jul-2025 11:14:11,665.65 KB,False,,,106286281,Mining,INE522F01014,Coal India Limited,2025-07-01 11:14:10,COALINDIA
27-Jun-2025 20:18:50,870.81 KB,https://nsearchives.nseindia.com/corporate/COALINDIA_27062025201834_lettersigned.pdf,"Coal India Limited has informed the Exchange about General Updates-Disclosure of event or information under Regulation 30 of SEBI LoDR Regulations, 2015 Equity Investment in Talcher Fertilizers Limited",,,General Updates,00:00:01,27062025201850,27-Jun-2025 20:18:51,870.81 KB,False,,,106283292,Mining,INE522F01014,Coal India Limited,2025-06-27 20:18:50,COALINDIA
27-Jun-2025 15:15:12,827.39 KB,https://nsearchives.nseindia.com/corporate/COALINDIA_27062025151459_letter_to_stock_exchange.pdf,"Coal India Limited has informed the Exchange regarding the Trading Window closure pursuant to SEBI (Prohibition of Insider Trading) Regulations, 2015",,,Trading Window,00:00:01,27062025151512,27-Jun-2025 15:15:13,827.39 KB,False,,,106282302,Mining,INE522F01014,Coal India Limited,2025-06-27 15:15:12,COALINDIA
26-Jun-2025 15:12:22,868.61 KB,https://nsearchives.nseindia.com/corporate/COALINDIA_26062025151206_letter.pdf,Coal India Limited has informed the Exchange regarding Change in Auditors of the company.,,,Change in Auditors,00:00:01,26062025151222,26-Jun-2025 15:12:23,868.61 KB,False,,,106280064,Mining,INE522F01014,Coal India Limited,2025-06-26 15:12:22,COALINDIA
12-Jun-2025 14:32:27,941.85 KB,https://nsearchives.nseindia.com/corporate/COALINDIA_12062025143220_rajashthansigned.pdf,"Coal India Limited has informed the Exchange about General Updates-Incorporation of CIL RAJASTHAN AKSHAY URJA LIMITED, a Subsidiary Company of Coal India Limited",,,General Updates,00:00:00,12062025143227,12-Jun-2025 14:32:27,941.85 KB,False,,,106267917,Mining,INE522F01014,Coal India Limited,2025-06-12 14:32:27,COALINDIA
11-Jun-2025 15:40:44,5.23 MB,https://nsearchives.nseindia.com/corporate/COALINDIA_11062025154037_lettersigned.pdf,"Coal India Limited has informed the Exchange about General Updates-Disclosure under Regulation 30 read with Schedule III of the SEBI (Listing Obligations and Disclosure Requirements) Regulations, 2015 ( SEBI Listing Regulations ).",,,General Updates,00:00:02,11062025154044,11-Jun-2025 15:40:46,5.23 MB,False,,,106267054,Mining,INE522F01014,Coal India Limited,2025-06-11 15:40:44,COALINDIA
05-Jun-2025 19:15:14,830.58 KB,https://nsearchives.nseindia.com/corporate/COALINDIA_05062025191326_mou050625.pdf,Coal India Limited has informed the Exchange about Memorandum of Understanding/Agreements- Memorandum of Understanding (MoU) between Coal India Ltd (CIL) and Indian Port Rail & Ropeway Corporation Limited.,,,Memorandum of Understanding/Agreements,00:00:00,05062025191514,05-Jun-2025 19:15:14,830.58 KB,False,,,106263128,Mining,INE522F01014,Coal India Limited,2025-06-05 19:15:14,COALINDIA
05-Jun-2025 13:24:18,1.19 MB,https://nsearchives.nseindia.com/corporate/COALINDIA_05062025132355_press_release050625.pdf,"Coal India Limited has informed the Exchange regarding a press release dated Jun 05, 2025, titled ""CIL s eco-friendly FMC loading up 34% in FY 2025"".",,,Press Release,00:00:01,05062025132418,05-Jun-2025 13:24:19,1.19 MB,False,,,106262764,Mining,INE522F01014,Coal India Limited,2025-06-05 13:24:18,COALINDIA
02-Jun-2025 14:11:51,896.78 KB,https://nsearchives.nseindia.com/corporate/COALINDIA_02062025141141_prodletter020625.pdf,Coal India Limited has informed the Exchange about General Updates- Provisional Production and Off-take Performance of CIL and Subsidiary Companies for the month of May 25 and for the period Apr 25-May 25,,,General Updates,00:00:01,02062025141151,02-Jun-2025 14:11:52,896.78 KB,False,,,106259757,Mining,INE522F01014,Coal India Limited,2025-06-02 14:11:51,COALINDIA
01-Jun-2025 11:48:41,846.48 KB,https://nsearchives.nseindia.com/corporate/COALINDIA_01062025113548_letter10625.pdf,Coal India Limited has informed the Exchange regarding Change in Director(s) of the company.,,,Change in Director(s),00:00:02,01062025114841,01-Jun-2025 11:48:43,846.48 KB,False,,,106259171,Mining,INE522F01014,Coal India Limited,2025-06-01 11:48:41,COALINDIA
31-May-2025 22:12:18,793.62 KB,https://nsearchives.nseindia.com/corporate/COALINDIA_31052025221137_drhp_bccl.pdf,"Coal India Limited has informed the Exchange about General Updates- Disclosure under Regulation 30 of SEBI LODR, 2015   Filing of DRHP of Bharat Coking Coal Limited (BCCL), a wholly owned Subsidiary of CIL, with SEBI",,,General Updates,00:00:00,31052025221218,31-May-2025 22:12:18,793.62 KB,False,,,106259103,Mining,INE522F01014,Coal India Limited,2025-05-31 22:12:18,COALINDIA
30-May-2025 16:20:23,851.45 KB,https://nsearchives.nseindia.com/corporate/COALINDIA_30052025162004_revised_letter.pdf,Coal India Limited has informed the Exchange regarding Change in Auditors of the company.,,,Change in Auditors,00:00:01,30052025162023,30-May-2025 16:20:24,851.45 KB,False,,,106256820,Mining,INE522F01014,Coal India Limited,2025-05-30 16:20:23,COALINDIA
30-May-2025 15:48:21,660.27 KB,https://nsearchives.nseindia.com/corporate/COALINDIA_30052025154810_penalty_letter_march_2025.pdf,"Coal India Limited has informed the Exchange about General Updates- Disclosure under Regulation 30 of SEBI (Listing Obligations and Disclosure Requirements), Regulations 2015.",,,General Updates,00:00:01,30052025154821,30-May-2025 15:48:22,660.27 KB,False,,,106256724,Mining,INE522F01014,Coal India Limited,2025-05-30 15:48:21,COALINDIA
30-May-2025 15:40:30,851.45 KB,https://nsearchives.nseindia.com/corporate/COALINDIA_30052025154015_letter.pdf,Coal India Limited has informed the Exchange regarding Change in Auditors of the company.,,,Change in Auditors,00:00:01,30052025154030,30-May-2025 15:40:31,851.45 KB,False,,,106256703,Mining,INE522F01014,Coal India Limited,2025-05-30 15:40:30,COALINDIA
28-May-2025 12:33:49,726.72 KB,https://nsearchives.nseindia.com/corporate/COALINDIA_28052025123317_mine_auction.pdf,Coal India Limited has informed the Exchange about General Updates- Preferred Bidder for Oranga- Revatipur Graphite & Vanadium Block of Chhattisgarh auctioned for Mining lease under Tranche V.,,,General Updates,00:00:01,28052025123349,28-May-2025 12:33:50,726.72 KB,False,,,106251734,Mining,INE522F01014,Coal India Limited,2025-05-28 12:33:49,COALINDIA
27-May-2025 14:39:16,662.66 KB,https://nsearchives.nseindia.com/corporate/COALINDIA_27052025143857_cmpdil_drhp.pdf,"Coal India Limited has informed the Exchange about General Updates- Filing of DRHP of Central Mine Planning & Design Institute Limited (CMPDIL), a wholly owned Subsidiary of CIL, with SEBI",,,General Updates,00:00:01,27052025143916,27-May-2025 14:39:17,662.66 KB,False,,,106250045,Mining,INE522F01014,Coal India Limited,2025-05-27 14:39:16,COALINDIA
20-May-2025 17:09:46,663.13 KB,https://nsearchives.nseindia.com/corporate/COALINDIA_20052025170928_Market_rumour_200525.pdf,"Coal India Limited has informed the Exchange about Rumour Verification - Regulation 30(11)- Intimation under Regulation 30(11) of SEBI (Listing Obligations & Disclosure Requirements) Regulations, 2015- Market Rumour Verification",,,Rumour Verification - Regulation 30(11),00:00:01,20052025170946,20-May-2025 17:09:47,663.13 KB,False,,,106239854,Mining,INE522F01014,Coal India Limited,2025-05-20 17:09:46,COALINDIA
17-May-2025 15:10:16,1.04 MB,https://nsearchives.nseindia.com/corporate/COALINDIA_17052025150959_Transcriptsigned.pdf,Coal India Limited has informed the Exchange about Transcript- Transcript of Investors  meet of CIL held on 14.05.2025 at Mumbai.,,,Analysts/Institutional Investor Meet/Con. Call Updates,00:00:01,17052025151016,17-May-2025 15:10:17,1.04 MB,False,,,106236646,Mining,INE522F01014,Coal India Limited,2025-05-17 15:10:16,COALINDIA
14-May-2025 19:14:39,,https://nsearchives.nseindia.com/corporate/COALINDIA_14052025191423_investor1405.pdf,Coal India Limited has informed the Exchange about Link of Recording,,,Analysts/Institutional Investor Meet/Con. Call Updates,00:00:01,14052025191439,14-May-2025 19:14:40,-,False,,,106231873,Mining,INE522F01014,Coal India Limited,2025-05-14 19:14:39,COALINDIA
12-May-2025 19:03:44,,https://nsearchives.nseindia.com/corporate/COALINDIA_12052025190140_Corporatepresentation.pdf,Coal India Limited has informed the Exchange about Investor Presentation,,,Investor Presentation,00:00:01,12052025190344,12-May-2025 19:03:45,-,False,,,106228518,Mining,INE522F01014,Coal India Limited,2025-05-12 19:03:44,COALINDIA
08-May-2025 15:47:23,,https://nsearchives.nseindia.com/corporate/COALINDIA_08052025154708_pressrelease080525.pdf,"Coal India Limited has informed the Exchange regarding a press release dated May 08, 2025, titled ""CIL and AM Green aim for India s largest RE Supply Contract; sign MoU"".",,,Press Release,00:00:00,08052025154723,08-May-2025 15:47:23,-,False,,,106224335,Mining,INE522F01014,Coal India Limited,2025-05-08 15:47:23,COALINDIA
08-May-2025 10:04:33,,https://nsearchives.nseindia.com/corporate/COALINDIA_08052025100421_news.pdf,Coal India Limited has informed the Exchange about Copy of Newspaper Publication- Newspaper publication of Audited Financial Results of Coal India Limited(Standalone & Consolidated) for the 4th Quarter and FY ended 31st March 2025.,,,Copy of Newspaper Publication,00:00:00,08052025100433,08-May-2025 10:04:33,-,False,,,106223825,Mining,INE522F01014,Coal India Limited,2025-05-08 10:04:33,COALINDIA
07-May-2025 20:14:31,,https://nsearchives.nseindia.com/corporate/COALINDIA_07052025201403_MOU.pdf,Coal India Limited has informed the Exchange about Memorandum of Understanding/Agreements- Memorandum of Understanding (MoU) between Coal India Ltd(CIL) and AM Green Ammonia (India) Private Limited.,,,Memorandum of Understanding/Agreements,00:00:00,07052025201431,07-May-2025 20:14:31,-,False,,,106223406,Mining,INE522F01014,Coal India Limited,2025-05-07 20:14:31,COALINDIA
07-May-2025 17:49:56,,https://nsearchives.nseindia.com/corporate/COALINDIA_07052025174928_analystsigned.pdf,Coal India Limited has informed the Exchange about Schedule of meet,,,Analysts/Institutional Investor Meet/Con. Call Updates,00:00:00,07052025174956,07-May-2025 17:49:56,-,False,,,106223166,Mining,INE522F01014,Coal India Limited,2025-05-07 17:49:56,COALINDIA
07-May-2025 17:44:11,,https://nsearchives.nseindia.com/corporate/COALINDIA_07052025174358_pressfinal.pdf,"Coal India Limited has informed the Exchange regarding a press release dated May 07, 2025, titled ""FINANCIAL RESULTS OF COAL INDIA LIMITED FOR THE                                  FOURTH QUARTER AND FINANCIAL YEAR ENDED 31.03.2025"".",,,Press Release,00:00:01,07052025174411,07-May-2025 17:44:12,-,False,,,106223158,Mining,INE522F01014,Coal India Limited,2025-05-07 17:44:11,COALINDIA
07-May-2025 17:26:46,,https://nsearchives.nseindia.com/corporate/COALINDIA_07052025172622_presentationfinal.pdf,Coal India Limited has informed the Exchange about General Updates-Presentation made by Company on the Integrated Filing (Financial) for the 4th Quarter and Financial Year ended 31st March  2025.,,,General Updates,00:00:00,07052025172646,07-May-2025 17:26:46,-,False,,,106223122,Mining,INE522F01014,Coal India Limited,2025-05-07 17:26:46,COALINDIA
07-May-2025 16:47:31,,https://nsearchives.nseindia.com/corporate/COALINDIA_07052025164653_acctsmarc25.pdf,"Coal India Limited has informed the Exchange that Board of Directors at its meeting held on May 07, 2025, recommended Final Dividend of Rs. 5.15 per equity share.",,,Dividend,00:00:01,07052025164731,07-May-2025 16:47:32,-,False,,,106222953,Mining,INE522F01014,Coal India Limited,2025-05-07 16:47:31,COALINDIA
07-May-2025 16:45:32,,https://nsearchives.nseindia.com/corporate/COALINDIA_07052025164416_acctsmarc25.pdf,"Coal India Limited has informed the Exchange regarding Outcome of Board Meeting held on May 07, 2025.-Audited Financial Results of Coal India Limited (Standalone & Consolidated) for the 4th Quarter and Financial Year ended 31st March  2025 and declaration of Final Dividend for FY 2024-25.",,,Outcome of Board Meeting,00:00:01,07052025164532,07-May-2025 16:45:33,-,False,,,106222947,Mining,INE522F01014,Coal India Limited,2025-05-07 16:45:32,COALINDIA
05-May-2025 14:28:48,,https://nsearchives.nseindia.com/corporate/COALINDIA_05052025142804_MoU_UPRVUNL.pdf,Coal India Limited has informed the Exchange about Memorandum of Understanding/Agreements- Memorandum of Understanding (MoU) between Coal India Ltd(CIL) and U.P. Rajya Vidyut Utpadan Nigam Limited (UPRVUNL),,,Memorandum of Understanding/Agreements,00:00:00,05052025142848,05-May-2025 14:28:48,-,False,,,106219961,Mining,INE522F01014,Coal India Limited,2025-05-05 14:28:48,COALINDIA
02-May-2025 10:54:45,,https://nsearchives.nseindia.com/corporate/COALINDIA_02052025105434_prodsigned.pdf,Coal India Limited has informed the Exchange about General Updates- Provisional Production and Off-take Performance of CIL and Subsidiary Companies for the month of Apr 25,,,General Updates,00:00:01,02052025105445,02-May-2025 10:54:46,-,False,,,106217980,Mining,INE522F01014,Coal India Limited,2025-05-02 10:54:45,COALINDIA
30-Apr-2025 16:39:57,,https://nsearchives.nseindia.com/corporate/COALINDIA_30042025163942_lettersigned.pdf,"Coal India Limited has informed the Exchange regarding Appointment of Mr Satyabrata Panda as Independent Director of the company w.e.f. April 30, 2025.",,,Appointment,00:00:00,30042025163957,30-Apr-2025 16:39:57,-,False,,,106216634,Mining,INE522F01014,Coal India Limited,2025-04-30 16:39:57,COALINDIA
29-Apr-2025 15:36:27,,https://nsearchives.nseindia.com/corporate/team_sandeshc_16042025112952_Disclosure23.pdf,"Coal India Limited has Submitted to the Exchange a copy of Disclosure under Regulation 31(4) of the Securities and Exchange Board of India (Substantial Acquisition of Shares and Takeovers) Regulations, 2011.",,,Disclosure under SEBI Takeover Regulations,00:00:00,29042025153627,29-Apr-2025 15:36:27,-,False,,,106203254,Mining,INE522F01014,Coal India Limited,2025-04-29 15:36:27,COALINDIA
28-Apr-2025 09:43:23,,https://nsearchives.nseindia.com/corporate/COALINDIA_28042025094308_2a1a2992-1651-4b6f-b308-79f0bf729a56.pdf,Coal India Limited has informed the Exchange about Copy of Newspaper Publication-Newspaper publication of Notice of board meeting,,,Copy of Newspaper Publication,00:00:01,28042025094323,28-Apr-2025 09:43:24,-,False,,,106213337,Mining,INE522F01014,Coal India Limited,2025-04-28 09:43:23,COALINDIA
21-Apr-2025 16:33:29,,https://nsearchives.nseindia.com/corporate/COALINDIA_21042025163310_press_release_merged.pdf,"Coal India Limited has informed the Exchange regarding a press release dated April 21, 2025, titled ""CIL & DVC sign MoU to set up 2 X 800 MW power plant"".",,,Press Release,00:00:00,21042025163329,21-Apr-2025 16:33:29,-,False,,,106206897,Mining,INE522F01014,Coal India Limited,2025-04-21 16:33:29,COALINDIA
21-Apr-2025 16:31:49,,https://nsearchives.nseindia.com/corporate/COALINDIA_21042025163132_mou.pdf,Coal India Limited has informed the Exchange about Memorandum of Understanding/Agreements- Memorandum of Understanding (MoU) between Coal India Limited (CIL) and Damodar Valley Corporation (DVC),,,Memorandum of Understanding/Agreements,00:00:00,21042025163149,21-Apr-2025 16:31:49,-,False,,,106206896,Mining,INE522F01014,Coal India Limited,2025-04-21 16:31:49,COALINDIA
21-Apr-2025 11:57:18,,https://nsearchives.nseindia.com/corporate/COALINDIA_21042025115628_investormeet.pdf,"Coal India Limited has informed the Exchange about Schedule of meet- Non Deal Road Show at Chicago, US on 28th April  2025",,,Analysts/Institutional Investor Meet/Con. Call Updates,00:00:00,21042025115718,21-Apr-2025 11:57:18,-,False,,,106206609,Mining,INE522F01014,Coal India Limited,2025-04-21 11:57:18,COALINDIA
16-Apr-2025 17:41:05,,https://nsearchives.nseindia.com/corporate/team_sandeshc_07042025115008_Annual4.pdf,"Pradeep Raj Nayan, Under Secretary to Government of India, Ministry of Coal (CA Section) has Submitted to the Exchange a copy of Disclosure under Regulation 31(4) of the Securities and Exchange Board of India (Substantial Acquisition of Shares and Takeovers) Regulations, 2011.",,,Disclosure under SEBI Takeover Regulations,00:00:00,16042025174105,16-Apr-2025 17:41:05,-,False,,,106195690,Mining,INE522F01014,Coal India Limited,2025-04-16 17:41:05,COALINDIA
03-Apr-2025 17:18:53,,https://nsearchives.nseindia.com/corporate/COALINDIA_03042025171819_LETTER74.pdf,"Coal India Limited has informed the Exchange about Certificate under SEBI (Depositories and Participants) Regulations, 2018- Certificate under Regulation 74(5) of the SEBI (Depository and participants) Regulations, 2018 for the quarter ended 31st Mar  2025",,,"Certificate under SEBI (Depositories and Participants) Regulations, 2018",00:00:00,03042025171853,03-Apr-2025 17:18:53,-,False,,,106193311,Mining,INE522F01014,Coal India Limited,2025-04-03 17:18:53,COALINDIA
01-Apr-2025 18:19:27,,https://nsearchives.nseindia.com/corporate/COALINDIA_01042025181825_pricerevision.pdf,Coal India Limited has informed the Exchange about General Updates-Enhancement of coal price by Rs 10/- per ton for coking and non-coking coal for Regulated and Non-Regulated sectors across CIL toward contribution to the corpus of CMPS-1998.,,,General Updates,00:00:01,01042025181927,01-Apr-2025 18:19:28,-,False,,,106191247,Mining,INE522F01014,Coal India Limited,2025-04-01 18:19:27,COALINDIA
01-Apr-2025 15:06:02,,https://nsearchives.nseindia.com/corporate/COALINDIA_01042025150529_prod_merged.pdf,Coal India Limited has informed the Exchange about General Updates- Provisional Production and Off-take Performance of CIL and Subsidiary Companies for the month of Mar 25 and for the period Apr 24-Mar 25,,,General Updates,00:00:01,01042025150602,01-Apr-2025 15:06:03,-,False,,,106190944,Mining,INE522F01014,Coal India Limited,2025-04-01 15:06:02,COALINDIA
01-Apr-2025 11:35:54,,https://nsearchives.nseindia.com/corporate/COALINDIA_01042025113534_letter.pdf,"Coal India Limited has informed the Exchange about General Updates- Disclosure under Regulation 30 of SEBI (Listing Obligations and Disclosure Requirements), Regulations 2015- Change in Senior Management",,,General Updates,00:00:00,01042025113554,01-Apr-2025 11:35:54,-,False,,,106190761,Mining,INE522F01014,Coal India Limited,2025-04-01 11:35:54,COALINDIA
29-Mar-2025 12:21:51,,https://nsearchives.nseindia.com/corporate/COALINDIA_29032025122122_letter29032025.pdf,Coal India Limited has informed the Exchange about General Updates- Re- Appointment/ Appointment of Non official Independent Director on the Board of Coal India Limited (CIL)- Disclosure as per SEBI circular dated 11.11.2024.,,,General Updates,00:00:00,29032025122151,29-Mar-2025 12:21:51,-,False,,,106188622,Mining,INE522F01014,Coal India Limited,2025-03-29 12:21:51,COALINDIA
28-Mar-2025 18:42:26,,https://nsearchives.nseindia.com/corporate/COALINDIA_28032025184132_letter.pdf,Coal India Limited has informed the Exchange regarding Change in Director(s) of the company.,,,Change in Director(s),00:00:01,28032025184226,28-Mar-2025 18:42:27,-,False,,,106187997,Mining,INE522F01014,Coal India Limited,2025-03-28 18:42:26,COALINDIA
26-Mar-2025 16:43:25,,https://nsearchives.nseindia.com/corporate/COALINDIA_26032025164304_Letter_TWC.pdf,"Coal India Limited has informed the Exchange regarding the Trading Window closure pursuant to SEBI (Prohibition of Insider Trading) Regulations, 2015",,,Trading Window,00:00:01,26032025164325,26-Mar-2025 16:43:26,-,False,,,106183640,Mining,INE522F01014,Coal India Limited,2025-03-26 16:43:25,COALINDIA
25-Mar-2025 14:48:54,,https://nsearchives.nseindia.com/corporate/COALINDIA_25032025144837_letter.pdf,"Coal India Limited has informed the Exchange about General Updates-Disclosure under Regulation 30 of SEBI (Listing Obligations and Disclosure Requirements), Regulations 2015-Change in Senior Management",,,General Updates,00:00:01,25032025144854,25-Mar-2025 14:48:55,-,False,,,106181139,Mining,INE522F01014,Coal India Limited,2025-03-25 14:48:54,COALINDIA
25-Mar-2025 14:40:38,,https://nsearchives.nseindia.com/corporate/COALINDIA_25032025144024_letter.pdf,"Coal India Limited has informed the Exchange about General Updates- Incorporation of Coal Gas India Limited, a Subsidiary Company of Coal India Limited.",,,General Updates,00:00:01,25032025144038,25-Mar-2025 14:40:39,-,False,,,106181123,Mining,INE522F01014,Coal India Limited,2025-03-25 14:40:38,COALINDIA
18-Mar-2025 11:12:32,,https://nsearchives.nseindia.com/corporate/COALINDIA_18032025111211_MOUhyderbad.pdf,Coal India Limited has informed the Exchange about Memorandum of Understanding/Agreements- between Coal India Limited and Non-Ferrous Materials Technology Development Centre,,,Memorandum of Understanding/Agreements,00:00:01,18032025111232,18-Mar-2025 11:12:33,-,False,,,106174460,Mining,INE522F01014,Coal India Limited,2025-03-18 11:12:32,COALINDIA
18-Mar-2025 11:09:19,,https://nsearchives.nseindia.com/corporate/COALINDIA_18032025110900_penalty.pdf,"Coal India Limited has informed the Exchange about General Updates-Disclosure under Regulation 30 of SEBI (Listing Obligations and Disclosure Requirements), Regulations 2015.",,,General Updates,00:00:01,18032025110919,18-Mar-2025 11:09:20,-,False,,,106174458,Mining,INE522F01014,Coal India Limited,2025-03-18 11:09:19,COALINDIA
07-Mar-2025 17:19:45,,https://nsearchives.nseindia.com/corporate/COALINDIA_07032025171928_pressrelease.pdf,"Coal India Limited has informed the Exchange regarding a press release dated March 07, 2025, titled ""CIL joins hands with IIT, Hyderabad for R&D in clean coal tech"".",,,Press Release,00:00:00,07032025171945,07-Mar-2025 17:19:45,-,False,,,106168098,Mining,INE522F01014,Coal India Limited,2025-03-07 17:19:45,COALINDIA
07-Mar-2025 16:50:43,,https://nsearchives.nseindia.com/corporate/COALINDIA_07032025165023_investormeet.pdf,Coal India Limited has informed the Exchange about Schedule of meet,,,Analysts/Institutional Investor Meet/Con. Call Updates,00:00:01,07032025165043,07-Mar-2025 16:50:44,-,False,,,106168067,Mining,INE522F01014,Coal India Limited,2025-03-07 16:50:43,COALINDIA
06-Mar-2025 17:09:25,,https://nsearchives.nseindia.com/corporate/COALINDIA_06032025170900_Rumor.pdf,Coal India Limited has informed the Exchange about Rumour Verification - Regulation 30(11),,,Rumour Verification - Regulation 30(11),00:00:00,06032025170925,06-Mar-2025 17:09:25,-,False,,,106167081,Mining,INE522F01014,Coal India Limited,2025-03-06 17:09:25,COALINDIA
03-Mar-2025 17:06:06,,https://nsearchives.nseindia.com/corporate/COALINDIA_03032025170554_rumor030325.pdf,Coal India Limited has informed the Exchange about Rumour Verification - Regulation 30(11),,,Rumour Verification - Regulation 30(11),00:00:01,03032025170606,03-Mar-2025 17:06:07,-,False,,,106164121,Mining,INE522F01014,Coal India Limited,2025-03-03 17:06:06,COALINDIA
02-Mar-2025 14:03:17,,https://nsearchives.nseindia.com/corporate/COALINDIA_02032025140045_pressreleasesigned.pdf,"Coal India Limited has informed the Exchange regarding a press release dated March 02, 2025, titled ""CIL s relief to NPS customers through financial coverage waiver"".",,,Press Release,00:00:00,02032025140317,02-Mar-2025 14:03:17,-,False,,,106163679,Mining,INE522F01014,Coal India Limited,2025-03-02 14:03:17,COALINDIA
01-Mar-2025 17:37:30,,https://nsearchives.nseindia.com/corporate/COALINDIA_01032025173705_PRODUCTION_FEB_signed.pdf,Coal India Limited has informed the Exchange about General Updates- Provisional Production and Off-take Performance of CIL and Subsidiary Companies for the month of Feb 25 and for the period Apr 24-Feb 25,,,General Updates,00:00:01,01032025173730,01-Mar-2025 17:37:31,-,False,,,106163484,Mining,INE522F01014,Coal India Limited,2025-03-01 17:37:30,COALINDIA
28-Feb-2025 16:57:50,,https://nsearchives.nseindia.com/corporate/COALINDIA_28022025165730_marketrumour.pdf,Coal India Limited has informed the Exchange about Rumour Verification - Regulation 30(11),,,Rumour Verification - Regulation 30(11),00:00:01,28022025165750,28-Feb-2025 16:57:51,-,False,,,106162690,Mining,INE522F01014,Coal India Limited,2025-02-28 16:57:50,COALINDIA
27-Feb-2025 16:16:08,,https://nsearchives.nseindia.com/corporate/COALINDIA_27022025161444_bse2702.pdf,"Coal India Limited has informed the Exchange about General Updates- Levy of  Singrauli Punarasthapan Charge  across all mines of Northern Coalfields Limited, a wholly owned subsidiary of Coal India Limited.",,,General Updates,00:00:01,27022025161608,27-Feb-2025 16:16:09,-,False,,,106161622,Mining,INE522F01014,Coal India Limited,2025-02-27 16:16:08,COALINDIA
23-Feb-2025 13:59:27,,https://nsearchives.nseindia.com/corporate/COALINDIA_23022025135553_sha.pdf,Coal India Limited has informed the Exchange about Memorandum of Understanding/Agreements- Signing of Shareholders  Agreement (SHA) Term Sheet betweenM/s EDF India Private Limited {a wholly owned subsidiary of Electricitede France SA (EDF)} and Coal India Limited (CIL),,,Memorandum of Understanding/Agreements,00:00:01,23022025135927,23-Feb-2025 13:59:28,-,False,,,106159005,Mining,INE522F01014,Coal India Limited,2025-02-23 13:59:27,COALINDIA
01-Feb-2025 17:21:15,,https://nsearchives.nseindia.com/corporate/COALINDIA_01022025171731_010225.pdf,Coal India Limited has informed the Exchange about General Updates- Provisional Production and Off-take Performance of CIL and Subsidiary Companies for the month of Jan 25 and for the period Apr 24-Jan 25,,,General Updates,00:00:00,01022025172115,01-Feb-2025 17:21:15,-,False,,,106133482,Mining,INE522F01014,Coal India Limited,2025-02-01 17:21:15,COALINDIA
01-Feb-2025 10:02:09,,https://nsearchives.nseindia.com/corporate/COALINDIA_01022025095754_lettersigned.pdf,Coal India Limited has informed the Exchange about General Updates,,,General Updates,00:00:01,01022025100209,01-Feb-2025 10:02:10,-,False,,,106133067,Mining,INE522F01014,Coal India Limited,2025-02-01 10:02:09,COALINDIA
31-Jan-2025 10:51:57,,https://nsearchives.nseindia.com/corporate/COALINDIA_31012025104653_RTA_letter.pdf,Coal India Limited has informed the Exchange about Registrar & Share Transfer Agent Update,,,Registrar & Share Transfer Agent Update,00:00:01,31012025105157,31-Jan-2025 10:51:58,-,False,,,106131530,Mining,INE522F01014,Coal India Limited,2025-01-31 10:51:57,COALINDIA
28-Jan-2025 12:08:01,,https://nsearchives.nseindia.com/corporate/COALINDIA_28012025120745_taxletter_newspaper_final.pdf,Coal India Limited has informed the Exchange about Copy of Newspaper Publication- Newspaper publication of Tax on 2nd Interim Dividend for FY 2024-25,,,Copy of Newspaper Publication,00:00:01,28012025120801,28-Jan-2025 12:08:02,-,False,,,106126783,Mining,INE522F01014,Coal India Limited,2025-01-28 12:08:01,COALINDIA
28-Jan-2025 12:03:55,,https://nsearchives.nseindia.com/corporate/COALINDIA_28012025120333_accounts_newspaper_final.pdf,Coal India Limited has informed the Exchange about Copy of Newspaper Publication- Newspaper publication of Un-audited Financial Results of Coal India Limited(Standalone & Consolidated) for the 3rd Quarter and Nine Month ended 31st Dec 2024,,,Copy of Newspaper Publication,00:00:01,28012025120355,28-Jan-2025 12:03:56,-,False,,,106126780,Mining,INE522F01014,Coal India Limited,2025-01-28 12:03:55,COALINDIA
28-Jan-2025 11:13:36,,https://nsearchives.nseindia.com/corporate/COALINDIA_28012025111316_taxlettersigned.pdf,Coal India Limited has informed the Exchange about General Updates- Intimation on communication regarding Tax Deduction at Source (TDS) for 2nd Interim Dividend 2024-25,,,General Updates,00:00:00,28012025111336,28-Jan-2025 11:13:36,-,False,,,106126634,Mining,INE522F01014,Coal India Limited,2025-01-28 11:13:36,COALINDIA
28-Jan-2025 10:46:17,,https://nsearchives.nseindia.com/corporate/COALINDIA_28012025104559_mou.pdf,"Coal India Limited has informed the Exchange about Memorandum of Understanding/Agreements- Memorandum of Understanding (MoU) between Coal India Limitedand Curtin University, Western Australia",,,Memorandum of Understanding/Agreements,00:00:01,28012025104617,28-Jan-2025 10:46:18,-,False,,,106126588,Mining,INE522F01014,Coal India Limited,2025-01-28 10:46:17,COALINDIA
27-Jan-2025 16:44:36,,https://nsearchives.nseindia.com/corporate/COALINDIA_27012025164426_PPTsigned.pdf,Coal India Limited has informed the Exchange about General Updates,,,General Updates,00:00:01,27012025164436,27-Jan-2025 16:44:37,-,False,,,106125796,Mining,INE522F01014,Coal India Limited,2025-01-27 16:44:36,COALINDIA
27-Jan-2025 16:38:11,,https://nsearchives.nseindia.com/corporate/COALINDIA_27012025163647_integrated.pdf,Integrated Filing (Financial) for the 3rd Quarter and Nine months ended 31st Dec  2024.,,,Integrated Filing- Financial,00:00:01,27012025163811,27-Jan-2025 16:38:12,-,False,,,106125784,Mining,INE522F01014,Coal India Limited,2025-01-27 16:38:11,COALINDIA
27-Jan-2025 16:29:17,,https://nsearchives.nseindia.com/corporate/COALINDIA_27012025162909_dividend.pdf,"Coal India Limited has informed the Exchange that Board of Directors at its meeting held on January 27, 2025, declared Interim Dividend of Rs. 5.60 per equity share.",,,Dividend,00:00:01,27012025162917,27-Jan-2025 16:29:18,-,False,,,106125770,Mining,INE522F01014,Coal India Limited,2025-01-27 16:29:17,COALINDIA
27-Jan-2025 16:05:17,,https://nsearchives.nseindia.com/corporate/COALINDIA_27012025160507_dividend.pdf,"Coal India Limited has informed the Exchange that Board of Directors at its meeting held on January 27, 2025, declared Interim Dividend of 5.60 per equity share.",,,Dividend,00:00:01,27012025160517,27-Jan-2025 16:05:18,-,False,,,106125726,Mining,INE522F01014,Coal India Limited,2025-01-27 16:05:17,COALINDIA
27-Jan-2025 16:04:07,,https://nsearchives.nseindia.com/corporate/lettersigned_27012025160407.pdf," Coal India Limited has submitted to the Exchange, the financial results for the period ended December 31, 2024.",,,Financial Result Updates,00:00:00,27012025160407,27-Jan-2025 16:04:07,-,False,,,168626,Mining,INE522F01014,Coal India Limited,2025-01-27 16:04:07,COALINDIA
24-Jan-2025 12:27:31,,https://nsearchives.nseindia.com/corporate/COALINDIA_24012025122635_letter_merged__2_.pdf,"Coal India Limited has informed the Exchange regarding a press release dated January 24, 2025, titled ""Mr. Achyut Ghatak, new Director (Technical) Coal India Limited"".",,,Press Release,00:00:00,24012025122731,24-Jan-2025 12:27:31,-,False,,,106123600,Mining,INE522F01014,Coal India Limited,2025-01-24 12:27:31,COALINDIA
24-Jan-2025 10:42:54,,https://nsearchives.nseindia.com/corporate/COALINDIA_24012025104221_letter.pdf,"Coal India Limited has informed the Exchange regarding Appointment of Mr Achyut Ghatak as Executive Director of the company w.e.f. January 23, 2025.",,,Appointment,00:00:01,24012025104254,24-Jan-2025 10:42:55,-,False,,,106123365,Mining,INE522F01014,Coal India Limited,2025-01-24 10:42:54,COALINDIA
19-Jan-2025 07:45:33,,https://nsearchives.nseindia.com/corporate/COALINDIA_19012025074445_letter1801_merged.pdf,Coal India Limited has informed the Exchange about Copy of Newspaper Publication,,,Copy of Newspaper Publication,00:00:01,19012025074533,19-Jan-2025 07:45:34,-,False,,,106118169,Mining,INE522F01014,Coal India Limited,2025-01-19 07:45:33,COALINDIA
15-Jan-2025 15:24:41,,https://nsearchives.nseindia.com/corporate/COALINDIA_15012025152019_record_date_revised.pdf,Coal India Limited had intimated the 27-Jan-2025 as the record date. The Company has now informed the Exchange that the Record date has been revised to 31-Jan-2025 for the purpose of Dividend.,,,Revised Record date,00:00:01,15012025152441,15-Jan-2025 15:24:42,-,False,,,106114638,Mining,INE522F01014,Coal India Limited,2025-01-15 15:24:41,COALINDIA
15-Jan-2025 14:41:35,,https://nsearchives.nseindia.com/corporate/COALINDIA_15012025144048_acctsletter.pdf,Coal India Limited has informed the Exchange that Record date for the purpose of DI  is 27-Jan-2025.,,,Record Date,00:00:01,15012025144135,15-Jan-2025 14:41:36,-,False,,,106114598,Mining,INE522F01014,Coal India Limited,2025-01-15 14:41:35,COALINDIA
08-Jan-2025 14:52:51,,https://nsearchives.nseindia.com/corporate/COALINDIA_08012025145226_iepf_newspaper_publication_signed.pdf,Coal India Limited has informed the Exchange about Copy of Newspaper Publication,,,Copy of Newspaper Publication,00:00:01,08012025145251,08-Jan-2025 14:52:52,-,False,,,106108106,Mining,INE522F01014,Coal India Limited,2025-01-08 14:52:51,COALINDIA
06-Jan-2025 18:10:26,,https://nsearchives.nseindia.com/corporate/COALINDIA_06012025181001_IRELsigned.pdf,Coal India Limited has informed the Exchange about Memorandum of Understanding/Agreements,,,Memorandum of Understanding/Agreements,00:00:01,06012025181026,06-Jan-2025 18:10:27,-,False,,,106105811,Mining,INE522F01014,Coal India Limited,2025-01-06 18:10:26,COALINDIA
06-Jan-2025 14:40:31,,https://nsearchives.nseindia.com/corporate/COALINDIA_06012025143944_Reg74_5_.pdf,"Coal India Limited has informed the Exchange about Certificate under SEBI (Depositories and Participants) Regulations, 2018",,,"Certificate under SEBI (Depositories and Participants) Regulations, 2018",00:00:01,06012025144031,06-Jan-2025 14:40:32,-,False,,,106105490,Mining,INE522F01014,Coal India Limited,2025-01-06 14:40:31,COALINDIA
02-Jan-2025 16:32:52,,https://nsearchives.nseindia.com/corporate/COALINDIA_02012025163235_letter.pdf,"Coal India Limited has informed the Exchange regarding Cessation of Mr M Nagaraju as Non- Executive Director of the company w.e.f. January 01, 2025.",,,Cessation,00:00:01,02012025163252,02-Jan-2025 16:32:53,-,False,,,106103191,Mining,INE522F01014,Coal India Limited,2025-01-02 16:32:52,COALINDIA
02-Jan-2025 11:49:59,,https://nsearchives.nseindia.com/corporate/COALINDIA_02012025114933_letter.pdf,"Coal India Limited has informed the Exchange regarding Appointment of Ms Rupinder Brar AS, MOC as Non- Executive Director of the company w.e.f. January 01, 2025.",,,Appointment,00:00:00,02012025114959,02-Jan-2025 11:49:59,-,False,,,106102785,Mining,INE522F01014,Coal India Limited,2025-01-02 11:49:59,COALINDIA
01-Jan-2025 12:11:07,,https://nsearchives.nseindia.com/corporate/COALINDIA_01012025121012_Produc_signed.pdf,Coal India Limited has informed the Exchange about General Updates,,,General Updates,00:00:01,01012025121107,01-Jan-2025 12:11:08,-,False,,,106101890,Mining,INE522F01014,Coal India Limited,2025-01-01 12:11:07,COALINDIA
01-Jan-2025 11:20:10,,https://nsearchives.nseindia.com/corporate/COALINDIA_01012025112001_letter.pdf,Coal India Limited has informed the Exchange about General Updates,,,General Updates,00:00:01,01012025112010,01-Jan-2025 11:20:11,-,False,,,106101852,Mining,INE522F01014,Coal India Limited,2025-01-01 11:20:10,COALINDIA
31-Dec-2024 15:12:55,,https://nsearchives.nseindia.com/corporate/COALINDIA_31122024151221_pdf.pdf,Coal India Limited has informed the Exchange regarding Change in Director(s) of the company.,,,Change in Director(s),00:00:00,31122024151255,31-Dec-2024 15:12:55,-,False,,,106100770,Mining,INE522F01014,Coal India Limited,2024-12-31 15:12:55,COALINDIA
26-Dec-2024 15:01:37,,https://nsearchives.nseindia.com/corporate/COALINDIA_26122024150117_trading_windowsigned.pdf,"Coal India Limited has informed the Exchange regarding the Trading Window closure pursuant to SEBI (Prohibition of Insider Trading) Regulations, 2015",,,Trading Window,00:00:01,26122024150137,26-Dec-2024 15:01:38,-,False,,,106095143,Mining,INE522F01014,Coal India Limited,2024-12-26 15:01:37,COALINDIA
02-Dec-2024 15:46:20,,https://nsearchives.nseindia.com/corporate/COALINDIA_02122024154620_MOU.pdf,Coal India Limited has informed the Exchange about Memorandum of Understanding/Agreements,,,Memorandum of Understanding/Agreements,00:00:00,02122024154620,02-Dec-2024 15:46:20,-,False,,,106074631,Mining,INE522F01014,Coal India Limited,2024-12-02 15:46:20,COALINDIA
02-Dec-2024 15:16:09,,https://nsearchives.nseindia.com/corporate/COALINDIA_02122024151609_extension_DT.pdf,Coal India Limited has informed the Exchange regarding Change in Director(s) of the company.,,,Change in Director(s),00:00:01,02122024151609,02-Dec-2024 15:16:10,-,False,,,106074601,Mining,INE522F01014,Coal India Limited,2024-12-02 15:16:09,COALINDIA
02-Dec-2024 15:10:26,,https://nsearchives.nseindia.com/corporate/COALINDIA_02122024151026_RTA_Extension.pdf,Coal India Limited has informed the Exchange about General Updates,,,General Updates,00:00:01,02122024151026,02-Dec-2024 15:10:27,-,False,,,106074589,Mining,INE522F01014,Coal India Limited,2024-12-02 15:10:26,COALINDIA
02-Dec-2024 11:08:19,,https://nsearchives.nseindia.com/corporate/COALINDIA_02122024110819_Production-Nov_merged.pdf,Coal India Limited has informed the Exchange about General Updates,,,General Updates,00:00:01,02122024110819,02-Dec-2024 11:08:20,-,False,,,106074366,Mining,INE522F01014,Coal India Limited,2024-12-02 11:08:19,COALINDIA
01-Dec-2024 11:51:52,,https://nsearchives.nseindia.com/corporate/COALINDIA_01122024115152_skmehtasigned.pdf,Coal India Limited has informed the Exchange about General Updates,,,General Updates,00:00:00,01122024115152,01-Dec-2024 11:51:52,-,False,,,106074179,Mining,INE522F01014,Coal India Limited,2024-12-01 11:51:52,COALINDIA
29-Nov-2024 15:48:43,,https://nsearchives.nseindia.com/corporate/COALINDIA_29112024154843_price_revision.pdf,Coal India Limited has informed the Exchange about General Updates,,,General Updates,00:00:01,29112024154843,29-Nov-2024 15:48:44,-,False,,,106073052,Mining,INE522F01014,Coal India Limited,2024-11-29 15:48:43,COALINDIA
27-Nov-2024 10:50:57,,https://nsearchives.nseindia.com/corporate/COALINDIA_27112024105057_analysts27112024.pdf,Coal India Limited has informed the Exchange about Schedule of meet and Presentation,,,Analysts/Institutional Investor Meet/Con. Call Updates,00:00:01,27112024105057,27-Nov-2024 10:50:58,-,False,,,106070371,Mining,INE522F01014,Coal India Limited,2024-11-27 10:50:57,COALINDIA
21-Nov-2024 12:34:05,,https://nsearchives.nseindia.com/corporate/COALINDIA_21112024123405_press_30_merged__1_.pdf,"Coal India Limited has informed the Exchange regarding a press release dated November 21, 2024, titled ""CIL makes supplies to NRS more user friendly"".",,,Press Release,00:00:01,21112024123405,21-Nov-2024 12:34:06,-,False,,,106065939,Mining,INE522F01014,Coal India Limited,2024-11-21 12:34:05,COALINDIA
01-Nov-2024 16:21:32,,https://nsearchives.nseindia.com/corporate/COALINDIA_01112024162132_prodletterfinal_signed.pdf,Coal India Limited has informed the Exchange regarding 'Provisional Production and Off-take Performance of CIL and SubsidiaryCompanies for the month of Oct 24 and for the period Apr 24-Oct 24'.,,,Updates,00:00:01,01112024162132,01-Nov-2024 16:21:33,-,False,,,106042568,Mining,INE522F01014,Coal India Limited,2024-11-01 16:21:32,COALINDIA
01-Nov-2024 10:25:31,,https://nsearchives.nseindia.com/corporate/COALINDIA_01112024102532_lettersigned.pdf,Coal India Limited has informed the Exchange regarding Change in Director(s) of the company.,,,Change in Director(s),00:00:01,01112024102531,01-Nov-2024 10:25:32,-,False,,,106042450,Mining,INE522F01014,Coal India Limited,2024-11-01 10:25:31,COALINDIA
28-Oct-2024 15:07:17,,https://nsearchives.nseindia.com/corporate/COALINDIA_28102024150717_newspaper_final.pdf,Coal India Limited has informed the Exchange about Copy of Newspaper Publication,,,Copy of Newspaper Publication,00:00:01,28102024150717,28-Oct-2024 15:07:18,-,False,,,106036974,Mining,INE522F01014,Coal India Limited,2024-10-28 15:07:17,COALINDIA
26-Oct-2024 14:31:48,,https://nsearchives.nseindia.com/corporate/COALINDIA_26102024143148_newspaper_merged.pdf,Coal India Limited has informed the Exchange about Copy of Newspaper Publication,,,Copy of Newspaper Publication,00:00:01,26102024143148,26-Oct-2024 14:31:49,-,False,,,106035943,Mining,INE522F01014,Coal India Limited,2024-10-26 14:31:48,COALINDIA
25-Oct-2024 21:41:45,,https://nsearchives.nseindia.com/corporate/COALINDIA_25102024214145_final__2_.pdf,Coal India Limited has informed the Exchange regarding 'Presentation made by Company'.,,,Updates,00:00:00,25102024214145,25-Oct-2024 21:41:45,-,False,,,106035540,Mining,INE522F01014,Coal India Limited,2024-10-25 21:41:45,COALINDIA
25-Oct-2024 21:32:15,,https://nsearchives.nseindia.com/corporate/COALINDIA_25102024213215_letter1.pdf,Coal India Limited has informed the Exchange regarding 'Closure of CIL Solar PV Limited (CSPL) a wholly owned subsidiary of Coal IndiaLimited'.,,,Updates,00:00:01,25102024213215,25-Oct-2024 21:32:16,-,False,,,106035530,Mining,INE522F01014,Coal India Limited,2024-10-25 21:32:15,COALINDIA
25-Oct-2024 21:01:03,,https://nsearchives.nseindia.com/corporate/COALINDIA_25102024210103_dividendletter.pdf,"Coal India Limited has informed the Exchange that Board of Directors at its meeting held on October 25, 2024, declared Interim Dividend of Rs. 15.75 per equity share.",,,Dividend,00:00:01,25102024210103,25-Oct-2024 21:01:04,-,False,,,106035514,Mining,INE522F01014,Coal India Limited,2024-10-25 21:01:03,COALINDIA
25-Oct-2024 20:59:25,,https://nsearchives.nseindia.com/corporate/signedaccts_25102024205925.pdf," Coal India Limited has submitted to the Exchange, the financial results for the period ended September 30, 2024.",,,Financial Result Updates,00:00:00,25102024205925,25-Oct-2024 20:59:25,-,False,,,166085,Mining,INE522F01014,Coal India Limited,2024-10-25 20:59:25,COALINDIA
23-Oct-2024 16:21:34,,https://nsearchives.nseindia.com/corporate/COALINDIA_23102024162134_COALINDIA_ROID_38283_KMP_Doc_23102024162134.zip,COAL INDIA LIMITED has informed the Exchange about Resignation of Independent director.,,,Resignation of Independent director,00:00:01,23102024162134,23-Oct-2024 16:21:35,-,False,,,106031970,Mining,INE522F01014,Coal India Limited,2024-10-23 16:21:34,COALINDIA
23-Oct-2024 16:09:08,,https://nsearchives.nseindia.com/corporate/COALINDIA_23102024160908_signed.pdf,"Coal India Limited has informed the Exchange regarding Resignation of Mr Arun kumar Oraon as Independent Director of the company w.e.f. October 23, 2024.",,,Resignation,00:00:01,23102024160908,23-Oct-2024 16:09:09,-,False,,,106031944,Mining,INE522F01014,Coal India Limited,2024-10-23 16:09:08,COALINDIA
18-Oct-2024 12:22:06,,https://nsearchives.nseindia.com/corporate/COALINDIA_18102024122206_74lettersigned.pdf,"Coal India Limited has informed the Exchange about Certificate under SEBI (Depositories and Participants) Regulations, 2018",,,"Certificate under SEBI (Depositories and Participants) Regulations, 2018",00:00:00,18102024122206,18-Oct-2024 12:22:06,-,False,,,106026782,Mining,INE522F01014,Coal India Limited,2024-10-18 12:22:06,COALINDIA
16-Oct-2024 21:02:01,,https://nsearchives.nseindia.com/corporate/COALINDIA_16102024210201_lettersigned.pdf,Coal India Limited has informed the Exchange about Copy of Newspaper Publication,,,Copy of Newspaper Publication,00:00:00,16102024210201,16-Oct-2024 21:02:01,-,False,,,106024881,Mining,INE522F01014,Coal India Limited,2024-10-16 21:02:01,COALINDIA
15-Oct-2024 14:42:22,,https://nsearchives.nseindia.com/corporate/COALINDIA_15102024144222_letterpressigned.pdf,"Coal India Limited has informed the Exchange regarding a press release dated October 15, 2024, titled ""CIL in a first makes FSA signing digital and paperless"".",,,Press Release,00:00:00,15102024144222,15-Oct-2024 14:42:22,-,False,,,106022971,Mining,INE522F01014,Coal India Limited,2024-10-15 14:42:22,COALINDIA
14-Oct-2024 17:10:04,,https://nsearchives.nseindia.com/corporate/COALINDIA_14102024171004_acctsigned.pdf,Coal India Limited has informed the Exchange that Record date for the purpose of Dividend  is 05-Nov-2024.,,,Record Date,00:00:01,14102024171004,14-Oct-2024 17:10:05,-,False,,,106021878,Mining,INE522F01014,Coal India Limited,2024-10-14 17:10:04,COALINDIA
01-Oct-2024 15:43:31,,https://nsearchives.nseindia.com/corporate/COALINDIA_01102024154331_production01.pdf,Coal India Limited has informed the Exchange regarding 'Provisional Production and Off-take Performance of CIL and Subsidiary Companies for the month of Sep 24 and for the period Apr 24-Sep 24'.,,,Updates,00:00:00,01102024154331,01-Oct-2024 15:43:31,-,False,,,106009962,Mining,INE522F01014,Coal India Limited,2024-10-01 15:43:31,COALINDIA
30-Sep-2024 12:31:35,,https://nsearchives.nseindia.com/corporate/COALINDIA_30092024123135_pressrelease30.pdf,"Coal India Limited has informed the Exchange regarding a press release dated September 30, 2024, titled ""CIL makes interest rates uniform for delayed receivables"".",,,Press Release,00:00:01,30092024123135,30-Sep-2024 12:31:36,-,False,,,106006962,Mining,INE522F01014,Coal India Limited,2024-09-30 12:31:35,COALINDIA
27-Sep-2024 11:25:03,,https://nsearchives.nseindia.com/corporate/COALINDIA_27092024112503_TWC_Letter.pdf,"Coal India Limited has informed the Exchange regarding the Trading Window closure pursuant to SEBI (Prohibition of Insider Trading) Regulations, 2015",,,Trading Window,00:00:00,27092024112503,27-Sep-2024 11:25:03,-,False,,,106002927,Mining,INE522F01014,Coal India Limited,2024-09-27 11:25:03,COALINDIA
24-Sep-2024 16:29:53,,https://nsearchives.nseindia.com/corporate/COALINDIA_24092024162953_final_letter.pdf,Coal India Limited has informed the Exchange regarding Change in Auditors of the company.,,,Change in Auditors,00:00:01,24092024162953,24-Sep-2024 16:29:54,-,False,,,105997453,Mining,INE522F01014,Coal India Limited,2024-09-24 16:29:53,COALINDIA
23-Sep-2024 19:13:25,,https://nsearchives.nseindia.com/corporate/COALINDIA_23092024191325_jv2.pdf,Coal India Limited has informed the Exchange about Memorandum of Understanding/Agreements-Joint Venture Agreement(JVA) between Coal India Limited and Rajasthan Rajya Vidyut Utpadan Nigam Limited (RRVUNL) for setting up of 2x800 MW Brownfield Thermal Power Project in RRUVNL's Existing Kalisindh Thermal Power Station and/or undertaking any Other Thermal Power Business related projects including Renewable Generation Obligations.,,,Memorandum of Understanding/Agreements,00:00:01,23092024191325,23-Sep-2024 19:13:26,-,False,,,105996465,Mining,INE522F01014,Coal India Limited,2024-09-23 19:13:25,COALINDIA
23-Sep-2024 19:11:33,,https://nsearchives.nseindia.com/corporate/COALINDIA_23092024191133_jv1.pdf,Coal India Limited has informed the Exchange about Memorandum of Understanding/Agreements-Joint Venture Agreement(JVA) between Coal India Limited (CIL) and Rajasthan Rajya  Vidyut  Utpadan Nigam Limited (RRVUNL) for Renewable Energy Business in Rajasthan,,,Memorandum of Understanding/Agreements,00:00:01,23092024191133,23-Sep-2024 19:11:34,-,False,,,105996462,Mining,INE522F01014,Coal India Limited,2024-09-23 19:11:33,COALINDIA
17-Sep-2024 15:00:33,,https://nsearchives.nseindia.com/corporate/COALINDIA_17092024150033_revisedletter.pdf,"Coal India Limited has informed the Exchange regarding 'Disclosure under Regulation 30 of SEBI (Listing Obligations and Disclosure Requirements), Regulations 2015- Brief profile of Senior Management'.",,,Updates,00:00:03,17092024150033,17-Sep-2024 15:00:36,-,False,,,105990584,Mining,INE522F01014,Coal India Limited,2024-09-17 15:00:33,COALINDIA
16-Sep-2024 13:14:01,,https://nsearchives.nseindia.com/corporate/COALINDIA_16092024131401_edappointment.pdf,"Coal India Limited has informed the Exchange regarding 'Disclosure under Regulation 30 of SEBI (Listing Obligations and Disclosure Requirements), Regulations 2015- Change in Senior Management'.",,,Updates,00:00:01,16092024131401,16-Sep-2024 13:14:02,-,False,,,105989344,Mining,INE522F01014,Coal India Limited,2024-09-16 13:14:01,COALINDIA
02-Sep-2024 10:37:18,,https://nsearchives.nseindia.com/corporate/COALINDIA_02092024103718_pro_production_merged.pdf,Coal India Limited has informed the Exchange regarding 'Provisional Production and Off-take Performance of CIL and Subsidiary Companies for the month of Aug 24 and for the period Apr 24-Aug 24'.,,,Updates,00:00:02,02092024103718,02-Sep-2024 10:37:20,-,False,,,105973458,Mining,INE522F01014,Coal India Limited,2024-09-02 10:37:18,COALINDIA
01-Sep-2024 11:45:14,,https://nsearchives.nseindia.com/corporate/COALINDIA_01092024114514_cessationsigned.pdf,Coal India Limited has informed the Exchange regarding Change in Director(s) of the company.,,,Change in Director(s),00:00:01,01092024114514,01-Sep-2024 11:45:15,-,False,,,105973233,Mining,INE522F01014,Coal India Limited,2024-09-01 11:45:14,COALINDIA
22-Aug-2024 15:59:56,,https://nsearchives.nseindia.com/corporate/COALINDIA_22082024155957_npfinal.pdf,Coal India Limited has informed the Exchange about Copy of Newspaper Publication of Chairman s Speech at 50th AGM of CIL.,,,Copy of Newspaper Publication,00:00:02,22082024155956,22-Aug-2024 15:59:58,-,False,,,105962205,Mining,INE522F01014,Coal India Limited,2024-08-22 15:59:56,COALINDIA
22-Aug-2024 12:07:56,,https://nsearchives.nseindia.com/corporate/COALINDIA_22082024120756_vrfinal.pdf,"Coal India Limited has submitted the Exchange a copy Srutinizers report of  Annual General Meeting held on August 21, 2024. Further, the company has informed the Exchange regarding voting results.",,,Shareholders meeting,00:00:01,22082024120756,22-Aug-2024 12:07:57,-,False,,,105961934,Mining,INE522F01014,Coal India Limited,2024-08-22 12:07:56,COALINDIA
21-Aug-2024 15:22:45,,https://nsearchives.nseindia.com/corporate/COALINDIA_21082024152245_finalproceeding.pdf,"Coal India Limited has informed the Exchange regarding Proceedings of Annual General Meeting held on August 21, 2024",,,Shareholders meeting,00:00:01,21082024152245,21-Aug-2024 15:22:46,-,False,,,105960855,Mining,INE522F01014,Coal India Limited,2024-08-21 15:22:45,COALINDIA
14-Aug-2024 16:05:44,,https://nsearchives.nseindia.com/corporate/COALINDIA_14082024160544_letter.pdf,Coal India Limited has informed the Exchange regarding 'Disclosure regarding the order of Supreme Court in Mineral AreaDevelopment Authority vs SAIL (CA 4056-64 of 1999)'.,,,Updates,00:00:00,14082024160544,14-Aug-2024 16:05:44,-,False,,,105954489,Mining,INE522F01014,Coal India Limited,2024-08-14 16:05:44,COALINDIA
13-Aug-2024 14:54:17,,https://nsearchives.nseindia.com/corporate/COALINDIA_13082024145417_pr.pdf,"Coal India Limited has informed the Exchange regarding a press release dated August 13, 2024, titled ""CIL s ACQ stimulus to Power Plants to lift more coal"".",,,Press Release,00:00:01,13082024145417,13-Aug-2024 14:54:18,-,False,,,105951878,Mining,INE522F01014,Coal India Limited,2024-08-13 14:54:17,COALINDIA
09-Aug-2024 17:29:09,,https://nsearchives.nseindia.com/corporate/COALINDIA_09082024172909_finalppt.pdf,Coal India Limited has informed the Exchange about Presentation,,,Analysts/Institutional Investor Meet/Con. Call Updates,00:00:00,09082024172909,09-Aug-2024 17:29:09,-,False,,,105947797,Mining,INE522F01014,Coal India Limited,2024-08-09 17:29:09,COALINDIA
07-Aug-2024 16:09:17,,https://nsearchives.nseindia.com/corporate/COALINDIA_07082024160917_analyst1.pdf,Coal India Limited has informed the Exchange about Schedule of meet,,,Analysts/Institutional Investor Meet/Con. Call Updates,00:00:01,07082024160917,07-Aug-2024 16:09:18,-,False,,,105943269,Mining,INE522F01014,Coal India Limited,2024-08-07 16:09:17,COALINDIA
07-Aug-2024 15:06:07,,https://nsearchives.nseindia.com/corporate/COALINDIA_07082024150608_analyst.pdf,Coal India Limited has informed the Exchange about Schedule of meet,,,Analysts/Institutional Investor Meet/Con. Call Updates,00:00:02,07082024150607,07-Aug-2024 15:06:09,-,False,,,105943072,Mining,INE522F01014,Coal India Limited,2024-08-07 15:06:07,COALINDIA
05-Aug-2024 15:00:02,,https://nsearchives.nseindia.com/corporate/COALINDIA_05082024150002_letter.pdf,Coal India Limited has informed the Exchange about Memorandum of Understanding/Agreements,,,Memorandum of Understanding/Agreements,00:00:02,05082024150002,05-Aug-2024 15:00:04,-,False,,,105939214,Mining,INE522F01014,Coal India Limited,2024-08-05 15:00:02,COALINDIA
02-Aug-2024 14:25:10,,https://nsearchives.nseindia.com/corporate/COALINDIA_02082024142510_newspaperfinal.pdf,Coal India Limited has informed the Exchange about Copy of Newspaper Publication of AGM notice of CIL,,,Copy of Newspaper Publication,00:00:01,02082024142510,02-Aug-2024 14:25:11,-,False,,,105936563,Mining,INE522F01014,Coal India Limited,2024-08-02 14:25:10,COALINDIA
01-Aug-2024 14:49:37,,https://nsearchives.nseindia.com/corporate/COALINDIA_01082024144937_newspaperfinal.pdf,Coal India Limited has informed the Exchange about Copy of Newspaper Publication of Un-audited Financial Results of Coal India Limited(Standalone & Consolidated) for the 1st Quarter ended 30th June 2024,,,Copy of Newspaper Publication,00:00:01,01082024144937,01-Aug-2024 14:49:38,-,False,,,105934720,Mining,INE522F01014,Coal India Limited,2024-08-01 14:49:37,COALINDIA
01-Aug-2024 14:46:54,,https://nsearchives.nseindia.com/corporate/COALINDIA_01082024144654_prodfinal.pdf,Coal India Limited has informed the Exchange regarding 'Provisional Production and Off-take Performance of CIL and SubsidiaryCompanies for the month of July 24 and for the period Apr 24-July 24'.,,,Updates,00:00:00,01082024144654,01-Aug-2024 14:46:54,-,False,,,105934716,Mining,INE522F01014,Coal India Limited,2024-08-01 14:46:54,COALINDIA
01-Aug-2024 12:19:31,,https://nsearchives.nseindia.com/corporate/COALINDIA_01082024121931_prfinal.pdf,Coal India Limited has informed the Exchange regarding 'Revised Presentation made by Company'.,,,Updates,00:00:01,01082024121931,01-Aug-2024 12:19:32,-,False,,,105934434,Mining,INE522F01014,Coal India Limited,2024-08-01 12:19:31,COALINDIA
31-Jul-2024 17:14:27,,https://nsearchives.nseindia.com/corporate/COALINDIA_31072024171428_PRESENTATIONFINAL.pdf,Coal India Limited has informed the Exchange regarding 'Presentation made by Company'.,,,Updates,00:00:01,31072024171427,31-Jul-2024 17:14:28,-,False,,,105933185,Mining,INE522F01014,Coal India Limited,2024-07-31 17:14:27,COALINDIA
31-Jul-2024 16:53:51,,https://nsearchives.nseindia.com/corporate/accstfhinal_31072024165351.pdf," Coal India Limited has submitted to the Exchange, the financial results for the period ended June 30, 2024.",,,Financial Result Updates,00:00:00,31072024165351,31-Jul-2024 16:53:51,-,False,,,164050,Mining,INE522F01014,Coal India Limited,2024-07-31 16:53:51,COALINDIA
27-Jul-2024 14:29:01,,https://nsearchives.nseindia.com/corporate/COALINDIA_27072024142901_noticeuploading.pdf,"Coal India Limited has informed the Exchange regarding Notice of Annual General Meeting to be held on August 21, 2024",,,Shareholders meeting,00:00:01,27072024142901,27-Jul-2024 14:29:02,-,False,,,105928533,Mining,INE522F01014,Coal India Limited,2024-07-27 14:29:01,COALINDIA
27-Jul-2024 12:57:30,,https://nsearchives.nseindia.com/corporate/COALINDIA_27072024125730_recorddate.pdf,Coal India Limited has informed the Exchange that Record date for the purpose of  Final Dividend  is 16-Aug-2024.,,,Record Date,00:00:01,27072024125730,27-Jul-2024 12:57:31,-,False,,,105928471,Mining,INE522F01014,Coal India Limited,2024-07-27 12:57:30,COALINDIA
26-Jul-2024 16:58:12,,https://nsearchives.nseindia.com/corporate/COALINDIA_26072024165812_newspapefinal.pdf,Coal India Limited has informed the Exchange about Copy of Newspaper Publication regarding public notice of convening 50th AGM of CIL,,,Copy of Newspaper Publication,00:00:01,26072024165812,26-Jul-2024 16:58:13,-,False,,,105927581,Mining,INE522F01014,Coal India Limited,2024-07-26 16:58:12,COALINDIA
22-Jul-2024 12:18:12,,https://nsearchives.nseindia.com/corporate/COALINDIA_22072024121812_pr.pdf,"Coal India Limited has informed the Exchange regarding a press release dated July 22, 2024, titled ""CIL in a first bags criticalmineral asset, a graphite block"".",,,Press Release,00:00:01,22072024121812,22-Jul-2024 12:18:13,-,False,,,105921429,Mining,INE522F01014,Coal India Limited,2024-07-22 12:18:12,COALINDIA
20-Jul-2024 12:57:14,,https://nsearchives.nseindia.com/corporate/COALINDIA_20072024125714_letter200724.pdf,"Coal India Limited has informed the Exchange regarding 'Receipt of an order from Ministry of Mines, Govt. of India '.",,,Updates,00:00:01,20072024125714,20-Jul-2024 12:57:15,-,False,,,105920578,Mining,INE522F01014,Coal India Limited,2024-07-20 12:57:14,COALINDIA
12-Jul-2024 13:21:41,,https://nsearchives.nseindia.com/corporate/COALINDIA_12072024132141_prfinal.pdf,"Coal India Limited has informed the Exchange regarding a press release dated July 12, 2024, titled ""Coal India to tweak its eauctionnorms"".",,,Press Release,00:00:01,12072024132141,12-Jul-2024 13:21:42,-,False,,,105912393,Mining,INE522F01014,Coal India Limited,2024-07-12 13:21:41,COALINDIA
08-Jul-2024 15:32:29,,https://nsearchives.nseindia.com/corporate/COALINDIA_08072024153229_74.pdf,"Coal India Limited has informed the Exchange about Certificate under SEBI (Depositories and Participants) Regulations, 2018",,,"Certificate under SEBI (Depositories and Participants) Regulations, 2018",00:00:00,08072024153229,08-Jul-2024 15:32:29,-,False,,,105906873,Mining,INE522F01014,Coal India Limited,2024-07-08 15:32:29,COALINDIA
01-Jul-2024 14:29:06,,https://nsearchives.nseindia.com/corporate/COALINDIA_01072024142906_prnse.pdf,"Coal India Limited has informed the Exchange regarding a press release dated July 01, 2024, titled ""CIL s production grows 8% to 189.3 MTs in Q1, FY 2025"".",,,Press Release,00:00:01,01072024142906,01-Jul-2024 14:29:07,-,False,,,105899732,Mining,INE522F01014,Coal India Limited,2024-07-01 14:29:06,COALINDIA
01-Jul-2024 14:17:00,,https://nsearchives.nseindia.com/corporate/COALINDIA_01072024141700_nseprod.pdf,Coal India Limited has informed the Exchange regarding 'Provisional Production and Off-take Performance of CIL and SubsidiaryCompanies for the month of June 24 and for the period Apr 24-June 24'.,,,Updates,00:00:02,01072024141700,01-Jul-2024 14:17:02,-,False,,,105899723,Mining,INE522F01014,Coal India Limited,2024-07-01 14:17:00,COALINDIA
01-Jul-2024 10:32:44,,https://nsearchives.nseindia.com/corporate/COALINDIA_01072024103244_cim.pdf,"Coal India Limited has informed the Exchange regarding 'Disclosure under Regulation 30 of SEBI (Listing Obligations and DisclosureRequirements), Regulations 2015- Change in Senior Management'.",,,Updates,00:00:00,01072024103244,01-Jul-2024 10:32:44,-,False,,,105899430,Mining,INE522F01014,Coal India Limited,2024-07-01 10:32:44,COALINDIA
01-Jul-2024 09:58:27,,https://nsearchives.nseindia.com/corporate/COALINDIA_01072024095827_twc.pdf,"Coal India Limited has informed the Exchange regarding the Trading Window closure pursuant to SEBI (Prohibition of Insider Trading) Regulations, 2015",,,Trading Window,00:00:02,01072024095827,01-Jul-2024 09:58:29,-,False,,,105899322,Mining,INE522F01014,Coal India Limited,2024-07-01 09:58:27,COALINDIA
30-Jun-2024 08:14:26,,https://nsearchives.nseindia.com/corporate/COALINDIA_30062024081426_NSE_BSE_TWC.pdf,"Coal India Limited has informed the Exchange regarding the Trading Window closure pursuant to SEBI (Prohibition of Insider Trading) Regulations, 2015",,,Trading Window,00:00:00,30062024081426,30-Jun-2024 08:14:26,-,False,,,105899062,Mining,INE522F01014,Coal India Limited,2024-06-30 08:14:26,COALINDIA
19-Jun-2024 13:02:28,,https://nsearchives.nseindia.com/corporate/COALINDIA_19062024130228_prfinal.pdf,"Coal India Limited has informed the Exchange regarding a press release dated Jun 19, 2024, titled ""CIL to tap coal from abandoned UG mines through private operators"".",,,Press Release,00:00:01,19062024130228,19-Jun-2024 13:02:29,-,False,,,105885457,Mining,INE522F01014,Coal India Limited,2024-06-19 13:02:28,COALINDIA
18-Jun-2024 16:44:46,,https://nsearchives.nseindia.com/corporate/COALINDIA_18062024164446_analyst.pdf,Coal India Limited has informed the Exchange about Schedule of meet,,,Analysts/Institutional Investor Meet/Con. Call Updates,00:00:01,18062024164446,18-Jun-2024 16:44:47,-,False,,,105884562,Mining,INE522F01014,Coal India Limited,2024-06-18 16:44:46,COALINDIA
01-Jun-2024 11:29:10,,https://nsearchives.nseindia.com/corporate/COALINDIA_01062024112910_prodmay24.pdf,Coal India Limited has informed the Exchange regarding 'Provisional Production and Off-take Performance of CIL and Subsidiary Companies for the month of May 24 and for the period Apr 24-May 24'.,,,Updates,00:00:01,01062024112910,01-Jun-2024 11:29:11,-,False,,,105871493,Mining,INE522F01014,Coal India Limited,2024-06-01 11:29:10,COALINDIA
01-Jun-2024 11:25:03,,https://nsearchives.nseindia.com/corporate/COALINDIA_01062024112504_sanjaykhare.pdf,"Coal India Limited has informed the Exchange regarding 'Disclosure under Regulation 30 of SEBI (Listing Obligations and DisclosureRequirements), Regulations 2015- Change in Senior Management'.",,,Updates,00:00:01,01062024112503,01-Jun-2024 11:25:04,-,False,,,105871490,Mining,INE522F01014,Coal India Limited,2024-06-01 11:25:03,COALINDIA
28-May-2024 17:08:10,,https://nsearchives.nseindia.com/corporate/COALINDIA_28052024170810_revised.pdf,Coal India Limited has informed the Exchange regarding 'Incorporation of Subsidiary Company  Bharat Coal Gasification and Chemicals Limited'.,,,Updates,00:00:01,28052024170810,28-May-2024 17:08:11,-,False,,,105864709,Mining,INE522F01014,Coal India Limited,2024-05-28 17:08:10,COALINDIA
28-May-2024 14:23:31,,https://nsearchives.nseindia.com/corporate/COALINDIA_28052024142331_final.pdf,Coal India Limited has informed the Exchange regarding 'Incorporation of Subsidiary Company  Bharat Coal Gasification and Chemicals Limited'.,,,Updates,00:00:01,28052024142331,28-May-2024 14:23:32,-,False,,,105864173,Mining,INE522F01014,Coal India Limited,2024-05-28 14:23:31,COALINDIA
21-May-2024 17:37:51,,https://nsearchives.nseindia.com/corporate/COALINDIA_21052024173751_cost.pdf,Coal India Limited has informed the Exchange regarding 'Appointment of M/s. R.M. Bansal & Co. as Cost Auditor of CIL (Standalone)'.,,,Updates,00:00:01,21052024173751,21-May-2024 17:37:52,-,False,,,105854978,Mining,INE522F01014,Coal India Limited,2024-05-21 17:37:51,COALINDIA
21-May-2024 14:51:53,,https://nsearchives.nseindia.com/corporate/COALINDIA_21052024145153_Sec.pdf,"Coal India Limited has informed the Exchange regarding 'Appointment of M/s Mehta & Mehta, Practising Company Secretaries as Secretarial Auditors of the Company'.",,,Updates,00:00:01,21052024145153,21-May-2024 14:51:54,-,False,,,105854504,Mining,INE522F01014,Coal India Limited,2024-05-21 14:51:53,COALINDIA
03-May-2024 11:42:59,,https://nsearchives.nseindia.com/corporate/COALINDIA_03052024114259_newspaperfinal.pdf,Coal India Limited has informed the Exchange about Copy of Newspaper Publication,,,Copy of Newspaper Publication,00:00:05,03052024114259,03-May-2024 11:43:04,-,False,,,105833067,Mining,INE522F01014,Coal India Limited,2024-05-03 11:42:59,COALINDIA
02-May-2024 19:02:04,,https://nsearchives.nseindia.com/corporate/COALINDIA_02052024190204_prfinal.pdf,"Coal India Limited has informed the Exchange regarding a press release dated May 02, 2024, titled ""Press release"".",,,Press Release,00:00:05,02052024190204,02-May-2024 19:02:09,-,False,,,105832345,Mining,INE522F01014,Coal India Limited,2024-05-02 19:02:04,COALINDIA
02-May-2024 18:29:57,,https://nsearchives.nseindia.com/corporate/COALINDIA_02052024182957_presentation.pdf,Coal India Limited has informed the Exchange regarding 'Presentation made by Company '.,,,Updates,00:00:06,02052024182957,02-May-2024 18:30:03,-,False,,,105832275,Mining,INE522F01014,Coal India Limited,2024-05-02 18:29:57,COALINDIA
02-May-2024 18:28:02,,https://nsearchives.nseindia.com/corporate/COALINDIA_02052024182802_dividned.pdf,"Coal India Limited has informed the Exchange that Board of Directors at its meeting held on May 02, 2024, recommended Final Dividend of 5 per equity share.",,,Dividend,00:00:05,02052024182802,02-May-2024 18:28:07,-,False,,,105832272,Mining,INE522F01014,Coal India Limited,2024-05-02 18:28:02,COALINDIA
02-May-2024 18:18:06,,https://nsearchives.nseindia.com/corporate/COALINDIA_02052024181806_dividend.pdf,"Coal India Limited has informed the Exchange that Board of Directors at its meeting held on May 02, 2024, recommended Final Dividend of Rs. 5 per equity share.",,,Dividend,00:00:11,02052024181806,02-May-2024 18:18:17,-,False,,,105832249,Mining,INE522F01014,Coal India Limited,2024-05-02 18:18:06,COALINDIA
02-May-2024 18:13:05,,https://nsearchives.nseindia.com/corporate/acctsfinal_02052024181305.pdf,"Coal India Limited has submitted to the Exchange, the financial results for the period ended March 31, 2024.",,,Financial Result Updates,00:00:04,02052024181305,02-May-2024 18:13:09,-,False,,,161331,Mining,INE522F01014,Coal India Limited,2024-05-02 18:13:05,COALINDIA
01-May-2024 13:49:17,,https://nsearchives.nseindia.com/corporate/COALINDIA_01052024134917_prodapr24.pdf,Coal India Limited has informed the Exchange regarding 'Provisional production and offtake performances of CIL and subsidiaries companies  for the month of April 24'.,,,Updates,00:00:05,01052024134917,01-May-2024 13:49:22,-,False,,,105830941,Mining,INE522F01014,Coal India Limited,2024-05-01 13:49:17,COALINDIA
01-May-2024 11:53:18,,https://nsearchives.nseindia.com/corporate/COALINDIA_01052024115318_extension.pdf,Coal India Limited has informed the Exchange regarding 'Extension of services of M/s Alankit Assignments Limited (Registrar & Share Transfer Agent) of Coal India Limited'.,,,Updates,00:00:05,01052024115318,01-May-2024 11:53:23,-,False,,,105830855,Mining,INE522F01014,Coal India Limited,2024-05-01 11:53:18,COALINDIA
19-Apr-2024 15:30:04,,https://nsearchives.nseindia.com/corporate/COALINDIA_19042024153004_final.pdf,Coal India Limited has informed the Exchange about Copy of Newspaper Publication,,,Copy of Newspaper Publication,00:00:08,19042024153004,19-Apr-2024 15:30:12,-,False,,,105819605,Mining,INE522F01014,Coal India Limited,2024-04-19 15:30:04,COALINDIA
16-Apr-2024 12:51:25,,https://nsearchives.nseindia.com/corporate/COALINDIA_16042024125125_pr.pdf,"Coal India Limited has informed the Exchange regarding a press release dated April 16, 2024, titled ""CIL s capex up 6.5% to highest Rs.19,840 Crores in FY 2024"".",,,Press Release,00:00:07,16042024125125,16-Apr-2024 12:51:32,-,False,,,105816506,Mining,INE522F01014,Coal India Limited,2024-04-16 12:51:25,COALINDIA
12-Apr-2024 14:55:33,,https://nsearchives.nseindia.com/corporate/COALINDIA_12042024145533_COALINDIA.pdf,"Seema Grover has Submitted to the Exchange a copy of Disclosure under Regulation 31(4) of the Securities and Exchange Board of India (Substantial Acquisition of Shares and Takeovers) Regulations, 2011.",,,Disclosure under SEBI Takeover Regulations,00:00:10,12042024145533,12-Apr-2024 14:55:43,-,False,,,105813649,Mining,INE522F01014,Coal India Limited,2024-04-12 14:55:33,COALINDIA
09-Apr-2024 14:38:10,,https://nsearchives.nseindia.com/corporate/COALINDIA_09042024143810_revised.pdf,Coal India Limited has informed the Exchange regarding 'Revised Compliance Certificate for the year ended 31st March  2024- Regulation 7(3)'.,,,Updates,00:00:05,09042024143810,09-Apr-2024 14:38:15,-,False,,,105810777,Mining,INE522F01014,Coal India Limited,2024-04-09 14:38:10,COALINDIA
04-Apr-2024 16:27:06,,https://nsearchives.nseindia.com/corporate/COALINDIA_04042024162706_74_5_.pdf,"Coal India Limited has informed the Exchange about Certificate under SEBI (Depositories and Participants) Regulations, 2018",,,"Certificate under SEBI (Depositories and Participants) Regulations, 2018",00:00:05,04042024162706,04-Apr-2024 16:27:11,-,False,,,105806072,Mining,INE522F01014,Coal India Limited,2024-04-04 16:27:06,COALINDIA
01-Apr-2024 14:48:13,,https://nsearchives.nseindia.com/corporate/COALINDIA_01042024144813_pr.pdf,"Coal India Limited has informed the Exchange regarding a press release dated April 01, 2024, titled ""CIL s production grows 10% to 773.6 MTs in FY 2024; Offtake up 8.5%"".",,,Press Release,00:00:06,01042024144813,01-Apr-2024 14:48:19,-,False,,,105802202,Mining,INE522F01014,Coal India Limited,2024-04-01 14:48:13,COALINDIA
01-Apr-2024 14:21:49,,https://nsearchives.nseindia.com/corporate/COALINDIA_01042024142149_prod.pdf,Coal India Limited has informed the Exchange regarding 'Provisional Production and Off-take Performance of CIL and SubsidiaryCompanies for the month of March 24 and for the period Apr  23- March 24'.,,,Updates,00:00:07,01042024142149,01-Apr-2024 14:21:56,-,False,,,105802183,Mining,INE522F01014,Coal India Limited,2024-04-01 14:21:49,COALINDIA
01-Apr-2024 11:05:06,,https://nsearchives.nseindia.com/corporate/COALINDIA_01042024110506_letter.pdf,"Coal India Limited has informed the Exchange regarding 'Disclosure under Regulation 30 of SEBI (Listing Obligations and DisclosureRequirements), Regulations 2015- Change in Senior Management'.",,,Updates,00:00:06,01042024110506,01-Apr-2024 11:05:12,-,False,,,105801752,Mining,INE522F01014,Coal India Limited,2024-04-01 11:05:06,COALINDIA
28-Mar-2024 12:51:32,,https://nsearchives.nseindia.com/corporate/COALINDIA_28032024125132_PR.pdf,"Coal India Limited has informed the Exchange regarding a press release dated March 28, 2024, titled ""CIL s 610.8 MT supply to powersector breaches FY 2024 target"".",,,Press Release,00:00:07,28032024125132,28-Mar-2024 12:51:39,-,False,,,105797051,Mining,INE522F01014,Coal India Limited,2024-03-28 12:51:32,COALINDIA
27-Mar-2024 15:56:05,,https://nsearchives.nseindia.com/corporate/COALINDIA_27032024155605_w.pdf,"Coal India Limited has informed the Exchange regarding the Trading Window closure pursuant to SEBI (Prohibition of Insider Trading) Regulations, 2015",,,Trading Window,00:00:08,27032024155605,27-Mar-2024 15:56:13,-,False,,,105795394,Mining,INE522F01014,Coal India Limited,2024-03-27 15:56:05,COALINDIA
11-Mar-2024 11:51:41,,https://nsearchives.nseindia.com/corporate/COALINDIA_11032024115142_readable.pdf,Coal India Limited has informed the Exchange regarding ''Machine Readable Form / Legible copy of Financial Results for the 3rd Quarter ended 31.12.2023.''.,,,Updates,00:00:05,11032024115141,11-Mar-2024 11:51:46,-,False,,,105780123,Mining,INE522F01014,Coal India Limited,2024-03-11 11:51:41,COALINDIA
10-Mar-2024 18:17:03,,https://nsearchives.nseindia.com/corporate/COALINDIA_10032024181703_MoU.pdf,Coal India Limited has informed the Exchange regarding 'Memorandum of Understanding (MoU) between CIL and Rajasthan Rajya Vidyut Utpadan Nigam Limited (RRVUNL)'.,,,Updates,00:00:05,10032024181703,10-Mar-2024 18:17:08,-,False,,,105779933,Mining,INE522F01014,Coal India Limited,2024-03-10 18:17:03,COALINDIA
01-Mar-2024 15:14:35,,https://nsearchives.nseindia.com/corporate/COALINDIA_01032024151435_finalprod.pdf,Coal India Limited has informed the Exchange regarding 'Provisional Production and Off-take Performance of CIL and SubsidiaryCompanies for the month of Feb 24 and for the period Apr  23- Feb 24'.,,,Updates,00:00:04,01032024151435,01-Mar-2024 15:14:39,-,False,,,105773900,Mining,INE522F01014,Coal India Limited,2024-03-01 15:14:35,COALINDIA
28-Feb-2024 16:08:56,,https://nsearchives.nseindia.com/corporate/COALINDIA_28022024160856_jv.pdf,Coal India Limited has informed the Exchange about Memorandum of Understanding/Agreements,,,Memorandum of Understanding/Agreements,00:00:06,28022024160856,28-Feb-2024 16:09:02,-,False,,,105771626,Mining,INE522F01014,Coal India Limited,2024-02-28 16:08:56,COALINDIA
21-Feb-2024 15:39:42,,https://nsearchives.nseindia.com/corporate/COALINDIA_21022024153942_transript.pdf,Coal India Limited has informed the Exchange about Transcript,,,Analysts/Institutional Investor Meet/Con. Call Updates,00:00:07,21022024153942,21-Feb-2024 15:39:49,-,False,,,105765888,Mining,INE522F01014,Coal India Limited,2024-02-21 15:39:42,COALINDIA
19-Feb-2024 16:18:19,,https://nsearchives.nseindia.com/corporate/COALINDIA_19022024161819_1.pdf,Coal India Limited has informed the Exchange about Link of Recording,,,Analysts/Institutional Investor Meet/Con. Call Updates,00:00:08,19022024161819,19-Feb-2024 16:18:27,-,False,,,105763923,Mining,INE522F01014,Coal India Limited,2024-02-19 16:18:19,COALINDIA
19-Feb-2024 13:32:03,,https://nsearchives.nseindia.com/corporate/COALINDIA_19022024133203_presentation.pdf,Coal India Limited has informed the Exchange about Presentation,,,Analysts/Institutional Investor Meet/Con. Call Updates,00:00:06,19022024133203,19-Feb-2024 13:32:09,-,False,,,105763770,Mining,INE522F01014,Coal India Limited,2024-02-19 13:32:03,COALINDIA
19-Feb-2024 10:33:57,,https://nsearchives.nseindia.com/corporate/COALINDIA_19022024103357_analyst.pdf,Coal India Limited has informed the Exchange about Schedule of meet,,,Analysts/Institutional Investor Meet/Con. Call Updates,00:00:06,19022024103357,19-Feb-2024 10:34:03,-,False,,,105763568,Mining,INE522F01014,Coal India Limited,2024-02-19 10:33:57,COALINDIA
16-Feb-2024 14:48:40,,https://nsearchives.nseindia.com/corporate/COALINDIA_16022024144841_ANALYST.pdf,Coal India Limited has informed the Exchange about Schedule of meet,,,Analysts/Institutional Investor Meet/Con. Call Updates,00:00:06,16022024144840,16-Feb-2024 14:48:46,-,False,,,105762303,Mining,INE522F01014,Coal India Limited,2024-02-16 14:48:40,COALINDIA
15-Feb-2024 15:03:51,,https://nsearchives.nseindia.com/corporate/COALINDIA_15022024150351_pr.pdf,"Coal India Limited has informed the Exchange regarding a press release dated February 15, 2024, titled ""Coal India inks a MoU withHaryana to pave way for PPA"".",,,Press Release,00:00:06,15022024150351,15-Feb-2024 15:03:57,-,False,,,105761045,Mining,INE522F01014,Coal India Limited,2024-02-15 15:03:51,COALINDIA
15-Feb-2024 14:49:53,,https://nsearchives.nseindia.com/corporate/COALINDIA_15022024144953_mou.pdf,Coal India Limited has informed the Exchange regarding 'Coal India inks a MoU with Haryana on 15 Feb 2024 to pave way for PPA'.,,,Updates,00:00:06,15022024144953,15-Feb-2024 14:49:59,-,False,,,105761025,Mining,INE522F01014,Coal India Limited,2024-02-15 14:49:53,COALINDIA
13-Feb-2024 17:55:32,,https://nsearchives.nseindia.com/corporate/COALINDIA_13022024175532_ana.pdf,Coal India Limited has informed the Exchange about Schedule of meet,,,Analysts/Institutional Investor Meet/Con. Call Updates,00:00:06,13022024175532,13-Feb-2024 17:55:38,-,False,,,105758178,Mining,INE522F01014,Coal India Limited,2024-02-13 17:55:32,COALINDIA
13-Feb-2024 16:55:20,,https://nsearchives.nseindia.com/corporate/COALINDIA_13022024165521_tax.pdf,Coal India Limited has informed the Exchange about Copy of Newspaper Publication of Notice to Shareholders for tax on 2nd Interim Dividendfor FY 2023-24,,,Copy of Newspaper Publication,00:00:16,13022024165520,13-Feb-2024 16:55:36,-,False,,,105757989,Mining,INE522F01014,Coal India Limited,2024-02-13 16:55:20,COALINDIA
13-Feb-2024 15:40:59,,https://nsearchives.nseindia.com/corporate/COALINDIA_13022024154100_financial.pdf,Coal India Limited has informed the Exchange about Copy of Newspaper Publication of Un-Audited Financial Results of Coal India Limited(Standalone & Consolidated) for the 3rd Quarter and Nine months ended 31st Dec  2023.,,,Copy of Newspaper Publication,00:00:05,13022024154059,13-Feb-2024 15:41:04,-,False,,,105757825,Mining,INE522F01014,Coal India Limited,2024-02-13 15:40:59,COALINDIA
13-Feb-2024 14:03:56,,https://nsearchives.nseindia.com/corporate/COALINDIA_13022024140356_s.pdf,Coal India Limited has informed the Exchange regarding 'Strike Notice for observing one day All India Strike in entire CIL /Subsidiaries on 16.02.2024 from CTUs - HMS / AITUC / INMF (INTUC) /CITU-Reg'.,,,Updates,00:00:11,13022024140356,13-Feb-2024 14:04:07,-,False,,,105757648,Mining,INE522F01014,Coal India Limited,2024-02-13 14:03:56,COALINDIA
13-Feb-2024 13:23:54,,https://nsearchives.nseindia.com/corporate/COALINDIA_13022024132354_cfo.pdf,Coal India Limited has informed the Exchange about change in Management,,,Change in Management,00:00:07,13022024132354,13-Feb-2024 13:24:01,-,False,,,105757590,Mining,INE522F01014,Coal India Limited,2024-02-13 13:23:54,COALINDIA
12-Feb-2024 19:05:16,,https://nsearchives.nseindia.com/corporate/COALINDIA_12022024190516_presentation.pdf,Coal India Limited has informed the Exchange regarding 'Presentation made by Company'.,,,Updates,00:00:07,12022024190516,12-Feb-2024 19:05:23,-,False,,,105756748,Mining,INE522F01014,Coal India Limited,2024-02-12 19:05:16,COALINDIA
12-Feb-2024 19:02:41,,https://nsearchives.nseindia.com/corporate/COALINDIA_12022024190241_pressrelease.pdf,"Coal India Limited has informed the Exchange regarding a press release dated February 12, 2024, titled ""Press Release-Coal India s PAT up 18% Y-o-Yto Rs. 9,094 Crs in Q3 FY 2024"".",,,Press Release,00:00:05,12022024190241,12-Feb-2024 19:02:46,-,False,,,105756743,Mining,INE522F01014,Coal India Limited,2024-02-12 19:02:41,COALINDIA
12-Feb-2024 18:59:55,,https://nsearchives.nseindia.com/corporate/COALINDIA_12022024185955_accountingpolicy.pdf,Coal India Limited has informed the Exchange regarding 'Disclosure on change in policy on stripping activity'.,,,Updates,00:00:06,12022024185955,12-Feb-2024 19:00:01,-,False,,,105756736,Mining,INE522F01014,Coal India Limited,2024-02-12 18:59:55,COALINDIA
12-Feb-2024 18:57:03,,https://nsearchives.nseindia.com/corporate/COALINDIA_12022024185703_dividend.pdf,"Coal India Limited has informed the Exchange that Board of Directors at its meeting held on February 12, 2024, declared Interim Dividend of 5.25 per equity share.",,,Dividend,00:00:05,12022024185703,12-Feb-2024 18:57:08,-,False,,,105756731,Mining,INE522F01014,Coal India Limited,2024-02-12 18:57:03,COALINDIA
12-Feb-2024 18:52:14,,https://nsearchives.nseindia.com/corporate/acct_12022024185214.pdf,"Coal India Limited has submitted to the Exchange, the financial results for the period ended December 31, 2023.",,,Financial Result Updates,00:00:05,12022024185214,12-Feb-2024 18:52:19,-,False,,,160493,Mining,INE522F01014,Coal India Limited,2024-02-12 18:52:14,COALINDIA
08-Feb-2024 14:29:26,,https://nsearchives.nseindia.com/corporate/COALINDIA_08022024142926_letter.pdf,Coal India Limited has informed the Exchange regarding Change in Director(s) of the company.,,,Change in Director(s),00:00:07,08022024142926,08-Feb-2024 14:29:33,-,False,,,105751924,Mining,INE522F01014,Coal India Limited,2024-02-08 14:29:26,COALINDIA
02-Feb-2024 14:07:39,,https://nsearchives.nseindia.com/corporate/COALINDIA_02022024140739_pressrelease.pdf,"Coal India Limited has informed the Exchange regarding 'Press Release-CIL sets new high inproduction, off-take and supplies to TPPs in January 2024'.",,,Updates,00:00:05,02022024140739,02-Feb-2024 14:07:44,-,False,,,105744333,Mining,INE522F01014,Coal India Limited,2024-02-02 14:07:39,COALINDIA
01-Feb-2024 14:13:09,,https://nsearchives.nseindia.com/corporate/COALINDIA_01022024141310_production1224.pdf,Coal India Limited has informed the Exchange regarding 'Provisional Production and Off-take Performance of CIL and Subsidiary Companies for the month of Jan 24 and for the period Apr  23- Jan 24'.,,,Updates,00:00:07,01022024141309,01-Feb-2024 14:13:16,-,False,,,105742357,Mining,INE522F01014,Coal India Limited,2024-02-01 14:13:09,COALINDIA
01-Feb-2024 09:39:58,,https://nsearchives.nseindia.com/corporate/COALINDIA_01022024093959_notice.pdf,Coal India Limited has informed the Exchange that Record date for the purpose of Dividend  is 20-Feb-2024.,,,Record Date,00:00:06,01022024093958,01-Feb-2024 09:40:04,-,False,,,105741912,Mining,INE522F01014,Coal India Limited,2024-02-01 09:39:58,COALINDIA
31-Jan-2024 14:57:28,,https://nsearchives.nseindia.com/corporate/COALINDIA_31012024145729_newspaper.pdf,Coal India Limited has informed the Exchange regarding 'Newspaper publication of Notice of Board meeting'.,,,Updates,00:00:34,31012024145728,31-Jan-2024 14:58:02,-,False,,,105740676,Mining,INE522F01014,Coal India Limited,2024-01-31 14:57:28,COALINDIA
25-Jan-2024 18:35:45,,https://nsearchives.nseindia.com/corporate/COALINDIA_25012024183546_solar.pdf,Coal India Limited has informed the Exchange regarding 'CIL emerged as successful bidder i.r.o Solar Power Project'.,,,Updates,00:00:06,25012024183545,25-Jan-2024 18:35:51,-,False,,,105736191,Mining,INE522F01014,Coal India Limited,2024-01-25 18:35:45,COALINDIA
15-Jan-2024 11:53:08,,https://nsearchives.nseindia.com/corporate/COALINDIA_15012024115308_lco.pdf,Coal India Limited has informed the Exchange regarding 'Intimation regarding conversion of Statutory Auditors Firm    Lodha & Co  to  Lodha & Co LLP '.,,,Updates,00:00:06,15012024115308,15-Jan-2024 11:53:14,-,False,,,105725223,Mining,INE522F01014,Coal India Limited,2024-01-15 11:53:08,COALINDIA
09-Jan-2024 11:36:07,,https://nsearchives.nseindia.com/corporate/COALINDIA_09012024113607_pressrelease.pdf,"Coal India Limited has informed the Exchange regarding a press release dated January 09, 2024, titled ""CIL extends FSA tenure to 10years for NRS; Sponge Iron units respond well in tranche -VI"".",,,Press Release,00:00:04,09012024113607,09-Jan-2024 11:36:11,-,False,,,105719811,Mining,INE522F01014,Coal India Limited,2024-01-09 11:36:07,COALINDIA
05-Jan-2024 17:23:08,,https://nsearchives.nseindia.com/corporate/COALINDIA_05012024172308_74.pdf,"Coal India Limited has informed the Exchange about Certificate under SEBI (Depositories and Participants) Regulations, 2018",,,"Certificate under SEBI (Depositories and Participants) Regulations, 2018",00:00:10,05012024172308,05-Jan-2024 17:23:18,-,False,,,105717077,Mining,INE522F01014,Coal India Limited,2024-01-05 17:23:08,COALINDIA
02-Jan-2024 15:48:33,,https://nsearchives.nseindia.com/corporate/COALINDIA_02012024154833_Pressrelease.pdf,"Coal India Limited has informed the Exchange regarding a press release dated January 02, 2024, titled ""Press Release-CIL s supplies to NRS hit all-time high of 98 MTs ending Dec  FY 2024"".",,,Press Release,00:00:07,02012024154833,02-Jan-2024 15:48:40,-,False,,,105713714,Mining,INE522F01014,Coal India Limited,2024-01-02 15:48:33,COALINDIA
01-Jan-2024 21:12:53,,https://nsearchives.nseindia.com/corporate/COALINDIA_01012024211253_prod0101.pdf,Coal India Limited has informed the Exchange regarding 'Provisional Production and Off-take Performance of CIL and its Subsidiary Companies for the month of Dec 23 and for the period Apr  23- Dec 23.'.,,,Updates,00:00:06,01012024211253,01-Jan-2024 21:12:59,-,False,,,105712964,Mining,INE522F01014,Coal India Limited,2024-01-01 21:12:53,COALINDIA
01-Jan-2024 11:23:47,,https://nsearchives.nseindia.com/corporate/COALINDIA_01012024112347_rakesh.pdf,"Coal India Limited has informed the Exchange regarding 'Disclosure under Regulation 30 of SEBI (Listing Obligations and Disclosure            Requirements), Regulations 2015- Change in Senior Management'.",,,Updates,00:00:04,01012024112347,01-Jan-2024 11:23:51,-,False,,,105712371,Mining,INE522F01014,Coal India Limited,2024-01-01 11:23:47,COALINDIA
22-Dec-2023 17:14:12,,https://nsearchives.nseindia.com/corporate/COALINDIA_22122023171412_Tradingwindoclosure.pdf,"Coal India Limited has informed the Exchange regarding the Trading Window closure pursuant to SEBI (Prohibition of Insider Trading) Regulations, 2015",,,Trading Window,00:00:14,22122023171412,22-Dec-2023 17:14:26,-,False,,,105703655,Mining,INE522F01014,Coal India Limited,2023-12-22 17:14:12,COALINDIA
14-Dec-2023 16:32:23,,https://nsearchives.nseindia.com/corporate/COALINDIA_14122023163223_news1412.pdf,Coal India Limited has informed the Exchange about Copy of Newspaper Publication,,,Copy of Newspaper Publication,00:00:06,14122023163223,14-Dec-2023 16:32:29,-,False,,,105696900,Mining,INE522F01014,Coal India Limited,2023-12-14 16:32:23,COALINDIA
12-Dec-2023 16:36:56,,https://nsearchives.nseindia.com/corporate/COALINDIA_12122023163656_ResultsSep23.pdf,Coal India Limited has informed the Exchange regarding 'Machine Readable Form / Legible copy of Financial Results for the 2nd Quarter and half year ended 30.09.2023.'.,,,Updates,00:00:06,12122023163656,12-Dec-2023 16:37:02,-,False,,,105694790,Mining,INE522F01014,Coal India Limited,2023-12-12 16:36:56,COALINDIA
12-Dec-2023 13:02:49,,https://nsearchives.nseindia.com/corporate/COALINDIA_12122023130249_Press.pdf,"Coal India Limited has informed the Exchange regarding a press release dated December 12, 2023, titled ""Press Release-CIL s capex grows Rs.741 Crs to Rs. 10,492 Crs in Apr-Nov FY 24"".",,,Press Release,00:00:06,12122023130249,12-Dec-2023 13:02:55,-,False,,,105694615,Mining,INE522F01014,Coal India Limited,2023-12-12 13:02:49,COALINDIA
01-Dec-2023 13:56:17,,https://nsearchives.nseindia.com/corporate/COALINDIA_01122023135617_pressrelease.pdf,Coal India Limited has informed the Exchange regarding 'Press Release-CIL output up 11.5% to 460 MTtill Nov  FY 2024'.,,,Updates,00:00:06,01122023135617,01-Dec-2023 13:56:23,-,False,,,105687642,Mining,INE522F01014,Coal India Limited,2023-12-01 13:56:17,COALINDIA
01-Dec-2023 13:38:56,,https://nsearchives.nseindia.com/corporate/COALINDIA_01122023133856_production.pdf,Coal India Limited has informed the Exchange regarding 'Provisional Production and Off-take Performance of CIL and SubsidiaryCompanies for the month of Nov 23 and for the period Apr  23- Nov 23'.,,,Updates,00:00:07,01122023133856,01-Dec-2023 13:39:03,-,False,,,105687629,Mining,INE522F01014,Coal India Limited,2023-12-01 13:38:56,COALINDIA
01-Dec-2023 10:47:23,,https://nsearchives.nseindia.com/corporate/COALINDIA_01122023104723_pdf.pdf,"Coal India Limited has informed the Exchange regarding 'Disclosure under Regulation 30 of SEBI (Listing Obligations and Disclosure            Requirements), Regulations 2015- Change in Senior Management'.",,,Updates,00:00:07,01122023104723,01-Dec-2023 10:47:30,-,False,,,105687440,Mining,INE522F01014,Coal India Limited,2023-12-01 10:47:23,COALINDIA
23-Nov-2023 11:55:21,,https://nsearchives.nseindia.com/corporate/COALINDIA_23112023115521_final.pdf,Coal India Limited has informed the Exchange about Transcript,,,Analysts/Institutional Investor Meet/Con. Call Updates,00:00:12,23112023115521,23-Nov-2023 11:55:33,-,False,,,105682130,Mining,INE522F01014,Coal India Limited,2023-11-23 11:55:21,COALINDIA
22-Nov-2023 11:28:43,,https://nsearchives.nseindia.com/corporate/COALINDIA_22112023112843_audio.pdf,Coal India Limited has informed the Exchange about Link of Recording,,,Analysts/Institutional Investor Meet/Con. Call Updates,00:00:12,22112023112843,22-Nov-2023 11:28:55,-,False,,,105681154,Mining,INE522F01014,Coal India Limited,2023-11-22 11:28:43,COALINDIA
20-Nov-2023 16:39:10,,https://nsearchives.nseindia.com/corporate/COALINDIA_20112023163910_presentationfinal.pdf,Coal India Limited has informed the Exchange about Presentation,,,Analysts/Institutional Investor Meet/Con. Call Updates,00:00:06,20112023163910,20-Nov-2023 16:39:16,-,False,,,105679448,Mining,INE522F01014,Coal India Limited,2023-11-20 16:39:10,COALINDIA
20-Nov-2023 12:41:45,,https://nsearchives.nseindia.com/corporate/COALINDIA_20112023124145_analyst2011.pdf,Coal India Limited has informed the Exchange about Schedule of meet,,,Analysts/Institutional Investor Meet/Con. Call Updates,00:00:10,20112023124145,20-Nov-2023 12:41:55,-,False,,,105679351,Mining,INE522F01014,Coal India Limited,2023-11-20 12:41:45,COALINDIA
17-Nov-2023 15:16:40,,https://nsearchives.nseindia.com/corporate/COALINDIA_17112023151640_revisedanalyst.pdf,Coal India Limited has informed the Exchange about Schedule of meet,,,Analysts/Institutional Investor Meet/Con. Call Updates,00:00:06,17112023151640,17-Nov-2023 15:16:46,-,False,,,105678321,Mining,INE522F01014,Coal India Limited,2023-11-17 15:16:40,COALINDIA
16-Nov-2023 12:22:26,,https://nsearchives.nseindia.com/corporate/COALINDIA_16112023122226_analyst.pdf,Coal India Limited has informed the Exchange about Schedule of meet,,,Analysts/Institutional Investor Meet/Con. Call Updates,00:00:13,16112023122226,16-Nov-2023 12:22:39,-,False,,,105677220,Mining,INE522F01014,Coal India Limited,2023-11-16 12:22:26,COALINDIA
11-Nov-2023 15:29:39,,https://nsearchives.nseindia.com/corporate/COALINDIA_11112023152939_newspaper2.pdf,Coal India Limited has informed the Exchange about Copy of Newspaper Publication,,,Copy of Newspaper Publication,00:00:07,11112023152939,11-Nov-2023 15:29:46,-,False,,,105674469,Mining,INE522F01014,Coal India Limited,2023-11-11 15:29:39,COALINDIA
11-Nov-2023 15:23:29,,https://nsearchives.nseindia.com/corporate/COALINDIA_11112023152330_newspaper1.pdf,Coal India Limited has informed the Exchange about Copy of Newspaper Publication,,,Copy of Newspaper Publication,00:00:08,11112023152329,11-Nov-2023 15:23:37,-,False,,,105674464,Mining,INE522F01014,Coal India Limited,2023-11-11 15:23:29,COALINDIA
10-Nov-2023 17:27:59,,https://nsearchives.nseindia.com/corporate/COALINDIA_10112023172759_finalpresenatation.pdf,Coal India Limited has informed the Exchange regarding 'Presentation made by Company '.,,,Updates,00:00:38,10112023172759,10-Nov-2023 17:28:37,-,False,,,105673506,Mining,INE522F01014,Coal India Limited,2023-11-10 17:27:59,COALINDIA
10-Nov-2023 17:02:24,,https://nsearchives.nseindia.com/corporate/COALINDIA_10112023170225_finalpresenatation.pdf,Coal India Limited has informed the Exchange regarding 'Presentation made by Company '.,,,Updates,00:00:10,10112023170224,10-Nov-2023 17:02:34,-,False,,,105673411,Mining,INE522F01014,Coal India Limited,2023-11-10 17:02:24,COALINDIA
10-Nov-2023 16:37:28,,https://nsearchives.nseindia.com/corporate/COALINDIA_10112023163728_dividend.pdf,"Coal India Limited has informed the Exchange that Board of Directors at its meeting held on November 10, 2023, declared Interim Dividend of 15.25 per equity share.",,,Dividend,00:00:14,10112023163728,10-Nov-2023 16:37:42,-,False,,,105673326,Mining,INE522F01014,Coal India Limited,2023-11-10 16:37:28,COALINDIA
10-Nov-2023 16:34:14,,https://nsearchives.nseindia.com/corporate/finalacct_10112023163414.pdf,"Coal India Limited has submitted to the Exchange, the financial results for the period ended September 30, 2023.",,,Financial Result Updates,00:00:14,10112023163414,10-Nov-2023 16:34:28,-,False,,,158524,Mining,INE522F01014,Coal India Limited,2023-11-10 16:34:14,COALINDIA
08-Nov-2023 11:13:17,,https://nsearchives.nseindia.com/corporate/COALINDIA_08112023111318_aaditionalchargeDF.pdf,Coal India Limited has informed the Exchange regarding Change in Director(s) of the company.,,,Change in Director(s),00:00:15,08112023111317,08-Nov-2023 11:13:32,-,False,,,105668955,Mining,INE522F01014,Coal India Limited,2023-11-08 11:13:17,COALINDIA
02-Nov-2023 11:48:12,,https://nsearchives.nseindia.com/corporate/COALINDIA_02112023114812_pressrelease0211.pdf,"Coal India Limited has informed the Exchange regarding a press release dated November 02, 2023, titled ""Press Release-CIL s output increases by 42 MTs in Apr-Oct FY 2024; Logs 15% growth in Oct"".",,,Press Release,00:00:12,02112023114812,02-Nov-2023 11:48:24,-,False,,,105661901,Mining,INE522F01014,Coal India Limited,2023-11-02 11:48:12,COALINDIA
02-Nov-2023 11:44:26,,https://nsearchives.nseindia.com/corporate/COALINDIA_02112023114426_prod211.pdf,Coal India Limited has informed the Exchange regarding 'Provisional Production and Off-take Performance of CIL and Subsidiary Companies for the month of Oct 23 and for the period Apr  23- Oct 23'.,,,Updates,00:00:09,02112023114426,02-Nov-2023 11:44:35,-,False,,,105661895,Mining,INE522F01014,Coal India Limited,2023-11-02 11:44:26,COALINDIA
01-Nov-2023 10:57:29,,https://nsearchives.nseindia.com/corporate/COALINDIA_01112023105729_PDF.pdf,"Coal India Limited has informed the Exchange regarding 'Disclosure under Regulation 30 of SEBI (Listing Obligations and Disclosure Requirements), Regulations 2015- Change in Senior Management'.",,,Updates,00:00:05,01112023105729,01-Nov-2023 10:57:34,-,False,,,105660201,Mining,INE522F01014,Coal India Limited,2023-11-01 10:57:29,COALINDIA
20-Oct-2023 16:08:05,,https://nsearchives.nseindia.com/corporate/COALINDIA_20102023160805_news2010.pdf,Coal India Limited has informed the Exchange about Copy of Newspaper Publication,,,Copy of Newspaper Publication,00:00:05,20102023160805,20-Oct-2023 16:08:10,-,False,,,105649826,Mining,INE522F01014,Coal India Limited,2023-10-20 16:08:05,COALINDIA
18-Oct-2023 16:20:29,,https://nsearchives.nseindia.com/corporate/COALINDIA_18102023162029_recorddate.pdf,Coal India Limited has informed the Exchange that Record date for the purpose of Dividend  is 21-Nov-2023.,,,Record Date,00:00:08,18102023162029,18-Oct-2023 16:20:37,-,False,,,105647537,Mining,INE522F01014,Coal India Limited,2023-10-18 16:20:29,COALINDIA
16-Oct-2023 15:57:07,,https://nsearchives.nseindia.com/corporate/COALINDIA_16102023155707_final16th.pdf,"Coal India Limited has informed the Exchange regarding a press release dated October 16, 2023, titled ""CIL s off-take to power sector ahead of the commitment till 15 Oct FY 2024"".",,,Press Release,00:00:04,16102023155707,16-Oct-2023 15:57:11,-,False,,,105645100,Mining,INE522F01014,Coal India Limited,2023-10-16 15:57:07,COALINDIA
11-Oct-2023 12:51:42,,https://nsearchives.nseindia.com/corporate/COALINDIA_11102023125142_strike.pdf,Coal India Limited has informed the Exchange about strikes/lockouts/disturbances,,,Strikes/Lockouts/Disturbances,00:00:07,11102023125142,11-Oct-2023 12:51:49,-,False,,,105641402,Mining,INE522F01014,Coal India Limited,2023-10-11 12:51:42,COALINDIA
06-Oct-2023 15:59:36,,https://nsearchives.nseindia.com/corporate/COALINDIA_06102023155937_Reg74.pdf,"Coal India Limited has informed the Exchange about Certificate under SEBI (Depositories and Participants) Regulations, 2018",,,"Certificate under SEBI (Depositories and Participants) Regulations, 2018",00:00:07,06102023155936,06-Oct-2023 15:59:43,-,False,,,105637685,Mining,INE522F01014,Coal India Limited,2023-10-06 15:59:36,COALINDIA
02-Oct-2023 15:10:23,,https://nsearchives.nseindia.com/corporate/COALINDIA_02102023151023_pressrelease02102023.pdf,"Coal India Limited has informed the Exchange regarding a press release dated October 02, 2023, titled ""CIL s output up 11.3% in H1 FY2024; supplies to power plants surge by 10 MTs"".",,,Press Release,00:00:05,02102023151023,02-Oct-2023 15:10:28,-,False,,,105633917,Mining,INE522F01014,Coal India Limited,2023-10-02 15:10:23,COALINDIA
02-Oct-2023 11:21:36,,https://nsearchives.nseindia.com/corporate/COALINDIA_02102023112136_Production02102023.pdf,Coal India Limited has informed the Exchange regarding 'Provisional Production and Off-take Performance of CIL and Subsidiary Companies for the month of Sep 23 and for the period Apr  23- Sep 23'.,,,Updates,00:00:10,02102023112136,02-Oct-2023 11:21:46,-,False,,,105633839,Mining,INE522F01014,Coal India Limited,2023-10-02 11:21:36,COALINDIA
27-Sep-2023 16:11:43,,https://nsearchives.nseindia.com/corporate/COALINDIA_27092023161143_Revisedstrike.pdf,Coal India Limited has informed the Exchange about strikes/lockouts/disturbances,,,Strikes/Lockouts/Disturbances,00:00:03,27092023161143,27-Sep-2023 16:11:46,-,False,,,105628110,Mining,INE522F01014,Coal India Limited,2023-09-27 16:11:43,COALINDIA
25-Sep-2023 16:03:28,,https://nsearchives.nseindia.com/corporate/COALINDIA_25092023160328_Trading2.pdf,"Coal India Limited has informed the Exchange regarding the Trading Window closure pursuant to SEBI (Prohibition of Insider Trading) Regulations, 2015",,,Trading Window,00:00:04,25092023160328,25-Sep-2023 16:03:32,-,False,,,105625579,Mining,INE522F01014,Coal India Limited,2023-09-25 16:03:28,COALINDIA
20-Sep-2023 14:43:22,,https://nsearchives.nseindia.com/corporate/COALINDIA_20092023144323_Strike.pdf,Coal India Limited has informed the Exchange about strikes/lockouts/disturbances,,,Strikes/Lockouts/Disturbances,00:00:11,20092023144322,20-Sep-2023 14:43:33,-,False,,,105622036,Mining,INE522F01014,Coal India Limited,2023-09-20 14:43:22,COALINDIA
19-Sep-2023 17:23:03,,https://nsearchives.nseindia.com/corporate/COALINDIA_19092023172303_statauditor.pdf,"Coal India Limited has informed the Exchange regarding 'Revised brief profile of M/s Lodha & Co, Kolkata appointed as Statutory Auditor of CIL for the FY 2023-24.'.",,,Updates,00:00:04,19092023172303,19-Sep-2023 17:23:07,-,False,,,105621609,Mining,INE522F01014,Coal India Limited,2023-09-19 17:23:03,COALINDIA
19-Sep-2023 11:52:34,,https://nsearchives.nseindia.com/corporate/COALINDIA_19092023115234_Statauditor19092023.pdf,"Coal India Limited has informed the Exchange regarding 'Appointment of M/s Lodha & Co, Kolkata as Statutory Auditor for the year 2023-24'.",,,Updates,00:00:04,19092023115234,19-Sep-2023 11:52:38,-,False,,,105621444,Mining,INE522F01014,Coal India Limited,2023-09-19 11:52:34,COALINDIA
01-Sep-2023 16:15:15,,https://nsearchives.nseindia.com/corporate/COALINDIA_01092023161515_press01092023.pdf,"Coal India Limited has informed the Exchange regarding a press release dated September 01, 2023, titled ""CIL logs 15.3% supply growth in August 23; output rises 13.2%"".",,,Press Release,00:00:03,01092023161515,01-Sep-2023 16:15:18,-,False,,,105606661,Mining,INE522F01014,Coal India Limited,2023-09-01 16:15:15,COALINDIA
01-Sep-2023 14:37:31,,https://nsearchives.nseindia.com/corporate/COALINDIA_01092023143731_aug23.pdf,Coal India Limited has informed the Exchange regarding 'Provisional Production and Off-take Performance of CIL and its Subsidiary Companies for the month of Aug 23 and for the period Apr  23- Aug 23'.,,,Updates,00:00:06,01092023143731,01-Sep-2023 14:37:37,-,False,,,105606524,Mining,INE522F01014,Coal India Limited,2023-09-01 14:37:31,COALINDIA
25-Aug-2023 11:41:35,,https://nsearchives.nseindia.com/corporate/COALINDIA_25082023114135_recording.pdf,Coal India Limited has informed the Exchange regarding 'Recording of 49th AGM of Coal India Limited held on 23rd August  2023 '.,,,Updates,00:00:14,25082023114135,25-Aug-2023 11:41:49,-,False,,,105599424,Mining,INE522F01014,Coal India Limited,2023-08-25 11:41:35,COALINDIA
25-Aug-2023 10:42:31,,https://nsearchives.nseindia.com/corporate/COALINDIA_25082023104231_resultagm.pdf,"Coal India Limited has submitted the Exchange a copy Srutinizers report of  Annual General Meeting held on August 23, 2023. Further, the company has informed the Exchange regarding voting results.",,,Shareholders meeting,00:00:14,25082023104231,25-Aug-2023 10:42:45,-,False,,,105599380,Mining,INE522F01014,Coal India Limited,2023-08-25 10:42:31,COALINDIA
24-Aug-2023 15:08:01,,https://nsearchives.nseindia.com/corporate/COALINDIA_24082023150801_newspaper24082023.pdf,Coal India Limited has informed the Exchange about Copy of Newspaper Publication of Chairman's speech at 49th AGM of CIL,,,Copy of Newspaper Publication,00:00:03,24082023150801,24-Aug-2023 15:08:04,-,False,,,105598591,Mining,INE522F01014,Coal India Limited,2023-08-24 15:08:01,COALINDIA
23-Aug-2023 14:28:53,,https://nsearchives.nseindia.com/corporate/COALINDIA_23082023142853_AGMproceedings.pdf,"Coal India Limited has informed the Exchange regarding Proceedings of Annual General Meeting held on August 23, 2023",,,Shareholders meeting,00:00:07,23082023142853,23-Aug-2023 14:29:00,-,False,,,105597407,Mining,INE522F01014,Coal India Limited,2023-08-23 14:28:53,COALINDIA
16-Aug-2023 12:39:28,,https://nsearchives.nseindia.com/corporate/COALINDIA_16082023123928_press1608.pdf,"Coal India Limited has informed the Exchange regarding a press release dated August 16, 2023, titled ""press Release"".",,,Press Release,00:00:09,16082023123928,16-Aug-2023 12:39:37,-,False,,,105591242,Mining,INE522F01014,Coal India Limited,2023-08-16 12:39:28,COALINDIA
09-Aug-2023 13:10:08,,https://nsearchives.nseindia.com/corporate/COALINDIA_09082023131008_Newspaperpublication.pdf,Coal India Limited has informed the Exchange about Copy of Newspaper Publication,,,Copy of Newspaper Publication,00:00:17,09082023131008,09-Aug-2023 13:10:25,-,False,,,105582553,Mining,INE522F01014,Coal India Limited,2023-08-09 13:10:08,COALINDIA
08-Aug-2023 17:27:41,,https://nsearchives.nseindia.com/corporate/final30062028_08082023172741.pdf,"Coal India Limited has submitted to the Exchange, the financial results for the period ended June 30, 2023.",,,Financial Result Updates,00:00:12,08082023172741,08-Aug-2023 17:27:53,-,False,,,155541,Mining,INE522F01014,Coal India Limited,2023-08-08 17:27:41,COALINDIA
03-Aug-2023 14:28:27,,https://nsearchives.nseindia.com/corporate/COALINDIA_03082023142827_03082023.pdf,Coal India Limited has informed the Exchange about Copy of Newspaper Publication,,,Copy of Newspaper Publication,00:00:13,03082023142827,03-Aug-2023 14:28:40,-,False,,,105575593,Mining,INE522F01014,Coal India Limited,2023-08-03 14:28:27,COALINDIA
01-Aug-2023 11:22:02,,https://nsearchives.nseindia.com/corporate/COALINDIA_01082023112202_pressreleasefinal.pdf,"Coal India Limited has informed the Exchange regarding a press release dated August 01, 2023, titled ""Press Release: CIL s production up 13.4% in July 23; supplies to NPS grow 59% "".",,,Press Release,00:00:16,01082023112202,01-Aug-2023 11:22:18,-,False,,,105572276,Mining,INE522F01014,Coal India Limited,2023-08-01 11:22:02,COALINDIA
01-Aug-2023 11:12:21,,https://nsearchives.nseindia.com/corporate/COALINDIA_01082023111221_productionfinal.pdf,Coal India Limited has informed the Exchange regarding 'Provisional Production and Off-take Performance of CIL and Subsidiary Companies for the month of  July 23 and for the period Apr  23- July 23'.,,,Updates,00:00:13,01082023111221,01-Aug-2023 11:12:34,-,False,,,105572265,Mining,INE522F01014,Coal India Limited,2023-08-01 11:12:21,COALINDIA
26-Jul-2023 14:43:29,,https://nsearchives.nseindia.com/corporate/COALINDIA_26072023144329_preagmnotice.pdf,Coal India Limited has informed the Exchange about Copy of Newspaper Publication of Pre AGM Notice,,,Copy of Newspaper Publication,00:00:07,26072023144329,26-Jul-2023 14:43:36,-,False,,,105566156,Mining,INE522F01014,Coal India Limited,2023-07-26 14:43:29,COALINDIA
24-Jul-2023 16:33:46,,https://nsearchives.nseindia.com/corporate/COALINDIA_24072023163346_recorddate.pdf,Coal India Limited has informed the Exchange that Record date for the purpose of Dividend  is 18-Aug-2023.,,,Record Date,00:00:08,24072023163346,24-Jul-2023 16:33:54,-,False,,,105563905,Mining,INE522F01014,Coal India Limited,2023-07-24 16:33:46,COALINDIA
20-Jul-2023 16:12:29,,https://nsearchives.nseindia.com/corporate/COALINDIA_20072023161229_lossofsharecertificatensebse.pdf,Coal India Limited has informed the Exchange about Loss of Share Certificates,,,Loss of Share Certificates,00:00:07,20072023161229,20-Jul-2023 16:12:36,-,False,,,105561012,Mining,INE522F01014,Coal India Limited,2023-07-20 16:12:29,COALINDIA
10-Jul-2023 11:34:36,,https://nsearchives.nseindia.com/corporate/COALINDIA_10072023113436_74.pdf,"Coal India Limited has informed the Exchange about Certificate under SEBI (Depositories and Participants) Regulations, 2018",,,"Certificate under SEBI (Depositories and Participants) Regulations, 2018",00:00:15,10072023113436,10-Jul-2023 11:34:51,-,False,,,105550757,Mining,INE522F01014,Coal India Limited,2023-07-10 11:34:36,COALINDIA
07-Jul-2023 17:26:24,,https://nsearchives.nseindia.com/corporate/COALINDIA_07072023172625_07072023.pdf,"Coal India Limited has informed the Exchange regarding 'Offer for sale of equity shares of face value of Rs 10 each to the eligible employees of Coal India Limited (the Company) by its promoter, the President of India, acting through the Ministry of Coal, Government of India (the Seller) as per the approval of the Government of India through Alternative Mechanism dated May 31, 2023 (Employee OFS)'.",,,Updates,00:00:07,07072023172624,07-Jul-2023 17:26:31,-,False,,,105549569,Mining,INE522F01014,Coal India Limited,2023-07-07 17:26:24,COALINDIA
01-Jul-2023 13:41:02,,https://nsearchives.nseindia.com/corporate/COALINDIA_01072023134102_press0107.pdf,"Coal India Limited has informed the Exchange regarding a press release dated July 01, 2023, titled ""CIL to give its best shot at 780 MT output target: CIL s new Chief, Mr. P M Prasad"".",,,Press Release,00:00:08,01072023134102,01-Jul-2023 13:41:10,-,False,,,105544397,Mining,INE522F01014,Coal India Limited,2023-07-01 13:41:02,COALINDIA
01-Jul-2023 13:31:07,,https://nsearchives.nseindia.com/corporate/COALINDIA_01072023133107_prod0107.pdf,Coal India Limited has informed the Exchange regarding 'Provisional Production and Off-take Performance of CIL and Subsidiary Companiesfor the month of June 23 and for the period Apr 23- June 23'.,,,Updates,00:00:18,01072023133107,01-Jul-2023 13:31:25,-,False,,,105544389,Mining,INE522F01014,Coal India Limited,2023-07-01 13:31:07,COALINDIA
01-Jul-2023 12:45:50,,https://nsearchives.nseindia.com/corporate/COALINDIA_01072023124550_pmprasad.pdf,Coal India Limited has informed the Exchange regarding Change in Director(s) of the company.,,,Change in Director(s),00:00:07,01072023124550,01-Jul-2023 12:45:57,-,False,,,105544359,Mining,INE522F01014,Coal India Limited,2023-07-01 12:45:50,COALINDIA
23-Jun-2023 15:14:25,,https://nsearchives.nseindia.com/corporate/COALINDIA_23062023151425_insidertrading.pdf,"Coal India Limited has informed the Exchange regarding the Trading Window closure pursuant to SEBI (Prohibition of Insider Trading) Regulations, 2015",,,Trading Window,00:00:03,23062023151425,23-Jun-2023 15:14:28,-,False,,,105537303,Mining,INE522F01014,Coal India Limited,2023-06-23 15:14:25,COALINDIA
19-Jun-2023 10:55:54,,https://nsearchives.nseindia.com/corporate/COALINDIA_19062023105554_ofs.pdf,"Coal India Limited has informed the Exchange regarding Offer for sale of equity shares of face value of Rs 10 each to the eligible employees of Coal India Limited (the Company) by its promoter, the President of India, acting through the Ministry of Coal, Government of India (the Seller) as per the approval of the Government of India through Alternative Mechanism dated May 31, 2023 (Employee OFS)",,,Updates,00:00:03,19062023105554,19-Jun-2023 10:55:57,-,False,,,105533025,Mining,INE522F01014,Coal India Limited,2023-06-19 10:55:54,COALINDIA
02-Jun-2023 12:47:14,,https://nsearchives.nseindia.com/corporate/COALINDIA_02062023124714_newspaperofs02062023.pdf,Coal India Limited has informed the Exchange about Copy of Newspaper Publication,,,Copy of Newspaper Publication,00:00:03,02062023124714,02-Jun-2023 12:47:17,-,False,,,105522184,Mining,INE522F01014,Coal India Limited,2023-06-02 12:47:14,COALINDIA
01-Jun-2023 17:06:18,,https://nsearchives.nseindia.com/corporate/COALINDIA_01062023170618_CIL_OFS.pdf,"President of India, acting through the Ministry of the Coal, Government of India has informed the Exchange��about its intention to exercise over-subscription option for 9,24,40,924 equity shares.",,,Offer for sale,00:00:06,01062023170618,01-Jun-2023 17:06:24,-,False,,,105521370,Mining,INE522F01014,Coal India Limited,2023-06-01 17:06:18,COALINDIA
01-Jun-2023 14:32:05,,https://nsearchives.nseindia.com/corporate/COALINDIA_01062023143205_pressrelease01062023.pdf,"Coal India Limited has informed the Exchange regarding a press release dated Jun 01, 2023, titled ""CIL s output up 9.5% in May 2023 & OBR 35%"".",,,Press Release,00:00:05,01062023143205,01-Jun-2023 14:32:10,-,False,,,105521132,Mining,INE522F01014,Coal India Limited,2023-06-01 14:32:05,COALINDIA
01-Jun-2023 14:30:38,,https://nsearchives.nseindia.com/corporate/COALINDIA_01062023143038_production01062023.pdf,Coal India Limited has informed the Exchange regarding 'Provisional Production and Off-take Performance of CIL and Subsidiary Companies for the month of  May 23 and for the period Apr 23- May 23,,,Updates,00:00:12,01062023143038,01-Jun-2023 14:30:50,-,False,,,105521131,Mining,INE522F01014,Coal India Limited,2023-06-01 14:30:38,COALINDIA
01-Jun-2023 11:57:24,,https://nsearchives.nseindia.com/corporate/COALINDIA_01062023115724_newspaperofs01062023.pdf,Coal India Limited has informed the Exchange about Copy of Newspaper Publication,,,Copy of Newspaper Publication,00:00:06,01062023115724,01-Jun-2023 11:57:30,-,False,,,105520919,Mining,INE522F01014,Coal India Limited,2023-06-01 11:57:24,COALINDIA
31-May-2023 18:13:40,,https://nsearchives.nseindia.com/corporate/COALINDIA_31052023181340_CIL_0001.pdf,"President of India, acting through the Ministry of the Coal, Government of India has informed the Exchange about an announcement with respect to offer for sale through Stock Exchange Mechanism for sale upto 9,24,40,924 Equity shares of face value of INR 10 /- each of Coal India Limited. Date and time of the opening of the offer for Non-Retail Investors: June 01, 2023 at 9:15 a.m. Date and time of the closing of the offer for Non-Retail Investors: June 01, 2023 at 3:30 p.m. Date and time of the opening of the offer for Retail Investors: June 02, 2023 at 9:15 a.m. Date and time of the closing of the offer for Retail Investors June 02, 2023 at 3:30 p.m. The Sale shall continue to take place on a separate window of the Stock Exchanges commencing at 9:15 a.m. and shall close at 3:30 p.m. (Indian Standard Time) on the same date. The Floor Price for the Offer shall be INR 225/- (Two Hundred and Twenty Five only)��",,,Offer for sale,00:00:11,31052023181340,31-May-2023 18:13:51,-,False,,,105520132,Mining,INE522F01014,Coal India Limited,2023-05-31 18:13:40,COALINDIA
30-May-2023 18:49:34,,https://nsearchives.nseindia.com/corporate/COALINDIA_30052023184934_bse.pdf,Coal India Limited has informed the Exchange regarding 'Price revision of High Grade(G2-G10) Non-coking coal'.,,,Updates,00:00:27,30052023184934,30-May-2023 18:50:01,-,False,,,105518291,Mining,INE522F01014,Coal India Limited,2023-05-30 18:49:34,COALINDIA
23-May-2023 17:16:53,,https://nsearchives.nseindia.com/corporate/COALINDIA_23052023171653_nsebse23052023.pdf,Annual Secretarial Compliance Report of Coal India Limited for the Financial Year ended 31st March'2023,,,Annual Secretarial Compliance Report,00:00:02,23052023171653,23-May-2023 17:16:55,-,False,,,105507075,Mining,INE522F01014,Coal India Limited,2023-05-23 17:16:53,COALINDIA
22-May-2023 16:31:20,,https://nsearchives.nseindia.com/corporate/COALINDIA_22052023163120_ncwa.pdf,Coal India Limited has informed the Exchange regarding 'National Coal Wage Agreement (NCWA)-XI'.,,,Updates,00:00:06,22052023163120,22-May-2023 16:31:26,-,False,,,105505344,Mining,INE522F01014,Coal India Limited,2023-05-22 16:31:20,COALINDIA
15-May-2023 17:01:06,,https://nsearchives.nseindia.com/corporate/COALINDIA_15052023170106_analystmeet.pdf,Coal India Limited has informed the Exchange about Schedule of meet,,,Analysts/Institutional Investor Meet/Con. Call Updates,00:00:02,15052023170106,15-May-2023 17:01:08,-,False,,,105497012,Mining,INE522F01014,Coal India Limited,2023-05-15 17:01:06,COALINDIA
15-May-2023 15:51:25,,https://nsearchives.nseindia.com/corporate/COALINDIA_15052023155125_COALINDIA.pdf,"Alka Shekhar��has Submitted to the Exchange a copy of Disclosure under Regulation 31(4) of the Securities and Exchange Board of India��(Substantial Acquisition of Shares and Takeovers) Regulations, 2011.��",,,Disclosure under SEBI Takeover Regulations,00:00:05,15052023155125,15-May-2023 15:51:30,-,False,,,105475154,Mining,INE522F01014,Coal India Limited,2023-05-15 15:51:25,COALINDIA
10-May-2023 12:41:52,,https://nsearchives.nseindia.com/corporate/COALINDIA_10052023124152_MoC1.pdf,"Alka Shekhar under Secretary to Government of India, Ministry of Coal (CA Section) has Submitted to the Exchange a copy of Disclosure under Regulation 31(4) of the Securities and Exchange Board of India (Substantial Acquisition of Shares and Takeovers) Regulations, 2011.",,,Disclosure under SEBI Takeover Regulations,00:00:21,10052023124152,10-May-2023 12:42:13,-,False,,,105491669,Mining,INE522F01014,Coal India Limited,2023-05-10 12:41:52,COALINDIA
10-May-2023 11:56:50,,https://nsearchives.nseindia.com/corporate/COALINDIA_10052023115650_nsebse10052023.pdf,"Coal India Limited has informed the Exchange regarding a press release dated May 10, 2023, titled ""CIL s Q4 PAT would have been 40% up y-o-y"".",,,Press Release,00:00:05,10052023115650,10-May-2023 11:56:55,-,False,,,105491686,Mining,INE522F01014,Coal India Limited,2023-05-10 11:56:50,COALINDIA
10-May-2023 10:54:11,,https://nsearchives.nseindia.com/corporate/COALINDIA_10052023105411_nsebseaccounts.pdf,Coal India Limited has informed the Exchange regarding 'Machine Readable Form / Legible copy of Financial Results for the year ended 31.03.2023.'.,,,Updates,00:00:08,10052023105411,10-May-2023 10:54:19,-,False,,,105491593,Mining,INE522F01014,Coal India Limited,2023-05-10 10:54:11,COALINDIA
08-May-2023 13:44:52,,https://nsearchives.nseindia.com/corporate/COALINDIA_08052023134452_nsebsenewspaper08052023.pdf,Coal India Limited has informed the Exchange about Copy of Newspaper Publication,,,Copy of Newspaper Publication,00:00:04,08052023134452,08-May-2023 13:44:56,-,False,,,105488982,Mining,INE522F01014,Coal India Limited,2023-05-08 13:44:52,COALINDIA
07-May-2023 13:22:25,,https://nsearchives.nseindia.com/corporate/COALINDIA_07052023132225_relatedpartyfinal.pdf,Coal India Limited has informed the Exchange about related Party Transactions,,,Related Party Transactions,00:00:03,07052023132225,07-May-2023 13:22:28,-,False,,,105488604,Mining,INE522F01014,Coal India Limited,2023-05-07 13:22:25,COALINDIA
07-May-2023 12:59:19,,https://nsearchives.nseindia.com/corporate/COALINDIA_07052023125919_press070523.pdf,"Coal India Limited has informed the Exchange regarding a press release dated May 07, 2023, titled ""CIL s PAT of Rs. 28,125 Crs in FY 23, up 62% to cap record high"".",,,Press Release,00:00:05,07052023125919,07-May-2023 12:59:24,-,False,,,105488602,Mining,INE522F01014,Coal India Limited,2023-05-07 12:59:19,COALINDIA
07-May-2023 12:35:00,,https://nsearchives.nseindia.com/corporate/COALINDIA_07052023123500_presentationfinal.pdf,Coal India Limited has informed the Exchange regarding 'Presentation made by Company '.,,,Updates,00:00:05,07052023123500,07-May-2023 12:35:05,-,False,,,105488601,Mining,INE522F01014,Coal India Limited,2023-05-07 12:35:00,COALINDIA
07-May-2023 12:18:30,,https://nsearchives.nseindia.com/corporate/COALINDIA_07052023121830_lettersig.pdf,"Coal India Limited has informed the Exchange that Board of Directors at its meeting held on May 07, 2023, recommended Final Dividend of 4 per equity share.",,,Dividend,00:00:03,07052023121830,07-May-2023 12:18:33,-,False,,,105488598,Mining,INE522F01014,Coal India Limited,2023-05-07 12:18:30,COALINDIA
07-May-2023 12:14:53,,https://nsearchives.nseindia.com/corporate/results07052023_07052023121453.pdf,"Coal India Limited has submitted to the Exchange, the financial results for the period ended March 31, 2023.",,,Financial Result Updates,00:00:07,07052023121453,07-May-2023 12:15:00,-,False,,,152824,Mining,INE522F01014,Coal India Limited,2023-05-07 12:14:53,COALINDIA
04-May-2023 15:00:37,,https://nsearchives.nseindia.com/corporate/COALINDIA_04052023150037_dbd.pdf,Coal India Limited has informed the Exchange regarding Change in Director(s) of the company.,,,Change in Director(s),00:00:05,04052023150037,04-May-2023 15:00:42,-,False,,,105486180,Mining,INE522F01014,Coal India Limited,2023-05-04 15:00:37,COALINDIA
02-May-2023 12:14:01,,https://nsearchives.nseindia.com/corporate/COALINDIA_02052023121401_02052023.pdf,"Coal India Limited has informed the Exchange regarding a press release dated May 02, 2023, titled ""CIL begins FY 24 with 31% OBR growth; supplies to NRS up 44%"".",,,Press Release,00:00:06,02052023121401,02-May-2023 12:14:07,-,False,,,105483402,Mining,INE522F01014,Coal India Limited,2023-05-02 12:14:01,COALINDIA
01-May-2023 21:49:43,,https://nsearchives.nseindia.com/corporate/COALINDIA_01052023214943_01052023.pdf,Coal India Limited has informed the Exchange regarding 'Provisional Production and Off-take Performance of CIL and Subsidiary Companiesfor the month of Apr 23.'.,,,Updates,00:00:05,01052023214943,01-May-2023 21:49:48,-,False,,,105483125,Mining,INE522F01014,Coal India Limited,2023-05-01 21:49:43,COALINDIA
26-Apr-2023 15:20:36,,https://nsearchives.nseindia.com/corporate/COALINDIA_26042023152036_newspaper260423.pdf,Coal India Limited has informed the Exchange about Copy of Newspaper Publication,,,Copy of Newspaper Publication,00:00:08,26042023152036,26-Apr-2023 15:20:44,-,False,,,105478970,Mining,INE522F01014,Coal India Limited,2023-04-26 15:20:36,COALINDIA
13-Apr-2023 11:45:44,,https://nsearchives.nseindia.com/corporate/COALINDIA_13042023114544_pressrelease13042023.pdf,"Coal India Limited has informed the Exchange regarding a press release dated April 13, 2023, titled ""CIL s impetus to boost coking coal output"".",,,Press Release,00:00:06,13042023114544,13-Apr-2023 11:45:50,-,False,,,105468729,Mining,INE522F01014,Coal India Limited,2023-04-13 11:45:44,COALINDIA
10-Apr-2023 14:07:09,,https://nsearchives.nseindia.com/corporate/COALINDIA_10042023140709_Reg74.pdf,"Coal India Limited has informed the Exchange about Certificate under SEBI (Depositories and Participants) Regulations, 2018",,,"Certificate under SEBI (Depositories and Participants) Regulations, 2018",00:00:08,10042023140709,10-Apr-2023 14:07:17,-,False,,,105465059,Mining,INE522F01014,Coal India Limited,2023-04-10 14:07:09,COALINDIA
05-Apr-2023 13:28:51,,https://nsearchives.nseindia.com/corporate/COALINDIA_05042023132851_pressrelease05042023.pdf,"Coal India Limited has informed the Exchange regarding a press release dated April 05, 2023, titled ""CIL s 610 MT target to fuel power sector in FY 24"".",,,Press Release,00:00:02,05042023132851,05-Apr-2023 13:28:53,-,False,,,105462147,Mining,INE522F01014,Coal India Limited,2023-04-05 13:28:51,COALINDIA
01-Apr-2023 21:51:37,,https://nsearchives.nseindia.com/corporate/COALINDIA_01042023215137_nsemar23.pdf,Coal India Limited has informed the Exchange regarding 'Provisional Production and Off-take Performance of CIL and Subsidiary Companies for the month of  March 23 and for the period Apr  22- Mar 23'.,,,Updates,00:00:04,01042023215137,01-Apr-2023 21:51:41,-,False,,,105460165,Mining,INE522F01014,Coal India Limited,2023-04-01 21:51:37,COALINDIA
31-Mar-2023 12:16:12,,https://nsearchives.nseindia.com/corporate/COALINDIA_31032023121612_pressreleasensebse.pdf,"Coal India Limited has informed the Exchange regarding a press release dated March 31, 2023, titled ""CIL tops FY 23 output target; OBR at record high"".",,,Press Release,00:00:07,31032023121612,31-Mar-2023 12:16:19,-,False,,,105458438,Mining,INE522F01014,Coal India Limited,2023-03-31 12:16:12,COALINDIA
24-Mar-2023 11:51:41,,https://nsearchives.nseindia.com/corporate/COALINDIA_24032023115141_pressrelease2403.pdf,"Coal India Limited has informed the Exchange regarding a press release dated March 24, 2023, titled ""CIL s NRS supplies to log 16.6% growth in Q4 FY 23"".",,,Press Release,00:00:04,24032023115141,24-Mar-2023 11:51:45,-,False,,,105452820,Mining,INE522F01014,Coal India Limited,2023-03-24 11:51:41,COALINDIA
23-Mar-2023 15:18:43,,https://nsearchives.nseindia.com/corporate/COALINDIA_23032023151843_Trading.pdf,"Coal India Limited has informed the Exchange regarding the Trading Window closure pursuant to SEBI (Prohibition of Insider Trading) Regulations, 2015",,,Trading Window,00:00:04,23032023151843,23-Mar-2023 15:18:47,-,False,,,105452105,Mining,INE522F01014,Coal India Limited,2023-03-23 15:18:43,COALINDIA
23-Mar-2023 12:25:06,,https://nsearchives.nseindia.com/corporate/COALINDIA_23032023122506_df.pdf,"Coal India Limited has informed the Exchange regarding 'Extension of tenure of Dr. B. Veera Reddy, Director (Technical), CIL, holding           additional Charge of the post of Director (Finance), CIL'.",,,Updates,00:00:11,23032023122506,23-Mar-2023 12:25:17,-,False,,,105452035,Mining,INE522F01014,Coal India Limited,2023-03-23 12:25:06,COALINDIA
14-Mar-2023 12:49:57,,https://nsearchives.nseindia.com/corporate/COALINDIA_14032023124957_press14032023.pdf,"Coal India Limited has informed the Exchange regarding a press release dated March 14, 2023, titled ""CIL gears up to meet power sector s demand"".",,,Press Release,00:00:11,14032023124957,14-Mar-2023 12:50:08,-,False,,,105445679,Mining,INE522F01014,Coal India Limited,2023-03-14 12:49:57,COALINDIA
02-Mar-2023 17:11:47,,https://nsearchives.nseindia.com/corporate/COALINDIA_02032023171147_nsebse02032023.pdf,Coal India Limited has informed the Exchange regarding 'Brief Profile of Shri Ghanshyam Singh Rathore (DIN-09615384) appointed as Independent Director of CIL'.,,,Updates,00:00:03,02032023171147,02-Mar-2023 17:11:50,-,False,,,105439325,Mining,INE522F01014,Coal India Limited,2023-03-02 17:11:47,COALINDIA
01-Mar-2023 17:36:22,,https://nsearchives.nseindia.com/corporate/COALINDIA_01032023173622_ghanshyam_signed.pdf,Coal India Limited has informed the Exchange regarding Change in Director(s) of the company.,,,Change in Director(s),00:00:05,01032023173622,01-Mar-2023 17:36:27,-,False,,,105438526,Mining,INE522F01014,Coal India Limited,2023-03-01 17:36:22,COALINDIA
01-Mar-2023 14:58:52,,https://nsearchives.nseindia.com/corporate/COALINDIA_01032023145852_pressrelease01032023.pdf,"Coal India Limited has informed the Exchange regarding a press release dated March 01, 2023, titled ""CIL s output up 77 MTs till Feb FY 23 at 620 MTs"".",,,Press Release,00:00:04,01032023145852,01-Mar-2023 14:58:56,-,False,,,105438383,Mining,INE522F01014,Coal India Limited,2023-03-01 14:58:52,COALINDIA
01-Mar-2023 14:55:53,,https://nsearchives.nseindia.com/corporate/COALINDIA_01032023145553_production.pdf,Coal India Limited has informed the Exchange regarding 'Provisional Production and Off-take Performance of CIL and Subsidiary Companies for the month of  February 23 and for the period Apr  22- Feb 23. '.,,,Updates,00:00:03,01032023145553,01-Mar-2023 14:55:56,-,False,,,105438380,Mining,INE522F01014,Coal India Limited,2023-03-01 14:55:53,COALINDIA
22-Feb-2023 17:14:08,,https://nsearchives.nseindia.com/corporate/COALINDIA_22022023171408_nsebsedirector.pdf,Coal India Limited has informed the Exchange regarding Change in Director(s) of the company.,,,Change in Director(s),00:00:05,22022023171408,22-Feb-2023 17:14:13,-,False,,,105433838,Mining,INE522F01014,Coal India Limited,2023-02-22 17:14:08,COALINDIA
14-Feb-2023 12:52:30,,https://nsearchives.nseindia.com/corporate/COALINDIA_14022023125230_egm.pdf,"Coal India Limited has submitted the Exchange a copy Srutinizers report of  Postal Ballot. Further, the company has informed the Exchange regarding voting results along with copy of minutes.",,,Shareholders meeting,01:28:30,14022023125230,14-Feb-2023 14:21:00,-,False,,,105426982,Mining,INE522F01014,Coal India Limited,2023-02-14 12:52:30,COALINDIA
02-Feb-2023 13:45:13,,https://nsearchives.nseindia.com/corporate/COALINDIA_02022023134513_Newspaper02022023.pdf,Coal India Limited has informed the Exchange about Copy of Newspaper Publication,,,Copy of Newspaper Publication,00:00:16,02022023134513,02-Feb-2023 13:45:29,-,False,,,105415270,Mining,INE522F01014,Coal India Limited,2023-02-02 13:45:13,COALINDIA
01-Feb-2023 16:55:59,,https://nsearchives.nseindia.com/corporate/COALINDIA_01022023165559_prodn.pdf,Coal India Limited has informed the Exchange regarding 'Provisional Production and Off-take Performance of CIL and Subsidiary Companies for the month of  January 23 and for the period Apr  22- Jan 23. '.,,,Updates,00:00:05,01022023165559,01-Feb-2023 16:56:04,-,False,,,105414239,Mining,INE522F01014,Coal India Limited,2023-02-01 16:55:59,COALINDIA
01-Feb-2023 13:12:28,,https://nsearchives.nseindia.com/corporate/COALINDIA_01022023131227_nsebse01022023.pdf,Coal India Limited has informed the Exchange about Copy of Newspaper Publication,,,Copy of Newspaper Publication,00:00:02,01022023131228,01-Feb-2023 13:12:30,-,False,,,105413947,Mining,INE522F01014,Coal India Limited,2023-02-01 13:12:28,COALINDIA
31-Jan-2023 18:45:54,,https://nsearchives.nseindia.com/corporate/COALINDIA_31012023184554_PressReleasesigned.pdf,"Coal India Limited has informed the Exchange regarding a press release dated January 31, 2023, titled ""Coal India s PAT soars toall time high"".",,,Press Release,00:00:06,31012023184554,31-Jan-2023 18:46:00,-,False,,,105413178,Mining,INE522F01014,Coal India Limited,2023-01-31 18:45:54,COALINDIA
31-Jan-2023 18:27:03,,https://nsearchives.nseindia.com/corporate/COALINDIA_31012023182703_presentation.pdf,Coal India Limited has informed the Exchange regarding 'Presentation made by Company for 3rd quarter and nine months ended 31st Dec  2022'.,,,Updates,00:00:05,31012023182703,31-Jan-2023 18:27:08,-,False,,,105413139,Mining,INE522F01014,Coal India Limited,2023-01-31 18:27:03,COALINDIA
31-Jan-2023 18:03:19,,https://nsearchives.nseindia.com/corporate/COALINDIA_31012023180319_acctsigned.pdf,"Coal India Limited has informed the Exchange that Board of Directors at its meeting held on January 31, 2023, declared Interim Dividend of 5.25 per equity share.",,,Dividend,00:00:05,31012023180319,31-Jan-2023 18:03:24,-,False,,,105413083,Mining,INE522F01014,Coal India Limited,2023-01-31 18:03:19,COALINDIA
31-Jan-2023 18:01:01,,https://nsearchives.nseindia.com/corporate/acctsignedfinal_31012023180101.pdf,"Coal India Limited has submitted to the Exchange, the financial results for the period ended December 31, 2022.",,,Financial Result Updates,00:00:05,31012023180101,31-Jan-2023 18:01:06,-,False,,,150958,Mining,INE522F01014,Coal India Limited,2023-01-31 18:01:01,COALINDIA
20-Jan-2023 14:43:53,,https://nsearchives.nseindia.com/corporate/COALINDIA_20012023144353_20012023.pdf,Coal India Limited has informed the Exchange about Copy of Newspaper Publication,,,Copy of Newspaper Publication,00:00:03,20012023144353,20-Jan-2023 14:43:56,-,False,,,105405072,Mining,INE522F01014,Coal India Limited,2023-01-20 14:43:53,COALINDIA
18-Jan-2023 14:29:12,,https://nsearchives.nseindia.com/corporate/COALINDIA_18012023142912_18012023.pdf,Coal India Limited has informed the Exchange that Record date for the purpose of Dividend  is 08-Feb-2023.,,,Record Date,00:00:07,18012023142912,18-Jan-2023 14:29:19,-,False,,,105403137,Mining,INE522F01014,Coal India Limited,2023-01-18 14:29:12,COALINDIA
12-Jan-2023 14:18:57,,https://nsearchives.nseindia.com/corporate/COALINDIA_12012023141857_nsebse.pdf,Coal India Limited has informed the Exchange about Copy of Newspaper Publication,,,Copy of Newspaper Publication,00:00:04,12012023141857,12-Jan-2023 14:19:01,-,False,,,105399190,Mining,INE522F01014,Coal India Limited,2023-01-12 14:18:57,COALINDIA
10-Jan-2023 13:08:56,,https://nsearchives.nseindia.com/corporate/COALINDIA_10012023130856_Pressrelease1.pdf,"Coal India Limited has informed the Exchange regarding a press release dated January 10, 2023, titled ""MCL races ahead of performance targets"".",,,Press Release,00:00:04,10012023130856,10-Jan-2023 13:09:00,-,False,,,105397285,Mining,INE522F01014,Coal India Limited,2023-01-10 13:08:56,COALINDIA
10-Jan-2023 11:02:52,,https://nsearchives.nseindia.com/corporate/COALINDIA_10012023110252_Notice.pdf,Coal India Limited has informed the Exchange regarding Notice of Postal Ballot,,,Shareholders meeting,00:00:04,10012023110252,10-Jan-2023 11:02:56,-,False,,,105397120,Mining,INE522F01014,Coal India Limited,2023-01-10 11:02:52,COALINDIA
04-Jan-2023 17:06:23,,https://nsearchives.nseindia.com/corporate/COALINDIA_04012023170623_nsebse040123_merged.pdf,"Coal India Limited has informed the Exchange regarding a press release dated January 04, 2023, titled ""CIL and Unions ink MoU recommending Minimum Guaranteed Benefit to employees"".",,,Press Release,00:00:03,04012023170623,04-Jan-2023 17:06:26,-,False,,,105393227,Mining,INE522F01014,Coal India Limited,2023-01-04 17:06:23,COALINDIA
04-Jan-2023 12:58:43,,https://nsearchives.nseindia.com/corporate/COALINDIA_04012023125843_nsebse04012023.pdf,Coal India Limited has informed the Exchange regarding 'National Coal Wage Agreement (NCWA)-XI'.,,,Updates,00:00:08,04012023125843,04-Jan-2023 12:58:51,-,False,,,105393018,Mining,INE522F01014,Coal India Limited,2023-01-04 12:58:43,COALINDIA
04-Jan-2023 11:29:54,,https://nsearchives.nseindia.com/corporate/COALINDIA_04012023112954_Reg74.pdf,"Coal India Limited has informed the Exchange about Certificate under SEBI (Depositories and Participants) Regulations, 2018",,,"Certificate under SEBI (Depositories and Participants) Regulations, 2018",00:00:04,04012023112954,04-Jan-2023 11:29:58,-,False,,,105392954,Mining,INE522F01014,Coal India Limited,2023-01-04 11:29:54,COALINDIA
02-Jan-2023 13:54:57,,https://nsearchives.nseindia.com/corporate/COALINDIA_02012023135457_nsebse02012023.pdf,"Coal India Limited has informed the Exchange regarding a press release dated January 02, 2023, titled ""CIL s production of 479 MTs in Apr-Dec 22 shot up by 65.4 MTs"".",,,Press Release,00:00:05,02012023135457,02-Jan-2023 13:55:02,-,False,,,105391338,Mining,INE522F01014,Coal India Limited,2023-01-02 13:54:57,COALINDIA
01-Jan-2023 19:43:27,,https://nsearchives.nseindia.com/corporate/COALINDIA_01012023194327_NSEBSEDEC22signed.pdf,Coal India Limited has informed the Exchange regarding 'Provisional Production and Off-take Performance of CIL and Subsidiary Companies for the month of  December 22 and for the period Apr  22- Dec 22'.,,,Updates,00:00:05,01012023194327,01-Jan-2023 19:43:32,-,False,,,105390985,Mining,INE522F01014,Coal India Limited,2023-01-01 19:43:27,COALINDIA
30-Dec-2022 15:40:58,,https://nsearchives.nseindia.com/corporate/COALINDIA_30122022154058_DT.pdf,Coal India Limited has informed the Exchange regarding Change in Director(s) of the company.,,,Change in Director(s),00:00:05,30122022154058,30-Dec-2022 15:41:03,-,False,,,105389719,Mining,INE522F01014,Coal India Limited,2022-12-30 15:40:58,COALINDIA
25-Dec-2022 10:15:15,,https://nsearchives.nseindia.com/corporate/COALINDIA_25122022101515_nsebse251222.pdf,Coal India Limited has informed the Exchange regarding Change in Director(s) of the company.,,,Change in Director(s),00:00:04,25122022101515,25-Dec-2022 10:15:19,-,False,,,105385340,Mining,INE522F01014,Coal India Limited,2022-12-25 10:15:15,COALINDIA
22-Dec-2022 16:47:59,,https://nsearchives.nseindia.com/corporate/COALINDIA_22122022164759_trading.pdf,"Coal India Limited has informed the Exchange regarding the Trading Window closure pursuant to SEBI (Prohibition of Insider Trading) Regulations, 2015",,,Trading Window,00:00:06,22122022164759,22-Dec-2022 16:48:05,-,False,,,105383852,Mining,INE522F01014,Coal India Limited,2022-12-22 16:47:59,COALINDIA
21-Dec-2022 17:32:49,,https://nsearchives.nseindia.com/corporate/COALINDIA_21122022173249_Loss.pdf,Coal India Limited has informed the Exchange about Loss of Share Certificates,,,Loss of Share Certificates,00:00:03,21122022173249,21-Dec-2022 17:32:52,-,False,,,105383086,Mining,INE522F01014,Coal India Limited,2022-12-21 17:32:49,COALINDIA
16-Dec-2022 12:53:54,,https://nsearchives.nseindia.com/corporate/COALINDIA_16122022125354_NSEbse.pdf,Coal India Limited has informed the Exchange about Newspaper Advertisements of the Transfer of Unclaimed Interim Dividend 2015-16 and Equity Shares of Coal India Limited (CIL) to the IEPF Authority.,,,Newspaper Advertisements,00:00:05,16122022125354,16-Dec-2022 12:53:59,-,False,,,5131186,Mining,INE522F01014,Coal India Limited,2022-12-16 12:53:54,COALINDIA
14-Dec-2022 12:37:07,,https://nsearchives.nseindia.com/corporate/COALINDIA_14122022123706_PressRelease.pdf,Coal India Limited has informed the Exchange about press release dated 14-Dec-2022 titled CIL to tweak output through MDO mode; Issues 7 LoAs,,,Press Release,00:00:06,14122022123707,14-Dec-2022 12:37:13,-,False,,,5130518,Mining,INE522F01014,Coal India Limited,2022-12-14 12:37:07,COALINDIA
01-Dec-2022 12:50:12,,https://nsearchives.nseindia.com/corporate/COALINDIA_01122022125012_press0112.pdf,Coal India Limited has informed the Exchange about press release dated 01-Dec-2022 titled ���CIL output up 17% ending November FY���23���,,,Press Release,00:00:08,01122022125012,01-Dec-2022 12:50:20,-,False,,,5127116,Mining,INE522F01014,Coal India Limited,2022-12-01 12:50:12,COALINDIA
01-Dec-2022 12:47:51,,https://nsearchives.nseindia.com/corporate/COALINDIA_01122022124751_Dec22.pdf,Coal India Limited has informed the Exchange about Provisional Production and Off-take Performance of CIL and Subsidiary Companies for the month of  November���22 and for the period Apr��� 22- November���22,,,General updates,00:00:10,01122022124751,01-Dec-2022 12:48:01,-,False,,,5127141,Mining,INE522F01014,Coal India Limited,2022-12-01 12:47:51,COALINDIA
25-Nov-2022 14:57:21,,https://nsearchives.nseindia.com/corporate/COALINDIA_25112022145721_nsebse.pdf,Coal India Limited has informed the Exchange about press release dated 25-Nov-2022 titled ���CIL breaches 400 MT output 31 days ahead compared to last fiscal ���,,,Press Release,00:00:08,25112022145721,25-Nov-2022 14:57:29,-,False,,,5125290,Mining,INE522F01014,Coal India Limited,2022-11-25 14:57:21,COALINDIA
11-Nov-2022 16:24:15,,https://nsearchives.nseindia.com/corporate/COALINDIA_11112022162415_newspapertax.pdf,Coal India Limited has informed the Exchange about Newspaper Advertisements,,,Newspaper Advertisements,00:00:08,11112022162415,11-Nov-2022 16:24:23,-,False,,,5117667,Mining,INE522F01014,Coal India Limited,2022-11-11 16:24:15,COALINDIA
11-Nov-2022 16:08:54,,https://nsearchives.nseindia.com/corporate/COALINDIA_11112022160854_RPTSEP2022.pdf,Coal India Limited has informed the Exchange about related party transaction for the period ended September 2022,,,Related Party Transaction,00:00:04,11112022160854,11-Nov-2022 16:08:58,-,False,,,5117604,Mining,INE522F01014,Coal India Limited,2022-11-11 16:08:54,COALINDIA
09-Nov-2022 13:10:00,,https://nsearchives.nseindia.com/corporate/COALINDIA_09112022131000_nsebse09112022.pdf,"Coal India Limited has informed the Exchange about press release dated 09-Nov-2022 titled CIL���s capex soars 33% to Rs.7,027 Crs in H1 FY���23",,,Press Release,00:00:33,09112022131000,09-Nov-2022 13:10:33,-,False,,,5115414,Mining,INE522F01014,Coal India Limited,2022-11-09 13:10:00,COALINDIA
09-Nov-2022 12:35:03,,https://nsearchives.nseindia.com/corporate/COALINDIA_09112022123503_nse09112022_merged.pdf,Coal India Limited has informed the Exchange about Newspaper Advertisements of Un-Audited Financial Results of Coal India Limited (Standalone & Consolidated) for the 2nd Quarter and Half year ended 30th Sep��� 2022,,,Newspaper Advertisements,00:00:14,09112022123503,09-Nov-2022 12:35:17,-,False,,,5115392,Mining,INE522F01014,Coal India Limited,2022-11-09 12:35:03,COALINDIA
07-Nov-2022 19:24:18,,https://nsearchives.nseindia.com/corporate/COALINDIA_07112022192418_PPT300922_merged.pdf,Coal India Limited has informed the Exchange about Investor Presentation,,,Investor Presentation,00:00:14,07112022192418,07-Nov-2022 19:24:32,-,False,,,5114622,Mining,INE522F01014,Coal India Limited,2022-11-07 19:24:18,COALINDIA
07-Nov-2022 19:16:57,,https://nsearchives.nseindia.com/corporate/COALINDIA_07112022191656_NSEBSE.pdf,Coal India Limited  has informed the Exchange about Board Meeting held on 07-Nov-2022 to consider financial statements for the period ended September 2022 and Dividend,,,Outcome of Board Meeting,00:00:11,07112022191657,07-Nov-2022 19:17:08,-,False,,,5114620,Mining,INE522F01014,Coal India Limited,2022-11-07 19:16:57,COALINDIA
07-Nov-2022 19:16:55,,https://nsearchives.nseindia.com/corporate/COALINDIA_07112022191654_NSEBSE.pdf,"Coal India Limited has informed the Exchange that Board of Directors at its meeting held on 07-Nov-2022, declared Dividend of Rs. 15 per equity share.",,,Dividend,00:00:02,07112022191655,07-Nov-2022 19:16:57,-,False,,,5114630,Mining,INE522F01014,Coal India Limited,2022-11-07 19:16:55,COALINDIA
01-Nov-2022 13:35:36,,https://nsearchives.nseindia.com/corporate/COALINDIA_01112022133536_1nov2022_merged.pdf,Coal India Limited has informed the Exchange about Provisional Production and Off-take Performance of CIL and Subsidiary Companies for the month of  October���22 and for the period Apr��� 22-October���22. ,,,General updates,00:00:05,01112022133536,01-Nov-2022 13:35:41,-,False,,,5110656,Mining,INE522F01014,Coal India Limited,2022-11-01 13:35:36,COALINDIA
01-Nov-2022 11:55:57,,https://nsearchives.nseindia.com/corporate/COALINDIA_01112022115557_01112022.pdf,"Coal India Limited has informed the Exchange about Extension of tenure of Dr. B. Veera Reddy, Director (Technical), CIL, holding  additional Charge of the post of Director (Marketing), CIL",,,General updates,00:00:15,01112022115557,01-Nov-2022 11:56:12,-,False,,,5110574,Mining,INE522F01014,Coal India Limited,2022-11-01 11:55:57,COALINDIA
31-Oct-2022 15:07:39,,https://nsearchives.nseindia.com/corporate/COALINDIA_31102022150739_31102022.pdf,Coal India Limited has informed the Exchange about Newspaper Advertisements,,,Newspaper Advertisements,00:00:02,31102022150739,31-Oct-2022 15:07:41,-,False,,,5110067,Mining,INE522F01014,Coal India Limited,2022-10-31 15:07:39,COALINDIA
26-Oct-2022 13:26:24,,https://nsearchives.nseindia.com/corporate/COALINDIA_26102022132624_26102022.pdf,Coal India Limited has informed the Exchange that Record date for the purpose of Dividend  is 16-Nov-2022.,,,Record Date,00:00:02,26102022132624,26-Oct-2022 13:26:26,-,False,,,5108584,Mining,INE522F01014,Coal India Limited,2022-10-26 13:26:24,COALINDIA
21-Oct-2022 16:06:57,,https://nsearchives.nseindia.com/corporate/COALINDIA_21102022160657_cs.pdf,Coal India Limited  has informed the Exchange about appointment of Bijay Prakash Dubey as Company Secretary of the company w.e.f. 21-Oct-2022,,,Appointment,00:00:05,21102022160657,21-Oct-2022 16:07:02,-,False,,,5107658,Mining,INE522F01014,Coal India Limited,2022-10-21 16:06:57,COALINDIA
21-Oct-2022 12:50:48,,https://nsearchives.nseindia.com/corporate/COALINDIA_21102022125048_bse21102022.pdf,Coal India Limited has informed the Exchange about press release dated 21-Oct-2022 titled  Press Release-CIL���s Rs.11K Cr push for eco-friendly coal transport under Phase III,,,Press Release,00:00:07,21102022125048,21-Oct-2022 12:50:55,-,False,,,5107383,Mining,INE522F01014,Coal India Limited,2022-10-21 12:50:48,COALINDIA
20-Oct-2022 17:31:15,,https://nsearchives.nseindia.com/corporate/COALINDIA_20102022173115_auditor.pdf,Coal India Limited has informed the Exchange about the profile of Lodha and Co as Statutory Auditor of the company w.e.f. 12-Sep-2022,,,Appointment,00:00:05,20102022173115,20-Oct-2022 17:31:20,-,False,,,5107062,Mining,INE522F01014,Coal India Limited,2022-10-20 17:31:15,COALINDIA
17-Oct-2022 11:28:15,,https://nsearchives.nseindia.com/corporate/COALINDIA_17102022112815_Newsclarification131022.pdf,"COALINDIA : The Exchange has sought clarification from Coal India Limited with respect to recent news item captioned BHEL signs MoU with CIL, NLCIL for setting up coal gasification projects.  The response from the Company is attached.",,,News Verification,00:00:10,17102022112815,17-Oct-2022 11:28:25,-,False,,,5105217,Mining,INE522F01014,Coal India Limited,2022-10-17 11:28:15,COALINDIA
14-Oct-2022 14:02:24,,https://nsearchives.nseindia.com/corporate/COALINDIA_14102022140224_nsebse.pdf,Coal India Limited has informed the Exchange about press release dated 14-Oct-2022 titled CIL inks MoU with RVUNL for 1190 MW solar project,,,Press Release,00:00:05,14102022140224,14-Oct-2022 14:02:29,-,False,,,5104472,Mining,INE522F01014,Coal India Limited,2022-10-14 14:02:24,COALINDIA
13-Oct-2022 18:55:18,,-,"COALINDIA : The Exchange has sought clarification from Coal India Limited with respect to recent news item captioned BHEL signs MoU with CIL, NLCIL for setting up coal gasification projects.  The response from the Company is awaited.",,,News Verification,00:00:04,13102022185518,13-Oct-2022 18:55:22,-,False,,,5104226,Mining,INE522F01014,Coal India Limited,2022-10-13 18:55:18,COALINDIA
12-Oct-2022 15:33:09,,https://nsearchives.nseindia.com/corporate/COALINDIA_12102022153309_reg74.pdf,"Coal India Limited has informed the Exchange about Certificate under Regulation 74(5) of the SEBI (Depository and participants) Regulations, 2018 for the quarter ended 30th September��� 2022",,,General updates,00:00:05,12102022153309,12-Oct-2022 15:33:14,-,False,,,5103530,Mining,INE522F01014,Coal India Limited,2022-10-12 15:33:09,COALINDIA
10-Oct-2022 19:05:03,,https://nsearchives.nseindia.com/corporate/COALINDIA_10102022190503_bsense10.pdf,Coal India Limited has informed the Exchange about Schedule of Analysts/Institutional Investor Meet/Con. Call ,,,Schedule of Analysts/Institutional Investor Meet/Con. Call,00:00:06,10102022190503,10-Oct-2022 19:05:09,-,False,,,5102645,Mining,INE522F01014,Coal India Limited,2022-10-10 19:05:03,COALINDIA
01-Oct-2022 14:30:12,,https://nsearchives.nseindia.com/corporate/COALINDIA_01102022143012_press.pdf,Coal India Limited has informed the Exchange about press release dated 01-Oct-2022 titled CIL output up 20% in H1 FY���23 and supplies to power plants grew by 17%,,,Press Release,00:00:03,01102022143012,01-Oct-2022 14:30:15,-,False,,,5099816,Mining,INE522F01014,Coal India Limited,2022-10-01 14:30:12,COALINDIA
01-Oct-2022 13:33:57,,https://nsearchives.nseindia.com/corporate/COALINDIA_01102022133357_prod.pdf,Coal India Limited has informed the Exchange about Provisional Production and Off-take Performance of CIL and Subsidiary Companies for the month of Sep���22 and for the period Apr���22-Sep���22. ,,,General updates,00:00:03,01102022133357,01-Oct-2022 13:34:00,-,False,,,5099747,Mining,INE522F01014,Coal India Limited,2022-10-01 13:33:57,COALINDIA
01-Oct-2022 10:00:06,,https://nsearchives.nseindia.com/corporate/COALINDIA_01102022100006_compliance.pdf,Coal India Limited  has informed the Exchange about appointment of Bijay Prakash Dubey as Compliance Officer of the company w.e.f. 01-Oct-2022,,,Appointment,00:00:05,01102022100006,01-Oct-2022 10:00:11,-,False,,,5099607,Mining,INE522F01014,Coal India Limited,2022-10-01 10:00:06,COALINDIA
23-Sep-2022 15:41:42,,https://nsearchives.nseindia.com/corporate/COALINDIA_23092022154142_TradingWindowClosureStockExchage.pdf,Coal India Limited has informed the Exchange about the Closure of the trading window from 26th Sept. ���2022 till the end of 48 hours after the declaration of Unaudited Financial Results of the Company for the 2nd quarter ended 30th Sept. 2022.,,,Closure of trading window,00:00:05,23092022154142,23-Sep-2022 15:41:47,-,False,,,5094129,Mining,INE522F01014,Coal India Limited,2022-09-23 15:41:42,COALINDIA
14-Sep-2022 15:58:42,,https://nsearchives.nseindia.com/corporate/COALINDIA_14092022155842_NSEandBSE_Account_auditor.pdf,"Coal India Limited has informed the Exchange about Appointment of M/s Lodha & Co, Kolkata as Statutory Auditor for the year 2022-23- Clarifications",,,General updates,00:00:07,14092022155842,14-Sep-2022 15:58:49,-,False,,,5090990,Mining,INE522F01014,Coal India Limited,2022-09-14 15:58:42,COALINDIA
13-Sep-2022 14:16:10,,https://nsearchives.nseindia.com/corporate/COALINDIA_13092022141610_AppointmentOfStatutoryAuditor.pdf,"Coal India Limited has informed the Exchange about the appointment of Lodha and Company, Kolkata as Statutory Auditor of the company w.e.f. 12-Sep-2022",,,Appointment,00:00:11,13092022141610,13-Sep-2022 14:16:21,-,False,,,5090482,Mining,INE522F01014,Coal India Limited,2022-09-13 14:16:10,COALINDIA
12-Sep-2022 10:41:05,,https://nsearchives.nseindia.com/corporate/COALINDIA_12092022104105_TranscriptInvesrorsMeet.pdf,Coal India Limited has informed the Exchange about Transcript of Analysts/Institutional Investor Meet/Con. Call ,,,Transcript of Analysts/Institutional Investor Meet/Con. Call,00:00:07,12092022104105,12-Sep-2022 10:41:12,-,False,,,5090003,Mining,INE522F01014,Coal India Limited,2022-09-12 10:41:05,COALINDIA
09-Sep-2022 11:12:15,,https://nsearchives.nseindia.com/corporate/COALINDIA_09092022111215_NSEandBSE_Regulation_Investormeet.pdf,Coal India Limited has informed the Exchange about Recording of Analysts/Institutional Investor Meet/Con. Call,,,Recording of Analysts/Institutional Investor Meet/Con. Call,00:00:04,09092022111215,09-Sep-2022 11:12:19,-,False,,,5089233,Mining,INE522F01014,Coal India Limited,2022-09-09 11:12:15,COALINDIA
08-Sep-2022 14:20:12,,https://nsearchives.nseindia.com/corporate/COALINDIA_08092022142012_CorporatePresentation.pdf,Coal India Limited has informed the Exchange about the Corporate Presentation of CIL.,,,Schedule of Analysts/Institutional Investor Meet/Con. Call,00:00:09,08092022142012,08-Sep-2022 14:20:21,-,False,,,5088698,Mining,INE522F01014,Coal India Limited,2022-09-08 14:20:12,COALINDIA
08-Sep-2022 13:12:06,,https://nsearchives.nseindia.com/corporate/COALINDIA_08092022131206_CorporatePresentation.pdf,Coal India Limited has informed the Exchange about the conference call for Un-Audited Financial Results for 1st quarter ended on 30th June 2022- Corporate Presentation,,,Schedule of Analysts/Institutional Investor Meet/Con. Call,00:00:48,08092022131206,08-Sep-2022 13:12:54,-,False,,,5088631,Mining,INE522F01014,Coal India Limited,2022-09-08 13:12:06,COALINDIA
07-Sep-2022 12:44:03,,https://nsearchives.nseindia.com/corporate/COALINDIA_07092022124403_press0709.pdf,Coal India Limited has informed the Exchange about press release dated 07-Sep-2022 titled Press Release-CIL���s output growth in absolute terms marks a new milestone,,,Press Release,00:00:13,07092022124403,07-Sep-2022 12:44:16,-,False,,,5087904,Mining,INE522F01014,Coal India Limited,2022-09-07 12:44:03,COALINDIA
07-Sep-2022 10:30:54,,https://nsearchives.nseindia.com/corporate/COALINDIA_07092022103054_concall08092022.pdf,Coal India Limited has informed the Exchange about Schedule of Analysts/Institutional Investor Meet/Con. Call ,,,Schedule of Analysts/Institutional Investor Meet/Con. Call,00:00:05,07092022103054,07-Sep-2022 10:30:59,-,False,,,5087811,Mining,INE522F01014,Coal India Limited,2022-09-07 10:30:54,COALINDIA
05-Sep-2022 13:12:12,,https://nsearchives.nseindia.com/corporate/COALINDIA_05092022131212_AGMMinutes.pdf,Coal India Limited has informed the Exchange about  Minutes of 48th AGM of Coal India Limited held on 30-Aug-2022,,,Annual General Meeting,00:00:06,05092022131212,05-Sep-2022 13:12:18,-,False,,,5086462,Mining,INE522F01014,Coal India Limited,2022-09-05 13:12:12,COALINDIA
02-Sep-2022 14:44:12,,https://nsearchives.nseindia.com/corporate/COALINDIA_02092022144412_potponmentofInvestormeet.pdf,Coal India Limited has informed the Exchange about the postponement of the Conference call with Financial Analysts for Un-audited Financial Results for the 1st  quarter ended on 30th June��� 2022.,,,General updates,00:00:09,02092022144412,02-Sep-2022 14:44:21,-,False,,,5085348,Mining,INE522F01014,Coal India Limited,2022-09-02 14:44:12,COALINDIA
02-Sep-2022 10:51:45,,https://nsearchives.nseindia.com/corporate/COALINDIA_02092022105145_Transcript.pdf,Coal India Limited has informed the Exchange about the Transcript of the 48th AGM of Coal India Limited held on 30th August��� 2022 ,,,General updates,00:00:03,02092022105145,02-Sep-2022 10:51:48,-,False,,,5085178,Mining,INE522F01014,Coal India Limited,2022-09-02 10:51:45,COALINDIA
01-Sep-2022 12:50:09,,https://nsearchives.nseindia.com/corporate/COALINDIA_01092022125009_PressRelease.pdf,Coal India Limited has informed the Exchange about press release dated 01-Sep-2022 titled CIL���s power sector supplies at 108% of target during Apr-Aug���22,,,Press Release,00:00:18,01092022125009,01-Sep-2022 12:50:27,-,False,,,5084635,Mining,INE522F01014,Coal India Limited,2022-09-01 12:50:09,COALINDIA
01-Sep-2022 12:41:15,,https://nsearchives.nseindia.com/corporate/COALINDIA_01092022124115_ProdAug22.pdf,Coal India Limited has informed the Exchange about Provisional Production and Off-take Performance of CIL and Subsidiary Companies for the month of  August���22 and for the period Apr��� 22-August���22. ,,,General updates,00:00:07,01092022124115,01-Sep-2022 12:41:22,-,False,,,5084663,Mining,INE522F01014,Coal India Limited,2022-09-01 12:41:15,COALINDIA
01-Sep-2022 12:33:36,,https://nsearchives.nseindia.com/corporate/COALINDIA_01092022123336_Concall.pdf,Coal India Limited has informed the Exchange about the Conference call for Un-audited Financial Results for the 1st  quarter ended on 30th June' 2022 ��� Revised Invite.,,,Schedule of Analysts/Institutional Investor Meet/Con. Call,00:00:09,01092022123336,01-Sep-2022 12:33:45,-,False,,,5084658,Mining,INE522F01014,Coal India Limited,2022-09-01 12:33:36,COALINDIA
31-Aug-2022 16:10:31,,https://nsearchives.nseindia.com/corporate/COALINDIA_31082022161030_Newspaper.pdf,Coal India Limited has informed the Exchange about Newspaper publication of Chairman���s Speech at 48th AGM of CIL,,,Newspaper Advertisements,00:00:04,31082022161031,31-Aug-2022 16:10:35,-,False,,,5084399,Mining,INE522F01014,Coal India Limited,2022-08-31 16:10:31,COALINDIA
31-Aug-2022 16:03:06,,https://nsearchives.nseindia.com/corporate/COALINDIA_31082022160306_Reg30.pdf,"Coal India Limited has informed the Exchange about the Disclosure under Regulation 30 of the SEBI (Listing Obligations and Disclosure Requirements) Regulations, 2015 - Amendment in the Articles of Association and Memorandum of Association of the Company",,,Amendment to AOA/MOA,00:00:03,31082022160306,31-Aug-2022 16:03:09,-,False,,,5084392,Mining,INE522F01014,Coal India Limited,2022-08-31 16:03:06,COALINDIA
31-Aug-2022 15:48:12,,https://nsearchives.nseindia.com/corporate/COALINDIA_31082022154812_AGMresults.pdf,Coal India Limited has informed the Exchange about Voting results and  Scrutinizer report of Annual General Meeting held on 30-Aug-2022,,,Annual General Meeting,00:00:04,31082022154812,31-Aug-2022 15:48:16,-,False,,,5084344,Mining,INE522F01014,Coal India Limited,2022-08-31 15:48:12,COALINDIA
31-Aug-2022 12:15:45,,https://nsearchives.nseindia.com/corporate/COALINDIA_31082022121545_Stataudit.pdf,Coal India Limited has informed the Exchange about the appointment of M/s Saraf & Chandra as Statutory Auditor of the company w.e.f. 31-Aug-2022,,,Appointment,00:00:09,31082022121545,31-Aug-2022 12:15:54,-,False,,,5084315,Mining,INE522F01014,Coal India Limited,2022-08-31 12:15:45,COALINDIA
30-Aug-2022 15:07:09,,https://nsearchives.nseindia.com/corporate/COALINDIA_30082022150709_48thAGMProceedings.pdf,Coal India Limited has informed the Exchange about the 48th AGM Proceedings along with Chairman Speech Held On 30.08.2022.,,,Annual General Meeting,00:00:12,30082022150709,30-Aug-2022 15:07:21,-,False,,,5083800,Mining,INE522F01014,Coal India Limited,2022-08-30 15:07:09,COALINDIA
22-Aug-2022 14:57:09,,https://nsearchives.nseindia.com/corporate/COALINDIA_22082022145709_PostponementofConcall.pdf,Coal India Limited has informed the Exchange about Postponement of Conference call with Financial Analysts for Un-audited Financial Results for 1st  quarter ended on 30th June��� 2022.,,,General updates,00:00:02,22082022145709,22-Aug-2022 14:57:11,-,False,,,5080311,Mining,INE522F01014,Coal India Limited,2022-08-22 14:57:09,COALINDIA
17-Aug-2022 16:06:15,,https://nsearchives.nseindia.com/corporate/COALINDIA_17082022160615_RevisedConcall.pdf,Coal India Limited has informed the Exchange about the Revised Schedule of Analysts/Institutional Investor Meet/Con. Call.,,,Schedule of Analysts/Institutional Investor Meet/Con. Call,00:00:02,17082022160615,17-Aug-2022 16:06:17,-,False,,,5078782,Mining,INE522F01014,Coal India Limited,2022-08-17 16:06:15,COALINDIA
17-Aug-2022 11:11:33,,https://nsearchives.nseindia.com/corporate/COALINDIA_17082022111133_BSENSE_merged.pdf,Coal India Limited has informed the Exchange about Schedule of Analysts/Institutional Investor Meet/Con. Call ,,,Schedule of Analysts/Institutional Investor Meet/Con. Call,00:00:07,17082022111133,17-Aug-2022 11:11:40,-,False,,,5078642,Mining,INE522F01014,Coal India Limited,2022-08-17 11:11:33,COALINDIA
11-Aug-2022 15:14:36,,https://nsearchives.nseindia.com/corporate/COALINDIA_11082022151436_BSENSENewspaper.pdf,Coal India Limited has informed the Exchange about the Newspaper publication of Un-Audited Financial Results of Coal India Limited (Standalone & Consolidated) for the 1st Quarter ended 30th June��� 2022.,,,Newspaper Advertisements,00:00:04,11082022151436,11-Aug-2022 15:14:40,-,False,,,5075713,Mining,INE522F01014,Coal India Limited,2022-08-11 15:14:36,COALINDIA
10-Aug-2022 17:55:51,,https://nsearchives.nseindia.com/corporate/COALINDIA_10082022175551_presentationfinal.pdf,Coal India Limited has informed the Exchange about Presentation made by Company ,,,General updates,00:00:05,10082022175551,10-Aug-2022 17:55:56,-,False,,,5074982,Mining,INE522F01014,Coal India Limited,2022-08-10 17:55:51,COALINDIA
10-Aug-2022 17:52:36,,https://nsearchives.nseindia.com/corporate/COALINDIA_10082022175236_BSENSE300622.pdf,Coal India Limited  has informed the Exchange about Board Meeting held on 10-Aug-2022 to consider Un-Audited Financial Results of Coal India Limited (Standalone & Consolidated) for the 1st Quarter ended 30th June��� 2022.,,,Outcome of Board Meeting,00:00:04,10082022175236,10-Aug-2022 17:52:40,-,False,,,5074979,Mining,INE522F01014,Coal India Limited,2022-08-10 17:52:36,COALINDIA
08-Aug-2022 14:55:57,,https://nsearchives.nseindia.com/corporate/COALINDIA_08082022145557_IMG_0002_merged.pdf,Coal India Limited has informed the Exchange about Newspaper Advertisements of revised AGM notice of CIL,,,Newspaper Advertisements,00:00:02,08082022145557,08-Aug-2022 14:55:59,-,False,,,5072653,Mining,INE522F01014,Coal India Limited,2022-08-08 14:55:57,COALINDIA
05-Aug-2022 15:12:34,,https://nsearchives.nseindia.com/corporate/COALINDIA_05082022151233_BSENSERAR2122.pdf,Coal India Limited has informed the Exchange about the Revised Notice of AGM and Revised Annual Report and Accounts 2021-22 of Coal India Limited for the Annual General Meeting to be held on 30-Aug-2022,,,Annual General Meeting,00:00:04,05082022151234,05-Aug-2022 15:12:38,-,False,,,5071260,Mining,INE522F01014,Coal India Limited,2022-08-05 15:12:34,COALINDIA
02-Aug-2022 14:44:51,,https://nsearchives.nseindia.com/corporate/COALINDIA_02082022144451_Newspaper.pdf,Coal India Limited has informed the Exchange about Newspaper Advertisements,,,Newspaper Advertisements,00:00:02,02082022144451,02-Aug-2022 14:44:53,-,False,,,5068587,Mining,INE522F01014,Coal India Limited,2022-08-02 14:44:51,COALINDIA
01-Aug-2022 13:04:18,,https://nsearchives.nseindia.com/corporate/COALINDIA_01082022130418_PressRelease.pdf,"Coal India Limited has informed the Exchange about a press release dated 01-Aug-2022 titled Press Release-CIL production up by 40 MTs in April-July���22, posts 24% growth",,,Press Release,00:00:03,01082022130418,01-Aug-2022 13:04:21,-,False,,,5067733,Mining,INE522F01014,Coal India Limited,2022-08-01 13:04:18,COALINDIA
01-Aug-2022 11:53:48,,https://nsearchives.nseindia.com/corporate/COALINDIA_01082022115348_Production01082022.pdf,Coal India Limited has informed the Exchange about Provisional Production and Off-take Performance of CIL and Subsidiary Companies for the month of July���22 and for the period Apr���22-July���22,,,General updates,00:00:04,01082022115348,01-Aug-2022 11:53:52,-,False,,,5067635,Mining,INE522F01014,Coal India Limited,2022-08-01 11:53:48,COALINDIA
29-Jul-2022 17:15:48,,https://nsearchives.nseindia.com/corporate/COALINDIA_29072022171548_NSEBSEAR2122.pdf,Coal India Limited has informed the Exchange that Record date for the purpose of Dividend  is 12-Aug-2022.,,,Record Date,00:00:03,29072022171548,29-Jul-2022 17:15:51,-,False,,,5066708,Mining,INE522F01014,Coal India Limited,2022-07-29 17:15:48,COALINDIA
18-Jul-2022 17:21:33,,https://nsearchives.nseindia.com/corporate/COALINDIA_18072022172133_newspaper1807.pdf,"Coal India Limited has informed the Exchange about Further to our letter Ref.No.CIL:XI(D):4157/4156:2022 dated 15.07.2022, we are once again enclosing legible hard copies of Press release issued on 15.07.2022 in one English newspaper viz. ���The Times of India ���, Bengali newspaper i.e. ���Aajkaal��� and one Hindi  i.e ���Dainik Vishwamitra��� publishing the Pre-AGM Notice of CIL",,,General updates,00:00:02,18072022172133,18-Jul-2022 17:21:35,-,False,,,5060630,Mining,INE522F01014,Coal India Limited,2022-07-18 17:21:33,COALINDIA
15-Jul-2022 15:05:06,,https://nsearchives.nseindia.com/corporate/COALINDIA_15072022150506_PreAGMnotice.pdf,Coal India Limited has informed the Exchange about Newspaper publication of Publication of Pre AGM Notice of 48th AGM of CIL,,,Newspaper Advertisements,00:00:03,15072022150506,15-Jul-2022 15:05:09,-,False,,,5059657,Mining,INE522F01014,Coal India Limited,2022-07-15 15:05:06,COALINDIA
13-Jul-2022 12:26:57,,https://nsearchives.nseindia.com/corporate/COALINDIA_13072022122657_DebashishNanda.pdf,"Coal India Limited has informed the Exchange about Brief Profile of Shri Debasish Nanda as Director ( Business Development), CIL",,,General updates,00:00:03,13072022122657,13-Jul-2022 12:27:00,-,False,,,5058564,Mining,INE522F01014,Coal India Limited,2022-07-13 12:26:57,COALINDIA
11-Jul-2022 12:53:51,,https://nsearchives.nseindia.com/corporate/COALINDIA_11072022125351_IMG_0002.pdf,Coal India Limited  has informed the Exchange about appointment of Shri Debasish Nanda as Director (Business Development) on the Board of Coal India Limited (CIL) company w.e.f. 11-Jul-2022,,,Appointment,00:00:04,11072022125351,11-Jul-2022 12:53:55,-,False,,,5057506,Mining,INE522F01014,Coal India Limited,2022-07-11 12:53:51,COALINDIA
11-Jul-2022 12:20:54,,https://nsearchives.nseindia.com/corporate/COALINDIA_11072022122054_IMG_0001.pdf,Coal India Limited has informed the Exchange about press release dated 11-Jul-2022 titled Press Release-CIL���s Capex up 65% in Q1 FY���23: posts growth for ninth successive quarter ,,,Press Release,00:00:04,11072022122054,11-Jul-2022 12:20:58,-,False,,,5057521,Mining,INE522F01014,Coal India Limited,2022-07-11 12:20:54,COALINDIA
04-Jul-2022 14:54:15,,https://nsearchives.nseindia.com/corporate/COALINDIA_04072022145415_REG74.pdf,"Coal India Limited has informed the Exchange about Certificate under Regulation 74(5) of the SEBI (Depository and participants) Regulations, 2018 for the quarter ended 30th June��� 2022",,,General updates,00:00:06,04072022145415,04-Jul-2022 14:54:21,-,False,,,5054784,Mining,INE522F01014,Coal India Limited,2022-07-04 14:54:15,COALINDIA
01-Jul-2022 14:28:39,,https://nsearchives.nseindia.com/corporate/COALINDIA_01072022142839_ProductionJune22.pdf,Coal India Limited has informed the Exchange about Provisional Production and Off-take Performance of CIL and Subsidiary Companies for the month of June���22 and for the period Apr���22-June���22. ,,,General updates,00:00:08,01072022142839,01-Jul-2022 14:28:47,-,False,,,5054151,Mining,INE522F01014,Coal India Limited,2022-07-01 14:28:39,COALINDIA
01-Jul-2022 13:41:24,,https://nsearchives.nseindia.com/corporate/COALINDIA_01072022134124_PRESSRELEASE.pdf,Coal India Limited has informed the Exchange about press release dated 01-Jul-2022 titled Coal India���s production sets record increase of 36 MTs in Q1 FY���23,,,Press Release,00:00:03,01072022134124,01-Jul-2022 13:41:27,-,False,,,5054125,Mining,INE522F01014,Coal India Limited,2022-07-01 13:41:24,COALINDIA
24-Jun-2022 13:01:22,,https://nsearchives.nseindia.com/corporate/COALINDIA_24062022130122_TradingwindowClosureCircular.pdf,Coal India Limited has informed the Exchange about Closure of trading window,,,Closure of trading window,00:00:02,24062022130122,24-Jun-2022 13:01:24,-,False,,,5050065,Mining,INE522F01014,Coal India Limited,2022-06-24 13:01:22,COALINDIA
21-Jun-2022 15:39:54,,https://nsearchives.nseindia.com/corporate/COALINDIA_21062022153954_IMG_00021.pdf,Coal India Limited has informed the Exchange about press release dated 21-Jun-2022 titled Press Release- ���CIL���s pre-bid meeting with prospective bidders���,,,Press Release,00:00:03,21062022153954,21-Jun-2022 15:39:57,-,False,,,5048979,Mining,INE522F01014,Coal India Limited,2022-06-21 15:39:54,COALINDIA
17-Jun-2022 14:14:43,,https://nsearchives.nseindia.com/corporate/COALINDIA_17062022141443_PressRelease.pdf,Coal India Limited has informed the Exchange about a press release dated 17-Jun-2022 titled CIL���s tech tweak for green mining options.,,,Press Release,00:00:15,17062022141443,17-Jun-2022 14:14:58,-,False,,,5047348,Mining,INE522F01014,Coal India Limited,2022-06-17 14:14:43,COALINDIA
10-Jun-2022 15:45:08,,https://nsearchives.nseindia.com/corporate/COALINDIA_10062022154508_pressrelaease10062022.pdf,Coal India Limited has informed the Exchange about press release dated 10-Jun-2022 titled CIL to dial in 6 MTs more coal from abroad: Medium Term Tenders floated.,,,Press Release,00:00:02,10062022154508,10-Jun-2022 15:45:10,-,False,,,5045091,Mining,INE522F01014,Coal India Limited,2022-06-10 15:45:08,COALINDIA
09-Jun-2022 11:04:35,,https://nsearchives.nseindia.com/corporate/COALINDIA_09062022110435_IMG_0001.pdf,Coal India Limited has informed the Exchange about press release dated 09-Jun-2022 titled Press Release - Coal India floats its maiden tender for coal imports,,,Press Release,00:00:09,09062022110435,09-Jun-2022 11:04:44,-,False,,,5044506,Mining,INE522F01014,Coal India Limited,2022-06-09 11:04:35,COALINDIA
08-Jun-2022 15:36:54,,https://nsearchives.nseindia.com/corporate/COALINDIA_08062022153654_RelatedPartyTransactions.pdf,Coal India Limited has informed the Exchange about related party transaction for the period ended March 2022,,,Related Party Transaction,00:00:03,08062022153654,08-Jun-2022 15:36:57,-,False,,,5044167,Mining,INE522F01014,Coal India Limited,2022-06-08 15:36:54,COALINDIA
08-Jun-2022 11:47:47,,https://nsearchives.nseindia.com/corporate/COALINDIA_08062022114747_NSE.pdf,Coal India Limited has informed the Exchange about Financial Results updates - Machine-Readable Form / Legible copy of Financial Results for the year ended 31.03.2022. ,,,General updates,00:00:03,08062022114747,08-Jun-2022 11:47:50,-,False,,,5044043,Mining,INE522F01014,Coal India Limited,2022-06-08 11:47:47,COALINDIA
01-Jun-2022 12:46:45,,https://nsearchives.nseindia.com/corporate/COALINDIA_01062022124645_PressRelease.pdf,Coal India Limited has informed the Exchange about press release dated 01-Jun-2022 titled Coal India logs 30% production growth in May���22,,,Press Release,00:00:03,01062022124645,01-Jun-2022 12:46:48,-,False,,,5041404,Mining,INE522F01014,Coal India Limited,2022-06-01 12:46:45,COALINDIA
01-Jun-2022 12:33:22,,https://nsearchives.nseindia.com/corporate/COALINDIA_01062022123321_Production.pdf,Coal India Limited has informed the Exchange about Provisional Production and Off-take Performance of CIL and Subsidiary Companies for the month of  May���22 and for the period Apr��� 22-May���22. ,,,General updates,00:00:04,01062022123322,01-Jun-2022 12:33:26,-,False,,,5041385,Mining,INE522F01014,Coal India Limited,2022-06-01 12:33:22,COALINDIA
01-Jun-2022 11:45:50,,https://nsearchives.nseindia.com/corporate/COALINDIA_01062022114550_AppntCompanySecretary.pdf,Coal India Limited  has informed the Exchange about appointment of M Viswanathan as Company Secretary of the company w.e.f. 01-Jun-2022,,,Appointment,00:00:04,01062022114550,01-Jun-2022 11:45:54,-,False,,,5041342,Mining,INE522F01014,Coal India Limited,2022-06-01 11:45:50,COALINDIA
26-May-2022 17:37:13,,https://nsearchives.nseindia.com/corporate/COALINDIA_26052022173705_NewsClarification.pdf,COALINDIA : The Exchange has sought clarification from Coal India Limited with respect to recent news item captioned Coal India to sell 25% stake in Bharat Coking Coal.  The response from the Company is attached.,,,News Verification,00:00:06,26052022173713,26-May-2022 17:37:19,-,False,,,5036836,Mining,INE522F01014,Coal India Limited,2022-05-26 17:37:13,COALINDIA
26-May-2022 13:24:10,,https://nsearchives.nseindia.com/corporate/COALINDIA_26052022132256_Newspaper_Fin_Results.pdf,Coal India Limited has informed the Exchange about Newspaper Advertisements,,,Newspaper Advertisements,00:00:14,26052022132410,26-May-2022 13:24:24,-,False,,,5036464,Mining,INE522F01014,Coal India Limited,2022-05-26 13:24:10,COALINDIA
25-May-2022 17:34:03,,https://nsearchives.nseindia.com/corporate/COALINDIA_25052022173403_Presentation_Accounts.pdf,Coal India Limited has informed the Exchange about Presentation made by Company ,,,General updates,00:00:05,25052022173403,25-May-2022 17:34:08,-,False,,,5035925,Mining,INE522F01014,Coal India Limited,2022-05-25 17:34:03,COALINDIA
25-May-2022 17:31:00,,-,COALINDIA : The Exchange has sought clarification from Coal India Limited with respect to recent news item captioned Coal India to sell 25% stake in Bharat Coking Coal.  The response from the Company is awaited.,,,News Verification,00:00:07,25052022173100,25-May-2022 17:31:07,-,False,,,5035897,Mining,INE522F01014,Coal India Limited,2022-05-25 17:31:00,COALINDIA
25-May-2022 17:06:48,,https://nsearchives.nseindia.com/corporate/COALINDIA_25052022170640_NSBSEMARC22.pdf,"Coal India Limited has informed the Exchange that Board of Directors at its meeting held on 25-May-2022, declared Dividend of Rs. 3 per equity share.",,,Dividend,00:00:06,25052022170648,25-May-2022 17:06:54,-,False,,,5035847,Mining,INE522F01014,Coal India Limited,2022-05-25 17:06:48,COALINDIA
25-May-2022 17:06:46,,https://nsearchives.nseindia.com/corporate/COALINDIA_25052022170646_NSBSEMARC22.pdf,Coal India Limited  has informed the Exchange about Board Meeting held on 25-May-2022 to consider financial statements for the period ended March 2022 and Dividend,,,Outcome of Board Meeting,00:00:03,25052022170646,25-May-2022 17:06:49,-,False,,,5035846,Mining,INE522F01014,Coal India Limited,2022-05-25 17:06:46,COALINDIA
25-May-2022 17:03:34,,https://nsearchives.nseindia.com/corporate/NSBSEMARC22_25052022170334.pdf,"Coal India Limited has submitted to the Exchange, the financial results for the period ended March 31, 2022.",,,Financial Result Updates,00:01:30,25052022170334,25-May-2022 17:05:04,-,False,,,149388,Mining,INE522F01014,Coal India Limited,2022-05-25 17:03:34,COALINDIA
17-May-2022 11:37:25,,https://nsearchives.nseindia.com/corporate/COALINDIA_17052022113723_NewspaperBoardNotice.pdf,Coal India Limited has informed the Exchange about Newspaper Advertisements,,,Newspaper Advertisements,00:00:05,17052022113725,17-May-2022 11:37:30,-,False,,,5030551,Mining,INE522F01014,Coal India Limited,2022-05-17 11:37:25,COALINDIA
12-May-2022 13:02:36,,https://nsearchives.nseindia.com/corporate/COALINDIA_12052022130218_Transcript.pdf,Coal India Limited has informed the Exchange about Transcript of Analysts/Institutional Investor Meet/Con. Call ,,,Transcript of Analysts/Institutional Investor Meet/Con. Call,00:00:09,12052022130236,12-May-2022 13:02:45,-,False,,,5028412,Mining,INE522F01014,Coal India Limited,2022-05-12 13:02:36,COALINDIA
11-May-2022 11:25:13,,https://nsearchives.nseindia.com/corporate/COALINDIA_11052022112507_RecordingInvestorsMeet.pdf,Coal India Limited has informed the Exchange about Recording of Analysts/Institutional Investor Meet/Con. Call,,,Recording of Analysts/Institutional Investor Meet/Con. Call,00:00:05,11052022112513,11-May-2022 11:25:18,-,False,,,5027731,Mining,INE522F01014,Coal India Limited,2022-05-11 11:25:13,COALINDIA
04-May-2022 12:55:50,,https://nsearchives.nseindia.com/corporate/COALINDIA_04052022125548_InvestorsMeetUpdated.pdf,"Further to our letter ref no: CIL:XI(D):4157/4156:2022 dated 4th May���2022, this is to inform that keeping the appropriate Covid protocols, the Investor Meet for  Launch of Closed/Discontinued Mines of CIL on Revenue Sharing Model and Coal Gasification- Way forward scheduled to be held on Friday, 6th May��� 2022 at 10.00 A.M. (IST) at Hotel Sahara Star, Vile Parle (E), Mumbai is on invitation basis.",,,Schedule of Analysts/Institutional Investor Meet/Con. Call,00:00:11,04052022125550,04-May-2022 12:56:01,-,False,,,5024769,Mining,INE522F01014,Coal India Limited,2022-05-04 12:55:50,COALINDIA
04-May-2022 11:31:10,,https://nsearchives.nseindia.com/corporate/COALINDIA_04052022113108_InvesrorsMeet.pdf,"MoC, GOI and CIL are organising Investors��� meet for ���launch of Closed/Discontinued Mines of CIL on Revenue Sharing Model and Coal Gasification: Way Forward��� on Friday, 6th May��� 2022 at 10.00 A.M. (IST) at Hotel Sahara Star, Vile Parle (E), Mumbai which will be attended by Hon���ble Minister of Coal, Hon���ble Minister of State for Rail, Coal & Mines, Secretary, MoC, and Chairman, CIL and other dignitaries of Ministry of Coal and Coal India Limited. The Invitation is enclosed. This is for your information and records as per Regulation 30 of SEBI (LoDR)��� 2015.",,,Schedule of Analysts/Institutional Investor Meet/Con. Call,00:00:03,04052022113110,04-May-2022 11:31:13,-,False,,,5024746,Mining,INE522F01014,Coal India Limited,2022-05-04 11:31:10,COALINDIA
02-May-2022 11:41:53,,https://nsearchives.nseindia.com/corporate/COALINDIA_02052022114153_CessationOfDirectorship.pdf,Coal India Limited has informed the Exchange about Cessation of Directorship at Coal India Limited.,,,General updates,00:00:04,02052022114153,02-May-2022 11:41:57,-,False,,,5024011,Mining,INE522F01014,Coal India Limited,2022-05-02 11:41:53,COALINDIA
02-May-2022 11:31:50,,https://nsearchives.nseindia.com/corporate/COALINDIA_02052022113150_PressRelease.pdf,Coal India Limited has informed the Exchange about press release dated 02-May-2022 titled CIL���s supplies to power plants up 16% amid soaring generation.,,,Press Release,00:00:05,02052022113150,02-May-2022 11:31:55,-,False,,,5023994,Mining,INE522F01014,Coal India Limited,2022-05-02 11:31:50,COALINDIA
02-May-2022 07:13:32,,https://nsearchives.nseindia.com/corporate/COALINDIA_02052022071326_ProductionApr22.pdf,Coal India Limited has informed the Exchange about Provisional Production and Off-take Performance of CIL and its Subsidiary Companies for the month of Apr'22.,,,General updates,00:00:05,02052022071332,02-May-2022 07:13:37,-,False,,,5023970,Mining,INE522F01014,Coal India Limited,2022-05-02 07:13:32,COALINDIA
19-Apr-2022 12:19:32,,https://nsearchives.nseindia.com/corporate/COALINDIA_19042022121928_PressRelease.pdf,Coal India Limited has informed the Exchange about press release dated 19-Apr-2022 titled Coal India���s supplies to Power Sector scale up 14% amid rising demand.,,,Press Release,00:00:07,19042022121932,19-Apr-2022 12:19:39,-,False,,,5019821,Mining,INE522F01014,Coal India Limited,2022-04-19 12:19:32,COALINDIA
19-Apr-2022 10:41:16,,https://nsearchives.nseindia.com/corporate/COALINDIA_19042022104113_bsense.pdf,Coal India Limited has informed the Exchange about Voting results and  Scrutinizer report of Postal Ballot,,,Postal Ballot,00:00:05,19042022104116,19-Apr-2022 10:41:21,-,False,,,5019792,Mining,INE522F01014,Coal India Limited,2022-04-19 10:41:16,COALINDIA
12-Apr-2022 12:12:37,,https://nsearchives.nseindia.com/corporate/COALINDIA_12042022121234_PressRelease.pdf,Coal India Limited has informed the Exchange about press release dated 12-Apr-2022 titled Coal India���s Rs.14.8K Cr Capex boost in FY���22,,,Press Release,00:00:08,12042022121237,12-Apr-2022 12:12:45,-,False,,,5017964,Mining,INE522F01014,Coal India Limited,2022-04-12 12:12:37,COALINDIA
11-Apr-2022 13:00:14,,https://nsearchives.nseindia.com/corporate/AN_O11042022130014.xlsx,Promoter/Promoter Group of Coal India Limited has submitted a disclosure under Regulation 31(4) of SEBI Takeover Regulations for the year ended 31-Mar-2022,,,Disclosure under SEBI Takeover Regulations,00:00:10,11042022130014,11-Apr-2022 13:00:24,-,False,,,200009287,Mining,INE522F01014,Coal India Limited,2022-04-11 13:00:14,COALINDIA
05-Apr-2022 15:40:15,,https://nsearchives.nseindia.com/corporate/COALINDIA_05042022154011_Reg745.pdf,"Coal India Limited has informed the Exchange about Certificate under Regulation 74(5) of the SEBI (Depository and participants) Regulations, 2018 for the quarter ended 31st March��� 2022",,,General updates,00:00:05,05042022154015,05-Apr-2022 15:40:20,-,False,,,5015253,Mining,INE522F01014,Coal India Limited,2022-04-05 15:40:15,COALINDIA
01-Apr-2022 13:12:56,,https://nsearchives.nseindia.com/corporate/COALINDIA_01042022131256_ProdOffTake.pdf,Coal India Limited has informed the Exchange about Provisional Production and Off-take Performance of CIL and Subsidiary Companies for the month of Mar���22 and for the period Apr��� 21- Mar���22,,,General updates,00:00:10,01042022131256,01-Apr-2022 13:13:06,-,False,,,5014127,Mining,INE522F01014,Coal India Limited,2022-04-01 13:12:56,COALINDIA
01-Apr-2022 12:18:19,,https://nsearchives.nseindia.com/corporate/COALINDIA_01042022121817_PressRelease.pdf,Coal India Limited has informed the Exchange about press release dated 01-Apr-2022 titled ���Coal India ends FY���22 with historic high output and off-take���,,,Press Release,00:00:08,01042022121819,01-Apr-2022 12:18:27,-,False,,,5014104,Mining,INE522F01014,Coal India Limited,2022-04-01 12:18:19,COALINDIA
28-Mar-2022 11:42:09,,https://nsearchives.nseindia.com/corporate/COALINDIA_28032022114209_bsense.pdf,CIL is going to publish a press release with the caption ���Coal India meets 98% projected coal demand of power plants ��� in leading newspapers on 28th March.���2022 (copy of the press release is enclosed). This is for your information and record as per Regulation 30 of SEBI LoDR��� 2015. ,,,Press Release,00:00:12,28032022114209,28-Mar-2022 11:42:21,-,False,,,5011143,Mining,INE522F01014,Coal India Limited,2022-03-28 11:42:09,COALINDIA
25-Mar-2022 12:37:46,,https://nsearchives.nseindia.com/corporate/COALINDIA_25032022123746_Trading_Window_Closure.pdf,"This is to inform that the Trading Window will be closed pursuant to the Coal India Limited Code to Regulate, Monitor, and Report Trading by Directors, Promoters, Designated Employees, and Specified Connected Persons of the Company and Subsidiaries of the Company from March 28, 2022, till the end of 48 hours after the declaration of Financial Results of the Company for the 4th quarter and year ended March 31, 2022.",,,Closure of trading window,00:00:04,25032022123746,25-Mar-2022 12:37:50,-,False,,,5010590,Mining,INE522F01014,Coal India Limited,2022-03-25 12:37:46,COALINDIA
15-Mar-2022 15:34:25,,https://nsearchives.nseindia.com/corporate/COALINDIA_15032022153421_Newspaper.pdf,Submission of copies of Newspaper advertisement of Notice of Postal Ballot.,,,Postal Ballot,00:00:05,15032022153425,15-Mar-2022 15:34:30,-,False,,,5007888,Mining,INE522F01014,Coal India Limited,2022-03-15 15:34:25,COALINDIA
14-Mar-2022 11:07:50,,https://nsearchives.nseindia.com/corporate/COALINDIA_14032022110750_EGMNotice.pdf,Coal India Limited has informed the Exchange about Notice of Postal Ballot,,,Postal Ballot,00:00:02,14032022110750,14-Mar-2022 11:07:52,-,False,,,5007532,Mining,INE522F01014,Coal India Limited,2022-03-14 11:07:50,COALINDIA
09-Mar-2022 10:29:35,,https://nsearchives.nseindia.com/corporate/COALINDIA_09032022102934_IMG_0001_merged.pdf,Coal India Limited has informed the Exchange about press release dated 09-Mar-2022 titled CIL���s first auction under common window gets rousing response ,,,Press Release,00:00:07,09032022102935,09-Mar-2022 10:29:42,-,False,,,5006485,Mining,INE522F01014,Coal India Limited,2022-03-09 10:29:35,COALINDIA
07-Mar-2022 10:12:01,,https://nsearchives.nseindia.com/corporate/COALINDIA_07032022101159_IMG_0001_merged.pdf,Coal India Limited has informed the Exchange about press release dated 07-Mar-2022 titled CIL���s total off-take chalks yet another record,,,Press Release,00:00:25,07032022101201,07-Mar-2022 10:12:26,-,False,,,5005873,Mining,INE522F01014,Coal India Limited,2022-03-07 10:12:01,COALINDIA
04-Mar-2022 10:27:51,,https://nsearchives.nseindia.com/corporate/COALINDIA_04032022102751_bsense.pdf,Coal India Limited has informed the Exchange about a press release dated 04-Mar-2022 titled CIL���s off-take to Power Sector hits a historic high,,,Press Release,00:00:04,04032022102751,04-Mar-2022 10:27:55,-,False,,,5005102,Mining,INE522F01014,Coal India Limited,2022-03-04 10:27:51,COALINDIA
04-Mar-2022 10:25:40,,https://nsearchives.nseindia.com/corporate/COALINDIA_04032022102511_bsense.pdf,Coal India Limited has informed the Exchange about press release dated 04-Mar-2022 titled CIL���s off-take to Power Sector hits a historic high,,,Press Release,00:00:07,04032022102540,04-Mar-2022 10:25:47,-,False,,,5005101,Mining,INE522F01014,Coal India Limited,2022-03-04 10:25:40,COALINDIA
01-Mar-2022 10:40:40,,https://nsearchives.nseindia.com/corporate/COALINDIA_01032022104040_bseprodmar21.pdf,Coal India Limited has informed the Exchange about Provisional Production and Off-take Performance of CIL and Subsidiary Companies for the month of February���22 and for the period Apr���21-Feb���22. ,,,General updates,00:00:13,01032022104040,01-Mar-2022 10:40:53,-,False,,,5003913,Mining,INE522F01014,Coal India Limited,2022-03-01 10:40:40,COALINDIA
22-Feb-2022 04:21:52,,https://nsearchives.nseindia.com/corporate/COALINDIA_22022022042151_NSEBSETransc.pdf,Transcript of Conference call for Financial Results for Un-audited Financial Results for 3rd quarter and nine months ended on 31st December.���2021,,,Transcript of Analysts/Institutional Investor Meet/Con. Call,00:00:03,22022022042152,22-Feb-2022 04:21:55,-,False,,,5000654,Mining,INE522F01014,Coal India Limited,2022-02-22 04:21:52,COALINDIA
21-Feb-2022 15:55:14,,https://nsearchives.nseindia.com/corporate/COALINDIA_21022022155514_NSEBSETransc.pdf,Coal India Limited has informed the Exchange about Transcript of Analysts/Institutional Investor Meet/Con. Call ,,,Transcript of Analysts/Institutional Investor Meet/Con. Call,00:00:33,21022022155514,21-Feb-2022 15:55:47,-,False,,,5001269,Mining,INE522F01014,Coal India Limited,2022-02-21 15:55:14,COALINDIA
18-Feb-2022 11:03:33,,https://nsearchives.nseindia.com/corporate/COALINDIA_18022022110333_NseBseConCall.pdf,Coal India Limited has informed the Exchange about Link of Recording,,,Analysts/Institutional Investor Meet/Con. Call Updates,00:00:10,18022022110333,18-Feb-2022 11:03:43,-,False,,,105246167,Mining,INE522F01014,Coal India Limited,2022-02-18 11:03:33,COALINDIA
18-Feb-2022 09:56:15,,https://nsearchives.nseindia.com/corporate/COALINDIA_18022022095615_PressRelease.pdf,Coal India Limited has informed the Exchange regarding 'CIL is going to publish a press release with caption  CIL s FY '22 despatch as of Feb 16 exceeds total supplies logged in FY  21  in leading newspapers on 18th Feb 22 (copy of the press release is enclosed). This is for your information and record as per Regulation 30 of SEBI LoDR  2015. '.,,,Updates,00:00:07,18022022095615,18-Feb-2022 09:56:22,-,False,,,105246154,Mining,INE522F01014,Coal India Limited,2022-02-18 09:56:15,COALINDIA
17-Feb-2022 11:49:06,,https://nsearchives.nseindia.com/corporate/COALINDIA_17022022114906_ConfCallQ3.pdf,Coal India Limited has informed the Exchange about Schedule of meet and Presentation,,,Analysts/Institutional Investor Meet/Con. Call Updates,00:00:20,17022022114906,17-Feb-2022 11:49:26,-,False,,,105245185,Mining,INE522F01014,Coal India Limited,2022-02-17 11:49:06,COALINDIA
15-Feb-2022 15:23:57,,https://nsearchives.nseindia.com/corporate/COALINDIA_15022022152357_NewspaperBSENse.pdf,Coal India Limited has informed the Exchange about Copy of Newspaper Publication,,,Copy of Newspaper Publication,00:00:18,15022022152357,15-Feb-2022 15:24:15,-,False,,,105242483,Mining,INE522F01014,Coal India Limited,2022-02-15 15:23:57,COALINDIA
14-Feb-2022 17:37:46,,https://nsearchives.nseindia.com/corporate/COALINDIA_14022022173746_interimdividend.pdf,"Coal India Limited has informed the Exchange that Board of Directors at its meeting held on February 14, 2022, declared Interim Dividend of 5 per equity share.",,,Dividend,00:00:15,14022022173746,14-Feb-2022 17:38:01,-,False,,,105240905,Mining,INE522F01014,Coal India Limited,2022-02-14 17:37:46,COALINDIA
14-Feb-2022 17:34:22,,https://nsearchives.nseindia.com/corporate/accts31122021_14022022173422.pdf,"Coal India Limited has submitted to the Exchange, the financial results for the period ended December 31, 2021.",,,Financial Result Updates,00:01:43,14022022173422,14-Feb-2022 17:36:05,-,False,,,148100,Mining,INE522F01014,Coal India Limited,2022-02-14 17:34:22,COALINDIA
09-Feb-2022 12:19:29,,https://nsearchives.nseindia.com/corporate/COALINDIA_09022022121929_Permanent_Invitee.pdf,Coal India Limited has informed the Exchange regarding 'Appointment of Permanent Invitee on the Board of CIL'.,,,Updates,00:00:13,09022022121929,09-Feb-2022 12:19:42,-,False,,,105234611,Mining,INE522F01014,Coal India Limited,2022-02-09 12:19:29,COALINDIA
09-Feb-2022 11:38:24,,https://nsearchives.nseindia.com/corporate/COALINDIA_09022022113824_Newspaper.pdf,Coal India Limited has informed the Exchange about Copy of Newspaper Publication,,,Copy of Newspaper Publication,00:00:09,09022022113824,09-Feb-2022 11:38:33,-,False,,,105234581,Mining,INE522F01014,Coal India Limited,2022-02-09 11:38:24,COALINDIA
08-Feb-2022 14:45:19,,https://nsearchives.nseindia.com/corporate/COALINDIA_08022022144519_ConCallmerged.pdf,Coal India Limited has informed the Exchange about Schedule of meet,,,Analysts/Institutional Investor Meet/Con. Call Updates,00:00:10,08022022144519,08-Feb-2022 14:45:29,-,False,,,105232925,Mining,INE522F01014,Coal India Limited,2022-02-08 14:45:19,COALINDIA
08-Feb-2022 11:30:44,,https://nsearchives.nseindia.com/corporate/COALINDIA_08022022113044_bsense.pdf,Coal India Limited has informed the Exchange that Record date for the purpose of Dividend  is 22-Feb-2022.,,,Record Date,00:00:19,08022022113044,08-Feb-2022 11:31:03,-,False,,,105232751,Mining,INE522F01014,Coal India Limited,2022-02-08 11:30:44,COALINDIA
01-Feb-2022 14:33:07,,https://nsearchives.nseindia.com/corporate/COALINDIA_01022022143307_DirectorBSE_NSE.pdf,Coal India Limited has informed the Exchange regarding Change in Director(s) of the company.,,,Change in Director(s),00:00:11,01022022143307,01-Feb-2022 14:33:18,-,False,,,105224846,Mining,INE522F01014,Coal India Limited,2022-02-01 14:33:07,COALINDIA
01-Feb-2022 14:25:27,,https://nsearchives.nseindia.com/corporate/COALINDIA_01022022142527_PressRelease.pdf,Coal India Limited has informed the Exchange regarding 'Press Release'.,,,Updates,00:00:14,01022022142527,01-Feb-2022 14:25:41,-,False,,,105224839,Mining,INE522F01014,Coal India Limited,2022-02-01 14:25:27,COALINDIA
01-Feb-2022 12:57:10,,https://nsearchives.nseindia.com/corporate/COALINDIA_01022022125710_bsensejan22.pdf,Coal India Limited has informed the Exchange regarding 'Provisional Production and Off-take Performance of CIL and Subsidiary Companies for the month of January 22 and for the period Apr 21-Jan 22. '.,,,Updates,00:00:11,01022022125710,01-Feb-2022 12:57:21,-,False,,,105224742,Mining,INE522F01014,Coal India Limited,2022-02-01 12:57:10,COALINDIA
19-Jan-2022 13:09:25,,https://nsearchives.nseindia.com/corporate/COALINDIA_19012022130925_PressRelease.pdf,Coal India Limited has informed the Exchange regarding 'Press Release'.,,,Updates,00:00:07,19012022130925,19-Jan-2022 13:09:32,-,False,,,105211413,Mining,INE522F01014,Coal India Limited,2022-01-19 13:09:25,COALINDIA
13-Jan-2022 15:11:58,,https://nsearchives.nseindia.com/corporate/COALINDIA_13012022151158_BSENSE.pdf,Coal India Limited has informed the Exchange regarding 'Appointment of Permanent Invitee on the Board of CIL'.,,,Updates,00:00:16,13012022151158,13-Jan-2022 15:12:14,-,False,,,105205555,Mining,INE522F01014,Coal India Limited,2022-01-13 15:11:58,COALINDIA
07-Jan-2022 11:06:04,,https://nsearchives.nseindia.com/corporate/COALINDIA_07012022110604_reg74.pdf,"Coal India Limited has informed the Exchange about Certificate under SEBI (Depositories and Participants) Regulations, 2018",,,"Certificate under SEBI (Depositories and Participants) Regulations, 2018",00:00:11,07012022110604,07-Jan-2022 11:06:15,-,False,,,105199068,Mining,INE522F01014,Coal India Limited,2022-01-07 11:06:04,COALINDIA
04-Jan-2022 15:01:50,,https://nsearchives.nseindia.com/corporate/COALINDIA_04012022150149_BSENSE.pdf,Coal India Limited has informed the Exchange regarding Change in Director(s) of the company.,,,Change in Director(s),00:00:04,04012022150150,04-Jan-2022 15:01:54,-,False,,,105194959,Mining,INE522F01014,Coal India Limited,2022-01-04 15:01:50,COALINDIA
01-Jan-2022 20:49:27,,https://nsearchives.nseindia.com/corporate/COALINDIA_01012022204927_ProductionDec21.pdf,Coal India Limited has informed the Exchange regarding 'Provisional Production and Off-take Performance of CIL and Subsidiary Companies for the month of December 21 and for the period Apr 21-Dec 21. '.,,,Updates,00:00:05,01012022204927,01-Jan-2022 20:49:32,-,False,,,105192738,Mining,INE522F01014,Coal India Limited,2022-01-01 20:49:27,COALINDIA
29-Dec-2021 12:12:05,,https://nsearchives.nseindia.com/corporate/COALINDIA_29122021121205_CFOAppoint.pdf,Coal India Limited has informed the Exchange about change in Management,,,Change in Management,00:00:12,29122021121205,29-Dec-2021 12:12:17,-,False,,,105188020,Mining,INE522F01014,Coal India Limited,2021-12-29 12:12:05,COALINDIA
23-Dec-2021 15:31:05,,https://nsearchives.nseindia.com/corporate/COALINDIA_23122021153105_StockExchanges.pdf,"Coal India Limited has informed the Exchange regarding the Trading Window closure pursuant to SEBI (Prohibition of Insider Trading) Regulations, 2015",,,Trading Window,00:00:05,23122021153105,23-Dec-2021 15:31:10,-,False,,,105182752,Mining,INE522F01014,Coal India Limited,2021-12-23 15:31:05,COALINDIA
06-Dec-2021 15:59:35,,https://nsearchives.nseindia.com/corporate/COALINDIA_06122021155935_CONSO_merged.pdf,Coal India Limited has informed the Exchange about related Party Transactions,,,Related Party Transactions,00:00:04,06122021155935,06-Dec-2021 15:59:39,-,False,,,105164700,Mining,INE522F01014,Coal India Limited,2021-12-06 15:59:35,COALINDIA
06-Dec-2021 14:55:29,,https://nsearchives.nseindia.com/corporate/COALINDIA_06122021145529_Newspaper.pdf,Coal India Limited has informed the Exchange about Copy of Newspaper Publication,,,Copy of Newspaper Publication,00:00:06,06122021145529,06-Dec-2021 14:55:35,-,False,,,105164683,Mining,INE522F01014,Coal India Limited,2021-12-06 14:55:29,COALINDIA
01-Dec-2021 20:41:59,,https://nsearchives.nseindia.com/corporate/COALINDIA_01122021204159_BSENSE.pdf,Coal India Limited has informed the Exchange regarding 'Provisional Production and Off-take Performance of CIL and Subsidiary Companies for the month of November 21 and for the period Apr 21-Nov 21.'.,,,Updates,00:00:05,01122021204159,01-Dec-2021 20:42:04,-,False,,,105160550,Mining,INE522F01014,Coal India Limited,2021-12-01 20:41:59,COALINDIA
29-Nov-2021 17:14:16,,https://nsearchives.nseindia.com/corporate/COALINDIA_29112021171416_dividend.pdf,"Coal India Limited has informed the Exchange that Board of Directors at its meeting held on November 29, 2021, declared Interim Dividend of 9 per equity share.",,,Dividend,00:00:10,29112021171416,29-Nov-2021 17:14:26,-,False,,,105157686,Mining,INE522F01014,Coal India Limited,2021-11-29 17:14:16,COALINDIA
26-Nov-2021 15:15:09,,https://nsearchives.nseindia.com/corporate/COALINDIA_26112021151509_2QFY22Transcript.pdf,Coal India Limited has informed the Exchange about Transcript,,,Analysts/Institutional Investor Meet/Con. Call Updates,00:00:03,26112021151509,26-Nov-2021 15:15:12,-,False,,,105155940,Mining,INE522F01014,Coal India Limited,2021-11-26 15:15:09,COALINDIA
25-Nov-2021 15:26:27,,https://nsearchives.nseindia.com/corporate/COALINDIA_25112021152627_Newspaper.pdf,Coal India Limited has informed the Exchange about Copy of Newspaper Publication,,,Copy of Newspaper Publication,00:00:03,25112021152627,25-Nov-2021 15:26:30,-,False,,,105154601,Mining,INE522F01014,Coal India Limited,2021-11-25 15:26:27,COALINDIA
25-Nov-2021 15:04:45,,https://nsearchives.nseindia.com/corporate/COALINDIA_25112021150445_confrenceaudio.pdf,Coal India Limited has informed the Exchange about Link of Recording,,,Analysts/Institutional Investor Meet/Con. Call Updates,00:00:04,25112021150445,25-Nov-2021 15:04:49,-,False,,,105154585,Mining,INE522F01014,Coal India Limited,2021-11-25 15:04:45,COALINDIA
24-Nov-2021 13:18:47,,https://nsearchives.nseindia.com/corporate/COALINDIA_24112021131847_Confrence.pdf,Coal India Limited has informed the Exchange about Schedule of meet,,,Analysts/Institutional Investor Meet/Con. Call Updates,00:00:03,24112021131847,24-Nov-2021 13:18:50,-,False,,,105153236,Mining,INE522F01014,Coal India Limited,2021-11-24 13:18:47,COALINDIA
23-Nov-2021 17:33:00,,https://nsearchives.nseindia.com/corporate/COALINDIA_23112021173300_revisednotice.pdf,Coal India Limited had intimated the 03-Dec-2021 as the record date. The Company has now informed the Exchange that the Record date has been revised to 07-Dec-2021 for the purpose of Dividend.,,,Revised Record date,00:00:05,23112021173300,23-Nov-2021 17:33:05,-,False,,,105152015,Mining,INE522F01014,Coal India Limited,2021-11-23 17:33:00,COALINDIA
23-Nov-2021 15:59:41,,https://nsearchives.nseindia.com/corporate/COALINDIA_23112021155941_InsiderTrading.pdf,"Coal India Limited has informed the Exchange regarding the Trading Window closure pursuant to SEBI (Prohibition of Insider Trading) Regulations, 2015",,,Trading Window,00:00:03,23112021155941,23-Nov-2021 15:59:44,-,False,,,105151946,Mining,INE522F01014,Coal India Limited,2021-11-23 15:59:41,COALINDIA
23-Nov-2021 15:47:01,,https://nsearchives.nseindia.com/corporate/COALINDIA_23112021154700_presentationsep21.pdf,Coal India Limited has informed the Exchange about Presentation,,,Analysts/Institutional Investor Meet/Con. Call Updates,00:00:05,23112021154701,23-Nov-2021 15:47:06,-,False,,,105151943,Mining,INE522F01014,Coal India Limited,2021-11-23 15:47:01,COALINDIA
23-Nov-2021 15:31:31,,https://nsearchives.nseindia.com/corporate/COALINDIA_23112021153131_interimdividend.pdf,Coal India Limited has informed the Exchange that Record date for the purpose of Dividend  is 03-Dec-2021.,,,Record Date,00:00:06,23112021153131,23-Nov-2021 15:31:37,-,False,,,105151930,Mining,INE522F01014,Coal India Limited,2021-11-23 15:31:31,COALINDIA
22-Nov-2021 18:05:49,,https://nsearchives.nseindia.com/corporate/COALINDIA_22112021180549_IMG.pdf,Coal India Limited has informed the Exchange about Schedule of meet,,,Analysts/Institutional Investor Meet/Con. Call Updates,00:00:05,22112021180549,22-Nov-2021 18:05:54,-,False,,,105150686,Mining,INE522F01014,Coal India Limited,2021-11-22 18:05:49,COALINDIA
22-Nov-2021 17:32:37,,https://nsearchives.nseindia.com/corporate/COALINDIA_22112021173237_invite.pdf,Coal India Limited has informed the Exchange about Schedule of meet,,,Analysts/Institutional Investor Meet/Con. Call Updates,00:00:06,22112021173237,22-Nov-2021 17:32:43,-,False,,,105150668,Mining,INE522F01014,Coal India Limited,2021-11-22 17:32:37,COALINDIA
22-Nov-2021 16:21:00,,https://nsearchives.nseindia.com/corporate/COALINDIA_22112021162100_BSENSE.pdf,Coal India Limited has informed the Exchange about Schedule of meet,,,Analysts/Institutional Investor Meet/Con. Call Updates,00:00:06,22112021162100,22-Nov-2021 16:21:06,-,False,,,105150520,Mining,INE522F01014,Coal India Limited,2021-11-22 16:21:00,COALINDIA
15-Nov-2021 11:28:53,,https://nsearchives.nseindia.com/corporate/COALINDIA_15112021112853_newspapersept21.pdf,Coal India Limited has informed the Exchange about Copy of Newspaper Publication,,,Copy of Newspaper Publication,00:00:05,15112021112853,15-Nov-2021 11:28:58,-,False,,,105143768,Mining,INE522F01014,Coal India Limited,2021-11-15 11:28:53,COALINDIA
12-Nov-2021 18:37:08,,https://nsearchives.nseindia.com/corporate/COALINDIA_12112021183708_sep21PPT.pdf,Coal India Limited has informed the Exchange regarding 'Presentation made by Company '.,,,Updates,00:00:12,12112021183708,12-Nov-2021 18:37:20,-,False,,,105141658,Mining,INE522F01014,Coal India Limited,2021-11-12 18:37:08,COALINDIA
12-Nov-2021 18:26:29,,https://nsearchives.nseindia.com/corporate/Result_12112021182629.PDF,"Coal India Limited has submitted to the Exchange, the financial results for the period ended September 30, 2021.",,,Financial Result Updates,00:01:35,12112021182629,12-Nov-2021 18:28:04,-,False,,,146022,Mining,INE522F01014,Coal India Limited,2021-11-12 18:26:29,COALINDIA
10-Nov-2021 12:59:30,,https://nsearchives.nseindia.com/corporate/COALINDIA_10112021125930_debarmentandbriefprofile.pdf,"COALINDIA: The Exchange had sought clarification from Coal India Limited with respect to announcement dated 03-Nov-2021, regarding Change in Director(s) of the Company. On basis of above the Company was required to clarify following: 1. Brief profile (in case of appointment)The response of the Company is attached.",,,Reply to Clarification Sought,00:00:04,10112021125930,10-Nov-2021 12:59:34,-,False,,,105137581,Mining,INE522F01014,Coal India Limited,2021-11-10 12:59:30,COALINDIA
09-Nov-2021 18:49:03,,https://nsearchives.nseindia.com/corporate/COALINDIA_09112021184903_debarmentandbriefprofil.pdf,"COALINDIA:The Exchange had sought clarification from Coal India Limited with respect to announcement dated 05-Nov-2021, regarding Change in Director(s) of the company. On basis of above the Company was required to clarify following: 1. Brief profile (in case of appointment) The response of the Company is attached.",,,Reply to Clarification Sought,00:00:07,09112021184903,09-Nov-2021 18:49:10,-,False,,,105136364,Mining,INE522F01014,Coal India Limited,2021-11-09 18:49:03,COALINDIA
09-Nov-2021 18:37:01,,https://nsearchives.nseindia.com/corporate/COALINDIA_09112021183700_debarmentandbriefprofile.pdf,"COALINDIA:The Exchange had sought clarification from Coal India Limited with respect to announcement dated 02-Nov-2021, regarding Change in Director(s) of the company. On basis of above the Company was required to clarify following: 1. Brief profile (in case of appointment) 2. Affirmation As Per Exchange Circular No. LIST/COMP/14/2018-19 Dated June 20, 2018 w.r.t. Enforcement of SEBI Orders Regarding Appointment Of Directors By Listed Companies. The response of the Company is attached.",,,Reply to Clarification Sought,00:00:10,09112021183701,09-Nov-2021 18:37:11,-,False,,,105136349,Mining,INE522F01014,Coal India Limited,2021-11-09 18:37:01,COALINDIA
09-Nov-2021 17:44:25,,https://nsearchives.nseindia.com/corporate/COALINDIA_09112021174425_debarmentandbriefprofile.pdf,"COALINDIA: The Exchange had sought clarification from Coal India Limited with respect to announcement dated 02-Nov-2021, regarding�� Appointment of non official part-time directors on the Board of Coal India Limited. On basis of above the Company was required to clarify following: 1. Brief profile (in case of appointment). The response of the Company is attached.",,,Reply to Clarification Sought,00:00:05,09112021174425,09-Nov-2021 17:44:30,-,False,,,105136295,Mining,INE522F01014,Coal India Limited,2021-11-09 17:44:25,COALINDIA
09-Nov-2021 10:15:37,,-,"COALINDIA:The Exchange has sought clarification from Coal India Limited with respect to announcement dated 05-Nov-2021, regarding Change in Director(s) of the company. On basis of above the Company is required to clarify following: 1. Brief profile (in case of appointment)The response of the Company is awaited.",,,Clarification,00:00:05,09112021101537,09-Nov-2021 10:15:42,-,False,,,105135531,Mining,INE522F01014,Coal India Limited,2021-11-09 10:15:37,COALINDIA
05-Nov-2021 15:28:28,,https://nsearchives.nseindia.com/corporate/COALINDIA_05112021152828_drarunkumar.pdf,Coal India Limited has informed the Exchange regarding Change in Director(s) of the company.,,,Change in Director(s),00:00:05,05112021152828,05-Nov-2021 15:28:33,-,False,,,105133463,Mining,INE522F01014,Coal India Limited,2021-11-05 15:28:28,COALINDIA
03-Nov-2021 21:45:38,,-,"COALINDIA:The Exchange has sought clarification from Coal India Limited with respect to announcement dated 02-Nov-2021, regarding Change in Director(s) of the company. On basis of above the Company is required to clarify following: 1. Brief profile (in case of appointment) 2. Affirmation As Per Exchange Circular No. LIST/COMP/14/2018-19 Dated June 20, 2018 w.r.t. Enforcement of SEBI Orders Regarding Appointment Of Directors By Listed Companies. The response of the Company is awaited.",,,Clarification,00:00:04,03112021214538,03-Nov-2021 21:45:42,-,False,,,105132516,Mining,INE522F01014,Coal India Limited,2021-11-03 21:45:38,COALINDIA
03-Nov-2021 17:47:19,,-,"COALINDIA:The Exchange has sought clarification from Coal India Limited with respect to announcement dated 02-Nov-2021, regarding�� Appointment of non official part-time directors on the Board of Coal India Limited. On basis of above the Company is required to clarify following: 1. Brief profile (in case of appointment)The response of the Company is awaited.",,,Clarification,00:00:07,03112021174719,03-Nov-2021 17:47:26,-,False,,,105132389,Mining,INE522F01014,Coal India Limited,2021-11-03 17:47:19,COALINDIA
03-Nov-2021 14:42:40,,-,"COALINDIA: The Exchange has sought clarification from Coal India Limited with respect to announcement dated 03-Nov-2021, regarding Change in Director(s) of the Company. On basis of above the Company is required to clarify following: 1. Brief profile (in case of appointment)The response of the Company is awaited.",,,Clarification,00:00:07,03112021144240,03-Nov-2021 14:42:47,-,False,,,105132098,Mining,INE522F01014,Coal India Limited,2021-11-03 14:42:40,COALINDIA
03-Nov-2021 10:37:57,,https://nsearchives.nseindia.com/corporate/COALINDIA_03112021103757_Kamleshkantacharya.pdf,Coal India Limited has informed the Exchange regarding Change in Director(s) of the company.,,,Change in Director(s),00:00:15,03112021103757,03-Nov-2021 10:38:12,-,False,,,105131834,Mining,INE522F01014,Coal India Limited,2021-11-03 10:37:57,COALINDIA
02-Nov-2021 17:15:04,,https://nsearchives.nseindia.com/corporate/COALINDIA_02112021171504_makwanapoonambhai.pdf,Coal India Limited has informed the Exchange regarding Change in Director(s) of the company.,,,Change in Director(s),00:00:06,02112021171504,02-Nov-2021 17:15:10,-,False,,,105130559,Mining,INE522F01014,Coal India Limited,2021-11-02 17:15:04,COALINDIA
02-Nov-2021 12:16:30,,https://nsearchives.nseindia.com/corporate/COALINDIA_02112021121630_independentdirector.pdf,Coal India Limited has informed the Exchange regarding Change in Director(s) of the company.,,,Change in Director(s),00:00:09,02112021121630,02-Nov-2021 12:16:39,-,False,,,105130134,Mining,INE522F01014,Coal India Limited,2021-11-02 12:16:30,COALINDIA
01-Nov-2021 14:26:54,,https://nsearchives.nseindia.com/corporate/COALINDIA_01112021142654_prdnoct21.pdf,Coal India Limited has informed the Exchange regarding 'Provisional Production and Off-take Performance of CIL and Subsidiary Companies for the month of October 21 and for the period Apr 21-Oct 21. '.,,,Updates,00:00:04,01112021142654,01-Nov-2021 14:26:58,-,False,,,105128309,Mining,INE522F01014,Coal India Limited,2021-11-01 14:26:54,COALINDIA
22-Oct-2021 15:40:54,,https://nsearchives.nseindia.com/corporate/COALINDIA_22102021154054_BSENSE.pdf,"Coal India Limited has informed the Exchange regarding 'News Clarification-  Coal India temporarily halts supply to non-power customers""'.",,,Updates,00:00:04,22102021154054,22-Oct-2021 15:40:58,-,False,,,105117913,Mining,INE522F01014,Coal India Limited,2021-10-22 15:40:54,COALINDIA
19-Oct-2021 17:34:00,,https://nsearchives.nseindia.com/corporate/COALINDIA_19102021173447_bseclarification.pdf,The Exchange has sought clarification from Coal India Limited with respect to recent news item captioned Coal India temporarily halts supply to non-power customers: Report.  The response from the Company is attached.,,,News Verification,00:00:54,19102021173400,19-Oct-2021 17:34:54,-,False,,,105114088,Mining,INE522F01014,Coal India Limited,2021-10-19 17:34:00,COALINDIA
18-Oct-2021 18:55:00,,-,The Exchange has sought clarification from Coal India Limited with respect to recent news item captioned Coal India temporarily halts supply to non-power customers: Report.  The response from the Company is awaited.,,,News Verification,00:00:45,18102021185500,18-Oct-2021 18:55:45,-,False,,,105112603,Mining,INE522F01014,Coal India Limited,2021-10-18 18:55:00,COALINDIA
08-Oct-2021 12:50:40,,https://nsearchives.nseindia.com/corporate/COALINDIA_08102021125040_BSECG.pdf,"Coal India Limited has informed the Exchange regarding 'Report on Corporate Governance-Annexure-I, III & IV for the 2nd Quarter and the Half Yearly ended 30th September  2021'.",,,Updates,00:00:05,08102021125040,08-Oct-2021 12:50:45,-,False,,,105103541,Mining,INE522F01014,Coal India Limited,2021-10-08 12:50:40,COALINDIA
05-Oct-2021 18:13:37,,https://nsearchives.nseindia.com/corporate/COALINDIA_05102021181337_REG30.pdf,Coal India Limited has informed the Exchange regarding 'In-Principle approval to Pre Feasibility Report for setting up of Integrated Greenfield Aluminium Project'.,,,Updates,00:00:05,05102021181337,05-Oct-2021 18:13:42,-,False,,,105099228,Mining,INE522F01014,Coal India Limited,2021-10-05 18:13:37,COALINDIA
05-Oct-2021 13:59:19,,https://nsearchives.nseindia.com/corporate/COALINDIA_05102021135919_Reg74.pdf,"Coal India Limited has informed the Exchange about Certificate under SEBI (Depositories and Participants) Regulations, 2018",,,"Certificate under SEBI (Depositories and Participants) Regulations, 2018",00:00:06,05102021135919,05-Oct-2021 13:59:25,-,False,,,105099053,Mining,INE522F01014,Coal India Limited,2021-10-05 13:59:19,COALINDIA
01-Oct-2021 16:28:39,,https://nsearchives.nseindia.com/corporate/COALINDIA_01102021162839_prodsep21.pdf,Coal India Limited has informed the Exchange regarding 'Provisional Production and Off-take Performance of CIL and Subsidiary Companies for the month of September 21 and for the period Apr 21-Sep 21'.,,,Updates,00:00:06,01102021162839,01-Oct-2021 16:28:45,-,False,,,105095686,Mining,INE522F01014,Coal India Limited,2021-10-01 16:28:39,COALINDIA
28-Sep-2021 14:46:16,,https://nsearchives.nseindia.com/corporate/COALINDIA_28092021144616_Tradingwindow.pdf,"Coal India Limited has informed the Exchange regarding the Trading Window closure pursuant to SEBI (Prohibition of Insider Trading) Regulations, 2015",,,Trading Window,00:00:08,28092021144616,28-Sep-2021 14:46:24,-,False,,,105088485,Mining,INE522F01014,Coal India Limited,2021-09-28 14:46:16,COALINDIA
27-Sep-2021 16:04:07,,https://nsearchives.nseindia.com/corporate/COALINDIA_27092021160407_BSE.pdf,"Coal India Limited has informed the Exchange regarding 'Extension of tenure of Shri Samiran Dutta, Director (Finance), CIL'.",,,Updates,00:00:06,27092021160407,27-Sep-2021 16:04:13,-,False,,,105087054,Mining,INE522F01014,Coal India Limited,2021-09-27 16:04:07,COALINDIA
27-Sep-2021 12:09:07,,https://nsearchives.nseindia.com/corporate/COALINDIA_27092021120907_bsense.pdf,Coal India Limited has informed the Exchange regarding 'Appointment of Permanent Invitee on the Board of CIL'.,,,Updates,00:00:06,27092021120907,27-Sep-2021 12:09:13,-,False,,,105086857,Mining,INE522F01014,Coal India Limited,2021-09-27 12:09:07,COALINDIA
23-Sep-2021 11:42:03,,https://nsearchives.nseindia.com/corporate/COALINDIA_23092021114203_AGMminutes.pdf,Coal India Limited has informed the Exchange regarding 'Minutes of 47th  AGM of Coal India Limited '.,,,Updates,00:00:12,23092021114203,23-Sep-2021 11:42:15,-,False,,,105083341,Mining,INE522F01014,Coal India Limited,2021-09-23 11:42:03,COALINDIA
21-Sep-2021 11:57:16,,https://nsearchives.nseindia.com/corporate/COALINDIA_21092021115716_bse.pdf,Coal India Limited has informed the Exchange regarding 'Participation of CIL in India Investor Summit 2021'.,,,Updates,00:00:04,21092021115716,21-Sep-2021 11:57:20,-,False,,,105080355,Mining,INE522F01014,Coal India Limited,2021-09-21 11:57:16,COALINDIA
17-Sep-2021 17:23:50,,https://nsearchives.nseindia.com/corporate/COALINDIA_17092021172350_NSE.pdf,Coal India Limited has informed the Exchange regarding 'Transcript of 47th AGM of Coal India Limited held on 15th Sept 2021 '.,,,Updates,00:00:04,17092021172350,17-Sep-2021 17:23:54,-,False,,,105077239,Mining,INE522F01014,Coal India Limited,2021-09-17 17:23:50,COALINDIA
16-Sep-2021 16:45:40,,https://nsearchives.nseindia.com/corporate/COALINDIA_16092021164540_CS16092021.pdf,Coal India Limited has informed the Exchange about Copy of Newspaper Publication,,,Copy of Newspaper Publication,00:00:04,16092021164540,16-Sep-2021 16:45:44,-,False,,,105075645,Mining,INE522F01014,Coal India Limited,2021-09-16 16:45:40,COALINDIA
16-Sep-2021 12:09:54,,https://nsearchives.nseindia.com/corporate/COALINDIA_16092021120954_DeclarationofResults.pdf,Coal India Limited has informed the Exchange regarding 'Declaration of Results of 47th AGM of Coal India Limited '.,,,Updates,00:00:05,16092021120954,16-Sep-2021 12:09:59,-,False,,,105075479,Mining,INE522F01014,Coal India Limited,2021-09-16 12:09:54,COALINDIA
15-Sep-2021 17:27:03,,https://nsearchives.nseindia.com/corporate/COALINDIA_15092021172703_NSE.PDF,Coal India Limited has informed the Exchange regarding '47th AGM Proceedings Of Coal India Limited Along With Chairman Speech Held On 15.09.2021'.,,,Updates,00:00:04,15092021172703,15-Sep-2021 17:27:07,-,False,,,105074108,Mining,INE522F01014,Coal India Limited,2021-09-15 17:27:03,COALINDIA
01-Sep-2021 19:45:05,,https://nsearchives.nseindia.com/corporate/COALINDIA_01092021194505_production.pdf,Coal India Limited has informed the Exchange regarding ' Provisional Production and Off-take Performance of CIL and Subsidiary Companies for the month of August 21 and for the period Apr 21-August 21.'.,,,Updates,00:00:07,01092021194505,01-Sep-2021 19:45:12,-,False,,,105057885,Mining,INE522F01014,Coal India Limited,2021-09-01 19:45:05,COALINDIA
19-Aug-2021 12:44:06,,https://nsearchives.nseindia.com/corporate/COALINDIA_19082021124406_Newspaper.pdf,Coal India Limited has informed the Exchange about Copy of Newspaper Publication,,,Copy of Newspaper Publication,00:00:06,19082021124406,19-Aug-2021 12:44:12,-,False,,,105042564,Mining,INE522F01014,Coal India Limited,2021-08-19 12:44:06,COALINDIA
16-Aug-2021 15:12:10,,https://nsearchives.nseindia.com/corporate/COALINDIA_16082021151210_AR.pdf,Coal India Limited has informed the Exchange that Record date for the purpose of Dividend  is 03-Sep-2021.,,,Record Date,00:00:06,16082021151210,16-Aug-2021 15:12:16,-,False,,,105038784,Mining,INE522F01014,Coal India Limited,2021-08-16 15:12:10,COALINDIA
16-Aug-2021 14:39:53,,https://nsearchives.nseindia.com/corporate/COALINDIA_16082021143953_News.pdf,Coal India Limited has informed the Exchange about Copy of Newspaper Publication,,,Copy of Newspaper Publication,00:03:46,16082021143953,16-Aug-2021 14:43:39,-,False,,,105038764,Mining,INE522F01014,Coal India Limited,2021-08-16 14:39:53,COALINDIA
16-Aug-2021 12:31:48,,https://nsearchives.nseindia.com/corporate/COALINDIA_16082021123148_Trans.pdf,Coal India Limited has informed the Exchange about Analysts/Institutional Investor Meet/Con. Call Updates,,,Analysts/Institutional Investor Meet/Con. Call Updates,00:00:26,16082021123148,16-Aug-2021 12:32:14,-,False,,,105038670,Mining,INE522F01014,Coal India Limited,2021-08-16 12:31:48,COALINDIA
13-Aug-2021 16:12:41,,https://nsearchives.nseindia.com/corporate/COALINDIA_13082021161241_Exchange.pdf,Coal India Limited has informed the Exchange regarding 'PUBLIC NOTICE OF CONVENING FORTY-SEVENTH AGM MEETING TO BE HELD THROUGH VIDEO CONFERENCING(VC)/ OTHER AUDIO VISUAL MEANS (OAVM)'.,,,Updates,00:00:18,13082021161241,13-Aug-2021 16:12:59,-,False,,,105036210,Mining,INE522F01014,Coal India Limited,2021-08-13 16:12:41,COALINDIA
13-Aug-2021 13:52:55,,https://nsearchives.nseindia.com/corporate/COALINDIA_13082021135255_Audio.pdf,Coal India Limited has informed the Exchange about Analysts/Institutional Investor Meet/Con. Call Updates,,,Analysts/Institutional Investor Meet/Con. Call Updates,00:00:29,13082021135255,13-Aug-2021 13:53:24,-,False,,,105035995,Mining,INE522F01014,Coal India Limited,2021-08-13 13:52:55,COALINDIA
12-Aug-2021 12:55:59,,https://nsearchives.nseindia.com/corporate/COALINDIA_12082021125559_CorporatePresentation.pdf,Coal India Limited has informed the Exchange about Analysts/Institutional Investor Meet/Con. Call Updates,,,Analysts/Institutional Investor Meet/Con. Call Updates,00:00:16,12082021125559,12-Aug-2021 12:56:15,-,False,,,105033801,Mining,INE522F01014,Coal India Limited,2021-08-12 12:55:59,COALINDIA
11-Aug-2021 14:51:57,,https://nsearchives.nseindia.com/corporate/COALINDIA_11082021145157_Newspaper.pdf,Coal India Limited has informed the Exchange about Copy of Newspaper Publication,,,Copy of Newspaper Publication,00:00:15,11082021145157,11-Aug-2021 14:52:12,-,False,,,105032031,Mining,INE522F01014,Coal India Limited,2021-08-11 14:51:57,COALINDIA
10-Aug-2021 14:36:40,,https://nsearchives.nseindia.com/corporate/COALINDIA_10082021143640_PPTInvestor.pdf,Coal India Limited has informed the Exchange about Investor Presentation,,,Investor Presentation,00:00:05,10082021143640,10-Aug-2021 14:36:45,-,False,,,105030033,Mining,INE522F01014,Coal India Limited,2021-08-10 14:36:40,COALINDIA
10-Aug-2021 14:22:41,,https://nsearchives.nseindia.com/corporate/resultsfinal_10082021142241.pdf,"Coal India Limited has submitted to the Exchange, the financial results for the period ended June 30, 2021.",,,Financial Result Updates,00:01:31,10082021142241,10-Aug-2021 14:24:12,-,False,,,143576,Mining,INE522F01014,Coal India Limited,2021-08-10 14:22:41,COALINDIA
10-Aug-2021 10:33:46,,https://nsearchives.nseindia.com/corporate/COALINDIA_10082021103346_Analyst.pdf,Coal India Limited has informed the Exchange about Analysts/Institutional Investor Meet/Con. Call Updates,,,Analysts/Institutional Investor Meet/Con. Call Updates,00:00:06,10082021103346,10-Aug-2021 10:33:52,-,False,,,105029822,Mining,INE522F01014,Coal India Limited,2021-08-10 10:33:46,COALINDIA
09-Aug-2021 15:39:23,,https://nsearchives.nseindia.com/corporate/COALINDIA_09082021153923_REG30.pdf,Coal India Limited has informed the Exchange regarding 'Temporary Closure of Mines at North Eastern Coalfields Limited (NEC) of Coal India Limited. '.,,,Updates,00:00:05,09082021153923,09-Aug-2021 15:39:28,-,False,,,105028279,Mining,INE522F01014,Coal India Limited,2021-08-09 15:39:23,COALINDIA
01-Aug-2021 20:45:41,,https://nsearchives.nseindia.com/corporate/COALINDIA_01082021204541_bsensejuly21.pdf,Coal India Limited has informed the Exchange regarding 'Provisional Production and Offtake Performances of CIL and its Subsidiary Companies for the month of July21 and for the period Apr 21 to July 21'.,,,Updates,00:00:05,01082021204541,01-Aug-2021 20:45:46,-,False,,,105016731,Mining,INE522F01014,Coal India Limited,2021-08-01 20:45:41,COALINDIA
31-Jul-2021 12:42:24,,https://nsearchives.nseindia.com/corporate/COALINDIA_31072021124224_bsenseinfo.pdf,Coal India Limited has informed the Exchange regarding 'Change in Rapid Loading Charges and Evacuation Facility charges'.,,,Updates,00:00:06,31072021124224,31-Jul-2021 12:42:30,-,False,,,105016383,Mining,INE522F01014,Coal India Limited,2021-07-31 12:42:24,COALINDIA
28-Jul-2021 15:41:00,,https://nsearchives.nseindia.com/corporate/COALINDIA_28072021154126_28072021152343_001.pdf,"The Exchange has sought clarification from Coal India Limited with respect to recent news item captioned CIL arm CCL seeks reconciliation on Jharkhand's Rs 56,000 cr dues demand from Coal India.  The response from the Company is attached.",,,News Verification,00:00:33,28072021154100,28-Jul-2021 15:41:33,-,False,,,105011528,Mining,INE522F01014,Coal India Limited,2021-07-28 15:41:00,COALINDIA
28-Jul-2021 14:07:25,,https://nsearchives.nseindia.com/corporate/COALINDIA_28072021140725_VinayAppt.pdf,Coal India Limited has informed the Exchange regarding Change in Director(s) of the company.,,,Change in Director(s),00:00:05,28072021140725,28-Jul-2021 14:07:30,-,False,,,105011444,Mining,INE522F01014,Coal India Limited,2021-07-28 14:07:25,COALINDIA
27-Jul-2021 16:46:00,,-,"The Exchange has sought clarification from Coal India Limited with respect to recent news item captioned CIL arm CCL seeks reconciliation on Jharkhand's Rs 56,000 cr dues demand from Coal India.  The response from the Company is awaited.",,,News Verification,00:00:41,27072021164600,27-Jul-2021 16:46:41,-,False,,,105009822,Mining,INE522F01014,Coal India Limited,2021-07-27 16:46:00,COALINDIA
05-Jul-2021 11:22:25,,https://nsearchives.nseindia.com/corporate/COALINDIA_05072021112225_74_5.pdf,"Coal India Limited has informed the Exchange about Certificate under SEBI (Depositories and Participants) Regulations, 2018",,,"Certificate under SEBI (Depositories and Participants) Regulations, 2018",00:00:03,05072021112225,05-Jul-2021 11:22:28,-,False,,,104981339,Mining,INE522F01014,Coal India Limited,2021-07-05 11:22:25,COALINDIA
02-Jul-2021 22:56:26,,https://nsearchives.nseindia.com/corporate/COALINDIA_02072021225626_IMG_0002.pdf,"COALINDIA: The Exchange had sought clarification from Coal India Limited with respect to announcement dated 01-Jul-2021, regarding Change in Director and Chief Financial Officer of the company. On basis of above the company was required to clarify following - 1. Brief profile (in case of appointment of additional charge director and chief financial officer) 2. Disclosure of relationships between directors (in case of appointment of additional charge director) The response of the Company is attached.",,,Reply to Clarification Sought,00:00:04,02072021225626,02-Jul-2021 22:56:30,-,False,,,104979696,Mining,INE522F01014,Coal India Limited,2021-07-02 22:56:26,COALINDIA
02-Jul-2021 16:17:17,,-,"COALINDIA: The Exchange has sought clarification from Coal India Limited with respect to announcement dated 01-Jul-2021,��regarding Change in Director and Chief Financial Officer of the company. On basis of above you are required to clarify following - 1. Brief profile (in case of appointment of additional charge director and chief financial officer) 2. Disclosure of relationships between directors (in case of appointment of additional charge director) The response of the Company is awaited.",,,Clarification,00:00:16,02072021161717,02-Jul-2021 16:17:33,-,False,,,104979449,Mining,INE522F01014,Coal India Limited,2021-07-02 16:17:17,COALINDIA
01-Jul-2021 16:01:02,,https://nsearchives.nseindia.com/corporate/COALINDIA_01072021160101_Production.pdf,Coal India Limited has informed the Exchange regarding 'Provisional Production and Off-take Performance of CIL and Subsidiary Companies for the month of June 21 and for the period Apr 21-June 21. '.,,,Updates,00:00:09,01072021160102,01-Jul-2021 16:01:11,-,False,,,104977673,Mining,INE522F01014,Coal India Limited,2021-07-01 16:01:02,COALINDIA
01-Jul-2021 12:30:23,,https://nsearchives.nseindia.com/corporate/COALINDIA_01072021123023_Director.pdf,Coal India Limited has informed the Exchange regarding Change in Director(s) of the company.,,,Change in Director(s),00:00:12,01072021123023,01-Jul-2021 12:30:35,-,False,,,104977484,Mining,INE522F01014,Coal India Limited,2021-07-01 12:30:23,COALINDIA
25-Jun-2021 11:30:01,,https://nsearchives.nseindia.com/corporate/COALINDIA_25062021113001_IMG_0001.pdf,"Coal India Limited has informed the Exchange regarding the Trading Window closure pursuant to SEBI (Prohibition of Insider Trading) Regulations, 2015",,,Trading Window,00:00:19,25062021113001,25-Jun-2021 11:30:20,-,False,,,104967539,Mining,INE522F01014,Coal India Limited,2021-06-25 11:30:01,COALINDIA
22-Jun-2021 14:04:29,,https://nsearchives.nseindia.com/corporate/COALINDIA_22062021140429_rptfILLING.pdf,Coal India Limited has informed the Exchange about related Party Transactions,,,Related Party Transactions,00:00:09,22062021140429,22-Jun-2021 14:04:38,-,False,,,104961927,Mining,INE522F01014,Coal India Limited,2021-06-22 14:04:29,COALINDIA
21-Jun-2021 10:48:24,,https://nsearchives.nseindia.com/corporate/COALINDIA_21062021104824_Analystoutcome.pdf,Coal India Limited has informed the Exchange about Analysts/Institutional Investor Meet/Con. Call Updates,,,Analysts/Institutional Investor Meet/Con. Call Updates,00:00:05,21062021104824,21-Jun-2021 10:48:29,-,False,,,104959370,Mining,INE522F01014,Coal India Limited,2021-06-21 10:48:24,COALINDIA
18-Jun-2021 10:55:23,,https://nsearchives.nseindia.com/corporate/COALINDIA_18062021105523_Q4Concall.pdf,Coal India Limited has informed the Exchange about Analysts/Institutional Investor Meet/Con. Call Updates,,,Analysts/Institutional Investor Meet/Con. Call Updates,00:00:05,18062021105523,18-Jun-2021 10:55:28,-,False,,,104957362,Mining,INE522F01014,Coal India Limited,2021-06-18 10:55:23,COALINDIA
16-Jun-2021 17:37:28,,https://nsearchives.nseindia.com/corporate/COALINDIA_16062021173728_JSFA.pdf,"Coal India Limited has informed the Exchange regarding 'Appointment of Ms. Nirupama Kotru, Joint Secretary & Financial Adviser, Ministry of Coal as Part time Official Director on the Board of Coal India Limited (CIL)'.",,,Updates,00:00:04,16062021173728,16-Jun-2021 17:37:32,-,False,,,104953749,Mining,INE522F01014,Coal India Limited,2021-06-16 17:37:28,COALINDIA
16-Jun-2021 15:30:12,,https://nsearchives.nseindia.com/corporate/COALINDIA_16062021153012_Newspaper.pdf,Coal India Limited has informed the Exchange about Copy of Newspaper Publication,,,Copy of Newspaper Publication,00:00:07,16062021153012,16-Jun-2021 15:30:19,-,False,,,104953629,Mining,INE522F01014,Coal India Limited,2021-06-16 15:30:12,COALINDIA
16-Jun-2021 14:59:42,,https://nsearchives.nseindia.com/corporate/COALINDIA_16062021145942_revisedcorporatepresentation.pdf,Coal India Limited has informed the Exchange regarding 'Revised Corporate Presentation of Coal India Ltd.- Conference Call'.,,,Updates,00:00:08,16062021145942,16-Jun-2021 14:59:50,-,False,,,104953616,Mining,INE522F01014,Coal India Limited,2021-06-16 14:59:42,COALINDIA
16-Jun-2021 10:54:24,,https://nsearchives.nseindia.com/corporate/COALINDIA_16062021105424_IMG_0003.pdf,Coal India Limited has informed the Exchange regarding Change in Director(s) of the company.,,,Change in Director(s),00:00:04,16062021105424,16-Jun-2021 10:54:28,-,False,,,104953460,Mining,INE522F01014,Coal India Limited,2021-06-16 10:54:24,COALINDIA
15-Jun-2021 17:01:23,,https://nsearchives.nseindia.com/corporate/COALINDIA_15062021170123_IMG_0004.pdf,Coal India Limited has informed the Exchange regarding Change in Director(s) of the company.,,,Change in Director(s),00:00:04,15062021170123,15-Jun-2021 17:01:27,-,False,,,104951790,Mining,INE522F01014,Coal India Limited,2021-06-15 17:01:23,COALINDIA
15-Jun-2021 13:41:24,,https://nsearchives.nseindia.com/corporate/COALINDIA_15062021134124_Corppresentation.pdf,Coal India Limited has informed the Exchange regarding 'Corporate Presentation of Coal India Ltd.- Conference Call'.,,,Updates,00:00:06,15062021134124,15-Jun-2021 13:41:30,-,False,,,104951647,Mining,INE522F01014,Coal India Limited,2021-06-15 13:41:24,COALINDIA
14-Jun-2021 17:37:31,,https://nsearchives.nseindia.com/corporate/COALINDIA_14062021173731_analyst.pdf,Coal India Limited has informed the Exchange about Analysts/Institutional Investor Meet/Con. Call Updates,,,Analysts/Institutional Investor Meet/Con. Call Updates,00:00:04,14062021173731,14-Jun-2021 17:37:35,-,False,,,104949879,Mining,INE522F01014,Coal India Limited,2021-06-14 17:37:31,COALINDIA
14-Jun-2021 17:22:02,,https://nsearchives.nseindia.com/corporate/COALINDIA_14062021172202_IMG_0002.pdf,Coal India Limited has informed the Exchange about Analysts/Institutional Investor Meet/Con. Call Updates,,,Analysts/Institutional Investor Meet/Con. Call Updates,00:00:12,14062021172202,14-Jun-2021 17:22:14,-,False,,,104949864,Mining,INE522F01014,Coal India Limited,2021-06-14 17:22:02,COALINDIA
14-Jun-2021 16:53:08,,https://nsearchives.nseindia.com/corporate/COALINDIA_14062021165308_InvestorPPT.pdf,Coal India Limited has informed the Exchange regarding 'Presentation made by Company '.,,,Updates,00:00:06,14062021165308,14-Jun-2021 16:53:14,-,False,,,104949829,Mining,INE522F01014,Coal India Limited,2021-06-14 16:53:08,COALINDIA
14-Jun-2021 16:25:29,,https://nsearchives.nseindia.com/corporate/COALINDIA_14062021162529_FinalDividendFY202021.pdf,"Coal India Limited has informed the Exchange that Board of Directors at its meeting held on Jun 14, 2021, recommended Final Dividend of 3.50 per equity share.",,,Dividend,00:00:09,14062021162529,14-Jun-2021 16:25:38,-,False,,,104949795,Mining,INE522F01014,Coal India Limited,2021-06-14 16:25:29,COALINDIA
14-Jun-2021 16:23:30,,https://nsearchives.nseindia.com/corporate/results31032021_14062021162330.pdf,"Coal India Limited has submitted to the Exchange, the financial results for the period ended March 31, 2021.",,,Financial Result Updates,00:01:33,14062021162330,14-Jun-2021 16:25:03,-,False,,,141831,Mining,INE522F01014,Coal India Limited,2021-06-14 16:23:30,COALINDIA
10-Jun-2021 17:03:34,,https://nsearchives.nseindia.com/corporate/COALINDIA_10062021170334_Analystsmeet.pdf,Coal India Limited has informed the Exchange about Analysts/Institutional Investor Meet/Con. Call Updates,,,Analysts/Institutional Investor Meet/Con. Call Updates,00:00:08,10062021170334,10-Jun-2021 17:03:42,-,False,,,104945190,Mining,INE522F01014,Coal India Limited,2021-06-10 17:03:34,COALINDIA
01-Jun-2021 11:58:42,,https://nsearchives.nseindia.com/corporate/COALINDIA_01062021115842_IMG_0003.pdf,Coal India Limited has informed the Exchange regarding 'Provisional Production and Off-take Performance of CIL and Subsidiary Companies for the month of May 21 and for the period Apr 21-May 21'.,,,Updates,00:00:06,01062021115842,01-Jun-2021 11:58:48,-,False,,,104931161,Mining,INE522F01014,Coal India Limited,2021-06-01 11:58:42,COALINDIA
01-Jun-2021 11:36:27,,https://nsearchives.nseindia.com/corporate/COALINDIA_01062021113627_IMG_0002.pdf,Coal India Limited has informed the Exchange regarding 'Appointment of Company Secretary & Compliance Officer at Coal India Limited. '.,,,Updates,00:00:08,01062021113627,01-Jun-2021 11:36:35,-,False,,,104931141,Mining,INE522F01014,Coal India Limited,2021-06-01 11:36:27,COALINDIA
11-May-2021 05:05:30,,https://nsearchives.nseindia.com/corporate/COALINDIA_11052021171321_LC_001.pdf,"Coal India Limited has submitted to the Exchange Annual Disclosure as per SEBI Circular dated November 26, 2018.",,,Annual Disclosure,12:09:04,11052021050530,11-May-2021 17:14:34,-,False,,,104902949,Mining,INE522F01014,Coal India Limited,2021-05-11 05:05:30,COALINDIA
10-May-2021 18:44:30,,https://nsearchives.nseindia.com/corporate/COALINDIA_10052021184430_Permanentinvitee.pdf,Coal India Limited has informed the Exchange regarding 'Appointment of Permanent Invitee on the Board of CIL '.,,,Updates,00:00:05,10052021184430,10-May-2021 18:44:35,-,False,,,104901128,Mining,INE522F01014,Coal India Limited,2021-05-10 18:44:30,COALINDIA
04-May-2021 22:00:12,,https://nsearchives.nseindia.com/corporate/COALINDIA_04052021220012_NSE1.pdf,"COALINDIA:The Exchange had sought clarification from Coal India Limited with respect to announcement dated 27-Apr-2021, regarding Appointment of Shri Anil Kumar Nayak, Additional Secretary & Financial Adviser, Ministry of Coal as Part time Official Director on the Board of Coal India Limited (CIL). On basis of above the Company was required to clarify following: 1. Brief profile (in case of appointment) 2. Disclosure of relationships between directors (in case of appointment of a director). The response of the Company is attached.",,,Reply to Clarification Sought,00:00:14,04052021220012,04-May-2021 22:00:26,-,False,,,104893176,Mining,INE522F01014,Coal India Limited,2021-05-04 22:00:12,COALINDIA
01-May-2021 19:09:15,,https://nsearchives.nseindia.com/corporate/COALINDIA_01052021190915_Production.pdf,Coal India Limited has informed the Exchange regarding 'Provisional Production and Off-take Performance of CIL and Subsidiary Companies for the month of Apr'21'.,,,Updates,00:00:08,01052021190915,01-May-2021 19:09:23,-,False,,,104890203,Mining,INE522F01014,Coal India Limited,2021-05-01 19:09:15,COALINDIA
30-Apr-2021 16:47:49,,https://nsearchives.nseindia.com/corporate/COALINDIA_30042021164749_COALINDIA.pdf,"COALINDIA: The Exchange had sought clarification from Coal India Limited with respect to announcement dated 16-Apr-2021, regarding 'Incorporation Of Two Wholly Owned Subsidiaries Of Coal India Limited'. On basis of above the Company was required to clarify following: 1. Cost of acquisition or the price at which the shares are acquired;2. Nature of consideration - whether cash consideration or share swap and details of the same;The response of the Company is attached.",,,Reply to Clarification Sought,00:00:06,30042021164749,30-Apr-2021 16:47:55,-,False,,,104888749,Mining,INE522F01014,Coal India Limited,2021-04-30 16:47:49,COALINDIA
28-Apr-2021 18:01:19,,-,"COALINDIA:The Exchange has sought clarification from Coal India Limited with respect to announcement dated 27-Apr-2021, regarding Appointment of Shri Anil Kumar Nayak, Additional Secretary & Financial Adviser, Ministry of Coal as Part time Official Director on the Board of Coal India Limited (CIL). On basis of above the Company is required to clarify following: 1. Brief profile (in case of appointment)2. Disclosure of relationships between directors (in case of appointment of a director).The response of the Company is awaited.",,,Clarification,00:00:11,28042021180119,28-Apr-2021 18:01:30,-,False,,,104884596,Mining,INE522F01014,Coal India Limited,2021-04-28 18:01:19,COALINDIA
27-Apr-2021 15:06:01,,https://nsearchives.nseindia.com/corporate/COALINDIA_27042021150601_App.pdf,"Coal India Limited has informed the Exchange regarding 'Appointment of Shri Anil Kumar Nayak, Additional Secretary & Financial Adviser, Ministry of Coal as Part time Official Director on the Board of Coal India Limited (CIL)'.",,,Updates,00:00:15,27042021150601,27-Apr-2021 15:06:16,-,False,,,104882456,Mining,INE522F01014,Coal India Limited,2021-04-27 15:06:01,COALINDIA
19-Apr-2021 13:47:23,,-,"COALINDIA: The Exchange has sought clarification from Coal India Limited with respect to announcement dated 16-Apr-2021, regarding 'Incorporation Of Two Wholly Owned Subsidiaries Of Coal India Limited'. On basis of above the Company is required to clarify following: 1. Cost of acquisition or the price at which the shares are acquired;2. Nature of consideration - whether cash consideration or share swap and details of the same;The response of the Company is awaited.",,,Clarification,00:00:05,19042021134723,19-Apr-2021 13:47:28,-,False,,,104870628,Mining,INE522F01014,Coal India Limited,2021-04-19 13:47:23,COALINDIA
16-Apr-2021 16:38:51,,https://nsearchives.nseindia.com/corporate/COALINDIA_16042021163851_REG30.pdf,Coal India Limited has informed the Exchange regarding 'Incorporation Of Two Wholly Owned Subsidiaries Of Coal India Limited'.,,,Updates,00:00:07,16042021163851,16-Apr-2021 16:38:58,-,False,,,104867904,Mining,INE522F01014,Coal India Limited,2021-04-16 16:38:51,COALINDIA
15-Apr-2021 14:54:16,,https://nsearchives.nseindia.com/corporate/COALINDIA_15042021145416_Coal.pdf,"Promoter/Member of the Promoter Group of the Company has informed the Exchange regarding disclosure under Regulation 30 and Regulation 31(4) of SEBI SAST Regulations 2011 as on March 31, 2021",,,Disclosure under SEBI Takeover Regulations,00:00:07,15042021145416,15-Apr-2021 14:54:23,-,False,,,104865302,Mining,INE522F01014,Coal India Limited,2021-04-15 14:54:16,COALINDIA
06-Apr-2021 11:40:37,,https://nsearchives.nseindia.com/corporate/COALINDIA_06042021114037_74_5_.pdf,"Coal India Limited has informed the Exchange about Certificate under SEBI (Depositories and Participants) Regulations, 2018",,,"Certificate under SEBI (Depositories and Participants) Regulations, 2018",00:00:08,06042021114037,06-Apr-2021 11:40:45,-,False,,,104850094,Mining,INE522F01014,Coal India Limited,2021-04-06 11:40:37,COALINDIA
01-Apr-2021 14:04:21,,https://nsearchives.nseindia.com/corporate/COALINDIA_01042021140421_Production.pdf,Coal India Limited has informed the Exchange regarding 'Provisional Production and Off-take Performance of CIL and Subsidiary Companies for the month of March 21 and for the period April  20- March 21. '.,,,Updates,00:00:10,01042021140421,01-Apr-2021 14:04:31,-,False,,,104844690,Mining,INE522F01014,Coal India Limited,2021-04-01 14:04:21,COALINDIA
30-Mar-2021 11:17:06,,https://nsearchives.nseindia.com/corporate/COALINDIA_30032021111706_tradingwindow30march21.pdf,"Coal India Limited has informed the Exchange regarding the Trading Window closure pursuant to SEBI (Prohibition of Insider Trading) Regulations, 2015",,,Trading Window,00:00:07,30032021111706,30-Mar-2021 11:17:13,-,False,,,104838883,Mining,INE522F01014,Coal India Limited,2021-03-30 11:17:06,COALINDIA
05-Mar-2021 13:28:24,,https://nsearchives.nseindia.com/corporate/COALINDIA_05032021132824_mf.pdf,Coal India Limited has informed the Exchange about Analysts/Institutional Investor Meet/Con. Call Updates,,,Analysts/Institutional Investor Meet/Con. Call Updates,00:00:03,05032021132824,05-Mar-2021 13:28:27,-,False,,,104802724,Mining,INE522F01014,Coal India Limited,2021-03-05 13:28:24,COALINDIA
05-Mar-2021 13:17:17,,https://nsearchives.nseindia.com/corporate/COALINDIA_05032021131717_Lazard.pdf,Coal India Limited has informed the Exchange about Analysts/Institutional Investor Meet/Con. Call Updates,,,Analysts/Institutional Investor Meet/Con. Call Updates,00:00:05,05032021131717,05-Mar-2021 13:17:22,-,False,,,104802721,Mining,INE522F01014,Coal India Limited,2021-03-05 13:17:17,COALINDIA
05-Mar-2021 12:10:29,,https://nsearchives.nseindia.com/corporate/COALINDIA_05032021121029_dividend.pdf,"Coal India Limited has informed the Exchange that Board of Directors at its meeting held on March 05, 2021, declared Interim Dividend of 5 per equity share.",,,Dividend,00:00:05,05032021121029,05-Mar-2021 12:10:34,-,False,,,104802686,Mining,INE522F01014,Coal India Limited,2021-03-05 12:10:29,COALINDIA
01-Mar-2021 21:07:45,,https://nsearchives.nseindia.com/corporate/COALINDIA_01032021210745_BSENSEFeb21.pdf,Coal India Limited has informed the Exchange regarding 'Provisional Production and off take performances of CIL and its Subsidiaries Companies for the month of Feb 21 and for the period Apr'20 to Feb21'.,,,Updates,00:00:03,01032021210745,01-Mar-2021 21:07:48,-,False,,,104792372,Mining,INE522F01014,Coal India Limited,2021-03-01 21:07:45,COALINDIA
25-Feb-2021 17:00:07,,https://nsearchives.nseindia.com/corporate/COALINDIA_25022021170007_2NDINTDIVNEWS.pdf,Coal India Limited has informed the Exchange about��Newspaper publication of Notice of Board Meeting for��2nd Interim Dividend for the Year 2020-21.,,,Copy of Newspaper Publication,00:00:08,25022021170007,25-Feb-2021 17:00:15,-,False,,,104788096,Mining,INE522F01014,Coal India Limited,2021-02-25 17:00:07,COALINDIA
23-Feb-2021 16:16:17,,https://nsearchives.nseindia.com/corporate/COALINDIA_23022021161617_TradingWindowClosure.pdf,"Coal India Limited has informed the Exchange regarding the Trading Window closure pursuant to SEBI (Prohibition of Insider Trading) Regulations, 2015",,,Trading Window,00:00:05,23022021161617,23-Feb-2021 16:16:22,-,False,,,104784242,Mining,INE522F01014,Coal India Limited,2021-02-23 16:16:17,COALINDIA
23-Feb-2021 16:07:41,,https://nsearchives.nseindia.com/corporate/COALINDIA_23022021160741_Notice.pdf,Coal India Limited has informed the Exchange that Record date for the purpose of Dividend  is 16-Mar-2021.,,,Record Date,00:00:04,23022021160741,23-Feb-2021 16:07:45,-,False,,,104784236,Mining,INE522F01014,Coal India Limited,2021-02-23 16:07:41,COALINDIA
12-Feb-2021 12:46:59,,https://nsearchives.nseindia.com/corporate/COALINDIA_12022021124659_Newspaperdec20.pdf,Coal India Limited has informed the Exchange about Copy of Newspaper Publication,,,Copy of Newspaper Publication,00:00:07,12022021124659,12-Feb-2021 12:47:06,-,False,,,104767535,Mining,INE522F01014,Coal India Limited,2021-02-12 12:46:59,COALINDIA
11-Feb-2021 17:43:48,,https://nsearchives.nseindia.com/corporate/COALINDIA_11022021174348_corporatepresentationdec20.pdf,Coal India Limited has informed the Exchange regarding 'Conference call for Financial Results for 3rd quarter ended 31st Dec 2020- Presentation to Analysts'.,,,Updates,00:00:05,11022021174348,11-Feb-2021 17:43:53,-,False,,,104765272,Mining,INE522F01014,Coal India Limited,2021-02-11 17:43:48,COALINDIA
11-Feb-2021 15:17:47,,https://nsearchives.nseindia.com/corporate/COALINDIA_11022021151747_investorpptdec20.pdf,Coal India Limited has informed the Exchange regarding 'Presentation made by Company '.,,,Updates,00:00:05,11022021151747,11-Feb-2021 15:17:52,-,False,,,104765072,Mining,INE522F01014,Coal India Limited,2021-02-11 15:17:47,COALINDIA
11-Feb-2021 15:06:22,,https://nsearchives.nseindia.com/corporate/COALINDIA_11022021150622_Subsidiariesreg30.pdf,Coal India Limited has informed the Exchange regarding 'Incorporation of Two Wholly Owned Subsidiaries of Coal India Limited.'.,,,Updates,00:00:08,11022021150622,11-Feb-2021 15:06:30,-,False,,,104765060,Mining,INE522F01014,Coal India Limited,2021-02-11 15:06:22,COALINDIA
11-Feb-2021 14:45:34,,https://nsearchives.nseindia.com/corporate/COALINDIA_11022021144534_InvestorPPT.pdf,Coal India Limited has informed the Exchange regarding 'Presentation made by Company '.,,,Updates,00:00:06,11022021144534,11-Feb-2021 14:45:40,-,False,,,104765038,Mining,INE522F01014,Coal India Limited,2021-02-11 14:45:34,COALINDIA
11-Feb-2021 14:32:05,,https://nsearchives.nseindia.com/corporate/Result_11022021143205.zip,"Coal India Limited has submitted to the Exchange, the financial results for the period ended December 31, 2020.",,,Financial Result Updates,00:02:00,11022021143205,11-Feb-2021 14:34:05,-,False,,,140016,Mining,INE522F01014,Coal India Limited,2021-02-11 14:32:05,COALINDIA
05-Feb-2021 15:21:19,,https://nsearchives.nseindia.com/corporate/COALINDIA_05022021152119_Investormeet.pdf,Coal India Limited has informed the Exchange about Analysts/Institutional Investor Meet/Con. Call Updates,,,Analysts/Institutional Investor Meet/Con. Call Updates,00:00:03,05022021152119,05-Feb-2021 15:21:22,-,False,,,104754102,Mining,INE522F01014,Coal India Limited,2021-02-05 15:21:19,COALINDIA
01-Feb-2021 19:09:41,,https://nsearchives.nseindia.com/corporate/COALINDIA_01022021190941_BSEJAN21.pdf,Coal India Limited has informed the Exchange regarding 'Provisional Production and Offtake Performances of CIL and its Subsidiary Companies for the month of Jan 21 and for the Period Apr'20 to Jan 21'.,,,Updates,00:00:07,01022021190941,01-Feb-2021 19:09:48,-,False,,,104744277,Mining,INE522F01014,Coal India Limited,2021-02-01 19:09:41,COALINDIA
01-Feb-2021 11:04:03,,https://nsearchives.nseindia.com/corporate/COALINDIA_01022021110403_DP.pdf,Coal India Limited has informed the Exchange regarding Change in Director(s) of the company.,,,Change in Director(s),00:00:09,01022021110403,01-Feb-2021 11:04:12,-,False,,,104743735,Mining,INE522F01014,Coal India Limited,2021-02-01 11:04:03,COALINDIA
29-Jan-2021 17:21:24,,https://nsearchives.nseindia.com/corporate/COALINDIA_29012021172124_bsensenewspaperacct20.pdf,Coal India Limited has informed the Exchange about Copy of Newspaper Publication,,,Copy of Newspaper Publication,00:00:03,29012021172124,29-Jan-2021 17:21:27,-,False,,,104741106,Mining,INE522F01014,Coal India Limited,2021-01-29 17:21:24,COALINDIA
21-Jan-2021 16:19:35,,https://nsearchives.nseindia.com/corporate/COALINDIA_21012021161935_BSENSE_210121.pdf,Coal India Limited has informed the Exchange regarding 'Appointment of Permanent Invitee on the Board of CIL'.,,,Updates,00:00:05,21012021161935,21-Jan-2021 16:19:40,-,False,,,104728267,Mining,INE522F01014,Coal India Limited,2021-01-21 16:19:35,COALINDIA
05-Jan-2021 11:21:50,,https://nsearchives.nseindia.com/corporate/COALINDIA_05012021112150_reg74.pdf,"Coal India Limited has informed the Exchange about Certificate under SEBI (Depositories and Participants) Regulations, 2018",,,"Certificate under SEBI (Depositories and Participants) Regulations, 2018",00:00:06,05012021112150,05-Jan-2021 11:21:56,-,False,,,104699279,Mining,INE522F01014,Coal India Limited,2021-01-05 11:21:50,COALINDIA
01-Jan-2021 15:43:48,,https://nsearchives.nseindia.com/corporate/COALINDIA_01012021154348_bsensedec20.pdf,Coal India Limited has informed the Exchange regarding 'Provisional Production and Off-take Performance of CIL and Subsidiary Companies for the month of Dec 20 and for the period Apr  20-Dec 20'.,,,Updates,00:00:05,01012021154348,01-Jan-2021 15:43:53,-,False,,,104694435,Mining,INE522F01014,Coal India Limited,2021-01-01 15:43:48,COALINDIA
28-Dec-2020 14:46:04,,https://nsearchives.nseindia.com/corporate/COALINDIA_28122020144604_Stockexchange.pdf,"Coal India Limited has informed the Exchange regarding the Trading Window closure pursuant to SEBI (Prohibition of Insider Trading) Regulations, 2015",,,Trading Window,00:00:09,28122020144604,28-Dec-2020 14:46:13,-,False,,,104683704,Mining,INE522F01014,Coal India Limited,2020-12-28 14:46:04,COALINDIA
24-Dec-2020 18:03:48,,https://nsearchives.nseindia.com/corporate/COALINDIA_24122020180348_filingJV.pdf,"Coal India Limited has informed the Exchange regarding 'New venture into Aluminium value chain, Solar Power Value Chain and Creation of Special Purpose Vehicles (SPVs)'.",,,Updates,00:00:04,24122020180348,24-Dec-2020 18:03:52,-,False,,,104680878,Mining,INE522F01014,Coal India Limited,2020-12-24 18:03:48,COALINDIA
23-Dec-2020 15:17:46,,https://nsearchives.nseindia.com/corporate/COALINDIA_23122020151746_IEPFNEWSPAPER.pdf,Coal India Limited has informed the Exchange about Copy of Newspaper Publication of Transfer of Unclaimed Interim Dividend 2013-14 and Equity Shares of Coal India Limited (CIL) to IEPF Authority,,,Copy of Newspaper Publication,00:00:03,23122020151746,23-Dec-2020 15:17:49,-,False,,,104678843,Mining,INE522F01014,Coal India Limited,2020-12-23 15:17:46,COALINDIA
01-Dec-2020 20:27:09,,https://nsearchives.nseindia.com/corporate/COALINDIA_01122020202709_BSENSENov20.pdf,Coal India Limited has informed the Exchange regarding 'Coal production and offtake performances of CIL and it's subsidiaries companies for the month of Nov 20 and for the period Apr20 to Nov20'.,,,Updates,00:00:03,01122020202709,01-Dec-2020 20:27:12,-,False,,,104640919,Mining,INE522F01014,Coal India Limited,2020-12-01 20:27:09,COALINDIA
26-Nov-2020 11:55:03,,https://nsearchives.nseindia.com/corporate/COALINDIA_26112020115503_Investormeetnsebse.pdf,Coal India Limited has informed the Exchange about Analysts/Institutional Investor Meet/Con. Call Updates,,,Analysts/Institutional Investor Meet/Con. Call Updates,00:00:06,26112020115503,26-Nov-2020 11:55:09,-,False,,,104635071,Mining,INE522F01014,Coal India Limited,2020-11-26 11:55:03,COALINDIA
23-Nov-2020 17:35:46,,https://nsearchives.nseindia.com/corporate/COALINDIA_23112020173546_nsebsestrike.pdf,Coal India Limited has informed the Exchange regarding 'Strike Notice'.,,,Updates,00:00:04,23112020173546,23-Nov-2020 17:35:50,-,False,,,104628441,Mining,INE522F01014,Coal India Limited,2020-11-23 17:35:46,COALINDIA
23-Nov-2020 16:38:42,,https://nsearchives.nseindia.com/corporate/COALINDIA_23112020163842_nsebse23112020.pdf,"Coal India Limited has informed the Exchange regarding 'Amendment of Coal Mines Provident Fund Scheme,1948 and Coal Mines Pension Scheme, 1948 for increase in pension contribution @ Rs.10 per tonne of Coal Production'.",,,Updates,00:00:04,23112020163842,23-Nov-2020 16:38:46,-,False,,,104628373,Mining,INE522F01014,Coal India Limited,2020-11-23 16:38:42,COALINDIA
12-Nov-2020 12:20:11,,https://nsearchives.nseindia.com/corporate/COALINDIA_12112020122011_Presentation.pdf,Coal India Limited has informed the Exchange regarding 'Corporate Presentation'.,,,Updates,00:00:08,12112020122011,12-Nov-2020 12:20:19,-,False,,,104612130,Mining,INE522F01014,Coal India Limited,2020-11-12 12:20:11,COALINDIA
12-Nov-2020 11:46:09,,https://nsearchives.nseindia.com/corporate/COALINDIA_12112020114608_NewspaperPublicationBSENSE.pdf,Coal India Limited has informed the Exchange about Copy of Newspaper Publication,,,Copy of Newspaper Publication,00:00:07,12112020114609,12-Nov-2020 11:46:16,-,False,,,104612107,Mining,INE522F01014,Coal India Limited,2020-11-12 11:46:09,COALINDIA
12-Nov-2020 09:52:06,,https://nsearchives.nseindia.com/corporate/COALINDIA_12112020095206_RPTSEP20.pdf,Coal India Limited has informed the Exchange about related Party Transactions,,,Related Party Transactions,00:00:06,12112020095206,12-Nov-2020 09:52:12,-,False,,,104611994,Mining,INE522F01014,Coal India Limited,2020-11-12 09:52:06,COALINDIA
11-Nov-2020 17:23:36,,https://nsearchives.nseindia.com/corporate/COALINDIA_11112020172336_RPTSEP20.pdf,Coal India Limited has informed the Exchange regarding 'Related party Transactions'.,,,Updates,00:00:09,11112020172336,11-Nov-2020 17:23:45,-,False,,,104610080,Mining,INE522F01014,Coal India Limited,2020-11-11 17:23:36,COALINDIA
11-Nov-2020 17:21:53,,https://nsearchives.nseindia.com/corporate/COALINDIA_11112020172153_bsensesep20.PDF,Coal India Limited has informed the Exchange regarding 'Un-Audited Financial Results of Coal India Limited (Standalone & Consolidated) for the 2nd Quarter ended 30th September  2020'.,,,Updates,00:00:17,11112020172153,11-Nov-2020 17:22:10,-,False,,,104610078,Mining,INE522F01014,Coal India Limited,2020-11-11 17:21:53,COALINDIA
11-Nov-2020 16:18:25,,https://nsearchives.nseindia.com/corporate/COALINDIA_11112020161825_Presentation.PDF,Coal India Limited has informed the Exchange regarding 'Presentation made by Company '.,,,Updates,00:00:03,11112020161825,11-Nov-2020 16:18:28,-,False,,,104609970,Mining,INE522F01014,Coal India Limited,2020-11-11 16:18:25,COALINDIA
11-Nov-2020 16:16:08,,https://nsearchives.nseindia.com/corporate/COALINDIA_11112020161608_InterimDividend.PDF,"Coal India Limited has informed the Exchange that Board of Directors at its meeting held on November 11, 2020, declared Interim Dividend of 7.50 per equity share.",,,Dividend,00:00:05,11112020161608,11-Nov-2020 16:16:13,-,False,,,104609966,Mining,INE522F01014,Coal India Limited,2020-11-11 16:16:08,COALINDIA
11-Nov-2020 16:13:30,,https://nsearchives.nseindia.com/corporate/bsensesep20_11112020161330.zip,"Coal India Limited has submitted to the Exchange, the financial results for the period ended September 30, 2020.",,,Financial Result Updates,00:01:33,11112020161330,11-Nov-2020 16:15:03,-,False,,,138255,Mining,INE522F01014,Coal India Limited,2020-11-11 16:13:30,COALINDIA
11-Nov-2020 14:06:35,,https://nsearchives.nseindia.com/corporate/COALINDIA_11112020140635_JVCILNLC.pdf,Coal India Limited has informed the Exchange regarding 'Update on Joint Venture Agreement between NLC India Limited and Coal India Limited'.,,,Updates,00:00:04,11112020140635,11-Nov-2020 14:06:39,-,False,,,104609794,Mining,INE522F01014,Coal India Limited,2020-11-11 14:06:35,COALINDIA
07-Nov-2020 14:09:06,,https://nsearchives.nseindia.com/corporate/COALINDIA_07112020140906_Bseinterim.pdf,Coal India Limited has informed the Exchange regarding 'Newspaper publication of Notice of Board meeting for Interim Dividend'.,,,Updates,00:00:04,07112020140906,07-Nov-2020 14:09:10,-,False,,,104603070,Mining,INE522F01014,Coal India Limited,2020-11-07 14:09:06,COALINDIA
06-Nov-2020 14:44:20,,https://nsearchives.nseindia.com/corporate/COALINDIA_06112020144420_BSENSENOTICE.pdf,Coal India Limited has informed the Exchange that Record date for the purpose of Dividend  is 20-Nov-2020.,,,Record Date,00:00:06,06112020144420,06-Nov-2020 14:44:26,-,False,,,104601345,Mining,INE522F01014,Coal India Limited,2020-11-06 14:44:20,COALINDIA
06-Nov-2020 14:42:37,,https://nsearchives.nseindia.com/corporate/COALINDIA_06112020144237_BSENSENOTICE.pdf,Coal India Limited has informed the Exchange that Record date for the purpose of Dividend  is 20-Nov-2020.,,,Record Date,00:00:06,06112020144237,06-Nov-2020 14:42:43,-,False,,,104601342,Mining,INE522F01014,Coal India Limited,2020-11-06 14:42:37,COALINDIA
05-Nov-2020 16:04:07,,https://nsearchives.nseindia.com/corporate/COALINDIA_05112020160407_bsenseconcall.pdf,Coal India Limited has informed the Exchange regarding 'Conference call to discuss the 2nd Quarter FY-20-21 results'.,,,Updates,00:00:07,05112020160407,05-Nov-2020 16:04:14,-,False,,,104598815,Mining,INE522F01014,Coal India Limited,2020-11-05 16:04:07,COALINDIA
02-Nov-2020 15:00:32,,https://nsearchives.nseindia.com/corporate/COALINDIA_02112020150032_BSENSE.pdf,Coal India Limited has informed the Exchange regarding 'Newspaper publication of Notice of Board Meeting for 2nd Quarter Financial Results '.,,,Updates,00:00:05,02112020150032,02-Nov-2020 15:00:37,-,False,,,104590563,Mining,INE522F01014,Coal India Limited,2020-11-02 15:00:32,COALINDIA
01-Nov-2020 11:09:32,,https://nsearchives.nseindia.com/corporate/COALINDIA_01112020110932_BSEnseoct20.pdf,Coal India Limited has informed the Exchange regarding 'Provisional production and offtake performances of CIL and it's subsidiaries companies for the month of Oct20 and for the period Apr20 to Oct 20'.,,,Updates,00:00:05,01112020110932,01-Nov-2020 11:09:37,-,False,,,104589506,Mining,INE522F01014,Coal India Limited,2020-11-01 11:09:32,COALINDIA
05-Oct-2020 14:34:55,,https://nsearchives.nseindia.com/corporate/COALINDIA_05102020143455_Reg74.pdf,"Coal India Limited has informed the Exchange about Certificate under SEBI (Depositories and Participants) Regulations, 2018",,,"Certificate under SEBI (Depositories and Participants) Regulations, 2018",00:00:04,05102020143455,05-Oct-2020 14:34:59,-,False,,,104544665,Mining,INE522F01014,Coal India Limited,2020-10-05 14:34:55,COALINDIA
01-Oct-2020 11:09:17,,https://nsearchives.nseindia.com/corporate/COALINDIA_01102020110917_123_0001.pdf,Coal India Limited has informed the Exchange regarding 'Provisional Production and Off-take Performance of CIL and Subsidiary Companies for the month of Sep 20 and for the period Apr  20-Sep 20. '.,,,Updates,00:00:04,01102020110917,01-Oct-2020 11:09:21,-,False,,,104540863,Mining,INE522F01014,Coal India Limited,2020-10-01 11:09:17,COALINDIA
29-Sep-2020 16:36:09,,https://nsearchives.nseindia.com/corporate/COALINDIA_29092020163609_bsenseagm.pdf,Coal India Limited has informed the Exchange regarding 'Minutes of 46th  AGM of Coal India Limited '.,,,Updates,00:00:10,29092020163609,29-Sep-2020 16:36:19,-,False,,,104535689,Mining,INE522F01014,Coal India Limited,2020-09-29 16:36:09,COALINDIA
25-Sep-2020 10:45:37,,https://nsearchives.nseindia.com/corporate/COALINDIA_25092020104537_123_0001.pdf,"Coal India Limited has informed the Exchange regarding the Trading Window closure pursuant to SEBI (Prohibition of Insider Trading) Regulations, 2015",,,Trading Window,00:00:05,25092020104537,25-Sep-2020 10:45:42,-,False,,,104530267,Mining,INE522F01014,Coal India Limited,2020-09-25 10:45:37,COALINDIA
24-Sep-2020 16:17:14,,https://nsearchives.nseindia.com/corporate/COALINDIA_24092020161713_AGMresults.pdf,"Coal India Limited has submitted the Exchange a copy Srutinizers report of  Annual General Meeting held on September 23, 2020. Further, the company has informed the Exchange regarding voting results.",,,Shareholders meeting,00:00:04,24092020161714,24-Sep-2020 16:17:18,-,False,,,104528745,Mining,INE522F01014,Coal India Limited,2020-09-24 16:17:14,COALINDIA
24-Sep-2020 14:55:14,,https://nsearchives.nseindia.com/corporate/COALINDIA_24092020145514_bsechairmanspeech.pdf,Coal India Limited has informed the Exchange regarding 'Newspaper publication of Chairman s Speech at 46th AGM of CIL.'.,,,Updates,00:00:04,24092020145514,24-Sep-2020 14:55:18,-,False,,,104528692,Mining,INE522F01014,Coal India Limited,2020-09-24 14:55:14,COALINDIA
23-Sep-2020 16:44:42,,https://nsearchives.nseindia.com/corporate/COALINDIA_23092020164441_bsenseagmproceedings.pdf,Coal India Limited has informed the Exchange regarding '46th AGM Proceedings of Coal India Limited along with Chairman Speech held on 23.09.2020'.,,,Updates,00:00:06,23092020164442,23-Sep-2020 16:44:48,-,False,,,104526555,Mining,INE522F01014,Coal India Limited,2020-09-23 16:44:42,COALINDIA
21-Sep-2020 18:42:47,,https://nsearchives.nseindia.com/corporate/COALINDIA_21092020184247_presentation.pdf,Coal India Limited has informed the Exchange regarding 'Further to our letter no CIL:XI(D):4157/4156:2020 dated 15th September  2020 we are enclosing the presentation made to selected analysts on 21st September  2020 at 04.00 PM. '.,,,Updates,00:00:03,21092020184247,21-Sep-2020 18:42:50,-,False,,,104522334,Mining,INE522F01014,Coal India Limited,2020-09-21 18:42:47,COALINDIA
18-Sep-2020 15:47:34,,https://nsearchives.nseindia.com/corporate/COALINDIA_18092020154734_bserelatedpartyjune20.pdf,Coal India Limited has informed the Exchange regarding 'Related party Transactions'.,,,Updates,00:00:05,18092020154734,18-Sep-2020 15:47:39,-,False,,,104519667,Mining,INE522F01014,Coal India Limited,2020-09-18 15:47:34,COALINDIA
15-Sep-2020 19:51:18,,https://nsearchives.nseindia.com/corporate/COALINDIA_15092020195118_Bseinvestoricici.pdf,Coal India Limited has informed the Exchange regarding 'Investor meet'.,,,Updates,00:00:09,15092020195118,15-Sep-2020 19:51:27,-,False,,,104513613,Mining,INE522F01014,Coal India Limited,2020-09-15 19:51:18,COALINDIA
15-Sep-2020 16:38:54,,https://nsearchives.nseindia.com/corporate/COALINDIA_15092020163854_investormeet.pdf,Coal India Limited has informed the Exchange regarding 'Further to our letter no CIL:XI(D):4157/4156:2020 dated 14th September  2020 we are enclosing the invitation list for investors meet on 21st September  2020 at 04.00 PM. '.,,,Updates,00:00:04,15092020163854,15-Sep-2020 16:38:58,-,False,,,104513418,Mining,INE522F01014,Coal India Limited,2020-09-15 16:38:54,COALINDIA
14-Sep-2020 11:32:11,,https://nsearchives.nseindia.com/corporate/COALINDIA_14092020113211_investorjpmorgan.pdf,Coal India Limited has informed the Exchange regarding 'Investor meet'.,,,Updates,00:00:09,14092020113211,14-Sep-2020 11:32:20,-,False,,,104510607,Mining,INE522F01014,Coal India Limited,2020-09-14 11:32:11,COALINDIA
14-Sep-2020 11:22:12,,https://nsearchives.nseindia.com/corporate/COALINDIA_14092020112212_investormeet21092020.pdf,Coal India Limited has informed the Exchange regarding 'Investor meet'.,,,Updates,00:00:05,14092020112212,14-Sep-2020 11:22:17,-,False,,,104510604,Mining,INE522F01014,Coal India Limited,2020-09-14 11:22:12,COALINDIA
06-Sep-2020 08:21:15,,https://nsearchives.nseindia.com/corporate/COALINDIA_06092020082115_Cessation.pdf,Coal India Limited has informed the Exchange regarding 'Cessation of Directorship at Coal India Limited'.,,,Updates,00:00:05,06092020082115,06-Sep-2020 08:21:20,-,False,,,104498354,Mining,INE522F01014,Coal India Limited,2020-09-06 08:21:15,COALINDIA
05-Sep-2020 13:26:31,,https://nsearchives.nseindia.com/corporate/COALINDIA_05092020132631_Nsebookclosure.pdf,Coal India Limited has informed the Exchange that Register of Members & Share Transfer Books of the Company will remain closed from 16-Sep-2020 to 23-Sep-2020 for the purpose of Annual General meeting.,,,Book Closure,00:00:04,05092020132631,05-Sep-2020 13:26:35,-,False,,,104497839,Mining,INE522F01014,Coal India Limited,2020-09-05 13:26:31,COALINDIA
03-Sep-2020 14:56:49,,https://nsearchives.nseindia.com/corporate/COALINDIA_03092020145649_bsenewsjune20.pdf,Coal India Limited has informed the Exchange regarding 'Newspaper publication of Un-Audited Financial Results of Coal India Limited(Standalone & Consolidated) for the 1st Quarter ended 30th June  2020'.,,,Updates,00:00:05,03092020145649,03-Sep-2020 14:56:54,-,False,,,104494542,Mining,INE522F01014,Coal India Limited,2020-09-03 14:56:49,COALINDIA
02-Sep-2020 18:47:03,,https://nsearchives.nseindia.com/corporate/COALINDIA_02092020184702_InvestorPPT.pdf,Coal India Limited has informed the Exchange regarding 'Presentation made by Company '.,,,Updates,00:00:07,02092020184703,02-Sep-2020 18:47:10,-,False,,,104492703,Mining,INE522F01014,Coal India Limited,2020-09-02 18:47:03,COALINDIA
02-Sep-2020 18:25:35,,https://nsearchives.nseindia.com/corporate/bsensefilling_02092020182535.zip,"Coal India Limited has submitted to the Exchange, the financial results for the period ended June 30, 2020.",,,Financial Result Updates,00:01:26,02092020182535,02-Sep-2020 18:27:01,-,False,,,136586,Mining,INE522F01014,Coal India Limited,2020-09-02 18:25:35,COALINDIA
02-Sep-2020 13:54:58,,https://nsearchives.nseindia.com/corporate/COALINDIA_02092020135458_agmnotice020920.pdf,Coal India Limited has informed the Exchange regarding 'Newspaper publication of Notice of  AGM of CIL'.,,,Updates,00:00:03,02092020135458,02-Sep-2020 13:55:01,-,False,,,104492387,Mining,INE522F01014,Coal India Limited,2020-09-02 13:54:58,COALINDIA
01-Sep-2020 16:53:49,,https://nsearchives.nseindia.com/corporate/COALINDIA_01092020165349_BSENSEAug20.pdf,Coal India Limited has informed the Exchange regarding 'Provisional Production and Off-take Performance of CIL and Subsidiary Companies for the month of Aug 20 and for the period Apr  20-Aug 20. '.,,,Updates,00:00:07,01092020165349,01-Sep-2020 16:53:56,-,False,,,104490449,Mining,INE522F01014,Coal India Limited,2020-09-01 16:53:49,COALINDIA
28-Aug-2020 11:42:25,,https://nsearchives.nseindia.com/corporate/COALINDIA_28082020114225_nseconcall.pdf,Coal India Limited has informed the Exchange regarding 'Conference call to discuss the 1st Quarter FY-20-21 results'.,,,Updates,00:00:10,28082020114225,28-Aug-2020 11:42:35,-,False,,,104485304,Mining,INE522F01014,Coal India Limited,2020-08-28 11:42:25,COALINDIA
24-Aug-2020 18:28:36,,https://nsearchives.nseindia.com/corporate/COALINDIA_24082020182836_yatnderprasad.pdf,"Coal India Limited has informed the Exchange regarding 'Appointment of Ms. Yatinder Prasad, JS&FA, MoC in CIL Board'.",,,Updates,00:00:05,24082020182836,24-Aug-2020 18:28:41,-,False,,,104476697,Mining,INE522F01014,Coal India Limited,2020-08-24 18:28:36,COALINDIA
24-Aug-2020 15:59:53,,https://nsearchives.nseindia.com/corporate/COALINDIA_24082020155953_nseacctnoticejune20.pdf,Coal India Limited has informed the Exchange regarding 'Newspaper publication of Notice of Board Meeting for Quarterly Financial Results '.,,,Updates,00:00:04,24082020155953,24-Aug-2020 15:59:57,-,False,,,104476567,Mining,INE522F01014,Coal India Limited,2020-08-24 15:59:53,COALINDIA
11-Aug-2020 17:21:44,,https://nsearchives.nseindia.com/corporate/COALINDIA_11082020172144_strikewithdraw.pdf,Coal India Limited has informed the Exchange regarding 'Withdrawal of Strike Notice'.,,,Updates,00:00:04,11082020172144,11-Aug-2020 17:21:48,-,False,,,104454348,Mining,INE522F01014,Coal India Limited,2020-08-11 17:21:44,COALINDIA
11-Aug-2020 17:14:17,,https://nsearchives.nseindia.com/corporate/COALINDIA_11082020171417_strikewithdrawal.pdf,Coal India Limited has informed the Exchange regarding 'Withdrawal of Strike Notice'.,,,Updates,00:00:03,11082020171417,11-Aug-2020 17:14:20,-,False,,,104454341,Mining,INE522F01014,Coal India Limited,2020-08-11 17:14:17,COALINDIA
11-Aug-2020 17:08:42,,https://nsearchives.nseindia.com/corporate/COALINDIA_11082020170842_bseinsdertrading11082020.pdf,Coal India Limited has informed the Exchange regarding 'Filing Of Code Under Regulation 8(2) Of The SEBI (Prohibition Of Insider Trading) Regulations 2015'.,,,Updates,00:00:02,11082020170842,11-Aug-2020 17:08:44,-,False,,,104454329,Mining,INE522F01014,Coal India Limited,2020-08-11 17:08:42,COALINDIA
08-Aug-2020 14:05:55,,https://nsearchives.nseindia.com/corporate/COALINDIA_08082020140555_bsepreagm.pdf,Coal India Limited has informed the Exchange regarding 'Newspaper publication of Pre AGM Notice of CIL'.,,,Updates,00:00:03,08082020140555,08-Aug-2020 14:05:58,-,False,,,104450779,Mining,INE522F01014,Coal India Limited,2020-08-08 14:05:55,COALINDIA
04-Aug-2020 15:52:30,,https://nsearchives.nseindia.com/corporate/COALINDIA_04082020155230_strike.pdf,Coal India Limited has informed the Exchange regarding 'Strike Notice'.,,,Updates,00:00:06,04082020155230,04-Aug-2020 15:52:36,-,False,,,104443534,Mining,INE522F01014,Coal India Limited,2020-08-04 15:52:30,COALINDIA
01-Aug-2020 20:18:45,,https://nsearchives.nseindia.com/corporate/COALINDIA_01082020201845_BSENSEJul20.pdf,Coal India Limited has informed the Exchange regarding 'Provisional production and offtake performances of CIL and it's subsidiaries companies for the month of July 20 and for the period Apr 20 and July 20'.,,,Updates,00:00:05,01082020201845,01-Aug-2020 20:18:50,-,False,,,104439996,Mining,INE522F01014,Coal India Limited,2020-08-01 20:18:45,COALINDIA
22-Jul-2020 16:44:00,,https://nsearchives.nseindia.com/corporate/COALINDIA_22072020164412_bsense22072020.pdf,Coal India Limited has informed the Exchange regarding 'Publication in newspaper- NOTICE INVITING REGISTRATION FOR SPECIAL SPOT E-AUCTION SCHEME 2O2O FOR IMPORT SUBSTITUTION (ONLY FOR COAL IMPORTERS)-SSEA IMS'.,,,Updates,-,22072020164400,-,-,False,,,104421536,Mining,INE522F01014,Coal India Limited,2020-07-22 16:44:00,COALINDIA
21-Jul-2020 15:11:00,,https://nsearchives.nseindia.com/corporate/COALINDIA_21072020151138_bsenseiepffinal1213.pdf,Coal India Limited has informed the Exchange regarding 'Newspaper publication of Notice of Transfer of Unclaimed Final Dividend 2012-13 and Equity Shares of Coal India Limited (CIL) to IEPF Authority'.,,,Updates,-,21072020151100,-,-,False,,,104419078,Mining,INE522F01014,Coal India Limited,2020-07-21 15:11:00,COALINDIA
17-Jul-2020 16:31:00,,https://nsearchives.nseindia.com/corporate/COALINDIA_17072020163154_nsebsecovid19.pdf,"Coal India Limited has informed the Exchange regarding 'Disclosure of material impact of CoVID 19 pandemic as per the SEBI Circular No. SEBI/HO/CFD/CMD1/CIR/P/2020/84 dated May 20, 2020.'.",,,Updates,-,17072020163100,-,-,False,,,104413692,Mining,INE522F01014,Coal India Limited,2020-07-17 16:31:00,COALINDIA
07-Jul-2020 16:55:00,,https://nsearchives.nseindia.com/corporate/COALINDIA_07072020165528_RPT.pdf,Coal India Limited has informed the Exchange about related Party Transactions,,,Related Party Transactions,-,07072020165500,-,-,False,,,104393738,Mining,INE522F01014,Coal India Limited,2020-07-07 16:55:00,COALINDIA
07-Jul-2020 16:23:00,,https://nsearchives.nseindia.com/corporate/COALINDIA_07072020162317_NSEstrike.pdf,The Exchange has sought clarification from Coal India Limited with respect to recent news item captioned Coal production nil in most mines during 3-day strike: Trade union leader.  The response from the Company is attached.,,,News Verification,-,07072020162300,-,-,False,,,104393709,Mining,INE522F01014,Coal India Limited,2020-07-07 16:23:00,COALINDIA
06-Jul-2020 18:49:00,,-,The Exchange has sought clarification from Coal India Limited with respect to recent news item captioned Coal production nil in most mines during 3-day strike: Trade union leader.  The response from the Company is awaited.,,,News Verification,-,06072020184900,-,-,False,,,104392026,Mining,INE522F01014,Coal India Limited,2020-07-06 18:49:00,COALINDIA
06-Jul-2020 12:12:00,,https://nsearchives.nseindia.com/corporate/COALINDIA_06072020121239_reg74.pdf,"Coal India Limited has informed the Exchange regarding 'Certificate under Regulation 74(5) of the SEBI (Depository and participants) Regulations, 2018 for the quarter ended 30th June 2020'.",,,Updates,-,06072020121200,-,-,False,,,104391593,Mining,INE522F01014,Coal India Limited,2020-07-06 12:12:00,COALINDIA
04-Jul-2020 17:52:00,,https://nsearchives.nseindia.com/corporate/COALINDIA_04072020175204_JVCILNLC.pdf,Coal India Limited has informed the Exchange regarding 'Intimation of signing of Joint Venture Agreement between Coal India Limited and NLC India Limited'.,,,Updates,-,04072020175200,-,-,False,,,104390483,Mining,INE522F01014,Coal India Limited,2020-07-04 17:52:00,COALINDIA
03-Jul-2020 12:05:00,,https://nsearchives.nseindia.com/corporate/COALINDIA_03072020120551_SCAJUNE20.pdf,Coal India Limited has informed the Exchange regarding 'Reconciliation of Share Capital Audit for the 1st Quarter ended 30th June  2020.'.,,,Updates,-,03072020120500,-,-,False,,,104389011,Mining,INE522F01014,Coal India Limited,2020-07-03 12:05:00,COALINDIA
01-Jul-2020 20:04:00,,https://nsearchives.nseindia.com/corporate/COALINDIA_01072020200445_BSENSEJun20.pdf,Coal India Limited has informed the Exchange regarding 'Provisional production and offtake performances of CIL and it's subsidiaries companies for the month of June20 and for the period Apr 20 to June 20'.,,,Updates,-,01072020200400,-,-,False,,,104384909,Mining,INE522F01014,Coal India Limited,2020-07-01 20:04:00,COALINDIA
30-Jun-2020 11:18:00,,https://nsearchives.nseindia.com/corporate/COALINDIA_30062020111828_nsebsetrading30062020.pdf,"Coal India Limited has informed the Exchange regarding the Trading Window closure pursuant to SEBI (Prohibition of Insider Trading) Regulations, 2015",,,Trading Window,-,30062020111800,-,-,False,,,104380168,Mining,INE522F01014,Coal India Limited,2020-06-30 11:18:00,COALINDIA
26-Jun-2020 16:48:00,,https://nsearchives.nseindia.com/corporate/COALINDIA_26062020164826_presentation310320.pdf,Coal India Limited has informed the Exchange regarding 'Presentation made by Company '.,,,Updates,-,26062020164800,-,-,False,,,104374986,Mining,INE522F01014,Coal India Limited,2020-06-26 16:48:00,COALINDIA
26-Jun-2020 16:29:04,,https://nsearchives.nseindia.com/corporate/bsenseupload_26062020162904.zip,"Coal India Limited has submitted to the Exchange, the financial results for the period ended March 31, 2020.",,,Financial Result Updates,-,26062020162904,-,-,False,,,134511,Mining,INE522F01014,Coal India Limited,2020-06-26 16:29:04,COALINDIA
23-Jun-2020 12:37:00,,https://nsearchives.nseindia.com/corporate/COALINDIA_23062020123704_conferencecall.pdf,Coal India Limited has informed the Exchange about Analysts/Institutional Investor Meet/Con. Call Updates,,,Analysts/Institutional Investor Meet/Con. Call Updates,-,23062020123700,-,-,False,,,104367066,Mining,INE522F01014,Coal India Limited,2020-06-23 12:37:00,COALINDIA
02-Jun-2020 14:07:00,,https://nsearchives.nseindia.com/corporate/COALINDIA_02062020140741_bsense.pdf,Coal India Limited has informed the Exchange regarding 'Brief profile of Company Secretary & Compliance officer at Coal India Limited'.,,,Updates,-,02062020140700,-,-,False,,,104330095,Mining,INE522F01014,Coal India Limited,2020-06-02 14:07:00,COALINDIA
01-Jun-2020 20:28:00,,https://nsearchives.nseindia.com/corporate/COALINDIA_01062020202857_Bsensemay20.pdf,Coal India Limited has informed the Exchange regarding 'Provisional production and offtake performances of CIL and it's subsidiaries companies for the month of May 20 and for the period Apr 20 to May 20'.,,,Updates,-,01062020202800,-,-,False,,,104328225,Mining,INE522F01014,Coal India Limited,2020-06-01 20:28:00,COALINDIA
01-Jun-2020 11:25:00,,https://nsearchives.nseindia.com/corporate/COALINDIA_01062020112556_cs.pdf,Coal India Limited has informed the Exchange regarding 'Appointment of Company Secretary & Compliance officer at Coal India Limited'.,,,Updates,-,01062020112500,-,-,False,,,104327643,Mining,INE522F01014,Coal India Limited,2020-06-01 11:25:00,COALINDIA
28-May-2020 12:14:00,,https://nsearchives.nseindia.com/corporate/COALINDIA_28052020121408_rspuri.pdf,Coal India Limited has informed the Exchange regarding 'Cessation of Directorship at Coal India Limited'.,,,Updates,-,28052020121400,-,-,False,,,104321441,Mining,INE522F01014,Coal India Limited,2020-05-28 12:14:00,COALINDIA
27-May-2020 12:36:00,,https://nsearchives.nseindia.com/corporate/COALINDIA_27052020123608_investorcall.pdf,Coal India Limited has informed the Exchange regarding 'Investor call for Business updates'.,,,Updates,-,27052020123600,-,-,False,,,104319361,Mining,INE522F01014,Coal India Limited,2020-05-27 12:36:00,COALINDIA
18-May-2020 10:49:00,,https://nsearchives.nseindia.com/corporate/COALINDIA_18052020104948_CIL.pdf,"Promoter of Coal India Limited has informed the Exchange regarding Disclosure under Regulation 30(1), 30(2) and 31(4) of the Securities and Exchange Board of India (Substantial Acquisition of Shares and Takeovers) Regulations, 2011",,,Disclosure under SEBI Takeover Regulations,-,18052020104900,-,-,False,,,104303759,Mining,INE522F01014,Coal India Limited,2020-05-18 10:49:00,COALINDIA
13-May-2020 11:44:00,,https://nsearchives.nseindia.com/corporate/COALINDIA_13052020114409_LC1.pdf,"Coal India Limited has informed the Exchange regarding 'Annual Disclosure by CIL for FY 2019-20 in terms of SEBI circular no SEBI/HO/DDHS/CIR/P/2018/144 dated November 26, 2018'.",,,Updates,-,13052020114400,-,-,False,,,104296548,Mining,INE522F01014,Coal India Limited,2020-05-13 11:44:00,COALINDIA
04-May-2020 16:51:00,,https://nsearchives.nseindia.com/corporate/COALINDIA_04052020165112_CGFinal.pdf,Coal India Limited has informed the Exchange regarding 'Corporate Governance Report for the 4th Quarter ended 31.03.2020'.,,,Updates,-,04052020165100,-,-,False,,,104278739,Mining,INE522F01014,Coal India Limited,2020-05-04 16:51:00,COALINDIA
01-May-2020 19:46:00,,https://nsearchives.nseindia.com/corporate/COALINDIA_01052020194645_Bseapr20.pdf,Coal India Limited has informed the Exchange regarding 'Provisional production and offtake performances of CIL and it's subsidiaries companies for the month of Apr 20'.,,,Updates,-,01052020194600,-,-,False,,,104276760,Mining,INE522F01014,Coal India Limited,2020-05-01 19:46:00,COALINDIA
22-Apr-2020 16:00:00,,https://nsearchives.nseindia.com/corporate/COALINDIA_22042020160050_reg74.pdf,"Coal India Limited has informed the Exchange regarding 'Certificate under Regulation 74(5) of the SEBI (Depository and participants) Regulations, 2018 for the quarter ending 31st March, 2020'.",,,Updates,-,22042020160000,-,-,False,,,104259687,Mining,INE522F01014,Coal India Limited,2020-04-22 16:00:00,COALINDIA
13-Apr-2020 16:01:00,,https://nsearchives.nseindia.com/corporate/COALINDIA_13042020160114_RCAMAR20.pdf,Coal India Limited has informed the Exchange regarding 'Reconciliation of Share Capital Audit for the 4th Quarter ended 31st March  2020.'.,,,Updates,-,13042020160100,-,-,False,,,104241947,Mining,INE522F01014,Coal India Limited,2020-04-13 16:01:00,COALINDIA
01-Apr-2020 11:57:00,,https://nsearchives.nseindia.com/corporate/COALINDIA_01042020115700_nsebseprodmar20.pdf,Coal India Limited has informed the Exchange regarding 'Provisional Production and offtake performances of CIL and its subsidiaries companies for the month of March' 20 and for the period Apr'19 to March'20 '.,,,Updates,-,01042020115700,-,-,False,,,104226796,Mining,INE522F01014,Coal India Limited,2020-04-01 11:57:00,COALINDIA
26-Mar-2020 12:52:00,,https://nsearchives.nseindia.com/corporate/COALINDIA_26032020125219_nsebsetrading20.pdf,"Coal India Limited has informed the Exchange regarding the Trading Window closure pursuant to SEBI (Prohibition of Insider Trading) Regulations, 2015",,,Trading Window,-,26032020125200,-,-,False,,,104214104,Mining,INE522F01014,Coal India Limited,2020-03-26 12:52:00,COALINDIA
19-Mar-2020 11:36:00,,https://nsearchives.nseindia.com/corporate/COALINDIA_19032020113641_BSE.pdf,Conversion of Bharat Coking Coal Limted (BCCL) Preference Shares into Equity Shares,,,Conversion,-,19032020113600,-,-,False,,,104198732,Mining,INE522F01014,Coal India Limited,2020-03-19 11:36:00,COALINDIA
12-Mar-2020 15:59:00,,https://nsearchives.nseindia.com/corporate/COALINDIA_12032020155929_nsebsedivi.pdf,"Coal India Limited has informed the Exchange that Board of Directors at its meeting held on March 12, 2020, declared Interim Dividend of 12 per equity share.",,,Dividend,-,12032020155900,-,-,False,,,104184677,Mining,INE522F01014,Coal India Limited,2020-03-12 15:59:00,COALINDIA
05-Mar-2020 12:33:00,,https://nsearchives.nseindia.com/corporate/COALINDIA_05032020123326_COALINDIA.pdf,"Coal India Limited had informed the Exchange that the Company has fixed Record Date as March 17, 2020 for the purpose of Interim dividend, if declared. The Company has now informed the Exchange that the Company has fixed Record Date as March 20, 2020 for the purpose of Interim dividend, if declared.( Revised).",,,Record Date Updates,-,05032020123300,-,-,False,,,104171682,Mining,INE522F01014,Coal India Limited,2020-03-05 12:33:00,COALINDIA
01-Mar-2020 20:53:00,,https://nsearchives.nseindia.com/corporate/COALINDIA_01032020205351_Febnsebse.pdf,Coal India Limited has informed the Exchange regarding 'Provisional production and offtake performances of CIL and it's subsidiaries companies for the month of Feb 20 and for the period Apr 19 to Feb 20'.,,,Updates,-,01032020205300,-,-,False,,,104159741,Mining,INE522F01014,Coal India Limited,2020-03-01 20:53:00,COALINDIA
26-Feb-2020 13:24:00,,https://nsearchives.nseindia.com/corporate/COALINDIA_26022020132404_COALINDIA.pdf,"Coal India Limited has informed the Exchange that the Company has fixed Record Date as March 17, 2020 for the purpose of Interim dividend, if declared.",,,Record Date,-,26022020132400,-,-,False,,,104153184,Mining,INE522F01014,Coal India Limited,2020-02-26 13:24:00,COALINDIA
26-Feb-2020 12:37:00,,https://nsearchives.nseindia.com/corporate/COALINDIA_26022020123706_tradingwindow.pdf,"Coal India Limited has informed the Exchange regarding the Trading Window closure pursuant to SEBI (Prohibition of Insider Trading) Regulations, 2015",,,Trading Window,-,26022020123700,-,-,False,,,104153144,Mining,INE522F01014,Coal India Limited,2020-02-26 12:37:00,COALINDIA
25-Feb-2020 12:06:00,,https://nsearchives.nseindia.com/corporate/COALINDIA_25022020120625_COALINDIA.pdf,Coal India Limited has submitted to the Exchange a Copy of Related Party transactions.,,,Related Party Transactions,-,25022020120600,-,-,False,,,104150519,Mining,INE522F01014,Coal India Limited,2020-02-25 12:06:00,COALINDIA
25-Feb-2020 12:02:00,,https://nsearchives.nseindia.com/corporate/COALINDIA_25022020120205_25022020113516_001.pdf,Coal India Limited has informed the Exchange regarding 'Related party Transactions'.,,,Updates,-,25022020120200,-,-,False,,,104150516,Mining,INE522F01014,Coal India Limited,2020-02-25 12:02:00,COALINDIA
12-Feb-2020 12:37:00,,https://nsearchives.nseindia.com/corporate/COALINDIA_12022020123727_bsensenewsdec19.pdf,Coal India Limited has informed the Exchange regarding 'Newspaper publication of Unaudited Financial Results of Coal India Limited(Standalone & Consolidated) for the 3rd Quarter ended 31st December  2019'.,,,Updates,-,12022020123700,-,-,False,,,104124329,Mining,INE522F01014,Coal India Limited,2020-02-12 12:37:00,COALINDIA
11-Feb-2020 19:08:13,,https://nsearchives.nseindia.com/corporate/nsebseaccts19_11022020190813.zip,"Coal India Limited has submitted to the Exchange, the financial results for the period ended December 31, 2019.",,,Financial Result Updates,-,11022020190813,-,-,False,,,132941,Mining,INE522F01014,Coal India Limited,2020-02-11 19:08:13,COALINDIA
01-Feb-2020 19:05:00,,https://nsearchives.nseindia.com/corporate/COALINDIA_01022020190518_Bsensejan20.pdf,Coal India Limited has informed the Exchange regarding 'Provisional production and offtake performances of CIL and it's subsidiaries companies for the month of Jan 20 and for the period Apr 19 to Jan 20'.,,,Updates,-,01022020190500,-,-,False,,,104095573,Mining,INE522F01014,Coal India Limited,2020-02-01 19:05:00,COALINDIA
01-Feb-2020 15:14:00,,https://nsearchives.nseindia.com/corporate/COALINDIA_01022020151459_Relinqnppoint.pdf,Coal India Limited has informed the Exchange regarding Change in Director(s) of the company.,,,Change in Director(s),-,01022020151400,-,-,False,,,104095474,Mining,INE522F01014,Coal India Limited,2020-02-01 15:14:00,COALINDIA
28-Jan-2020 12:01:00,,https://nsearchives.nseindia.com/corporate/COALINDIA_28012020120117_BSE_001.pdf,Coal India Limited has informed the Exchange regarding 'Press Release'.,,,Updates,-,28012020120100,-,-,False,,,104085474,Mining,INE522F01014,Coal India Limited,2020-01-28 12:01:00,COALINDIA
01-Jan-2020 21:26:00,,https://nsearchives.nseindia.com/corporate/COALINDIA_01012020212616_Bsenseprod_176.pdf,Coal India Limited has informed the Exchange regarding 'Provisional production and offtake performances of CIL and it's subsidiaries companies for the month of Dec 19 and for the period Apr 19 to Dec 19'.,,,Updates,-,01012020212600,-,-,False,,,104026011,Mining,INE522F01014,Coal India Limited,2020-01-01 21:26:00,COALINDIA
23-Dec-2019 16:45:00,,https://nsearchives.nseindia.com/corporate/COALINDIA_23122019164522_tradingwindowdec19_008.pdf,"Coal India Limited has informed the Exchange regarding the Trading Window closure pursuant to SEBI (Prohibition of Insider Trading) Regulations, 2015.Trading Window will be Closed pursuant to the Coal India Limited Code to Regulate, Monitor and Report Trading by Directors, Promoters, Designated Employees and Specified Connected Persons of the Company and Subsidiaries of the Company from December 30, 2019 till the end of 48 hours after the declaration of financial results of the Company for the 3rd quarter ended December 31, 2019.",,,Trading Window,-,23122019164500,-,-,False,,,104004190,Mining,INE522F01014,Coal India Limited,2019-12-23 16:45:00,COALINDIA
10-Dec-2019 15:17:00,,https://nsearchives.nseindia.com/corporate/poojak_10122019151523_VKTIWARI.pdf,COALINDIA: The Exchange had sought clarification from Coal India Limited with respect to announcement dated 02-Dec-2019 regarding Appointment of Shri Vinod Kumar Tiwari on the Board of the Company. On basis of above the Company was required to clarify following: 1. Brief profile (in case of appointment) The response of the Company is attached.,,,Reply to Clarification Sought,-,10122019151700,-,-,False,,,103976370,Mining,INE522F01014,Coal India Limited,2019-12-10 15:17:00,COALINDIA
06-Dec-2019 13:14:00,,https://nsearchives.nseindia.com/corporate/listcontract1_06122019131056_coal_067.pdf,"Coal India Limited has informed the Exchange regarding Disclosure of Related Party Transaction under Regulation 23(9) of the SEBI (Listing Obligations and Disclosure Requirements) Regulations, 2015.",,,Related Party Transactions,-,06122019131400,-,-,False,,,103969910,Mining,INE522F01014,Coal India Limited,2019-12-06 13:14:00,COALINDIA
06-Dec-2019 12:35:00,,https://nsearchives.nseindia.com/corporate/COALINDIA_06122019123514_06122019122957_003.pdf,"Coal India Limited has informed the Exchange regarding 'In terms of Regulations 23(9) of SEBI (LODR), Regulations 2015, we are enclosing herewith Related Party transactions on consolidated basis as per format specified in the relevant accounting standards for the half year ended 30th September  2019. '.",,,Updates,-,06122019123500,-,-,False,,,103969901,Mining,INE522F01014,Coal India Limited,2019-12-06 12:35:00,COALINDIA
05-Dec-2019 16:38:00,,https://nsearchives.nseindia.com/corporate/poojak_05122019163719_SNTIWARI_231.pdf,COALINDIA: The Exchange had sought clarification from Coal India Limited with respect to announcement dated 02-Dec-2019 regarding Appointment of Shri Satyendra Nath Tiwari as Director (Marketing) of the Company.On basis of above the Company was required to clarify following:1. Brief profile (in case of appointment)The response of the Company is attached.,,,Reply to Clarification Sought,-,05122019163800,-,-,False,,,103967322,Mining,INE522F01014,Coal India Limited,2019-12-05 16:38:00,COALINDIA
05-Dec-2019 10:39:00,,-,COALINDIA: The Exchange has sought clarification from Coal India Limited with respect to announcement dated 02-Dec-2019 regarding Appointment of Shri Vinod Kumar Tiwari on the Board of the Company. On basis of above the Company is required to clarify following: 1. Brief profile (in case of appointment)The response of the Company is awaited.,,,Clarification,-,05122019103900,-,-,False,,,103966993,Mining,INE522F01014,Coal India Limited,2019-12-05 10:39:00,COALINDIA
05-Dec-2019 10:34:00,,-,COALINDIA: The Exchange has sought clarification from Coal India Limited with respect to announcement dated 02-Dec-2019 regarding Appointment of Shri Satyendra Nath Tiwari as Director (Marketing) of the Company.On basis of above the Company is required to clarify following:1. Brief profile (in case of appointment)The response of the Company is awaited.,,,Clarification,-,05122019103400,-,-,False,,,103966829,Mining,INE522F01014,Coal India Limited,2019-12-05 10:34:00,COALINDIA
02-Dec-2019 12:50:00,,https://nsearchives.nseindia.com/corporate/COALINDIA_02122019125001_Prasad_191.pdf,Coal India Limited has informed the Exchange regarding Change in Director(s) of the company.,,,Change in Director(s),-,02122019125000,-,-,False,,,103958801,Mining,INE522F01014,Coal India Limited,2019-12-02 12:50:00,COALINDIA
02-Dec-2019 12:47:00,,https://nsearchives.nseindia.com/corporate/COALINDIA_02122019124748_Tiwari_188.pdf,Coal India Limited has informed the Exchange regarding Change in Director(s) of the company.,,,Change in Director(s),-,02122019124700,-,-,False,,,103958798,Mining,INE522F01014,Coal India Limited,2019-12-02 12:47:00,COALINDIA
01-Dec-2019 19:52:00,,https://nsearchives.nseindia.com/corporate/COALINDIA_01122019195201_image0120191201193134605_007.pdf,Coal India Limited has informed the Exchange regarding ' Provisional Production and Offtake of Coal India limited and its Subsidiaries for the month of November'19'.,,,Updates,-,01122019195200,-,-,False,,,103957075,Mining,INE522F01014,Coal India Limited,2019-12-01 19:52:00,COALINDIA
19-Nov-2019 11:20:00,,https://nsearchives.nseindia.com/corporate/COALINDIA_19112019112042_bsense_002.PDF,Coal India Limited has informed the Exchange regarding Change in Director(s) of the company:-.Intimation of expiry of tenure of Five(5) Independent Directors of CIL.,,,Change in Director(s),-,19112019112000,-,-,False,,,103929276,Mining,INE522F01014,Coal India Limited,2019-11-19 11:20:00,COALINDIA
13-Nov-2019 14:45:00,,https://nsearchives.nseindia.com/corporate/COALINDIA_13112019144532_nse_013.pdf,Coal India Limited has informed the Exchange regarding 'Newspaper publication of Unaudited Financial Results of Coal India Limited (Standalone & Consolidated) for the 2nd Quarter and half year ended 30th September  2019'.,,,Updates,-,13112019144500,-,-,False,,,103916873,Mining,INE522F01014,Coal India Limited,2019-11-13 14:45:00,COALINDIA
11-Nov-2019 21:57:00,,https://nsearchives.nseindia.com/corporate/COALINDIA_11112019215634_BSEPPT_561.pdf,Coal India Limited has informed the Exchange regarding Investor Presentation,,,Investor Presentation,-,11112019215700,-,-,False,,,103914095,Mining,INE522F01014,Coal India Limited,2019-11-11 21:57:00,COALINDIA
11-Nov-2019 21:55:11,,https://nsearchives.nseindia.com/corporate/BSEresults_11112019215511.zip,"Coal India Limited has submitted to the Exchange, the financial results for the period ended September 30, 2019.",,,Financial Result Updates,-,11112019215511,-,-,False,,,131048,Mining,INE522F01014,Coal India Limited,2019-11-11 21:55:11,COALINDIA
01-Nov-2019 20:23:00,,https://nsearchives.nseindia.com/corporate/COALINDIA_01112019202258_BSENSE_334.pdf,Coal India Limited has informed the Exchange regarding 'Provisional production and offtake performance of cil and its Subsidiary companies for the month of Oct 19 and for the period Apr 19 to Oct 19'.,,,Updates,-,01112019202300,-,-,False,,,103890132,Mining,INE522F01014,Coal India Limited,2019-11-01 20:23:00,COALINDIA
01-Oct-2019 22:02:00,,https://nsearchives.nseindia.com/corporate/COALINDIA_01102019220150_SEpbse19_211.pdf,Coal India Limited has informed the Exchange regarding 'Provisional production and offtake performance of cil and its Subsidiary companies for the month of Sep 19 and for the period Apr 19 to sep 19'.,,,Updates,-,01102019220200,-,-,False,,,103832511,Mining,INE522F01014,Coal India Limited,2019-10-01 22:02:00,COALINDIA
01-Oct-2019 14:09:00,,https://nsearchives.nseindia.com/corporate/COALINDIA_01102019140920_nseofs19_254.pdf,Coal India Limited has informed the Exchange regarding 'Domestic Non Deal Road Show at Mumbai on 3rd and 4th October�� 2019'.,,,Updates,-,01102019140900,-,-,False,,,103831484,Mining,INE522F01014,Coal India Limited,2019-10-01 14:09:00,COALINDIA
26-Sep-2019 15:21:00,,https://nsearchives.nseindia.com/corporate/COALINDIA_26092019152131_nsetrading_163.pdf,"Coal India Limited has informed the Exchange regarding the Trading Window closure pursuant to SEBI (Prohibition of Insider Trading) Regulations, 2015",,,Trading Window,-,26092019152100,-,-,False,,,103819952,Mining,INE522F01014,Coal India Limited,2019-09-26 15:21:00,COALINDIA
03-Sep-2019 12:34:00,,https://nsearchives.nseindia.com/corporate/COALINDIA_03092019123400_03092019112610_159.pdf,Coal India Limited has informed the Exchange regarding 'Minutes of 45th AGM of Coal India Limited'.,,,Updates,-,03092019123400,-,-,False,,,103768194,Mining,INE522F01014,Coal India Limited,2019-09-03 12:34:00,COALINDIA
01-Sep-2019 19:07:00,,https://nsearchives.nseindia.com/corporate/COALINDIA_01092019190707_NSe_019.pdf,Coal India Limited has informed the Exchange regarding 'Provisional production and offtake performance of cil and its Subsidiary Companies for the month of August 19 and for the period Apr 19 to Aug 19'.,,,Updates,-,01092019190700,-,-,False,,,103766277,Mining,INE522F01014,Coal India Limited,2019-09-01 19:07:00,COALINDIA
22-Aug-2019 13:10:00,,https://nsearchives.nseindia.com/corporate/COALINDIA_22082019130958_chairmannewspapers_088.pdf,Coal India Limited has informed the Exchange regarding 'Newspaper publication of Chairman��s Speech at 45th AGM of CIL.'.,,,Updates,-,22082019131000,-,-,False,,,103744675,Mining,INE522F01014,Coal India Limited,2019-08-22 13:10:00,COALINDIA
22-Aug-2019 09:57:00,,https://nsearchives.nseindia.com/corporate/listcontract1_22082019095531_COALINDIA_21082019172902_BSE_278_014.pdf,"Coal India Limited has informed the Exchange regarding Proceedings of Annual General Meeting held on August 21, 2019",,,Shareholders meeting,-,22082019095700,-,-,False,,,103743911,Mining,INE522F01014,Coal India Limited,2019-08-22 09:57:00,COALINDIA
21-Aug-2019 17:29:00,,https://nsearchives.nseindia.com/corporate/COALINDIA_21082019172902_BSE_278.pdf,Coal India Limited has informed the Exchange regarding '45th AGM Proceedings Of Coal India Limited Alongwith Chairman Speech HeldOn 21.08.19'.,,,Updates,-,21082019172900,-,-,False,,,103742052,Mining,INE522F01014,Coal India Limited,2019-08-21 17:29:00,COALINDIA
14-Aug-2019 14:37:00,,https://nsearchives.nseindia.com/corporate/COALINDIA_14082019143709_bsenewspaper1308_222.pdf,Coal India Limited has informed the Exchange regarding 'Newspaper publication of Unaudited Financial Results of Coal India Limited (Standalone & Consolidated) for the 1st Quarter ended 30th June�� 2019.'.,,,Updates,-,14082019143700,-,-,False,,,103729191,Mining,INE522F01014,Coal India Limited,2019-08-14 14:37:00,COALINDIA
13-Aug-2019 19:31:00,,https://nsearchives.nseindia.com/corporate/COALINDIA_13082019193151_nsebsepres_234.pdf,Coal India Limited has informed the Exchange regarding 'Presentation made by Company '.,,,Updates,-,13082019193100,-,-,False,,,103725921,Mining,INE522F01014,Coal India Limited,2019-08-13 19:31:00,COALINDIA
13-Aug-2019 19:27:01,,https://nsearchives.nseindia.com/corporate/Upload_13082019192701.zip,"Coal India Limited has submitted to the Exchange, the financial results for the period ended June 30, 2019.",,,Financial Result Updates,-,13082019192701,-,-,False,,,129723,Mining,INE522F01014,Coal India Limited,2019-08-13 19:27:01,COALINDIA
01-Aug-2019 20:18:00,,https://nsearchives.nseindia.com/corporate/COALINDIA_01082019201754_NSebse_544.pdf,Coal India Limited has informed the Exchange regarding 'Provisional production and offtake performance of CIL and Subsidiary companies for the month of July 19 and for the period Apr 19 to July 19'.,,,Updates,-,01082019201800,-,-,False,,,103698361,Mining,INE522F01014,Coal India Limited,2019-08-01 20:18:00,COALINDIA
26-Jul-2019 13:44:00,,https://nsearchives.nseindia.com/corporate/COALINDIA_26072019134352_AGMnews_110.pdf,Coal India Limited has informed the Exchange regarding 'Newspaper publication of AGM Notice'.,,,Updates,-,26072019134400,-,-,False,,,103684108,Mining,INE522F01014,Coal India Limited,2019-07-26 13:44:00,COALINDIA
24-Jul-2019 14:51:00,,https://nsearchives.nseindia.com/corporate/janilj_24072019145053_Coal_172.pdf,"COALINDIA:The Exchange had sought clarification from Coal India Limited with respect to announcement dated 11-Jul-2019, regarding Change in Director(s) of the company.On basis of above the Company is required to clarify following: 1. Disclosure of relationships between directors in case of appointment of Mr. Sanjiv Soni 2. Brief profile of Mr. Sanjiv Soni. The response of the Company is attached.",,,Reply to Clarification Sought,-,24072019145100,-,-,False,,,103678242,Mining,INE522F01014,Coal India Limited,2019-07-24 14:51:00,COALINDIA
22-Jul-2019 11:02:00,,https://nsearchives.nseindia.com/corporate/listcontract1_22072019103625_coal_061.pdf,"Coal India Limited has informed the Exchange that the Register of Members and Share Transfer Books of the Company will remain closed from , August 14, 2019 to August 21, 2019 ( both day s inclusive) for the purpose of Annual General Meeting to be held on August 21, 2019.",,,AGM/Book Closure,-,22072019110200,-,-,False,,,103672120,Mining,INE522F01014,Coal India Limited,2019-07-22 11:02:00,COALINDIA
19-Jul-2019 18:17:00,,-,"COALINDIA:The Exchange has sought clarification from Coal India Limited with respect to announcement dated 11-Jul-2019, regarding Change in Director(s) of the company.On basis of above the Company is required to clarify following: 1. Disclosure of relationships between directors in case of appointment of Mr. Sanjiv Soni 2. Brief profile of Mr. Sanjiv Soni�� The response of the Company is awaited.",,,Clarification,-,19072019181700,-,-,False,,,103668609,Mining,INE522F01014,Coal India Limited,2019-07-19 18:17:00,COALINDIA
19-Jul-2019 15:13:00,,https://nsearchives.nseindia.com/corporate/COALINDIA_19072019151300_NSEBSE_171.pdf,Coal India Limited has informed the Exchange regarding 'Newspaper clippings of the Notice for transfer of Unclaimed Final Dividend amount of 2011-12 and equity shares to the demat account of IEPF Authority'.,,,Updates,-,19072019151300,-,-,False,,,103668429,Mining,INE522F01014,Coal India Limited,2019-07-19 15:13:00,COALINDIA
11-Jul-2019 13:52:00,,https://nsearchives.nseindia.com/corporate/COALINDIA_11072019135226_nse_094.pdf,Coal India Limited has informed the Exchange regarding Change in Director(s) of the company.,,,Change in Director(s),-,11072019135200,-,-,False,,,103647764,Mining,INE522F01014,Coal India Limited,2019-07-11 13:52:00,COALINDIA
01-Jul-2019 22:05:00,,https://nsearchives.nseindia.com/corporate/COALINDIA_01072019220527_Stockxchange_196.pdf,Coal India Limited has informed the Exchange regarding 'Provisional production and offtake for the month of June19 and for Apr-Jun19'.,,,Updates,-,01072019220500,-,-,False,,,103623214,Mining,INE522F01014,Coal India Limited,2019-07-01 22:05:00,COALINDIA
28-Jun-2019 13:26:00,,https://nsearchives.nseindia.com/corporate/listcontract1_2862019125346_BSE_165.pdf,Coal India Limited has informed the Exchange regarding Related Party Transactions Disclosures.,,,Related Party Transactions,-,28062019132600,-,-,False,,,103617787,Mining,INE522F01014,Coal India Limited,2019-06-28 13:26:00,COALINDIA
24-Jun-2019 12:28:00,,https://nsearchives.nseindia.com/corporate/COALINDIA_24062019122812_nsebsetrading_158.pdf,"Coal India Limited has informed the Exchange regarding the Trading Window closure pursuant to SEBI (Prohibition of Insider Trading) Regulations, 2015",,,Trading Window,-,24062019122800,-,-,False,,,103605909,Mining,INE522F01014,Coal India Limited,2019-06-24 12:28:00,COALINDIA
13-Jun-2019 14:47:00,,https://nsearchives.nseindia.com/corporate/COALINDIA_13062019144745_13062019143421_135.pdf,Coal India Limited has informed the Exchange regarding Analysts/Institutional Investor Meet/Con. Call Updates,,,Analysts/Institutional Investor Meet/Con. Call Updates,-,13062019144700,-,-,False,,,103579929,Mining,INE522F01014,Coal India Limited,2019-06-13 14:47:00,COALINDIA
02-Jun-2019 06:55:00,,https://nsearchives.nseindia.com/corporate/COALINDIA_02062019065344_01062019192926_096.pdf,Coal India Limited has informed the Exchange regarding 'Provisional Production and offtake for the month of April 19 and for Apr-May'19'.,,,Updates,-,02062019065500,-,-,False,,,103553158,Mining,INE522F01014,Coal India Limited,2019-06-02 06:55:00,COALINDIA
31-May-2019 13:58:00,,https://nsearchives.nseindia.com/corporate/COALINDIA_31052019135351_BSE_216.pdf,"Coal India Limited has informed the Exchange regarding 'Newspaper Advertisement of Audited Financial Results of Coal India Limited for the 4th Quarter and Financial year ended 31st March, 2019 '.",,,Updates,-,31052019135800,-,-,False,,,103551808,Mining,INE522F01014,Coal India Limited,2019-05-31 13:58:00,COALINDIA
30-May-2019 17:32:00,,https://nsearchives.nseindia.com/corporate/COALINDIA_30052019173132_ppt_197.pdf,Coal India Limited has informed the Exchange regarding Investor Presentation,,,Investor Presentation,-,30052019173200,-,-,False,,,103548602,Mining,INE522F01014,Coal India Limited,2019-05-30 17:32:00,COALINDIA
30-May-2019 17:23:59,,https://nsearchives.nseindia.com/corporate/NSEacc_30052019172359.zip,"Coal India Limited has submitted to the Exchange, the financial results for the period ended March 31, 2019.",,,Financial Result Updates,-,30052019172359,-,-,False,,,128168,Mining,INE522F01014,Coal India Limited,2019-05-30 17:23:59,COALINDIA
24-May-2019 12:17:00,,https://nsearchives.nseindia.com/corporate/COALINDIA_24052019121652_24052019120914_052.pdf,Coal India Limited has informed the Exchange regarding Analysts/Institutional Investor Meet/Con. Call Updates,,,Analysts/Institutional Investor Meet/Con. Call Updates,-,24052019121700,-,-,False,,,103533452,Mining,INE522F01014,Coal India Limited,2019-05-24 12:17:00,COALINDIA
03-May-2019 14:20:00,,https://nsearchives.nseindia.com/corporate/COALINDIA_03052019141942_03052019141457_113.pdf,Coal India Limited has informed the Exchange regarding 'Continuation  of M/s Alankit Assignments Limited as Registrar and Share transfer Agent of CIL '.,,,Updates,-,03052019142000,-,-,False,,,103483270,Mining,INE522F01014,Coal India Limited,2019-05-03 14:20:00,COALINDIA
01-May-2019 21:23:00,,https://nsearchives.nseindia.com/corporate/COALINDIA_01052019212244_01052019190504_114.pdf,Coal India Limited has informed the Exchange regarding 'Provisional production and offtake for the month of April 19'.,,,Updates,-,01052019212300,-,-,False,,,103478570,Mining,INE522F01014,Coal India Limited,2019-05-01 21:23:00,COALINDIA
18-Apr-2019 19:09:00,,https://nsearchives.nseindia.com/corporate/listcontract1_18042019174024_Coal_357.pdf,"Alka Shekhar, Under Secretary to Government of India has submitted to the Exchange a copy of Annual Disclosure under Regulation 30(1) and 30(2) of SEBI (Substantial Acquisition of Shares and Takeovers), Regulations, 2011 as on March 31, 2019.",,,Disc. under Reg.30 of SEBI (SAST) Reg.2011,-,18042019190900,-,-,False,,,103457243,Mining,INE522F01014,Coal India Limited,2019-04-18 19:09:00,COALINDIA
03-Apr-2019 16:27:00,,https://nsearchives.nseindia.com/corporate/COALINDIA_03042019162658_twc_542.pdf,"Coal India Limited has informed the Exchange regarding the Trading Window closure pursuant to SEBI (Prohibition of Insider Trading) Regulations, 2015",,,Trading Window,-,03042019162700,-,-,False,,,103421550,Mining,INE522F01014,Coal India Limited,2019-04-03 16:27:00,COALINDIA
01-Apr-2019 17:27:00,,https://nsearchives.nseindia.com/corporate/COALINDIA_01042019172734_01042019172322_456.pdf,Coal India Limited has informed the Exchange regarding 'Provisional Production and Off-take Performance of CIL and Subsidiary Companies for the month of  Mar��19 and for the period April�� 2018 to Mar�� 19 along with performance highlight for the year 2018-19.'.,,,Updates,-,01042019172700,-,-,False,,,103415902,Mining,INE522F01014,Coal India Limited,2019-04-01 17:27:00,COALINDIA
01-Apr-2019 17:06:00,,https://nsearchives.nseindia.com/corporate/COALINDIA_01042019170543_01042019165920_425.pdf,Coal India Limited has informed the Exchange regarding 'Provisional Production and Off-take Performance of CIL and Subsidiary Companies for the month of  Mar��19 and for the period April�� 2018 to Mar�� 19 along with performance highlight for the year 2018-19.'.,,,Updates,-,01042019170600,-,-,False,,,103415863,Mining,INE522F01014,Coal India Limited,2019-04-01 17:06:00,COALINDIA
28-Mar-2019 11:49:00,,https://nsearchives.nseindia.com/corporate/COALINDIA_28032019114909_bsensepost_035.pdf,"Coal India Limited has informed the Exchange regarding 'COMPLETION OF EXTINGUISHMENT OF 4,46,80,850 FULLY PAID UP EQUITY SHARES OF RS. 10 EACH (��EQUITY SHARES��) OF COAL INDIA LIMITED (��COMPANY��) BOUGHT BACK THROUGH THE TENDER OFFER PROCESS PURSUANT TO THE SEBI (BUY BACK OF SECURITIES) REGULATIONS, 2018, AS AMENDED (��BUYBACK REGULATIONS��) AND RECONCILIATION OF THE SHARE CAPITAL OF THE COMPANY'.",,,Updates,-,28032019114900,-,-,False,,,103408057,Mining,INE522F01014,Coal India Limited,2019-03-28 11:49:00,COALINDIA
27-Mar-2019 08:29:00,,https://nsearchives.nseindia.com/corporate/listcontract3_26032019195939_42_COAL_002.pdf,IDBI Capital Markets & Securities Limited�� has submitted to the Exchange a Copy of Post Buyback Public Announcement for the Attention of Equity Shareholders/Beneficial Owners of Equity Shares of the Company.,,,Post Buyback Public Announcement,-,27032019082900,-,-,False,,,103402859,Mining,INE522F01014,Coal India Limited,2019-03-27 08:29:00,COALINDIA
25-Mar-2019 10:47:00,,https://nsearchives.nseindia.com/corporate/listcontract1_25032019104059_COALINDIA_23032019130638_bse_017_042.pdf,Coal India Limited has submitted to the Exchange a Copy of Post Buyback Public Announcement for the Attention of Equity Shareholders/Beneficial Owners of Equity Shares of the Company.,,,Post Buyback Public Announcement,-,25032019104700,-,-,False,,,103398591,Mining,INE522F01014,Coal India Limited,2019-03-25 10:47:00,COALINDIA
23-Mar-2019 13:07:00,,https://nsearchives.nseindia.com/corporate/COALINDIA_23032019130638_bse_017.pdf,Coal India Limited has informed the Exchange regarding 'Post Buyback Public Announcement of Coal India Limited'.,,,Updates,-,23032019130700,-,-,False,,,103395693,Mining,INE522F01014,Coal India Limited,2019-03-23 13:07:00,COALINDIA
14-Mar-2019 18:26:00,,https://nsearchives.nseindia.com/corporate/COALINDIA_14032019182628_bsense_185.pdf,"Coal India Limited has informed the Exchange that Board of Directors at its meeting held on March 14, 2019, declared Interim Dividend of 5.85 per equity share.",,,Dividend,-,14032019182600,-,-,False,,,103376260,Mining,INE522F01014,Coal India Limited,2019-03-14 18:26:00,COALINDIA
06-Mar-2019 13:38:00,,https://nsearchives.nseindia.com/corporate/listcontract1_06032019125722_COAL_064.pdf,"Coal India Limited has informed the Exchange that the Company has fixed Record Date as March 25, 2019 for the purpose of Interim Dividend on Equity Shares for the Financial Year 2018-19, if declared by the Board.",,,Record Date,-,06032019133800,-,-,False,,,103355705,Mining,INE522F01014,Coal India Limited,2019-03-06 13:38:00,COALINDIA
06-Mar-2019 13:28:00,,https://nsearchives.nseindia.com/corporate/COALINDIA_06032019132829_TradingWindowClosure060319_060.pdf,"Coal India Limited has informed the Exchange regarding the Trading Window closure pursuant to SEBI (Prohibition of Insider Trading) Regulations, 2015",,,Trading Window,-,06032019132800,-,-,False,,,103355711,Mining,INE522F01014,Coal India Limited,2019-03-06 13:28:00,COALINDIA
01-Mar-2019 21:13:00,,https://nsearchives.nseindia.com/corporate/COALINDIA_01032019211300_01032019200339_277.pdf,Coal India Limited has informed the Exchange regarding 'Provisional production and offtake performance of CIL and its subsidiaries companies for the month of Feb 19 and for the period Apr18 to Feb 19'.,,,Updates,-,01032019211300,-,-,False,,,103349894,Mining,INE522F01014,Coal India Limited,2019-03-01 21:13:00,COALINDIA
25-Feb-2019 22:08:00,,https://nsearchives.nseindia.com/corporate/COALINDIA_25022019220226_bsenselof_281.pdf,"Coal India Limited has informed the Exchange regarding 'Submission of the Letter of Offer pertaining to the proposed buyback of upto 4,46,80,850 fully paid up equity shares of Rs. 10/- each (��Equity Shares��) of Coal India Limited (��Company��) at a price of Rs. 235 per Equity Share for a maximum amount of Rs. 1,050 crores (��Offer Size��) through the tender offer process pursuant to the provisions of Regulation 8(i) of SEBI (Buy Back of Securities) Regulations, 2018, as amended'.",,,Updates,-,25022019220800,-,-,False,,,103336630,Mining,INE522F01014,Coal India Limited,2019-02-25 22:08:00,COALINDIA
14-Feb-2019 11:27:00,,https://nsearchives.nseindia.com/corporate/COALINDIA_14022019112459_bsensenewsaccounts_045.pdf,"Coal India Limited has informed the Exchange regarding 'Newspaper publication of Unaudited Financial Results of Coal India Limited (Standalone & Consolidated) for the 3rd Quarter ended December 31, 2018.'.",,,Updates,-,14022019112700,-,-,False,,,103309829,Mining,INE522F01014,Coal India Limited,2019-02-14 11:27:00,COALINDIA
12-Feb-2019 19:58:00,,https://nsearchives.nseindia.com/corporate/COALINDIA_12022019195814_bsensepresentation_537.pdf,Coal India Limited has informed the Exchange regarding 'Presentation made by Company'.,,,Updates,-,12022019195800,-,-,False,,,103304328,Mining,INE522F01014,Coal India Limited,2019-02-12 19:58:00,COALINDIA
12-Feb-2019 19:51:41,,https://nsearchives.nseindia.com/corporate/bsenseresult_12022019195141.zip,"Coal India Limited has submitted to the Exchange, the financial results for the period ended December 31, 2018.",,,Financial Result Updates,-,12022019195141,-,-,False,,,126134,Mining,INE522F01014,Coal India Limited,2019-02-12 19:51:41,COALINDIA
07-Feb-2019 14:46:00,,https://nsearchives.nseindia.com/corporate/COALINDIA_07022019144549_bsense_120.pdf,"Coal India Limited has informed the Exchange regarding 'Submission of the Draft Letter of Offer pertaining to the proposed buyback of upto 4,46,80,850 fully paid up equity shares of Rs. 10/- each (��Equity Shares��) of Coal India Limited (��Company��) at a price of Rs. 235 per Equity Share for a maximum amount of Rs. 1,050 crores (��Offer Size��) through the tender offer process pursuant to the provisions of Regulation 8(i) of SEBI (Buy Back of Securities) Regulations, 2018, as amended'.",,,Updates,-,07022019144600,-,-,False,,,103292078,Mining,INE522F01014,Coal India Limited,2019-02-07 14:46:00,COALINDIA
06-Feb-2019 14:05:00,,https://nsearchives.nseindia.com/corporate/listcontract1_06022019135539_Coal_122.pdf,"Coal India Limited has submitted to the Exchange a copy of Submission of Public Announcement for buyback of fully paid up equity shares of Rs. 10/- each (""Equity Shares"") of the Company pursuant to the provisions of Regulation 7 of SEBI (Buy Back of Securities) Regulations, 2018.",,,Public Announcement - Buyback of Shares,-,06022019140500,-,-,False,,,103288314,Mining,INE522F01014,Coal India Limited,2019-02-06 14:05:00,COALINDIA
06-Feb-2019 11:38:00,,https://nsearchives.nseindia.com/corporate/COALINDIA_06022019113800_bsense_037.pdf,"Coal India Limited has informed the Exchange regarding 'Submission of Public Announcement for buyback of fully paid up equity shares of Rs. 10/- each (��Equity Shares��) of Coal India Limited (��Company��) pursuant to the provisions of Regulation 7 of SEBI (Buy Back of Securities) Regulations, 2018.'.",,,Updates,-,06022019113800,-,-,False,,,103288085,Mining,INE522F01014,Coal India Limited,2019-02-06 11:38:00,COALINDIA
05-Feb-2019 16:06:00,,https://nsearchives.nseindia.com/corporate/COALINDIA_05022019160603_bsense_282.pdf,"Coal India Limited has informed the Exchange regarding 'Submission of Board resolution for buyback of fully paid up equity shares of Rs. 10/- each (��Equity Shares��) of Coal India Limited (��Company��) pursuant to the provisions of Regulation 5(vii) of SEBI (Buy Back of Securities) Regulations, 2018'.",,,Updates,-,05022019160600,-,-,False,,,103284688,Mining,INE522F01014,Coal India Limited,2019-02-05 16:06:00,COALINDIA
04-Feb-2019 19:35:00,,https://nsearchives.nseindia.com/corporate/listcontract1_04022019192247_CoalIndia_605.pdf,"Coal India Limited has informed the Exchange that the Board of Directors at its meeting held on February 04, 2019 has inter alia approved the buyback proposal for purchase by the Company of its own fully paid equity shares of Rs.10/- each (""Equity Shares"") not exceeding 4,46,80,850 (Four Crore Forty Six Lakhs Eighty Thousand Eight Hundred Fifty) equity shares (representing 0.72% of the total outstanding number of equity shares in the paid-up share capital of the Company) at a price of Rs. 235/- (Rupees Two Hundred and Thirty Five only) per equity share (""Buyback Offer Price"") payable in cash for an aggregate consideration not exceeding Rs. 1,050 Crore (Rupees One Thousand Fifty Crore only) ( ""Buyback Offer Size"") being 9.86% of the aggregate of the fully paid-up equity share capital and free reserves as per the audited standalone financial statements of the Company for the financial year ended March 31, 2018 (hereinafter referred to as the ""Buy back"") from the shareholders of the Company, as on the record date (as specified below), on a proportionate basis through the tender offer route in accordance and consonance with the provisions contained in the Securities and Exchange Board of India (Buy Back of Securities) Regulations, 2018 (""Buyback Regulations"") (including any statutory modification( s) or re�� enactment of the Act or Buyback Regulations, for the time being in force) and the Companies Act, 2013 (""Act"").The Buyback Offer Size does not include any expenses incurred or to be incurred for the Buyback such as filing fees payable to SEBI, advisors fees, transaction costs viz. brokerage, applicable taxes such as securities transaction tax, Goods and Services Tax, stamp duty, etc., public announcement publication expenses, printing and dispatch expenses and other incidental and related expenses.",,,Buyback,-,04022019193500,-,-,False,,,103281055,Mining,INE522F01014,Coal India Limited,2019-02-04 19:35:00,COALINDIA
04-Feb-2019 19:35:00,,https://nsearchives.nseindia.com/corporate/listcontract1_04022019192829_CoalIndia_606.pdf,"Coal India Limited has informed the Exchange that the Company has fixed Record Date as February 15, 2019 for the purpose of ascertaining the eligibility of the shareholders to participate in the Buyback.",,,Record Date,-,04022019193500,-,-,False,,,103281056,Mining,INE522F01014,Coal India Limited,2019-02-04 19:35:00,COALINDIA
04-Feb-2019 19:18:00,,https://nsearchives.nseindia.com/corporate/COALINDIA_04022019191828_20190204192428_596.pdf,Buyback of Shares by Coal India Limited and Fixation of Record Date as 15.02.19.,,,Outcome of Board Meeting,-,04022019191800,-,-,False,,,103281052,Mining,INE522F01014,Coal India Limited,2019-02-04 19:18:00,COALINDIA
01-Feb-2019 20:14:00,,https://nsearchives.nseindia.com/corporate/COALINDIA_01022019200432_01022019194148_539.pdf,Coal India Limited has informed the Exchange regarding 'Provisional Production and offtake performance of CIL and its Subsidiary Companies for the month of Jan 19 and for the period Apr18 to Jan 19'.,,,Updates,-,01022019201400,-,-,False,,,103275859,Mining,INE522F01014,Coal India Limited,2019-02-01 20:14:00,COALINDIA
31-Jan-2019 18:33:00,,https://nsearchives.nseindia.com/corporate/COALINDIA_31012019182614_TradingWindowClosure_401.pdf,"Coal India Limited has informed the Exchange regarding the Trading Window closure pursuant to SEBI (Prohibition of Insider Trading) Regulations, 2015",,,Trading Window,-,31012019183300,-,-,False,,,103273020,Mining,INE522F01014,Coal India Limited,2019-01-31 18:33:00,COALINDIA
30-Jan-2019 16:10:00,,https://nsearchives.nseindia.com/corporate/COALINDIA_30012019155856_TradingWindowClosure30012019_206.pdf,"Coal India Limited has informed the Exchange regarding the Trading Window closure pursuant to SEBI (Prohibition of Insider Trading) Regulations, 2015",,,Trading Window,-,30012019161000,-,-,False,,,103269195,Mining,INE522F01014,Coal India Limited,2019-01-30 16:10:00,COALINDIA
29-Jan-2019 16:31:00,,https://nsearchives.nseindia.com/corporate/COALINDIA_29012019162741_NCLmCLSECl_258.pdf,"Coal India Limited has informed the Exchange regarding 'Outcome Of The Board Meeting Of MCL, SECL And NCL (Wholly Owned Subsidiaries Of CIL) In Connection With Buyback Of Shares.'.",,,Updates,-,29012019163100,-,-,False,,,103265580,Mining,INE522F01014,Coal India Limited,2019-01-29 16:31:00,COALINDIA
01-Jan-2019 19:44:00,,https://nsearchives.nseindia.com/corporate/COALINDIA_01012019194358_01012019193112_156.pdf,Coal India Limited has informed the Exchange regarding 'Provisional Production and offtake performance of CIL and its Subsidiary Companies for the month of Dec 18 and for the period Apr18 to Dec 18'.,,,Updates,-,01012019194400,-,-,False,,,103194138,Mining,INE522F01014,Coal India Limited,2019-01-01 19:44:00,COALINDIA
20-Dec-2018 18:13:00,,https://nsearchives.nseindia.com/corporate/COALINDIA_20122018181247_nsebse_205.pdf,"Coal India Limited has informed the Exchange that Board of Directors at its meeting held on December 20, 2018, declared Interim Dividend of 7.25 per equity share.",,,Dividend,-,20122018181300,-,-,False,,,103166563,Mining,INE522F01014,Coal India Limited,2018-12-20 18:13:00,COALINDIA
19-Dec-2018 11:07:00,,https://nsearchives.nseindia.com/corporate/COALINDIA_19122018110621_TRADINGWINDOWCLOSURE_025.pdf,"Coal India Limited has informed the Exchange regarding the Trading Window closure pursuant to SEBI (Prohibition of Insider Trading) Regulations, 2015",,,Trading Window,-,19122018110700,-,-,False,,,103163337,Mining,INE522F01014,Coal India Limited,2018-12-19 11:07:00,COALINDIA
17-Dec-2018 16:05:00,,https://nsearchives.nseindia.com/corporate/listcontract4_17122018153056_divi_150.PDF,"Coal India Limited has informed the Exchange regarding the Trading Window closure pursuant to SEBI (Prohibition of Insider Trading) Regulations, 2015",,,Trading Window,-,17122018160500,-,-,False,,,103155296,Mining,INE522F01014,Coal India Limited,2018-12-17 16:05:00,COALINDIA
17-Dec-2018 16:05:00,,https://nsearchives.nseindia.com/corporate/listcontract4_17122018153225_divi_151.pdf,"Coal India Limited has informed the Exchange that the Company has fixed Record Date as December 31, 2018 for the purpose of Interim Dividend 2018-19",,,Record Date,-,17122018160500,-,-,False,,,103155297,Mining,INE522F01014,Coal India Limited,2018-12-17 16:05:00,COALINDIA
06-Dec-2018 17:18:00,,https://nsearchives.nseindia.com/corporate/COALINDIA_06122018171754_reg29_146.pdf,"Coal India Limited has informed the Exchange regarding 'Filing of report under Regulation 29(2) of the SEBI (Substantial Acquisitions of shares and Takeovers) Regulations, 2011 (��SEBI Takeover Regulations��). '.",,,Updates,-,06122018171800,-,-,False,,,103132046,Mining,INE522F01014,Coal India Limited,2018-12-06 17:18:00,COALINDIA
01-Dec-2018 23:44:00,,https://nsearchives.nseindia.com/corporate/COALINDIA_01122018234335_01122018190334_056.pdf,Coal India Limited has informed the Exchange regarding 'Provisional production and offtake performance of CIL and its subsidiary company for the month of nov 18 and for the period Apr 18 to Nov 18'.,,,Updates,-,01122018234400,-,-,False,,,103120693,Mining,INE522F01014,Coal India Limited,2018-12-01 23:44:00,COALINDIA
19-Nov-2018 11:42:00,,https://nsearchives.nseindia.com/corporate/COALINDIA_19112018113632_cess_833.PDF,Coal India Limited has informed the Exchange regarding 'Cessation and Re-appointment of Five 5 Independent Directors of Coal India Limited'.,,,Updates,-,19112018114200,-,-,False,,,103092863,Mining,INE522F01014,Coal India Limited,2018-11-19 11:42:00,COALINDIA
14-Nov-2018 16:21:00,,https://nsearchives.nseindia.com/corporate/COALINDIA_14112018162110_bsensenewspaper_389.pdf,Coal India Limited has informed the Exchange regarding 'Newspaper Advertisement of Publication of Unaudited Financial Results of CIL(Standalone and Consolidated ) for the 2nd quarter ended 30th Sept' 2018 '.,,,Updates,-,14112018162100,-,-,False,,,103079275,Mining,INE522F01014,Coal India Limited,2018-11-14 16:21:00,COALINDIA
13-Nov-2018 16:31:00,,https://nsearchives.nseindia.com/corporate/listcontract3_13112018161914_Coal_Allotment_675.pdf,"For and on behalf of the president of India: Ministry of Coal, Government of India has informed the Exchange regarding Allotment to employees in the offer for sale of equity shares (""Equity shares"") of Coal India limited (the ""Company"" and such offer for sale, the ""Offer"") by the president of India, acting through and represented by the Ministry of Coal, Government of India under employee category (""Employee Offer""), subsequent to completion of the offer.",,,Offer for sale,-,13112018163100,-,-,False,,,103076052,Mining,INE522F01014,Coal India Limited,2018-11-13 16:31:00,COALINDIA
12-Nov-2018 20:03:00,,https://nsearchives.nseindia.com/corporate/COALINDIA_12112018200311_PPT_403.pdf,Coal India Limited has informed the Exchange regarding 'Presentation made by Company on Unaudited Financial Results of Coal India Limited (STANDALONE AND CONSOLIDATED) FOR THE 2ND QUARTER ENDED 30TH SEP 2018'.,,,Updates,-,12112018200300,-,-,False,,,103072641,Mining,INE522F01014,Coal India Limited,2018-11-12 20:03:00,COALINDIA
12-Nov-2018 19:50:47,,https://nsearchives.nseindia.com/corporate/BSENSE_12112018195047.zip,"Coal India Limited has submitted to the Exchange, the financial results for the period ended September 30, 2018.",,,Financial Result Updates,-,12112018195047,-,-,False,,,124104,Mining,INE522F01014,Coal India Limited,2018-11-12 19:50:47,COALINDIA
10-Nov-2018 20:11:00,,https://nsearchives.nseindia.com/corporate/COALINDIA_10112018201025_NSE_904.pdf,"Coal India Limited has informed the Exchange regarding 'Offer of equity shares to the eligible employees of Coal India Ltd. as per Alternative Mechanism approval dated October 30, 2018-Employee Offer for Sale (��Employee OFS��)'.",,,Updates,-,10112018201100,-,-,False,,,103069696,Mining,INE522F01014,Coal India Limited,2018-11-10 20:11:00,COALINDIA
05-Nov-2018 20:07:00,,https://nsearchives.nseindia.com/corporate/COALINDIA_05112018200601_Window_037.pdf,"Coal India Limited has informed the Exchange regarding the Trading Window closure pursuant to SEBI (Prohibition of Insider Trading) Regulations, 2015",,,Trading Window,-,05112018200700,-,-,False,,,103060063,Mining,INE522F01014,Coal India Limited,2018-11-05 20:07:00,COALINDIA
01-Nov-2018 21:05:00,,https://nsearchives.nseindia.com/corporate/COALINDIA_01112018210321_01112018201049_140.pdf,Coal India Limited has informed the Exchange regarding 'Provisional production and off take performance of CIL and it subsidiary companies for the month of October 18 and for the period Apr18 to oct 18'.,,,Updates,-,01112018210500,-,-,False,,,103053131,Mining,INE522F01014,Coal India Limited,2018-11-01 21:05:00,COALINDIA
31-Oct-2018 17:23:00,,https://nsearchives.nseindia.com/corporate/listcontract3_31102018171931_Coal_offer_336.pdf,"Coal India Limited has informed the Exchange that��the President of India (acting through the Ministry of Coal, Government of India) (the ""Seller""), whereby the Seller proposed to sell up to 18,62,22,275 (3%) equity shares of the Company (""Base Offer Size"") on October 31, 20 18 (""T day"") (for non- Retail Investors only) and on November 1 , 2018 (""T + 1 day"") (for Retail Investors and for non�� Retail Investors who choose to carry forward their un-allotted bids) with an option to additionally sel l up to 37,24,44,550 (6%) equity shares of the Company (the ""Oversubscription Option"", the equity shares forming pail of the Base Offer Size and the Oversubscription Option will, collectively, hereinafter be referred to as ""Offer Shares""), collectively representing 9% of the total paid up equity share capital of the Company on September 30, 2018, in accordance with the OFS Guidelines and the notices and circulars issued by the BSE and NSE, from time to time, in this regard (such offer for sale hereinafter referred to as the ""Offer""). In this regard, we wish to intimate BSE and NSE of our intention to exercise the Oversubscri ption option to the extent of 1,17,81,656 (0. 19%) equity shares of the Company in addition to 18,62,22,275 (3%) equity shares forming part of the Base Offer Size. Accordingly, the Offer Shares will be l 9,80,03,931 (3.19%) equity shares of the Company. Consequently 3,96,00,786 offer shares would be available as part of the offer on November 1 , 20 18 by the retail investors.",,,Offer For Sale-Stock Exchange Mechanism,-,31102018172300,-,-,False,,,103049717,Mining,INE522F01014,Coal India Limited,2018-10-31 17:23:00,COALINDIA
30-Oct-2018 17:11:00,,https://nsearchives.nseindia.com/corporate/listcontract1_30102018165427_Coal_OFS_251.pdf,"Coal India Limited has informed the Exchange that President of India, acting through and represented by the Ministry of Coal, Government of India has submitted to the Exchange, a copy of Notice for Offer for Sell through Stock Exchange Mechanism proposing to sell 18,62,22,275(3%) equity shares of face value of Rs. 10 each (the ""Base Offer Shares"") with an option to sell an additional upto 37,24,44,550((6%) equity shares of face value of Rs. 10 each of Coal India Ltd (the ""Company""). Date and time of the opening of the offer for Non-Retail Investors: October 31, 2018 9:15 a.m Date and time of the closing of the offer for Non-Retail Investors: October 31, 2018 at 3:30 p.m. Date and time of the opening of the offer for Retail Investors: November 01, 2018 at 9:15 a.m Date and time of the closing of the offer for Retail Investors: November 01, 2018 at 3:30 p.m Floor Price for the offer shall be Rs 266 per equity share.",,,Offer For Sale-Stock Exchange Mechanism,-,30102018171100,-,-,False,,,103046678,Mining,INE522F01014,Coal India Limited,2018-10-30 17:11:00,COALINDIA
08-Oct-2018 18:06:00,,https://nsearchives.nseindia.com/corporate/COALINDIA_08102018180605_mou_574.PDF,Coal India Limited has informed the Exchange regarding 'MoU between CIL and NLC India Limited for Power Generation'.,,,Updates,-,08102018180600,-,-,False,,,102989243,Mining,INE522F01014,Coal India Limited,2018-10-08 18:06:00,COALINDIA
03-Oct-2018 16:51:00,,https://nsearchives.nseindia.com/corporate/COALINDIA_03102018165057_AGMinutes_185.pdf,"Coal India Limited has informed the Exchange regarding ' Minutes of 44th  Annual General meeting of Coal India Limited held on Wednesday, the 12th September��2018 at 10.30 A.M '.",,,Updates,-,03102018165100,-,-,False,,,102977926,Mining,INE522F01014,Coal India Limited,2018-10-03 16:51:00,COALINDIA
03-Oct-2018 16:26:00,,https://nsearchives.nseindia.com/corporate/COALINDIA_03102018162557_cfo_174.PDF,"Coal India Limited has informed the Exchange regarding 'Appointment of Shri S. Sarkar, GM(Finance) I/C, CIL as CFO, CIL.'.",,,Updates,-,03102018162600,-,-,False,,,102977915,Mining,INE522F01014,Coal India Limited,2018-10-03 16:26:00,COALINDIA
03-Oct-2018 13:29:00,,https://nsearchives.nseindia.com/corporate/COALINDIA_03102018132911_DFCIL_090.pdf,"Coal India Limited has informed the Exchange regarding 'Appointment of Shri S N Prasad, Director (Marketing) as Director (Finance), CIL, (Additional Charge)'.",,,Updates,-,03102018132900,-,-,False,,,102977843,Mining,INE522F01014,Coal India Limited,2018-10-03 13:29:00,COALINDIA
01-Oct-2018 20:19:00,,https://nsearchives.nseindia.com/corporate/COALINDIA_01102018201850_BSE_924.pdf,Coal India Limited has informed the Exchange regarding 'Provisional Production and Offtake Performance of CIL and its Subsidiary Companies for the month of September' 18 and for the period Apr' 18 to Sep'18.'.,,,Updates,-,01102018201900,-,-,False,,,102974375,Mining,INE522F01014,Coal India Limited,2018-10-01 20:19:00,COALINDIA
01-Oct-2018 11:16:00,,https://nsearchives.nseindia.com/corporate/COALINDIA_01102018111552_BSE_522.pdf,"Coal India Limited has informed the Exchange regarding 'Superannuation of Shri C K Dey, Director Finance, Coal India Ltd.'.",,,Updates,-,01102018111600,-,-,False,,,102973670,Mining,INE522F01014,Coal India Limited,2018-10-01 11:16:00,COALINDIA
26-Sep-2018 11:11:00,,https://nsearchives.nseindia.com/corporate/COALINDIA_26092018111125_bsenseprice_337.pdf,Coal India Limited has informed the Exchange regarding 'Revision of ��add on�� over notified prices of North Eastern Coalfields(NEC) coal- G-1 to G-5 grade. '.,,,Updates,-,26092018111100,-,-,False,,,102962084,Mining,INE522F01014,Coal India Limited,2018-09-26 11:11:00,COALINDIA
13-Sep-2018 18:02:00,,https://nsearchives.nseindia.com/corporate/COALINDIA_13092018180018_BSENSE_552.pdf,Coal India Limited has informed the Exchange regarding 'Declaration of Results of 44th AGM of Coal India Limited held on 12th September'18 at Kolkata along with Scrutinizer's Report'.,,,Updates,-,13092018180200,-,-,False,,,102936065,Mining,INE522F01014,Coal India Limited,2018-09-13 18:02:00,COALINDIA
12-Sep-2018 16:09:00,,https://nsearchives.nseindia.com/corporate/COALINDIA_12092018160840_AGMproceeding_407.pdf,Coal India Limited has informed the Exchange regarding 'AGM Proceedings of Coal India Ltd for the financial Year 2017-18'.,,,Updates,-,12092018160900,-,-,False,,,102935081,Mining,INE522F01014,Coal India Limited,2018-09-12 16:09:00,COALINDIA
03-Sep-2018 13:32:00,,https://nsearchives.nseindia.com/corporate/COALINDIA_03092018133146_Corrigendum_461.pdf,Coal India Limited has informed the Exchange regarding 'Corrigendum to Annual Report & Accounts 2017-18'.,,,Updates,-,03092018133200,-,-,False,,,102917318,Mining,INE522F01014,Coal India Limited,2018-09-03 13:32:00,COALINDIA
01-Sep-2018 19:52:00,,https://nsearchives.nseindia.com/corporate/COALINDIA_01092018195148_Prod_138.pdf,Coal India Limited has informed the Exchange regarding 'Provisional Production and offtake performance of CIL and its Subsidiary Companies for the month of  Aug18 and for the period Apr18 to Aug 18.'.,,,Updates,-,01092018195200,-,-,False,,,102907469,Mining,INE522F01014,Coal India Limited,2018-09-01 19:52:00,COALINDIA
21-Aug-2018 13:45:00,,https://nsearchives.nseindia.com/corporate/listcontract1_2182018105422_noticeagm_096.pdf,"Coal India Limited has informed the Exchange that the Register of Members and Share Transfer Books of the Company will remain closed from September 06, 2018 to September 12, 2018 (both days inclusive) for the purpose of Annual General Meeting to be held on September 12, 2018.",,,AGM/Book Closure,-,21082018134500,-,-,False,,,102882270,Mining,INE522F01014,Coal India Limited,2018-08-21 13:45:00,COALINDIA
20-Aug-2018 14:42:00,,https://nsearchives.nseindia.com/corporate/COALINDIA_20082018144122_agmnoticenewspaper_171.pdf,Coal India Limited has informed the Exchange regarding 'Newspaper Advertisement of Notice of Annual General Meeting of Coal India Limited'.,,,Updates,-,20082018144200,-,-,False,,,102878021,Mining,INE522F01014,Coal India Limited,2018-08-20 14:42:00,COALINDIA
17-Aug-2018 15:00:00,,https://nsearchives.nseindia.com/corporate/usapresentation_17082018150008_577.zip,Coal India Limited has informed the Exchange regarding Investor Presentation(Revised),,,Investor Presentation,-,17082018150000,-,-,False,,,102875880,Mining,INE522F01014,Coal India Limited,2018-08-17 15:00:00,COALINDIA
17-Aug-2018 11:24:00,,https://nsearchives.nseindia.com/corporate/presentationusa_17082018112456_487.zip,Coal India Limited has informed the Exchange regarding Investor Presentation,,,Investor Presentation,-,17082018112400,-,-,False,,,102875758,Mining,INE522F01014,Coal India Limited,2018-08-17 11:24:00,COALINDIA
13-Aug-2018 14:09:00,,https://nsearchives.nseindia.com/corporate/newspaperpublicatioresult_13082018140933_540.zip,"Coal India Limited has informed the Exchange regarding 'Newspaper Advertisement of Unaudited Financial Results of Coal India Limited (Standalone & Consolidated) for the 1st Quarter ended June 30, 2018.'.",,,Updates,-,13082018140900,-,-,False,,,102864470,Mining,INE522F01014,Coal India Limited,2018-08-13 14:09:00,COALINDIA
11-Aug-2018 16:22:00,,https://nsearchives.nseindia.com/corporate/nse_11082018162236_137.zip,Coal India Limited has informed the Exchange regarding Investor Presentation,,,Investor Presentation,-,11082018162200,-,-,False,,,102862233,Mining,INE522F01014,Coal India Limited,2018-08-11 16:22:00,COALINDIA
11-Aug-2018 15:56:12,,https://nsearchives.nseindia.com/corporate/NSEresults_11082018155612.zip,"Coal India Limited has submitted to the Exchange, the financial results for the period ended June 30, 2018.",,,Financial Result Updates,-,11082018155612,-,-,False,,,122270,Mining,INE522F01014,Coal India Limited,2018-08-11 15:56:12,COALINDIA
10-Aug-2018 10:21:00,,https://nsearchives.nseindia.com/corporate/AR201718_10082018102114_625.zip,"Coal India Limited has informed the Exchange regarding 'AGM Notice,  Annual Report & Accounts 2017-18 and Sustainability Report             2017-18'.",,,Updates,-,10082018102100,-,-,False,,,102860567,Mining,INE522F01014,Coal India Limited,2018-08-10 10:21:00,COALINDIA
09-Aug-2018 15:57:00,,https://nsearchives.nseindia.com/corporate/NSE_09082018155718_235.zip,Coal India Limited has informed the Exchange regarding 'Analyst Meet'.,,,Updates,-,09082018155700,-,-,False,,,102857808,Mining,INE522F01014,Coal India Limited,2018-08-09 15:57:00,COALINDIA
02-Aug-2018 11:26:00,,https://nsearchives.nseindia.com/corporate/NSE_02082018112630_751.zip,Coal India Limited has informed the Exchange regarding 'Provisional Production and Offtake Performance of CIL and Subsidiary Companies for the month of  July��2018 and for the period Apr��18- July��18'.,,,Updates,-,02082018112600,-,-,False,,,102839795,Mining,INE522F01014,Coal India Limited,2018-08-02 11:26:00,COALINDIA
20-Jul-2018 14:55:00,,https://nsearchives.nseindia.com/corporate/nsemer_20072018145544_125.zip,Coal India Limited has informed the Exchange regarding 'Transfer of Unclaimed Final Dividend 2010-11 and Equity Shares of Coal India Limited (CIL) to IEPF Authority'.,,,Updates,-,20072018145500,-,-,False,,,102806578,Mining,INE522F01014,Coal India Limited,2018-07-20 14:55:00,COALINDIA
16-Jul-2018 15:41:00,,https://nsearchives.nseindia.com/corporate/nse_16072018154145_695.zip,Coal India Limited has informed the Exchange regarding 'Schedule of Non Deal Road Shows at UK'.,,,Updates,-,16072018154100,-,-,False,,,102793733,Mining,INE522F01014,Coal India Limited,2018-07-16 15:41:00,COALINDIA
14-Jul-2018 11:02:00,,https://nsearchives.nseindia.com/corporate/nseprese_14072018110231_375.zip,Coal India Limited has informed the Exchange regarding Investor Presentation,,,Investor Presentation,-,14072018110200,-,-,False,,,102791388,Mining,INE522F01014,Coal India Limited,2018-07-14 11:02:00,COALINDIA
10-Jul-2018 19:39:00,,https://nsearchives.nseindia.com/corporate/nsendrs_10072018193959_707.zip,Coal India Limited has informed the Exchange regarding 'International Non Deal Road Shows'.,,,Updates,-,10072018193900,-,-,False,,,102780336,Mining,INE522F01014,Coal India Limited,2018-07-10 19:39:00,COALINDIA
01-Jul-2018 19:23:00,,https://nsearchives.nseindia.com/corporate/Nse_01072018192341_511.zip,Coal India Limited has informed the Exchange regarding 'Provisional Production and off take performance of CIL and its Subsidiary companies for the month of June 18 and for the period Apr18 to June 18'.,,,Updates,-,01072018192300,-,-,False,,,102758588,Mining,INE522F01014,Coal India Limited,2018-07-01 19:23:00,COALINDIA
21-Jun-2018 13:55:00,,https://nsearchives.nseindia.com/corporate/nse_21062018135543_545.zip,Coal India Limited has informed the Exchange regarding 'Tranche IV of Auction of coal linkages of non-regulated sector'.,,,Updates,-,21062018135500,-,-,False,,,102738793,Mining,INE522F01014,Coal India Limited,2018-06-21 13:55:00,COALINDIA
01-Jun-2018 19:29:00,,https://nsearchives.nseindia.com/corporate/NSEpp_01062018192914_402.zip,Coal India Limited has informed the Exchange regarding 'Provisional Production and Offtake Performance of CIL and its Subsidiary Companies for the month of May��18 and for Apr�� 18-May��18'.,,,Updates,-,01062018192900,-,-,False,,,102693606,Mining,INE522F01014,Coal India Limited,2018-06-01 19:29:00,COALINDIA
01-Jun-2018 16:26:00,,https://nsearchives.nseindia.com/corporate/NSE_01062018162648_243.zip,Coal India Limited has informed the Exchange regarding 'Nomura Investment Forum Asia 2018 '.,,,Updates,-,01062018162600,-,-,False,,,102693456,Mining,INE522F01014,Coal India Limited,2018-06-01 16:26:00,COALINDIA
30-May-2018 16:55:00,,https://nsearchives.nseindia.com/corporate/NSE_30052018165531_337.zip,"Coal India Limited has informed the Exchange regarding 'Newspaper Advertisement of Audited Financial Results of Coal India Limited (Standalone & Consolidated) for the 4th Quarter and t financial year ended 31st March, 2018 '.",,,Updates,-,30052018165500,-,-,False,,,102686082,Mining,INE522F01014,Coal India Limited,2018-05-30 16:55:00,COALINDIA
29-May-2018 16:35:00,,https://nsearchives.nseindia.com/corporate/NSEPPT_29052018163548_304.zip,Coal India Limited has informed the Exchange regarding Investor Presentation,,,Investor Presentation,-,29052018163500,-,-,False,,,102682087,Mining,INE522F01014,Coal India Limited,2018-05-29 16:35:00,COALINDIA
29-May-2018 15:03:31,,https://nsearchives.nseindia.com/corporate/NSE_29052018150331.zip,"Coal India Limited has submitted to the Exchange, the financial results for the period ended March 31, 2018.",,,Financial Result Updates,-,29052018150331,-,-,False,,,120177,Mining,INE522F01014,Coal India Limited,2018-05-29 15:03:31,COALINDIA
24-May-2018 15:14:00,,https://nsearchives.nseindia.com/corporate/nse_24052018151435_252.zip,Coal India Limited has informed the Exchange regarding Analysts/Institutional Investor Meet/Con. Call Updates,,,Analysts/Institutional Investor Meet/Con. Call Updates,-,24052018151400,-,-,False,,,102670558,Mining,INE522F01014,Coal India Limited,2018-05-24 15:14:00,COALINDIA
19-May-2018 12:36:00,,https://nsearchives.nseindia.com/corporate/NSE_19052018123621_778.zip,"Coal India Limited has informed the Exchange regarding Appointment of Mr Anil Kumar Jha as Chairman & Managing Director of the company w.e.f. May 18, 2018.",,,Appointment,-,19052018123600,-,-,False,,,102656918,Mining,INE522F01014,Coal India Limited,2018-05-19 12:36:00,COALINDIA
01-May-2018 19:46:00,,https://nsearchives.nseindia.com/corporate/NSE_01052018194640_074.zip,Coal India Limited has informed the Exchange regarding 'Provisional production and offtake performance of CIL and its Subsidiaries companies for the month of Apr 18'.,,,Updates,-,01052018194600,-,-,False,,,102612370,Mining,INE522F01014,Coal India Limited,2018-05-01 19:46:00,COALINDIA
23-Apr-2018 15:59:00,,https://nsearchives.nseindia.com/corporate/nse_23042018155913_486.zip,"Coal India Limited has informed the Exchange regarding Change in Director(s) of the company. Appointment of Shri Suresh Kumar, Additional Secretary, MoC as CMD, CIL(Additional Charge)",,,Change in Director(s),-,23042018155900,-,-,False,,,102595268,Mining,INE522F01014,Coal India Limited,2018-04-23 15:59:00,COALINDIA
11-Apr-2018 10:44:00,,https://nsearchives.nseindia.com/corporate/CIL_11042018104452.zip,"President of India, Government of India, Ministry of Coal has submitted to the Exchange a copy of disclosure under Regulation 30(1) and 30(2) of SEBI (Substantial Acquisition of Shares & Takeovers) Regulations, 2011.",,,Disc. under Reg.30 of SEBI (SAST) Reg.2011,-,11042018104400,-,-,False,,,102566436,Mining,INE522F01014,Coal India Limited,2018-04-11 10:44:00,COALINDIA
02-Apr-2018 11:02:00,,https://nsearchives.nseindia.com/corporate/nse_02042018110236_126.zip,Coal India Limited has informed the Exchange regarding 'Provisional Production and Offtake Performance of CIL and Subsidiary Companies for the month of Mar��18 and for April��2017-Mar��18-Amendments  in Highlights 2017-18.'.,,,Updates,-,02042018110200,-,-,False,,,102542629,Mining,INE522F01014,Coal India Limited,2018-04-02 11:02:00,COALINDIA
01-Apr-2018 20:23:00,,https://nsearchives.nseindia.com/corporate/NSEprod_01042018202325_014.zip,Coal India Limited has informed the Exchange regarding 'Provisional production and offtake performance of CIL and its Subsidiaries companies for the month of Mar 18 and for April 17-Mar 18'.,,,Updates,-,01042018202300,-,-,False,,,102541434,Mining,INE522F01014,Coal India Limited,2018-04-01 20:23:00,COALINDIA
01-Apr-2018 20:00:00,,https://nsearchives.nseindia.com/corporate/NSE_CIL_01042018200038_013.zip,Coal India Limited has informed the Exchange regarding 'Raising of Coal sales bill on GCV(Kcal/kg)basis for non coking coal from 1st April 2018'.,,,Updates,-,01042018200000,-,-,False,,,102541433,Mining,INE522F01014,Coal India Limited,2018-04-01 20:00:00,COALINDIA
26-Mar-2018 12:54:00,,https://nsearchives.nseindia.com/corporate/Coal_26032018124853_26032018125437.zip,"The Exchange had sought clarification from the Company with respect to news item captioned ""Odisha slaps Rs 83 bn demand notice on Coal India firm for illegal mining"". The response from the Company is attached.",,,News Clarification,-,26032018125400,-,-,False,,,102533073,Mining,INE522F01014,Coal India Limited,2018-03-26 12:54:00,COALINDIA
26-Mar-2018 12:37:00,,https://nsearchives.nseindia.com/corporate/nse_26032018123758_094.zip,Coal India Limited has informed the Exchange regarding 'Clarification on Media Report- Odisha Govt. Slaps Rs 83 bn demand notice on Coal India firm for illegal mining��. '.,,,Updates,-,26032018123700,-,-,False,,,102533071,Mining,INE522F01014,Coal India Limited,2018-03-26 12:37:00,COALINDIA
22-Mar-2018 16:42:00,,-,"The Exchange has sought clarification from the Company with respect to news item captioned- ""Odisha slaps Rs 83 bn demand notice on Coal India firm for illegal mining"" In this regard, Exchange has advised the Company to provide clarification/confirmation on the news item in detail including the following: a) Whether such event/negotiations/article stated in published news were taking place? If so, you are advised to provide the said information along with the sequence of events in chronological order and the material impact of this article on the Company. b) Whether company is aware of any information that has not been announced to the Exchanges under regulation 30 of Listing Regulations. The response from the Company is awaited.",,,News Clarification,-,22032018164200,-,-,False,,,102526107,Mining,INE522F01014,Coal India Limited,2018-03-22 16:42:00,COALINDIA
12-Mar-2018 08:28:00,,https://nsearchives.nseindia.com/corporate/20180310110427_12032018082843_545.zip,"Coal India Limited has informed the Exchange that the Board of Directors of the Company in its meeting held on March 10, 2018 had approved payment of Interim Dividend for the financial year 2017-18 @ Rs. 16.50 per share of the face value of Rs.10/- as recommended by the Audit Committee of the Company in its meeting held on date.",,,Dividend,-,12032018082800,-,-,False,,,102500465,Mining,INE522F01014,Coal India Limited,2018-03-12 08:28:00,COALINDIA
07-Mar-2018 19:51:00,,https://nsearchives.nseindia.com/corporate/Coal_07032018195111.zip,"The company had informed the Exchange that the Board of directors of CIL in its meeting march 07, 2018 to Consideration of Interim dividend for FY 2017-18. the company has now inform the exchange that another board meeting on march 10, 2018 to consider payment of Interim dividend of FY 2017-18 if any.",,,Board Meeting Deferred,-,07032018195100,-,-,False,,,102494140,Mining,INE522F01014,Coal India Limited,2018-03-07 19:51:00,COALINDIA
07-Mar-2018 19:30:00,,https://nsearchives.nseindia.com/corporate/Coal_07032018193059_461.zip,"The company had informed the Exchange that the Company has fixed Record Date as March 15, 2018 for the purpose of Interim Dividend on Equity Shares for the Financial Year 2017-18, if declared by the Board.The company has now informed the Exchange that the Company has fixed Record Date as March 19, 2018 for the purpose of Interim Dividend",,,Record Date Updates,-,07032018193000,-,-,False,,,102494134,Mining,INE522F01014,Coal India Limited,2018-03-07 19:30:00,COALINDIA
01-Mar-2018 22:27:00,,https://nsearchives.nseindia.com/corporate/NSE_01032018222725_003.zip,Coal India Limited has informed the Exchange regarding 'Provisional Production and offtake of CIL and Subsidiaries for the month of Feb'18 and for Apr'17 to feb'18'.,,,Updates,-,01032018222700,-,-,False,,,102484847,Mining,INE522F01014,Coal India Limited,2018-03-01 22:27:00,COALINDIA
26-Feb-2018 13:25:00,,https://nsearchives.nseindia.com/corporate/COALINDIA_26022018132528_623.zip,"Coal India Limited has informed the Exchange that the Company has fixed Record Date as March 15, 2018 for the purpose of Interim Dividend on Equity Shares for the Financial Year 2017-18, if declared by the Board.",,,Record Date,-,26022018132500,-,-,False,,,102474347,Mining,INE522F01014,Coal India Limited,2018-02-26 13:25:00,COALINDIA
12-Feb-2018 15:20:00,,https://nsearchives.nseindia.com/corporate/NSE_12022018152034_968.zip,"Coal India Limited has informed the Exchange regarding a press release dated February 12, 2018, titled ""Newspaper publications of Unaudited Financial Results of Coal India Limited-(Standalone & Consolidated for the 3rd Quarter and Nine months ended 31st Dec��2017"".",,,Press Release,-,12022018152000,-,-,False,,,102445461,Mining,INE522F01014,Coal India Limited,2018-02-12 15:20:00,COALINDIA
10-Feb-2018 19:01:00,,https://nsearchives.nseindia.com/corporate/NSEP_10022018190105_773.zip,"Coal India Limited has informed the Exchange regarding 'Presentation made on Unaudited Financial Results (Standalone & Consolidated) of Coal India Limited for 3rd Quarter and Nine months ended December 31, 2017'.",,,Updates,-,10022018190100,-,-,False,,,102443109,Mining,INE522F01014,Coal India Limited,2018-02-10 19:01:00,COALINDIA
10-Feb-2018 18:33:43,,https://nsearchives.nseindia.com/corporate/NSE_10022018183343.zip,"Coal India Limited has submitted to the Exchange, the financial results for the period ended December 31, 2017.",,,Financial Result Updates,-,10022018183343,-,-,False,,,118056,Mining,INE522F01014,Coal India Limited,2018-02-10 18:33:43,COALINDIA
06-Feb-2018 16:05:00,,https://nsearchives.nseindia.com/corporate/NSE_06022018160530_413.zip,"COALINDIA:The Exchange had sought clarification from Coal India Limited with respect to announcement dated 31-Jan-2018, regarding "" Coal India Limited has informed the Exchange regarding 'Appointment of Shri Ram Prakash Srivastava as Director(Personnel), CIL'."". On basis of above the Company is required to clarify following: 1. Disclosure of relationships between directors (in case of appointment of a director).2. Brief profile (in case of appointment);The response of the Company is enclosed.",,,Reply to Clarification Sought,-,06022018160500,-,-,False,,,102431494,Mining,INE522F01014,Coal India Limited,2018-02-06 16:05:00,COALINDIA
01-Feb-2018 21:01:00,,-,"COALINDIA:The Exchange had sought clarification from Coal India Limited with respect to announcement dated 31-Jan-2018, regarding "" Coal India Limited has informed the Exchange regarding 'Appointment of Shri Ram Prakash Srivastava as Director(Personnel), CIL'."". On basis of above the Company is required to clarify following: 1. Disclosure of relationships between directors (in case of appointment of a director).2. Brief profile (in case of appointment);The response of the Company is enclosed.",,,Clarification,-,01022018210100,-,-,False,,,102421260,Mining,INE522F01014,Coal India Limited,2018-02-01 21:01:00,COALINDIA
01-Feb-2018 20:46:00,,https://nsearchives.nseindia.com/corporate/NSE_01022018204633_838.zip,Coal India Limited has informed the Exchange regarding 'Provisional Production and Offtake Performance of CIL and SubsidiariesCompanies for the month of Jan'18 and for Apr' l7-Jan'18.'.,,,Updates,-,01022018204600,-,-,False,,,102421257,Mining,INE522F01014,Coal India Limited,2018-02-01 20:46:00,COALINDIA
31-Jan-2018 11:49:00,,https://nsearchives.nseindia.com/corporate/nserpsrivastav_31012018114954_727.zip,"Coal India Limited has informed the Exchange regarding 'Appointment of Shri Ram Prakash Srivastava as Director(Personnel), CIL'.",,,Updates,-,31012018114900,-,-,False,,,102418171,Mining,INE522F01014,Coal India Limited,2018-01-31 11:49:00,COALINDIA
08-Jan-2018 23:50:00,,https://nsearchives.nseindia.com/corporate/NSE_08012018235036_003.zip,Coal India Limited has informed the Exchange regarding 'Rationalization of Non-Coking Coal Prices'.,,,Updates,-,08012018235000,-,-,False,,,102366310,Mining,INE522F01014,Coal India Limited,2018-01-08 23:50:00,COALINDIA
01-Jan-2018 19:49:00,,https://nsearchives.nseindia.com/corporate/NSE_01012018194921_305.zip,Coal India Limited has informed the Exchange regarding 'Provisional Production and Offtake Performance of CIL and Subsidiary Companies for the month of Dec��17 and for April��2017-Dec��2017'.,,,Updates,-,01012018194900,-,-,False,,,102353484,Mining,INE522F01014,Coal India Limited,2018-01-01 19:49:00,COALINDIA
19-Dec-2017 23:39:00,,https://nsearchives.nseindia.com/corporate/FullSizeRender__2__19122017233912_550.zip,Coal India Limited has informed the Exchange regarding 'Introduction of Evacuation Facility Charges'.,,,Updates,-,19122017233900,-,-,False,,,102329331,Mining,INE522F01014,Coal India Limited,2017-12-19 23:39:00,COALINDIA
18-Dec-2017 16:39:00,,https://nsearchives.nseindia.com/corporate/COALINDIA_18122017163929.zip,"The Exchange had sought clarification from the Company with respect to news item captioned ""CIL arm gets nod for mega project"". The response from the Company is attached.",,,News Clarification,-,18122017163900,-,-,False,,,102326303,Mining,INE522F01014,Coal India Limited,2017-12-18 16:39:00,COALINDIA
18-Dec-2017 16:27:00,,https://nsearchives.nseindia.com/corporate/nse_18122017162700_246.zip,Coal India Limited has informed the Exchange regarding 'Clarification on Media Report- CIL ARM gets nod for mega project '.,,,Updates,-,18122017162700,-,-,False,,,102326300,Mining,INE522F01014,Coal India Limited,2017-12-18 16:27:00,COALINDIA
14-Dec-2017 15:48:00,,-,"The Exchange has sought clarification from the Company with respect to news item captioned ""CIL arm gets nod for mega project"" In this regard, Exchange has advised the Company to provide clarification/confirmation on the news item in detail including the following: a) Whether such event/negotiations/article stated in published news were taking place? If so, you are advised to provide the said information along with the sequence of events in chronological order and the material impact of this article on the Company. b) Whether company is aware of any information that has not been announced to the Exchanges under regulation 30 of Listing Regulations. The response from the Company is awaited.",,,News Clarification,-,14122017154800,-,-,False,,,102319976,Mining,INE522F01014,Coal India Limited,2017-12-14 15:48:00,COALINDIA
14-Dec-2017 12:49:00,,https://nsearchives.nseindia.com/corporate/nse_14122017124900_102.zip,"Coal India Limited has informed the Exchange regarding a press release dated December 14, 2017, titled ""Newspaper clippings of the Notice for transfer of Unclaimed Dividend amount and equity shares to the demat account of IEPF Authority"".",,,Press Release,-,14122017124900,-,-,False,,,102319389,Mining,INE522F01014,Coal India Limited,2017-12-14 12:49:00,COALINDIA
01-Dec-2017 20:55:00,,https://nsearchives.nseindia.com/corporate/NSE_01122017205538_740.zip,Coal India Limited has informed the Exchange regarding 'Provisional Production and Offtake of CIL and Subsidiaries for the month of Nov'17 and for Apr'17- Nov'17'.,,,Updates,-,01122017205500,-,-,False,,,102291906,Mining,INE522F01014,Coal India Limited,2017-12-01 20:55:00,COALINDIA
27-Nov-2017 17:28:00,,https://nsearchives.nseindia.com/corporate/NSE_27112017172839_205.zip,Coal India Limited has informed the Exchange regarding 'Transfer of Shares by President of India to ��Bharat 22 ETF��'.,,,Updates,-,27112017172800,-,-,False,,,102280469,Mining,INE522F01014,Coal India Limited,2017-11-27 17:28:00,COALINDIA
13-Nov-2017 12:44:00,,https://nsearchives.nseindia.com/corporate/NSE_13112017124455_834.zip,Coal India Limited has informed the Exchange regarding 'Paper Publication of Financial Results for 2nd Quarter and half year ended 30th September' 2017'.,,,Updates,-,13112017124400,-,-,False,,,102246718,Mining,INE522F01014,Coal India Limited,2017-11-13 12:44:00,COALINDIA
11-Nov-2017 21:48:00,,https://nsearchives.nseindia.com/corporate/NSEP_11112017214852_707.zip,Coal India Limited has informed the Exchange regarding Investor Presentation,,,Investor Presentation,-,11112017214800,-,-,False,,,102244349,Mining,INE522F01014,Coal India Limited,2017-11-11 21:48:00,COALINDIA
11-Nov-2017 21:24:29,,https://nsearchives.nseindia.com/corporate/NSE_11112017212429.zip,"Coal India Limited has submitted to the Exchange, the financial results for the period ended 30-Sep-2017.",,,Financial Result Updates,-,11112017212429,-,-,False,,,116151,Mining,INE522F01014,Coal India Limited,2017-11-11 21:24:29,COALINDIA
06-Nov-2017 13:49:00,,https://nsearchives.nseindia.com/corporate/Coal_NSE_06112017134956.zip,"The Exchange had sought clarification from the Company with respect to news item captioned ""Odisha govt slaps Rs 20,169 crore penalty on Coal India arm"". The response from the Company is enclosed.",,,News Clarification,-,06112017134900,-,-,False,,,102228544,Mining,INE522F01014,Coal India Limited,2017-11-06 13:49:00,COALINDIA
06-Nov-2017 11:41:00,,https://nsearchives.nseindia.com/corporate/NSE_06112017114131_025.zip,"Coal India Limited has informed the Exchange regarding 'Clarification on Media Report- Odisha Govt. slaps Rs.20,169 crore penalty on Coal India arm'.",,,Updates,-,06112017114100,-,-,False,,,102228366,Mining,INE522F01014,Coal India Limited,2017-11-06 11:41:00,COALINDIA
02-Nov-2017 15:19:00,,-,"The Exchange has sought clarification from the Company with respect to news item captioned ��Odisha govt slaps Rs 20,169 crore penalty on Coal India��. In this regard, Exchange has advised the Company to provide clarification/confirmation on the news item in detail including the following: a) Whether such event/negotiations/article stated in published news were taking place? If so, you are advised to provide the said information along with the sequence of events in chronological order and the material impact of this article on the Company. b) Whether company is aware of any information that has not been announced to the Exchanges under regulation 30 of Listing Regulations. The response from the Company is awaited.",,,News Clarification,-,02112017151900,-,-,False,,,102221588,Mining,INE522F01014,Coal India Limited,2017-11-02 15:19:00,COALINDIA
02-Nov-2017 11:15:00,,https://nsearchives.nseindia.com/corporate/NSE_02112017111510_344.zip,Coal India Limited has informed the Exchange regarding 'Provisional Production and Offtake Performance of CIL and Subsidiary Companies for the month of Oct��17 and for April��2017-Oct��2017'.,,,Updates,-,02112017111500,-,-,False,,,102221244,Mining,INE522F01014,Coal India Limited,2017-11-02 11:15:00,COALINDIA
30-Oct-2017 11:49:00,,https://nsearchives.nseindia.com/corporate/NSE_30102017114902_004.zip,"Coal India Limited has informed the Exchange regarding 'NOTICE FOR BOARD MEETING FOR THE 2nd  QUARTER ENDED SEPTEMBER 30, 2017'.",,,Updates,-,30102017114900,-,-,False,,,102211918,Mining,INE522F01014,Coal India Limited,2017-10-30 11:49:00,COALINDIA
11-Oct-2017 15:03:00,,https://nsearchives.nseindia.com/corporate/NSE_11102017150346_543.zip,"Coal India Limited has informed the Exchange regarding Appointment of Mr Binay Dayal as Executive Director of the company w.e.f. October 11, 2017.",,,Appointment,-,11102017150300,-,-,False,,,102174039,Mining,INE522F01014,Coal India Limited,2017-10-11 15:03:00,COALINDIA
10-Oct-2017 17:26:00,,https://nsearchives.nseindia.com/corporate/NSE_10102017172611_219.zip,Coal India Limited has informed the Exchange regarding 'Memorandum of Agreement for National Coal Wage Agreement-X has been signed on 10th Oct�� 2017 for a period of 5 years from 01.07.2016 to 30.06.2021. This agreement will impact 2.98 lakh coal workers and the total estimated avergae annual impact would be  Rs 5667 Crs.'.,,,Updates,-,10102017172600,-,-,False,,,102170607,Mining,INE522F01014,Coal India Limited,2017-10-10 17:26:00,COALINDIA
06-Oct-2017 13:01:00,,https://nsearchives.nseindia.com/corporate/NSEAGM_06102017130146_063.zip,Coal India Limited has informed the Exchange regarding 'Minutes of 43rd  AGM of Coal India Limited '.,,,Updates,-,06102017130100,-,-,False,,,102163923,Mining,INE522F01014,Coal India Limited,2017-10-06 13:01:00,COALINDIA
06-Oct-2017 12:53:00,,https://nsearchives.nseindia.com/corporate/NSEapp_06102017125319_059.zip,"Coal India Limited has informed the Exchange regarding Appointment of Mr Bharat Laxmanbhai Gajipara as Independent Director of the company w.e.f. September 22, 2017.",,,Appointment,-,06102017125300,-,-,False,,,102163919,Mining,INE522F01014,Coal India Limited,2017-10-06 12:53:00,COALINDIA
03-Oct-2017 13:31:00,,https://nsearchives.nseindia.com/corporate/NSE_03102017133131_817.zip,Coal India Limited has informed the Exchange regarding 'Provisional Production and Offtake Performance of CIL and Subsidiary Companies for the month of Sep��17 and for Apr�� 17-Sep��17.'.,,,Updates,-,03102017133100,-,-,False,,,102153361,Mining,INE522F01014,Coal India Limited,2017-10-03 13:31:00,COALINDIA
21-Sep-2017 13:11:00,,https://nsearchives.nseindia.com/corporate/nse_21092017131136_089.zip,Coal India Limited has informed the Exchange regarding 'Intimation of India Investor Summit '.,,,Updates,-,21092017131100,-,-,False,,,102128232,Mining,INE522F01014,Coal India Limited,2017-09-21 13:11:00,COALINDIA
21-Sep-2017 13:08:00,,https://nsearchives.nseindia.com/corporate/nse_21092017130804_087.zip,Coal India Limited has informed the Exchange regarding 'Intimation of India Investor Summit '.,,,Updates,-,21092017130800,-,-,False,,,102128230,Mining,INE522F01014,Coal India Limited,2017-09-21 13:08:00,COALINDIA
15-Sep-2017 16:21:00,,https://nsearchives.nseindia.com/corporate/NSE_15092017162159_470.zip,Coal India Limited has informed the Exchange regarding 'Declaration of Results of 43rd AGM of Coal India Limited'.,,,Updates,-,15092017162100,-,-,False,,,102113734,Mining,INE522F01014,Coal India Limited,2017-09-15 16:21:00,COALINDIA
14-Sep-2017 17:45:00,,https://nsearchives.nseindia.com/corporate/NSE_14092017174521_100.zip,Coal India Limited has informed the Exchange regarding 'AGM Proceedings of Coal India Limited for the financial year 2016-17'.,,,Updates,-,14092017174500,-,-,False,,,102110093,Mining,INE522F01014,Coal India Limited,2017-09-14 17:45:00,COALINDIA
08-Sep-2017 10:44:00,,https://nsearchives.nseindia.com/corporate/NSEupload_08092017104459_084.zip,Coal India Limited has informed the Exchange regarding 'Addendum to Notice of 43rd AGM of Coal India Limited for 2016-17'.,,,Updates,-,08092017104400,-,-,False,,,102094529,Mining,INE522F01014,Coal India Limited,2017-09-08 10:44:00,COALINDIA
06-Sep-2017 16:59:00,,https://nsearchives.nseindia.com/corporate/NSE_06092017165928_117.zip,Coal India Limited has informed the Exchange regarding 'Appointment of Non-official Part-time Director on the Board of CIL'.,,,Updates,-,06092017165900,-,-,False,,,102087390,Mining,INE522F01014,Coal India Limited,2017-09-06 16:59:00,COALINDIA
05-Sep-2017 10:27:00,,https://nsearchives.nseindia.com/corporate/NSE_05092017102748_834.zip,Coal India Limited has informed the Exchange regarding Analysts/Institutional Investor Meet/Con. Call Updates,,,Analysts/Institutional Investor Meet/Con. Call Updates,-,05092017102700,-,-,False,,,102082972,Mining,INE522F01014,Coal India Limited,2017-09-05 10:27:00,COALINDIA
01-Sep-2017 20:30:00,,https://nsearchives.nseindia.com/corporate/NSEs_01092017203050_263.zip,Coal India Limited has informed the Exchange regarding 'Provisional Production and offtake of CIL and Subsidiaries for the month of Aug'17 and for Apr'17-Aug'17'.,,,Updates,-,01092017203000,-,-,False,,,102075913,Mining,INE522F01014,Coal India Limited,2017-09-01 20:30:00,COALINDIA
01-Sep-2017 15:33:00,,https://nsearchives.nseindia.com/corporate/NSE_01092017153321_134.zip,Coal India Limited has informed the Exchange regarding 'Appointment of CMD of CIL'.,,,Updates,-,01092017153300,-,-,False,,,102075633,Mining,INE522F01014,Coal India Limited,2017-09-01 15:33:00,COALINDIA
01-Sep-2017 11:56:00,,https://nsearchives.nseindia.com/corporate/NSE_01092017115630_055.zip,Coal India Limited has informed the Exchange regarding 'Revision of other element of Coal price'.,,,Updates,-,01092017115600,-,-,False,,,102075201,Mining,INE522F01014,Coal India Limited,2017-09-01 11:56:00,COALINDIA
18-Aug-2017 13:14:00,,https://nsearchives.nseindia.com/corporate/COALINDIA_AGMBOOK_18082017131410.zip,"Coal India Limited has informed the Exchange that the Register of Members and Share Transfer Books of the Company shall remain closed from September 04, 2017 to September 14, 2017(both days inclusive) for the purpose of Annual General Meeting of the Company is scheduled to be held on September 14, 2017.",,,AGM/Book Closure,-,18082017131400,-,-,False,,,102041995,Mining,INE522F01014,Coal India Limited,2017-08-18 13:14:00,COALINDIA
18-Aug-2017 12:41:00,,https://nsearchives.nseindia.com/corporate/NSE_18082017124104_049.zip,"Coal India Limited has informed the Exchange regarding Notice of Annual General Meeting to be held on September 14, 2017",,,Shareholders meeting,-,18082017124100,-,-,False,,,102041992,Mining,INE522F01014,Coal India Limited,2017-08-18 12:41:00,COALINDIA
14-Aug-2017 18:15:00,,https://nsearchives.nseindia.com/corporate/NSEpresentationJune17_14082017181533_154.zip,Coal India Limited has informed the Exchange regarding Analysts/Institutional Investor Meet/Con. Call Updates,,,Analysts/Institutional Investor Meet/Con. Call Updates,-,14082017181500,-,-,False,,,102032863,Mining,INE522F01014,Coal India Limited,2017-08-14 18:15:00,COALINDIA
14-Aug-2017 18:00:15,,https://nsearchives.nseindia.com/corporate/Coal_Results_14082017180015.zip,"Coal India Limited has submitted to the Exchange, the financial results for the period ended June 30, 2017.",,,Financial Result Updates,-,14082017180015,-,-,False,,,114770,Mining,INE522F01014,Coal India Limited,2017-08-14 18:00:15,COALINDIA
02-Aug-2017 08:32:00,,https://nsearchives.nseindia.com/corporate/NSE_02082017083220_019.zip,Coal India Limited has informed the Exchange regarding Provisional Production and Offtake Performances of CIL and Subsidiary Companies for the month of July'17 and for Apr' 17-July'17.,,,Updates,-,02082017083200,-,-,False,,,101997885,Mining,INE522F01014,Coal India Limited,2017-08-02 08:32:00,COALINDIA
03-Jul-2017 15:20:00,,https://nsearchives.nseindia.com/corporate/NSEAuction_03072017152019_412.zip,"Coal India Limited has informed the Exchange regarding"" Notice for Auction of Coal Linkages to Non- Regulated Sector"".",,,Updates,-,03072017152000,-,-,False,,,101916669,Mining,INE522F01014,Coal India Limited,2017-07-03 15:20:00,COALINDIA
03-Jul-2017 08:08:00,,https://nsearchives.nseindia.com/corporate/NSE_03072017080813_087.zip,Coal India Limited has informed the Exchange regarding Provisional  Production and Offtake Performance of CIL and Subsidiary Companies for the month of June '2017 and April'17- June'17,,,Updates,-,03072017080800,-,-,False,,,101914039,Mining,INE522F01014,Coal India Limited,2017-07-03 08:08:00,COALINDIA
12-Jun-2017 10:42:00,,https://nsearchives.nseindia.com/corporate/COAL_01_12062017104216.zip,"Coal India Limited has informed the Exchange that Ministry of Coal vide order dated June 09, 2017 has appointed Ms. .Reena Sinha Puri, Joint Secretary & Financial Advisor, MoC vice Shri Vivek Bharadwaj with immediate effect and until further order in the Board of Coal India Limited.",,,Updates,-,12062017104200,-,-,False,,,101860647,Mining,INE522F01014,Coal India Limited,2017-06-12 10:42:00,COALINDIA
09-Jun-2017 17:10:00,,https://nsearchives.nseindia.com/corporate/NSENC_09062017171043_016.zip,"The Exchange had sought clarification from the Company with respect to news item captioned ""CIL to shut 37 mines ignoring unions threat"". The response from the Company is enclosed.",,,News Clarification,-,09062017171000,-,-,False,,,101857017,Mining,INE522F01014,Coal India Limited,2017-06-09 17:10:00,COALINDIA
09-Jun-2017 12:47:00,,-,"The Exchange has sought clarification from the Company with respect to news item captioned ""CIL to shut 37 mines ignoring unions threat"". In this regard, Exchange has advised the Company to provide clarification/confirmation on the news item in detail including the following: a) Whether such event/negotiations/article stated in published news were taking place? If so, you are advised to provide the said information along with the sequence of events in chronological order and the material impact of this article on the Company. b) Whether company is aware of any information that has not been announced to the Exchanges under regulation 30 of Listing Regulations. The response from the Company is awaited.",,,News Clarification,-,09062017124700,-,-,False,,,101856929,Mining,INE522F01014,Coal India Limited,2017-06-09 12:47:00,COALINDIA
03-Jun-2017 11:06:00,,https://nsearchives.nseindia.com/corporate/NSEIC_03062017110638_039.zip,Coal India Limited has informed the Exchange regarding Analysts/Institutional Investor Meet/Con. Call Updates,,,Analysts/Institutional Investor Meet/Con. Call Updates,-,03062017110600,-,-,False,,,101837947,Mining,INE522F01014,Coal India Limited,2017-06-03 11:06:00,COALINDIA
01-Jun-2017 16:53:00,,https://nsearchives.nseindia.com/corporate/NSEPROD_01062017165316_768.zip,Coal India Limited has informed the Exchange that Provisional Production and Offtake Performance of CIL and Subsidiary Companies for the month of May'2017 and for April'2017- May'2017,,,Updates,-,01062017165300,-,-,False,,,101832800,Mining,INE522F01014,Coal India Limited,2017-06-01 16:53:00,COALINDIA
30-May-2017 17:08:00,,https://nsearchives.nseindia.com/corporate/NSEDOCNEWS_30052017170846_152.zip,"Coal India Limited has informed the Exchange regarding a press release dated May 30, 2017, titled ""Newspaper Advertisement for Annual Audited Financial Results of Coal India Limited (Standalone & Consolidated) for the year ended 31st March 2017"".",,,Press Release,-,30052017170800,-,-,False,,,101824084,Mining,INE522F01014,Coal India Limited,2017-05-30 17:08:00,COALINDIA
29-May-2017 18:30:00,,https://nsearchives.nseindia.com/corporate/COALINDIA_29052017183037.zip,"Coal India Limited has informed the Exchange that the Board of Directors of the Company at its meeting held on May 29, 2017 has decided to recommend interim dividend already paid as final dividend for the year 2016-17 and not to recommend any additional dividend for the approval of the Shareholders of the Company.",,,Dividend Updates,-,29052017183000,-,-,False,,,101819697,Mining,INE522F01014,Coal India Limited,2017-05-29 18:30:00,COALINDIA
29-May-2017 18:25:00,,https://nsearchives.nseindia.com/corporate/NSEP_29052017182545_254.zip,Coal India Limited has informed the Exchange regarding Investor Presentation,,,Investor Presentation,-,29052017182500,-,-,False,,,101819709,Mining,INE522F01014,Coal India Limited,2017-05-29 18:25:00,COALINDIA
29-May-2017 17:30:27,,https://nsearchives.nseindia.com/corporate/NSE_29052017173027.zip,"Coal India Limited has submitted to the Exchange, the financial results for the period ended March 31, 2017.",,,Financial Result Updates,-,29052017173027,-,-,False,,,113098,Mining,INE522F01014,Coal India Limited,2017-05-29 17:30:27,COALINDIA
02-May-2017 11:00:00,,https://nsearchives.nseindia.com/corporate/NSE_02052017110039_546.zip,Coal India Limited has informed the Exchange regarding Provisional Production and Offtake Performance of CIL and Subsidiary Companies for the month of Apr 17.,,,Updates,-,02052017110000,-,-,False,,,101739182,Mining,INE522F01014,Coal India Limited,2017-05-02 11:00:00,COALINDIA
18-Apr-2017 18:30:00,,https://nsearchives.nseindia.com/corporate/Coal_Newsclarification_18042017183032.zip,"The Exchange had sought clarification from the Company with respect to recent news item captioned ""177 of Coal India's mines downgraded"". In this regard, Exchange has advised the Company to provide clarification/confirmation on the news item in detail including the following: a) Whether such event/negotiations/article stated in published news were taking place? If so, you are advised to provide the said information along with the sequence of events in chronological order and the material impact of this article on the Company. b) Whether company is aware of any information that has not been announced to the Exchanges under regulation 30 of Listing Regulations. The response from the Company is attached.",,,News Clarification,-,18042017183000,-,-,False,,,101701963,Mining,INE522F01014,Coal India Limited,2017-04-18 18:30:00,COALINDIA
18-Apr-2017 16:24:00,,https://nsearchives.nseindia.com/corporate/nse_update_18042017162429_169.zip,Coal India Limited has informed the Exchange regarding Schedule of Non-Deal Roadshow in India,,,Updates,-,18042017162400,-,-,False,,,101701906,Mining,INE522F01014,Coal India Limited,2017-04-18 16:24:00,COALINDIA
17-Apr-2017 16:42:00,,-,"The Exchange has sought clarification from the Company with respect to recent news item captioned ""177 of Coal India's mines downgraded"". In this regard, Exchange has advised the Company to provide clarification/confirmation on the news item in detail including the following: a) Whether such event/negotiations/article stated in published news were taking place? If so, you are advised to provide the said information along with the sequence of events in chronological order and the material impact of this article on the Company. b) Whether company is aware of any information that has not been announced to the Exchanges under regulation 30 of Listing Regulations. The response from the Company is awaited.",,,News Clarification,-,17042017164200,-,-,False,,,101698478,Mining,INE522F01014,Coal India Limited,2017-04-17 16:42:00,COALINDIA
13-Apr-2017 15:12:00,,https://nsearchives.nseindia.com/corporate/Coal_13042017151242.zip,"President of India has submitted to the Exchange a copy of disclosure under Regulation 30(1) and 30(2) of SEBI (Substantial Acquisition of Shares & Takeovers) Regulations, 2011.",,,Disc. under Reg.30 of SEBI (SAST) Reg.2011,-,13042017151200,-,-,False,,,101693678,Mining,INE522F01014,Coal India Limited,2017-04-13 15:12:00,COALINDIA
03-Apr-2017 18:31:00,,https://nsearchives.nseindia.com/corporate/NSEProd_03042017183156_891.zip,Coal India Limited has informed the Exchange the Provisional Production and Offtake Performance of CIL and Subsidiariy companies for the month of March 17 and April 16 - March 17,,,Updates,-,03042017183100,-,-,False,,,101664004,Mining,INE522F01014,Coal India Limited,2017-04-03 18:31:00,COALINDIA
01-Apr-2017 15:56:00,,https://nsearchives.nseindia.com/corporate/NSE_01042017155624_179.zip,Coal India Limited has submitted the Exchange a copy of Presentation to Institutional Investors on Non-Deal Roadshow,,,Updates,-,01042017155600,-,-,False,,,101659674,Mining,INE522F01014,Coal India Limited,2017-04-01 15:56:00,COALINDIA
31-Mar-2017 13:42:00,,https://nsearchives.nseindia.com/corporate/NSERDAS_31032017134217_188.zip,"Coal India Limited has informed the Exchange that Shri R. Mohan Das, Direcor(P&IR), Coal India Limited services is terminated w.e.f March' 30, 2017 as per the direction received from Ministry of Coal, GoI, New Delhi and hence he ceased to be the Director of the Company'",,,Updates,-,31032017134200,-,-,False,,,101658974,Mining,INE522F01014,Coal India Limited,2017-03-31 13:42:00,COALINDIA
29-Mar-2017 12:56:00,,https://nsearchives.nseindia.com/corporate/NSE_Clarification_29032017125638.zip,"The Exchange has sought clarification from the Company with respect to recent news item captioned ""CCI cuts Coal India Penalty by a Third to Rs. 591 crore"". The response from the Company is enclosed.",,,News Clarification,-,29032017125600,-,-,False,,,101650503,Mining,INE522F01014,Coal India Limited,2017-03-29 12:56:00,COALINDIA
27-Mar-2017 12:59:00,,-,"The Exchange has sought clarification from the Company with respect to recent news item captioned ""CCI cuts Coal India Penalty by a Third to Rs. 591 crore"". In this regard, Exchange has advised the Company to provide clarification/confirmation on the news item in detail including the following: a) Whether such event/negotiations/article stated in published news were taking place? If so, you are advised to provide the said information along with the sequence of events in chronological order and the material impact of this article on the Company. b) Whether company is aware of any information that has not been announced to the Exchanges under regulation 30 of Listing Regulations. The response from the Company is awaited.",,,News Clarification,-,27032017125900,-,-,False,,,101644698,Mining,INE522F01014,Coal India Limited,2017-03-27 12:59:00,COALINDIA
26-Mar-2017 17:59:00,,https://nsearchives.nseindia.com/corporate/NSEDIV2_26032017175953_263.zip,"Coal India Limited has informed the Exchange that the Board of Directors of the Company in its meeting held on March 26, 2017 have approved payment of 2nd Interim Dividend for the financial year 2016-17 @ Rs. 1.15 per share of the face value of Rs. 10/- as recommended by the Audit Committee of the Company in its meeting held on March 26, 2017.",,,Dividend,-,26032017175900,-,-,False,,,101641923,Mining,INE522F01014,Coal India Limited,2017-03-26 17:59:00,COALINDIA
23-Mar-2017 16:53:00,,https://nsearchives.nseindia.com/corporate/NSEAPP_23032017165347_262.zip,"Coal India Limited has informed the Exchange regarding Appointment of Shri Vinod Jain, Independent Director, CIL on the Board of South Eastern Coalfields Limited (SECL) Material Subsidiary Company as Independent Director.",,,Appointment,-,23032017165300,-,-,False,,,101635950,Mining,INE522F01014,Coal India Limited,2017-03-23 16:53:00,COALINDIA
23-Mar-2017 16:19:00,,https://nsearchives.nseindia.com/corporate/COALINDIA_23032017161941.zip,"Coal India Limited has informed the Exchange that the Company has fixed Record Date as March 29, 2017 for the purpose of Interim Dividend.",,,Record Date,-,23032017161900,-,-,False,,,101635915,Mining,INE522F01014,Coal India Limited,2017-03-23 16:19:00,COALINDIA
14-Mar-2017 08:35:00,,https://nsearchives.nseindia.com/corporate/NSEOUTCOME_14032017083527_855.zip,"Coal India Limited has informed the Exchange regarding Outcome of the Board Meeting held on March 11, 2017.",,,Outcome of Board Meeting,-,14032017083500,-,-,False,,,101605104,Mining,INE522F01014,Coal India Limited,2017-03-14 08:35:00,COALINDIA
14-Mar-2017 08:35:00,,https://nsearchives.nseindia.com/corporate/NSECCL_14032017083502_853.zip,"Coal India Limited has informed the Exchange regarding Outcome of the Board Meeting of our wholly-owned subsidiary, namely, Central Coalfields Limited.",,,Updates,-,14032017083500,-,-,False,,,101605105,Mining,INE522F01014,Coal India Limited,2017-03-14 08:35:00,COALINDIA
10-Mar-2017 18:11:00,,https://nsearchives.nseindia.com/corporate/NSEINVPresentation_10032017181142_560.zip,Coal India Limited has submitted to the Exchange a copy of the Presentation to be made to Investors meet to be held during 13th to 15 March 2017 .,,,Analysts/Institutional Investor Meet/Con. Call Updates,-,10032017181100,-,-,False,,,101603505,Mining,INE522F01014,Coal India Limited,2017-03-10 18:11:00,COALINDIA
10-Mar-2017 15:29:00,,https://nsearchives.nseindia.com/corporate/NSESECL_10032017152921_448.zip,"Coal India Limited has informed the Exchange that Outcome of the Board Meeting of the wholly-owned subsidiary, namely, South Eastern Coalfields Limited.",,,Updates,-,10032017152900,-,-,False,,,101603149,Mining,INE522F01014,Coal India Limited,2017-03-10 15:29:00,COALINDIA
10-Mar-2017 12:51:00,,https://nsearchives.nseindia.com/corporate/NSEMCL_10032017125153_384.zip,"Coal India Limited has informed the Exchange regarding Outcome of the Board Meeting of the Companys wholly-owned subsidiary, namely, Mahanadi Coalfields Limited.",,,Outcome of Board Meeting,-,10032017125100,-,-,False,,,101603099,Mining,INE522F01014,Coal India Limited,2017-03-10 12:51:00,COALINDIA
10-Mar-2017 12:32:00,,https://nsearchives.nseindia.com/corporate/NSENCL_10032017123209_371.zip,"Coal India Limited has informed the Exchange regarding Outcome of the Board Meeting of the Company's wholly-owned subsidiary, namely, Northern Coalfields Limited.",,,Meeting Updates,-,10032017123200,-,-,False,,,101603092,Mining,INE522F01014,Coal India Limited,2017-03-10 12:32:00,COALINDIA
07-Mar-2017 07:51:00,,https://nsearchives.nseindia.com/corporate/Nsediv_07032017075124_027.zip,"Coal India Limited has informed the Exchange that the Board of Directors, at its meeting held on March 06, 2017have approved payment of Interim Dividend for the financial year 2016-17 @ Rs 18.75 per share of the face value of Rs.10/- as recommended by the Audit Committee of CIL in its meeting held on date. The date of payment of Interim Dividend is on and from March 21, 2017.",,,Dividend,-,07032017075100,-,-,False,,,101588241,Mining,INE522F01014,Coal India Limited,2017-03-07 07:51:00,COALINDIA
06-Mar-2017 08:13:00,,https://nsearchives.nseindia.com/corporate/NSE_06032017081328_214.zip,"Coal India Limited has informed the Exchange regarding Outcome of Board meeting of Company's wholly owned subsidiary, namely, Central Coalfields Limited, held on March 03, 2017.",,,Outcome of Board Meeting,-,06032017081300,-,-,False,,,101583490,Mining,INE522F01014,Coal India Limited,2017-03-06 08:13:00,COALINDIA
01-Mar-2017 19:58:00,,https://nsearchives.nseindia.com/corporate/NSE_01032017195819_448.zip,Coal India Limited has informed the Exchange regarding Provisional Production and Offtake of CIL and its Subsidiaries for the month of Feb'17 and For Apr'16 -Feb'17,,,Updates,-,01032017195800,-,-,False,,,101574342,Mining,INE522F01014,Coal India Limited,2017-03-01 19:58:00,COALINDIA
01-Mar-2017 13:03:00,,https://nsearchives.nseindia.com/corporate/NSEMCL_01032017130350_178.zip,"Coal India Limited has informed the Exchange regarding Outcome of the Board meeting of Company's wholly owned subsidiary namely, Mahanadi Coalfields Limited held on February 28, 2017.",,,Updates,-,01032017130300,-,-,False,,,101574108,Mining,INE522F01014,Coal India Limited,2017-03-01 13:03:00,COALINDIA
01-Mar-2017 12:48:00,,https://nsearchives.nseindia.com/corporate/NSESECL_01032017124807_167.zip,Coal India Limited has informed the Exchange regarding Outcome of Board meeting of wholly owned subsidiary i.e. South Eastern Coalfields Limited.(revised),,,Corrigendum,-,01032017124800,-,-,False,,,101574100,Mining,INE522F01014,Coal India Limited,2017-03-01 12:48:00,COALINDIA
27-Feb-2017 17:09:00,,https://nsearchives.nseindia.com/corporate/NSE_27022017170928_052.zip,"Coal India Limited has informed the Exchange regarding Outcome of board meeting held on February 27, 2017.",,,Outcome of Board Meeting,-,27022017170900,-,-,False,,,101565832,Mining,INE522F01014,Coal India Limited,2017-02-27 17:09:00,COALINDIA
27-Feb-2017 08:46:00,,https://nsearchives.nseindia.com/corporate/NSE_27022017084602_824.zip,"Coal India Limited has informed the Exchange regarding Outcome of the Board Meeting of wholly-owned subsidiary, namely, Northern Coalfields Limited.",,,Updates,-,27022017084600,-,-,False,,,101563700,Mining,INE522F01014,Coal India Limited,2017-02-27 08:46:00,COALINDIA
21-Feb-2017 15:40:00,,https://nsearchives.nseindia.com/corporate/COALINDIA_21022017154045.zip,"Coal India Limited has informed the Exchange that the Company has fixed Record Date as March 15, 2017 for the purpose of Payment of Interim dividend",,,Record Date,-,21022017154000,-,-,False,,,101554495,Mining,INE522F01014,Coal India Limited,2017-02-21 15:40:00,COALINDIA
11-Feb-2017 19:14:00,,https://nsearchives.nseindia.com/corporate/PRESENTATIONNSE_11022017191446_714.zip,Coal India Limited has informed the Exchange regarding Investor Presentation,,,Investor Presentation,-,11022017191400,-,-,False,,,101525988,Mining,INE522F01014,Coal India Limited,2017-02-11 19:14:00,COALINDIA
11-Feb-2017 18:28:38,,https://nsearchives.nseindia.com/corporate/NSE_11022017182838.zip,"Coal India Limited has submitted to the Exchange, the financial results for the period ended December 31, 2016.",,,Financial Result Updates,-,11022017182838,-,-,False,,,111390,Mining,INE522F01014,Coal India Limited,2017-02-11 18:28:38,COALINDIA
02-Feb-2017 08:24:00,,https://nsearchives.nseindia.com/corporate/NSE1_02022017082454_030.zip,Coal India Limited has informed the Exchange that Provisional Production and Offtake Performance of CIL and Subsidiaries for the month of Jan17 and Apr16 to Jan17.,,,Updates,-,02022017082400,-,-,False,,,101494672,Mining,INE522F01014,Coal India Limited,2017-02-02 08:24:00,COALINDIA
16-Jan-2017 08:09:00,,https://nsearchives.nseindia.com/corporate/img153_16012017080956_067.zip,Coal India Limited has informed the Exchange regarding Revision of Coal Prices of Coking Coal by CCL,,,Updates,-,16012017080900,-,-,False,,,101444204,Mining,INE522F01014,Coal India Limited,2017-01-16 08:09:00,COALINDIA
13-Jan-2017 17:33:00,,https://nsearchives.nseindia.com/corporate/NSE_13012017173340_775.zip,Coal India Limited has informed the Exchange regarding Revision of Coal Prices of Coking Coal by BCCL,,,Updates,-,13012017173300,-,-,False,,,101442579,Mining,INE522F01014,Coal India Limited,2017-01-13 17:33:00,COALINDIA
02-Jan-2017 08:30:00,,https://nsearchives.nseindia.com/corporate/NS_02012017083049_214.zip,Coal India Limited has informed the Exchange that regarding Provisional Production and Offtake Performance of CIL and its Subsidiary Companies for the month of Dec'16 and for Apr16-Dec16,,,Updates,-,02012017083000,-,-,False,,,101403687,Mining,INE522F01014,Coal India Limited,2017-01-02 08:30:00,COALINDIA
22-Dec-2016 12:54:00,,https://nsearchives.nseindia.com/corporate/NSEAPP_22122016125455_363.zip,"Coal India Limited has informed the Exchange that Ministry of Coal vide office order dated December 19,2016 has appointed Shri C.K. Dey, Director(Finance), CIL on the Board of CMPDIL one of the Subsidiary companies of Coal lndia Limited and Shri Shekhar Saran, Director(Tech.), CIL (Addl. charge) on the Board of BCCL one of the Subsidiary companies of the Company as a part time Director with immediate effect and until firrther orders Vice N. Kumar, Ex- Director(Tech.), CIL.",,,Updates,-,22122016125400,-,-,False,,,101377442,Mining,INE522F01014,Coal India Limited,2016-12-22 12:54:00,COALINDIA
13-Dec-2016 17:53:00,,https://nsearchives.nseindia.com/corporate/NSEPRESENTATION_13122016175324_047.zip,Coal India Limited has informed the Exchange regarding Investor Presentation,,,Investor Presentation,-,13122016175300,-,-,False,,,101347893,Mining,INE522F01014,Coal India Limited,2016-12-13 17:53:00,COALINDIA
13-Dec-2016 17:42:14,,https://nsearchives.nseindia.com/corporate/NSEACCOUNTS_13122016174214.zip,"Coal India Limited has submitted to the Exchange, the financial results for the period ended September 30, 2016.",,,Financial Result Updates,-,13122016174214,-,-,False,,,110203,Mining,INE522F01014,Coal India Limited,2016-12-13 17:42:14,COALINDIA
02-Dec-2016 17:10:00,,https://nsearchives.nseindia.com/corporate/NSEFULLRevised_02122016171011_648.zip,Coal India Limited has informed the Exchange regarding Investor Presentation,,,Investor Presentation,-,02122016171000,-,-,False,,,101320917,Mining,INE522F01014,Coal India Limited,2016-12-02 17:10:00,COALINDIA
02-Dec-2016 13:39:00,,https://nsearchives.nseindia.com/corporate/NSEPremerged_document_2_02122016133943_531.zip,Coal India Limited has informed the Exchange regarding Investor Presentation,,,Investor Presentation,-,02122016133900,-,-,False,,,101320761,Mining,INE522F01014,Coal India Limited,2016-12-02 13:39:00,COALINDIA
01-Dec-2016 19:15:00,,https://nsearchives.nseindia.com/corporate/NSEPROD_01122016191506_409.zip,Coal India Limited has informed the Exchange regarding Provisional Production and Offtake Performance of CIL and its Subsidiary Companies for the month of November' 16 and for April' 2016-November '2016.,,,Updates,-,01122016191500,-,-,False,,,101316687,Mining,INE522F01014,Coal India Limited,2016-12-01 19:15:00,COALINDIA
01-Nov-2016 20:15:00,,https://nsearchives.nseindia.com/corporate/NSE_01112016201523_012.zip,Coal India Limited has informed the Exchange regarding Provisional Production & offtake Performance of CIL and Subsidiary Companies for the month of Oct' 16 and for Apr' 16-Oct'2016.,,,Updates,-,01112016201500,-,-,False,,,101226381,Mining,INE522F01014,Coal India Limited,2016-11-01 20:15:00,COALINDIA
01-Nov-2016 15:14:00,,https://nsearchives.nseindia.com/corporate/NSEDIR_01112016151445_421.zip,"Coal India Limited has informed the Exchange regarding Appointment of Shri Shekhar Sharan, CMD, CMPDIL in Additional Charge of Director (Technical) of the Company.",,,Appointment of Director,-,01112016151400,-,-,False,,,101225941,Mining,INE522F01014,Coal India Limited,2016-11-01 15:14:00,COALINDIA
01-Nov-2016 13:18:00,,https://nsearchives.nseindia.com/corporate/NSEJV_01112016131826_350.zip,Coal India Limited has informed the Exchange regarding Supplementary Joint Venture Agreement.,,,Updates,-,01112016131800,-,-,False,,,101225129,Mining,INE522F01014,Coal India Limited,2016-11-01 13:18:00,COALINDIA
30-Oct-2016 19:21:00,,https://nsearchives.nseindia.com/corporate/NSES_30102016192110_901.zip,Coal India Limited has informed the Exchange regarding the Post Buyback Public Announcement.,,,Post Buyback Public Announcement,-,30102016192100,-,-,False,,,101221821,Mining,INE522F01014,Coal India Limited,2016-10-30 19:21:00,COALINDIA
19-Oct-2016 15:10:00,,https://nsearchives.nseindia.com/corporate/NSENKUMAR_19102016151035_860.zip,"Coal India Limited has informed the Exchange that N. Kumar who was working as Director (Tech.) of the Company died on October 18, 2016 and hence ceased to be the Director of the Company.",,,Demise,-,19102016151000,-,-,False,,,101190691,Mining,INE522F01014,Coal India Limited,2016-10-19 15:10:00,COALINDIA
04-Oct-2016 17:07:00,,https://nsearchives.nseindia.com/corporate/NSEAGM_04102016170732_304.zip,"Coal India Limited has submitted to the Exchange a copy of Minutes of Annual General Meeting of the Company held on September 21, 2016.",,,Annual General Meeting Updates,-,04102016170700,-,-,False,,,101151606,Mining,INE522F01014,Coal India Limited,2016-10-04 17:07:00,COALINDIA
03-Oct-2016 08:29:00,,https://nsearchives.nseindia.com/corporate/NSE1_03102016082910_861.zip,"Coal India Limited has informed the Exchange regarding ""Provisional Production and Offtake Performance of CIL and Subsidiary Companies for the month of September' 16 and for April 2016-September 2016''",,,Updates,-,03102016082900,-,-,False,,,101142826,Mining,INE522F01014,Coal India Limited,2016-10-03 08:29:00,COALINDIA
27-Sep-2016 15:34:00,,https://nsearchives.nseindia.com/corporate/NSEAuction_27092016153427_236.zip,"Coal India Limited has informed the Exchange vide letter dated September 27, 2016 that ""ClL is pleased to announce one time offer of 20 Mt Coal under Special Spot e -auction 2016-17. The Relevant modalities, Coal Company -wise tentative offer, Registration modalities, Schedule dates of the auction and other details will be available on the website of CCL, Subsidiary Coal Companies of CIL and those of Service providers viz. MSTC Limited and Mjunction Services Limited from September 28, 2016"".",,,Updates,-,27092016153400,-,-,False,,,101128488,Mining,INE522F01014,Coal India Limited,2016-09-27 15:34:00,COALINDIA
22-Sep-2016 17:33:00,,https://nsearchives.nseindia.com/corporate/NSESR_22092016173343_360.zip,"Coal India Limited has submitted to the Exchange a copy of voting results of Annual General Meeting of the Company held on September 21, 2016, along with a copy of Scrutinizer's Report.",,,Annual General Meeting Updates,-,22092016173300,-,-,False,,,101114435,Mining,INE522F01014,Coal India Limited,2016-09-22 17:33:00,COALINDIA
21-Sep-2016 18:57:00,,https://nsearchives.nseindia.com/corporate/NSELetter_21092016185743_423.zip,"Coal India Limited has submitted to the Exchange a copy of the proceedings of the Annual General Meeting of the Company held on September 21, 2016.",,,Annual General Meeting Updates,-,21092016185700,-,-,False,,,101110470,Mining,INE522F01014,Coal India Limited,2016-09-21 18:57:00,COALINDIA
15-Sep-2016 14:29:00,,https://nsearchives.nseindia.com/corporate/NSE_15092016142939_184.zip,"Coal India Limited has submitted to the Exchange a Copy of the Second Addendum Notice of Annual General Meeting of the Company scheduled to be held on September 21, 2016.",,,Annual General Meeting Updates,-,15092016142900,-,-,False,,,101093923,Mining,INE522F01014,Coal India Limited,2016-09-15 14:29:00,COALINDIA
14-Sep-2016 08:28:00,,https://nsearchives.nseindia.com/corporate/NSEPresentation300616_14092016082840_786.zip,"Coal India Limited has submitted to the Exchange a Copy of Presentation to be made by the Company on Unaudited Financial Results for the 1st Quarter ended June 30, 2016.",,,Analysts/Institutional Investor Meet/Con. Call Updates,-,14092016082800,-,-,False,,,101085536,Mining,INE522F01014,Coal India Limited,2016-09-14 08:28:00,COALINDIA
13-Sep-2016 16:54:39,,https://nsearchives.nseindia.com/corporate/Nse300616_13092016165439.zip,"Coal India Limited has submitted to the Exchange the standalone & consolidated financial results along with the Limited Review Report for the period ended June 30, 2016.",,,Financial Result Updates,-,13092016165439,-,-,False,,,108510,Mining,INE522F01014,Coal India Limited,2016-09-13 16:54:39,COALINDIA
01-Sep-2016 20:13:00,,https://nsearchives.nseindia.com/corporate/NSE_01092016201338_883.zip,Coal India Limited has informed the Exchange regarding Provisional Production and Offtake Performance of CIL and Subsidiary Companies for the month of August'16 and for April'16-August'16.,,,Updates,-,01092016201300,-,-,False,,,101057801,Mining,INE522F01014,Coal India Limited,2016-09-01 20:13:00,COALINDIA
01-Sep-2016 08:04:00,,https://nsearchives.nseindia.com/corporate/NSE_01092016080437_095.zip,"Coal India Limited has informed the Exchange that Ministry of Coal vide dated Auguist 30, 2016 has appointed Shri Vivek Bharadwaj, Joint Secretary, MoC vice Shri R.P. Gupta with immediate effect and until further order in the Board of Coal India Limited.",,,Appointment of Director,-,01092016080400,-,-,False,,,101053239,Mining,INE522F01014,Coal India Limited,2016-09-01 08:04:00,COALINDIA
31-Aug-2016 09:48:00,,https://nsearchives.nseindia.com/corporate/COALINDIA_PA_31082016094815.zip,SBI Capital Markets Limited has informed the Exchange regarding the Public Announcement for the attention of Equity Shareholders /Beneficial Owners of Equity Shares of Coal India Limited for buyback of equity shares through Tender Offer.,,,Public Announcement - Buyback of Shares,-,31082016094800,-,-,False,,,101049080,Mining,INE522F01014,Coal India Limited,2016-08-31 09:48:00,COALINDIA
30-Aug-2016 16:04:00,,https://nsearchives.nseindia.com/corporate/COALINDIA_30082016160407.zip,Coal India Limited has informed the Exchange regarding Submission of Public Announcement for buyback of equity shares of the company.,,,Public Announcement - Buyback of Shares,-,30082016160400,-,-,False,,,101048903,Mining,INE522F01014,Coal India Limited,2016-08-30 16:04:00,COALINDIA
29-Aug-2016 18:44:00,,https://nsearchives.nseindia.com/corporate/NSE_29082016184414_800.zip,"Coal India Limited has informed the Exchange that the Company has fixed Record Date as September 9, 2016 for the purpose of Buyback of Shares.",,,Record Date,-,29082016184400,-,-,False,,,101044430,Mining,INE522F01014,Coal India Limited,2016-08-29 18:44:00,COALINDIA
27-Aug-2016 14:05:00,,https://nsearchives.nseindia.com/corporate/NSEINDIA_27082016140510_040.zip,Coal India Limited has submitted the Exchange a copy of Result of Postal Ballot (including remote E-voting) for Buyback of Equity Share along with scrutinizer's report.,,,Postal Ballot Updates,-,27082016140500,-,-,False,,,101038926,Mining,INE522F01014,Coal India Limited,2016-08-27 14:05:00,COALINDIA
26-Aug-2016 09:46:00,,https://nsearchives.nseindia.com/corporate/COAL_26082016094623.zip,"Coal India Limited has informed the Exchange that the Register of Members & Share Transfer Books of the Company will remain closed from September 12, 2016 to September 21, 2016 (both days inclusive) for the purpose of Annual General Meeting (AGM) of the Company to be held on September 21, 2016.",,,Book Closure,-,26082016094600,-,-,False,,,101034535,Mining,INE522F01014,Coal India Limited,2016-08-26 09:46:00,COALINDIA
25-Aug-2016 17:42:00,,https://nsearchives.nseindia.com/corporate/merged_document_7_25082016174251_406.zip,"Coal India Limited has submitted to the Exchange a copy of notice of Annual General Meeting of the members of the Company to be held on September 21, 2016.",,,Annual General Meeting Updates,-,25082016174200,-,-,False,,,101034472,Mining,INE522F01014,Coal India Limited,2016-08-25 17:42:00,COALINDIA
19-Aug-2016 20:11:00,,https://nsearchives.nseindia.com/corporate/NSE0001_19082016201137_032.zip,Coal India Limited has informed the Exchange regarding Strike Notice.,,,Strikes/Lockouts/Disturbances,-,19082016201100,-,-,False,,,101016483,Mining,INE522F01014,Coal India Limited,2016-08-19 20:11:00,COALINDIA
19-Aug-2016 14:07:00,,https://nsearchives.nseindia.com/corporate/COALINDIA_19082016140704.zip,"The Exchange had sought clarification from Coal India Limited with respect to an announcement submitted to the Exchange dated August 09, 2016, that Ministry of Coal vide dated August 05, 2016 has appointed Shri R.P. Gupta, Joint Secretary, MoC and Shri Rajesh Kumar Sinha, Joint Secretary, MoC as part time Director with immediate effect and until further orders vice Dr. A.K.Dubey and Smt. Sujata Prasad in the Board of Coal lndia Limited.The reply from the Company is attached.",,,Reply to Clarification Sought,-,19082016140700,-,-,False,,,101016319,Mining,INE522F01014,Coal India Limited,2016-08-19 14:07:00,COALINDIA
10-Aug-2016 17:34:00,,-,"COALINDIA:The Exchange has sought clarification from Coal India Limited with respect to an announcement submitted to the Exchange dated August 09, 2016, that Ministry of Coal vide dated August 05, 2016 has appointed Shri R.P. Gupta, Joint Secretary, MoC and Shri Rajesh Kumar Sinha, Joint Secretary, MoC as part time Director with immediate effect and until further orders vice Dr. A.K.Dubey and Smt. Sujata Prasad in the Board of Coal lndia Limited.On basis of above Company are required to clarify following -1. Disclosure of relationships between directors (in case of appointment of a director).2. Brief profile (in case of appointment);The response of the Company is awaited.",,,Clarification,-,10082016173400,-,-,False,,,100987482,Mining,INE522F01014,Coal India Limited,2016-08-10 17:34:00,COALINDIA
09-Aug-2016 11:40:00,,https://nsearchives.nseindia.com/corporate/NSE_09082016114033_083.zip,"Coal India Limited has informed the Exchange that  Ministry of Coal vide dated August 05,20 16 has appointed Shri R.P. Gupta, Joint Secretary, MoC and Shri Rajesh Kumar Sinha, Joint Secretary, MoC as part time Director with immediate effect and until further orders vice Dr. A.K.Dubey and Smt Sujata Prasad in the Board of Coal lndia Limited .",,,Updates,-,09082016114000,-,-,False,,,100981518,Mining,INE522F01014,Coal India Limited,2016-08-09 11:40:00,COALINDIA
01-Aug-2016 19:58:00,,https://nsearchives.nseindia.com/corporate/NSE_01082016195840_828.zip,"Coal India Limited has informed the Exchange regarding ""Provisional Production and Offtake Performance of CIL and Subsidiary Companies for the month of Jul' 16 and for Apr' 16-Jul' 16"".",,,Updates,-,01082016195800,-,-,False,,,100953352,Mining,INE522F01014,Coal India Limited,2016-08-01 19:58:00,COALINDIA
19-Jul-2016 19:13:00,,https://nsearchives.nseindia.com/corporate/NSE_19072016191348_910.zip,Coal India Limited has submitted to the Exchange a copy of the Postal Ballot Notice.,,,Postal Ballot Updates,-,19072016191300,-,-,False,,,100912302,Mining,INE522F01014,Coal India Limited,2016-07-19 19:13:00,COALINDIA
12-Jul-2016 17:41:00,,https://nsearchives.nseindia.com/corporate/NSE_12072016174158_612.zip,"Coal India Limited has submitted to the Exchange a copy of the Extracts of the Minutes of Board Meeting of the Company held on July 11, 2016.",,,Buyback,-,12072016174100,-,-,False,,,100888570,Mining,INE522F01014,Coal India Limited,2016-07-12 17:41:00,COALINDIA
11-Jul-2016 21:15:00,,https://nsearchives.nseindia.com/corporate/NSE_11072016211510_255.zip,"Coal India Limited has informed the Exchange that the Board of Directors of the Company at its meeting held on July 11, 2016 has, subject to the approval of the shareholders of the Company by way of Special Resolution through postal ballot and subject to approvals of statutory, regulatory or governmental authorities as may be required under applicable laws, approved the buyback of not exceeding 10,89,55,223 (Ten crore eighty nine lakhs fifty five thousand two hundred and twenty three) equity shares of the Company, from all the members holding equity shares of the Company as on record date on a proportionate basis through the ""Tender Offer"" route in accordance with the Companies Act, 2013, the Companies ( Management and Administration) Rules, 2014, the Securities and Exchange Board of India (Buy Back of Securities) Regulations, 1998, as amended from time to time at a price of Rs. 335/- (Rupees Three hundred and thirty five only) per equity share payable in cash for an aggregate consideration not exceeding Rs. 3650 crores (Rupees Three Thousand Six hundred and Fifty Crores only)( the ""Buyback"") which is not exceeding 25% of the aggregate fully paid up share capital and free reserves of the Company as per audited accounts of the Company for the financial year ended March 31, 2016 (the last audited financial statements available as on the date of Board meeting recommending the proposal of the Buyback).",,,Buyback,-,11072016211500,-,-,False,,,100884584,Mining,INE522F01014,Coal India Limited,2016-07-11 21:15:00,COALINDIA
01-Jul-2016 19:18:00,,https://nsearchives.nseindia.com/corporate/Nse_01072016191844_543.zip,Coal India Limited has informed the Exchange regarding Provisional Production and Offtake Performance of CIL and Subsidiary Companies for the month of Jun 16 and for Apr 16-Jun 16.,,,Updates,-,01072016191800,-,-,False,,,100863162,Mining,INE522F01014,Coal India Limited,2016-07-01 19:18:00,COALINDIA
29-Jun-2016 18:09:00,,https://nsearchives.nseindia.com/corporate/NSELetter_29062016180949_639.zip,"Coal India Limited has informed the Exchange that On June 28, 2016, Coal India Limited (CIL) and Solar Energy Corporation of India Limited(SECI) have signed two Agreements for implementation of 200 MW Solar Power Project in the State of Madhya Pradesh (M.P.) for the beneficial utilisation of solar power by Northern Coalfields Limited(NCL) 100 MW and South Eastern Coalfields Limited (SECL) 100 MW two subsidiaries of Coal India Limited each at an estimated cost of Rs 650 crores.",,,Updates,-,29062016180900,-,-,False,,,100854403,Mining,INE522F01014,Coal India Limited,2016-06-29 18:09:00,COALINDIA
24-Jun-2016 18:18:00,,https://nsearchives.nseindia.com/corporate/NSE_24062016181802_213.zip,Coal India Limited has informed the Exchange regarding Cessation of charge by Director of the Company.,,,Change in Director(s),-,24062016181800,-,-,False,,,100841174,Mining,INE522F01014,Coal India Limited,2016-06-24 18:18:00,COALINDIA
22-Jun-2016 16:56:00,,https://nsearchives.nseindia.com/corporate/NSE_Letter_22062016165641_422.zip,Coal India Limited has informed the Exchange regarding Appointment of M/s Alankit Assignments Limited- Registrar and Share Transfer Agents.,,,Registrar & Share Transfer Agent Update,-,22062016165600,-,-,False,,,100832671,Mining,INE522F01014,Coal India Limited,2016-06-22 16:56:00,COALINDIA
20-Jun-2016 20:38:00,,https://nsearchives.nseindia.com/corporate/Clarification_CIL_20062016203832.zip,"The Exchange had sought clarification from Coal India Limited with respect to announcement dated May 16, 2016, that CIL & NTPC have signed an Joint Venture Agreement for setting up of a Joint Venture Company at 50:50 shareholding basis for revival of Sindhri & Gorakhpur units of Fertilizer Corporation of India."".On basis of above, the reply from the Company is attached.",,,Reply to Clarification Sought,-,20062016203800,-,-,False,,,100822241,Mining,INE522F01014,Coal India Limited,2016-06-20 20:38:00,COALINDIA
17-Jun-2016 19:22:00,,https://nsearchives.nseindia.com/corporate/NSE_17062016192210_307.zip,Coal India Limited has informed the Exchange regarding Outcome of Board meeting of Subsidiary : Central Coalfields Limited.,,,Updates,-,17062016192200,-,-,False,,,100819628,Mining,INE522F01014,Coal India Limited,2016-06-17 19:22:00,COALINDIA
15-Jun-2016 12:30:00,,-,"COALINDIA:The Exchange has sought clarification from Coal India Limited with respect to announcement dated May 16, 2016, that CIL & NTPC have signed an Joint Venture Agreement for setting up of a Joint Venture Company at 50:50 shareholding basis for revival of Sindhri & Gorakhpur units of Fertilizer Corporation of India."".On basis of above the Company is required to clarify following:1. Purpose of entering into the agreement;2. Significant terms of the agreement (in brief) special rights like right to appoint directors, first right to share subscription in case of issuance of shares, right to restrict any change in capital structure etc.;3. Whether, the said parties are related to promoter/promoter group/ group companies in any manner. If yes, nature of relationship;4. Whether the transaction would fall within related party transactions? If yes, whether the same is done at arms length ;5. In case of issuance of shares to the parties, details of issue price, class of shares issued;6. Any other disclosures related to such agreements, viz., details of nominee on the board of directors of the listed entity, potential conflict of interest arising out of such agreements, etc;The response of the Company is awaited.",,,Clarification,-,15062016123000,-,-,False,,,100810657,Mining,INE522F01014,Coal India Limited,2016-06-15 12:30:00,COALINDIA
14-Jun-2016 16:36:00,,https://nsearchives.nseindia.com/corporate/NSESECL1_14062016163603_174.zip,"Coal India Limited has informed the Exchange that the Board of Directors of South Eastern Coalfields Limited (""SECL""), subsidiary company, at its meeting held on June 14, 2016 has considered and approved the buyback of 846359 fully paid equity shares of face value of Rs. 1000/- each (Rupees Thousand only) from the members of the Company on a proportionate basis through tender offer(representing 23.53% of the total number of equity shares in the paid-up share capital of the Company) for an aggregate amount not exceed ing Rs.1200.19 crores (""Maximum Buyback Size"") being upto 25% of the paid up equity share capital and free reserves as on financial year ended March 31, 2016, at a price of Rs. 14,180.57 per equity share payable in cash.",,,Buyback,-,14062016163600,-,-,False,,,100806202,Mining,INE522F01014,Coal India Limited,2016-06-14 16:36:00,COALINDIA
13-Jun-2016 17:05:00,,https://nsearchives.nseindia.com/corporate/NSELetter_13062016170535_214.zip,"Coal India Limited has informed the Exchange that the Board of Directors of Western Coalfields Limited (""WCL""), subsidiary, at its meeting held on June 13,2016 has considered and approved the buyback of 742750 fully paid equity shares of face value of Rs.1000/- each (Rupees Thousand only) from the members of the Company on a proportionate basis through tender offer(representing 25% of the total number of equity shares in the paid-up share capital of the Company) for an aggregate amount not exceeding Rs.789.30 crores (""Maximum Buyback Size"") being upto 25% of the paid-up equity share capital and free reserves as on financial year ended March 31,2016,at a price of Rs. 10,626.73 per equity shares payable in cash.",,,Buyback,-,13062016170500,-,-,False,,,100801418,Mining,INE522F01014,Coal India Limited,2016-06-13 17:05:00,COALINDIA
13-Jun-2016 08:16:00,,https://nsearchives.nseindia.com/corporate/NSENCL_13062016081642_018.zip,"Coal India Limited has informed the Exchange the Outcome of Board meeting of Subsidiary Northern Coalfields Limited held on June 11, 2016.",,,Updates,-,13062016081600,-,-,False,,,100796787,Mining,INE522F01014,Coal India Limited,2016-06-13 08:16:00,COALINDIA
13-Jun-2016 08:15:00,,https://nsearchives.nseindia.com/corporate/NSEMaCL_13062016081548_017.zip,"Coal India Limited has informed the Exchange that Outcome of Board meeting of Subsidiary Mahanadi Coalfields Limited held on June 11, 2016.",,,Updates,-,13062016081500,-,-,False,,,100796786,Mining,INE522F01014,Coal India Limited,2016-06-13 08:15:00,COALINDIA
10-Jun-2016 20:08:00,,https://nsearchives.nseindia.com/corporate/NSE_10062016200843_357.zip,Coal India Limited has informed the Exchange regarding Notice for Auction of Coal Linkages to Non-Regulated Sector .,,,Updates,-,10062016200800,-,-,False,,,100796765,Mining,INE522F01014,Coal India Limited,2016-06-10 20:08:00,COALINDIA
01-Jun-2016 18:51:00,,https://nsearchives.nseindia.com/corporate/NSEProd_01062016185156_556.zip,Coal India Limited has submitted to the Exchange a copy of the Provisional production and offtake of Coal India Limited & its subsidiaries for the month of May'16 and for the year Apr'16-May'2016.,,,Updates,-,01062016185100,-,-,False,,,100765934,Mining,INE522F01014,Coal India Limited,2016-06-01 18:51:00,COALINDIA
30-May-2016 15:02:00,,https://nsearchives.nseindia.com/corporate/NSE_InvConf_30052016150230_680.zip,Coal India Limited has informed the Exchange regarding Investor's Conference,,,Updates,-,30052016150200,-,-,False,,,100756640,Mining,INE522F01014,Coal India Limited,2016-05-30 15:02:00,COALINDIA
30-May-2016 08:54:00,,https://nsearchives.nseindia.com/corporate/NSE_30052016085412_400.zip,Coal India Limited has informed the Exchange regarding Revision of Coal Prices.,,,Updates,-,30052016085400,-,-,False,,,100753657,Mining,INE522F01014,Coal India Limited,2016-05-30 08:54:00,COALINDIA
30-May-2016 08:54:00,,https://nsearchives.nseindia.com/corporate/NSEPresentation201516_30052016085457_401.zip,"Coal India Limited has submitted to the Exchange a copy of presentation to be given to the analyst on Audited Annual Financial Results of the Company (Consolidated) for the year ended March 31, 2016.",,,Updates,-,30052016085400,-,-,False,,,100753655,Mining,INE522F01014,Coal India Limited,2016-05-30 08:54:00,COALINDIA
29-May-2016 01:42:28,,https://nsearchives.nseindia.com/corporate/NSEAccounts201516_29052016014228.zip,"Coal India Limited has submitted to the Exchange the standalone & consolidated financial results along with the Auditors Report for the period ended March 31, 2016.",,,Financial Result Updates,-,29052016014228,-,-,False,,,106287,Mining,INE522F01014,Coal India Limited,2016-05-29 01:42:28,COALINDIA
27-May-2016 11:55:00,,https://nsearchives.nseindia.com/corporate/NSELetter_27052016115526_848.zip,"Coal India Limited has informed the Exchange that Analyst Meet meet is being organized held on May 31, 2016 to discuss about the Company's performance including financial performance for the year 2015-16.",,,Analysts Meet,-,27052016115500,-,-,False,,,100750769,Mining,INE522F01014,Coal India Limited,2016-05-27 11:55:00,COALINDIA
25-May-2016 17:26:00,,https://nsearchives.nseindia.com/corporate/NSECoalLinkage_25052016172613_474.zip,Coal India Limited has informed the Exchange the Notice for Auction of Coal Linkages to Non- Regulated Sector,,,Updates,-,25052016172600,-,-,False,,,100743019,Mining,INE522F01014,Coal India Limited,2016-05-25 17:26:00,COALINDIA
18-May-2016 16:05:00,,https://nsearchives.nseindia.com/corporate/NSELetter_18052016160539_353.zip,Coal India Limited has informed the Exchange regarding Order of Competition Commission of India. (ISIN : INE522F01014),,,Updates,-,18052016160500,-,-,False,,,100720629,Mining,INE522F01014,Coal India Limited,2016-05-18 16:05:00,COALINDIA
16-May-2016 15:18:00,,https://nsearchives.nseindia.com/corporate/NSELetter_16052016151829_829.zip,"Coal India Limited has informed the Exchange that on May 16, 2016, CIL & NTPC have signed an Joint Venture Agreement for setting up of a Joint Venture Company at 50:50 shareholding basis for revival of Sindhri & Gorakhpur units of Fertilizer Corporation of India.",,,Updates,-,16052016151800,-,-,False,,,100710848,Mining,INE522F01014,Coal India Limited,2016-05-16 15:18:00,COALINDIA
09-May-2016 15:23:00,,https://nsearchives.nseindia.com/corporate/COALINDIA_09052016152354.zip,"Coal India Limited has informed the Exchange that the Company has decided to close ""Trading Window'' under ""Code of Internal Procedures and Conduct for Prevention of Insider Trading in Securities Of Coal India Limited"" from May 20, 2016 to till the end of 48 hours after the results are made public on May 28, 2016.",,,Trading Window,-,09052016152300,-,-,False,,,100689614,Mining,INE522F01014,Coal India Limited,2016-05-09 15:23:00,COALINDIA
02-May-2016 17:32:00,,https://nsearchives.nseindia.com/corporate/NSELetter_02052016173223_196.zip,"Coal India Limited has informed the Exchange regarding the ""Provisional Production and Offtake Performance of CIL and Subsidiary Companies for the month of April' 16"".",,,Updates,-,02052016173200,-,-,False,,,100667845,Mining,INE522F01014,Coal India Limited,2016-05-02 17:32:00,COALINDIA
12-Apr-2016 12:58:00,,https://nsearchives.nseindia.com/corporate/NSELETTERFSA_12042016125805_982.zip,Coal India Limited has informed the Exchange regarding Giving-up of Performance Incentive for supply of higher grades of Coal of FSA Consumers on trail basis.,,,Updates,-,12042016125800,-,-,False,,,100621018,Mining,INE522F01014,Coal India Limited,2016-04-12 12:58:00,COALINDIA
07-Apr-2016 14:25:00,,https://nsearchives.nseindia.com/corporate/coal_07042016142504.zip,"Kishore Kumar for and on behalf of President of India has submitted to the Exchange vide letter dated April 1, 2016  a copy of disclosure under Regulation 30(1) and 30(2) of SEBI (Substantial Acquisition of Shares & Takeovers) Regulations, 2011.",,,Disc. under Reg.30 of SEBI (SAST) Reg.2011,-,07042016142500,-,-,False,,,100611734,Mining,INE522F01014,Coal India Limited,2016-04-07 14:25:00,COALINDIA
01-Apr-2016 19:54:00,,https://nsearchives.nseindia.com/corporate/NSELetterProd_01042016195420_630.zip,Coal India Limited has informed the Exchange regarding the Provisional Production and Offtake Performance of Coal India Limited & its subsidiaries Companies for the month of March'16 and for the year Apr'15-March'2016.,,,Updates,-,01042016195400,-,-,False,,,100596883,Mining,INE522F01014,Coal India Limited,2016-04-01 19:54:00,COALINDIA
31-Mar-2016 14:12:00,,https://nsearchives.nseindia.com/corporate/NSELetterRTA_31032016141248_080.zip,"Coal India Limited has informed the Exchange that services of M/s Karvy Computershare Pvt Limited, Registrar and Share Transfer Agents is extended for a period of 1 month from April 01, 2016 to April 30, 2016 as per existing terms and conditions.",,,Registrar & Share Transfer Agent Update,-,31032016141200,-,-,False,,,100592543,Mining,INE522F01014,Coal India Limited,2016-03-31 14:12:00,COALINDIA
14-Mar-2016 16:52:00,,https://nsearchives.nseindia.com/corporate/NSE_Prod_14032016165229_244.zip,Coal India Limited has informed the Exchange the Provisional Production and Offtake Performance of CIL and Subsidiary Companies as on 13th March'2016.,,,Updates,-,14032016165200,-,-,False,,,100546202,Mining,INE522F01014,Coal India Limited,2016-03-14 16:52:00,COALINDIA
08-Mar-2016 11:15:00,,https://nsearchives.nseindia.com/corporate/NSELetter_RC_08032016111501_764.zip,"The Exchange had sought clarification from Coal India Limited with respect to recent news item captioned ''Coal India halts production temporarily due to demand slump"". The Company has stated ''Due to regulated lifting by the Power Houses, Coal Stock has increased in some of the mines of Coal India Limited. Increase in Stock will create stock management problems, detoriation in quality of coal and the coal may catch fire. As such some of the mines have regulated production. However, as on March 07, 2016, Company has achieved a positive growth of 9.3% and absolute growth of 41.81 MT compared to the last year same period''",,,News Clarification,-,08032016111500,-,-,False,,,100527607,Mining,INE522F01014,Coal India Limited,2016-03-08 11:15:00,COALINDIA
07-Mar-2016 09:22:00,,https://nsearchives.nseindia.com/corporate/coal_07032016092237.zip,"Coal India Limited has informed the Exchange that the date of payment of Interim Dividend is on and from March 21, 2016.",,,Date of payment of dividend,-,07032016092200,-,-,False,,,100525333,Mining,INE522F01014,Coal India Limited,2016-03-07 09:22:00,COALINDIA
07-Mar-2016 08:25:00,,https://nsearchives.nseindia.com/corporate/NSELetter_DIV_07032016082529_221.zip,"Coal India Limited has informed the Exchange that the Board of Directors of CIL in its Meeting on March 05, 2016 have approved payment of Interim Dividend for the financial Year 2015-16@ Rs. 27.40 per share on the face value of Rs. 10/- as recommended by the Audit Committee on CIL in its meeting held on date.",,,Dividend,-,07032016082500,-,-,False,,,100525331,Mining,INE522F01014,Coal India Limited,2016-03-07 08:25:00,COALINDIA
04-Mar-2016 14:49:00,,-,"The Exchange has sought clarification from Coal India Limited with respect to recent news item captioned ''Coal India halts production temporarily due to demand slump'' . In this regard, Exchange have advised the Company to provide clarification/confirmation on the news item in detail including the following: a) Whether such event/negotiations/article stated in published news were taking place? If so, you are advised to provide the said information along with the sequence of events in chronological order and the material impact of this article on the Company. b) Whether company are aware of any information that has not been announced to the Exchanges under regulation 30 of Listing regulations. The response from the Company is awaited.",,,News Clarification,-,04032016144900,-,-,False,,,100525052,Mining,INE522F01014,Coal India Limited,2016-03-04 14:49:00,COALINDIA
02-Mar-2016 17:00:00,,https://nsearchives.nseindia.com/corporate/NSELetterNCL_02032016170002_245.zip,Coal India Limited has informed the Exchange that Revision of Standard Stripping Ratio for OBR Accounting by Northern Coalfields Limited- A Subsidiary of Coal India Limited,,,Updates,-,02032016170000,-,-,False,,,100516018,Mining,INE522F01014,Coal India Limited,2016-03-02 17:00:00,COALINDIA
01-Mar-2016 19:35:00,,https://nsearchives.nseindia.com/corporate/NSELetter_01032016193507_975.zip,Coal India Limited has informed the Exchange that Provisional production and offtake of Coal India Limited & its subsidiaries for the month of February 16 and for April 15- February 16.,,,Updates,-,01032016193500,-,-,False,,,100511887,Mining,INE522F01014,Coal India Limited,2016-03-01 19:35:00,COALINDIA
26-Feb-2016 16:58:00,,-,"Coal India Limited has informed the Exchange that the Company has fixed Record Date as March 15, 2016 for the purpose of DIVIDEND",,,Record Date,-,26022016165800,-,-,False,,,100503430,Mining,INE522F01014,Coal India Limited,2016-02-26 16:58:00,COALINDIA
26-Feb-2016 16:54:00,,https://nsearchives.nseindia.com/corporate/COALINDIA_26022016165442.zip,"Coal India Limited has informed the Exchange that the Company has decided to close ""Trading Window"" under ""Code of Conduct Internal Procedures and Conduct for Prevention of Insider Trading in Securities of the Company"" from February 26, 2016 till March 9, 2016 (both days inclusive) for this purpose.",,,Trading Window,-,26022016165400,-,-,False,,,100503426,Mining,INE522F01014,Coal India Limited,2016-02-26 16:54:00,COALINDIA
12-Feb-2016 18:02:00,,https://nsearchives.nseindia.com/corporate/NSE_Investors_12022016180226_512.zip,Coal India Limited has informed the Exchange regarding Investors Meet at Mumbai,,,Updates,-,12022016180200,-,-,False,,,100463051,Mining,INE522F01014,Coal India Limited,2016-02-12 18:02:00,COALINDIA
12-Feb-2016 15:47:00,,https://nsearchives.nseindia.com/corporate/NSE_Analyst_12022016154727_302.zip,Coal India Limited has informed the Exchange about the Analyst Meet at Mumbai,,,Updates,-,12022016154700,-,-,False,,,100462919,Mining,INE522F01014,Coal India Limited,2016-02-12 15:47:00,COALINDIA
11-Feb-2016 18:06:00,,https://nsearchives.nseindia.com/corporate/NSEMoU_11022016180607_478.zip,Coal India Limited has informed the Exchange that an MoU has been signed between Coal India Limited and Energy Efficiency Services Limited (EESL) for implementation of Energy Efficiency projects in CIL and its subsidiaries.,,,Updates,-,11022016180600,-,-,False,,,100459044,Mining,INE522F01014,Coal India Limited,2016-02-11 18:06:00,COALINDIA
11-Feb-2016 17:16:00,,https://nsearchives.nseindia.com/corporate/NSE_Presentation_11022016171600_398.zip,Coal India Limited has informed the Exchange regarding Presentation made by Companyon unaudited financial results.,,,Updates,-,11022016171600,-,-,False,,,100458995,Mining,INE522F01014,Coal India Limited,2016-02-11 17:16:00,COALINDIA
11-Feb-2016 16:31:01,,https://nsearchives.nseindia.com/corporate/NSEDEC15_11022016163101.zip,"Coal India Limited has submitted to the Exchange the standalone & consolidated financial results along with the Limited Review Report for the period ended December 31, 2015.",,,Financial Result Updates,-,11022016163101,-,-,False,,,104281,Mining,INE522F01014,Coal India Limited,2016-02-11 16:31:01,COALINDIA
09-Feb-2016 18:31:00,,https://nsearchives.nseindia.com/corporate/NSELetter_Strike_09022016183137_460.zip,"Coal India Limited has informed the Exchange that  Representatives of four Central Trade Unions operating in coal industry viz. INTUC, HMS, AITUC & CITU have submitted a Joint notice for resorting to agitation and One Day token strike in Feb/ Mar'2016. Efforts are being made to reconcile the same. In case if they resort to agitation & one day strike it will affect the production and despatch.",,,Updates,-,09022016183100,-,-,False,,,100450576,Mining,INE522F01014,Coal India Limited,2016-02-09 18:31:00,COALINDIA
08-Feb-2016 16:47:00,,https://nsearchives.nseindia.com/corporate/NSELetter_SECL_08022016164731_300.zip,"Coal India Limited has informed the Exchange that South Eastern coalfields Limited - a subsidiary company of coal India Limited has declared an Interim dividend of Rs 10,796.50 per share of face value of Rs 1000/- each on 35,97,000 Equity shares, amounting to Rs 3883.50 Crores on date for the year 2015-2016. This is the 2nd Interim dividend declared by them till date. Thus cumulative interim dividend declared by south Eastern coalfields Limited till date comes to Rs 4562.43 Crores.",,,Updates,-,08022016164700,-,-,False,,,100446461,Mining,INE522F01014,Coal India Limited,2016-02-08 16:47:00,COALINDIA
06-Feb-2016 13:02:00,,https://nsearchives.nseindia.com/corporate/NSE_06022016130219_463.zip,Coal India Limited has informed the Exchange regarding MoU Between Coal India Limited and Indian Oil Corporation Limited.,,,Updates,-,06022016130200,-,-,False,,,100441796,Mining,INE522F01014,Coal India Limited,2016-02-06 13:02:00,COALINDIA
05-Feb-2016 14:09:00,,https://nsearchives.nseindia.com/corporate/NSELetter_MCLCCL_05022016140903_065.zip,"Coal India Limited has informed the Exchange vide letter dated February 05, 2016 regarding ""Interim Dividend for 2015-16- Mahanadi Coalfields Limited & Central Coalfields Limited- Subsidiaries of Coal India Limited"".",,,Updates,-,05022016140900,-,-,False,,,100441557,Mining,INE522F01014,Coal India Limited,2016-02-05 14:09:00,COALINDIA
03-Feb-2016 13:28:00,,https://nsearchives.nseindia.com/corporate/COAL_tw_03022016132804.zip,"Coal India Limited has informed the Exchange that the Company has decided to close ""Trading Window"" under ""Code of Internal Procedures and Conduct for Prevention of Insider Trading in Securities of Coal India Limited"" from February 03, 2016 to till the end of 48 hours after the results are made public on February 11, 2016.",,,Trading Window,-,03022016132800,-,-,False,,,100433124,Mining,INE522F01014,Coal India Limited,2016-02-03 13:28:00,COALINDIA
03-Feb-2016 13:16:00,,https://nsearchives.nseindia.com/corporate/NSELetter_RTA_03022016131654_683.zip,"Coal India Limited has informed the Exchange that the services of M/s Karvy Computershare Pvt Limited, the existing Registrar and Share Transfer Agent is extended for a period of 2 months from February 1, 2016 to March 31, 2016 as per existing terms and conditions.",,,Registrar & Share Transfer Agent Update,-,03022016131600,-,-,False,,,100433115,Mining,INE522F01014,Coal India Limited,2016-02-03 13:16:00,COALINDIA
02-Feb-2016 11:27:00,,https://nsearchives.nseindia.com/corporate/NSELetter_NCL_02022016112741_856.zip,"Coal India Limited has informed the Exchange that a subsidiary company of the Company has declared an Interim dividend of Rs 14,884.05 per share of Rs 1000 each on 17,76,728 Equity shares, amounting to Rs 2,644.49 Crores for the period ended December 31, 2015 . This is the 2nd Interim dividend declared by them till date. Thus cumulative interim Dividend declared by Northern Coalfields Limited till date amounting to Rs 3,244.49 Crores.",,,Updates,-,02022016112700,-,-,False,,,100427318,Mining,INE522F01014,Coal India Limited,2016-02-02 11:27:00,COALINDIA
01-Feb-2016 19:19:00,,https://nsearchives.nseindia.com/corporate/NSELetter_Prod_01022016191953_717.zip,Coal India Limited has informed the Exchange has submitted to the Exchange a copy of the Provisional Production and Offtake Performance of CIL & its Subsidiaries Companies for the month of Jan'16 and for Apr'15-Jan'16.hat Provisional Production and Offtake Performance of CIL and Subsidiary Companies for the month of Jan 16 and for Apr 15-Jan 16.,,,Updates,-,01022016191900,-,-,False,,,100425671,Mining,INE522F01014,Coal India Limited,2016-02-01 19:19:00,COALINDIA
01-Feb-2016 19:17:00,,https://nsearchives.nseindia.com/corporate/NSELetter_Director_01022016191703_710.zip,"Coal India Limited has informed the Exchange that Shri B. K Saxena, Director (Marketing), Coal India Limited on attaining the age of superannuation relinquished the charge of Director (Marketing), coal India Limited with effect from January 31, 2016.As per office memorandum issued by MoC, Shri S. N. Prasad has assumed the charge of Director (Marketing), CIL w.e.f February' 01, 2016.",,,Updates,-,01022016191700,-,-,False,,,100425599,Mining,INE522F01014,Coal India Limited,2016-02-01 19:17:00,COALINDIA
01-Jan-2016 19:48:00,,https://nsearchives.nseindia.com/corporate/NSE_Production_01012016194829_172.zip,Coal India Limited has informed the Exchange that Provisional production and offtake performance of CIL Subsidiary Companies for the month of December 2015 and for April 2015 - December 2015.,,,Updates,-,01012016194800,-,-,False,,,100346686,Mining,INE522F01014,Coal India Limited,2016-01-01 19:48:00,COALINDIA
04-Dec-2015 19:33:00,,https://nsearchives.nseindia.com/corporate/NSE_04122015193326.zip,Coal India Limited has informed the Exchange regarding MoU Between Coal India Limited and National Environmental Engineering Research Institute.,,,Updates,-,04122015193300,-,-,False,,,100279391,Mining,INE522F01014,Coal India Limited,2015-12-04 19:33:00,COALINDIA
01-Dec-2015 20:04:00,,https://nsearchives.nseindia.com/corporate/nseprod_01122015200449_009.zip,Coal India Limited has submitted to the Exchange a copy of the Provisional Production and Offtake Performance of CIL & its Subsidiaries Companies for the month of Nov'15 and for Apr'15-Nov'15.,,,Updates,-,01122015200400,-,-,False,,,100268018,Mining,INE522F01014,Coal India Limited,2015-12-01 20:04:00,COALINDIA
17-Nov-2015 17:03:00,,https://nsearchives.nseindia.com/corporate/NSE_Letter_17112015170348.zip,"Coal India Limited has informed the Exchange that the following lndependent directors are appointed on the Board of the Company by Ministry of Coal for period of three years w.e.f. November 17, 2015 or until further order whichever is earlier.1. Ms. Loretta Mary Vas.2. Shri Vinod Jain,3. Dr D.C. Panigrahi4. Prof. Khanindra Pathak5. Dr. Satish Balaram Agnihotri.",,,Appointment of Director,-,17112015170300,-,-,False,,,100241961,Mining,INE522F01014,Coal India Limited,2015-11-17 17:03:00,COALINDIA
13-Nov-2015 19:42:00,,https://nsearchives.nseindia.com/corporate/NSE_presentation_30_13112015194251.zip,"Coal India Limited has submitted to the Exchange a copy of the presentation of unaudited Financial results for the quarter and half year ended September 30, 2015 of the Company.",,,Updates,-,13112015194200,-,-,False,,,100233439,Mining,INE522F01014,Coal India Limited,2015-11-13 19:42:00,COALINDIA
13-Nov-2015 19:32:03,,https://nsearchives.nseindia.com/corporate/COALINDIA_result_13112015193203.zip,Coal India Limited has submitted to the exchange the standalone & consolidated financial results along with the Limited Review Report for the period ended 30-Sep-2015.,,,Financial Result Updates,-,13112015193203,-,-,False,,,103003,Mining,INE522F01014,Coal India Limited,2015-11-13 19:32:03,COALINDIA
04-Nov-2015 11:24:00,,https://nsearchives.nseindia.com/corporate/NSE_04112015112410.zip,"Coal India Limited had informed the Exchange that the Company has decided to close ""Trading Window"" from November 02, 2015 till the end of 48 hours after the results are made public on November 09, 2015. Now the Company has informed the Exchange that the Company has decided to close ""Trading Window"" from November 02, 2015 till the end of 48 hours after the results are made public on November 13, 2015 (Revised).",,,Trading Window,-,04112015112400,-,-,False,,,100220812,Mining,INE522F01014,Coal India Limited,2015-11-04 11:24:00,COALINDIA
02-Nov-2015 08:40:00,,https://nsearchives.nseindia.com/corporate/nseprod_02112015084036_005.zip,Coal India Limited has informed the Exchange regarding the Provisional Production and Offtake Performance of CIL and Subsidiary Companies for the month of Oct 15 and for Apr 15-Oct 15.,,,Updates,-,02112015084000,-,-,False,,,100214058,Mining,INE522F01014,Coal India Limited,2015-11-02 08:40:00,COALINDIA
28-Oct-2015 14:55:00,,https://nsearchives.nseindia.com/corporate/nse_28102015145510_624.zip,"Coal India Limited has informed the Exchange that Coal India Limited (CIL), GAIL (India) Limited, Rashtriya Chemical Fertilizers Limited (RCF) and Fertilizer Corporation of India Limited (FCL) have entered into a Joint Venture Agreement on October 27, 2015 for incorporation of a company namely viz. ""Rashtriya Coal Gas Fertilizers Limited"" to establish and operate new coal gasification based Fertilizer Complex (Ammonia Urea Complex) at Talcher along with power plant and associated facilities at Talcher unit of FCIL and to market its products.",,,Updates,-,28102015145500,-,-,False,,,100207901,Mining,INE522F01014,Coal India Limited,2015-10-28 14:55:00,COALINDIA
28-Oct-2015 11:05:00,,https://nsearchives.nseindia.com/corporate/Coal_tw_28102015110525.zip,"Coal India Limited has informed the Exchange that the Company has decided to close ""Trading Window"" from November 02, 2015 till the end of 48 hours after the results are made public on November 09, 2015.",,,Trading Window,-,28102015110500,-,-,False,,,100207144,Mining,INE522F01014,Coal India Limited,2015-10-28 11:05:00,COALINDIA
05-Oct-2015 14:16:00,,https://nsearchives.nseindia.com/corporate/NSE_05102015141643_203.zip,Coal India Limited has submitted to the Exchange a copy of Minutes of Annual General Meeting of the Company.,,,Annual General Meeting Updates,-,05102015141600,-,-,False,,,100163578,Mining,INE522F01014,Coal India Limited,2015-10-05 14:16:00,COALINDIA
03-Oct-2015 12:13:00,,https://nsearchives.nseindia.com/corporate/NSEPRODUCTION_03102015121313_095.zip,Coal India Limited has informed the Exchange regarding the Provisional Production & offtake performance of CIL and its Subsidiaries Companies for the month of Sep'15 and for Apr'15-Sep'15,,,Updates,-,03102015121300,-,-,False,,,100161633,Mining,INE522F01014,Coal India Limited,2015-10-03 12:13:00,COALINDIA
24-Sep-2015 19:24:00,,https://nsearchives.nseindia.com/corporate/NSEproceeding_24092015192406_171.zip,"Coal India Limited has informed the Exchange regarding proceedings of the Annual General Meeting of the Company held on September 23, 2015.",,,Annual General Meeting Updates,-,24092015192400,-,-,False,,,100152770,Mining,INE522F01014,Coal India Limited,2015-09-24 19:24:00,COALINDIA
24-Sep-2015 19:21:00,,https://nsearchives.nseindia.com/corporate/NSEresults_24092015192107_169.zip,"Coal India Limited has informed the Exchange regarding details of voting results for the Annual General Meeting of the Company held on September 23, 2015 along with copy of Scrutinizers report.",,,Disclosure of Voting Pattern - Clause 35A,-,24092015192100,-,-,False,,,100152768,Mining,INE522F01014,Coal India Limited,2015-09-24 19:21:00,COALINDIA
02-Sep-2015 10:59:00,,https://nsearchives.nseindia.com/corporate/coal_02092015105909.zip,"Coal India Limited has informed the Exchange regarding ""Provisional Production and Offtake Performance of CIL and Subsidiary Companies for the month of Aug'15 and for Apr'15-Aug'15"".",,,Updates,-,02092015105900,-,-,False,,,100122931,Mining,INE522F01014,Coal India Limited,2015-09-02 10:59:00,COALINDIA
18-Aug-2015 10:57:00,,https://nsearchives.nseindia.com/corporate/COALINDIA_bc_18082015105726.zip,"Coal India Limited has informed the Exchange that the Register of Members & Share Transfer Books of the Company will remain closed from September 14, 2015 to September 23, 2015 (both days inclusive) for the purpose of Annual General Meeting (AGM) of the Company to be held on September 23, 2015.",,,AGM/Book Closure,-,18082015105700,-,-,False,,,100092326,Mining,INE522F01014,Coal India Limited,2015-08-18 10:57:00,COALINDIA
18-Aug-2015 10:32:00,,https://nsearchives.nseindia.com/corporate/COALINDIA_notice_18082015103207.zip,"Coal India Limited has submitted to the Exchange a copy of notice of Annual General Meeting of the members of the Company to be held on September 23, 2015.",,,Annual General Meeting Updates,-,18082015103200,-,-,False,,,100092323,Mining,INE522F01014,Coal India Limited,2015-08-18 10:32:00,COALINDIA
17-Aug-2015 15:32:00,,https://nsearchives.nseindia.com/corporate/COALINDIA_press.zip,"Coal India Limited has submitted to the Exchange a copy of the revised presentation on Unaudited Financial Results for the 1st Quarter ended June 30, 2015 of the Company.",,,Updates,-,17082015153200,-,-,False,,,100091226,Mining,INE522F01014,Coal India Limited,2015-08-17 15:32:00,COALINDIA
12-Aug-2015 19:28:00,,https://nsearchives.nseindia.com/corporate/COALINDIA_update_12082015192844.zip,"Coal India Limited has submitted to the Exchange a copy of the presentation on Unaudited Financial Results for the 1st Quarter ended June 30, 2015 of the Company.",,,Updates,-,12082015192800,-,-,False,,,100082365,Mining,INE522F01014,Coal India Limited,2015-08-12 19:28:00,COALINDIA
12-Aug-2015 18:41:28,,https://nsearchives.nseindia.com/corporate/NSEresultjune15_12082015184128.zip,Coal India Limited has submitted to the exchange the standalone & consolidated financial results along with the Limited Review Report for the period ended 30-Jun-2015.,,,Financial Result Updates,-,12082015184128,-,-,False,,,101081,Mining,INE522F01014,Coal India Limited,2015-08-12 18:41:28,COALINDIA
03-Aug-2015 09:06:00,,https://nsearchives.nseindia.com/corporate/Coal_03082015090648.zip,"Coal India Limited has informed the Exchange regarding ""Provisional Production and Offtake Performance of CIL and Subsidiary Companies for the month of July' 15 and for Apr' 15-Jul' 15.",,,Updates,-,03082015090600,-,-,False,,,100060199,Mining,INE522F01014,Coal India Limited,2015-08-03 09:06:00,COALINDIA
31-Jul-2015 14:20:00,,https://nsearchives.nseindia.com/corporate/coal_31072015142023.zip,"Coal India Limited has informed the Exchange that the Company has decided to close ""Trading Window"" from August 05, 2015 till the end of 48 hours after the results are made public on August 12, 2015.",,,Trading Window,-,31072015142000,-,-,False,,,100059692,Mining,INE522F01014,Coal India Limited,2015-07-31 14:20:00,COALINDIA
28-Jul-2015 17:17:00,,https://nsearchives.nseindia.com/corporate/coal_28072015171748.zip,"Coal India Limited has informed the Exchange that Board of Directors of the company at their Meeting held on May 12, 2015 has approved shifting of the Registered office of the Company within the city of Kolkata from 10, Netaji Subhas Road, Kolkata- 700001 to the new premises with effect from July 15, 2015.",,,Address Change,-,28072015171700,-,-,False,,,100054064,Mining,INE522F01014,Coal India Limited,2015-07-28 17:17:00,COALINDIA
15-Jul-2015 08:28:00,,https://nsearchives.nseindia.com/corporate/Coal_01_15072015082823.zip,"Coal India Limited has informed the Exchange vide letter dated July 14, 2015 regarding ""Relinquishment of CIAL leasehold license areas of 170 sq. Km in Mozambique"".",,,Updates,-,15072015082800,-,-,False,,,100051182,Mining,INE522F01014,Coal India Limited,2015-07-15 08:28:00,COALINDIA
01-Jul-2015 20:27:00,,https://nsearchives.nseindia.com/corporate/COALINDIA_update_07012015202702_1.zip,"Coal India Limited has informed the Exchange regarding the Provisional production and offtake performance of CIL and its Subsidiary Companies for the month of Jun, 15 and for Apr 15-Jun' 15.",,,Updates,-,01072015202700,-,-,False,,,1597805,Mining,INE522F01014,Coal India Limited,2015-07-01 20:27:00,COALINDIA
01-Jun-2015 21:01:00,,https://nsearchives.nseindia.com/corporate/COALINDIA_06012015210102_1.zip,"Coal India Limited has informed the Exchange regarding the Provisional production and offtake performance of CIL and its Subsidiary Companies for the month of May, 15 and for Apr 15-May 15.",,,Updates,-,01062015210100,-,-,False,,,1545678,Mining,INE522F01014,Coal India Limited,2015-06-01 21:01:00,COALINDIA
28-May-2015 18:56:00,,https://nsearchives.nseindia.com/corporate/COALINDIA_05282015185601_1.zip,"Coal India Limited has submitted to the Exchange a copy of presentation of Financial Statement for the year ended March 31, 2015 (Financial Year 2014-2015).",,,Updates,-,28052015185600,-,-,False,,,1540748,Mining,INE522F01014,Coal India Limited,2015-05-28 18:56:00,COALINDIA
28-May-2015 17:11:03,,https://nsearchives.nseindia.com/corporate/COAL_result_05282015171102_.zip,Coal India Limited has submitted to the exchange the standalone & consolidated financial results along with the Auditors Report for the period ended 31-Mar-2015.,,,Financial Result Updates,-,28052015171103,-,-,False,,,28241,Mining,INE522F01014,Coal India Limited,2015-05-28 17:11:03,COALINDIA
19-May-2015 09:07:00,,https://nsearchives.nseindia.com/corporate/COALINDIA_codecond_19052015090619.zip,"Coal India Limited has submitted to the Exchange a code of Internal procedures and conduct for prevention of Insider Trading of the Company pursuant to regulation 8 (Code of Fair Disclosure) and Regulation 9 (Code of Conduct) of SEBI (PIT) Regulation, 2015. This is been approved in the Board of Directors meeting of the Company held on May 12, 2015.",,,"Code of Conduct under SEBI(PIT) Reg., 2015",-,19052015090700,-,-,False,,,1519465,Mining,INE522F01014,Coal India Limited,2015-05-19 09:07:00,COALINDIA
15-May-2015 12:29:00,,https://nsearchives.nseindia.com/corporate/COALINDIA_code_05152015122902_1.zip,"Coal India Limited has informed the Exchange that the trading window shall remain closed from May 14, 2015 to June 1, 2015 (both days inclusive).",,,Trading Window,-,15052015122900,-,-,False,,,1514294,Mining,INE522F01014,Coal India Limited,2015-05-15 12:29:00,COALINDIA
05-May-2015 12:38:00,,https://nsearchives.nseindia.com/corporate/coalindiaLimited_05052015123730.zip,"Coal India Limited has informed the Exchange vide letter dated May 2, 2015 regarding Provisional Production and Offtake Performance of the Company and Subsidiary Companies for the month of April 15.",,,Updates,-,05052015123800,-,-,False,,,1495507,Mining,INE522F01014,Coal India Limited,2015-05-05 12:38:00,COALINDIA
29-Apr-2015 16:45:00,,https://nsearchives.nseindia.com/corporate/coalindialtd__04292015164501_1.zip,"Anurag Kapil for and on behalf of President of India has submitted to the Exchange vide letter dated April 9, 2015 a copy of disclosure under Regulation 30(1) and 30(2) of SEBI (Substantial Acquisition of Shares & Takeovers) Regulations, 2011.",,,Disc. under Reg.30 of SEBI (SAST) Reg.2011,-,29042015164500,-,-,False,,,1488684,Mining,INE522F01014,Coal India Limited,2015-04-29 16:45:00,COALINDIA
06-Apr-2015 08:20:00,,https://nsearchives.nseindia.com/corporate/COALINDIA_update_04062015082001_1.zip,"Coal India Limited has informed the Exchange regarding ""Provisional Production and Offtake Performance of CIL and Subsidiary Companies for the month of March'2015 and for April'2014-March'2015"".",,,Updates,-,06042015082000,-,-,False,,,1445394,Mining,INE522F01014,Coal India Limited,2015-04-06 08:20:00,COALINDIA
02-Mar-2015 15:06:00,,https://nsearchives.nseindia.com/corporate/COALINDIA_03022015150602_1.zip,"Coal India Limited has informed the Exchange that Shri Abhijit Chatterjee, Director (Finance), of the Company on attaining the age of superannuation relinquished the charge of Director (Finance), w.e.f. February 28, 2015.   Shri Chandan Kumar Dey has assumed the charge of Director (Finance), of the Company w.e.f. March 1, 2015.",,,Change in Director(s),-,02032015150600,-,-,False,,,1387439,Mining,INE522F01014,Coal India Limited,2015-03-02 15:06:00,COALINDIA
02-Mar-2015 12:48:00,,https://nsearchives.nseindia.com/corporate/COAL_01_03022015124802_1.zip,Coal India Limited has informed the Exchange regarding Provisional Production and Offtake Performance of CIL and Subsidiary Companies for the month of Feb'15 and for Apr'14-Feb'15.,,,Updates,-,02032015124800,-,-,False,,,1387415,Mining,INE522F01014,Coal India Limited,2015-03-02 12:48:00,COALINDIA
27-Feb-2015 16:03:00,,-,"Coal India Limited has informed the Exchange that the date of payment of interim dividend is on and from March 10, 2015.",,,Date of payment of dividend,-,27022015160300,-,-,False,,,1386130,Mining,INE522F01014,Coal India Limited,2015-02-27 16:03:00,COALINDIA
27-Feb-2015 16:02:00,,-,"Coal India Limited has informed the Exchange that the Board of Directors of the Company at its meeting held on February 27, 2015 have approved payment of Interim Dividend for the financial year 2014-15 @ Rs. 20.70/- (Twenty rupees and seventy paise only) per share of the face value of Rs.10/- as recommended by the Audit Committee of the Company in its meeting held on February 27, 2015.",,,Dividend,-,27022015160200,-,-,False,,,1386129,Mining,INE522F01014,Coal India Limited,2015-02-27 16:02:00,COALINDIA
24-Feb-2015 13:10:00,,https://nsearchives.nseindia.com/corporate/COAL_02_02242015131002_1.zip,"Coal India Limited has informed the Exchange vide letter dated February 24, 2015 regarding PR for 2x800 MW Coal based Super-critical Thermal Power Plant (STPP), MCL.",,,Updates,-,24022015131000,-,-,False,,,1377653,Mining,INE522F01014,Coal India Limited,2015-02-24 13:10:00,COALINDIA
24-Feb-2015 12:59:00,,https://nsearchives.nseindia.com/corporate/COAL_01_02242015125902_1.zip,"Coal India Limited has informed the Exchange that the Company Board in its meeting held on February 13, 2015 directed that the Company should withdraw from International Coal Ventures Private Limited (ICVL).",,,Updates,-,24022015125900,-,-,False,,,1377551,Mining,INE522F01014,Coal India Limited,2015-02-24 12:59:00,COALINDIA
20-Feb-2015 15:32:00,,https://nsearchives.nseindia.com/corporate/Coal_update_02202015153201_1.zip,"Coal India Limited has informed the Exchange that CIL and its subsidiaries are proposing to invest around Rs.6000 crores in 2015-16 towards capital expenditure. Further, an amount of around Rs.6000 crores has been earmarked by CIL for railway and other infrastructure development for the year 2015-16.",,,Updates,-,20022015153200,-,-,False,,,1373288,Mining,INE522F01014,Coal India Limited,2015-02-20 15:32:00,COALINDIA
20-Feb-2015 12:11:00,,https://nsearchives.nseindia.com/corporate/COALINDIA_tw_02202015121102_1.zip,"Coal India Limited has informed the Exchange that the trading window shall remain closed from February 20, 2015 to March 2, 2015 (both days inclusive).",,,Trading Window,-,20022015121100,-,-,False,,,1372675,Mining,INE522F01014,Coal India Limited,2015-02-20 12:11:00,COALINDIA
20-Feb-2015 12:02:00,,https://nsearchives.nseindia.com/corporate/COALINDIA_updates_02202015120201_1.zip,"Coal India Limited has informed the Exchange that in the CIL Board Meeting held on February 13, 2015, the Board approved Roadmap for achieving 1.00 billion tonne of coal production by 2019-20 by CIL and its subsidiaries alongwith technological plan. As per the Roadmap approved, CIL and its subsidiaries are expected to achieve 908.10 MT of coal production in 2019-20.",,,Updates,-,20022015120200,-,-,False,,,1372573,Mining,INE522F01014,Coal India Limited,2015-02-20 12:02:00,COALINDIA
20-Feb-2015 11:42:00,,-,"Coal India Limited has informed the Exchange that the Company has fixed Record Date as March 4, 2015 for the purpose of payment of Interim Dividend on Equity Shares for the Financial Year 2014-15, if declared by the Board. ",,,Record Date,-,20022015114200,-,-,False,,,1372472,Mining,INE522F01014,Coal India Limited,2015-02-20 11:42:00,COALINDIA
12-Feb-2015 20:03:03,,https://nsearchives.nseindia.com/corporate/NSE_02122015200302_.zip,Coal India Limited has submitted to the exchange the standalone & consolidated financial results along with the Limited Review Report for the period ended 31-Dec-2014.,,,Financial Result Updates,-,12022015200303,-,-,False,,,26779,Mining,INE522F01014,Coal India Limited,2015-02-12 20:03:03,COALINDIA
07-Feb-2015 16:09:00,,https://nsearchives.nseindia.com/corporate/CoalIndia_02072015160902_1.zip,"Coal India Limited has informed the Exchange that a meeting was held on date between Chief Secretary, Odisha and Secretary (Coal) Sri Anil Swarup where senior officials of Railways/State Government and MCL were present. During discussions a preliminary agreement was reached to form two SPVs, one in Talcher and the other in IB valley coalfields for evacuation of coal. This is urgently required for construction of additional railway lines/sidings for coal evacuation. Preliminary shareholding in each of these SPVs is expected to be as follows:  State Government - 10%  Railways PSUs - 26%  MCL - 64%",,,Updates,-,07022015160900,-,-,False,,,1351392,Mining,INE522F01014,Coal India Limited,2015-02-07 16:09:00,COALINDIA
04-Feb-2015 13:50:00,,https://nsearchives.nseindia.com/corporate/NEWSCLARIFICATION_COALINDIA_02042015135001_1.zip,"The Exchange had sought clarification from Coal India Limited with respect to a news item captioned ""CIL eyes mega tie-up with Railways"". The Company has clarified that ""This is a news concept, many stakeholders are involved and is under examination. As and when any concrete steps are taken by CIL, exchanges will be kept informed"". ",,,News Clarification,-,04022015135000,-,-,False,,,1343313,Mining,INE522F01014,Coal India Limited,2015-02-04 13:50:00,COALINDIA
03-Feb-2015 18:22:00,,https://nsearchives.nseindia.com/corporate/Coal_29_02032015182202_1.zip,"President of India, Ministry of Coal, Government of India has submitted to the Exchange, vide letter dated February 3, 2015 a copy of disclosure under Regulation 29(2) of SEBI (Substantial Acquisition of Shares & Takeovers) Regulations, 2011.",,,Disclosure under SEBI Takeover Regulations,-,03022015182200,-,-,False,,,1341872,Mining,INE522F01014,Coal India Limited,2015-02-03 18:22:00,COALINDIA
03-Feb-2015 17:21:00,,https://nsearchives.nseindia.com/corporate/InsiderTradingCircular_02032015172102_1.zip,"Coal India Limited has informed the Exchange that the trading window shall remain closed from February 5, 2015 to February 13, 2015 (both days inclusive).",,,Trading Window,-,03022015172100,-,-,False,,,1341836,Mining,INE522F01014,Coal India Limited,2015-02-03 17:21:00,COALINDIA
02-Feb-2015 14:55:00,,https://nsearchives.nseindia.com/corporate/coalindia_29_02022015145501_1.zip,"Life Insurance Corporation of India has submitted to the Exchange vide letter dated February 2, 2015 a copy of disclosure under Regulation 29(1) of SEBI (Substantial Acquisition of Shares & Takeovers) Regulations, 2011. ",,,Disclosure under SEBI Takeover Regulations,-,02022015145500,-,-,False,,,1338757,Mining,INE522F01014,Coal India Limited,2015-02-02 14:55:00,COALINDIA
02-Feb-2015 12:00:00,,https://nsearchives.nseindia.com/corporate/COALINDIA_02022015120002_1.zip,Coal India Limited has informed the Exchange regarding Provisional Production and Offtake Performance of CIL and Subsidiary Companies for the month of Jan'15 and for Apr'14-Jan'15.,,,Updates,-,02022015120000,-,-,False,,,1338014,Mining,INE522F01014,Coal India Limited,2015-02-02 12:00:00,COALINDIA
02-Feb-2015 11:49:00,,-,"The Exchange has sought clarification from Coal India Limited with respect to recent news item captioned ""CIL eyes mega tie-up with Railways"". In this regard, Exchange have advised the Company to provide clarification/confirmation on the news item in detail including the following: a) Whether such event/negotiations/article stated in published news were taking place? If so, you are advised to provide the said information along with the sequence of events in chronological order and the material impact of this article on the Company. b) Whether company are aware of any information that has not been announced to the Exchanges under clause 36 of the Listing Agreement. The response from the Company is awaited.",,,News Clarification,-,02022015114900,-,-,False,,,1337907,Mining,INE522F01014,Coal India Limited,2015-02-02 11:49:00,COALINDIA
30-Jan-2015 12:46:00,,https://nsearchives.nseindia.com/corporate/CIL_Reply_01302015124601_1.zip,"The Exchange had sought clarification from Coal India Limited with respect to a news item captioned ""CIL: unions to protest against 'betrayal' by Government"". The Company has clarified that ""This is a newspaper report and Coal India Limited is neither aware of this nor any notice has been received from any unions to this effect"".",,,News Clarification,-,30012015124600,-,-,False,,,1335989,Mining,INE522F01014,Coal India Limited,2015-01-30 12:46:00,COALINDIA
30-Jan-2015 11:46:00,,-,"The Exchange has sought clarification from Coal India Limited with respect to recent news item captioned ""CIL: unions to protest against  betrayal  by Government . In this regard, Exchange have advised the Company to provide clarification/confirmation on the news item in detail including the following: a) Whether such event/negotiations/article stated in published news were taking place? If so, you are advised to provide the said information along with the sequence of events in chronological order and the material impact of this article on the Company. b) Whether company are aware of any information that has not been announced to the Exchanges under clause 36 of the Listing Agreement. The response from the Company is awaited.",,,News Clarification,-,30012015114600,-,-,False,,,1335973,Mining,INE522F01014,Coal India Limited,2015-01-30 11:46:00,COALINDIA
29-Jan-2015 17:16:00,,https://nsearchives.nseindia.com/corporate/CoalIndia_Floor_Price_29012015171545.zip,"Ministry of Coal, Government of India has submitted to the Exchange a copy of announcement with respect to offer for sale through Stock Exchange Mechanism to sell upto 31,58,18,220 with an option to sell an additional upto 31,58,18,220 equity shares of Coal India Limited by Ministry of Coal, Government of India ( Seller ). The Floor Price for the Sale in terms of the OFS Circular shall be Rs. 358/- (Rupees Three Hundred and Fifty Eight Only) per equity share.",,,Offer For Sale-Stock Exchange Mechanism,-,29012015171600,-,-,False,,,1334137,Mining,INE522F01014,Coal India Limited,2015-01-29 17:16:00,COALINDIA
28-Jan-2015 20:10:00,,https://nsearchives.nseindia.com/corporate/OFS_COALINDIA_01282015201002_1.zip,"Coal India Limited has informed the Exchange that President of India, acting through and represented by the Ministry of Coal, Government of India has submitted to the Exchange, a copy of Notice for Offer for Sell through Stock Exchange Mechanism proposing to sell 31,58,18,220 (Thirty one crores fifty eight lacs eighteen thousand two hundred and twenty) equity shares of face value of Rs. 10 each (the ""Offer Shares"") with an option to sell an additional upto 31,58,18,220 (Thirty one crores fifty eight lacs eighteen thousand two hundred and twenty) equity shares of face value of Rs. 10 each of Coal India Ltd (the ""Company"") (collectively along with Offer Shares, as ""Sale Shares""), collectively aggregating to 10% of the total paid up equity share capital of the Company, by Promoter through a sale on the separate window provided by the BSE Ltd. & NSE Ltd. (the ""Stock Exchanges"") for this purpose.  The Sale shall take place on a separate window of the Stock Exchanges and shall commence on January 30, 2015 at 9:15 AM and shall close on the same date at 3:30 PM Indian Standard Time (""Sale Date"").",,,Offer For Sale-Stock Exchange Mechanism,-,28012015201000,-,-,False,,,1332055,Mining,INE522F01014,Coal India Limited,2015-01-28 20:10:00,COALINDIA
28-Jan-2015 17:08:00,,https://nsearchives.nseindia.com/corporate/COAL_01_01282015170801_1.zip,"President of India, acting through and represented by the Ministry of Coal, Government of India has submitted to the Exchange, a copy of announcement with respect to offer for sale through Stock Exchange Mechanism for sale upto 31,58,18,220 equity shares of Coal India Limited by President of India, acting through and represented by the Ministry of Coal, Government of India (Seller).  Date and time of the opening of the offer: January 30, 2015 at 9:15 a.m.;  Date and time of the closing of the offer: January 30, 2015 at 3:30 p.m.;  Floor Price: The Seller shall declare the Floor Price for the sale on January 29, 2015.",,,Offer For Sale-Stock Exchange Mechanism,-,28012015170800,-,-,False,,,1331272,Mining,INE522F01014,Coal India Limited,2015-01-28 17:08:00,COALINDIA
19-Jan-2015 16:55:00,,https://nsearchives.nseindia.com/corporate/NEWSCLARIFICATION_COALINDIA_01192015165502_1.zip,"The Exchange had sought clarification from Coal India Limited with respect to a news item captioned ""CIL Plans to Buy Tech to Unlock Trapped Coal"". The Company has clarified that ""The Company is neither aware of this nor any statement has been given by its officials to this effect"".",,,News Clarification,-,19012015165500,-,-,False,,,1316060,Mining,INE522F01014,Coal India Limited,2015-01-19 16:55:00,COALINDIA
15-Jan-2015 11:54:00,,-,"The Exchange has sought clarification from Coal India Limited with respect to recent news item captioned ""CIL Plans to Buy Tech to Unlock Trapped Coal"". In this regard, Exchange have advised the Company to provide clarification/confirmation on the news item in detail including the following: a) Whether such event/negotiations/article stated in published news were taking place? If so, you are advised to provide the said information along with the sequence of events in chronological order and the material impact of this article on the Company. b) Whether company are aware of any information that has not been announced to the Exchanges under clause 36 of the Listing Agreement. The response from the Company is awaited.",,,News Clarification,-,15012015115400,-,-,False,,,1308835,Mining,INE522F01014,Coal India Limited,2015-01-15 11:54:00,COALINDIA
08-Jan-2015 14:53:00,,https://nsearchives.nseindia.com/corporate/COAL_01_01082015145302_1.zip,"Coal India Limited has informed the Exchange vide letter dated January 08, 2015 regarding ""Strike by major trade unions at Coal India Limited and its subsidiaries"".",,,Updates,-,08012015145300,-,-,False,,,1298325,Mining,INE522F01014,Coal India Limited,2015-01-08 14:53:00,COALINDIA
07-Jan-2015 19:09:00,,-,"The Exchange has sought clarification from Coal India Limited with respect to announcement that ""Four (4) Central Trade Unions namely Bharatiya Mazdoor Sangh (BMS), Indian National Trade Union Congress (INTUC), All India Trade Union Congress (AITUC) and Hind Mazdoor Sangh observed strike on January 6, 2015 in Coal lndia Limited and its Subsidiaries Companies. Due to strike the production and despatch were partially affected"".    In this regard, the Exchange has advised the Company to provide clarification/confirmation with respect to the following:  (a) The impact of the strike in some quantifiable terms like loss of production, loss of man-days, etc.    The response from the Company is awaited.",,,Clarification,-,07012015190900,-,-,False,,,1296359,Mining,INE522F01014,Coal India Limited,2015-01-07 19:09:00,COALINDIA
07-Jan-2015 17:51:00,,-,"The Exchange had sought clarification from Coal India Limited with respect to a news item captioned ""CIL strike Power outages likely on north, east India"". The Company has clarified that ""Four (4) Central Trade Unions namely Bharatiya Mazdoor Sangh (BMS), Indian National Trade Union Congress (INTUC), All India Trade Union Congress (AITUC) and Hind Mazdoor Sangh observed strike on January 6, 2015 in Coal lndia Limited and its Subsidiaries Companies. Due to strike the production and despatch were partially affected. On January 6, 2015 Production and Offtake in CIL and its subsidiaries were 645300 Te and 651600 Te respectively"".",,,News Clarification,-,07012015175100,-,-,False,,,1296337,Mining,INE522F01014,Coal India Limited,2015-01-07 17:51:00,COALINDIA
07-Jan-2015 15:31:00,,-,"The Exchange has sought clarification from Coal India Limited with respect to recent news item captioned ""CIL strike Power outages likely on north, east India"". In this regard, Exchange have advised the Company to provide clarification/confirmation on the news item in detail including the following: a) Whether such event/negotiations/article stated in published news were taking place? If so, you are advised to provide the said information along with the sequence of events in chronological order and the material impact of this article on the Company. b) Whether company are aware of any information that has not been announced to the Exchanges under clause 36 of the Listing Agreement. The response from the Company is awaited.",,,News Clarification,-,07012015153100,-,-,False,,,1296304,Mining,INE522F01014,Coal India Limited,2015-01-07 15:31:00,COALINDIA
07-Jan-2015 13:15:00,,https://nsearchives.nseindia.com/corporate/coalindia_01072015131502_1.zip,"Coal India Limited has informed the Exchange that four (4) Central Trade Unions namely Bharatiya Mazdoor Sangh (BMS), Indian National Trade Union Congress (INTUC), All India Trade Union Congress (AITUC) and Hind Mazdoor Sangh observed strike on January 6, 2015 in Coal lndia  Limited and its Subsidiaries Companies. Due to strike the production and despatch were partially affected.  On January 6, 2015 Production and Offtake in CIL and its subsidiaries were 645300 Te and 651600 Te respectively.",,,Updates,-,07012015131500,-,-,False,,,1295304,Mining,INE522F01014,Coal India Limited,2015-01-07 13:15:00,COALINDIA
05-Jan-2015 15:10:00,,https://nsearchives.nseindia.com/corporate/Coalindia_01052015151001_1.zip,"Coal India Limited has informed the Exchange that in pursuance of letter dated December 18, 2014 issued by Ministry of Coal, GoI and subsequent Order dated December 19, 2014 issued by GM (Personnel), CIL, Shri Sutirtha Bhattacharya assumed the charge of Chairman-cum-Managing Director of the Company with effect from January 05, 2014.",,,Appointment of Chairman and Managing Director,-,05012015151000,-,-,False,,,1291382,Mining,INE522F01014,Coal India Limited,2015-01-05 15:10:00,COALINDIA
02-Jan-2015 11:47:00,,https://nsearchives.nseindia.com/corporate/Coal_Up_02012015114604.zip,Coal India Limited has informed the Exchange regarding the Provisional Production and Offtake Performance of CIL and its Subsidiary Companies for the month of Dec'14 and for Apr'14-Dec'14.,,,Updates,-,02012015114700,-,-,False,,,1288075,Mining,INE522F01014,Coal India Limited,2015-01-02 11:47:00,COALINDIA
23-Dec-2014 15:02:00,,https://nsearchives.nseindia.com/corporate/COAL_01_12232014150201_1.zip,"Coal India Limited has informed the Exchange vide letter dated December 23, 2014 regarding "" Revival of Talcher unit, FCIL- In principle approval for signing JV agreement"".",,,Updates,-,23122014150200,-,-,False,,,1269003,Mining,INE522F01014,Coal India Limited,2014-12-23 15:02:00,COALINDIA
18-Dec-2014 13:08:00,,-,"Coal India Limited has informed the Exchange vide letter dated December 18, 2014 that ""We understand from newspaper reports that 4 Trade Unions v1z - Indian National Mineworkers Federation (INMFW), Hind Khadam Mazdoor Federation, AITUC  controlled Indian Mine Workers Federation and Bharatiya Mazdoor Sangh met in Ranchi on Wednesday and decided to go on strike at Coal India Limited and its subsidiary companies from 6th January to 10th January 2015. Company is to get official notice from them. As and when the same is received, we shall arrange go for conciliation process."".",,,Updates,-,18122014130800,-,-,False,,,1264445,Mining,INE522F01014,Coal India Limited,2014-12-18 13:08:00,COALINDIA
17-Dec-2014 13:31:00,,https://nsearchives.nseindia.com/corporate/NEWSCLARIFICATION_COALIND_12172014133101_1.zip,"The Exchange had sought clarification from Coal India Limited with respect to a news item captioned ""Coal India gets order to import 5 lakh tonnes of coal for FY15"". The Company has submitted its clarification to above news.",,,News Clarification,-,17122014133100,-,-,False,,,1261596,Mining,INE522F01014,Coal India Limited,2014-12-17 13:31:00,COALINDIA
15-Dec-2014 18:23:00,,-,"The Exchange had sought clarification from Coal India Limited with respect to recent news item captioned ""Coal India to set up South Africa Unit for acquiring coal assets"".  In this regard, the Company, vide email dated December 15, 2014 has clarified that:  ""In connection with the clarifications sought by the NSE on news item in ET Now dt 15/12/2014, the facts of the matter are as below:  1. CIL Board in its 272nd meeting held on 12th August 2011 approved to start dialogue with Government of Limpopo to undertake initiatives.  2. A Memorandum of Understanding (MOU) was signed amongst CIL, Trade and Investment of Limpopo (TIL) and Corridor Mining Resources (CMR) of the provincial Govt. of Limpopo in South Africa in Sep 2011. No agreement or any contract has been signed by the parties.   3. As a follow up action, a Memorandum of Agreement (MoA) is to be signed between CIL and the state owned agencies of the provincial Govt. Limpopo.   4. CIL had engaged a consultant for assisting CIL for registration of a wholly owned subsidiary of CIL in South Africa in February 2013.   5. The draft Memorandum of Incorporation prepared by the consultant is under consideration of competent authority"".",,,News Clarification,-,15122014182300,-,-,False,,,1257157,Mining,INE522F01014,Coal India Limited,2014-12-15 18:23:00,COALINDIA
15-Dec-2014 14:31:00,,-,"The Exchange has sought clarification from Coal India Limited with respect to recent news item captioned ""Coal India to set up South Africa Unit for acquiring coal assets"".  In this regard, Exchange has advised the Company to provide clarification/confirmation on the news item in detail including the following: ""a) Whether such event/negotiations/article stated in published news were taking place? If so, you are advised to provide the said information along with the sequence of events in chronological order and the material impact of this article on the Company. b) Whether company are aware of any information that has not been announced to the Exchanges under clause 36 of the Listing Agreement"". The response from the Company is awaited.",,,News Clarification,-,15122014143100,-,-,False,,,1257115,Mining,INE522F01014,Coal India Limited,2014-12-15 14:31:00,COALINDIA
12-Dec-2014 13:53:00,,-,"The Exchange has sought clarification from Coal India Limited with respect to recent news item captioned ""Coal India gets order to import 5 lakh tonnes of coal for FY15"". In this regard, Exchange have advised the Company to provide clarification/confirmation on the news item in detail including the following: a) Whether such event/negotiations/article stated in published news were taking place? If so, you are advised to provide the said information along with the sequence of events in chronological order and the material impact of this article on the Company. b) Whether company are aware of any information that has not been announced to the Exchanges under clause 36 of the Listing Agreement. The response from the Company is awaited.",,,News Clarification,-,12122014135300,-,-,False,,,1253517,Mining,INE522F01014,Coal India Limited,2014-12-12 13:53:00,COALINDIA
09-Dec-2014 18:47:00,,-,"The Exchange had sought clarification from Coal India Limited with respect to a news item captioned ""CIL signs pact for 1,000 mw solar power projects"". The Company has clarified that ""An Memorandum of Understanding (MoU) was signed between Coal India Limited (CIL) and Solar Energy Corporation of India Ltd. (SECI) for setting up of 750 MW Solar Power Plants in a Solar Park located in Madhya Pradesh (MP). A Detailed Project Report (DPR) will be prepared by Solar Energy Corporation of India Ltd. (SECI) at a cost of Rs.75.00 lakhs. CIL will bear Rs.50.00 lakhs towards preparation of Project Report and the balance will be borne by Solar Energy Corporation of India Ltd. (SECI). Coal India Limited board in its meeting held on November 08, 2014 accorded its approval for engaging Solar Energy Corporation of India Ltd. (SECI) to prepare Detailed Project Report (DPR) for setting up of 750 MW of Solar Power Plants. CIL board's approval is only for preparation of Detailed Project Report (DPR) for setting up of 750 MW Solar Power Plants. Only after examination of Project Report final decision would be taken about setting up of Solar Power Plants"".",,,News Clarification,-,09122014184700,-,-,False,,,1247102,Mining,INE522F01014,Coal India Limited,2014-12-09 18:47:00,COALINDIA
09-Dec-2014 13:16:00,,-,"The Exchange had sought clarification from Coal India Limited with respect to a news item captioned ""CIL Asks Govt to Return 2 cancelled Odisha Blocks"". The Company has clarified that ""Two coal blocks viz Gopalprasad and Talabira were allotted to two JV companies (i) MJSJ Coal Limited and (ii) MNH Shakti Limited. In MJSJ Coal Limited, Mahanadi Coalfields Limited, a wholly owned subsidiary of Coal India Limited holds 60% stake alongwith JSW Steel, Jindal Thermal Power Limited, Jindal Stainless Steel and Shyam Metallics & Energy Limited holding the rest. In MNH Shakti Ltd., Mahanadi Coalfields Limited, a wholly owned subsidiary of Coal India Limited holds 70% stakes alongwith Neyveli Lignite Corporation and Hindalco holding the rest. Mahanadi Coalfields Limited (MCL) a wholly owned subsidiary of Coal India Limited in all its future coal production plans had considered the development and exploitation of these blocks. Hon'ble Supreme Court of India in its judgement on August 25, 2014, cancelled allotment of these two coal blocks to these JV companies. Coal India Limited has recently been instructed by Ministry of Coal to make an exercise for achievement of 1 billion tonne of coal production by 2019-20, in which Mahanadi Coalfields Limited's share is 250 MT, an increase of 140 MT from the production of 110 MT in 2013-14. Since Mahanadi Coalfields Limited has already considered contribution from these blocks in all future projections, they have requested Ministry of Coal to allow them to retain the blocks as they have taken a number of preparatory action to start these blocks. Since this is only a request made to the Ministry of Coal for retention of two coal blocks and no decision has been taken yet on this, we have not intimated the same to the Stock Exchanges .",,,News Clarification,-,09122014131600,-,-,False,,,1245119,Mining,INE522F01014,Coal India Limited,2014-12-09 13:16:00,COALINDIA
09-Dec-2014 12:18:00,,-,"The Exchange has sought clarification from Coal India Limited with respect to recent news item captioned ""CIL signs pact for 1,000 mw solar power projects"". In this regard, Exchange have advised the Company to provide clarification/confirmation on the news item in detail including the following: a) Whether such event/negotiations/article stated in published news were taking place? If so, you are advised to provide the said information along with the sequence of events in chronological order and the material impact of this article on the Company. b) Whether company are aware of any information that has not been announced to the Exchanges under clause 36 of the Listing Agreement. The response from the Company is awaited.",,,News Clarification,-,09122014121800,-,-,False,,,1244608,Mining,INE522F01014,Coal India Limited,2014-12-09 12:18:00,COALINDIA
08-Dec-2014 15:53:00,,-,"The Exchange has sought clarification from Coal India Limited with respect to recent news item captioned ""CIL Asks Govt to Return 2 cancelled Odisha Blocks"". In this regard, Exchange have advised the Company to provide clarification/confirmation on the news item in detail including the following: a) Whether such event/negotiations/article stated in published news were taking place? If so, you are advised to provide the said information along with the sequence of events in chronological order and the material impact of this article on the Company. b) Whether company are aware of any information that has not been announced to the Exchanges under clause 36 of the Listing Agreement. The response from the Company is awaited.",,,News Clarification,-,08122014155300,-,-,False,,,1244513,Mining,INE522F01014,Coal India Limited,2014-12-08 15:53:00,COALINDIA
02-Dec-2014 12:54:00,,https://nsearchives.nseindia.com/corporate/COAL_01_12022014125401_1.zip,Coal India Limited has informed the Exchange regarding provisional production and offtake performance of the Company and its Subsidiary Companies for the month of November 2014 and for April 2014-November 2014.,,,Updates,-,02122014125400,-,-,False,,,1232850,Mining,INE522F01014,Coal India Limited,2014-12-02 12:54:00,COALINDIA
28-Nov-2014 14:04:00,,https://nsearchives.nseindia.com/corporate/COAL_11282014140401_1.zip,"Coal India Limited has informed the Exchange that Board of Directors of the Company in its Board Meeting held on November 08, 2014, has accorded its approval for Project Report of 2X800 MW Coal-based Super-critical Thermal Power Plant (STPP), Hemgir (Sundargarh, Odisha), MCL with a total capital investment of Rs. 11363.18 Crores. This Project is being set up by M/s Mahanadi Basin Power Limited (MBPL) a wholly owned subsidiary of M/s Mahanadi Coalfields Limited, which is a wholly owned subsidiary of M/s Coal India Limited.",,,Updates,-,28112014140400,-,-,False,,,1228500,Mining,INE522F01014,Coal India Limited,2014-11-28 14:04:00,COALINDIA
12-Nov-2014 09:57:00,,-,"The Exchange had sought clarification from Coal India Limited with respect to a news item captioned ""CIL ratifies Rs 11,000 crore thermal power project"". The Company has clarified that ""Mahanadi Basin Power Limited, a wholly owned subsidiary of 'Mahanadi Coalfields Limited' which is wholly owned subsidiary of Coal India Limited is proposing to set up 2 x 800 MW coal based ""Super-critical Thermal Power Plant""(STPP), at Hemgir (Sundargarh, Odisha) at a capital investment of Rs. 11363.18 crore. The Project report of proposed Thermal Power Project was presented in CIL Board meeting held on November 08, 2014. The minutes of the Board meeting is under preparation and will be finalized shortly.  Coal India Limited proposed to intimate Stock Exchanges about the decision of Board under Clause 36 of the Listing Agreement immediately after the approval of minutes.""",,,News Clarification,-,12112014095700,-,-,False,,,1196736,Mining,INE522F01014,Coal India Limited,2014-11-12 09:57:00,COALINDIA
10-Nov-2014 12:08:00,,-,"The Exchange has sought clarification from Coal India Limited with respect to recent news item captioned ""CIL ratifies Rs 11,000 crore thermal power project"". In this regard, Exchange have advised the Company to provide clarification/confirmation on the news item in detail including the following: a) Whether such event/negotiations/article stated in published news were taking place? If so, you are advised to provide the said information along with the sequence of events in chronological order and the material impact of this article on the Company. b) Whether company are aware of any information that has not been announced to the Exchanges under clause 36 of the Listing Agreement. The response from the Company is awaited.",,,News Clarification,-,10112014120800,-,-,False,,,1193221,Mining,INE522F01014,Coal India Limited,2014-11-10 12:08:00,COALINDIA
08-Nov-2014 18:39:02,,https://nsearchives.nseindia.com/corporate/COALINDIA_30092014_B_LR_11082014183902_.zip,Coal India Limited has submitted to the exchange the standalone & consolidated financial results along with the Limited Review Report for the period ended 30-Sep-2014.,,,Financial Result Updates,-,08112014183902,-,-,False,,,24869,Mining,INE522F01014,Coal India Limited,2014-11-08 18:39:02,COALINDIA
03-Nov-2014 12:32:00,,https://nsearchives.nseindia.com/corporate/NSE_11032014123201_1.zip,Coal India Limited has informed the Exchange regarding Provisional Production and Offtake Performance of Company and Subsidiary Companies for the month of October 14 and for April 14-October 14.,,,Updates,-,03112014123200,-,-,False,,,1185673,Mining,INE522F01014,Coal India Limited,2014-11-03 12:32:00,COALINDIA
27-Oct-2014 09:56:00,,-,"Coal India Limited has informed the Exchange that Office of Comptroller and Auditor General of India has appointed M/s Chaturvedi & Co., Chartered Accountants, 60, Bentinck Street, Kolkata - 700 069 as Statutory Auditor of the Company for the year 2014-15 vice De Chakraborty & Sen, Chartered Accountants, Kolkata.",,,Appointment of Auditors,-,27102014095600,-,-,False,,,1171402,Mining,INE522F01014,Coal India Limited,2014-10-27 09:56:00,COALINDIA
17-Oct-2014 20:19:00,,https://nsearchives.nseindia.com/corporate/InsiderTradingCode17102014_10172014201901_1.zip,"Coal India Limited has informed the Exchange that the trading window shall remain closed from November 01, 2014 to November 10, 2014 (Both days inclusive)",,,Trading Window,-,17102014201900,-,-,False,,,1163295,Mining,INE522F01014,Coal India Limited,2014-10-17 20:19:00,COALINDIA
09-Oct-2014 11:48:00,,https://nsearchives.nseindia.com/corporate/COAL_01_09102014114809.zip,Coal India Limited has informed the Exchange regarding the Provisional Production & Offtake performance of CIL and its Subsidiary Companies for the month of Sep'14 and for Apr'14-Sep'14.,,,Updates,-,09102014114800,-,-,False,,,100002669,Mining,INE522F01014,Coal India Limited,2014-10-09 11:48:00,COALINDIA
12-Sep-2014 12:00:00,,-,"The Exchange had sought clarification from Coal India Limited with respect to a news item captioned ""GOVT clears stake sale in Coal India, ONGC, NHPC"". The Company has clarified that ""CCA has cleared the further divestment of 10% shares of Coal India Limited from the Govt. of India Holding. They have already appointed Merchant bankers and Legal Counsel for the same. We do not have any other report other than this"". ",,,News Clarification,-,12092014120000,-,-,False,,,1108582,Mining,INE522F01014,Coal India Limited,2014-09-12 12:00:00,COALINDIA
12-Sep-2014 09:24:00,,https://nsearchives.nseindia.com/corporate/nseagmproceeding_09122014092401_1.zip,Coal India Limited has submitted to the Exchange a copy of the AGM Proceedings & Chairman Speech of CIL held on 10.09.14.,,,Annual General Meeting Updates,-,12092014092400,-,-,False,,,1107773,Mining,INE522F01014,Coal India Limited,2014-09-12 09:24:00,COALINDIA
11-Sep-2014 19:52:00,,https://nsearchives.nseindia.com/corporate/NSEresult_09112014195202_1.zip,Coal India Limited has submitted to the Exchange the results of voting of each item of agenda AGM in terms of clause 35A of the Listing Agreement alongwith the scrutinizers report (e-voting and poll).,,,Updates,-,11092014195200,-,-,False,,,1107616,Mining,INE522F01014,Coal India Limited,2014-09-11 19:52:00,COALINDIA
11-Sep-2014 19:40:00,,https://nsearchives.nseindia.com/corporate/nsecessation_09112014194002_1.zip,"Coal India Limited has informed the Exchange that the following three of the Independent Directors have ceased to be the directors of the Company w.e.f September 10, 2014 as under :- (a) Dr. R.N. Trivedi. (b) Dr. Noor Mohammad (c) Prof Indranil Manna.",,,Cessation,-,11092014194000,-,-,False,,,1107613,Mining,INE522F01014,Coal India Limited,2014-09-11 19:40:00,COALINDIA
09-Sep-2014 17:56:00,,https://nsearchives.nseindia.com/corporate/NSEalok_09092014175603_5.zip,"Coal India Limited has informed the Exchange regarding resignation of Shri Alok Perti & Shri C. Balakrishnan, Independent Directors.",,,Resignation of Director,-,09092014175600,-,-,False,,,1102253,Mining,INE522F01014,Coal India Limited,2014-09-09 17:56:00,COALINDIA
04-Sep-2014 13:20:00,,https://nsearchives.nseindia.com/corporate/COAL_09042014132002_1.zip,"Coal India Limited has informed the Exchange that the Company have received Joint Notice bearing No. 52/258 dated August 31, 2014 from Secretary General, Indian National Minewokers Federation ( INTUC) addressed to Secretary, Ministry of Coal , Govt. of India, New Delhi with a copy to Chairman, Coal India Limited among others enclosing Charter of Demands jointly signed by five CTUs i.e. INTUC, BMS, HMS, AITUC & CITU for resorting to ""WORK TO RULE ' with effect from September 18 to September 20, 2014 in all the Mines/ Establishment of the Company.",,,Updates,-,04092014132000,-,-,False,,,1093711,Mining,INE522F01014,Coal India Limited,2014-09-04 13:20:00,COALINDIA
03-Sep-2014 16:36:00,,https://nsearchives.nseindia.com/corporate/nseresignation_09032014163601_1.zip,"Coal India Limited has informed the Exchange that Shri Shri Prakash, Independent Director has tendered his resignation w.e.f September 2, 2014.",,,Resignation of Director,-,03092014163600,-,-,False,,,1091650,Mining,INE522F01014,Coal India Limited,2014-09-03 16:36:00,COALINDIA
02-Sep-2014 13:24:00,,https://nsearchives.nseindia.com/corporate/NSEprod0209_09022014132402_1.zip,Coal India Limited has informed the Exchange regarding Provisional Production & Offtake performance of CIL and Subsidiary Companies for the month of Aug'14 and for Apr'14-Aug'14,,,Updates,-,02092014132400,-,-,False,,,1088876,Mining,INE522F01014,Coal India Limited,2014-09-02 13:24:00,COALINDIA
20-Aug-2014 18:00:00,,-,"Coal India Limited has informed the Exchange that Annual General Meeting (AGM) of the Company is scheduled to be held on September 10, 2014.",,,Annual General Meeting Updates,-,20082014180000,-,-,False,,,1069373,Mining,INE522F01014,Coal India Limited,2014-08-20 18:00:00,COALINDIA
20-Aug-2014 17:52:00,,-,"Coal India Limited has informed the Exchange that the Register of Members and Share Transfer Books will remain closed from September 2, 2014 to September 10, 2014 (both days inclusive) for the purpose of Annual General Meeting scheduled to be held on September 10, 2014.",,,AGM/Book Closure,-,20082014175200,-,-,False,,,1069362,Mining,INE522F01014,Coal India Limited,2014-08-20 17:52:00,COALINDIA
12-Aug-2014 18:19:03,,https://nsearchives.nseindia.com/corporate/COALINDIA_30JUN2014_08122014181902_.zip,Coal India Limited has submitted to the exchange the standalone & consolidated financial results along with the Limited Review Report for the period ended 30-Jun-2014.,,,Financial Result Updates,-,12082014181903,-,-,False,,,23675,Mining,INE522F01014,Coal India Limited,2014-08-12 18:19:03,COALINDIA
04-Aug-2014 12:16:00,,https://nsearchives.nseindia.com/corporate/NSE_08042014121601_1.zip,Coal India Limited has informed the Exchange regarding Provisional Production and offtake Performance of CIL and subsidiary Companies for the month of Jul'14 and for Apr'14-Jul'14.,,,Updates,-,04082014121600,-,-,False,,,1041030,Mining,INE522F01014,Coal India Limited,2014-08-04 12:16:00,COALINDIA
21-Jul-2014 16:04:00,,https://nsearchives.nseindia.com/corporate/InsiderTradingCode_07212014160402_1.zip,Coal India Limited has informed the Exchange regarding closure of trading window.,,,Updates,-,21072014160400,-,-,False,,,1017762,Mining,INE522F01014,Coal India Limited,2014-07-21 16:04:00,COALINDIA
18-Jul-2014 16:52:00,,https://nsearchives.nseindia.com/corporate/coal_07182014165202_2.zip,"Coal India Limited has informed the Exchange vide letter dated July 18, 2014 regarding the Result of Postal Ballot.",,,Postal Ballot Updates,-,18072014165200,-,-,False,,,1015078,Mining,INE522F01014,Coal India Limited,2014-07-18 16:52:00,COALINDIA
02-Jul-2014 13:40:00,,https://nsearchives.nseindia.com/corporate/COAL_02072014_07022014134002_1.zip,"Coal India Limited has informed the Exchange regarding the ""Provisional Production and Offtake Performance of CIL and Subsidiary Companies for the month of Jun'14 and for Apr'14-Jun'14"".",,,Updates,-,02072014134000,-,-,False,,,984015,Mining,INE522F01014,Coal India Limited,2014-07-02 13:40:00,COALINDIA
27-Jun-2014 16:04:00,,https://nsearchives.nseindia.com/corporate/coal_27062014_06272014160402_1.zip,"Coal India Limited has informed the Exchange that Shri S. Narsing Rao on being appointed as Principal Secretary to Chief Minister, Telengana has submitted his resignation from the post of Chairman-cum-Managing Director and his resignation was accepted by the competent authority. This was communicated vide letter June 24, 2014 by Deputy Secretary, MoC, Govt. of India. He has relinquished the charge of office of Chairman-cum-Managing Director w.e.f June 26, 2014.   Ministry of Coal vide order dated June 24, 2014 entrusted Dr. A.K.Dubey, Addl. Secretary, MoC the additional charge of Chairman-cum-Managing Director of Coal India Limited for a period of three months or until further orders, whichever is earlier. He has taken over the charge of Chairman-cum-Managing Director of CIL on June 26, 2014.",,,Change in  Managing Director,-,27062014160400,-,-,False,,,977109,Mining,INE522F01014,Coal India Limited,2014-06-27 16:04:00,COALINDIA
26-Jun-2014 18:56:00,,-,"The Exchange had sought clarification from Coal India Limited with respect to a news item captioned ""Coal India looking at buying majority stake in railway project in Mozambique"". The Company has clarified that ""No official communication has been made from Company regarding participating in railway project. Operations at Mozambique are at preliminary stage & no conclusions can be drawn on same at the moment.""",,,News Clarification,-,26062014185600,-,-,False,,,975170,Mining,INE522F01014,Coal India Limited,2014-06-26 18:56:00,COALINDIA
04-Jun-2014 12:44:00,,https://nsearchives.nseindia.com/corporate/NSEPostalballot_06042014124402_1.zip,"Coal India Limited has informed the Exchange that the Board of Directors of CIL in its meeting held on May 29, 2014 has approved to amend the ""Object Clause"" of Memorandum of Association of the Company. The Company has submitted to the Exchange a copy of Postal Ballot notice to the shareholders of the Company to exercise their vote either by E-voting/Postal Ballot.",,,Postal Ballot Updates,-,04062014124400,-,-,False,,,938892,Mining,INE522F01014,Coal India Limited,2014-06-04 12:44:00,COALINDIA
02-Jun-2014 12:28:00,,https://nsearchives.nseindia.com/corporate/nse_06022014122802_2.zip,"Coal India Limited has informed the Exchange regarding the ""Provisional Production and Offtake Performance of CIL and Subsidiary Companies for the month of May'14 and for Apr'14-May'14",,,Updates,-,02062014122800,-,-,False,,,934641,Mining,INE522F01014,Coal India Limited,2014-06-02 12:28:00,COALINDIA
29-May-2014 14:11:00,,-,Coal India Limited has informed the Exchange regarding the standalone Results for the quarter ended on 31-MAR-2014 as follows: Net Sales of Rs. 16069 lacs for the quarter ending on 31-MAR-2014 against Rs. 12193 lacs for the quarter ending on 31-MAR-2013. Net Profit / (Loss) of of Rs. 64614 lacs for the quarter ending on 31-MAR-2014 against Rs. 232061 lacs for the quarter ending on 31-MAR-2013.,,,"Results Update, Quarter  ended 31-MAR-2014 (Standalone)",-,29052014141100,-,-,False,,,,Mining,INE522F01014,Coal India Limited,2014-05-29 14:11:00,COALINDIA
29-May-2014 14:07:02,,https://nsearchives.nseindia.com/corporate/COALINDIA_31Mar14_B_05292014140701_.zip,Coal India Limited has submitted to the exchange the standalone & consolidated financial results for the period ended 31-mar-2014.,,,Financial Result Updates,-,29052014140702,-,-,False,,,22169,Mining,INE522F01014,Coal India Limited,2014-05-29 14:07:02,COALINDIA
05-May-2014 16:56:00,,https://nsearchives.nseindia.com/corporate/NSEcode_05052014165602_1.zip,"Coal India Limited has informed the Exchange regarding ""Closure of Trading Window"".",,,Updates,-,05052014165600,-,-,False,,,887768,Mining,INE522F01014,Coal India Limited,2014-05-05 16:56:00,COALINDIA
02-May-2014 14:52:00,,https://nsearchives.nseindia.com/corporate/COAL_02052014_05022014145202_1.zip,"Coal India Limited  has informed the Exchange regarding the ""Provisional Production and Offtake Performance of CIL and Subsidiary Companies for the month of Apr'14"".",,,Updates,-,02052014145200,-,-,False,,,885249,Mining,INE522F01014,Coal India Limited,2014-05-02 14:52:00,COALINDIA
07-Apr-2014 09:16:00,,https://nsearchives.nseindia.com/corporate/coal_04072014091601_1.zip,"Coal India Limited has informed the Exchange regarding the ""Provisional Production and Offtake Performance of CIL and its Subsidiary Companies for the month of Mar'14 and for the year 2013-14"".",,,Updates,-,07042014091600,-,-,False,,,849926,Mining,INE522F01014,Coal India Limited,2014-04-07 09:16:00,COALINDIA
02-Apr-2014 11:52:00,,https://nsearchives.nseindia.com/corporate/NSE_04022014115202_1.zip,Coal India Limited has has submitted to the Exchange the Provisional Production and Offtake Performance of CIL and Subsidiary Companies for the month of Mar'14 and for the year 2013-14.,,,Updates,-,02042014115200,-,-,False,,,844358,Mining,INE522F01014,Coal India Limited,2014-04-02 11:52:00,COALINDIA
31-Mar-2014 18:04:00,,https://nsearchives.nseindia.com/corporate/NSEinsider_03312014180402_1.zip,"Coal India Limited has submitted to the Exchange vide letter dated March 31, 2014 a copy of disclosure under Regulation 13(4), 13(4A) and 13(6) of SEBI (Prohibition of Insider Trading) Regulations, 1992.",,,Disclosure under Insider Trading Regulation,-,31032014180400,-,-,False,,,842503,Mining,INE522F01014,Coal India Limited,2014-03-31 18:04:00,COALINDIA
03-Mar-2014 12:24:00,,https://nsearchives.nseindia.com/corporate/NSEProd_03032014122401_1.zip,Coal India Limited has submitted to the Exchange the Provisional Production and Offtake Performance of CIL and Subsidiary Companies for the month of Feb'14 and for Apr'13-Feb'14 .,,,Updates,-,03032014122400,-,-,False,,,803593,Mining,INE522F01014,Coal India Limited,2014-03-03 12:24:00,COALINDIA
28-Feb-2014 16:56:00,,https://nsearchives.nseindia.com/corporate/NSE-strike_02282014165601_2.zip,"Coal India Limited has informed the Exchange that ""Coal Mines officers' Association of India(CMOAI) has served strike a notice for 3 days from March 13, 2014 to March 15, 2014 against Non-finalization of PRP (Performance Related Pay), New Pension Scheme and other Demands. Efforts are being made to reconcile the same.""",,,Strikes/Lockouts/Disturbances,-,28022014165600,-,-,False,,,801762,Mining,INE522F01014,Coal India Limited,2014-02-28 16:56:00,COALINDIA
12-Feb-2014 18:19:02,,https://nsearchives.nseindia.com/corporate/3_qtr_Result_13-14_to_NSE_02122014181901_.zip,Coal India Limited has submitted to the exchange the standalone & consolidated financial results for the period ended 31-Dec-2013.,,,Financial Result Updates,-,12022014181902,-,-,False,,,20624,Mining,INE522F01014,Coal India Limited,2014-02-12 18:19:02,COALINDIA
10-Feb-2014 16:40:00,,https://nsearchives.nseindia.com/corporate/NSE_02102014164003_3.zip,"Coal India Limited has informed the Exchange that the following directors are appointed as non-official part time Directors on the Board of the Company by Ministry of Coal for a period of three years w.e.f February 06, 2014. 1) Prof. Indranil Manna, Director, IIT, Kanpiur. 2) Shri Shri Prakash, Ex-Member (Traffic), Railway Board.",,,Appointment of Director,-,10022014164000,-,-,False,,,779448,Mining,INE522F01014,Coal India Limited,2014-02-10 16:40:00,COALINDIA
03-Feb-2014 11:44:00,,https://nsearchives.nseindia.com/corporate/COAL_03022014_02032014114402_2.zip,"Coal India Limited has informed the Exchange regarding ""Provisonal Production and Offtake Performance of CIL and Subsidiary Companies for the month of Jan' 14 and for Apr'13-Jan-14""",,,Updates,-,03022014114400,-,-,False,,,770541,Mining,INE522F01014,Coal India Limited,2014-02-03 11:44:00,COALINDIA
14-Jan-2014 16:48:00,,https://nsearchives.nseindia.com/corporate/NSE_01142014164402_.zip,"Coal India Limited has informed the Exchange that the Board of Directors in its meeting held on January 14, 2014 have approved payment of Interim Dividend for the financial year 2013-14 @ Rs 29/- (Rupees twenty nine) per share of the face value of Rs 10/- as recommended by the Audit Committee of Company. The date of payment of Interim dividend is on and from January 25, 2014.",,,Dividend,-,14012014164800,-,-,False,,,747920,Mining,INE522F01014,Coal India Limited,2014-01-14 16:48:00,COALINDIA
08-Jan-2014 13:16:00,,-,"Coal India Limited has informed the Exchange that the Company has fixed Record Date as January 20, 2014 for the purpose of Interim dividend on equity shares for the financial year 2013-14, if declared by the Board.",,,Record Date,-,08012014131600,-,-,False,,,741193,Mining,INE522F01014,Coal India Limited,2014-01-08 13:16:00,COALINDIA
02-Jan-2014 13:56:00,,https://nsearchives.nseindia.com/corporate/NSE_01022014135601_1.zip,"Coal India Limited has informed the Exchange regarding ""Provisonal Production and Offtake Performance of CIL and Subsidiary Companies for the month of Dec'13 and for Apr'13-Dec'13""",,,Updates,-,02012014135600,-,-,False,,,736247,Mining,INE522F01014,Coal India Limited,2014-01-02 13:56:00,COALINDIA
23-Dec-2013 08:28:00,,https://nsearchives.nseindia.com/corporate/NSE_12232013082801_1.zip,"Coal India Limited has informed the Exchange that the following directors are nominated as non-official part time Directors on the Board of Coal India Limited by Ministry of Coal for period of three years w.e.f December 19, 2013. (1) Shri C. Balakrishnan and (2) Dr. Noor Mohammed",,,Appointment of Director,-,23122013082800,-,-,False,,,724758,Mining,INE522F01014,Coal India Limited,2013-12-23 08:28:00,COALINDIA
16-Dec-2013 17:28:00,,https://nsearchives.nseindia.com/corporate/NSERAW_12162013172802_1.zip,"Coal India Limited has informed the Exchange regarding ""revision of raw non-coking coal sizing charges and rapid loading charges""",,,Updates,-,16122013172800,-,-,False,,,719248,Mining,INE522F01014,Coal India Limited,2013-12-16 17:28:00,COALINDIA
16-Dec-2013 17:24:00,,https://nsearchives.nseindia.com/corporate/NSE10_12162013172401_1.zip,"Coal India Limited has informed the Exchange regarding ""Increase in Price of Non Coking Coal (G-6 to G-17) bands of Western Coalfields limited (WCL)""",,,Updates,-,16122013172400,-,-,False,,,719247,Mining,INE522F01014,Coal India Limited,2013-12-16 17:24:00,COALINDIA
16-Dec-2013 13:40:00,,-,"Coal India Limited has informed the Exchange vide its letter dated December 13, 2013, regarding the Order of Competition Commission on Coal India Limited. The Order of the Competition Commission is available in its website under the following link : ""wwvv.cci.gov.in/may2011/orderofcommission/27/592012.pdf""",,,Updates,-,16122013134000,-,-,False,,,719186,Mining,INE522F01014,Coal India Limited,2013-12-16 13:40:00,COALINDIA
11-Dec-2013 15:20:00,,https://nsearchives.nseindia.com/corporate/COAL_12112013152002_1.zip,"Coal India Limited has informed the Exchange vide letter dated December 11, 2013, regarding ""Order of Competition Commission on Coal India Limited"".",,,News Clarification,-,11122013152000,-,-,False,,,715168,Mining,INE522F01014,Coal India Limited,2013-12-11 15:20:00,COALINDIA
02-Dec-2013 11:36:00,,https://nsearchives.nseindia.com/corporate/NSEprod_12022013113602_1.zip,"Coal India Limited has informed the Exchange regarding ""Provisional Production & Offtake Performance of CIL and its Subsidiary Companies for the month of Nov'13 & for Apr'13-Nov'13"".",,,Updates,-,02122013113600,-,-,False,,,705565,Mining,INE522F01014,Coal India Limited,2013-12-02 11:36:00,COALINDIA
13-Nov-2013 18:51:02,,https://nsearchives.nseindia.com/corporate/NSE_11132013185101_.zip,Coal India Limited has submitted to the exchange the standalone & consolidated financial results for the period ended 30-Sep-2013.,,,Financial Result Updates,-,13112013185102,-,-,False,,,19227,Mining,INE522F01014,Coal India Limited,2013-11-13 18:51:02,COALINDIA
13-Nov-2013 18:51:00,,-,Coal India Limited has informed the Exchange regarding the standalone Results for the quarter ended on 30-SEP-2013 as follows: Net Sales of Rs. 2587 lacs for the quarter ending on 30-SEP-2013 against Rs. 4292 lacs and Rs. 4924 lacs for the quarters ending on 30-JUN-2013 and 30-SEP-2012 respectively. Net Profit / (Loss) of Rs. 121403 lacs for the quarter ending on 30-SEP-2013 against Rs. 355060 lacs and Rs. 120022 lacs for the quarters ending on 30-JUN-2013 and 30-SEP-2012 respectively.,,,"Results Update, Quarter  ended 30-SEP-2013 (Standalone)",-,13112013185100,-,-,False,,,,Mining,INE522F01014,Coal India Limited,2013-11-13 18:51:00,COALINDIA
13-Nov-2013 18:51:00,,-,Coal India Limited has informed the Exchange regarding the consolidated Results for the quarter ended on 30-SEP-2013 as follows: Net Sales of Rs. 1541149 lacs for the quarter ending on 30-SEP-2013 against Rs. 1647242 lacs and Rs. 1457254 lacs for the quarters ending on 30-JUN-2013 and 30-SEP-2012 respectively. Net Profit / (Loss) of Rs. 305236 lacs for the quarter ending on 30-SEP-2013 against Rs. 373104 lacs and Rs. 307808 lacs for the quarters ending on 30-JUN-2013 and 30-SEP-2012 respectively.,,,"Results Update, Quarter  ended 30-SEP-2013 (Consolidated)",-,13112013185100,-,-,False,,,,Mining,INE522F01014,Coal India Limited,2013-11-13 18:51:00,COALINDIA
03-Nov-2013 17:12:00,,https://nsearchives.nseindia.com/corporate/NSE_11032013171201_1.zip,"Coal India Limited has informed the Exchange regarding ""Provisional Production and Offtake Performance of CIL and Subsidiary Companies for the month of Oct 13 and for Apr'13-Oct'13"".",,,Updates,-,03112013171200,-,-,False,,,680569,Mining,INE522F01014,Coal India Limited,2013-11-03 17:12:00,COALINDIA
01-Nov-2013 14:40:00,,https://nsearchives.nseindia.com/corporate/NSEapp_11012013144002_1.zip,"Coal India Limited has informed the Exchange that the following directors are nominated as non-official part time directors on the Board of Coal India Limited by Director,Ministry of Coal for a period of three years or until further orders w.e.f October 31, 2013. 1) Shri Alok Perti 2) Dr. R.N. Trivedi 3) Shri Kamal Raj Gupta.",,,Appointment of Director,-,01112013144000,-,-,False,,,680390,Mining,INE522F01014,Coal India Limited,2013-11-01 14:40:00,COALINDIA
03-Oct-2013 08:24:00,,https://nsearchives.nseindia.com/corporate/COAL_10032013082402_1.zip,"Coal India Limited has informed the Exchange vide letter dated October 01, 2013 regarding ""Provisional Production and Offtake Performance of CIL and Subsidiary Companies for the month of Sep'13 and for Apr'13- Sep'13"".",,,Updates,-,03102013082400,-,-,False,,,652096,Mining,INE522F01014,Coal India Limited,2013-10-03 08:24:00,COALINDIA
18-Sep-2013 18:52:00,,https://nsearchives.nseindia.com/corporate/NSE_09182013185201_1.zip,Coal India Limited has submitted to the Exchange that the Annual General Meeting proceedings of the Company.,,,Annual General Meeting Updates,-,18092013185200,-,-,False,,,640709,Mining,INE522F01014,Coal India Limited,2013-09-18 18:52:00,COALINDIA
02-Sep-2013 12:16:00,,https://nsearchives.nseindia.com/corporate/NSE_09022013121601_1.zip,Coal India Limited has informed the Exchange regarding Provisional Production and Offtake Performance of CIL and Subsidiary Companies for the month of Aug'13 and for the period Apt'13-Aug'13,,,Updates,-,02092013121600,-,-,False,,,628474,Mining,INE522F01014,Coal India Limited,2013-09-02 12:16:00,COALINDIA
26-Aug-2013 09:00:00,,https://nsearchives.nseindia.com/corporate/NSE-_08262013090001_1.zip,Coal India Limited has informed the Exchange regarding the completion of tenure of 3 Independent Director of CIL.,,,Change in Director(s),-,26082013090000,-,-,False,,,621919,Mining,INE522F01014,Coal India Limited,2013-08-26 09:00:00,COALINDIA
20-Aug-2013 13:08:00,,-,"Coal India Limited has informed the Exchange that : ""Five Central Trade Unions operating in Coal India Limited and its subsidiaries have served strike notice for 3 days with effect from 23rd September 2013 to 25th September 2013 against proposed divestment of 5% of CIL shares and other demands. It is understood that All India Coal Workers  Federation (CITU) has decided to withdraw their 3 days strike in Coal India Limited and its subsidiaries commencing from 19th September, 2013 and join other unions for 3 days strike from 23rd September 2013 to 25th September 2013 .Their strike notice was intimated to stock exchange vide our letter dated 8th August 2013"".",,,Strikes/Lockouts/Disturbances,-,20082013130800,-,-,False,,,618978,Mining,INE522F01014,Coal India Limited,2013-08-20 13:08:00,COALINDIA
08-Aug-2013 16:00:00,,https://nsearchives.nseindia.com/corporate/COAL_Strike_08082013160002_1.zip,"Coal India Limited has informed the Exchange that : ""All India Coal Workers' Federation (CITU) has served strike notice vide letter No.AICWF/Kol/ dated 7th August' 2013 which was received by us on 8th August' 2013 (Copy of the strike notice enclosed) against proposed divestment of 5% of CIL Shares, restructuring of Coal India Limited. The federation also demanded that non-implemented issues of NCWA-IX viz. Increase in pension and post retirement medical benefits be implemented immediately. Otherwise, they will go for 3 days strike in Coal India Limited and all its subsidiaries commencing from 19th September, 2013.""",,,Strikes/Lockouts/Disturbances,-,08082013160000,-,-,False,,,612354,Mining,INE522F01014,Coal India Limited,2013-08-08 16:00:00,COALINDIA
08-Aug-2013 15:28:00,,-,"Coal India Limited has informed the Exchange that the Register of Members and Share Transfer Books will remain close from September 11, 2013 to September 18, 2013 (both days inclusive) for the purpose of Final Dividend and Annual General Meeting scheduled to be held on September 18, 2013.",,,AGM/Book Closure,-,08082013152800,-,-,False,,,612341,Mining,INE522F01014,Coal India Limited,2013-08-08 15:28:00,COALINDIA
05-Aug-2013 14:08:00,,https://nsearchives.nseindia.com/corporate/NSE_08052013140801_1.zip,Coal India Limited has informed the Exchange regarding completion of tenure of three Independent Directors.,,,Cessation,-,05082013140800,-,-,False,,,609158,Mining,INE522F01014,Coal India Limited,2013-08-05 14:08:00,COALINDIA
05-Aug-2013 11:31:42,,https://nsearchives.nseindia.com/corporate/COALINDIA_30JUN2013_B_Q1.zip,"Coal India Limited has submitted to the Exchange the Standalone and Consolidated Financial Results along with the Limited Review Report for the period ended June 30,2013.",,,Financial Result Updates,-,05082013113142,-,-,False,,,17138,Mining,INE522F01014,Coal India Limited,2013-08-05 11:31:42,COALINDIA
02-Aug-2013 11:24:00,,https://nsearchives.nseindia.com/corporate/COAL_Updates_30Jun2013_08022013112402_1.zip,Coal India Limited has submitted to the Exchange the provisional production and Offtake Performance of CIL and its Subsidiary Companies for the month of Jul'13 and for Apr' 13-Jul'13.,,,Updates,-,02082013112400,-,-,False,,,607830,Mining,INE522F01014,Coal India Limited,2013-08-02 11:24:00,COALINDIA
02-Jul-2013 13:44:00,,https://nsearchives.nseindia.com/corporate/NSEjul13_07022013134401_1.zip,"Coal India Limited has informed the Exchange regarding the ""Provisional Production & Offtake Performance of CIL and Subsidiary Companies for the month of Jun'13 and for Apr'13-Jun'13"".",,,Updates,-,02072013134400,-,-,False,,,585323,Mining,INE522F01014,Coal India Limited,2013-07-02 13:44:00,COALINDIA
03-Jun-2013 12:40:00,,https://nsearchives.nseindia.com/corporate/NSE-Prod_06032013124002_1.zip,"Coal India Limited has informed the Exchange regarding the ""Provisional Production & Offtake Performance of CIL and Subsidiary Companies for the month of May'13 and for Apr'13-May'13"".",,,Updates,-,03062013124000,-,-,False,,,566064,Mining,INE522F01014,Coal India Limited,2013-06-03 12:40:00,COALINDIA
28-May-2013 10:24:00,,https://nsearchives.nseindia.com/corporate/COAL_update_28052013_05282013102401_1.zip,"Coal India Limited has informed the Exchange vide letter dated May 27, 2013 regarding ""Rationalisation of Coal Prices"".",,,Updates,-,28052013102400,-,-,False,,,562002,Mining,INE522F01014,Coal India Limited,2013-05-28 10:24:00,COALINDIA
27-May-2013 19:36:00,,https://nsearchives.nseindia.com/corporate/NSE_05272013193601_1.zip,"Coal India Limited has informed the Exchange vide letter dated May 27, 2013, regarding ""Rationalisation of Coal Prices"".",,,Updates,-,27052013193600,-,-,False,,,561537,Mining,INE522F01014,Coal India Limited,2013-05-27 19:36:00,COALINDIA
27-May-2013 17:17:00,,-,Coal India Limited has informed the Exchange regarding the consolidated Results for the quarter ended on 31-MAR-2013 as follows: Net Sales of Rs. 1990457 lacs for the quarter ending on 31-MAR-2013 against Rs. 1941899 lacs for the quarter ending on 31-MAR-2012. Net Profit / (Loss) of of Rs. 541391 lacs for the quarter ending on 31-MAR-2013 against Rs. 401341 lacs for the quarter ending on 31-MAR-2012.,,,"Results Update, Quarter ended, 31-MAR-2013 (Consolidated)",-,27052013171700,-,-,False,,,,Mining,INE522F01014,Coal India Limited,2013-05-27 17:17:00,COALINDIA
27-May-2013 17:17:00,,-,Coal India Limited has informed the Exchange regarding the consolidated Results for the year ended on 31-MAR-2013 as follows: Net Sales of Rs. 6830274 lacs for year ending on 31-MAR-2013 against Rs. 6241543 lacs for the year ending on 31-MAR-2012. Net Profit / (Loss) of Rs. 1735636 lacs for the year ending on 31-MAR-2013 against Rs. 1478820 lacs for the year ending on 31-MAR-2012.,,,"Results Update, Year ended, 31-MAR-2013 (Consolidated)",-,27052013171700,-,-,False,,,,Mining,INE522F01014,Coal India Limited,2013-05-27 17:17:00,COALINDIA
27-May-2013 17:10:19,,https://nsearchives.nseindia.com/corporate/COALINDIA_31MAR2013_C_Q4A.zip,"Coal India Limited has submitted to the Exchange the Consolidated Financial Results for the period ended March 31,2013.",,,Financial Result Updates,-,27052013171019,-,-,False,,,15886,Mining,INE522F01014,Coal India Limited,2013-05-27 17:10:19,COALINDIA
20-May-2013 18:36:00,,-,"Coal India Limited has informed the Exchange that Ministry of Coal vide office order dated May 03, 2013 has appointed Smt. Sujata Prasad, Joint Secretary & Financial Advisor, MOC as a nominee Director of Coal India Limited w.e.f May 03, 2013. This was 'taken on record' by the Board of Directors of CIL in its meeting on May 20, 2013.",,,Appointment,-,20052013183600,-,-,False,,,556600,Mining,INE522F01014,Coal India Limited,2013-05-20 18:36:00,COALINDIA
20-May-2013 18:04:00,,-,"Coal India Limited has informed the Exchange that the Board of Directors of the Company at its meeting held on May 20, 2013 have recommended final dividend @ Rs. 4.30/- per share, subject to the approval of the shareholders in the ensuing Annual General Meeting, for the financial year 2012-13. This is in addition to the interim dividend of Rs. 9.70/- per share paid in March 2013.",,,Dividend,-,20052013180400,-,-,False,,,556583,Mining,INE522F01014,Coal India Limited,2013-05-20 18:04:00,COALINDIA
20-May-2013 17:33:36,,https://nsearchives.nseindia.com/corporate/COALINDIA_31MAR2013_S_Q4A.zip,"Coal India Limited has submitted to the Exchange the Standalone Financial Results for the period ended March 31,2013.",,,Financial Result Updates,-,20052013173336,-,-,False,,,15664,Mining,INE522F01014,Coal India Limited,2013-05-20 17:33:36,COALINDIA
06-May-2013 08:32:00,,-,"Coal India Limited has informed the Exchange that Ministry of Coal vide office order dated April 03, 2013 has appointed Dr. A. K. Dubey, Additional Secretary, MOC as a nominee Director of Coal India Limited w.e.f. April 03, 2013. This was 'taken on record' by the Board of Directors of CIL by circular resolution on April 24, 2013.",,,Appointment of Director,-,06052013083200,-,-,False,,,545830,Mining,INE522F01014,Coal India Limited,2013-05-06 08:32:00,COALINDIA
02-May-2013 11:32:00,,https://nsearchives.nseindia.com/corporate/COALINDIA_update_02052013_05022013113202_1.zip,"Coal India Limited has informed the Exchange vide letter dated May 02, 2013 regarding Production and Offtake Performance of CIL and Subsidiary Companies for the month of Apr'13.",,,Updates,-,02052013113200,-,-,False,,,543707,Mining,INE522F01014,Coal India Limited,2013-05-02 11:32:00,COALINDIA
30-Apr-2013 12:04:00,,-,"Coal India Limited has informed the Exchange that Dr. Arun Kumar Rath was nominated as a non-official part time Director on the Board of the Company by Ministry of Coal vide letter dated April 27, 2010 for a period of three years. On completion of his term i.e. on April 26, 2013 he ceased to be a director on the board of the Company.",,,Cessation,-,30042013120400,-,-,False,,,543353,Mining,INE522F01014,Coal India Limited,2013-04-30 12:04:00,COALINDIA
17-Apr-2013 12:24:00,,-,"Coal India Limited has informed the Exchange that Ms. Anjali Anand Srivastava, JS & FA, Ministry of Coal has been relieved from her duties on April 08, 2013 (FN) at Ministry of Coal. Hence she ceased to be a director on the board of Coal India Limited with effect from April 08, 2013 (FN).",,,Updates,-,17042013122400,-,-,False,,,536902,Mining,INE522F01014,Coal India Limited,2013-04-17 12:24:00,COALINDIA
02-Apr-2013 08:04:00,,https://nsearchives.nseindia.com/corporate/CoalInd_updts_02042013_04022013080402_1.zip,"Coal India Limited has informed the Exchange vide letter dated April 01, 2013 regarding ""Provisional Production and Offtake Performance of CIL and Subsidiary Companies for the month of Mar 13 and for the year 2012-13"".",,,Updates,-,02042013080400,-,-,False,,,526905,Mining,INE522F01014,Coal India Limited,2013-04-02 08:04:00,COALINDIA
01-Apr-2013 09:12:00,,https://nsearchives.nseindia.com/corporate/COALINDIA_update_010142013_04012013091202_1.zip,"Coal India Limited has informed the Exchange vide letter dated March 30, 2013 regarding ""Financial Restructuring of Bharat Coking Coal Limited (BCCL) -100% subsidiary of Coal India Limited"".",,,Updates,-,01042013091200,-,-,False,,,525798,Mining,INE522F01014,Coal India Limited,2013-04-01 09:12:00,COALINDIA
25-Mar-2013 18:28:00,,-,"Coal India Limited has informed the Exchange that the Board of Directors of the Company at its meeting held on March 25, 2013, has approved to convert the Loan & Current Account balance granted to BCCL, its 100% subsidiary aggregating to Rs. 2539 crores into 5% Non-Convertible, Redeemable Cumulative Preference Shares as recommended by the Audit Committee of CIL on date. The Board also approved to amend the Memorandum of Association & Articles of Association of BCCL to facilitate the above. This is however subject to the approval of shareholders of BCCL.",,,Outcome of Board Meeting,-,25032013182800,-,-,False,,,524038,Mining,INE522F01014,Coal India Limited,2013-03-25 18:28:00,COALINDIA
14-Mar-2013 19:32:00,,-,"Coal India Limited has informed the Exchange that the date of payment of Interim Dividend is on and from March 25, 2013.",,,Date of payment of dividend,-,14032013193200,-,-,False,,,518079,Mining,INE522F01014,Coal India Limited,2013-03-14 19:32:00,COALINDIA
14-Mar-2013 19:08:00,,-,"Coal India Limited has informed the Exchange that the Board of directors of the Company at its meeting held on March 14, 2013 have approved payment of Interim Dividend for the financial year 2012-13 @ Rs.9.70/- per share of the face value of Rs.10/- as recommended by the Audit Committee of the Company in its meeting held on March 14, 2013.",,,Dividend,-,14032013190800,-,-,False,,,518076,Mining,INE522F01014,Coal India Limited,2013-03-14 19:08:00,COALINDIA
07-Mar-2013 13:52:00,,https://nsearchives.nseindia.com/corporate/COAL_update_07032013_03072013135201_1.zip,"Coal India Limited has submitted to the Exchange vide letter dated March 07, 2013 a copy of Production and Offtake Performance of CIL and Subsidiary Companies till Feb'13.",,,Updates,-,07032013135200,-,-,False,,,513708,Mining,INE522F01014,Coal India Limited,2013-03-07 13:52:00,COALINDIA
01-Mar-2013 12:40:00,,-,"Coal India Limited has informed the Exchange that the Company has fixed Record Date as March 19, 2013 for the purpose of payment of Interim Dividend on Equity Shares for the financial Year 2012-13, if declared by the Board. ",,,Record Date,-,01032013124000,-,-,False,,,510168,Mining,INE522F01014,Coal India Limited,2013-03-01 12:40:00,COALINDIA
13-Feb-2013 17:21:00,,-,Coal India Limited has informed the Exchange regarding the standalone Results for the quarter ended on 31-DEC-2012 as follows: Net Sales of Rs. 9013 lacs for the quarter ending on 31-DEC-2012 against Rs. 4924 lacs and Rs. 7130 lacs for the quarters ending on 30-SEP-2012 and 31-DEC-2011 respectively. Net Profit / (Loss) of Rs. 169692 lacs for the quarter ending on 31-DEC-2012 against Rs. 120022 lacs and Rs. 121933 lacs for the quarters ending on 30-SEP-2012 and 31-DEC-2011 respectively.,,,"Results Update, Quarter ended, 31-DEC-2012 (Standalone)",-,13022013172100,-,-,False,,,,Mining,INE522F01014,Coal India Limited,2013-02-13 17:21:00,COALINDIA
13-Feb-2013 17:20:00,,-,Coal India Limited has informed the Exchange regarding the consolidated Results for the quarter ended on 31-DEC-2012 as follows: Net Sales of Rs. 1732504 lacs for the quarter ending on 31-DEC-2012 against Rs. 1457254 lacs and Rs. 1534928 lacs for the quarters ending on 30-SEP-2012 and 31-DEC-2011 respectively. Net Profit / (Loss) of Rs. 439511 lacs for the quarter ending on 31-DEC-2012 against Rs. 307808 lacs and Rs. 403776 lacs for the quarters ending on 30-SEP-2012 and 31-DEC-2011 respectively.,,,"Results Update, Quarter ended, 31-DEC-2012 (Consolidated)",-,13022013172000,-,-,False,,,,Mining,INE522F01014,Coal India Limited,2013-02-13 17:20:00,COALINDIA
13-Feb-2013 17:15:11,,https://nsearchives.nseindia.com/corporate/COALINDIA_31DEC2012_B_Q3.zip,"Coal India Limited has submitted to the Exchange the Standalone and Consolidated Financial Results along with the Limited Review Report for the period ended December 31,2012.",,,Financial Result Updates,-,13022013171511,-,-,False,,,14664,Mining,INE522F01014,Coal India Limited,2013-02-13 17:15:11,COALINDIA
07-Feb-2013 18:48:00,,-,"Coal India Limited has informed the Exchange that on being elevated to the post of Secretary, Ministry of Textiles, Ms. Zohra Chatterji, Special Secretary in Ministry of Coal was relived from her duties in the Ministry of Coal w.e.f. January 31, 2013 (AN) and hence ceased to be a director in the board of Coal India Limited w.e.f. February 01, 2013.",,,Resignation of Director,-,07022013184800,-,-,False,,,498127,Mining,INE522F01014,Coal India Limited,2013-02-07 18:48:00,COALINDIA
01-Feb-2013 11:04:00,,https://nsearchives.nseindia.com/corporate/COAL_update_0102013_02012013110401_1.zip,"Coal India Limited has informed the Exchange that with effect from February 01, 2013, M/s. Karvy Computershare Private Limited, Plot No. 17-24, Vittal Rao Nagar, Madhapur, Hyderabad - 500 081 has been appointed as Registrar and Share Transfer Agent (RTA) of the Company for a period of 3 years.",,,Registrar & Share Transfer Agent Update,-,01022013110400,-,-,False,,,493302,Mining,INE522F01014,Coal India Limited,2013-02-01 11:04:00,COALINDIA
09-Nov-2012 16:56:00,,-,Coal India Limited has informed the Exchange regarding the standalone Results for the quarter ended on 30-SEP-2012 as follows: Net Sales of Rs. 4924 lacs for the quarter ending on 30-SEP-2012 against Rs. 9095 lacs and Rs. 6687 lacs for the quarters ending on 30-JUN-2012 and 30-SEP-2011 respectively. Net Profit / (Loss) of Rs. 120022 lacs for the quarter ending on 30-SEP-2012 against Rs. 457657 lacs and Rs. 108066 lacs for the quarters ending on 30-JUN-2012 and 30-SEP-2011 respectively.,,,"Results Update, Quarter ended, 30-SEP-2012 (Standalone)",-,09112012165600,-,-,False,,,,Mining,INE522F01014,Coal India Limited,2012-11-09 16:56:00,COALINDIA
09-Nov-2012 16:55:00,,-,Coal India Limited has informed the Exchange regarding the consolidated Results for the quarter ended on 30-SEP-2012 as follows: Net Sales of Rs. 1457254 lacs for the quarter ending on 30-SEP-2012 against Rs. 1650059 lacs and Rs. 1314808 lacs for the quarters ending on 30-JUN-2012 and 30-SEP-2011 respectively. Net Profit / (Loss) of Rs. 307808 lacs for the quarter ending on 30-SEP-2012 against Rs. 446926 lacs and Rs. 259311 lacs for the quarters ending on 30-JUN-2012 and 30-SEP-2011 respectively.,,,"Results Update, Quarter ended, 30-SEP-2012 (Consolidated)",-,09112012165500,-,-,False,,,,Mining,INE522F01014,Coal India Limited,2012-11-09 16:55:00,COALINDIA
09-Nov-2012 16:46:02,,https://nsearchives.nseindia.com/corporate/COALINDIA_30SEP2012_B_Q2.zip,"Coal India Limited has submitted to the Exchange the Standalone and Consolidated Financial Results for the period ended September 30,2012.",,,Financial Result Updates,-,09112012164602,-,-,False,,,13048,Mining,INE522F01014,Coal India Limited,2012-11-09 16:46:02,COALINDIA
01-Nov-2012 12:43:00,,-,"Coal India Limited has informed the Exchange that Shri Abhijit Chatterjee has assumed the charge of Director (Finance), CIL w.e.f. November 01, 2012 (forenoon) in pursuance of office order dated July 23, 2012 from Director, Govt. of India, Ministry of Coal and Office order dated 01/02 August' 2012 of Coal India Limited vice Shri A. K. Sinha who was superannuated from the services of the Company w.e.f. October 31, 2012 (A/F).",,,Change in Director(s),-,01112012124300,-,-,False,,,,Mining,INE522F01014,Coal India Limited,2012-11-01 12:43:00,COALINDIA
18-Sep-2012 16:35:00,,https://nsearchives.nseindia.com/corporate/CoalInd_pagm_18092012.zip,"Coal India Limited has submitted to the Exchange a copy of the Proceedings of the Annual General Meeting of the Company held on September 18, 2012 along with a copy of Chairman's Speech.",,,Proceedings of Annual General Meeting,-,18092012163500,-,-,False,,,,Mining,INE522F01014,Coal India Limited,2012-09-18 16:35:00,COALINDIA
23-Aug-2012 11:17:00,,-,"Coal India Limited has informed the Exchange that the Registrar of Members and Share Transfer Books of the company will remain closed from September 10, 2012 to September 14, 2012 (both days inclusive) for the purpose of ascertaining the shareholders who will be entitled to receive Final Dividend at the Annual General Meeting to be held on September 18, 2012. Further the Payment Date is on and from September 28, 2012 for making final dividend, if the recommendation of the board is approved in the Annual General Meeting.",,,AGM / Book Closure,-,23082012111700,-,-,False,,,,Mining,INE522F01014,Coal India Limited,2012-08-23 11:17:00,COALINDIA
13-Aug-2012 17:01:20,,https://nsearchives.nseindia.com/corporate/COALINDIA_30JUN2012_B_Q1.zip,"Coal India Limited has submitted to the Exchange the Standalone and Consolidated Financial Results along with the Limited Review Report for the period ended June 30,2012.",,,Financial Result Updates,-,13082012170120,-,-,False,,,11438,Mining,INE522F01014,Coal India Limited,2012-08-13 17:01:20,COALINDIA
20-Jun-2012 16:07:00,,-,"Coal India Limited has informed the Exchange that Shri Bipin Kumar Saxena has assumed the charge of Director (Marketing) of Coal India Limited w.e.f. June 19, 2012 (forenoon) in pursuance of letter dated June 18, 2012 from Director, Ministry of Coal, Govt. Of India, New Delhi and Office order dated June 19, 2012 issued by Chief Manager (Pers.) EE of Coal India Limited.",,,Updates,-,20062012160700,-,-,False,,,,Mining,INE522F01014,Coal India Limited,2012-06-20 16:07:00,COALINDIA
29-May-2012 09:56:51,,https://nsearchives.nseindia.com/corporate/COALINDIA_31MAR2012_C_Q4A.zip,"Coal India Limited has submitted to the Exchange the Consolidated Financial Results for the period ended March 31,2012.",,,Financial Result Updates,-,29052012095651,-,-,False,,,9906,Mining,INE522F01014,Coal India Limited,2012-05-29 09:56:51,COALINDIA
18-May-2012 19:24:00,,-,"Coal India Limited has informed the Exchange that the Board of Directors of the Company in its meeting held on May 18, 2012 have recommended final divided @ Rs. 0.50 per share, subject to the approval of the shareholders in the ensuing Annual General Meeting of the face value of Rs. 10/- per share of the Company for the financial year 2011-12.",,,Dividend,-,18052012192400,-,-,False,,,,Mining,INE522F01014,Coal India Limited,2012-05-18 19:24:00,COALINDIA
18-May-2012 18:32:00,,-,Coal India Limited has informed the Exchange regarding the standalone Results for the quarter ended on 31-MAR-2012 as follows: Net Sales of Rs. 15462 lacs for quarter ending on 31-MAR-2012. Net Profit / (Loss) of Rs. 122352 lacs for the quarter ending on 31-MAR-2012.,,,"Results Update, Quarter ended, 31-MAR-2012 (Standalone)",-,18052012183200,-,-,False,,,,Mining,INE522F01014,Coal India Limited,2012-05-18 18:32:00,COALINDIA
18-May-2012 18:24:43,,https://nsearchives.nseindia.com/corporate/COALINDIA_31MAR2012_S_Q4A.zip,"Coal India Limited has submitted to the Exchange the Standalone Financial Results for the period ended March 31,2012.",,,Financial Result Updates,-,18052012182443,-,-,False,,,9562,Mining,INE522F01014,Coal India Limited,2012-05-18 18:24:43,COALINDIA
24-Apr-2012 16:20:00,,-,"Coal India Limited has informed the Exchange that Shri. S Narsing Rao, has assumed the charge of Chairman-cum-Managing Director of the Company w.e.f. April 24, 2012 (forenoon) in pursuance of letter dated April 04, 2012 from Director, Govt. of India, Ministry of Coal and Office order dated April 04, 2012 issued by GM (Pers.) of the Company.",,,Updates,-,24042012162000,-,-,False,,,,Mining,INE522F01014,Coal India Limited,2012-04-24 16:20:00,COALINDIA
17-Apr-2012 08:35:00,,-,"Coal India Limited has informed the Exchange that the Company will submit the audited financial results for the entire financial year 2011-12 within sixty days from the end of the financial year i.e. March 31, 2012.",,,Publish Audited Results,-,17042012083500,-,-,False,,,,Mining,INE522F01014,Coal India Limited,2012-04-17 08:35:00,COALINDIA
12-Mar-2012 15:47:00,,-,"Coal India Limited has informed the Exchange that the Board of Directors of CIL in its meeting held on March 12, 2012 have approved payment of Interim Dividend for the financial year 2011-12 @ Rs.9.50/- per share of the face value of Rs.10/- as recommended by the Audit Committee of CIL. The date of payment of Interim Dividend 'is on and from March 22, 2012'.",,,Interim Dividend,-,12032012154700,-,-,False,,,,Mining,INE522F01014,Coal India Limited,2012-03-12 15:47:00,COALINDIA
24-Feb-2012 12:05:00,,-,"Coal India Limited has informed the Exchange that the Company has fixed March 17, 2012 as the 'Record Date' for the purpose of payment of Interim Dividend on Equity Shares for the Financial Year 2011-12, if declared by the Board.",,,Record Date,-,24022012120500,-,-,False,,,,Mining,INE522F01014,Coal India Limited,2012-02-24 12:05:00,COALINDIA
20-Feb-2012 16:10:00,,https://nsearchives.nseindia.com/corporate/COALINDIA_update_20022012.zip,"Coal India Limited has informed the Exchange that A Memorandum of Agreement was signed on January 31, 2012 at New Delhi between representatives of Coal India Management and its subsidiaries and representatives of Central Trade Unions viz. INTUC, AITUC, HMS and CITU as National Coal wage Agreement - IX a period of 5 ( five ) years w.e.f. July 01, 2011.",,,Updates,-,20022012161000,-,-,False,,,,Mining,INE522F01014,Coal India Limited,2012-02-20 16:10:00,COALINDIA
13-Feb-2012 15:27:00,,-,Coal India Limited has informed the Exchange regarding the consolidated Results for the quarter ended on 31-DEC-2011 as follows: Net Sales of Rs. 1534928 lacs for quarter ending on 31-DEC-2011 against Rs. 1314808 lacs for the quarter ending on 30-SEP-2011. Net Profit / (Loss) of Rs. 403776 lacs for the quarter ending on 31-DEC-2011 against Rs. 259311 lacs for the quarter ending on 30-SEP-2011.,,,"Results Update, Quarter ended, 31-DEC-2011 (Consolidated)",-,13022012152700,-,-,False,,,,Mining,INE522F01014,Coal India Limited,2012-02-13 15:27:00,COALINDIA
13-Feb-2012 15:25:00,,-,Coal India Limited has informed the Exchange regarding the standalone Results for the quarter ended on 31-DEC-2011 as follows: Net Sales of Rs. 7130 lacs for quarter ending on 31-DEC-2011 against Rs. 6687 lacs for the quarter ending on 30-SEP-2011. Net Profit / (Loss) of Rs. 121933 lacs for the quarter ending on 31-DEC-2011 against Rs. 108066 lacs for the quarter ending on 30-SEP-2011.,,,"Results Update, Quarter ended, 31-DEC-2011 (Standalone)",-,13022012152500,-,-,False,,,,Mining,INE522F01014,Coal India Limited,2012-02-13 15:25:00,COALINDIA
13-Feb-2012 15:24:29,,https://nsearchives.nseindia.com/corporate/COALINDIA_31DEC2011_B_Q3.zip,"Coal India Limited has submitted to the Exchange the Standalone and Consolidated Financial Results along with Limited Review Report for the period ended December 31,2011.",,,Financial Result Updates,-,13022012152429,-,-,False,,,8314,Mining,INE522F01014,Coal India Limited,2012-02-13 15:24:29,COALINDIA
01-Feb-2012 17:32:00,,-,"Coal India Limited has informed the Exchange that Ms. Zohra Chatterji has assumed the charge of Chairman-cum-Managing Director of Coal India Limited w.e.f. February 01, 2012 (forenoon) in pursuance of office order No. 21/5/2006-ASO dated January 31, 2012 of Ministry of Coal and Office order No. CIL/C5A(ii)/ZC/CMD/CIL/337 dated January 31, 2012 of Coal India Limited. Shri N. Kumar has assumed the charge of Director (Technical), CIL w.e.f February 01, 2012 (forenoon) in pursuance of office order No.21/5/2006-ASO dated October 27, 2011 of Ministry of Coal and Office order No. CIL/C5A (ii)/N. Kumar/D(T)/ECL/841 dated November 29, 2011 of Coal India Limited.",,,Updates,-,01022012173200,-,-,False,,,,Mining,INE522F01014,Coal India Limited,2012-02-01 17:32:00,COALINDIA
02-Jan-2012 08:08:00,,-,"Coal India Limited has informed the Exchange that the Board of Directors of the Company in its meeting held on December 30, 2011, has approved switching over of non-coking coal pricing from Useful Heat Value (UHV) based grading system to Gross Caloric Value (GCV) based classification w.e.f. January 01, 2012. It is difficult to assess the exact impact as it will be based on the Calorie Value.",,,Outcome of Board Meeting,-,02012012080800,-,-,False,,,,Mining,INE522F01014,Coal India Limited,2012-01-02 08:08:00,COALINDIA
16-Dec-2011 14:28:00,,-,"Coal India Limited has informed the Exchange that the Board of Directors of the Company at its meeting held on December 14, 2011, have approved appointment of Shri M. Viswanathan, who possesses the requisite qualification prescribed in the Companies (Appointment and Qualification of Secretary) Rules, 1988 as Company Secretary of Coal India Limited with immediate effect. Board has also approved to appoint him as Compliance Officer of the Company.",,,Appointment of Company Secretary,-,16122011142800,-,-,False,,,,Mining,INE522F01014,Coal India Limited,2011-12-16 14:28:00,COALINDIA
01-Dec-2011 12:57:00,,-,"Coal India Limited has informed the Exchange that:""In terms of Ministry of Coal order No-21/5/2006-ASO dated 30th November 2011 and office Order No-CIL/C-5A (iv)/NCJ/D (T)/CIL/678 dated 30th November 2011 of GM (Personnel), CIL Shri N C Jha, Director (Technical), CIL has assumed the additional charge of CMD, CIL w.e.f 1st December 2011 for a period of two months or till a regular appointment is made or until further orders whichever is earlier""",,,Updates,-,01122011125700,-,-,False,,,,Mining,INE522F01014,Coal India Limited,2011-12-01 12:57:00,COALINDIA
28-Nov-2011 12:58:00,,-,"Coal India Limited has informed the Exchange that the auditors have conducted the limited review for the un-audited financial results for the quarter ended September 30,2011. A copy of the same shall be available on the NSE website (http://www.nseindia.com) under: Corporates > Latest Announcements and on the Extranet Server (/Common/Corporate Announcements).<a href=/content/corporate/COALINDIA_LR_28112011.zip target=NEW> For more details click here.</a>",,,Limited Review Report,-,28112011125800,-,-,False,,,,Mining,INE522F01014,Coal India Limited,2011-11-28 12:58:00,COALINDIA
12-Nov-2011 18:35:00,,-,Coal India Limited has informed the Exchange regarding the consolidated Results for the quarter ended on 30-SEP-2011 as follows: Net Sales of Rs. 1314808 lacs for quarter ending on 30-SEP-2011 against Rs. 1449908 lacs for the quarter ending on 30-JUN-2011. Net Profit / (Loss) of Rs. 259311 lacs for the quarter ending on 30-SEP-2011 against Rs. 414392 lacs for the quarter ending on 30-JUN-2011.,,,"Results Update, Quarter ended, 30-SEP-2011 (Consolidated)",-,12112011183500,-,-,False,,,,Mining,INE522F01014,Coal India Limited,2011-11-12 18:35:00,COALINDIA
12-Nov-2011 18:31:00,,-,Coal India Limited has informed the Exchange regarding the standalone Results for the quarter ended on 30-SEP-2011 as follows: Net Sales of Rs. 6687 lacs for quarter ending on 30-SEP-2011 against Rs. 12307 lacs for the quarter ending on 30-JUN-2011. Net Profit / (Loss) of Rs. 108066 lacs for the quarter ending on 30-SEP-2011 against Rs. 454159 lacs for the quarter ending on 30-JUN-2011.,,,"Results Update, Quarter ended, 30-SEP-2011 (Standalone)",-,12112011183100,-,-,False,,,,Mining,INE522F01014,Coal India Limited,2011-11-12 18:31:00,COALINDIA
12-Nov-2011 18:25:45,,https://nsearchives.nseindia.com/corporate/COALINDIA_30SEP2011_B_Q2H.zip,"Coal India Limited has submitted to the Exchange the Standalone and Consolidated Financial Results for the period ended September 30,2011.",,,Financial Result Updates,-,12112011182545,-,-,False,,,6852,Mining,INE522F01014,Coal India Limited,2011-11-12 18:25:45,COALINDIA
14-Oct-2011 19:27:00,,-,"Coal India Limited has informed the Exchange that Ministry of Coal vide letter dated September 29, 2011 conveyed approval of President of India to the appointment of Smt. Zohra Chatterji, Additional Secretary, Ministry of Coal as Part-time Official Director of the Company with immediate effect vice Shri A.K. Bhalla.",,,Change in Director(s),-,14102011192700,-,-,False,,,,Mining,INE522F01014,Coal India Limited,2011-10-14 19:27:00,COALINDIA
21-Sep-2011 11:20:00,,https://nsearchives.nseindia.com/corporate/COAL_OAGM_21092011.zip,"Coal India Limited has submitted to the Exchange a copy of the Annual General Meeting of the Company held on September 20, 2011 along with a copy of Chairman's Speech.",,,Proceedings of Annual General Meeting,-,21092011112000,-,-,False,,,,Mining,INE522F01014,Coal India Limited,2011-09-21 11:20:00,COALINDIA
15-Sep-2011 09:51:00,,https://nsearchives.nseindia.com/corporate/CoalIndia_director_15092011.zip,"Coal India Limited has informed the Exchange that Shri Ramji Lal Chaudhury, vide his letter dated July 12, 2011 signified his intention to become Director in Coal India Limited under Section - 257 of the Companies Act, 1956. Further, the Company has published his candidature in the Newspapers on September 10, 2011 for the information of Shareholders.",,,Updates,-,15092011095100,-,-,False,,,,Mining,INE522F01014,Coal India Limited,2011-09-15 09:51:00,COALINDIA
09-Sep-2011 16:09:00,,-,"Coal India Limited has informed the Exchange that Shri Alok Perti, the then Special Secretary, Government of India, Ministry of Coal and one of the Directors of CIL Board on assuming the charge of Secretary, Ministry of Coal, Government of India, from September 01, 2011 has relinquished the directorship of CIL Board. Ministry of Coal vide Order No.21/3/2011-ASO dated September 06,2011 has appointed Shri A. K. Bhalla, Joint Secretary, Ministry of Coal, as part-time Director in CIL Board in his place.",,,Change in Director(s),-,09092011160900,-,-,False,,,,Mining,INE522F01014,Coal India Limited,2011-09-09 16:09:00,COALINDIA
02-Sep-2011 11:23:00,,-,"Coal India Limited has informed the Exchange that Ministry of Coal order No. 21/5/2006-ASO dated August 30, 2011 Shri N C Jha, Director (Technical), CIL has assumed the additional charge of CMD, CIL w.e.f. September 01, 2011 for a period of three months or till a regular appointment is made or until further orders, whichever is earlier.",,,Updates,-,02092011112300,-,-,False,,,,Mining,INE522F01014,Coal India Limited,2011-09-02 11:23:00,COALINDIA
12-Aug-2011 17:57:36,,https://nsearchives.nseindia.com/corporate/COALINDIA_30JUN2011_B_Q1.zip,"Coal India Limited has submitted to the Exchange the Standalone and Consolidated Financial Results for the period ended June 30,2011.",,,Financial Result Updates,-,12082011175736,-,-,False,,,5443,Mining,INE522F01014,Coal India Limited,2011-08-12 17:57:36,COALINDIA
29-Jun-2011 17:08:00,,-,"Coal India Limited has informed the Exchange that the Registrar of Members and Share Transfer Books of the company will be closed from September 12, 2011 to September 16, 2011 (both days inclusive) for the purpose of ensuing Annual General Meeting to be held on September 20, 2011 as well as for payment of Final Dividend, if approved at the Annual General Meeting of the Company.",,,AGM / Book Closure,-,29062011170800,-,-,False,,,,Mining,INE522F01014,Coal India Limited,2011-06-29 17:08:00,COALINDIA
01-Jun-2011 15:52:00,,-,"Coal India Limited has informed the Exchange that Ministry of Coal vide office order no. 21/5/2006-ASO dated May 31, 2011 has conveyed the approval of the Competent Authority for entrusting the additional charge of the post of CMD, Coal India Limited to Shri N.C.Jha, Director (Technical), Coal India Limited for a period of three months from June 01, 2011 or till a regular appointment is made or until further orders, which is earlier.",,,Updates,-,01062011155200,-,-,False,,,,Mining,INE522F01014,Coal India Limited,2011-06-01 15:52:00,COALINDIA
25-May-2011 18:26:24,,https://nsearchives.nseindia.com/corporate/COALINDIA_31MAR2011_C_AN.zip,"Coal India Limited has submitted to the Exchange the Consolidated Financial Results for the period ended March 31,2011.",,,Financial Result Updates,-,25052011182624,-,-,False,,,3700,Mining,INE522F01014,Coal India Limited,2011-05-25 18:26:24,COALINDIA
12-May-2011 19:42:00,,-,"Coal India Limited has informed the Exchange that the Board of Directors at its meeting held on May 12, 2011 have recommended final divided @ Rs. 0.40 per share for 2010-11, subject to the approval of the share holders in the ensuing Annual General Meeting. This is over and above the interim dividend for 2010-11 paid @ Rs. 3.50 per share.",,,Dividend,-,12052011194200,-,-,False,,,,Mining,INE522F01014,Coal India Limited,2011-05-12 19:42:00,COALINDIA
12-May-2011 19:10:59,,https://nsearchives.nseindia.com/corporate/COALINDIA_31MAR2011_S_AN.zip,"Coal India Limited has submitted to the Exchange the Standalone Financial Results for the period ended March 31,2011.",,,Financial Result Updates,-,12052011191059,-,-,False,,,3318,Mining,INE522F01014,Coal India Limited,2011-05-12 19:10:59,COALINDIA
04-May-2011 10:14:00,,-,"Coal India Limited has informed the Exchange that Dr. Ashok Kumar Sarkar, Director (Marketing), Coal India Limited on attaining the age of superannuation relinquished the charge of the office of Director (Marketing), Coal India Limited with effect April 30, 2011.",,,Resignation of Director,-,04052011101400,-,-,False,,,,Mining,INE522F01014,Coal India Limited,2011-05-04 10:14:00,COALINDIA
12-Apr-2011 17:10:00,,-,"Coal India Limited has informed the Exchange that Coal India Limited has been conferred the 'MAHARATNA STATUS"" by Government of India on April 11, 2011.",,,Updates,-,12042011171000,-,-,False,,,,Mining,INE522F01014,Coal India Limited,2011-04-12 17:10:00,COALINDIA
07-Mar-2011 10:13:00,,-,"Coal India Limited has informed the Exchange that the Company will submit the audited financial results for the entire financial year 2010-11 within sixty days from the end of the financial year i.e. March 31, 2011.",,,Publish Audited Results,-,07032011101300,-,-,False,,,,Mining,INE522F01014,Coal India Limited,2011-03-07 10:13:00,COALINDIA
01-Mar-2011 11:07:00,,-,"Coal India Limited has informed the Exchange that Shri Partha S. Bhattacharyya on attaining the age of superannuation relinquished the charge or the office of Chairman-Cum-Managing Director of the Company with effect from February 28, 2011 (A.N). In terms of Ministry of Coal order dated February 28, 2011 and CIL order dated February 28, 2011, Sri. N. C. Jha, Director (Technical), Coal India Ltd. has assumed the additional charge of Chairman-Cum-Managing Director of Coal India Ltd. with effect from March 01, 2011 (FN) for a period of 3 months or till a regular appointment is made or until further orders, whichever is earlier.  ",,,Change in  Managing Director,-,01032011110700,-,-,False,,,,Mining,INE522F01014,Coal India Limited,2011-03-01 11:07:00,COALINDIA
28-Feb-2011 09:39:00,,-,"Coal India Limited has informed the Exchange that the Board in its meeting held on February 25, 2011 approved Revision of the Coal prices to be effective from 00 hours of February 27, 2011. Due to the revision of Coal Prices, CIL would generate an approximate additional revenue of Rs.650 crore in 2010-11 and Rs. 6200 Crore in 2011-12.",,,Updates,-,28022011093900,-,-,False,,,,Mining,INE522F01014,Coal India Limited,2011-02-28 09:39:00,COALINDIA
14-Feb-2011 18:00:00,,-,"Coal India Limited has informed the Exchange that the date of payment of Interim Dividend is on from February 25, 2011.",,,Date of payment of dividend,-,14022011180000,-,-,False,,,,Mining,INE522F01014,Coal India Limited,2011-02-14 18:00:00,COALINDIA
14-Feb-2011 17:59:00,,-,"Coal India Limited has informed the Exchange that the Board of Directors of CIL in its meeting held on February 14, 2011 have approved Declaration of Interim Dividend @ Rs.3.50 per share of the face value of Rs.10/- per share of the Company for the Financial Year 2010-11.",,,Interim Dividend,-,14022011175900,-,-,False,,,,Mining,INE522F01014,Coal India Limited,2011-02-14 17:59:00,COALINDIA
14-Feb-2011 17:38:10,,https://nsearchives.nseindia.com/corporate/COALINDIA_31DEC2010_B_Q3.zip,"Coal India Limited has submitted to the Exchange the Standalone and Consolidated Financial Results for the period ended December 31,2010.",,,Financial Result Updates,-,14022011173810,-,-,False,,,2612,Mining,INE522F01014,Coal India Limited,2011-02-14 17:38:10,COALINDIA
09-Feb-2011 17:34:00,,-,"Coal India Limited has informed the Exchange that Ministry of Coal vide letter no.21/3/2011-ASO dated January 20, 2011 intimated appointment of Ms. Anjali Anand Srivastava, Joint Secretary & Financial Advisor, New Delhi as a part time Director of CIL vice Shri Sanjiv Kumar Mittal.",,,Appointment of Director,-,09022011173400,-,-,False,,,,Mining,INE522F01014,Coal India Limited,2011-02-09 17:34:00,COALINDIA
02-Feb-2011 12:18:00,,-,"Coal India Limited has informed the Exchange that the Company has fixed February 21, 2011 as the 'Record Date' for the purpose of payment of Interim Dividend on Equity Shares for the Financial Year 2010-11, if declared by the Board.",,,Record Date,-,02022011121800,-,-,False,,,,Mining,INE522F01014,Coal India Limited,2011-02-02 12:18:00,COALINDIA
04-Jan-2011 17:20:00,,-,"Coal India Limited has informed the Exchange that Shri. Sanjeev Kumar Mittal, Joint Secretary & Financial Advisor, Ministry of Coal, who was in the Coal India Board as a nominee of Ministry of Coal from September 10, 2007 has relieved from his duties from the Ministry of Coal w.e.f. December 31, 2010 afternoon vide Letter No. 12/12/2004-ASO dated December 28, 2010, thereby he ceased to be a Director in CIL Board.",,,Cessation of Directorship,-,04012011172000,-,-,False,,,,Mining,INE522F01014,Coal India Limited,2011-01-04 17:20:00,COALINDIA
07-Dec-2010 17:43:00,,-,"Coal India Limited has informed the Exchange that the Company has appointed Link Intime India Private Limited, Mumbai as Share Transfer Agent from November 04, 2010 to July 31, 2011 and entered into an Agreement with them.",,,Registrar & Share Transfer Agent,-,07122010174300,-,-,False,,,,Mining,INE522F01014,Coal India Limited,2010-12-07 17:43:00,COALINDIA
23-Nov-2010 11:30:00,,https://nsearchives.nseindia.com/corporate/Coalindia_Results_23112010.zip,"Coal India Limited has informed the Exchange regarding 'Half yearly Financial Statements of Coal India Limited for the period ended September 30, 2010.'",,,Updates,-,23112010113000,-,-,False,,,,Mining,INE522F01014,Coal India Limited,2010-11-23 11:30:00,COALINDIA
