an_dt,attFileSize,attchmntFile,attchmntText,bflag,csvName,desc,difference,dt,exchdisstime,fileSize,hasXbrl,old_new,orgid,seq_id,smIndustry,sm_isin,sm_name,sort_date,symbol
25-Aug-2026 18:32:44,202.22 KB,https://nsearchives.nseindia.com/corporate/EICHERMOT_25082026183229_EMLIntimationofscheduleofinvestormeetSigned__1_.pdf,Eicher Motors Limited has informed the Exchange about Schedule of meet,,,Analysts/Institutional Investor Meet/Con. Call Updates,00:00:01,25082026183244,25-Aug-2026 18:32:45,202.22 KB,True,,,106756153,Automobiles - 4 Wheelers,INE066A01013,Eicher Motors Limited,2026-08-25 18:32:44,EICHERMOT
20-Aug-2026 23:46:41,198.50 KB,https://nsearchives.nseindia.com/corporate/EICHERMOT_20082026234634_AppointmentofDirectors44thAGM20082026Signed.pdf,Eicher Motors Limited has informed the Exchange about Appointment/Re-appointment of Director at 44th AGM,,,General Updates,00:00:00,20082026234641,20-Aug-2026 23:46:41,198.50 KB,True,,,106751822,Automobiles - 4 Wheelers,INE066A01013,Eicher Motors Limited,2026-08-20 23:46:41,EICHERMOT
20-Aug-2026 23:40:44,1.91 MB,https://nsearchives.nseindia.com/corporate/EICHERMOT_20082026233904_EML44thAGMvotingresultsforfilingBSESigned.pdf,"Eicher Motors Limited has submitted the Exchange a copy Srutinizers report of  Annual General Meeting held on August 20, 2026. Further, the company has informed the Exchange regarding voting results.",,,Shareholders meeting,00:00:01,20082026234044,20-Aug-2026 23:40:45,1.91 MB,True,,,106751818,Automobiles - 4 Wheelers,INE066A01013,Eicher Motors Limited,2026-08-20 23:40:44,EICHERMOT
20-Aug-2026 19:35:09,218.92 KB,https://nsearchives.nseindia.com/corporate/EICHERMOT_20082026193447_EMLProceedingsofthe44thAnnualGeneralMeetingSigned.pdf,"Eicher Motors Limited has informed the Exchange regarding Proceedings of undefined held on August 20, 2026",,,Shareholders meeting,00:00:01,20082026193509,20-Aug-2026 19:35:10,218.92 KB,True,,,106751514,Automobiles - 4 Wheelers,INE066A01013,Eicher Motors Limited,2026-08-20 19:35:09,EICHERMOT
19-Aug-2026 15:53:40,4.17 MB,https://nsearchives.nseindia.com/corporate/rahulrathore_royalenfield_com_19082026155014_NewspaperPublicationAugust192026.pdf,Eicher Motors Limited has informed the Exchange about Newspaper advertisement- special window for transfer of physical securities,,,General Updates,00:00:01,19082026155340,19-Aug-2026 15:53:41,4.17 MB,True,,,106749661,Automobiles - 4 Wheelers,INE066A01013,Eicher Motors Limited,2026-08-19 15:53:40,EICHERMOT
18-Aug-2026 15:50:19,345.94 KB,https://nsearchives.nseindia.com/corporate/rahulrathore_royalenfield_com_18082026155010_PressReleaseGorkhaSigned.pdf,"Eicher Motors Limited has informed the Exchange regarding a press release dated August 18, 2026, titled ""A Tribute to a Time-Honoured tradition of Valour: The Royal Enfield Classic 350 Gorkha Edition"".",,,Press Release,00:00:01,18082026155019,18-Aug-2026 15:50:20,345.94 KB,True,,,106748322,Automobiles - 4 Wheelers,INE066A01013,Eicher Motors Limited,2026-08-18 15:50:19,EICHERMOT
14-Aug-2026 16:20:05,541.11 KB,https://nsearchives.nseindia.com/corporate/rahulrathore_royalenfield_com_14082026161948_Press_release_EML_Updates_to_Continental_GT_650.pdf,"Eicher Motors Limited has informed the Exchange regarding a press release dated August 14, 2026, titled Royal Enfield brings new updates to the iconic Continental GT 650",,,Press Release,00:00:02,14082026162005,14-Aug-2026 16:20:07,541.11 KB,True,,,106744416,Automobiles - 4 Wheelers,INE066A01013,Eicher Motors Limited,2026-08-14 16:20:05,EICHERMOT
04-Aug-2026 14:40:02,3.87 MB,https://nsearchives.nseindia.com/corporate/rahulrathore_royalenfield_com_04082026143907_TranscriptofConferencecalljuly292026.pdf,Eicher Motors Limited has informed the Exchange about Transcript,,,Analysts/Institutional Investor Meet/Con. Call Updates,00:00:01,04082026144002,04-Aug-2026 14:40:03,3.87 MB,True,,,106723840,Automobiles - 4 Wheelers,INE066A01013,Eicher Motors Limited,2026-08-04 14:40:02,EICHERMOT
01-Aug-2026 13:58:49,1.51 MB,https://nsearchives.nseindia.com/corporate/EICHERMOT_01082026135838_EMLMonthlyBusinessUpdate1stAugust2026Signed.pdf,Eicher Motors Limited has informed the Exchange regarding Monthly Business Updates for the month of July 2026,,,Monthly Business Updates,00:00:01,01082026135849,01-Aug-2026 13:58:50,1.51 MB,True,,,106720672,Automobiles - 4 Wheelers,INE066A01013,Eicher Motors Limited,2026-08-01 13:58:49,EICHERMOT
01-Aug-2026 11:21:26,289.80 KB,https://nsearchives.nseindia.com/corporate/Navneetnse_01082026112025_VECVJul26salesUpdate1stAug26UpdatedSigned.pdf,"Eicher Motors Limited has informed the Exchange regarding Monthly Business Updates for the month of July 2026 of VE Commercial Vehicles Limited, an unlisted material subsidiary of Eicher MOtors Limited",,,Monthly Business Updates,00:00:01,01082026112126,01-Aug-2026 11:21:27,289.80 KB,True,,,106720515,Automobiles - 4 Wheelers,INE066A01013,Eicher Motors Limited,2026-08-01 11:21:26,EICHERMOT
29-Jul-2026 23:09:38,199.37 KB,https://nsearchives.nseindia.com/corporate/EICHERMOT_29072026230929_EMLAudiorecordingofConferencecallJuly292026Signed.pdf,Eicher Motors Limited has informed the Exchange about Link of Recording,,,Analysts/Institutional Investor Meet/Con. Call Updates,00:00:01,29072026230938,29-Jul-2026 23:09:39,199.37 KB,True,,,106716472,Automobiles - 4 Wheelers,INE066A01013,Eicher Motors Limited,2026-07-29 23:09:38,EICHERMOT
29-Jul-2026 19:34:20,198.79 KB,https://nsearchives.nseindia.com/corporate/EICHERMOT_29072026193353_EMLAppointmentofcostauditorJuly292026Signed.pdf,Eicher Motors Limited has informed the Exchange about Appointment of Cost Auditor of the Company,,,General Updates,00:00:00,29072026193420,29-Jul-2026 19:34:20,198.79 KB,True,,,106716059,Automobiles - 4 Wheelers,INE066A01013,Eicher Motors Limited,2026-07-29 19:34:20,EICHERMOT
29-Jul-2026 19:16:34,193.52 KB,https://nsearchives.nseindia.com/corporate/rahulrathore_royalenfield_com_29072026191517_Intimationopeningoftradingwindow.pdf,Eicher Motors Limited has informed the Exchange regarding 'Opening of Trading Window'.,,,Updates,00:00:01,29072026191634,29-Jul-2026 19:16:35,193.52 KB,True,,,106716009,Automobiles - 4 Wheelers,INE066A01013,Eicher Motors Limited,2026-07-29 19:16:34,EICHERMOT
29-Jul-2026 19:09:39,18.35 MB,https://nsearchives.nseindia.com/corporate/EICHERMOT_29072026190931_EMLInvestorPresentationJuly292026Signed.pdf,Eicher Motors Limited has informed the Exchange about Investor Presentation,,,Investor Presentation,00:00:01,29072026190939,29-Jul-2026 19:09:40,18.35 MB,True,,,106715989,Automobiles - 4 Wheelers,INE066A01013,Eicher Motors Limited,2026-07-29 19:09:39,EICHERMOT
29-Jul-2026 19:02:27,768.58 KB,https://nsearchives.nseindia.com/corporate/EICHERMOT_29072026190218_EML_Update_on_AP_GreenfieldStock_Exchange_Dislosure_29072026_Signed.pdf,Eicher Motors Limited has informed the Exchange about Capacity addition,,,Capacity addition,00:00:01,29072026190227,29-Jul-2026 19:02:28,768.58 KB,True,,,106715965,Automobiles - 4 Wheelers,INE066A01013,Eicher Motors Limited,2026-07-29 19:02:27,EICHERMOT
29-Jul-2026 18:47:13,301.66 KB,https://nsearchives.nseindia.com/corporate/EICHERMOT_29072026184705_EMLPressReleaseJuly292026Signed.pdf,"Eicher Motors Limited has informed the Exchange regarding a press release dated July 29, 2026, titled ""EICHER MOTORS DELIVERS OUTSTANDING Q1 FY  27 PERFORMANCE WITH 32% REVENUE GROWTH AND 21% PROFIT SURGE"".",,,Press Release,00:00:01,29072026184713,29-Jul-2026 18:47:14,301.66 KB,True,,,106715904,Automobiles - 4 Wheelers,INE066A01013,Eicher Motors Limited,2026-07-29 18:47:13,EICHERMOT
29-Jul-2026 18:29:49,731.86 KB,https://nsearchives.nseindia.com/corporate/EICHERMOT_29072026182700_EMLOutcomeofBoardMeetingJuly292026Signed.pdf,"Eicher Motors Limited has submitted to the Exchange, the financial results for the period ended Jun 30, 2026.",,,Outcome of Board Meeting,00:00:00,29072026182949,29-Jul-2026 18:29:49,731.86 KB,True,,,106715837,Automobiles - 4 Wheelers,INE066A01013,Eicher Motors Limited,2026-07-29 18:29:49,EICHERMOT
29-Jul-2026 17:49:31,200.60 KB,https://nsearchives.nseindia.com/corporate/EICHERMOT_29072026174923_EMLIntimationofAllotmentJuly292026Signed.pdf,"Eicher Motors Limited has informed the Exchange regarding allotment of 24176 securities pursuant to ESOP/ESPS at its meeting held on July 29, 2026",,,Allotment of Securities,00:00:00,29072026174931,29-Jul-2026 17:49:31,200.60 KB,True,,,106715664,Automobiles - 4 Wheelers,INE066A01013,Eicher Motors Limited,2026-07-29 17:49:31,EICHERMOT
26-Jul-2026 12:24:58,678.95 KB,https://nsearchives.nseindia.com/corporate/EICHERMOT_26072026122442_EMLNewspaperAdvertisement44thAGMPostSigned__1_.pdf,Eicher Motors Limited has informed the Exchange about Newspaper Advertisement-44th Annual General Meeting,,,Copy of Newspaper Publication,00:00:01,26072026122458,26-Jul-2026 12:24:59,678.95 KB,True,,,106711254,Automobiles - 4 Wheelers,INE066A01013,Eicher Motors Limited,2026-07-26 12:24:58,EICHERMOT
25-Jul-2026 15:44:50,15.10 MB,https://nsearchives.nseindia.com/corporate/EICHERMOT_25072026154348_EMLIntimationofAnnualreport2026Signed.pdf,"Eicher Motors Limited has informed the Exchange regarding Notice of Annual General Meeting to be held on August 20, 2026",,,Shareholders meeting,00:00:01,25072026154450,25-Jul-2026 15:44:51,15.10 MB,True,,,106711017,Automobiles - 4 Wheelers,INE066A01013,Eicher Motors Limited,2026-07-25 15:44:50,EICHERMOT
25-Jul-2026 15:32:09,619.08 KB,https://nsearchives.nseindia.com/corporate/EICHERMOT_25072026153155_EMLIntimationofAGMweblinklettertoshareholders2026Signed.pdf,Eicher Motors Limited has informed the Exchange regarding 'Letters to shareholders - Integrated Annual Report 2025-26'.,,,Updates,00:00:01,25072026153209,25-Jul-2026 15:32:10,619.08 KB,True,,,106711003,Automobiles - 4 Wheelers,INE066A01013,Eicher Motors Limited,2026-07-25 15:32:09,EICHERMOT
23-Jul-2026 12:32:14,535.49 KB,https://nsearchives.nseindia.com/corporate/EICHERMOT_23072026123156_EMLPriorIntimationofScheduleofInvestorMeetJuly292026Signed.pdf,Eicher Motors Limited has informed the Exchange about Schedule of meet,,,Analysts/Institutional Investor Meet/Con. Call Updates,00:00:01,23072026123214,23-Jul-2026 12:32:15,535.49 KB,True,,,106707767,Automobiles - 4 Wheelers,INE066A01013,Eicher Motors Limited,2026-07-23 12:32:14,EICHERMOT
14-Jul-2026 16:23:22,705.15 KB,https://nsearchives.nseindia.com/corporate/Girjesh_14072026162302_Regulation_74_5_30_06_26_signed.pdf,"Eicher Motors Limited has informed the Exchange about Certificate under SEBI (Depositories and Participants) Regulations, 2018",,,"Certificate under SEBI (Depositories and Participants) Regulations, 2018",00:00:01,14072026162322,14-Jul-2026 16:23:23,705.15 KB,True,,,106697174,Automobiles - 4 Wheelers,INE066A01013,Eicher Motors Limited,2026-07-14 16:23:22,EICHERMOT
10-Jul-2026 12:38:52,3.75 MB,https://nsearchives.nseindia.com/corporate/EICHERMOT_10072026123842_EMLPREAGMNEWSPAPER10072026Signed.pdf,Eicher Motors Limited has informed the Exchange about Copy of Newspaper Publication- 44th Annual General Meeting of the Company,,,Copy of Newspaper Publication,00:00:01,10072026123852,10-Jul-2026 12:38:53,3.75 MB,True,,,106693303,Automobiles - 4 Wheelers,INE066A01013,Eicher Motors Limited,2026-07-10 12:38:52,EICHERMOT
06-Jul-2026 18:28:07,198.34 KB,https://nsearchives.nseindia.com/corporate/EICHERMOT_06072026182720_EMLRecorddateIntimationJuly072026Signed.pdf,"Eicher Motors Limited has informed the Exchange that the 44th Annual General Meeting of the Company will be held on Thursday, August 20, 2026 at 4:30 p.m. IST, through Video Conferencing/Other Audio Visual means",,,General Updates,00:00:01,06072026182807,06-Jul-2026 18:28:08,198.34 KB,True,,,106687908,Automobiles - 4 Wheelers,INE066A01013,Eicher Motors Limited,2026-07-06 18:28:07,EICHERMOT
06-Jul-2026 18:18:00,198.34 KB,https://nsearchives.nseindia.com/corporate/EICHERMOT_06072026181723_EMLRecorddateIntimationJuly072026Signed.pdf,Eicher Motors Limited has informed the Exchange that Record date for the purpose of Dividend  is 31-Jul-2026.,,,Record Date,00:00:04,06072026181800,06-Jul-2026 18:18:04,198.34 KB,True,,,106687874,Automobiles - 4 Wheelers,INE066A01013,Eicher Motors Limited,2026-07-06 18:18:00,EICHERMOT
01-Jul-2026 14:58:28,1.49 MB,https://nsearchives.nseindia.com/corporate/EICHERMOT_01072026145754_EMLMonthlyBusinessUpdate1stJuly2026Signed.pdf,Eicher Motors Limited has informed the Exchange regarding Monthly Business Updates for the month of June 2026,,,Monthly Business Updates,00:00:02,01072026145828,01-Jul-2026 14:58:30,1.49 MB,True,,,106683230,Automobiles - 4 Wheelers,INE066A01013,Eicher Motors Limited,2026-07-01 14:58:28,EICHERMOT
01-Jul-2026 13:15:27,269.75 KB,https://nsearchives.nseindia.com/corporate/Navneetnse_01072026131208_VECVJun26salesUpdate1stJuly26UpdatedSigned.pdf,"Eicher Motors Limited has informed the Exchange regarding Monthly Business Updates for the month of June 2026 of VE Commercial Vehicles Limited, an unlisted material subsidiary of Eicher Motors Limited",,,Monthly Business Updates,00:00:01,01072026131527,01-Jul-2026 13:15:28,269.75 KB,True,,,106683125,Automobiles - 4 Wheelers,INE066A01013,Eicher Motors Limited,2026-07-01 13:15:27,EICHERMOT
23-Jun-2026 14:41:50,215.44 KB,https://nsearchives.nseindia.com/corporate/EICHERMOT_23062026144131_EML_Trading_Window_Closure_June_2026.pdf,"Eicher Motors Limited has informed the Exchange regarding the Trading Window closure pursuant to SEBI (Prohibition of Insider Trading) Regulations, 2015",,,Trading Window,00:00:01,23062026144150,23-Jun-2026 14:41:51,215.44 KB,True,,,106670823,Automobiles - 4 Wheelers,INE066A01013,Eicher Motors Limited,2026-06-23 14:41:50,EICHERMOT
19-Jun-2026 13:14:10,4.59 MB,https://nsearchives.nseindia.com/corporate/EICHERMOT_19062026131354_EMLSPECIALWINDOW19062026Signed.pdf,Eicher Motors Limited has informed the Exchange about Copy of Newspaper Publication,,,Copy of Newspaper Publication,00:00:01,19062026131410,19-Jun-2026 13:14:11,4.59 MB,True,,,106667776,Automobiles - 4 Wheelers,INE066A01013,Eicher Motors Limited,2026-06-19 13:14:10,EICHERMOT
18-Jun-2026 10:58:54,403.87 KB,https://nsearchives.nseindia.com/corporate/team_sandeshc_16062026114403_45.pdf,"Harish Chawla, Simran Lal, Tara Lal, Siddhartha Lal, The Simran Siddhartha Tara Benefit Trust, The Brinda Lal Trust, Karvansarai Investments Private Limited, Siddhartha Lal Trust, Tara Lal Trust, Raul Rai has Submitted to the Exchange a copy of Disclosure under Regulation 31(4) and 31 (5) of the Securities and Exchange Board of India (Substantial Acquisition of Shares and Takeovers) Regulations, 2011.",,,Disclosure under SEBI Takeover Regulations,00:00:00,18062026105854,18-Jun-2026 10:58:54,403.87 KB,True,,,106664245,Automobiles - 4 Wheelers,INE066A01013,Eicher Motors Limited,2026-06-18 10:58:54,EICHERMOT
08-Jun-2026 20:06:39,206.07 KB,https://nsearchives.nseindia.com/corporate/EICHERMOT_08062026200631_EMLIntimationofscheduleofinvestormeetSigned.pdf,Eicher Motors Limited has informed the Exchange about Schedule of meet,,,Analysts/Institutional Investor Meet/Con. Call Updates,00:00:02,08062026200639,08-Jun-2026 20:06:41,206.07 KB,True,,,106657859,Automobiles - 4 Wheelers,INE066A01013,Eicher Motors Limited,2026-06-08 20:06:39,EICHERMOT
06-Jun-2026 11:24:42,3.86 MB,https://nsearchives.nseindia.com/corporate/EICHERMOT_06062026112422_EMLNESWPAPERIEPF06062026Signed.pdf,Eicher Motors Limited has informed the Exchange about Copy of Newspaper Publication,,,Copy of Newspaper Publication,00:00:01,06062026112442,06-Jun-2026 11:24:43,3.86 MB,True,,,106656736,Automobiles - 4 Wheelers,INE066A01013,Eicher Motors Limited,2026-06-06 11:24:42,EICHERMOT
04-Jun-2026 17:11:47,202.87 KB,https://nsearchives.nseindia.com/corporate/rahulrathore_royalenfield_com_04062026171129_DemandOrderfromCustomsIntimationtostockexchanges03062026KolkataSigned.pdf,Eicher Motors Limited has informed the Exchange about Action(s) taken or orders passed,,,Action(s) taken or orders passed,00:00:01,04062026171147,04-Jun-2026 17:11:48,202.87 KB,True,,,106654980,Automobiles - 4 Wheelers,INE066A01013,Eicher Motors Limited,2026-06-04 17:11:47,EICHERMOT
01-Jun-2026 14:22:59,1.50 MB,https://nsearchives.nseindia.com/corporate/EICHERMOT_01062026142253_EMLMonthlyBusinessUpdate1stJune2026Signed.pdf,Eicher Motors Limited has informed the Exchange regarding Monthly Business Updates for the month of May 2026,,,Monthly Business Updates,00:00:01,01062026142259,01-Jun-2026 14:23:00,1.50 MB,True,,,106650962,Automobiles - 4 Wheelers,INE066A01013,Eicher Motors Limited,2026-06-01 14:22:59,EICHERMOT
01-Jun-2026 12:31:12,290.34 KB,https://nsearchives.nseindia.com/corporate/Navneetnse_01062026123044_VECVMay26salesUpdate1stJune26UpdatedSigned.pdf,"Eicher Motors Limited has informed the Exchange regarding Monthly Business Updates for the month of May 2026 of VE Commercial Vehicles Limited, an unlisted material subsidiary of Eicher Motors Limited.",,,Monthly Business Updates,00:00:01,01062026123112,01-Jun-2026 12:31:13,290.34 KB,True,,,106650810,Automobiles - 4 Wheelers,INE066A01013,Eicher Motors Limited,2026-06-01 12:31:12,EICHERMOT
29-May-2026 15:50:05,707.92 KB,https://nsearchives.nseindia.com/corporate/EICHERMOT_29052026154952_EMLGroupMeetingIntimation29062026Signed.pdf,Eicher Motors Limited has informed the Exchange about Schedule of meet,,,Analysts/Institutional Investor Meet/Con. Call Updates,00:00:02,29052026155005,29-May-2026 15:50:07,707.92 KB,True,,,106647106,Automobiles - 4 Wheelers,INE066A01013,Eicher Motors Limited,2026-05-29 15:50:05,EICHERMOT
28-May-2026 11:41:51,576.01 KB,https://nsearchives.nseindia.com/corporate/rahulrathore_royalenfield_com_28052026114117_PressreleaseBullet650.pdf,"Eicher Motors Limited has informed the Exchange regarding a press release dated May 28, 2026, titled ""OLD SCHOOL FOREVER: ROYAL ENFIELD  BULLET 650  LAUNCHED IN INDIA"".",,,Press Release,00:00:01,28052026114151,28-May-2026 11:41:52,576.01 KB,True,,,106644843,Automobiles - 4 Wheelers,INE066A01013,Eicher Motors Limited,2026-05-28 11:41:51,EICHERMOT
26-May-2026 19:21:52,507.84 KB,https://nsearchives.nseindia.com/corporate/rahulrathore_royalenfield_com_26052026192136_EMLTranscriptofConferencecallMay222026Signed.pdf,Eicher Motors Limited has informed the Exchange about Transcript,,,Analysts/Institutional Investor Meet/Con. Call Updates,00:00:01,26052026192152,26-May-2026 19:21:53,507.84 KB,True,,,106642055,Automobiles - 4 Wheelers,INE066A01013,Eicher Motors Limited,2026-05-26 19:21:52,EICHERMOT
22-May-2026 22:34:44,195.13 KB,https://nsearchives.nseindia.com/corporate/EICHERMOT_22052026223435_EMLAudiorecordingofConferencecallMay222026Signed.pdf,Eicher Motors Limited has informed the Exchange about Link of Recording,,,Analysts/Institutional Investor Meet/Con. Call Updates,00:00:01,22052026223444,22-May-2026 22:34:45,195.13 KB,True,,,106637262,Automobiles - 4 Wheelers,INE066A01013,Eicher Motors Limited,2026-05-22 22:34:44,EICHERMOT
22-May-2026 19:03:47,1.47 MB,https://nsearchives.nseindia.com/corporate/EICHERMOT_22052026190201_EMLOutcomeofBoardMeetingMay222026Signed.pdf,Eicher Motors Limited has informed the Exchange about General Updates,,,General Updates,00:00:00,22052026190347,22-May-2026 19:03:47,1.47 MB,True,,,106636834,Automobiles - 4 Wheelers,INE066A01013,Eicher Motors Limited,2026-05-22 19:03:47,EICHERMOT
22-May-2026 17:51:17,192.96 KB,https://nsearchives.nseindia.com/corporate/EICHERMOT_22052026175106_EMLIntimationopeningoftradingwindowMay222026Signed.pdf,Eicher Motors Limited has informed the Exchange about Opening of Trading Window of Eicher Motors Limited,,,General Updates,00:00:02,22052026175117,22-May-2026 17:51:19,192.96 KB,True,,,106636540,Automobiles - 4 Wheelers,INE066A01013,Eicher Motors Limited,2026-05-22 17:51:17,EICHERMOT
22-May-2026 17:46:22,50.73 MB,https://nsearchives.nseindia.com/corporate/EICHERMOT_22052026174600_EMLQ4FY202526InvestorPresentationSigned.pdf,Eicher Motors Limited has informed the Exchange about Investor Presentation,,,Investor Presentation,00:00:01,22052026174622,22-May-2026 17:46:23,50.73 MB,True,,,106636522,Automobiles - 4 Wheelers,INE066A01013,Eicher Motors Limited,2026-05-22 17:46:22,EICHERMOT
22-May-2026 17:20:29,309.28 KB,https://nsearchives.nseindia.com/corporate/EICHERMOT_22052026172005_EMLPressReleaseMay222026Signed.pdf,"Eicher Motors Limited has informed the Exchange regarding a press release dated May 22, 2026, titled ""EICHER MOTORS LTD. RECORDS HIGHEST-EVER Q4 AND FY 26 REVENUE, PAT AND EBITDA"".",,,Press Release,00:00:01,22052026172029,22-May-2026 17:20:30,309.28 KB,True,,,106636427,Automobiles - 4 Wheelers,INE066A01013,Eicher Motors Limited,2026-05-22 17:20:29,EICHERMOT
22-May-2026 17:11:55,200.99 KB,https://nsearchives.nseindia.com/corporate/rahulrathore_royalenfield_com_22052026171146_EMLIntimationofAllotmentMay222026Signed.pdf,"Eicher Motors Limited has informed the Exchange regarding allotment of 183326 securities pursuant to ESOP/ESPS at its meeting held on May 22, 2026",,,Allotment of Securities,00:00:01,22052026171155,22-May-2026 17:11:56,200.99 KB,True,,,106636396,Automobiles - 4 Wheelers,INE066A01013,Eicher Motors Limited,2026-05-22 17:11:55,EICHERMOT
22-May-2026 16:53:34,1.47 MB,https://nsearchives.nseindia.com/corporate/EICHERMOT_22052026165311_EMLOutcomeofBoardMeetingMay222026Signed.pdf,"Eicher Motors Limited has informed the Exchange that Board of Directors at its meeting held on May 22, 2026, recommended Final Dividend of Rs. 82 per equity share.",,,Dividend,00:00:01,22052026165334,22-May-2026 16:53:35,1.47 MB,True,,,106636320,Automobiles - 4 Wheelers,INE066A01013,Eicher Motors Limited,2026-05-22 16:53:34,EICHERMOT
22-May-2026 16:51:45,1.47 MB,https://nsearchives.nseindia.com/corporate/EICHERMOT_22052026164926_EMLOutcomeofBoardMeetingMay222026Signed.pdf,"Eicher Motors Limited has submitted to the Exchange, the financial results for the period ended March 31, 2026.",,,Outcome of Board Meeting,00:00:00,22052026165145,22-May-2026 16:51:45,1.47 MB,True,,,106636316,Automobiles - 4 Wheelers,INE066A01013,Eicher Motors Limited,2026-05-22 16:51:45,EICHERMOT
21-May-2026 18:37:21,847.61 KB,https://nsearchives.nseindia.com/corporate/EICHERMOT_21052026183506_SEBIDisclosureAppointmentofExecutiveViceChairman21052026Signed.pdf,"Eicher Motors Limited has informed the Exchange regarding Appointment of Mr. Vinod Kumar Aggarwal as Executive Director Vice-Chairman of the company w.e.f. May 21, 2026.",,,Appointment,00:00:01,21052026183721,21-May-2026 18:37:22,847.61 KB,True,,,106634361,Automobiles - 4 Wheelers,INE066A01013,Eicher Motors Limited,2026-05-21 18:37:21,EICHERMOT
21-May-2026 18:26:46,862.19 KB,https://nsearchives.nseindia.com/corporate/EICHERMOT_21052026182640_EMLAppointmentofSeniorManagementPersonnel21052026Signed.pdf,Eicher Motors Limited has informed the Exchange about Intimation of appointment of Senior Management Personnel,,,Change in Management,00:00:01,21052026182646,21-May-2026 18:26:47,862.19 KB,True,,,106634311,Automobiles - 4 Wheelers,INE066A01013,Eicher Motors Limited,2026-05-21 18:26:46,EICHERMOT
21-May-2026 18:20:39,197.34 KB,https://nsearchives.nseindia.com/corporate/EICHERMOT_21052026181931_EMLGrantofESOPRSUMay212026Signed.pdf,Eicher Motors Limited has informed the Exchange regarding Grant of 164365  Options.,,,ESOP/ESOS/ESPS,00:00:01,21052026182039,21-May-2026 18:20:40,197.34 KB,True,,,106634284,Automobiles - 4 Wheelers,INE066A01013,Eicher Motors Limited,2026-05-21 18:20:39,EICHERMOT
21-May-2026 17:46:57,242.27 KB,https://nsearchives.nseindia.com/corporate/EICHERMOT_21052026174457_EMLPressReleaseVEFSAnnouncementSigned.pdf,"Eicher Motors Limited has informed the Exchange regarding a press release dated May 21, 2026, titled ""Eicher Motors enters Financial Services business with Volvo Group"".",,,Press Release,00:00:01,21052026174657,21-May-2026 17:46:58,242.27 KB,True,,,106634141,Automobiles - 4 Wheelers,INE066A01013,Eicher Motors Limited,2026-05-21 17:46:57,EICHERMOT
21-May-2026 17:33:40,913.29 KB,https://nsearchives.nseindia.com/corporate/EICHERMOT_21052026173309_Reg_30_DisclosureJavaSigned21052026.pdf,Eicher Motors Limited has informed the Exchange about Acquisition - Investment in Volvo Financial Services (India) Private Limited,,,Acquisition,00:00:01,21052026173340,21-May-2026 17:33:41,913.29 KB,True,,,106634073,Automobiles - 4 Wheelers,INE066A01013,Eicher Motors Limited,2026-05-21 17:33:40,EICHERMOT
18-May-2026 22:06:13,251.75 KB,https://nsearchives.nseindia.com/corporate/rahulrathore_royalenfield_com_18052026220547_Acquisition_of_shares_-_VECV_in_VECS_S.pdf,Eicher Motors Limited has informed the Exchange about General Updates  VE Commercial Vehicles Limited board approves increase in shareholding in VE Connected Solutions Private Limited,,,General Updates,00:00:01,18052026220613,18-May-2026 22:06:14,251.75 KB,True,,,106628446,Automobiles - 4 Wheelers,INE066A01013,Eicher Motors Limited,2026-05-18 22:06:13,EICHERMOT
18-May-2026 19:04:08,443.62 KB,https://nsearchives.nseindia.com/corporate/EICHERMOT_18052026190151_EMLInvestorCallIntimationMay182026Signed.pdf,Eicher Motors Limited has informed the Exchange about Schedule of meet,,,Analysts/Institutional Investor Meet/Con. Call Updates,00:00:01,18052026190408,18-May-2026 19:04:09,443.62 KB,True,,,106628145,Automobiles - 4 Wheelers,INE066A01013,Eicher Motors Limited,2026-05-18 19:04:08,EICHERMOT
18-May-2026 16:31:16,417.41 KB,https://nsearchives.nseindia.com/corporate/EICHERMOT_18052026163025_EMLPressReleaseCapacityexpansionMay182026Signed.pdf,"Eicher Motors Limited has informed the Exchange regarding a press release dated May 18, 2026, titled ""ROYAL ENFIELD PLANS A STRATEGIC MANUFACTURING EXPANSION TO ACQUIRE A LAND PARCEL IN ANDHRA PRADESH FOR A GREENFIELD FACILITY"".",,,Press Release,00:00:01,18052026163116,18-May-2026 16:31:17,417.41 KB,True,,,106627672,Automobiles - 4 Wheelers,INE066A01013,Eicher Motors Limited,2026-05-18 16:31:16,EICHERMOT
18-May-2026 16:15:20,816.45 KB,https://nsearchives.nseindia.com/corporate/EICHERMOT_18052026161434_EMLCapacityAdditionIntimationMay182026Signed.pdf,Eicher Motors Limited has informed the Exchange about Capacity addition,,,Capacity addition,00:00:00,18052026161520,18-May-2026 16:15:20,816.45 KB,True,,,106627630,Automobiles - 4 Wheelers,INE066A01013,Eicher Motors Limited,2026-05-18 16:15:20,EICHERMOT
01-May-2026 13:10:46,1.50 MB,https://nsearchives.nseindia.com/corporate/EICHERMOT_01052026130942_EMLMonthlyBusinessUpdate1stMay2026Signed__1_.pdf,Eicher Motors Limited has informed the Exchange regarding Monthly Business Updates for the month of April 2026,,,Monthly Business Updates,00:00:01,01052026131046,01-May-2026 13:10:47,1.50 MB,True,,,106606818,Automobiles - 4 Wheelers,INE066A01013,Eicher Motors Limited,2026-05-01 13:10:46,EICHERMOT
01-May-2026 12:09:28,290.13 KB,https://nsearchives.nseindia.com/corporate/Navneetnse_01052026120839_VECVApr26salesUpdate1stMay26UpdatedSigned.pdf,"Eicher Motors Limited has informed the Exchange regarding Monthly Business Updates for the month of April 2026 of VE Commercial Vehicles Limited, an unlisted material subsidiary of Eicher Motors Limited",,,Monthly Business Updates,00:00:00,01052026120928,01-May-2026 12:09:28,290.13 KB,True,,,106606779,Automobiles - 4 Wheelers,INE066A01013,Eicher Motors Limited,2026-05-01 12:09:28,EICHERMOT
24-Apr-2026 17:50:18,1.64 MB,https://nsearchives.nseindia.com/corporate/EICHERMOT_24042026174921_Saksham_Nivesak_24-04-2026_Signed.pdf,Eicher Motors Limited has informed the Exchange about Copy of Newspaper Publication  regarding Second 100 Days Campaign    Saksham Niveshak,,,Copy of Newspaper Publication,00:00:01,24042026175018,24-Apr-2026 17:50:19,1.64 MB,True,,,106599722,Automobiles - 4 Wheelers,INE066A01013,Eicher Motors Limited,2026-04-24 17:50:18,EICHERMOT
24-Apr-2026 17:47:13,1.43 MB,https://nsearchives.nseindia.com/corporate/EICHERMOT_24042026174545_Special_Window_Intimation_24-04-2026_Signed.pdf,Eicher Motors Limited has informed the Exchange about Copy of Newspaper Publication for Special Window for Transfer of Physical securities,,,Copy of Newspaper Publication,00:00:01,24042026174713,24-Apr-2026 17:47:14,1.43 MB,True,,,106599716,Automobiles - 4 Wheelers,INE066A01013,Eicher Motors Limited,2026-04-24 17:47:13,EICHERMOT
13-Apr-2026 17:28:51,734.10 KB,https://nsearchives.nseindia.com/corporate/Girjesh_13042026172804_Regulation_74_5_31_03_2026_Signed.pdf,"Eicher Motors Limited has informed the Exchange about Certificate under SEBI (Depositories and Participants) Regulations, 2018",,,"Certificate under SEBI (Depositories and Participants) Regulations, 2018",00:00:01,13042026172851,13-Apr-2026 17:28:52,734.10 KB,True,,,106588467,Automobiles - 4 Wheelers,INE066A01013,Eicher Motors Limited,2026-04-13 17:28:51,EICHERMOT
09-Apr-2026 16:56:19,748.39 KB,https://nsearchives.nseindia.com/corporate/rahulrathore_royalenfield_com_09042026165554_EMLPRESSRELEASE09042026_Signed.pdf,"Eicher Motors Limited has informed the Exchange regarding a press release dated April 09, 2026, titled ""FLYING FLEA C6 IS HERE - UNLOCKING A WHOLE NEW LEVEL OF CITY+CAPABILITY"".",,,Press Release,00:00:00,09042026165619,09-Apr-2026 16:56:19,748.39 KB,True,,,106585256,Automobiles - 4 Wheelers,INE066A01013,Eicher Motors Limited,2026-04-09 16:56:19,EICHERMOT
04-Apr-2026 16:01:01,860.40 KB,https://nsearchives.nseindia.com/corporate/EICHERMOT_04042026160046_EMLPressRelease04042026Signed.pdf,"Eicher Motors Limited has informed the Exchange regarding a press release dated April 04, 2026, titled ""Eicher Motors Limited has informed the Exchange regarding a press release dated April 04, 2026, titled ""HUNT IN NEW COLOURS: ROYAL ENFIELD ADDS EDGY NEW COLOURWAYS & AN EXCITING NEW VARIANT TO THE 2026 HUNTER 350 LINEUP"""".",,,Press Release,00:00:01,04042026160101,04-Apr-2026 16:01:02,860.40 KB,True,,,106579637,Automobiles - 4 Wheelers,INE066A01013,Eicher Motors Limited,2026-04-04 16:01:01,EICHERMOT
01-Apr-2026 17:07:26,1.49 MB,https://nsearchives.nseindia.com/corporate/EICHERMOT_01042026170642_EMLMonthlyBusinessUpdate1stApril2026Signed.pdf,Eicher Motors Limited has informed the Exchange regarding Monthly Business Updates for the month of March 2026,,,Monthly Business Updates,00:00:01,01042026170726,01-Apr-2026 17:07:27,1.49 MB,True,,,106577357,Automobiles - 4 Wheelers,INE066A01013,Eicher Motors Limited,2026-04-01 17:07:26,EICHERMOT
01-Apr-2026 13:11:39,289.68 KB,https://nsearchives.nseindia.com/corporate/Navneetnse_01042026131115_VECVMar26salesUpdate1stApr26UpdatedSigned.pdf,"Eicher Motors Limited has informed the Exchange regarding Monthly Business Updates for the month of March 2026 of VE Commercial Vehicles Limited, an unlisted material subsidiary of Eicher Motors Limited",,,Monthly Business Updates,00:00:01,01042026131139,01-Apr-2026 13:11:40,289.68 KB,True,,,106577073,Automobiles - 4 Wheelers,INE066A01013,Eicher Motors Limited,2026-04-01 13:11:39,EICHERMOT
27-Mar-2026 15:57:41,364.55 KB,https://nsearchives.nseindia.com/corporate/rahulrathore_royalenfield_com_27032026155728_EMLPRESSRELEASE.pdf,"Eicher Motors Limited has informed the Exchange regarding a press release dated March 27, 2026, titled ""THE 2026 ROYAL ENFIELD GUERRILLA 450: SPORTIER PERFORMANCE MEETS URBAN AGILITY"".",,,Press Release,00:00:01,27032026155741,27-Mar-2026 15:57:42,364.55 KB,True,,,106571567,Automobiles - 4 Wheelers,INE066A01013,Eicher Motors Limited,2026-03-27 15:57:41,EICHERMOT
26-Mar-2026 12:31:08,670.77 KB,https://nsearchives.nseindia.com/corporate/EICHERMOT_26032026123026_EMLClosureoftradingWindowMarch2026Signed.pdf,"Eicher Motors Limited has informed the Exchange regarding the Trading Window closure pursuant to SEBI (Prohibition of Insider Trading) Regulations, 2015",,,Trading Window,00:00:01,26032026123108,26-Mar-2026 12:31:09,670.77 KB,True,,,106569156,Automobiles - 4 Wheelers,INE066A01013,Eicher Motors Limited,2026-03-26 12:31:08,EICHERMOT
10-Mar-2026 18:17:05,432.69 KB,https://nsearchives.nseindia.com/corporate/rahulrathore_royalenfield_com_10032026181624_EML_VECV_Intimation_Final_Signed.pdf,Eicher Motors Limited has informed the Exchange about General Updates on VE Commercial Vehicles Ltd appoints B Srinivas as Managing Director and CEO & Vinod Aggarwal as Chairman,,,General Updates,00:00:01,10032026181705,10-Mar-2026 18:17:06,432.69 KB,True,,,106554017,Automobiles - 4 Wheelers,INE066A01013,Eicher Motors Limited,2026-03-10 18:17:05,EICHERMOT
01-Mar-2026 13:32:32,360.04 KB,https://nsearchives.nseindia.com/corporate/EICHERMOT_01032026133043_EMLMonthlyBusinessUpdate1stMarch2026Signed.pdf,Eicher Motors Limited has informed the Exchange regarding Monthly Business Updates for the month of February 2026,,,Monthly Business Updates,00:00:01,01032026133232,01-Mar-2026 13:32:33,360.04 KB,True,,,106547638,Automobiles - 4 Wheelers,INE066A01013,Eicher Motors Limited,2026-03-01 13:32:32,EICHERMOT
01-Mar-2026 12:17:50,274.02 KB,https://nsearchives.nseindia.com/corporate/Navneetnse_01032026121656_VECVFeb26salesUpdate1stMar26UpdatedSigned.pdf,"Eicher Motors Limited has informed the Exchange regarding Monthly Business Updates for the month of February 2026 of VE Commercial Vehicles Limited, an unlisted material subsidiary of Eicher Motors Limited",,,Monthly Business Updates,00:00:01,01032026121750,01-Mar-2026 12:17:51,274.02 KB,True,,,106547621,Automobiles - 4 Wheelers,INE066A01013,Eicher Motors Limited,2026-03-01 12:17:50,EICHERMOT
18-Feb-2026 15:01:50,4.99 MB,https://nsearchives.nseindia.com/corporate/EICHERMOT_18022026150133_EMLSPECIALWINDOW18022026Signed.pdf,Eicher Motors Limited has informed the Exchange about Copy of Newspaper Publication regarding Ease of Doing Investment  Special Window for Transfer and Dematerialisation of Physical Securities,,,Copy of Newspaper Publication,00:00:01,18022026150150,18-Feb-2026 15:01:51,4.99 MB,True,,,106539072,Automobiles - 4 Wheelers,INE066A01013,Eicher Motors Limited,2026-02-18 15:01:50,EICHERMOT
16-Feb-2026 14:48:27,585.72 KB,https://nsearchives.nseindia.com/corporate/EICHERMOT_16022026144800_EMLTranscriptofConferenceCall16022026Signed.pdf,Eicher Motors Limited has informed the Exchange about Transcript,,,Analysts/Institutional Investor Meet/Con. Call Updates,00:00:01,16022026144827,16-Feb-2026 14:48:28,585.72 KB,True,,,106536732,Automobiles - 4 Wheelers,INE066A01013,Eicher Motors Limited,2026-02-16 14:48:27,EICHERMOT
10-Feb-2026 20:52:23,192.86 KB,https://nsearchives.nseindia.com/corporate/EICHERMOT_10022026205127_EMLAudiorecordingofConferencecallFebruary102026Signed.pdf,Eicher Motors Limited has informed the Exchange about Link of Recording,,,Analysts/Institutional Investor Meet/Con. Call Updates,00:00:01,10022026205223,10-Feb-2026 20:52:24,192.86 KB,True,,,106528970,Automobiles - 4 Wheelers,INE066A01013,Eicher Motors Limited,2026-02-10 20:52:23,EICHERMOT
10-Feb-2026 17:34:57,6.96 MB,https://nsearchives.nseindia.com/corporate/EICHERMOT_10022026173347_EMLInvestorPresentationFebruary102026Signed.pdf,Eicher Motors Limited has informed the Exchange about Investor Presentation,,,Investor Presentation,00:00:01,10022026173457,10-Feb-2026 17:34:58,6.96 MB,True,,,106528449,Automobiles - 4 Wheelers,INE066A01013,Eicher Motors Limited,2026-02-10 17:34:57,EICHERMOT
10-Feb-2026 17:14:06,192.69 KB,https://nsearchives.nseindia.com/corporate/EICHERMOT_10022026171231_EMLIntimationopeningtradingwindowFebruary102026Signed.pdf,Eicher Motors Limited has informed the Exchange about Intimation of Opening of Trading Window of Eicher Motors Limited,,,General Updates,00:00:01,10022026171406,10-Feb-2026 17:14:07,192.69 KB,True,,,106528376,Automobiles - 4 Wheelers,INE066A01013,Eicher Motors Limited,2026-02-10 17:14:06,EICHERMOT
10-Feb-2026 17:06:55,303.74 KB,https://nsearchives.nseindia.com/corporate/EICHERMOT_10022026170549_EMLPressReleaseFebruary102026Signed.pdf,"Eicher Motors Limited has informed the Exchange regarding a press release dated February 10, 2026, titled ""EICHER MOTORS LTD ANNOUNCES FINANCIAL RESULTS FOR QUARTER ENDED DECEMBER 31, 2025. COMPANY SET TO EXPAND ROYAL ENFIELD MANUFACTURING CAPACITY UPTO 20 LAKH OVER THE NEXT TWO YEARS."".",,,Press Release,00:00:01,10022026170655,10-Feb-2026 17:06:56,303.74 KB,True,,,106528352,Automobiles - 4 Wheelers,INE066A01013,Eicher Motors Limited,2026-02-10 17:06:55,EICHERMOT
10-Feb-2026 16:54:55,209.42 KB,https://nsearchives.nseindia.com/corporate/EICHERMOT_10022026165336_EMLCapacityAdditionIntimationSignedfinal10022026.pdf,Eicher Motors Limited has informed the Exchange about Capacity addition,,,Capacity addition,00:00:01,10022026165455,10-Feb-2026 16:54:56,209.42 KB,True,,,106528323,Automobiles - 4 Wheelers,INE066A01013,Eicher Motors Limited,2026-02-10 16:54:55,EICHERMOT
10-Feb-2026 16:43:07,792.55 KB,https://nsearchives.nseindia.com/corporate/EICHERMOT_10022026164151_EMLOutcomeBM10022026Signed.pdf,"Eicher Motors Limited has informed the Exchange regarding  Board meeting held on February 10, 2026.",,,Outcome of Board Meeting,00:00:01,10022026164307,10-Feb-2026 16:43:08,792.55 KB,True,,,106528297,Automobiles - 4 Wheelers,INE066A01013,Eicher Motors Limited,2026-02-10 16:43:07,EICHERMOT
10-Feb-2026 16:41:18,792.55 KB,https://nsearchives.nseindia.com/corporate/EICHERMOT_10022026163937_EMLOutcomeBM10022026Signed.pdf,"Eicher Motors Limited has submitted to the Exchange, the financial results for the period ended December 31, 2025.",,,Outcome of Board Meeting,00:00:02,10022026164118,10-Feb-2026 16:41:20,792.55 KB,True,,,106528293,Automobiles - 4 Wheelers,INE066A01013,Eicher Motors Limited,2026-02-10 16:41:18,EICHERMOT
10-Feb-2026 16:32:43,200.46 KB,https://nsearchives.nseindia.com/corporate/EICHERMOT_10022026163053_IntimationofAllotmentFebruary102026Signed.pdf,"Eicher Motors Limited has informed the Exchange regarding allotment of 14967 securities pursuant to ESOP/ESPS at its meeting held on February 10, 2026",,,Allotment of Securities,00:00:02,10022026163243,10-Feb-2026 16:32:45,200.46 KB,True,,,106528273,Automobiles - 4 Wheelers,INE066A01013,Eicher Motors Limited,2026-02-10 16:32:43,EICHERMOT
03-Feb-2026 14:30:08,1002.42 KB,https://nsearchives.nseindia.com/corporate/EICHERMOT_03022026142921_EMLScheduleOfInvestorCallFebruaury032026Signed.pdf,Eicher Motors Limited has informed the Exchange about Schedule of meet,,,Analysts/Institutional Investor Meet/Con. Call Updates,00:00:01,03022026143008,03-Feb-2026 14:30:09,1002.42 KB,True,,,106517520,Automobiles - 4 Wheelers,INE066A01013,Eicher Motors Limited,2026-02-03 14:30:08,EICHERMOT
01-Feb-2026 14:49:59,237.57 KB,https://nsearchives.nseindia.com/corporate/Navneetnse_01022026144853_VECVJan26salesUpdate1stFeb26UpdatedSigned.pdf,"Eicher Motors Limited has informed the Exchange regarding Monthly Business Updates for the month of January 2026 of VE Commercial Vehicles Limited, an unlisted material subsidiary of Eicher Motors Limited",,,Monthly Business Updates,00:00:01,01022026144959,01-Feb-2026 14:50:00,237.57 KB,True,,,106515099,Automobiles - 4 Wheelers,INE066A01013,Eicher Motors Limited,2026-02-01 14:49:59,EICHERMOT
01-Feb-2026 11:42:26,2.52 MB,https://nsearchives.nseindia.com/corporate/EICHERMOT_01022026114154_EMLMonthlyBusinessUpdate1stFebruary2026Signed.pdf,Eicher Motors Limited has informed the Exchange regarding Monthly Business Updates for the month of January 2026,,,Monthly Business Updates,00:00:00,01022026114226,01-Feb-2026 11:42:26,2.52 MB,True,,,106515024,Automobiles - 4 Wheelers,INE066A01013,Eicher Motors Limited,2026-02-01 11:42:26,EICHERMOT
12-Jan-2026 16:13:34,712.44 KB,https://nsearchives.nseindia.com/corporate/Girjesh_12012026161324_Regulation_74_5_Signed.pdf,"Eicher Motors Limited has informed the Exchange about Certificate under SEBI (Depositories and Participants) Regulations, 2018",,,"Certificate under SEBI (Depositories and Participants) Regulations, 2018",00:00:01,12012026161334,12-Jan-2026 16:13:35,712.44 KB,True,,,106494720,Automobiles - 4 Wheelers,INE066A01013,Eicher Motors Limited,2026-01-12 16:13:34,EICHERMOT
01-Jan-2026 12:31:22,966.40 KB,https://nsearchives.nseindia.com/corporate/rahulrathore_royalenfield_com_01012026123110_EMLMonthlySalesDecember2025.pdf,Eicher Motors Limited has informed the Exchange regarding Monthly Business Updates for the month of December 2025,,,Monthly Business Updates,00:00:01,01012026123122,01-Jan-2026 12:31:23,966.40 KB,True,,,106485119,Automobiles - 4 Wheelers,INE066A01013,Eicher Motors Limited,2026-01-01 12:31:22,EICHERMOT
01-Jan-2026 10:16:42,237.40 KB,https://nsearchives.nseindia.com/corporate/Navneetnse_01012026101453_VECVDec25salesUpdate1stJan26UpdatedSigned.pdf,"Eicher Motors Limited has informed the Exchange regarding Monthly Business Updates for the month of December 2025 of VE Commercial Vehicles Limited, an unlisted material subsidiary of Eicher Motors Limited",,,Monthly Business Updates,00:00:02,01012026101642,01-Jan-2026 10:16:44,237.40 KB,True,,,106484987,Automobiles - 4 Wheelers,INE066A01013,Eicher Motors Limited,2026-01-01 10:16:42,EICHERMOT
30-Dec-2025 12:56:02,823.14 KB,https://nsearchives.nseindia.com/corporate/EICHERMOT_30122025125529_IntimationVECVGSTDemandOrder29122025.pdf,Eicher Motors Limited has informed the Exchange about Action(s) initiated or orders passed against the Company s material subsidiary.,,,Action(s) initiated or orders passed,00:00:01,30122025125602,30-Dec-2025 12:56:03,823.14 KB,True,,,106482415,Automobiles - 4 Wheelers,INE066A01013,Eicher Motors Limited,2025-12-30 12:56:02,EICHERMOT
30-Dec-2025 12:44:30,823.14 KB,https://nsearchives.nseindia.com/corporate/EICHERMOT_30122025124222_IntimationVECVGSTDemandOrder29122025.pdf,Eicher Motors Limited has informed the Exchange about General Updates,,,General Updates,00:00:01,30122025124430,30-Dec-2025 12:44:31,823.14 KB,True,,,106482397,Automobiles - 4 Wheelers,INE066A01013,Eicher Motors Limited,2025-12-30 12:44:30,EICHERMOT
23-Dec-2025 11:59:50,667.46 KB,https://nsearchives.nseindia.com/corporate/EICHERMOT_23122025115928_EMLTradingWindowClosureDecember232025Signed.pdf,"Eicher Motors Limited has informed the Exchange regarding the Trading Window closure pursuant to SEBI (Prohibition of Insider Trading) Regulations, 2015",,,Trading Window,00:00:00,23122025115950,23-Dec-2025 11:59:50,667.46 KB,True,,,106474867,Automobiles - 4 Wheelers,INE066A01013,Eicher Motors Limited,2025-12-23 11:59:50,EICHERMOT
01-Dec-2025 14:40:19,2.73 MB,https://nsearchives.nseindia.com/corporate/EICHERMOT_01122025143956_EMLMonthlyBusinessUpdate1stDecember2025Signed.pdf,Eicher Motors Limited has informed the Exchange regarding Monthly Business Updates for the month of November 2025,,,Monthly Business Updates,00:00:00,01122025144019,01-Dec-2025 14:40:19,2.73 MB,True,,,106458177,Automobiles - 4 Wheelers,INE066A01013,Eicher Motors Limited,2025-12-01 14:40:19,EICHERMOT
01-Dec-2025 14:07:46,236.65 KB,https://nsearchives.nseindia.com/corporate/Navneetnse_01122025140714_VECVNov25salesUpdate1stDec25UpdatedSigned.pdf,"Eicher Motors Limited has informed the Exchange regarding Monthly Business Updates for the month of November 2025 of VE Commercial Vehicles Limited, an unlisted material subsidiary of Eicher Motors Limited",,,Monthly Business Updates,00:00:02,01122025140746,01-Dec-2025 14:07:48,236.65 KB,True,,,106458166,Automobiles - 4 Wheelers,INE066A01013,Eicher Motors Limited,2025-12-01 14:07:46,EICHERMOT
21-Nov-2025 18:21:24,681.58 KB,https://nsearchives.nseindia.com/corporate/EICHERMOT_21112025181943_InvestorsCallIntimation21112025signed.pdf,Eicher Motors Limited has informed the Exchange about Schedule of meet,,,Analysts/Institutional Investor Meet/Con. Call Updates,00:00:01,21112025182124,21-Nov-2025 18:21:25,681.58 KB,True,,,106452096,Automobiles - 4 Wheelers,INE066A01013,Eicher Motors Limited,2025-11-21 18:21:24,EICHERMOT
21-Nov-2025 18:21:24,680.93 KB,https://nsearchives.nseindia.com/corporate/EICHERMOT_21112025182106_EMLCALLINTIMATION21112025SIGNED.pdf,Eicher Motors Limited has informed the Exchange about Schedule of meet,,,Analysts/Institutional Investor Meet/Con. Call Updates,00:00:01,21112025182124,21-Nov-2025 18:21:25,680.93 KB,True,,,106452097,Automobiles - 4 Wheelers,INE066A01013,Eicher Motors Limited,2025-11-21 18:21:24,EICHERMOT
21-Nov-2025 15:57:54,224.31 KB,https://nsearchives.nseindia.com/corporate/rahulrathore_royalenfield_com_21112025155713_E-waybilldemandorderUttar_Pradesh.pdf,Eicher Motors Limited has informed the Exchange about E-Way Bill Penalty Order,,,General Updates,00:00:01,21112025155754,21-Nov-2025 15:57:55,224.31 KB,True,,,106451919,Automobiles - 4 Wheelers,INE066A01013,Eicher Motors Limited,2025-11-21 15:57:54,EICHERMOT
20-Nov-2025 17:00:34,4.60 MB,https://nsearchives.nseindia.com/corporate/EICHERMOT_20112025170020_EMLNewspaperAdvertisementSpecialWindow20112025Signed.pdf,Eicher Motors Limited has informed the Exchange about Copy of Newspaper Publication,,,Copy of Newspaper Publication,00:00:01,20112025170034,20-Nov-2025 17:00:35,4.60 MB,True,,,106451000,Automobiles - 4 Wheelers,INE066A01013,Eicher Motors Limited,2025-11-20 17:00:34,EICHERMOT
19-Nov-2025 13:02:23,490.58 KB,https://nsearchives.nseindia.com/corporate/EICHERMOT_19112025130156_EMLTranscriptofConferencecallNovember132025Signed.pdf,Eicher Motors Limited has informed the Exchange about Transcript,,,Analysts/Institutional Investor Meet/Con. Call Updates,00:00:01,19112025130223,19-Nov-2025 13:02:24,490.58 KB,True,,,106449796,Automobiles - 4 Wheelers,INE066A01013,Eicher Motors Limited,2025-11-19 13:02:23,EICHERMOT
14-Nov-2025 05:56:08,199.11 KB,https://nsearchives.nseindia.com/corporate/EICHERMOT_14112025055557_EMLAudiorecordingofConferencecallNovember142025Signed.pdf,Eicher Motors Limited has informed the Exchange about Link of Recording,,,Analysts/Institutional Investor Meet/Con. Call Updates,00:00:01,14112025055608,14-Nov-2025 05:56:09,199.11 KB,True,,,106443372,Automobiles - 4 Wheelers,INE066A01013,Eicher Motors Limited,2025-11-14 05:56:08,EICHERMOT
13-Nov-2025 18:44:51,683.98 KB,https://nsearchives.nseindia.com/corporate/EICHERMOT_13112025184434_InvestorCallIntimation13112025Signed.pdf,Eicher Motors Limited has informed the Exchange about Schedule of meet,,,Analysts/Institutional Investor Meet/Con. Call Updates,00:00:01,13112025184451,13-Nov-2025 18:44:52,683.98 KB,True,,,106442499,Automobiles - 4 Wheelers,INE066A01013,Eicher Motors Limited,2025-11-13 18:44:51,EICHERMOT
13-Nov-2025 15:54:56,18.61 MB,https://nsearchives.nseindia.com/corporate/EICHERMOT_13112025155353_EMLInvestorPresentationNovember132025Signed.pdf,Eicher Motors Limited has informed the Exchange about Investor Presentation,,,Investor Presentation,00:00:00,13112025155456,13-Nov-2025 15:54:56,18.61 MB,True,,,106441785,Automobiles - 4 Wheelers,INE066A01013,Eicher Motors Limited,2025-11-13 15:54:56,EICHERMOT
13-Nov-2025 15:36:55,188.66 KB,https://nsearchives.nseindia.com/corporate/EICHERMOT_13112025153635_EMLIntimationopeningoftradingwindowNovember132025Signed.pdf,Eicher Motors Limited has informed the Exchange regarding 'Intimation of Opening of Trading Window of Eicher Motors Limited'.,,,Updates,00:00:01,13112025153655,13-Nov-2025 15:36:56,188.66 KB,True,,,106441736,Automobiles - 4 Wheelers,INE066A01013,Eicher Motors Limited,2025-11-13 15:36:55,EICHERMOT
13-Nov-2025 15:25:00,303.55 KB,https://nsearchives.nseindia.com/corporate/EICHERMOT_13112025152418_EMLPressReleaseNovember132025Signed.pdf,"Eicher Motors Limited has informed the Exchange regarding a press release dated November 13, 2025, titled ""EICHER MOTORS LTD ANNOUNCES FINANCIAL RESULTS FOR QUARTER ENDED SEPTEMBER 30, 2025; RECORDS BEST EVER QUARTERLY PERFORMANCE"".",,,Press Release,00:00:02,13112025152500,13-Nov-2025 15:25:02,303.55 KB,True,,,106441714,Automobiles - 4 Wheelers,INE066A01013,Eicher Motors Limited,2025-11-13 15:25:00,EICHERMOT
13-Nov-2025 15:15:19,825.36 KB,https://nsearchives.nseindia.com/corporate/EICHERMOT_13112025151445_EMLFinancialResultsSeptember302025Signed.pdf,"Eicher Motors Limited has informed the Exchange regarding  Board meeting held on November 13, 2025.",,,Outcome of Board Meeting,00:00:01,13112025151519,13-Nov-2025 15:15:20,825.36 KB,True,,,106441686,Automobiles - 4 Wheelers,INE066A01013,Eicher Motors Limited,2025-11-13 15:15:19,EICHERMOT
13-Nov-2025 15:13:44,825.36 KB,https://nsearchives.nseindia.com/corporate/EICHERMOT_13112025151125_EMLFinancialResultsSeptember302025Signed.pdf,"Eicher Motors Limited has submitted to the Exchange, the financial results for the period ended September 30, 2025.",,,Outcome of Board Meeting,00:00:02,13112025151344,13-Nov-2025 15:13:46,825.36 KB,True,,,106441679,Automobiles - 4 Wheelers,INE066A01013,Eicher Motors Limited,2025-11-13 15:13:44,EICHERMOT
13-Nov-2025 15:09:44,195.86 KB,https://nsearchives.nseindia.com/corporate/EICHERMOT_13112025150930_EMLIntimationofAllotmentNovember132025Signed.pdf,"Eicher Motors Limited has informed the Exchange regarding allotment of 21247 securities pursuant to ESOP/ESPS at its meeting held on November 13, 2025",,,Allotment of Securities,00:00:01,13112025150944,13-Nov-2025 15:09:45,195.86 KB,True,,,106441656,Automobiles - 4 Wheelers,INE066A01013,Eicher Motors Limited,2025-11-13 15:09:44,EICHERMOT
12-Nov-2025 19:30:30,190.71 KB,https://nsearchives.nseindia.com/corporate/EICHERMOT_12112025193005_EMLGrantofRSUNovember122025Signed.pdf,Eicher Motors Limited has informed the Exchange regarding Grant of 2126  Options.,,,ESOP/ESOS/ESPS,00:00:02,12112025193030,12-Nov-2025 19:30:32,190.71 KB,True,,,106440283,Automobiles - 4 Wheelers,INE066A01013,Eicher Motors Limited,2025-11-12 19:30:30,EICHERMOT
06-Nov-2025 14:52:07,314.52 KB,https://nsearchives.nseindia.com/corporate/EICHERMOT_06112025145129_EMLScheduleofConferenceCallQuarterlysept302025Signed.pdf,Eicher Motors Limited has informed the Exchange about Schedule of meet,,,Analysts/Institutional Investor Meet/Con. Call Updates,00:00:01,06112025145207,06-Nov-2025 14:52:08,314.52 KB,True,,,106429528,Automobiles - 4 Wheelers,INE066A01013,Eicher Motors Limited,2025-11-06 14:52:07,EICHERMOT
04-Nov-2025 14:09:24,722.70 KB,https://nsearchives.nseindia.com/corporate/EICHERMOT_04112025140858_EMLPressReleaseNovember042025Signed.pdf,"Eicher Motors Limited has informed the Exchange regarding a press release dated November 04, 2025, titled ""ROYAL ENFIELD CELEBRATES 125 YEARS OF PURE MOTORCYCLING AT EICMA 2025 WITH AN EXCITING NEW LINEUP THAT BLENDS TRADITION AND INNOVATION"".",,,Press Release,00:00:02,04112025140924,04-Nov-2025 14:09:26,722.70 KB,True,,,106426157,Automobiles - 4 Wheelers,INE066A01013,Eicher Motors Limited,2025-11-04 14:09:24,EICHERMOT
01-Nov-2025 19:58:37,2.63 MB,https://nsearchives.nseindia.com/corporate/EICHERMOT_01112025195819_EMLMonthlyBusinessUpdate1stNovember2025Signed.pdf,Eicher Motors Limited has informed the Exchange regarding Monthly Business Updates for the month of October 2025,,,Monthly Business Updates,00:00:01,01112025195837,01-Nov-2025 19:58:38,2.63 MB,True,,,106423764,Automobiles - 4 Wheelers,INE066A01013,Eicher Motors Limited,2025-11-01 19:58:37,EICHERMOT
01-Nov-2025 14:20:49,236.05 KB,https://nsearchives.nseindia.com/corporate/Navneetnse_01112025142010_VECVOct25salesUpdate1stNov25UpdatedSigned.pdf,"Eicher Motors Limited has informed the Exchange regarding Monthly Business Updates for the month of October 2025 of VE Commercial Vehicles Limited, an unlisted material subsidiary of Eicher Motors Limited",,,Monthly Business Updates,00:00:01,01112025142049,01-Nov-2025 14:20:50,236.05 KB,True,,,106423494,Automobiles - 4 Wheelers,INE066A01013,Eicher Motors Limited,2025-11-01 14:20:49,EICHERMOT
13-Oct-2025 18:13:38,229.59 KB,https://nsearchives.nseindia.com/corporate/EICHERMOT_13102025181314_EMLResignationofMrMarioOctober132025Signed.pdf,"Eicher Motors Limited has informed the Exchange that Mr. Mario Alvisi, Chief Growth Officer - Electric Vehicles, a senior management personnel of Eicher Motors Limited has tendered his resignation which shall take effect from the close of business hours on 31st December 2025.",,,Change in Management,00:00:01,13102025181338,13-Oct-2025 18:13:39,229.59 KB,True,,,106406007,Automobiles - 4 Wheelers,INE066A01013,Eicher Motors Limited,2025-10-13 18:13:38,EICHERMOT
10-Oct-2025 17:35:03,710.51 KB,https://nsearchives.nseindia.com/corporate/Girjesh_10102025173448_Regulation_74_5_30_09_25_signed.pdf,"Eicher Motors Limited has informed the Exchange about Certificate under SEBI (Depositories and Participants) Regulations, 2018",,,"Certificate under SEBI (Depositories and Participants) Regulations, 2018",00:00:01,10102025173503,10-Oct-2025 17:35:04,710.51 KB,True,,,106404229,Automobiles - 4 Wheelers,INE066A01013,Eicher Motors Limited,2025-10-10 17:35:03,EICHERMOT
08-Oct-2025 22:51:49,1.71 MB,https://nsearchives.nseindia.com/corporate/EICHERMOT_08102025225026_EMLVECVPressReleaseOctober082025Signed.pdf,Eicher Motors Limited has informed the Exchange regarding 'VE Commercial Vehicles Announces Plans to Manufacture Volvo Group s Industry-Leading Automated Manual Transmissions for India and Select Asia-Oceania Markets'.,,,Updates,00:00:01,08102025225149,08-Oct-2025 22:51:50,1.71 MB,True,,,106401736,Automobiles - 4 Wheelers,INE066A01013,Eicher Motors Limited,2025-10-08 22:51:49,EICHERMOT
01-Oct-2025 15:18:52,2.61 MB,https://nsearchives.nseindia.com/corporate/EICHERMOT_01102025151824_EMLMonthlyBusinessUpdate1stOctober2025revisedSigned.pdf,"Eicher Motors Limited has informed the Exchange regarding Monthly Business Updates for the month of September 2025. ROYAL ENFIELD HITS ALL-TIME FESTIVE HIGH WITH 1,24,328 UNITS SOLD IN SEPTEMBER 2025",,,Monthly Business Updates,00:00:01,01102025151852,01-Oct-2025 15:18:53,2.61 MB,True,,,106395280,Automobiles - 4 Wheelers,INE066A01013,Eicher Motors Limited,2025-10-01 15:18:52,EICHERMOT
01-Oct-2025 15:18:08,236.45 KB,https://nsearchives.nseindia.com/corporate/Navneetnse_01102025151736_VECVSept25salesUpdate1stOctt25UpdatedSigned.pdf,"Eicher Motors Limited has informed the Exchange regarding Monthly Business Updates for the month of September 2025 of VE Commercial Vehicles Limited, an unlisted material subsidiary of Eicher Motors Limited",,,Monthly Business Updates,00:00:01,01102025151808,01-Oct-2025 15:18:09,236.45 KB,True,,,106395277,Automobiles - 4 Wheelers,INE066A01013,Eicher Motors Limited,2025-10-01 15:18:08,EICHERMOT
24-Sep-2025 17:44:42,681.01 KB,https://nsearchives.nseindia.com/corporate/EICHERMOT_24092025174426_EMLIntimationofInvestorsCalls24092025Signed.pdf,Eicher Motors Limited has informed the Exchange about Schedule of meet,,,Analysts/Institutional Investor Meet/Con. Call Updates,00:00:01,24092025174442,24-Sep-2025 17:44:43,681.01 KB,True,,,106382673,Automobiles - 4 Wheelers,INE066A01013,Eicher Motors Limited,2025-09-24 17:44:42,EICHERMOT
23-Sep-2025 18:14:13,781.83 KB,https://nsearchives.nseindia.com/corporate/EICHERMOT_23092025181340_EMLKYCIntimation23092025Signed.pdf,Eicher Motors Limited has informed the Exchange about Reminder Letter to holders of physical securities for furnishing of KYC details,,,General Updates,00:00:00,23092025181413,23-Sep-2025 18:14:13,781.83 KB,True,,,106381237,Automobiles - 4 Wheelers,INE066A01013,Eicher Motors Limited,2025-09-23 18:14:13,EICHERMOT
22-Sep-2025 11:54:23,668.30 KB,https://nsearchives.nseindia.com/corporate/EICHERMOT_22092025115406_EMLClosureofTradingWindow22092025Signed.pdf,"Eicher Motors Limited has informed the Exchange regarding the Trading Window closure pursuant to SEBI (Prohibition of Insider Trading) Regulations, 2015",,,Trading Window,00:00:01,22092025115423,22-Sep-2025 11:54:24,668.30 KB,True,,,106379494,Automobiles - 4 Wheelers,INE066A01013,Eicher Motors Limited,2025-09-22 11:54:23,EICHERMOT
19-Sep-2025 13:47:05,318.98 KB,https://nsearchives.nseindia.com/corporate/EICHERMOT_19092025134648_EMLPressReleaseSeptember192025Signed.pdf,"Eicher Motors Limited has informed the Exchange regarding a press release dated September 19, 2025, titled ""YOUR DREAM MACHINE IS NOW JUST A CLICK AWAY:BUY A ROYAL ENFIELD MOTORCYCLE ON FLIPKART"".",,,Press Release,00:00:02,19092025134705,19-Sep-2025 13:47:07,318.98 KB,True,,,106377984,Automobiles - 4 Wheelers,INE066A01013,Eicher Motors Limited,2025-09-19 13:47:05,EICHERMOT
18-Sep-2025 17:10:36,1.16 MB,https://nsearchives.nseindia.com/corporate/EICHERMOT_18092025171021_EMLSpecialWindowNewspaperAdvertisement18092025Signed.pdf,Eicher Motors Limited has informed the Exchange about Copy of Newspaper Publication,,,Copy of Newspaper Publication,00:00:02,18092025171036,18-Sep-2025 17:10:38,1.16 MB,True,,,106377106,Automobiles - 4 Wheelers,INE066A01013,Eicher Motors Limited,2025-09-18 17:10:36,EICHERMOT
18-Sep-2025 17:08:49,682.48 KB,https://nsearchives.nseindia.com/corporate/EICHERMOT_18092025170827_EMLInvestorCall18092025Signed.pdf,Eicher Motors Limited has informed the Exchange about Schedule of meet,,,Analysts/Institutional Investor Meet/Con. Call Updates,00:00:00,18092025170849,18-Sep-2025 17:08:49,682.48 KB,True,,,106377087,Automobiles - 4 Wheelers,INE066A01013,Eicher Motors Limited,2025-09-18 17:08:49,EICHERMOT
15-Sep-2025 14:00:02,275.51 KB,https://nsearchives.nseindia.com/corporate/EICHERMOT_15092025135955_EMLPressReleaseSeptember152025Signed.pdf,"Eicher Motors Limited has informed the Exchange regarding a press release dated September 15, 2025, titled ""CRUISE AT A WHOLE NEW LEVEL WITH THE UPGRADED 2025 METEOR 350"".",,,Press Release,00:00:01,15092025140002,15-Sep-2025 14:00:03,275.51 KB,True,,,106373549,Automobiles - 4 Wheelers,INE066A01013,Eicher Motors Limited,2025-09-15 14:00:02,EICHERMOT
11-Sep-2025 12:43:44,684.39 KB,https://nsearchives.nseindia.com/corporate/EICHERMOT_11092025124331_EMLInvestorsCallIntimation11092025Signed.pdf,Eicher Motors Limited has informed the Exchange about Schedule of meet,,,Analysts/Institutional Investor Meet/Con. Call Updates,00:00:01,11092025124344,11-Sep-2025 12:43:45,684.39 KB,True,,,106370981,Automobiles - 4 Wheelers,INE066A01013,Eicher Motors Limited,2025-09-11 12:43:44,EICHERMOT
10-Sep-2025 18:52:56,802.23 KB,https://nsearchives.nseindia.com/corporate/EICHERMOT_10092025185247_EMLPressReleaseVECVSeptember102025Signed.pdf,"Eicher Motors Limited has informed the Exchange regarding a press release dated September 10, 2025, titled ""VE Commercial Vehicles announces extension of full GST reduction benefit to customers"".",,,Press Release,00:00:01,10092025185256,10-Sep-2025 18:52:57,802.23 KB,True,,,106370306,Automobiles - 4 Wheelers,INE066A01013,Eicher Motors Limited,2025-09-10 18:52:56,EICHERMOT
09-Sep-2025 21:59:05,258.39 KB,https://nsearchives.nseindia.com/corporate/EICHERMOT_09092025215853_EMLPressReleaseSeptember092025Signed.pdf,"Eicher Motors Limited has informed the Exchange regarding a press release dated September 09, 2025, titled ""ROYAL ENFIELD ANNOUNCES FULL GST BENEFIT TO CUSTOMERS; ENTIRE 350CC RANGE MADE MORE ACCESSIBLE"".",,,Press Release,00:00:01,09092025215905,09-Sep-2025 21:59:06,258.39 KB,True,,,106369359,Automobiles - 4 Wheelers,INE066A01013,Eicher Motors Limited,2025-09-09 21:59:05,EICHERMOT
09-Sep-2025 18:34:16,3.76 MB,https://nsearchives.nseindia.com/corporate/EICHERMOT_09092025183345_EMLCoveringSakshamSigned09092025.pdf,Eicher Motors Limited has informed the Exchange about General Updates- 100 Days Campaign    Saksham Niveshak,,,General Updates,00:00:01,09092025183416,09-Sep-2025 18:34:17,3.76 MB,True,,,106369210,Automobiles - 4 Wheelers,INE066A01013,Eicher Motors Limited,2025-09-09 18:34:16,EICHERMOT
08-Sep-2025 18:13:54,210.10 KB,https://nsearchives.nseindia.com/corporate/EICHERMOT_08092025181247_EMLIntimationCrisilESGRatingsSigned.pdf,"Eicher Motors Limited has informed the Exchange regarding 'Disclosure under Regulation 30 read with Schedule III of SEBI (Listing Obligations and Disclosure Requirements) Regulations, 2015'.",,,Updates,00:00:01,08092025181354,08-Sep-2025 18:13:55,210.10 KB,True,,,106367894,Automobiles - 4 Wheelers,INE066A01013,Eicher Motors Limited,2025-09-08 18:13:54,EICHERMOT
01-Sep-2025 13:29:53,382.56 KB,https://nsearchives.nseindia.com/corporate/EICHERMOT_01092025132925_EMLMonthlybusinessupdateSep012025.pdf,Eicher Motors Limited has informed the Exchange regarding Monthly Business Updates for the month of August 2025,,,Monthly Business Updates,00:00:00,01092025132953,01-Sep-2025 13:29:53,382.56 KB,True,,,106358100,Automobiles - 4 Wheelers,INE066A01013,Eicher Motors Limited,2025-09-01 13:29:53,EICHERMOT
01-Sep-2025 13:09:53,236.85 KB,https://nsearchives.nseindia.com/corporate/Navneetnse_01092025130908_VECVAug25salesUpdate1stSept25UpdatedSigned.pdf,"Eicher Motors Limited has informed the Exchange regarding Monthly Business Updates for the month of August 2025 of VE Commercial Vehicles Limited, an unlisted material subsidiary of Eicher Motors Limited",,,Monthly Business Updates,00:00:01,01092025130953,01-Sep-2025 13:09:54,236.85 KB,True,,,106358080,Automobiles - 4 Wheelers,INE066A01013,Eicher Motors Limited,2025-09-01 13:09:53,EICHERMOT
29-Aug-2025 17:32:33,682.32 KB,https://nsearchives.nseindia.com/corporate/EICHERMOT_29082025173208_ScheduleofConferenceCall29082025.pdf,Eicher Motors Limited has informed the Exchange about Schedule of meet,,,Analysts/Institutional Investor Meet/Con. Call Updates,00:00:01,29082025173233,29-Aug-2025 17:32:34,682.32 KB,True,,,106355872,Automobiles - 4 Wheelers,INE066A01013,Eicher Motors Limited,2025-08-29 17:32:33,EICHERMOT
29-Aug-2025 17:26:18,627.76 KB,https://nsearchives.nseindia.com/corporate/EICHERMOT_29082025172419_CoveringInvestorsCall29082025.pdf,Eicher Motors Limited has informed the Exchange about Schedule of meet,,,Analysts/Institutional Investor Meet/Con. Call Updates,00:00:01,29082025172618,29-Aug-2025 17:26:19,627.76 KB,True,,,106355844,Automobiles - 4 Wheelers,INE066A01013,Eicher Motors Limited,2025-08-29 17:26:18,EICHERMOT
22-Aug-2025 15:21:26,201.54 KB,https://nsearchives.nseindia.com/corporate/EICHERMOT_22082025151716_EMLAppointmentofDirectorandSecAuditorSigned.pdf,Eicher Motors Limited has informed the Exchange about General Updates,,,General Updates,00:00:01,22082025152126,22-Aug-2025 15:21:27,201.54 KB,True,,,106349019,Automobiles - 4 Wheelers,INE066A01013,Eicher Motors Limited,2025-08-22 15:21:26,EICHERMOT
22-Aug-2025 13:30:19,2.59 MB,https://nsearchives.nseindia.com/corporate/EICHERMOT_22082025132937_EML43rdAGMvotingresults22082025Signed.pdf,"Eicher Motors Limited has submitted the Exchange a copy Voting Results and Srutinizers report of  Annual General Meeting held on August 21, 2025",,,Shareholders meeting,00:00:01,22082025133019,22-Aug-2025 13:30:20,2.59 MB,True,,,106348929,Automobiles - 4 Wheelers,INE066A01013,Eicher Motors Limited,2025-08-22 13:30:19,EICHERMOT
21-Aug-2025 18:44:02,213.93 KB,https://nsearchives.nseindia.com/corporate/EICHERMOT_21082025184335_EMLProceedingsofthe43rdAnnualGeneralMeetingSigned.pdf,"Eicher Motors Limited has informed the Exchange regarding Proceedings of Annual General Meeting held on August 21, 2025",,,Shareholders meeting,00:00:01,21082025184402,21-Aug-2025 18:44:03,213.93 KB,True,,,106348110,Automobiles - 4 Wheelers,INE066A01013,Eicher Motors Limited,2025-08-21 18:44:02,EICHERMOT
06-Aug-2025 11:59:04,1.02 MB,https://nsearchives.nseindia.com/corporate/EICHERMOT_06082025115829_EMLTranscriptofConferencecallAugust062025Signed.pdf,Eicher Motors Limited has informed the Exchange about Transcript,,,Analysts/Institutional Investor Meet/Con. Call Updates,00:00:00,06082025115904,06-Aug-2025 11:59:04,1.02 MB,True,,,106327222,Automobiles - 4 Wheelers,INE066A01013,Eicher Motors Limited,2025-08-06 11:59:04,EICHERMOT
01-Aug-2025 20:06:30,636.10 KB,https://nsearchives.nseindia.com/corporate/EICHERMOT_01082025200615_EMLInvestorCall01082025_Signed.pdf,Eicher Motors Limited has informed the Exchange about Schedule of meet,,,Analysts/Institutional Investor Meet/Con. Call Updates,00:00:01,01082025200630,01-Aug-2025 20:06:31,636.10 KB,True,,,106322000,Automobiles - 4 Wheelers,INE066A01013,Eicher Motors Limited,2025-08-01 20:06:30,EICHERMOT
01-Aug-2025 13:15:12,235.74 KB,https://nsearchives.nseindia.com/corporate/Navneetnse_01082025131417_VECVJuly25salesUpdate1stAug25UpdatedSigned.pdf,"Eicher Motors Limited has informed the Exchange regarding Monthly Business Updates for the month of July 2025 of VE Commercial Vehicles Limited, an unlisted material subsidiary of Eicher Motors Limited",,,Monthly Business Updates,00:00:01,01082025131512,01-Aug-2025 13:15:13,235.74 KB,True,,,106320923,Automobiles - 4 Wheelers,INE066A01013,Eicher Motors Limited,2025-08-01 13:15:12,EICHERMOT
01-Aug-2025 12:08:09,678.55 KB,https://nsearchives.nseindia.com/corporate/EICHERMOT_01082025120759_EMLMonthlyBusinessUpdate1stAugust2025Signed.pdf,Eicher Motors Limited has informed the Exchange regarding Monthly Business Updates for the month of July 2025,,,Monthly Business Updates,00:00:01,01082025120809,01-Aug-2025 12:08:10,678.55 KB,True,,,106320734,Automobiles - 4 Wheelers,INE066A01013,Eicher Motors Limited,2025-08-01 12:08:09,EICHERMOT
31-Jul-2025 23:46:37,198.56 KB,https://nsearchives.nseindia.com/corporate/EICHERMOT_31072025234546_EMLAudiorecordingofConferencecallJuly312025Signed.pdf,Eicher Motors Limited has informed the Exchange about Link of Recording,,,Analysts/Institutional Investor Meet/Con. Call Updates,00:00:01,31072025234637,31-Jul-2025 23:46:38,198.56 KB,True,,,106320411,Automobiles - 4 Wheelers,INE066A01013,Eicher Motors Limited,2025-07-31 23:46:37,EICHERMOT
31-Jul-2025 18:33:45,42.31 MB,https://nsearchives.nseindia.com/corporate/EICHERMOT_31072025183245_EMLQ1FY2026_InvestorPresentationSigned.pdf,Eicher Motors Limited has informed the Exchange about Investor Presentation,,,Investor Presentation,00:00:01,31072025183345,31-Jul-2025 18:33:46,42.31 MB,True,,,106319795,Automobiles - 4 Wheelers,INE066A01013,Eicher Motors Limited,2025-07-31 18:33:45,EICHERMOT
31-Jul-2025 18:24:57,314.54 KB,https://nsearchives.nseindia.com/corporate/EICHERMOT_31072025182439_EMLQ1FY26PRESSRELEASE31July2025Signed.pdf,"Eicher Motors Limited has informed the Exchange regarding a press release dated July 31, 2025, titled ""EICHER MOTORS LTD ANNOUNCES FINANCIAL RESULTS FOR QUARTER ENDED JUNE 30, 2025, RECORDS BEST-EVER FIRST QUARTER REVENUE FROM OPERATIONS, EBITDA AND PROFIT AFTER TAX"".",,,Press Release,00:00:01,31072025182457,31-Jul-2025 18:24:58,314.54 KB,True,,,106319757,Automobiles - 4 Wheelers,INE066A01013,Eicher Motors Limited,2025-07-31 18:24:57,EICHERMOT
31-Jul-2025 18:19:12,194.12 KB,https://nsearchives.nseindia.com/corporate/EICHERMOT_31072025181904_EMLAppointmentofCostAuditorJuly312025Signed.pdf,Eicher Motors Limited has informed the Exchange regarding Appointment of  M/s. Jyothi Satish & Co. as the Cost Auditors of the Company for the financial year 2025-2026,,,Appointment,00:00:01,31072025181912,31-Jul-2025 18:19:13,194.12 KB,True,,,106319732,Automobiles - 4 Wheelers,INE066A01013,Eicher Motors Limited,2025-07-31 18:19:12,EICHERMOT
31-Jul-2025 18:07:27,188.32 KB,https://nsearchives.nseindia.com/corporate/EICHERMOT_31072025180718_EMLIntimationopeningoftradingwindowJuly312025Signed.pdf,Eicher Motors Limited has informed the Exchange about Intimation of Opening of Trading Window of Eicher Motors Limited,,,General Updates,00:00:02,31072025180727,31-Jul-2025 18:07:29,188.32 KB,True,,,106319690,Automobiles - 4 Wheelers,INE066A01013,Eicher Motors Limited,2025-07-31 18:07:27,EICHERMOT
31-Jul-2025 18:00:16,189.28 KB,https://nsearchives.nseindia.com/corporate/EICHERMOT_31072025175946_EMLIntimationofAllotmentJuly312025Signed.pdf,"Eicher Motors Limited has informed the Exchange regarding allotment of 25750 securities pursuant to ESOP/ESPS at its meeting held on July 31, 2025",,,Allotment of Securities,00:00:01,31072025180016,31-Jul-2025 18:00:17,189.28 KB,True,,,106319674,Automobiles - 4 Wheelers,INE066A01013,Eicher Motors Limited,2025-07-31 18:00:16,EICHERMOT
31-Jul-2025 17:23:58,1.27 MB,https://nsearchives.nseindia.com/corporate/EICHERMOT_31072025172314_EMLOutcomeofBoardMeetingJuly312025Signed.pdf,"Eicher Motors Limited has informed the Exchange regarding  Board meeting held on July 31, 2025 for Unaudited standalone & consolidated financial results and Limited Review Reports of the Statutory Auditors for the first quarter ended June 30, 2025",,,Outcome of Board Meeting,00:00:01,31072025172358,31-Jul-2025 17:23:59,1.27 MB,True,,,106319556,Automobiles - 4 Wheelers,INE066A01013,Eicher Motors Limited,2025-07-31 17:23:58,EICHERMOT
31-Jul-2025 17:21:15,1.27 MB,https://nsearchives.nseindia.com/corporate/EICHERMOT_31072025171927_EMLOutcomeofBoardMeetingJuly312025Signed.pdf,"Eicher Motors Limited has submitted to the Exchange, the financial results for the period ended Jun 30, 2025.",,,Outcome of Board Meeting,00:00:01,31072025172115,31-Jul-2025 17:21:16,1.27 MB,True,,,106319550,Automobiles - 4 Wheelers,INE066A01013,Eicher Motors Limited,2025-07-31 17:21:15,EICHERMOT
29-Jul-2025 15:32:04,3.61 MB,https://nsearchives.nseindia.com/corporate/EICHERMOT_29072025153133_EMLNewspaperAdvertisementPostDispatch29072025Signed.pdf,Eicher Motors Limited has informed the Exchange about Copy of Newspaper Publication- 43rd Annual General Meeting of the Company,,,Copy of Newspaper Publication,00:00:02,29072025153204,29-Jul-2025 15:32:06,3.61 MB,True,,,106315709,Automobiles - 4 Wheelers,INE066A01013,Eicher Motors Limited,2025-07-29 15:32:04,EICHERMOT
28-Jul-2025 20:08:53,24.44 MB,https://nsearchives.nseindia.com/corporate/EICHERMOT_28072025200743_EMLIR25WebuploadBSENSE28072025Signed.pdf,"Eicher Motors Limited has informed the Exchange regarding Notice of Annual General Meeting to be held on August 21, 2025",,,Shareholders meeting,00:00:01,28072025200853,28-Jul-2025 20:08:54,24.44 MB,True,,,106314772,Automobiles - 4 Wheelers,INE066A01013,Eicher Motors Limited,2025-07-28 20:08:53,EICHERMOT
28-Jul-2025 19:31:17,636.68 KB,https://nsearchives.nseindia.com/corporate/EICHERMOT_28072025192851_EML43rdARlettertobedispatchedtoshareholdersSigned.pdf,Eicher Motors Limited has informed the Exchange about Letter to shareholders - Integrated Annual Report FY 2024-25,,,General Updates,00:00:01,28072025193117,28-Jul-2025 19:31:18,636.68 KB,True,,,106314719,Automobiles - 4 Wheelers,INE066A01013,Eicher Motors Limited,2025-07-28 19:31:17,EICHERMOT
25-Jul-2025 16:01:01,4.62 MB,https://nsearchives.nseindia.com/corporate/EICHERMOT_25072025160016_EMLSpecialWindowNewspaperAdvertisement25072025Signed.pdf,Eicher Motors Limited has informed the Exchange about Copy of Newspaper Publication,,,Copy of Newspaper Publication,00:00:01,25072025160101,25-Jul-2025 16:01:02,4.62 MB,True,,,106311974,Automobiles - 4 Wheelers,INE066A01013,Eicher Motors Limited,2025-07-25 16:01:01,EICHERMOT
23-Jul-2025 18:10:58,297.56 KB,https://nsearchives.nseindia.com/corporate/EICHERMOT_23072025181026_EMLScheduleofConferenceCallJuly232025Signed.pdf,Eicher Motors Limited has informed the Exchange about Schedule of meet,,,Analysts/Institutional Investor Meet/Con. Call Updates,00:00:01,23072025181058,23-Jul-2025 18:10:59,297.56 KB,True,,,106309390,Automobiles - 4 Wheelers,INE066A01013,Eicher Motors Limited,2025-07-23 18:10:58,EICHERMOT
14-Jul-2025 16:48:55,803.88 KB,https://nsearchives.nseindia.com/corporate/Girjesh_14072025164638_Regulation_74_5__Signed.pdf,"Eicher Motors Limited has informed the Exchange about Certificate under SEBI (Depositories and Participants) Regulations, 2018",,,"Certificate under SEBI (Depositories and Participants) Regulations, 2018",00:00:01,14072025164855,14-Jul-2025 16:48:56,803.88 KB,False,,,106298993,Automobiles - 4 Wheelers,INE066A01013,Eicher Motors Limited,2025-07-14 16:48:55,EICHERMOT
11-Jul-2025 12:21:17,3.73 MB,https://nsearchives.nseindia.com/corporate/EICHERMOT_11072025122055_EMLNewspaperPublicationPreAGM11072025Signed.pdf,Eicher Motors Limited has informed the Exchange about Copy of Newspaper Publication- 43rd Annual General Meeting of the Company,,,Copy of Newspaper Publication,00:00:01,11072025122117,11-Jul-2025 12:21:18,3.73 MB,False,,,106296834,Automobiles - 4 Wheelers,INE066A01013,Eicher Motors Limited,2025-07-11 12:21:17,EICHERMOT
10-Jul-2025 21:33:04,203.09 KB,https://nsearchives.nseindia.com/corporate/Girjesh_10072025213251_EMLIntimationVECVGSTShowCauseNotice10072025Signed.pdf,"Eicher Motors Limited has informed the Exchange regarding 'VE Commercial Vehicles Limited has received a demand cum show cause notice from the office of the Commissioner, CGST & Central Excise'.",,,Updates,00:00:01,10072025213304,10-Jul-2025 21:33:05,203.09 KB,False,,,106296294,Automobiles - 4 Wheelers,INE066A01013,Eicher Motors Limited,2025-07-10 21:33:04,EICHERMOT
07-Jul-2025 16:39:01,197.90 KB,https://nsearchives.nseindia.com/corporate/EICHERMOT_07072025163754_recorddate.pdf,Eicher Motors Limited has informed the Exchange that Record date for the purpose of Dividend  is 01-Aug-2025.,,,Record Date,00:00:01,07072025163901,07-Jul-2025 16:39:02,197.90 KB,False,,,106291831,Automobiles - 4 Wheelers,INE066A01013,Eicher Motors Limited,2025-07-07 16:39:01,EICHERMOT
07-Jul-2025 16:36:41,197.90 KB,https://nsearchives.nseindia.com/corporate/EICHERMOT_07072025163614_AGMDAte.pdf,"Eicher Motors Limited has informed the Exchange about Annual General Meeting on August 21, 2025",,,General Updates,00:00:01,07072025163641,07-Jul-2025 16:36:42,197.90 KB,False,,,106291828,Automobiles - 4 Wheelers,INE066A01013,Eicher Motors Limited,2025-07-07 16:36:41,EICHERMOT
01-Jul-2025 13:25:19,235.67 KB,https://nsearchives.nseindia.com/corporate/Navneetnse_01072025132429_VECVJune25salesUpdate1stJuly25UpdatedSigned.pdf,"Eicher Motors Limited has informed the Exchange regarding Monthly Business Updates for the month of June 2025 of VE Commercial Vehicles, an unlisted material subsidiary of Eicher Motors Limited",,,Monthly Business Updates,00:00:01,01072025132519,01-Jul-2025 13:25:20,235.67 KB,False,,,106286534,Automobiles - 4 Wheelers,INE066A01013,Eicher Motors Limited,2025-07-01 13:25:19,EICHERMOT
01-Jul-2025 11:39:41,678.64 KB,https://nsearchives.nseindia.com/corporate/Girjesh_01072025113854_EMLMonthlyBusinessUpdate1stJuly2025Signed.pdf,Eicher Motors Limited has informed the Exchange regarding Monthly Business Updates for the month of June 2025,,,Monthly Business Updates,00:00:01,01072025113941,01-Jul-2025 11:39:42,678.64 KB,False,,,106286331,Automobiles - 4 Wheelers,INE066A01013,Eicher Motors Limited,2025-07-01 11:39:41,EICHERMOT
25-Jun-2025 19:55:42,824.57 KB,https://nsearchives.nseindia.com/corporate/team_sandeshc_21052025114143_19.pdf,"Eicher Motors Limited has Submitted to the Exchange a copy of Disclosure under Regulation 31(4) & (5) of the Securities and Exchange Board of India (Substantial Acquisition of Shares and Takeovers) Regulations, 2011.",,,Disclosure under SEBI Takeover Regulations,00:00:00,25062025195542,25-Jun-2025 19:55:42,824.57 KB,False,,,106241121,Automobiles - 4 Wheelers,INE066A01013,Eicher Motors Limited,2025-06-25 19:55:42,EICHERMOT
23-Jun-2025 15:42:28,678.85 KB,https://nsearchives.nseindia.com/corporate/EICHERMOT_23062025154155_EMLClosureofTradingWindowJune232025Signed.pdf,"Eicher Motors Limited has informed the Exchange regarding the Trading Window closure pursuant to SEBI (Prohibition of Insider Trading) Regulations, 2015",,,Trading Window,00:00:01,23062025154228,23-Jun-2025 15:42:29,678.85 KB,False,,,106275486,Automobiles - 4 Wheelers,INE066A01013,Eicher Motors Limited,2025-06-23 15:42:28,EICHERMOT
13-Jun-2025 16:11:43,284.21 KB,https://nsearchives.nseindia.com/corporate/EICHERMOT_13062025161039_EMLChangeinseniorManagementSimon13062025Signed.pdf,Eicher Motors Limited has informed the Exchange about Retirement of Senior Management Personnel,,,Retirement,00:00:02,13062025161143,13-Jun-2025 16:11:45,284.21 KB,False,,,106268881,Automobiles - 4 Wheelers,INE066A01013,Eicher Motors Limited,2025-06-13 16:11:43,EICHERMOT
11-Jun-2025 15:45:42,4.01 MB,https://nsearchives.nseindia.com/corporate/EICHERMOT_11062025154526_EMLIEPFNewspaperIEPFAdvertisement11062025.pdf,Eicher Motors Limited has informed the Exchange about Copy of Newspaper Publication,,,Copy of Newspaper Publication,00:00:02,11062025154542,11-Jun-2025 15:45:44,4.01 MB,False,,,106267060,Automobiles - 4 Wheelers,INE066A01013,Eicher Motors Limited,2025-06-11 15:45:42,EICHERMOT
01-Jun-2025 15:42:08,670.57 KB,https://nsearchives.nseindia.com/corporate/EICHERMOT_01062025154105_EMLMonthlyBusinessUpdate1stJune2025_S.pdf,Eicher Motors Limited has informed the Exchange regarding Monthly Business Updates for the month of May 2025,,,Monthly Business Updates,00:00:01,01062025154208,01-Jun-2025 15:42:09,670.57 KB,False,,,106259206,Automobiles - 4 Wheelers,INE066A01013,Eicher Motors Limited,2025-06-01 15:42:08,EICHERMOT
01-Jun-2025 11:39:58,184.53 KB,https://nsearchives.nseindia.com/corporate/Navneetnse_01062025113827_VECVMay25salesUpdate1stJune25Updated_Signed.pdf,"Eicher Motors Limited has informed the Exchange regarding Monthly Business Updates for the month of May 2025 of VE Commercial Vehicles Limited, an unlisted material subsidiary of Eicher Motors Limited",,,Monthly Business Updates,00:00:00,01062025113958,01-Jun-2025 11:39:58,184.53 KB,False,,,106259170,Automobiles - 4 Wheelers,INE066A01013,Eicher Motors Limited,2025-06-01 11:39:58,EICHERMOT
28-May-2025 18:32:43,680.34 KB,https://nsearchives.nseindia.com/corporate/EICHERMOT_28052025183222_scheduleconferencecalljune02Signedfinalbofa.pdf,Eicher Motors Limited has informed the Exchange about Schedule of meet,,,Analysts/Institutional Investor Meet/Con. Call Updates,00:00:01,28052025183243,28-May-2025 18:32:44,680.34 KB,False,,,106252648,Automobiles - 4 Wheelers,INE066A01013,Eicher Motors Limited,2025-05-28 18:32:43,EICHERMOT
20-May-2025 17:13:54,501.72 KB,https://nsearchives.nseindia.com/corporate/EICHERMOT_20052025171337_EMLTranscriptofConferencecallMay202025Signed.pdf,Eicher Motors Limited has informed the Exchange about Transcript,,,Analysts/Institutional Investor Meet/Con. Call Updates,00:00:00,20052025171354,20-May-2025 17:13:54,501.72 KB,False,,,106239870,Automobiles - 4 Wheelers,INE066A01013,Eicher Motors Limited,2025-05-20 17:13:54,EICHERMOT
14-May-2025 23:38:53,,https://nsearchives.nseindia.com/corporate/EICHERMOT_14052025233837_EMLAudiorecordingofConferencecallMay142025.pdf,Eicher Motors Limited has informed the Exchange about Link of Recording,,,Analysts/Institutional Investor Meet/Con. Call Updates,00:00:01,14052025233853,14-May-2025 23:38:54,-,False,,,106232445,Automobiles - 4 Wheelers,INE066A01013,Eicher Motors Limited,2025-05-14 23:38:53,EICHERMOT
14-May-2025 18:11:10,,https://nsearchives.nseindia.com/corporate/EICHERMOT_14052025181050_EMLIntimationofAllotmentMay142025Signed.pdf,"Eicher Motors Limited has informed the Exchange regarding allotment of 88160  securities pursuant to ESOP/ESPS at its meeting held on May 14, 2025",,,Allotment of Securities,00:00:00,14052025181110,14-May-2025 18:11:10,-,False,,,106231663,Automobiles - 4 Wheelers,INE066A01013,Eicher Motors Limited,2025-05-14 18:11:10,EICHERMOT
14-May-2025 17:54:47,,https://nsearchives.nseindia.com/corporate/EICHERMOT_14052025175437_EMLInvestorPresentationMay142025Signed.pdf,Eicher Motors Limited has informed the Exchange about Investor Presentation,,,Investor Presentation,00:00:01,14052025175447,14-May-2025 17:54:48,-,False,,,106231598,Automobiles - 4 Wheelers,INE066A01013,Eicher Motors Limited,2025-05-14 17:54:47,EICHERMOT
14-May-2025 17:33:39,,https://nsearchives.nseindia.com/corporate/EICHERMOT_14052025173323_EMLAppointmentofSecretarialAuditorsMay142025Signed.pdf,Eicher Motors Limited has informed the Exchange regarding Change in Auditors of the company.,,,Change in Auditors,00:00:00,14052025173339,14-May-2025 17:33:39,-,False,,,106231503,Automobiles - 4 Wheelers,INE066A01013,Eicher Motors Limited,2025-05-14 17:33:39,EICHERMOT
14-May-2025 17:15:41,,https://nsearchives.nseindia.com/corporate/EICHERMOT_14052025171531_EMLIntimationofopeningoftradingwindowMay142025Signed.pdf,Eicher Motors Limited has informed the Exchange regarding 'Opening of Trading Window'.,,,Updates,00:00:01,14052025171541,14-May-2025 17:15:42,-,False,,,106231462,Automobiles - 4 Wheelers,INE066A01013,Eicher Motors Limited,2025-05-14 17:15:41,EICHERMOT
14-May-2025 16:56:36,,https://nsearchives.nseindia.com/corporate/EICHERMOT_14052025165626_EMLPressReleaseMay142025Signed.pdf,"Eicher Motors Limited has informed the Exchange regarding a press release dated May 14, 2025, titled ""EICHER MOTORS LTD. CROSSES ANNUAL MOTORCYCLE SALES OF ONE MILLION IN FY25; RECORDS HIGHEST-EVER Q4 AND FY25 REVENUE, PAT AND EBITDA"".",,,Press Release,00:00:00,14052025165636,14-May-2025 16:56:36,-,False,,,106231411,Automobiles - 4 Wheelers,INE066A01013,Eicher Motors Limited,2025-05-14 16:56:36,EICHERMOT
14-May-2025 16:34:30,,https://nsearchives.nseindia.com/corporate/EICHERMOT_14052025163419_EMLOutcomeofBoardMeetingMay142025Signed.pdf,"Eicher Motors Limited has informed the Exchange that Board of Directors at its meeting held on May 14, 2025, recommended Final Dividend of 70 per equity share.",,,Dividend,00:00:00,14052025163430,14-May-2025 16:34:30,-,False,,,106231345,Automobiles - 4 Wheelers,INE066A01013,Eicher Motors Limited,2025-05-14 16:34:30,EICHERMOT
14-May-2025 16:17:04,,https://nsearchives.nseindia.com/corporate/EICHERMOT_14052025161455_EMLOutcomeofBoardMeetingMay142025Signed.pdf,"Eicher Motors Limited has informed the Exchange regarding Outcome of Board Meeting held on May 14, 2025.",,,Outcome of Board Meeting,00:00:01,14052025161704,14-May-2025 16:17:05,-,False,,,106231303,Automobiles - 4 Wheelers,INE066A01013,Eicher Motors Limited,2025-05-14 16:17:04,EICHERMOT
13-May-2025 19:46:09,,https://nsearchives.nseindia.com/corporate/EICHERMOT_13052025194547_EMLGrantofRSUMay132025Signed.pdf,Eicher Motors Limited has informed the Exchange regarding Grant of 163933  Options.,,,ESOP/ESOS/ESPS,00:00:00,13052025194609,13-May-2025 19:46:09,-,False,,,106230139,Automobiles - 4 Wheelers,INE066A01013,Eicher Motors Limited,2025-05-13 19:46:09,EICHERMOT
08-May-2025 12:13:13,,https://nsearchives.nseindia.com/corporate/EICHERMOT_08052025121205_EMLScheduleofConferenceCall08052025Signed.pdf,Eicher Motors Limited has informed the Exchange about Schedule of meet,,,Analysts/Institutional Investor Meet/Con. Call Updates,00:00:00,08052025121313,08-May-2025 12:13:13,-,False,,,106223978,Automobiles - 4 Wheelers,INE066A01013,Eicher Motors Limited,2025-05-08 12:13:13,EICHERMOT
03-May-2025 14:10:59,,https://nsearchives.nseindia.com/corporate/EICHERMOT_03052025141047_EMLNewspaperStxintimationSL03052025Signedfinalversion.pdf,Eicher Motors Limited has informed the Exchange about Copy of Newspaper Publication,,,Copy of Newspaper Publication,00:00:00,03052025141059,03-May-2025 14:10:59,-,False,,,106219214,Automobiles - 4 Wheelers,INE066A01013,Eicher Motors Limited,2025-05-03 14:10:59,EICHERMOT
02-May-2025 19:00:52,,https://nsearchives.nseindia.com/corporate/EICHERMOT_02052025185958_EMLIntimationofAppointmentofDirector2025Signed020252025.pdf,Eicher Motors Limited has informed the Exchange about Approval of appointment of directors by Postal Ballot,,,General Updates,00:00:01,02052025190052,02-May-2025 19:00:53,-,False,,,106218737,Automobiles - 4 Wheelers,INE066A01013,Eicher Motors Limited,2025-05-02 19:00:52,EICHERMOT
02-May-2025 18:45:53,,https://nsearchives.nseindia.com/corporate/EICHERMOT_02052025184446_EMLPostalBallotResults2025Signed02052025.pdf,Eicher Motors Limited has submitted the Exchange results of Postal Ballot (e-voting) along with Scrutinizer''s Report,,,Shareholders meeting,00:00:00,02052025184553,02-May-2025 18:45:53,-,False,,,106218692,Automobiles - 4 Wheelers,INE066A01013,Eicher Motors Limited,2025-05-02 18:45:53,EICHERMOT
01-May-2025 16:00:36,,https://nsearchives.nseindia.com/corporate/EICHERMOT_01052025160030_EMLMonthlyBusinessUpdate1stMay2025Signed.pdf,Eicher Motors Limited has informed the Exchange regarding Monthly Business Updates for the month of April 2025,,,Monthly Business Updates,00:00:00,01052025160036,01-May-2025 16:00:36,-,False,,,106217557,Automobiles - 4 Wheelers,INE066A01013,Eicher Motors Limited,2025-05-01 16:00:36,EICHERMOT
01-May-2025 12:10:51,,https://nsearchives.nseindia.com/corporate/Navneetnse_01052025120914_VECVApr25salesUpdate1stMay25UpdatedSigned.pdf,"Eicher Motors Limited has informed the Exchange regarding Monthly Business Updates for the month of April 2025 of VE Commercial Vehicles Limited, an unlisted material subsidiary of Eicher Motors Limited",,,Monthly Business Updates,00:00:00,01052025121051,01-May-2025 12:10:51,-,False,,,106217456,Automobiles - 4 Wheelers,INE066A01013,Eicher Motors Limited,2025-05-01 12:10:51,EICHERMOT
26-Apr-2025 16:39:04,,https://nsearchives.nseindia.com/corporate/EICHERMOT_26042025163749_EMLPressReleaseApril262025Signed.pdf,"Eicher Motors Limited has informed the Exchange regarding a press release dated April 26, 2025, titled ""ROYAL ENFIELD S 2025 HUNTER 350 LAUNCHED"".",,,Press Release,00:00:01,26042025163904,26-Apr-2025 16:39:05,-,False,,,106212987,Automobiles - 4 Wheelers,INE066A01013,Eicher Motors Limited,2025-04-26 16:39:04,EICHERMOT
17-Apr-2025 14:49:55,,https://nsearchives.nseindia.com/corporate/EICHERMOT_17042025144908_EMLPressReleaseApril172025Signed.pdf,"Eicher Motors Limited has informed the Exchange regarding a press release dated April 17, 2025, titled ""ROYAL ENFIELD LAUNCHES THE ALL NEW CLASSIC 350 IN NEPAL"".",,,Press Release,00:00:00,17042025144955,17-Apr-2025 14:49:55,-,False,,,106204733,Automobiles - 4 Wheelers,INE066A01013,Eicher Motors Limited,2025-04-17 14:49:55,EICHERMOT
15-Apr-2025 12:49:31,,https://nsearchives.nseindia.com/corporate/Girjesh_15042025124910_Regulation_74_5_31_03_25.pdf,"Eicher Motors Limited has informed the Exchange about Certificate under SEBI (Depositories and Participants) Regulations, 2018",,,"Certificate under SEBI (Depositories and Participants) Regulations, 2018",00:00:01,15042025124931,15-Apr-2025 12:49:32,-,False,,,106202209,Automobiles - 4 Wheelers,INE066A01013,Eicher Motors Limited,2025-04-15 12:49:31,EICHERMOT
02-Apr-2025 15:17:18,,https://nsearchives.nseindia.com/corporate/EICHERMOT_02042025151613_NewspaperAdvertisementPostalBallot.pdf,Eicher Motors Limited has informed the Exchange about Copy of Newspaper Publication,,,Copy of Newspaper Publication,00:00:01,02042025151718,02-Apr-2025 15:17:19,-,False,,,106192009,Automobiles - 4 Wheelers,INE066A01013,Eicher Motors Limited,2025-04-02 15:17:18,EICHERMOT
01-Apr-2025 13:39:38,,https://nsearchives.nseindia.com/corporate/Navneetnse_01042025133851_VECVMar25salesUpdate1stApr25UpdatedSigned.pdf,"Eicher Motors Limited has informed the Exchange regarding Monthly Business Updates for the month of March 2025 of VE Commercial Vehicles Limited, an unlisted material subsidiary of Eicher Motors Limited",,,Monthly Business Updates,00:00:01,01042025133938,01-Apr-2025 13:39:39,-,False,,,106190891,Automobiles - 4 Wheelers,INE066A01013,Eicher Motors Limited,2025-04-01 13:39:38,EICHERMOT
01-Apr-2025 13:21:38,,https://nsearchives.nseindia.com/corporate/EICHERMOT_01042025132046_EMLPostalBallotNoticeStxFiling01042025Signed.pdf,Eicher Motors Limited has informed the Exchange regarding Notice of Postal Ballot,,,Shareholders meeting,00:00:01,01042025132138,01-Apr-2025 13:21:39,-,False,,,106190877,Automobiles - 4 Wheelers,INE066A01013,Eicher Motors Limited,2025-04-01 13:21:38,EICHERMOT
01-Apr-2025 09:06:06,,https://nsearchives.nseindia.com/corporate/EICHERMOT_01042025090535_EMLPressReleaseApril12025Signed.pdf,"Eicher Motors Limited has informed the Exchange regarding a press release dated April 01, 2025, titled ""Please find attached copy of the press release being issued today regarding the motorcycle salesvolume of Eicher Motors Limited for the month of March 2025 and FY 2024-25."".",,,Press Release,00:00:01,01042025090606,01-Apr-2025 09:06:07,-,False,,,106190503,Automobiles - 4 Wheelers,INE066A01013,Eicher Motors Limited,2025-04-01 09:06:06,EICHERMOT
01-Apr-2025 08:50:43,,https://nsearchives.nseindia.com/corporate/EICHERMOT_01042025085003_EMLMonthlyBusinessUpdate1stApril2025Signed.pdf,Eicher Motors Limited has informed the Exchange regarding Monthly Business Updates for the month of March 2025,,,Monthly Business Updates,00:00:00,01042025085043,01-Apr-2025 08:50:43,-,False,,,106190497,Automobiles - 4 Wheelers,INE066A01013,Eicher Motors Limited,2025-04-01 08:50:43,EICHERMOT
27-Mar-2025 12:08:19,,https://nsearchives.nseindia.com/corporate/EICHERMOT_27032025120730_EMLPressReleaseMarch272025Signed.pdf,"Eicher Motors Limited has informed the Exchange regarding a press release dated March 27, 2025, titled ""THE ALL NEW CLASSIC 650: TIMELESS ELEGANCE IN A NEW AVATAR"".",,,Press Release,00:00:01,27032025120819,27-Mar-2025 12:08:20,-,False,,,106185205,Automobiles - 4 Wheelers,INE066A01013,Eicher Motors Limited,2025-03-27 12:08:19,EICHERMOT
25-Mar-2025 19:06:20,,https://nsearchives.nseindia.com/corporate/EICHERMOT_25032025190552_Trading_Window_Closure_Signed.pdf,"Eicher Motors Limited has informed the Exchange regarding the Trading Window closure pursuant to SEBI (Prohibition of Insider Trading) Regulations, 2015",,,Trading Window,00:00:01,25032025190620,25-Mar-2025 19:06:21,-,False,,,106181919,Automobiles - 4 Wheelers,INE066A01013,Eicher Motors Limited,2025-03-25 19:06:20,EICHERMOT
20-Mar-2025 19:07:32,,https://nsearchives.nseindia.com/corporate/EICHERMOT_20032025190724_EMLIntimationofAllotmentMarch202025.pdf,"Eicher Motors Limited has informed the Exchange regarding allotment of 13720 securities pursuant to ESOP/ESPS at its meeting held on March 20, 2025",,,Allotment of Securities,00:00:01,20032025190732,20-Mar-2025 19:07:33,-,False,,,106177152,Automobiles - 4 Wheelers,INE066A01013,Eicher Motors Limited,2025-03-20 19:07:32,EICHERMOT
12-Mar-2025 18:07:06,,https://nsearchives.nseindia.com/corporate/EICHERMOT_12032025180548_InvestorconferencecallMarch122025.pdf,Eicher Motors Limited has informed the Exchange about Schedule of meet,,,Analysts/Institutional Investor Meet/Con. Call Updates,00:00:01,12032025180706,12-Mar-2025 18:07:07,-,False,,,106171330,Automobiles - 4 Wheelers,INE066A01013,Eicher Motors Limited,2025-03-12 18:07:06,EICHERMOT
11-Mar-2025 15:02:11,,https://nsearchives.nseindia.com/corporate/EICHERMOT_11032025150115_EMLNoticeofShiftingofROIntimationSigned.pdf,Eicher Motors Limited has informed the Exchange about Newspaper Publication,,,General Updates,00:00:01,11032025150211,11-Mar-2025 15:02:12,-,False,,,106170214,Automobiles - 4 Wheelers,INE066A01013,Eicher Motors Limited,2025-03-11 15:02:11,EICHERMOT
01-Mar-2025 14:30:22,,https://nsearchives.nseindia.com/corporate/EICHERMOT_01032025143010_EMLMonthlyBusinessUpdate1stMarch2025Signed.pdf,Eicher Motors Limited has informed the Exchange regarding Monthly Business Updates for the month of February 2025,,,Monthly Business Updates,00:00:00,01032025143022,01-Mar-2025 14:30:22,-,False,,,106163405,Automobiles - 4 Wheelers,INE066A01013,Eicher Motors Limited,2025-03-01 14:30:22,EICHERMOT
01-Mar-2025 12:51:00,,https://nsearchives.nseindia.com/corporate/Navneetnse_01032025124829_VECVFeb25salesUpdate1stMar25UpdatedSigned.pdf,"Eicher Motors Limited has informed the Exchange regarding Monthly Business Updates for the month of February 2025 of VE Commercial Vehicles Limited, an unlisted material subsidiary of Eicher Motors Limited",,,Monthly Business Updates,00:00:01,01032025125100,01-Mar-2025 12:51:01,-,False,,,106163360,Automobiles - 4 Wheelers,INE066A01013,Eicher Motors Limited,2025-03-01 12:51:00,EICHERMOT
27-Feb-2025 18:07:15,,https://nsearchives.nseindia.com/corporate/EICHERMOT_27022025180640_EMLInvestorconferencecallFebruary272025Signed.pdf,Eicher Motors Limited has informed the Exchange about Schedule of meet,,,Analysts/Institutional Investor Meet/Con. Call Updates,00:00:01,27022025180715,27-Feb-2025 18:07:16,-,False,,,106161782,Automobiles - 4 Wheelers,INE066A01013,Eicher Motors Limited,2025-02-27 18:07:15,EICHERMOT
17-Feb-2025 18:59:11,,https://nsearchives.nseindia.com/corporate/EICHERMOT_17022025185807_InvestorconferencecallFebruary172025.pdf,Eicher Motors Limited has informed the Exchange about Schedule of meet,,,Analysts/Institutional Investor Meet/Con. Call Updates,00:00:01,17022025185911,17-Feb-2025 18:59:12,-,False,,,106154407,Automobiles - 4 Wheelers,INE066A01013,Eicher Motors Limited,2025-02-17 18:59:11,EICHERMOT
17-Feb-2025 18:50:06,,https://nsearchives.nseindia.com/corporate/EICHERMOT_17022025184954_EMLGrantofESOPRSUFebruary172025Signed.pdf,"Eicher Motors Limited has informed the Exchange regarding 'Intimation of grant of options under ESOP, 2006 & RSU Plan 2019 of the Company'.",,,Updates,00:00:01,17022025185006,17-Feb-2025 18:50:07,-,False,,,106154396,Automobiles - 4 Wheelers,INE066A01013,Eicher Motors Limited,2025-02-17 18:50:06,EICHERMOT
15-Feb-2025 12:23:38,,https://nsearchives.nseindia.com/corporate/EICHERMOT_15022025122225_EMLEarningCallTranscriptSigned15022025.pdf,Eicher Motors Limited has informed the Exchange about Transcript,,,Analysts/Institutional Investor Meet/Con. Call Updates,00:00:01,15022025122338,15-Feb-2025 12:23:39,-,False,,,106153053,Automobiles - 4 Wheelers,INE066A01013,Eicher Motors Limited,2025-02-15 12:23:38,EICHERMOT
14-Feb-2025 18:53:36,,https://nsearchives.nseindia.com/corporate/EICHERMOT_14022025185233_EMLDemandOrderfromGSTIntimationtostockexchanges14022025Signed.pdf,Eicher Motors Limited has informed the Exchange about Action(s) taken or orders passed,,,Action(s) taken or orders passed,00:00:01,14022025185336,14-Feb-2025 18:53:37,-,False,,,106152374,Automobiles - 4 Wheelers,INE066A01013,Eicher Motors Limited,2025-02-14 18:53:36,EICHERMOT
11-Feb-2025 14:47:28,,https://nsearchives.nseindia.com/corporate/EICHERMOT_11022025144715_EMLIntegratedFinancialFebruary102025signed.pdf,Integrated Filing Financial,,,Integrated Filing- Financial,00:00:01,11022025144728,11-Feb-2025 14:47:29,-,False,,,106146045,Automobiles - 4 Wheelers,INE066A01013,Eicher Motors Limited,2025-02-11 14:47:28,EICHERMOT
10-Feb-2025 23:08:03,,https://nsearchives.nseindia.com/corporate/EICHERMOT_10022025230646_EMLAudioRecordingofConferenceCallFebruary102025Signed.pdf,Eicher Motors Limited has informed the Exchange about Link of Recording,,,Analysts/Institutional Investor Meet/Con. Call Updates,00:00:01,10022025230803,10-Feb-2025 23:08:04,-,False,,,106145365,Automobiles - 4 Wheelers,INE066A01013,Eicher Motors Limited,2025-02-10 23:08:03,EICHERMOT
10-Feb-2025 19:45:37,,https://nsearchives.nseindia.com/corporate/EICHERMOT_10022025194526_EMLFinancialResults_Dec_24_FinalSigned.pdf,"Eicher Motors Limited has informed the Exchange regarding  Board meeting held on February 10, 2025.",,,Outcome of Board Meeting,00:00:01,10022025194537,10-Feb-2025 19:45:38,-,False,,,106144970,Automobiles - 4 Wheelers,INE066A01013,Eicher Motors Limited,2025-02-10 19:45:37,EICHERMOT
10-Feb-2025 19:33:38,,https://nsearchives.nseindia.com/corporate/EICHERMOT_10022025193301_EMLOutcomeAppointmentofIDChairmanetcFeb102025Signed.pdf,Eicher Motors Limited has informed the Exchange about Details of Key Managerial Personnel (KMP) of the Company who are also severally authorised to determine materiality of an event or information & making disclosures to the stock exchange(s),,,General Updates,00:00:01,10022025193338,10-Feb-2025 19:33:39,-,False,,,106144937,Automobiles - 4 Wheelers,INE066A01013,Eicher Motors Limited,2025-02-10 19:33:38,EICHERMOT
10-Feb-2025 19:23:31,,https://nsearchives.nseindia.com/corporate/EICHERMOT_10022025192307_EMLOutcomeAppointmentofIDChairmanetcFeb102025Signed.pdf,"Eicher Motors Limited has informed the Exchange regarding Appointment of  Arun Vasu  as Non- Executive Independent Director of the company w.e.f. February 13, 2025.",,,Appointment,00:00:02,10022025192331,10-Feb-2025 19:23:33,-,False,,,106144916,Automobiles - 4 Wheelers,INE066A01013,Eicher Motors Limited,2025-02-10 19:23:31,EICHERMOT
10-Feb-2025 19:23:31,,https://nsearchives.nseindia.com/corporate/EICHERMOT_10022025192229_EMLOutcomeAppointmentofIDChairmanetcFeb102025Signed.pdf,"Eicher Motors Limited has informed the Exchange regarding Appointment of  Ira Gupta  as Non- Executive Independent Director of the company w.e.f. February 10, 2025.",,,Appointment,00:00:01,10022025192331,10-Feb-2025 19:23:32,-,False,,,106144915,Automobiles - 4 Wheelers,INE066A01013,Eicher Motors Limited,2025-02-10 19:23:31,EICHERMOT
10-Feb-2025 19:23:31,,https://nsearchives.nseindia.com/corporate/EICHERMOT_10022025192319_EMLOutcomeAppointmentofIDChairmanetcFeb102025Signed.pdf,Eicher Motors Limited has informed the Exchange regarding Change in Director(s) of the company.,,,Change in Director(s),00:00:02,10022025192331,10-Feb-2025 19:23:33,-,False,,,106144917,Automobiles - 4 Wheelers,INE066A01013,Eicher Motors Limited,2025-02-10 19:23:31,EICHERMOT
10-Feb-2025 18:56:39,,https://nsearchives.nseindia.com/corporate/EICHERMOT_10022025185539_EMLShiftingofROFebruary102025Signed.pdf,Eicher Motors Limited has informed the Exchange about Change in Registered Office Address,,,General Updates,00:00:01,10022025185639,10-Feb-2025 18:56:40,-,False,,,106144843,Automobiles - 4 Wheelers,INE066A01013,Eicher Motors Limited,2025-02-10 18:56:39,EICHERMOT
10-Feb-2025 18:46:20,,https://nsearchives.nseindia.com/corporate/EICHERMOT_10022025184517_EMLShiftingofROFebruary102025Signed.pdf,Eicher Motors Limited has informed the Exchange about Change in Registered Office Address,,,General Updates,00:00:02,10022025184620,10-Feb-2025 18:46:22,-,False,,,106144796,Automobiles - 4 Wheelers,INE066A01013,Eicher Motors Limited,2025-02-10 18:46:20,EICHERMOT
10-Feb-2025 18:36:35,,https://nsearchives.nseindia.com/corporate/EICHERMOT_10022025183609_EMLShiftingofROFebruary102025Signed.pdf,Eicher Motors Limited has informed the Exchange about change in Registered Office Address,,,General Updates,00:00:00,10022025183635,10-Feb-2025 18:36:35,-,False,,,106144753,Automobiles - 4 Wheelers,INE066A01013,Eicher Motors Limited,2025-02-10 18:36:35,EICHERMOT
10-Feb-2025 18:16:54,,https://nsearchives.nseindia.com/corporate/EICHERMOT_10022025181608_EMLIntimationofAllotmentFebruary102025Signed.pdf,"Eicher Motors Limited has informed the Exchange regarding allotment of 17900 securities pursuant to ESOP/ESPS at its meeting held on February 10, 2025",,,Allotment of Securities,00:00:01,10022025181654,10-Feb-2025 18:16:55,-,False,,,106144692,Automobiles - 4 Wheelers,INE066A01013,Eicher Motors Limited,2025-02-10 18:16:54,EICHERMOT
10-Feb-2025 17:52:27,,https://nsearchives.nseindia.com/corporate/EICHERMOT_10022025175217_EMLTradingWindowOpeningFebruary102025Signed.pdf,Eicher Motors Limited has informed the Exchange about Opening of Trading Window,,,General Updates,00:00:01,10022025175227,10-Feb-2025 17:52:28,-,False,,,106144602,Automobiles - 4 Wheelers,INE066A01013,Eicher Motors Limited,2025-02-10 17:52:27,EICHERMOT
10-Feb-2025 17:31:31,,https://nsearchives.nseindia.com/corporate/EICHERMOT_10022025173118_EMLInvestorPresentationFebruary102025Signed.pdf,Eicher Motors Limited has informed the Exchange about Investor Presentation,,,Investor Presentation,00:00:01,10022025173131,10-Feb-2025 17:31:32,-,False,,,106144519,Automobiles - 4 Wheelers,INE066A01013,Eicher Motors Limited,2025-02-10 17:31:31,EICHERMOT
10-Feb-2025 17:27:19,,https://nsearchives.nseindia.com/corporate/EICHERMOT_10022025172709_PressReleasEMLboardchangessigned.pdf,"Eicher Motors Limited has informed the Exchange regarding a press release dated February 10, 2025, titled ""EICHER MOTORS LIMITED ANNOUNCES BOARD CHANGES"".",,,Press Release,00:00:01,10022025172719,10-Feb-2025 17:27:20,-,False,,,106144511,Automobiles - 4 Wheelers,INE066A01013,Eicher Motors Limited,2025-02-10 17:27:19,EICHERMOT
10-Feb-2025 17:23:25,,https://nsearchives.nseindia.com/corporate/EICHERMOT_10022025172316_PressReleaseFinancialResultsSignedDec2024.pdf,"Eicher Motors Limited has informed the Exchange regarding a press release dated February 10, 2025, titled ""EICHER MOTORS LTD ANNOUNCES FINANCIAL RESULTS FOR QUARTER ENDED DECEMBER 31, 2024; RECORDS BEST EVER QUARTERLY PERFORMANCE"".",,,Press Release,00:00:01,10022025172325,10-Feb-2025 17:23:26,-,False,,,106144502,Automobiles - 4 Wheelers,INE066A01013,Eicher Motors Limited,2025-02-10 17:23:25,EICHERMOT
10-Feb-2025 17:17:37,,https://nsearchives.nseindia.com/corporate/EMLFinancialResults_Dec_24_FinalSigned_10022025171737.pdf," Eicher Motors Limited has submitted to the Exchange, the financial results for the period ended December 31, 2024.",,,Financial Result Updates,00:00:00,10022025171737,10-Feb-2025 17:17:37,-,False,,,169571,Automobiles - 4 Wheelers,INE066A01013,Eicher Motors Limited,2025-02-10 17:17:37,EICHERMOT
06-Feb-2025 12:25:51,,https://nsearchives.nseindia.com/corporate/EICHERMOT_06022025122540_EMLPressReleaseFebruary62025Signed.pdf,"Eicher Motors Limited has informed the Exchange regarding a press release dated February 06, 2025, titled ""ROYAL ENFIELD INTRODUCES LIMITED EDITION SHOTGUN 650 INCOLLABORATION WITH ICON MOTOSPORTS"".",,,Press Release,00:00:01,06022025122551,06-Feb-2025 12:25:52,-,False,,,106139364,Automobiles - 4 Wheelers,INE066A01013,Eicher Motors Limited,2025-02-06 12:25:51,EICHERMOT
05-Feb-2025 18:24:06,,https://nsearchives.nseindia.com/corporate/EICHERMOT_05022025182228_EMLGrantofRSU05022025Signed.pdf,Eicher Motors Limited has informed the Exchange regarding Grant of 1450  Options.,,,ESOP/ESOS/ESPS,00:00:01,05022025182406,05-Feb-2025 18:24:07,-,False,,,106138464,Automobiles - 4 Wheelers,INE066A01013,Eicher Motors Limited,2025-02-05 18:24:06,EICHERMOT
04-Feb-2025 13:55:03,,https://nsearchives.nseindia.com/corporate/Sandeep_04022025134636_Demandorder_GST_Instrumentcluster_03022025.pdf,Eicher Motors Limited has informed the Exchange about Action(s) taken or orders passed,,,Action(s) taken or orders passed,00:00:01,04022025135503,04-Feb-2025 13:55:04,-,False,,,106135983,Automobiles - 4 Wheelers,INE066A01013,Eicher Motors Limited,2025-02-04 13:55:03,EICHERMOT
03-Feb-2025 17:20:02,,https://nsearchives.nseindia.com/corporate/EICHERMOT_03022025171951_EMLConferenceCallIntimationFebruary102025Signed.pdf,Eicher Motors Limited has informed the Exchange about Schedule of meet,,,Analysts/Institutional Investor Meet/Con. Call Updates,00:00:01,03022025172002,03-Feb-2025 17:20:03,-,False,,,106134674,Automobiles - 4 Wheelers,INE066A01013,Eicher Motors Limited,2025-02-03 17:20:02,EICHERMOT
01-Feb-2025 16:19:48,,https://nsearchives.nseindia.com/corporate/EICHERMOT_01022025161922_EMLMonthlyBusinessUpdate1stFebruary2025Signed.pdf,Eicher Motors Limited has informed the Exchange regarding Monthly Business Updates for the month of January 2025,,,Monthly Business Updates,00:00:01,01022025161948,01-Feb-2025 16:19:49,-,False,,,106133421,Automobiles - 4 Wheelers,INE066A01013,Eicher Motors Limited,2025-02-01 16:19:48,EICHERMOT
01-Feb-2025 13:02:24,,https://nsearchives.nseindia.com/corporate/Navneetnse_01022025125950_VECVJan25salesUpdate1stFeb25UpdatedSignedrevised.pdf,"Eicher Motors Limited has informed the Exchange regarding Monthly Business Updates for the month of January 2025 of VE Commercial Vehicles Limited, an unlisted material subsidiary of Eicher Motors limited",,,Monthly Business Updates,00:00:01,01022025130224,01-Feb-2025 13:02:25,-,False,,,106133261,Automobiles - 4 Wheelers,INE066A01013,Eicher Motors Limited,2025-02-01 13:02:24,EICHERMOT
27-Jan-2025 19:31:59,,https://nsearchives.nseindia.com/corporate/EICHERMOT_27012025193147_EMLDemand_Order_fromGSTIntimationtostockexchanges27012025SIGNED.pdf,"Eicher Motors Limited has informed the Exchange about Action(s) taken or orders passed with respect to GST demand orders from the Office of the Assistant Commissioner, CGST, Jaipur; Office of the Principal Commissioner, CGST & Central Excise, Lucknow and Office of the Commissioner, CGST, Delhi South Commissionerate, New Delhi",,,Action(s) taken or orders passed,00:00:00,27012025193159,27-Jan-2025 19:31:59,-,False,,,106126096,Automobiles - 4 Wheelers,INE066A01013,Eicher Motors Limited,2025-01-27 19:31:59,EICHERMOT
27-Jan-2025 11:52:47,,https://nsearchives.nseindia.com/corporate/EICHERMOT_27012025115228_EMLPressReleaseJanuary272025Signed.pdf,"Eicher Motors Limited has informed the Exchange regarding a press release dated January 27, 2025, titled ""ROYAL ENFIELD HUNTER 350 CROSSES 5 LAKH SALES MILESTONE"".",,,Press Release,00:00:00,27012025115247,27-Jan-2025 11:52:47,-,False,,,106125379,Automobiles - 4 Wheelers,INE066A01013,Eicher Motors Limited,2025-01-27 11:52:47,EICHERMOT
15-Jan-2025 14:11:26,,https://nsearchives.nseindia.com/corporate/Girjesh_15012025141059_Regulation_74_5_as_on_31_12_24Signed.pdf,"Eicher Motors Limited has informed the Exchange about Certificate under SEBI (Depositories and Participants) Regulations, 2018",,,"Certificate under SEBI (Depositories and Participants) Regulations, 2018",00:00:01,15012025141126,15-Jan-2025 14:11:27,-,False,,,106114564,Automobiles - 4 Wheelers,INE066A01013,Eicher Motors Limited,2025-01-15 14:11:26,EICHERMOT
03-Jan-2025 17:27:40,,https://nsearchives.nseindia.com/corporate/Girjesh_03012025172604_ClarificationletterBSE03012025.pdf,Eicher Motors Limited has informed the Exchange about Clarification with respect to the Increase in volume of the securities of the Company.,,,General Updates,00:00:00,03012025172740,03-Jan-2025 17:27:40,-,False,,,106104313,Automobiles - 4 Wheelers,INE066A01013,Eicher Motors Limited,2025-01-03 17:27:40,EICHERMOT
02-Jan-2025 17:52:27,,https://nsearchives.nseindia.com/corporate/Girjesh_02012025174940_EmlIntimationchangeinnameofRTA.pdf,"Eicher Motors Limited has informed the Exchange regarding ''Change in name of the Registrar and Share Transfer Agent of the Company from Link Intime India Private Limited to MUFG Intime India Private Limited"".",,,Updates,00:00:00,02012025175227,02-Jan-2025 17:52:27,-,False,,,106103315,Automobiles - 4 Wheelers,INE066A01013,Eicher Motors Limited,2025-01-02 17:52:27,EICHERMOT
02-Jan-2025 11:27:47,,https://nsearchives.nseindia.com/corporate/Girjesh_02012025112640_Monthlysalesvolumedec2024.pdf,Eicher Motors Limited has informed the Exchange regarding Monthly Business Updates for the month of December 2024,,,Monthly Business Updates,00:00:01,02012025112747,02-Jan-2025 11:27:48,-,False,,,106102771,Automobiles - 4 Wheelers,INE066A01013,Eicher Motors Limited,2025-01-02 11:27:47,EICHERMOT
01-Jan-2025 13:16:36,,https://nsearchives.nseindia.com/corporate/Navneetnse_01012025131411_VECVDec24salesUpdate1stJan25Updated.pdf,"Eicher Motors Limited has informed the Exchange regarding Monthly Business Updates for the month of December 2024 of VE Commercial  Vehicles Ltd., an unlisted material subsidiary of Eicher Motors Limited",,,Monthly Business Updates,00:00:01,01012025131636,01-Jan-2025 13:16:37,-,False,,,106101964,Automobiles - 4 Wheelers,INE066A01013,Eicher Motors Limited,2025-01-01 13:16:36,EICHERMOT
26-Dec-2024 16:56:22,,https://nsearchives.nseindia.com/corporate/EICHERMOT_26122024165559_EML_Tradingwindowclosure31122024Signed.pdf,"Eicher Motors Limited has informed the Exchange regarding the Trading Window closure pursuant to SEBI (Prohibition of Insider Trading) Regulations, 2015",,,Trading Window,00:00:00,26122024165622,26-Dec-2024 16:56:22,-,False,,,106095476,Automobiles - 4 Wheelers,INE066A01013,Eicher Motors Limited,2024-12-26 16:56:22,EICHERMOT
24-Dec-2024 15:40:45,,https://nsearchives.nseindia.com/corporate/Girjesh_24122024154035_Regulation_39_3__24_12_2024.pdf,Eicher Motors Limited has informed the Exchange about Loss of Share Certificates,,,Loss of Share Certificates,00:00:01,24122024154045,24-Dec-2024 15:40:46,-,False,,,106093345,Automobiles - 4 Wheelers,INE066A01013,Eicher Motors Limited,2024-12-24 15:40:45,EICHERMOT
21-Dec-2024 16:57:55,,https://nsearchives.nseindia.com/corporate/Girjesh_21122024165734_Regulation_39_3__21_12_2024_LOCSigned.pdf,Eicher Motors Limited has informed the Exchange about Issue of Duplicate Share Certificate,,,Issue of Duplicate Share Certificate,00:00:01,21122024165755,21-Dec-2024 16:57:56,-,False,,,106091504,Automobiles - 4 Wheelers,INE066A01013,Eicher Motors Limited,2024-12-21 16:57:55,EICHERMOT
12-Dec-2024 12:30:30,,https://nsearchives.nseindia.com/corporate/EICHERMOT_12122024123030_Regulation_39_3__12_12_2024_LOC.pdf,Eicher Motors Limited has informed the Exchange about Issue of Duplicate Share Certificate,,,Issue of Duplicate Share Certificate,00:00:01,12122024123030,12-Dec-2024 12:30:31,-,False,,,106083641,Automobiles - 4 Wheelers,INE066A01013,Eicher Motors Limited,2024-12-12 12:30:30,EICHERMOT
10-Dec-2024 16:45:23,,https://nsearchives.nseindia.com/corporate/EICHERMOT_10122024164523_Regulation_39_3__10_12_2024.pdf,Eicher Motors Limited has informed the Exchange about Loss of Share Certificates,,,Loss of Share Certificates,00:00:01,10122024164523,10-Dec-2024 16:45:24,-,False,,,106081640,Automobiles - 4 Wheelers,INE066A01013,Eicher Motors Limited,2024-12-10 16:45:23,EICHERMOT
05-Dec-2024 16:50:56,,https://nsearchives.nseindia.com/corporate/EICHERMOT_05122024165057_InvestorcallIntimationdec05.pdf,Eicher Motors Limited has informed the Exchange about Schedule of meet,,,Analysts/Institutional Investor Meet/Con. Call Updates,00:00:01,05122024165056,05-Dec-2024 16:50:57,-,False,,,106077975,Automobiles - 4 Wheelers,INE066A01013,Eicher Motors Limited,2024-12-05 16:50:56,EICHERMOT
04-Dec-2024 14:31:30,,https://nsearchives.nseindia.com/corporate/EICHERMOT_04122024143130_Pressreleasedec04.pdf,"Eicher Motors Limited has informed the Exchange regarding a press release dated December 04, 2024, titled ""Press Release"".",,,Press Release,00:00:01,04122024143130,04-Dec-2024 14:31:31,-,False,,,106076739,Automobiles - 4 Wheelers,INE066A01013,Eicher Motors Limited,2024-12-04 14:31:30,EICHERMOT
01-Dec-2024 18:06:26,,https://nsearchives.nseindia.com/corporate/EICHERMOT_01122024180626_Monthlysalesvolumenov24.pdf,Eicher Motors Limited has informed the Exchange regarding Monthly Business Updates for the month of November 2024,,,Monthly Business Updates,00:00:00,01122024180626,01-Dec-2024 18:06:26,-,False,,,106074223,Automobiles - 4 Wheelers,INE066A01013,Eicher Motors Limited,2024-12-01 18:06:26,EICHERMOT
01-Dec-2024 14:28:38,,https://nsearchives.nseindia.com/corporate/EICHERMOT_01122024142838_VECVNov24salesUpdate1stDec24_signed.pdf,"Eicher Motors Limited has informed the Exchange regarding Monthly Business Updates for the month of November 2024 of VE Commercial Vehicles Ltd., an unlisted material subsidiary of Eicher Motors Limited.",,,Monthly Business Updates,00:00:01,01122024142838,01-Dec-2024 14:28:39,-,False,,,106074205,Automobiles - 4 Wheelers,INE066A01013,Eicher Motors Limited,2024-12-01 14:28:38,EICHERMOT
30-Nov-2024 10:31:06,,https://nsearchives.nseindia.com/corporate/EICHERMOT_30112024103106_Regulation_39_3__30_11_2024_LOC.pdf,Eicher Motors Limited has informed the Exchange about Issue of Duplicate Share Certificate,,,Issue of Duplicate Share Certificate,00:00:01,30112024103106,30-Nov-2024 10:31:07,-,False,,,106073741,Automobiles - 4 Wheelers,INE066A01013,Eicher Motors Limited,2024-11-30 10:31:06,EICHERMOT
23-Nov-2024 20:30:38,,https://nsearchives.nseindia.com/corporate/EICHERMOT_23112024203038_PressReleasenov23.pdf,"Eicher Motors Limited has informed the Exchange regarding a press release dated November 23, 2024, titled ""Press Release"".",,,Press Release,00:00:01,23112024203038,23-Nov-2024 20:30:39,-,False,,,106068123,Automobiles - 4 Wheelers,INE066A01013,Eicher Motors Limited,2024-11-23 20:30:38,EICHERMOT
21-Nov-2024 21:53:00,,https://nsearchives.nseindia.com/corporate/EICHERMOT_21112024215300_CallIntimationnov212024.pdf,Eicher Motors Limited has informed the Exchange about Schedule of meet,,,Analysts/Institutional Investor Meet/Con. Call Updates,00:00:01,21112024215300,21-Nov-2024 21:53:01,-,False,,,106066471,Automobiles - 4 Wheelers,INE066A01013,Eicher Motors Limited,2024-11-21 21:53:00,EICHERMOT
19-Nov-2024 18:34:51,,https://nsearchives.nseindia.com/corporate/EICHERMOT_19112024183451_ConferenceCall_TranscriptNov132024.pdf,Eicher Motors Limited has informed the Exchange about Transcript,,,Analysts/Institutional Investor Meet/Con. Call Updates,00:00:01,19112024183451,19-Nov-2024 18:34:52,-,False,,,106064691,Automobiles - 4 Wheelers,INE066A01013,Eicher Motors Limited,2024-11-19 18:34:51,EICHERMOT
15-Nov-2024 21:55:52,,https://nsearchives.nseindia.com/corporate/EICHERMOT_15112024215552_EMLInvestorconferencecallNovember152024Signed.pdf,Eicher Motors Limited has informed the Exchange about Schedule of meet,,,Analysts/Institutional Investor Meet/Con. Call Updates,00:00:01,15112024215552,15-Nov-2024 21:55:53,-,False,,,106062295,Automobiles - 4 Wheelers,INE066A01013,Eicher Motors Limited,2024-11-15 21:55:52,EICHERMOT
14-Nov-2024 21:56:36,,https://nsearchives.nseindia.com/corporate/EICHERMOT_14112024215636_EMLPressReleaseBrasil14112024Signed.pdf,"Eicher Motors Limited has informed the Exchange regarding a press release dated November 14, 2024, titled ""ROYAL ENFIELD ANNOUNCES SECOND CKD UNIT IN BRAZIL"".",,,Press Release,00:00:01,14112024215636,14-Nov-2024 21:56:37,-,False,,,106060950,Automobiles - 4 Wheelers,INE066A01013,Eicher Motors Limited,2024-11-14 21:56:36,EICHERMOT
13-Nov-2024 22:12:21,,https://nsearchives.nseindia.com/corporate/EICHERMOT_13112024221221_EMLAudiorecordingconferencecall13112024Signed.pdf,Eicher Motors Limited has informed the Exchange about Link of Recording,,,Analysts/Institutional Investor Meet/Con. Call Updates,00:00:00,13112024221221,13-Nov-2024 22:12:21,-,False,,,106058447,Automobiles - 4 Wheelers,INE066A01013,Eicher Motors Limited,2024-11-13 22:12:21,EICHERMOT
13-Nov-2024 17:12:30,,https://nsearchives.nseindia.com/corporate/EICHERMOT_13112024171230_EMLInvestor_PresentationNovember132024CLSigned.pdf,Eicher Motors Limited has informed the Exchange about Investor Presentation,,,Investor Presentation,00:00:01,13112024171230,13-Nov-2024 17:12:31,-,False,,,106057526,Automobiles - 4 Wheelers,INE066A01013,Eicher Motors Limited,2024-11-13 17:12:30,EICHERMOT
13-Nov-2024 16:57:20,,https://nsearchives.nseindia.com/corporate/EICHERMOT_13112024165720_EMLTradingWindowOpeningNovember132024Signed.pdf,Eicher Motors Limited has informed the Exchange regarding 'Intimation of Opening of Trading Window of Eicher Motors Limited'.,,,Updates,00:00:01,13112024165720,13-Nov-2024 16:57:21,-,False,,,106057458,Automobiles - 4 Wheelers,INE066A01013,Eicher Motors Limited,2024-11-13 16:57:20,EICHERMOT
13-Nov-2024 16:43:57,,https://nsearchives.nseindia.com/corporate/EICHERMOT_13112024164357_EMLPressReleaseNovember132024Signedrevised.pdf,"Eicher Motors Limited has informed the Exchange regarding a press release dated November 13, 2024, titled ""EICHER MOTORS LTD ANNOUNCES FINANCIAL RESULTS FOR QUARTER ENDEDSEPTEMBER 30, 2024"".",,,Press Release,00:00:01,13112024164357,13-Nov-2024 16:43:58,-,False,,,106057405,Automobiles - 4 Wheelers,INE066A01013,Eicher Motors Limited,2024-11-13 16:43:57,EICHERMOT
13-Nov-2024 16:15:44,,https://nsearchives.nseindia.com/corporate/EICHERMOT_13112024161544_EMLSFSCFSLRRSep24results13112024Signedfinal.pdf,"Eicher Motors Limited has informed the Exchange regarding  Board meeting held on November 13, 2024.",,,Outcome of Board Meeting,00:00:00,13112024161544,13-Nov-2024 16:15:44,-,False,,,106057281,Automobiles - 4 Wheelers,INE066A01013,Eicher Motors Limited,2024-11-13 16:15:44,EICHERMOT
13-Nov-2024 16:06:03,,https://nsearchives.nseindia.com/corporate/EMLSFSCFSLRRSep24results13112024Signedfinal_13112024160603.pdf," Eicher Motors Limited has submitted to the Exchange, the financial results for the period ended September 30, 2024.",,,Financial Result Updates,00:00:00,13112024160603,13-Nov-2024 16:06:03,-,False,,,167457,Automobiles - 4 Wheelers,INE066A01013,Eicher Motors Limited,2024-11-13 16:06:03,EICHERMOT
13-Nov-2024 16:03:29,,https://nsearchives.nseindia.com/corporate/EICHERMOT_13112024160330_EMLIntimationofallotment13112024Signed.pdf,Eicher Motors Limited has informed the Exchange regarding 'allotment of equity shares of the Company'.,,,Updates,00:00:01,13112024160329,13-Nov-2024 16:03:30,-,False,,,106057235,Automobiles - 4 Wheelers,INE066A01013,Eicher Motors Limited,2024-11-13 16:03:29,EICHERMOT
11-Nov-2024 18:09:45,,https://nsearchives.nseindia.com/corporate/EICHERMOT_11112024180946_InvestorconferencecallNovember112024Signed.pdf,Eicher Motors Limited has informed the Exchange about Schedule of meet,,,Analysts/Institutional Investor Meet/Con. Call Updates,00:00:01,11112024180945,11-Nov-2024 18:09:46,-,False,,,106053588,Automobiles - 4 Wheelers,INE066A01013,Eicher Motors Limited,2024-11-11 18:09:45,EICHERMOT
09-Nov-2024 21:11:09,,https://nsearchives.nseindia.com/corporate/EICHERMOT_09112024211109_Regulation_39_3__09_11_2024_LOC.pdf,Eicher Motors Limited has informed the Exchange about Issue of Duplicate Share Certificate,,,Issue of Duplicate Share Certificate,00:00:01,09112024211109,09-Nov-2024 21:11:10,-,False,,,106052372,Automobiles - 4 Wheelers,INE066A01013,Eicher Motors Limited,2024-11-09 21:11:09,EICHERMOT
08-Nov-2024 14:48:05,,https://nsearchives.nseindia.com/corporate/EICHERMOT_08112024144805_Regulation_39_3__08_11_2024.pdf,Eicher Motors Limited has informed the Exchange about Loss of Share Certificates,,,Loss of Share Certificates,00:00:01,08112024144805,08-Nov-2024 14:48:06,-,False,,,106050582,Automobiles - 4 Wheelers,INE066A01013,Eicher Motors Limited,2024-11-08 14:48:05,EICHERMOT
06-Nov-2024 17:50:42,,https://nsearchives.nseindia.com/corporate/EICHERMOT_06112024175043_EMLConferenceCallntimationNovember132024Signed.pdf,Eicher Motors Limited has informed the Exchange about Schedule of meet,,,Analysts/Institutional Investor Meet/Con. Call Updates,00:00:01,06112024175042,06-Nov-2024 17:50:43,-,False,,,106047388,Automobiles - 4 Wheelers,INE066A01013,Eicher Motors Limited,2024-11-06 17:50:42,EICHERMOT
05-Nov-2024 17:28:18,,https://nsearchives.nseindia.com/corporate/EICHERMOT_05112024172818_Regulation_39_3__05_11_2024.pdf,Eicher Motors Limited has informed the Exchange about Loss of Share Certificates,,,Loss of Share Certificates,00:00:01,05112024172818,05-Nov-2024 17:28:19,-,False,,,106045527,Automobiles - 4 Wheelers,INE066A01013,Eicher Motors Limited,2024-11-05 17:28:18,EICHERMOT
05-Nov-2024 16:53:36,,https://nsearchives.nseindia.com/corporate/EICHERMOT_05112024165337_EMLPressReleasecoveringNovember52024Signed.pdf,"Eicher Motors Limited has informed the Exchange regarding a press release dated November 05, 2024, titled ""  ROYAL ENFIELD PRESENTS A BOLD NEW LINE-UP AT EICMA 2024,   THE ROYAL ENFIELD BEAR 650,   ROYAL ENFIELD LAUNCHES THE CLASSIC 650"".",,,Press Release,00:00:01,05112024165336,05-Nov-2024 16:53:37,-,False,,,106045390,Automobiles - 4 Wheelers,INE066A01013,Eicher Motors Limited,2024-11-05 16:53:36,EICHERMOT
04-Nov-2024 22:37:33,,https://nsearchives.nseindia.com/corporate/EICHERMOT_04112024223733_EMLPressReleaseNovember42024Signed.pdf,"Eicher Motors Limited has informed the Exchange regarding a press release dated November 04, 2024, titled ""Flying Flea, the new EV brand from Royal Enfield"".",,,Press Release,00:00:01,04112024223733,04-Nov-2024 22:37:34,-,False,,,106044237,Automobiles - 4 Wheelers,INE066A01013,Eicher Motors Limited,2024-11-04 22:37:33,EICHERMOT
04-Nov-2024 21:14:50,,https://nsearchives.nseindia.com/corporate/EICHERMOT_04112024211450_Regulation_39_3__04_11_2024_LOC.pdf,Eicher Motors Limited has informed the Exchange about Issue of Duplicate Share Certificate,,,Issue of Duplicate Share Certificate,00:00:00,04112024211450,04-Nov-2024 21:14:50,-,False,,,106044215,Automobiles - 4 Wheelers,INE066A01013,Eicher Motors Limited,2024-11-04 21:14:50,EICHERMOT
01-Nov-2024 11:54:42,,https://nsearchives.nseindia.com/corporate/EICHERMOT_01112024115442_VECVOct24salesUpdate1stNov24UpdatedSigned.pdf,"Eicher Motors Limited has informed the Exchange regarding Monthly Business Updates for the month of October 2024 of VE Commercial Vehicles Limited, an unlisted material subsidiary of Eicher Motors Limited",,,Monthly Business Updates,00:00:00,01112024115442,01-Nov-2024 11:54:42,-,False,,,106042477,Automobiles - 4 Wheelers,INE066A01013,Eicher Motors Limited,2024-11-01 11:54:42,EICHERMOT
01-Nov-2024 11:21:13,,https://nsearchives.nseindia.com/corporate/EICHERMOT_01112024112113_EMLPressReleaseNovember12024Signed.pdf,"Eicher Motors Limited has informed the Exchange regarding a press release dated November 01, 2024, titled ""ROYAL ENFIELD HITS ALL-TIME FESTIVE HIGH WITH 1,10,574 UNITS SOLD IN OCTOBER2024, SURPASSING 100,000+ SALES MILESTONE"".",,,Press Release,00:00:01,01112024112113,01-Nov-2024 11:21:14,-,False,,,106042460,Automobiles - 4 Wheelers,INE066A01013,Eicher Motors Limited,2024-11-01 11:21:13,EICHERMOT
01-Nov-2024 09:08:33,,https://nsearchives.nseindia.com/corporate/EICHERMOT_01112024090833_EMLMonthlyBusinessUpdate1stNovember2024Signed.pdf,Eicher Motors Limited has informed the Exchange regarding Monthly Business Updates for the month of October 2024,,,Monthly Business Updates,00:00:01,01112024090833,01-Nov-2024 09:08:34,-,False,,,106042438,Automobiles - 4 Wheelers,INE066A01013,Eicher Motors Limited,2024-11-01 09:08:33,EICHERMOT
26-Oct-2024 16:11:25,,https://nsearchives.nseindia.com/corporate/EICHERMOT_26102024161125_Reg30.pdf,"Eicher Motors Limited has informed the Exchange regarding 'VE Commercial Vehicles Limited ( VECV ), a material subsidiary of Eicher Motors Limited, has incorporated a new subsidiary company in Indonesia'.",,,Updates,00:00:00,26102024161125,26-Oct-2024 16:11:25,-,False,,,106036017,Automobiles - 4 Wheelers,INE066A01013,Eicher Motors Limited,2024-10-26 16:11:25,EICHERMOT
25-Oct-2024 22:50:26,,https://nsearchives.nseindia.com/corporate/EICHERMOT_25102024225026_EMLSATorder25thOctober2024Signed.pdf,Eicher Motors Limited has informed the Exchange about Action(s) taken or orders passed,,,Action(s) taken or orders passed,00:00:01,25102024225026,25-Oct-2024 22:50:27,-,False,,,106035644,Automobiles - 4 Wheelers,INE066A01013,Eicher Motors Limited,2024-10-25 22:50:26,EICHERMOT
21-Oct-2024 17:20:31,,https://nsearchives.nseindia.com/corporate/EICHERMOT_21102024172031_EMLCompanysStatementOctober212024.pdf,Eicher Motors Limited has informed the Exchange regarding 'Company's Statement- Royal Enfield Debuts in Bangladesh with Manufacturing & Assembly Unit and Flagship Store in Dhaka'.,,,Updates,00:00:01,21102024172031,21-Oct-2024 17:20:32,-,False,,,106029193,Automobiles - 4 Wheelers,INE066A01013,Eicher Motors Limited,2024-10-21 17:20:31,EICHERMOT
20-Oct-2024 14:00:20,,https://nsearchives.nseindia.com/corporate/EICHERMOT_20102024140020_Regulation_39_3__20_10_2024_LOC.pdf,Eicher Motors Limited has informed the Exchange about Issue of Duplicate Share Certificate,,,Issue of Duplicate Share Certificate,00:00:01,20102024140020,20-Oct-2024 14:00:21,-,False,,,106028402,Automobiles - 4 Wheelers,INE066A01013,Eicher Motors Limited,2024-10-20 14:00:20,EICHERMOT
18-Oct-2024 17:49:21,,https://nsearchives.nseindia.com/corporate/EICHERMOT_18102024174921_Regulation_39_3__18_10_2024.pdf,Eicher Motors Limited has informed the Exchange about Loss of Share Certificates,,,Loss of Share Certificates,00:00:01,18102024174921,18-Oct-2024 17:49:22,-,False,,,106027287,Automobiles - 4 Wheelers,INE066A01013,Eicher Motors Limited,2024-10-18 17:49:21,EICHERMOT
14-Oct-2024 22:48:48,,https://nsearchives.nseindia.com/corporate/EICHERMOT_14102024224848_Regulation_39_3__14_10_2024.pdf,Eicher Motors Limited has informed the Exchange about Loss of Share Certificates,,,Loss of Share Certificates,00:00:00,14102024224848,14-Oct-2024 22:48:48,-,False,,,106022383,Automobiles - 4 Wheelers,INE066A01013,Eicher Motors Limited,2024-10-14 22:48:48,EICHERMOT
14-Oct-2024 11:40:48,,https://nsearchives.nseindia.com/corporate/EICHERMOT_14102024114048_Regulation_74_5_300924_Signed.pdf,"Eicher Motors Limited has informed the Exchange about Certificate under SEBI (Depositories and Participants) Regulations, 2018",,,"Certificate under SEBI (Depositories and Participants) Regulations, 2018",00:00:00,14102024114048,14-Oct-2024 11:40:48,-,False,,,106021421,Automobiles - 4 Wheelers,INE066A01013,Eicher Motors Limited,2024-10-14 11:40:48,EICHERMOT
02-Oct-2024 16:34:06,,https://nsearchives.nseindia.com/corporate/EICHERMOT_02102024163406_Regulation_39_3__02_10_2024.pdf,Eicher Motors Limited has informed the Exchange about Loss of Share Certificates,,,Loss of Share Certificates,00:00:00,02102024163406,02-Oct-2024 16:34:06,-,False,,,106011118,Automobiles - 4 Wheelers,INE066A01013,Eicher Motors Limited,2024-10-02 16:34:06,EICHERMOT
01-Oct-2024 22:47:49,,https://nsearchives.nseindia.com/corporate/EICHERMOT_01102024224749_EMLMonthlyBusinessUpdate1stOctober2024Signed.pdf,Eicher Motors Limited has informed the Exchange regarding Monthly Business Updates for the month of September 2024,,,Monthly Business Updates,00:00:01,01102024224749,01-Oct-2024 22:47:50,-,False,,,106010779,Automobiles - 4 Wheelers,INE066A01013,Eicher Motors Limited,2024-10-01 22:47:49,EICHERMOT
01-Oct-2024 22:36:50,,https://nsearchives.nseindia.com/corporate/EICHERMOT_01102024223650_Regulation_39_3__01_10_2024_LOC.pdf,Eicher Motors Limited has informed the Exchange about Issue of Duplicate Share Certificate,,,Issue of Duplicate Share Certificate,00:00:01,01102024223650,01-Oct-2024 22:36:51,-,False,,,106010766,Automobiles - 4 Wheelers,INE066A01013,Eicher Motors Limited,2024-10-01 22:36:50,EICHERMOT
01-Oct-2024 12:37:05,,https://nsearchives.nseindia.com/corporate/EICHERMOT_01102024123705_VECVSep24salesUpdate1stOct24UpdatedSigned.pdf,"Eicher Motors Limited has informed the Exchange regarding Monthly Business Updates for the month of September 2024,of VE Commercial Vehicles Limited, an unlisted material subsidiary of Eicher Motors Limited",,,Monthly Business Updates,00:00:01,01102024123705,01-Oct-2024 12:37:06,-,False,,,106009619,Automobiles - 4 Wheelers,INE066A01013,Eicher Motors Limited,2024-10-01 12:37:05,EICHERMOT
30-Sep-2024 17:17:45,,https://nsearchives.nseindia.com/corporate/EICHERMOT_30092024171745_Regulation_39_3__30_09_2024.pdf,Eicher Motors Limited has informed the Exchange about Loss of Share Certificates,,,Loss of Share Certificates,00:00:01,30092024171745,30-Sep-2024 17:17:46,-,False,,,106007914,Automobiles - 4 Wheelers,INE066A01013,Eicher Motors Limited,2024-09-30 17:17:45,EICHERMOT
28-Sep-2024 18:12:28,,https://nsearchives.nseindia.com/corporate/EICHERMOT_28092024181228_EMLRecallSTXintimation28092024Signed.pdf,Eicher Motors Limited has informed the Exchange about Intimation regarding recall of a batch of Royal Enfield motorcycles,,,General Updates,00:00:01,28092024181228,28-Sep-2024 18:12:29,-,False,,,106006040,Automobiles - 4 Wheelers,INE066A01013,Eicher Motors Limited,2024-09-28 18:12:28,EICHERMOT
26-Sep-2024 19:26:18,,https://nsearchives.nseindia.com/corporate/EICHERMOT_26092024192619_EMLKYCReminderSTXintimationSept262024Signed.pdf,Eicher Motors Limited has informed the Exchange about Intimation to shareholders holding shares in physical mode,,,General Updates,00:00:01,26092024192618,26-Sep-2024 19:26:19,-,False,,,106002203,Automobiles - 4 Wheelers,INE066A01013,Eicher Motors Limited,2024-09-26 19:26:18,EICHERMOT
25-Sep-2024 20:50:13,,https://nsearchives.nseindia.com/corporate/EICHERMOT_25092024205013_Regulation_39_3__25_09_2024.pdf,Eicher Motors Limited has informed the Exchange about Loss of Share Certificates,,,Loss of Share Certificates,00:00:01,25092024205013,25-Sep-2024 20:50:14,-,False,,,105999807,Automobiles - 4 Wheelers,INE066A01013,Eicher Motors Limited,2024-09-25 20:50:13,EICHERMOT
24-Sep-2024 17:57:42,,https://nsearchives.nseindia.com/corporate/EICHERMOT_24092024175742_EMLInvestorconferencecallSeptember242024Signed.pdf,Eicher Motors Limited has informed the Exchange about Schedule of meet,,,Analysts/Institutional Investor Meet/Con. Call Updates,00:00:01,24092024175742,24-Sep-2024 17:57:43,-,False,,,105997694,Automobiles - 4 Wheelers,INE066A01013,Eicher Motors Limited,2024-09-24 17:57:42,EICHERMOT
23-Sep-2024 17:37:12,,https://nsearchives.nseindia.com/corporate/EICHERMOT_23092024173712_EMLTradingWindowClosureSept232024Signed.pdf,"Eicher Motors Limited has informed the Exchange regarding the Trading Window closure pursuant to SEBI (Prohibition of Insider Trading) Regulations, 2015",,,Trading Window,00:00:01,23092024173712,23-Sep-2024 17:37:13,-,False,,,105996257,Automobiles - 4 Wheelers,INE066A01013,Eicher Motors Limited,2024-09-23 17:37:12,EICHERMOT
21-Sep-2024 22:55:03,,https://nsearchives.nseindia.com/corporate/EICHERMOT_21092024225503_Regulation_39_3__21_09_2024_LOC.pdf,Eicher Motors Limited has informed the Exchange about Issue of Duplicate Share Certificate,,,Issue of Duplicate Share Certificate,00:00:00,21092024225503,21-Sep-2024 22:55:03,-,False,,,105995473,Automobiles - 4 Wheelers,INE066A01013,Eicher Motors Limited,2024-09-21 22:55:03,EICHERMOT
20-Sep-2024 22:11:18,,https://nsearchives.nseindia.com/corporate/EICHERMOT_20092024221118_Regulation_39_3__20_09_2024.pdf,Eicher Motors Limited has informed the Exchange about Loss of Share Certificates,,,Loss of Share Certificates,00:00:01,20092024221118,20-Sep-2024 22:11:19,-,False,,,105994759,Automobiles - 4 Wheelers,INE066A01013,Eicher Motors Limited,2024-09-20 22:11:18,EICHERMOT
20-Sep-2024 17:24:00,,https://nsearchives.nseindia.com/corporate/EICHERMOT_20092024172400_EMLInvestorconferencecallSeptember202024Signed.pdf,Eicher Motors Limited has informed the Exchange about Schedule of meet,,,Analysts/Institutional Investor Meet/Con. Call Updates,00:00:00,20092024172400,20-Sep-2024 17:24:00,-,False,,,105994379,Automobiles - 4 Wheelers,INE066A01013,Eicher Motors Limited,2024-09-20 17:24:00,EICHERMOT
13-Sep-2024 21:20:27,,https://nsearchives.nseindia.com/corporate/EICHERMOT_13092024212027_EMLInvestorconferencecallSeptember132024Signed.pdf,Eicher Motors Limited has informed the Exchange about Schedule of meet,,,Analysts/Institutional Investor Meet/Con. Call Updates,00:00:00,13092024212027,13-Sep-2024 21:20:27,-,False,,,105988313,Automobiles - 4 Wheelers,INE066A01013,Eicher Motors Limited,2024-09-13 21:20:27,EICHERMOT
10-Sep-2024 17:00:04,,https://nsearchives.nseindia.com/corporate/EICHERMOT_10092024170004_Regulation_39_3__10_09_2024_LOC_Fazal.pdf,Eicher Motors Limited has informed the Exchange about Loss of Share Certificates,,,Loss of Share Certificates,00:00:02,10092024170004,10-Sep-2024 17:00:06,-,False,,,105984456,Automobiles - 4 Wheelers,INE066A01013,Eicher Motors Limited,2024-09-10 17:00:04,EICHERMOT
10-Sep-2024 17:00:04,,https://nsearchives.nseindia.com/corporate/EICHERMOT_10092024170004_Regulation_39_3__10_09_2024_LOC_Arun.pdf,Eicher Motors Limited has informed the Exchange about Loss of Share Certificates,,,Loss of Share Certificates,00:00:01,10092024170004,10-Sep-2024 17:00:05,-,False,,,105984455,Automobiles - 4 Wheelers,INE066A01013,Eicher Motors Limited,2024-09-10 17:00:04,EICHERMOT
10-Sep-2024 17:00:04,,https://nsearchives.nseindia.com/corporate/EICHERMOT_10092024170004_Regulation_39_3__10_09_2024_LOC_Chandulal.pdf,Eicher Motors Limited has informed the Exchange about Loss of Share Certificates,,,Loss of Share Certificates,00:00:01,10092024170004,10-Sep-2024 17:00:05,-,False,,,105984454,Automobiles - 4 Wheelers,INE066A01013,Eicher Motors Limited,2024-09-10 17:00:04,EICHERMOT
10-Sep-2024 17:00:04,,https://nsearchives.nseindia.com/corporate/EICHERMOT_10092024170004_Regulation_39_3__10_09_2024_LOC_Narendra.pdf,Eicher Motors Limited has informed the Exchange about Loss of Share Certificates,,,Loss of Share Certificates,00:00:02,10092024170004,10-Sep-2024 17:00:06,-,False,,,105984457,Automobiles - 4 Wheelers,INE066A01013,Eicher Motors Limited,2024-09-10 17:00:04,EICHERMOT
04-Sep-2024 18:05:57,,https://nsearchives.nseindia.com/corporate/EICHERMOT_04092024180557_EMLInvestorconferencecallSeptember042024Signed.pdf,Eicher Motors Limited has informed the Exchange about Schedule of meet,,,Analysts/Institutional Investor Meet/Con. Call Updates,00:00:01,04092024180557,04-Sep-2024 18:05:58,-,False,,,105977646,Automobiles - 4 Wheelers,INE066A01013,Eicher Motors Limited,2024-09-04 18:05:57,EICHERMOT
03-Sep-2024 22:02:47,,https://nsearchives.nseindia.com/corporate/EICHERMOT_03092024220247_Regulation_39_3__03_09_2024.pdf,Eicher Motors Limited has informed the Exchange about Loss of Share Certificates,,,Loss of Share Certificates,00:00:01,03092024220247,03-Sep-2024 22:02:48,-,False,,,105976372,Automobiles - 4 Wheelers,INE066A01013,Eicher Motors Limited,2024-09-03 22:02:47,EICHERMOT
01-Sep-2024 18:23:43,,https://nsearchives.nseindia.com/corporate/EICHERMOT_01092024182343_EMLMonthlyBusinessUpdate1stSeptember2024Signed.pdf,Eicher Motors Limited has informed the Exchange regarding Monthly Business Updates for the month of August 2024,,,Monthly Business Updates,00:00:01,01092024182343,01-Sep-2024 18:23:44,-,False,,,105973344,Automobiles - 4 Wheelers,INE066A01013,Eicher Motors Limited,2024-09-01 18:23:43,EICHERMOT
01-Sep-2024 18:06:45,,https://nsearchives.nseindia.com/corporate/EICHERMOT_01092024180645_VECVAug24salesUpdate1stSep24UpdatedSigned.pdf,"Eicher Motors Limited has informed the Exchange regarding Monthly Business Updates for the month of August 2024 of VE Commercial Vehicles Limited, an unlisted material subsidiary of Eicher Motors Limited",,,Monthly Business Updates,00:00:01,01092024180645,01-Sep-2024 18:06:46,-,False,,,105973342,Automobiles - 4 Wheelers,INE066A01013,Eicher Motors Limited,2024-09-01 18:06:45,EICHERMOT
31-Aug-2024 19:04:36,,https://nsearchives.nseindia.com/corporate/EICHERMOT_31082024190436_EMLPressReleaseAugust312024classicSigned.pdf,"Eicher Motors Limited has informed the Exchange regarding a press release dated August 31, 2024, titled ""ROYAL ENFIELD LAUNCHES THE 2024 CLASSIC 350"".",,,Press Release,00:00:00,31082024190436,31-Aug-2024 19:04:36,-,False,,,105972924,Automobiles - 4 Wheelers,INE066A01013,Eicher Motors Limited,2024-08-31 19:04:36,EICHERMOT
31-Aug-2024 16:19:55,,https://nsearchives.nseindia.com/corporate/EICHERMOT_31082024161955_EMLDemandOrderGSTTNPunjaAssam.pdf,Eicher Motors Limited has informed the Exchange regarding 'GST demand orders'.,,,Updates,00:00:01,31082024161955,31-Aug-2024 16:19:56,-,False,,,105972663,Automobiles - 4 Wheelers,INE066A01013,Eicher Motors Limited,2024-08-31 16:19:55,EICHERMOT
28-Aug-2024 15:13:23,,https://nsearchives.nseindia.com/corporate/EICHERMOT_28082024151323_Regulation_39_3__28_08_2024.pdf,Eicher Motors Limited has informed the Exchange about Loss of Share Certificates,,,Loss of Share Certificates,00:00:01,28082024151323,28-Aug-2024 15:13:24,-,False,,,105968009,Automobiles - 4 Wheelers,INE066A01013,Eicher Motors Limited,2024-08-28 15:13:23,EICHERMOT
27-Aug-2024 12:38:12,,https://nsearchives.nseindia.com/corporate/EICHERMOT_27082024123812_EMLDemandOrderfromGSTIntimationtostockexchanges27082024.pdf,Eicher Motors Limited has informed the Exchange regarding 'GST demand order'.,,,Updates,00:00:01,27082024123812,27-Aug-2024 12:38:13,-,False,,,105966521,Automobiles - 4 Wheelers,INE066A01013,Eicher Motors Limited,2024-08-27 12:38:12,EICHERMOT
23-Aug-2024 22:08:09,,https://nsearchives.nseindia.com/corporate/EICHERMOT_23082024220809_EMLInvestorConferenceCall23082024Signed.pdf,Eicher Motors Limited has informed the Exchange about Schedule of meet,,,Analysts/Institutional Investor Meet/Con. Call Updates,00:00:01,23082024220809,23-Aug-2024 22:08:10,-,False,,,105964350,Automobiles - 4 Wheelers,INE066A01013,Eicher Motors Limited,2024-08-23 22:08:09,EICHERMOT
23-Aug-2024 12:16:46,,https://nsearchives.nseindia.com/corporate/EICHERMOT_23082024121646_DirectorReappointmentRegulation30AGM2024Signed.pdf,Eicher Motors Limited has informed the Exchange regarding Change in Director(s) of the company.,,,Change in Director(s),00:00:01,23082024121646,23-Aug-2024 12:16:47,-,False,,,105963507,Automobiles - 4 Wheelers,INE066A01013,Eicher Motors Limited,2024-08-23 12:16:46,EICHERMOT
23-Aug-2024 12:08:35,,https://nsearchives.nseindia.com/corporate/EICHERMOT_23082024120835_EMLCoveringletterResults2024AGMSigned.pdf,"Eicher Motors Limited has submitted the Exchange a copy Srutinizers report of  Annual General Meeting held on August 22, 2024. Further, the company has informed the Exchange regarding voting results.",,,Shareholders meeting,00:00:01,23082024120835,23-Aug-2024 12:08:36,-,False,,,105963490,Automobiles - 4 Wheelers,INE066A01013,Eicher Motors Limited,2024-08-23 12:08:35,EICHERMOT
23-Aug-2024 09:17:39,,https://nsearchives.nseindia.com/corporate/EICHERMOT_23082024091739_DemandOrderfromGSTIntimationtostockexchanges22082024Signed.pdf,Eicher Motors Limited has informed the Exchange regarding 'GST demand order'.,,,Updates,00:00:02,23082024091739,23-Aug-2024 09:17:41,-,False,,,105963114,Automobiles - 4 Wheelers,INE066A01013,Eicher Motors Limited,2024-08-23 09:17:39,EICHERMOT
22-Aug-2024 18:20:20,,https://nsearchives.nseindia.com/corporate/EICHERMOT_22082024182020_EMLProceedingsAGM42nd202422082024Signed.pdf,"Eicher Motors Limited has informed the Exchange regarding Proceedings of Annual General Meeting held on August 22, 2024",,,Shareholders meeting,00:00:01,22082024182020,22-Aug-2024 18:20:21,-,False,,,105962570,Automobiles - 4 Wheelers,INE066A01013,Eicher Motors Limited,2024-08-22 18:20:20,EICHERMOT
21-Aug-2024 15:20:04,,https://nsearchives.nseindia.com/corporate/EICHERMOT_21082024152004_Regulation_39_3__21_08_2024_SinghLOC.pdf,Eicher Motors Limited has informed the Exchange about Loss of Share Certificates,,,Loss of Share Certificates,00:00:01,21082024152004,21-Aug-2024 15:20:05,-,False,,,105960851,Automobiles - 4 Wheelers,INE066A01013,Eicher Motors Limited,2024-08-21 15:20:04,EICHERMOT
21-Aug-2024 15:20:04,,https://nsearchives.nseindia.com/corporate/EICHERMOT_21082024152004_Regulation_39_3__21_08_2024_RabindraLOC.pdf,Eicher Motors Limited has informed the Exchange about Loss of Share Certificates,,,Loss of Share Certificates,00:00:01,21082024152004,21-Aug-2024 15:20:05,-,False,,,105960852,Automobiles - 4 Wheelers,INE066A01013,Eicher Motors Limited,2024-08-21 15:20:04,EICHERMOT
14-Aug-2024 18:06:17,,https://nsearchives.nseindia.com/corporate/EICHERMOT_14082024180618_EMLEarninngCallsTranscript14082024Signed.pdf,Eicher Motors Limited has informed the Exchange about Transcript,,,Analysts/Institutional Investor Meet/Con. Call Updates,00:00:01,14082024180617,14-Aug-2024 18:06:18,-,False,,,105955050,Automobiles - 4 Wheelers,INE066A01013,Eicher Motors Limited,2024-08-14 18:06:17,EICHERMOT
14-Aug-2024 16:26:21,,https://nsearchives.nseindia.com/corporate/EICHERMOT_14082024162622_Regulation_39_3__14_08_2024.pdf,Eicher Motors Limited has informed the Exchange about Loss of Share Certificates,,,Loss of Share Certificates,00:00:01,14082024162621,14-Aug-2024 16:26:22,-,False,,,105954573,Automobiles - 4 Wheelers,INE066A01013,Eicher Motors Limited,2024-08-14 16:26:21,EICHERMOT
08-Aug-2024 22:50:04,,https://nsearchives.nseindia.com/corporate/EICHERMOT_08082024225004_EMLAudioRecordingofConferenceCallAugust082024.pdf,Eicher Motors Limited has informed the Exchange about Link of Recording,,,Analysts/Institutional Investor Meet/Con. Call Updates,00:00:01,08082024225004,08-Aug-2024 22:50:05,-,False,,,105946500,Automobiles - 4 Wheelers,INE066A01013,Eicher Motors Limited,2024-08-08 22:50:04,EICHERMOT
08-Aug-2024 18:33:00,,https://nsearchives.nseindia.com/corporate/EICHERMOT_08082024183300_EMLInvestorPresentationAugust082024Signed.pdf,Eicher Motors Limited has informed the Exchange about Investor Presentation,,,Investor Presentation,00:00:01,08082024183300,08-Aug-2024 18:33:01,-,False,,,105945933,Automobiles - 4 Wheelers,INE066A01013,Eicher Motors Limited,2024-08-08 18:33:00,EICHERMOT
08-Aug-2024 18:21:39,,https://nsearchives.nseindia.com/corporate/EICHERMOT_08082024182139_EMLTradingWindowOpeningAugust82024Signed.pdf,Eicher Motors Limited has informed the Exchange regarding 'Opening of Trading Window'.,,,Updates,00:00:00,08082024182139,08-Aug-2024 18:21:39,-,False,,,105945873,Automobiles - 4 Wheelers,INE066A01013,Eicher Motors Limited,2024-08-08 18:21:39,EICHERMOT
08-Aug-2024 17:52:52,,https://nsearchives.nseindia.com/corporate/EICHERMOT_08082024175252_EMLPressReleaseAugust82024Signed.pdf,"Eicher Motors Limited has informed the Exchange regarding a press release dated August 08, 2024, titled ""EICHER MOTORS LTD ANNOUNCES FINANCIAL RESULTS FOR QUARTER ENDED JUNE 30, 2024RECORDS HIGHEST EVER QUARTERLY REVENUES, EBITDA AND PROFITS"".",,,Press Release,00:00:01,08082024175252,08-Aug-2024 17:52:53,-,False,,,105945731,Automobiles - 4 Wheelers,INE066A01013,Eicher Motors Limited,2024-08-08 17:52:52,EICHERMOT
08-Aug-2024 17:38:37,,https://nsearchives.nseindia.com/corporate/EICHERMOT_08082024173837_EMLOutcomeofBoardMeetingAugust82024Signedbse.pdf,"Eicher Motors Limited has informed the Exchange regarding  Board meeting held on August 08, 2024.",,,Outcome of Board Meeting,00:00:00,08082024173837,08-Aug-2024 17:38:37,-,False,,,105945677,Automobiles - 4 Wheelers,INE066A01013,Eicher Motors Limited,2024-08-08 17:38:37,EICHERMOT
08-Aug-2024 17:37:16,,https://nsearchives.nseindia.com/corporate/EMLOutcomeofBoardMeetingAugust82024Signedbse_08082024173716.pdf," Eicher Motors Limited has submitted to the Exchange, the financial results for the period ended June 30, 2024.",,,Financial Result Updates,00:00:00,08082024173716,08-Aug-2024 17:37:16,-,False,,,164588,Automobiles - 4 Wheelers,INE066A01013,Eicher Motors Limited,2024-08-08 17:37:16,EICHERMOT
08-Aug-2024 17:32:23,,https://nsearchives.nseindia.com/corporate/EICHERMOT_08082024173223_EMLIntimationofAllotmentAugust82024Signed.pdf,"Eicher Motors Limited has informed the Exchange regarding allotment of 50195 securities pursuant to ESOP/ESPS at its meeting held on August 08, 2024",,,Allotment of Securities,00:00:01,08082024173223,08-Aug-2024 17:32:24,-,False,,,105945648,Automobiles - 4 Wheelers,INE066A01013,Eicher Motors Limited,2024-08-08 17:32:23,EICHERMOT
08-Aug-2024 13:03:16,,https://nsearchives.nseindia.com/corporate/EICHERMOT_08082024130316_EMLDemandOrderfromGSTIntimationtostockexchanges07082024Signed.pdf,Eicher Motors Limited has informed the Exchange regarding 'GST Demand Order'.,,,Updates,00:00:01,08082024130316,08-Aug-2024 13:03:17,-,False,,,105944979,Automobiles - 4 Wheelers,INE066A01013,Eicher Motors Limited,2024-08-08 13:03:16,EICHERMOT
07-Aug-2024 19:50:18,,https://nsearchives.nseindia.com/corporate/EICHERMOT_07082024195018_EMLIntimationofGrantAugust82024Signed.pdf,Eicher Motors Limited has informed the Exchange regarding Grant of 1725  Options.,,,ESOP/ESOS/ESPS,00:00:01,07082024195018,07-Aug-2024 19:50:19,-,False,,,105944099,Automobiles - 4 Wheelers,INE066A01013,Eicher Motors Limited,2024-08-07 19:50:18,EICHERMOT
02-Aug-2024 13:39:31,,https://nsearchives.nseindia.com/corporate/EICHERMOT_02082024133931_EMLDemandOrderfromGSTIntimationtostockexchanges01082024Signed.pdf,Eicher Motors Limited has informed the Exchange regarding 'GST Demand Order'.,,,Updates,00:00:00,02082024133931,02-Aug-2024 13:39:31,-,False,,,105936500,Automobiles - 4 Wheelers,INE066A01013,Eicher Motors Limited,2024-08-02 13:39:31,EICHERMOT
01-Aug-2024 18:17:07,,https://nsearchives.nseindia.com/corporate/EICHERMOT_01082024181707_EMLConferenceCallIntimationAugust82024Signed.pdf,Eicher Motors Limited has informed the Exchange about Schedule of meet,,,Analysts/Institutional Investor Meet/Con. Call Updates,00:00:01,01082024181707,01-Aug-2024 18:17:08,-,False,,,105935368,Automobiles - 4 Wheelers,INE066A01013,Eicher Motors Limited,2024-08-01 18:17:07,EICHERMOT
01-Aug-2024 18:13:49,,https://nsearchives.nseindia.com/corporate/EICHERMOT_01082024181349_EMLMonthlyBusinessUpdate1stAugust2024Signed.pdf,Eicher Motors Limited has informed the Exchange regarding Monthly Business Updates for the month of July 2024,,,Monthly Business Updates,00:00:01,01082024181349,01-Aug-2024 18:13:50,-,False,,,105935353,Automobiles - 4 Wheelers,INE066A01013,Eicher Motors Limited,2024-08-01 18:13:49,EICHERMOT
01-Aug-2024 16:09:28,,https://nsearchives.nseindia.com/corporate/EICHERMOT_01082024160928_VECVJul24salesUpdate1stAug24UpdatedSigned.pdf,"Eicher Motors Limited has informed the Exchange regarding Monthly Business Updates for the month of July 2024 of VE Commercial Vehicles Limited, an unlisted material subsidiary of Eicher Motors Limited",,,Monthly Business Updates,00:00:01,01082024160928,01-Aug-2024 16:09:29,-,False,,,105934939,Automobiles - 4 Wheelers,INE066A01013,Eicher Motors Limited,2024-08-01 16:09:28,EICHERMOT
31-Jul-2024 16:01:36,,https://nsearchives.nseindia.com/corporate/EICHERMOT_31072024160136_EMLNewspaperAdvertisement42ndAnnualGeneralMeetingoftheCompany.pdf,News Paper Advertisement - 42nd Annual General Meeting of the Company,,,Copy of Newspaper Publication,00:00:01,31072024160136,31-Jul-2024 16:01:37,-,False,,,105932983,Automobiles - 4 Wheelers,INE066A01013,Eicher Motors Limited,2024-07-31 16:01:36,EICHERMOT
31-Jul-2024 13:12:57,,https://nsearchives.nseindia.com/corporate/EICHERMOT_31072024131257_Regulation_39_3__31_07_2024.pdf,Eicher Motors Limited has informed the Exchange about Loss of Share Certificates,,,Loss of Share Certificates,00:00:00,31072024131257,31-Jul-2024 13:12:57,-,False,,,105932685,Automobiles - 4 Wheelers,INE066A01013,Eicher Motors Limited,2024-07-31 13:12:57,EICHERMOT
30-Jul-2024 17:29:10,,https://nsearchives.nseindia.com/corporate/EICHERMOT_30072024172910_EMLAnnualReport2024StockExchangefiling30072024Signed.pdf,"Eicher Motors Limited has informed the Exchange regarding Notice of Annual General Meeting to be held on August 22, 2024",,,Shareholders meeting,00:00:01,30072024172910,30-Jul-2024 17:29:11,-,False,,,105931452,Automobiles - 4 Wheelers,INE066A01013,Eicher Motors Limited,2024-07-30 17:29:10,EICHERMOT
20-Jul-2024 11:08:45,,https://nsearchives.nseindia.com/corporate/EICHERMOT_20072024110845_Regulation_39_3__20_07_2024_LOC.pdf,Eicher Motors Limited has informed the Exchange about Loss of Share Certificates,,,Loss of Share Certificates,00:00:01,20072024110845,20-Jul-2024 11:08:46,-,False,,,105920467,Automobiles - 4 Wheelers,INE066A01013,Eicher Motors Limited,2024-07-20 11:08:45,EICHERMOT
19-Jul-2024 16:55:09,,https://nsearchives.nseindia.com/corporate/EICHERMOT_19072024165509_Regulation_39_3__19_07_2024.pdf,Eicher Motors Limited has informed the Exchange about Loss of Share Certificates,,,Loss of Share Certificates,00:00:00,19072024165509,19-Jul-2024 16:55:09,-,False,,,105919719,Automobiles - 4 Wheelers,INE066A01013,Eicher Motors Limited,2024-07-19 16:55:09,EICHERMOT
18-Jul-2024 19:30:09,,https://nsearchives.nseindia.com/corporate/EICHERMOT_18072024193010_EMLDemandOrderfromGSTIntimationtostockexchanges18072024.pdf,Eicher Motors Limited has informed the Exchange regarding 'GST demand order'.,,,Updates,00:00:01,18072024193009,18-Jul-2024 19:30:10,-,False,,,105918677,Automobiles - 4 Wheelers,INE066A01013,Eicher Motors Limited,2024-07-18 19:30:09,EICHERMOT
17-Jul-2024 00:54:48,,https://nsearchives.nseindia.com/corporate/EICHERMOT_17072024005448_EMLPressReleaseJuly172024Signed.pdf,"Eicher Motors Limited has informed the Exchange regarding a press release dated July 17, 2024, titled ""THE ROYAL ENFIELD GUERRILLA 450 IS HERE"".",,,Press Release,00:00:00,17072024005448,17-Jul-2024 00:54:48,-,False,,,105916798,Automobiles - 4 Wheelers,INE066A01013,Eicher Motors Limited,2024-07-17 00:54:48,EICHERMOT
12-Jul-2024 21:50:53,,https://nsearchives.nseindia.com/corporate/EICHERMOT_12072024215053_EMLDemandOrderfromGSTIntimationtostockexchanges12072024Signed.pdf,Eicher Motors Limited has informed the Exchange regarding 'GST demand order'.,,,Updates,00:00:01,12072024215053,12-Jul-2024 21:50:54,-,False,,,105913218,Automobiles - 4 Wheelers,INE066A01013,Eicher Motors Limited,2024-07-12 21:50:53,EICHERMOT
12-Jul-2024 15:36:11,,https://nsearchives.nseindia.com/corporate/EICHERMOT_12072024153611_Regulation_74_5_as_on_30_06_2024.pdf,"Eicher Motors Limited has informed the Exchange about Certificate under SEBI (Depositories and Participants) Regulations, 2018",,,"Certificate under SEBI (Depositories and Participants) Regulations, 2018",00:00:00,12072024153611,12-Jul-2024 15:36:11,-,False,,,105912551,Automobiles - 4 Wheelers,INE066A01013,Eicher Motors Limited,2024-07-12 15:36:11,EICHERMOT
10-Jul-2024 22:24:03,,https://nsearchives.nseindia.com/corporate/EICHERMOT_10072024222403_Regulation_39_3__10_07_2024_LOC.pdf,Eicher Motors Limited has informed the Exchange about Loss of Share Certificates,,,Loss of Share Certificates,00:00:01,10072024222403,10-Jul-2024 22:24:04,-,False,,,105910338,Automobiles - 4 Wheelers,INE066A01013,Eicher Motors Limited,2024-07-10 22:24:03,EICHERMOT
05-Jul-2024 22:40:12,,https://nsearchives.nseindia.com/corporate/EICHERMOT_05072024224012_Regulation_39_3__05_07_2024.pdf,Eicher Motors Limited has informed the Exchange about Loss of Share Certificates,,,Loss of Share Certificates,00:00:01,05072024224012,05-Jul-2024 22:40:13,-,False,,,105905567,Automobiles - 4 Wheelers,INE066A01013,Eicher Motors Limited,2024-07-05 22:40:12,EICHERMOT
05-Jul-2024 15:59:35,,https://nsearchives.nseindia.com/corporate/EICHERMOT_05072024155935_EMLNewspaperAdvertisement42ndAnnualGeneralMeetingoftheCompanySigned.pdf,Eicher Motors Limited has informed the Exchange about Copy of Newspaper Publication,,,Copy of Newspaper Publication,00:00:01,05072024155935,05-Jul-2024 15:59:36,-,False,,,105904917,Automobiles - 4 Wheelers,INE066A01013,Eicher Motors Limited,2024-07-05 15:59:35,EICHERMOT
04-Jul-2024 15:41:47,,https://nsearchives.nseindia.com/corporate/EICHERMOT_04072024154147_Regulation_39_3__04_07_2024.pdf,Eicher Motors Limited has informed the Exchange about Loss of Share Certificates,,,Loss of Share Certificates,00:00:01,04072024154147,04-Jul-2024 15:41:48,-,False,,,105903454,Automobiles - 4 Wheelers,INE066A01013,Eicher Motors Limited,2024-07-04 15:41:47,EICHERMOT
01-Jul-2024 21:52:56,,https://nsearchives.nseindia.com/corporate/EICHERMOT_01072024215256_EMLMonthlyBusinessUpdate1stJuly2024Signed.pdf,Eicher Motors Limited has informed the Exchange regarding Monthly Business Updates for the month of June 2024,,,Monthly Business Updates,00:00:01,01072024215256,01-Jul-2024 21:52:57,-,False,,,105900329,Automobiles - 4 Wheelers,INE066A01013,Eicher Motors Limited,2024-07-01 21:52:56,EICHERMOT
01-Jul-2024 14:58:46,,https://nsearchives.nseindia.com/corporate/EICHERMOT_01072024145846_VECVJun24salesUpdate1stJul24UpdatedSigned.pdf,"Eicher Motors Limited has informed the Exchange regarding Monthly Business Updates for the month of June 2024 of VE Commercial Vehicles Limited, an unlisted material subsidiary of Eicher Motors Limited",,,Monthly Business Updates,00:00:01,01072024145846,01-Jul-2024 14:58:47,-,False,,,105899761,Automobiles - 4 Wheelers,INE066A01013,Eicher Motors Limited,2024-07-01 14:58:46,EICHERMOT
27-Jun-2024 16:24:26,,https://nsearchives.nseindia.com/corporate/EICHERMOT_27062024162426_EMLVECVDisclosureunderRule30ofLODRJune242024Signed.pdf,"Eicher Motors Limited has informed the Exchange regarding 'Update on VECV, a material subsidiary of the Company has entered into a Joint Venture'.",,,Updates,00:00:01,27062024162426,27-Jun-2024 16:24:27,-,False,,,105894742,Automobiles - 4 Wheelers,INE066A01013,Eicher Motors Limited,2024-06-27 16:24:26,EICHERMOT
27-Jun-2024 13:00:31,,https://nsearchives.nseindia.com/corporate/EICHERMOT_27062024130031_EMLScheduleofMeetingwithAnalystsInvestors27062024Signed.pdf,Eicher Motors Limited has informed the Exchange about Schedule of meet,,,Analysts/Institutional Investor Meet/Con. Call Updates,00:00:01,27062024130031,27-Jun-2024 13:00:32,-,False,,,105894268,Automobiles - 4 Wheelers,INE066A01013,Eicher Motors Limited,2024-06-27 13:00:31,EICHERMOT
26-Jun-2024 11:15:16,,https://nsearchives.nseindia.com/corporate/EICHERMOT_26062024111516_EMLDemandOrderfromGSTIntimationtostockexchanges26062024Signed.pdf,Eicher Motors Limited has informed the Exchange regarding 'GST demand order'.,,,Updates,00:00:01,26062024111516,26-Jun-2024 11:15:17,-,False,,,105891769,Automobiles - 4 Wheelers,INE066A01013,Eicher Motors Limited,2024-06-26 11:15:16,EICHERMOT
24-Jun-2024 13:07:36,,https://nsearchives.nseindia.com/corporate/EICHERMOT_24062024130736_EMLTradingWindowClosureJune242024Signed.pdf,"Eicher Motors Limited has informed the Exchange regarding the Trading Window closure pursuant to SEBI (Prohibition of Insider Trading) Regulations, 2015",,,Trading Window,00:00:01,24062024130736,24-Jun-2024 13:07:37,-,False,,,105889365,Automobiles - 4 Wheelers,INE066A01013,Eicher Motors Limited,2024-06-24 13:07:36,EICHERMOT
22-Jun-2024 12:48:13,,https://nsearchives.nseindia.com/corporate/EICHERMOT_22062024124813_Regulation_39_3__22_06_2024_Biswadeb_LOC.pdf,Eicher Motors Limited has informed the Exchange about Loss of Share Certificates,,,Loss of Share Certificates,00:00:01,22062024124813,22-Jun-2024 12:48:14,-,False,,,105888616,Automobiles - 4 Wheelers,INE066A01013,Eicher Motors Limited,2024-06-22 12:48:13,EICHERMOT
22-Jun-2024 12:48:13,,https://nsearchives.nseindia.com/corporate/EICHERMOT_22062024124813_Regulation_39_3__22_06_2024_Patel_LOC.pdf,Eicher Motors Limited has informed the Exchange about Loss of Share Certificates,,,Loss of Share Certificates,00:00:01,22062024124813,22-Jun-2024 12:48:14,-,False,,,105888617,Automobiles - 4 Wheelers,INE066A01013,Eicher Motors Limited,2024-06-22 12:48:13,EICHERMOT
21-Jun-2024 19:05:20,,https://nsearchives.nseindia.com/corporate/EICHERMOT_21062024190520_EMLScheduleofMeetingwithAnalystsInvestors21062024Signed.pdf,Eicher Motors Limited has informed the Exchange about Schedule of meet,,,Analysts/Institutional Investor Meet/Con. Call Updates,00:00:01,21062024190520,21-Jun-2024 19:05:21,-,False,,,105888281,Automobiles - 4 Wheelers,INE066A01013,Eicher Motors Limited,2024-06-21 19:05:20,EICHERMOT
19-Jun-2024 17:44:34,,https://nsearchives.nseindia.com/corporate/EICHERMOT_19062024174434_Regulation_39_3__19_06_2024.pdf,Eicher Motors Limited has informed the Exchange about Loss of Share Certificates,,,Loss of Share Certificates,00:00:01,19062024174434,19-Jun-2024 17:44:35,-,False,,,105885773,Automobiles - 4 Wheelers,INE066A01013,Eicher Motors Limited,2024-06-19 17:44:34,EICHERMOT
14-Jun-2024 17:19:06,,https://nsearchives.nseindia.com/corporate/EICHERMOT_14062024171907_EMLScheduleofMeetingwithAnalystsInvestors14062024Signed.pdf,Eicher Motors Limited has informed the Exchange about Schedule of meet,,,Analysts/Institutional Investor Meet/Con. Call Updates,00:00:01,14062024171906,14-Jun-2024 17:19:07,-,False,,,105882733,Automobiles - 4 Wheelers,INE066A01013,Eicher Motors Limited,2024-06-14 17:19:06,EICHERMOT
13-Jun-2024 16:55:12,,https://nsearchives.nseindia.com/corporate/EICHERMOT_13062024165512_EMLNewspaperNoticeforTransferofSharestoIEPFJune132024Signed.pdf,Eicher Motors Limited has informed the Exchange about Copy of Newspaper Publication,,,Copy of Newspaper Publication,00:00:01,13062024165512,13-Jun-2024 16:55:13,-,False,,,105881611,Automobiles - 4 Wheelers,INE066A01013,Eicher Motors Limited,2024-06-13 16:55:12,EICHERMOT
11-Jun-2024 15:31:57,,https://nsearchives.nseindia.com/corporate/EICHERMOT_11062024153157_Regulation_39_3__11_06_2024_LOC.pdf,Eicher Motors Limited has informed the Exchange about Loss of Share Certificates,,,Loss of Share Certificates,00:00:01,11062024153157,11-Jun-2024 15:31:58,-,False,,,105879367,Automobiles - 4 Wheelers,INE066A01013,Eicher Motors Limited,2024-06-11 15:31:57,EICHERMOT
05-Jun-2024 17:33:23,,https://nsearchives.nseindia.com/corporate/EICHERMOT_05062024173323_EMLScheduleofMeetingwithAnalystsInvestors05062024Signed.pdf,Eicher Motors Limited has informed the Exchange about Schedule of meet,,,Analysts/Institutional Investor Meet/Con. Call Updates,00:00:01,05062024173323,05-Jun-2024 17:33:24,-,False,,,105874885,Automobiles - 4 Wheelers,INE066A01013,Eicher Motors Limited,2024-06-05 17:33:23,EICHERMOT
04-Jun-2024 12:34:54,,https://nsearchives.nseindia.com/corporate/EICHERMOT_04062024123454_Regulation_39_3__04_06_2024.pdf,Eicher Motors Limited has informed the Exchange about Loss of Share Certificates,,,Loss of Share Certificates,00:00:01,04062024123454,04-Jun-2024 12:34:55,-,False,,,105873454,Automobiles - 4 Wheelers,INE066A01013,Eicher Motors Limited,2024-06-04 12:34:54,EICHERMOT
03-Jun-2024 17:52:56,,https://nsearchives.nseindia.com/corporate/EICHERMOT_03062024175256_EMLScheduleofMeetingwithAnalystsInvestors03062024Signed.pdf,Eicher Motors Limited has informed the Exchange about Schedule of meet,,,Analysts/Institutional Investor Meet/Con. Call Updates,00:00:01,03062024175256,03-Jun-2024 17:52:57,-,False,,,105872674,Automobiles - 4 Wheelers,INE066A01013,Eicher Motors Limited,2024-06-03 17:52:56,EICHERMOT
01-Jun-2024 18:28:29,,https://nsearchives.nseindia.com/corporate/EICHERMOT_01062024182829_VECVMay24salesUpdate1stJun24UpdatedSigned.pdf,"Eicher Motors Limited has informed the Exchange regarding Monthly Business Updates for the month of May 2024 of VE Commercial Vehicles Limited, an unlisted material subsidiary of Eicher Motors Limited",,,Monthly Business Updates,00:00:01,01062024182829,01-Jun-2024 18:28:30,-,False,,,105871907,Automobiles - 4 Wheelers,INE066A01013,Eicher Motors Limited,2024-06-01 18:28:29,EICHERMOT
01-Jun-2024 16:19:51,,https://nsearchives.nseindia.com/corporate/EICHERMOT_01062024161951_EMLMonthlyBusinessUpdate1stJune2024Signed.pdf,Eicher Motors Limited has informed the Exchange regarding Monthly Business Updates for the month of May 2024,,,Monthly Business Updates,00:00:01,01062024161951,01-Jun-2024 16:19:52,-,False,,,105871766,Automobiles - 4 Wheelers,INE066A01013,Eicher Motors Limited,2024-06-01 16:19:51,EICHERMOT
31-May-2024 22:47:52,,https://nsearchives.nseindia.com/corporate/EICHERMOT_31052024224752_Regulation_39_3__31_05_2024_Pandia_LOC.pdf,Eicher Motors Limited has informed the Exchange about Loss of Share Certificates,,,Loss of Share Certificates,00:00:00,31052024224752,31-May-2024 22:47:52,-,False,,,105871389,Automobiles - 4 Wheelers,INE066A01013,Eicher Motors Limited,2024-05-31 22:47:52,EICHERMOT
31-May-2024 22:44:57,,https://nsearchives.nseindia.com/corporate/EICHERMOT_31052024224457_Regulation_39_3__31_05_2024_Haresh_LOC.pdf,Eicher Motors Limited has informed the Exchange about Loss of Share Certificates,,,Loss of Share Certificates,00:00:01,31052024224457,31-May-2024 22:44:58,-,False,,,105871388,Automobiles - 4 Wheelers,INE066A01013,Eicher Motors Limited,2024-05-31 22:44:57,EICHERMOT
31-May-2024 22:41:32,,https://nsearchives.nseindia.com/corporate/EICHERMOT_31052024224132_Regulation_39_3__31_05_2024_Mahesh_LOC.pdf,Eicher Motors Limited has informed the Exchange about Loss of Share Certificates,,,Loss of Share Certificates,00:00:01,31052024224132,31-May-2024 22:41:33,-,False,,,105871387,Automobiles - 4 Wheelers,INE066A01013,Eicher Motors Limited,2024-05-31 22:41:32,EICHERMOT
29-May-2024 18:15:45,,https://nsearchives.nseindia.com/corporate/EICHERMOT_29052024181545_EMLIntimationofAllotmentofSecurities29052024.pdf,"Eicher Motors Limited has informed the Exchange regarding allotment of 189085 securities pursuant to ESOP/ESPS at its meeting held on May 29, 2024",,,Allotment of Securities,00:00:01,29052024181545,29-May-2024 18:15:46,-,False,,,105867012,Automobiles - 4 Wheelers,INE066A01013,Eicher Motors Limited,2024-05-29 18:15:45,EICHERMOT
22-May-2024 18:06:59,,https://nsearchives.nseindia.com/corporate/EICHERMOT_22052024180659_EMLScheduleofMeetingwithAnalystsInvestors22052024Signed.pdf,Eicher Motors Limited has informed the Exchange about Schedule of meet,,,Analysts/Institutional Investor Meet/Con. Call Updates,00:00:00,22052024180659,22-May-2024 18:06:59,-,False,,,105856999,Automobiles - 4 Wheelers,INE066A01013,Eicher Motors Limited,2024-05-22 18:06:59,EICHERMOT
22-May-2024 15:13:55,,https://nsearchives.nseindia.com/corporate/EICHERMOT_22052024151355_Regulation_39_3__22_05_2024.pdf,Eicher Motors Limited has informed the Exchange about Loss of Share Certificates,,,Loss of Share Certificates,00:00:01,22052024151355,22-May-2024 15:13:56,-,False,,,105856436,Automobiles - 4 Wheelers,INE066A01013,Eicher Motors Limited,2024-05-22 15:13:55,EICHERMOT
21-May-2024 16:42:51,,https://nsearchives.nseindia.com/corporate/EICHERMOT_21052024164251_Regulation_39_3__21_05_2024_LOC.pdf,Eicher Motors Limited has informed the Exchange about Loss of Share Certificates,,,Loss of Share Certificates,00:00:00,21052024164251,21-May-2024 16:42:51,-,False,,,105854780,Automobiles - 4 Wheelers,INE066A01013,Eicher Motors Limited,2024-05-21 16:42:51,EICHERMOT
18-May-2024 12:18:15,,https://nsearchives.nseindia.com/corporate/EICHERMOT_18052024121816_Regulation_39_3__18_05_2024.pdf,Eicher Motors Limited has informed the Exchange about Loss of Share Certificates,,,Loss of Share Certificates,00:00:06,18052024121815,18-May-2024 12:18:21,-,False,,,105852226,Automobiles - 4 Wheelers,INE066A01013,Eicher Motors Limited,2024-05-18 12:18:15,EICHERMOT
17-May-2024 13:02:29,,https://nsearchives.nseindia.com/corporate/EICHERMOT_17052024130229_EMLEarningCallsTranscript17052024Signed.pdf,Eicher Motors Limited has informed the Exchange about Transcript,,,Analysts/Institutional Investor Meet/Con. Call Updates,00:00:05,17052024130229,17-May-2024 13:02:34,-,False,,,105850677,Automobiles - 4 Wheelers,INE066A01013,Eicher Motors Limited,2024-05-17 13:02:29,EICHERMOT
17-May-2024 10:56:12,,https://nsearchives.nseindia.com/corporate/EICHERMOT_17052024105612_Regulation_39_3__17_05_2024.pdf,Eicher Motors Limited has informed the Exchange about Loss of Share Certificates,,,Loss of Share Certificates,00:00:07,17052024105612,17-May-2024 10:56:19,-,False,,,105850368,Automobiles - 4 Wheelers,INE066A01013,Eicher Motors Limited,2024-05-17 10:56:12,EICHERMOT
15-May-2024 17:47:38,,https://nsearchives.nseindia.com/corporate/EICHERMOT_15052024174738_VECVPressRelease15052024Signed.pdf,"Eicher Motors Limited has informed the Exchange regarding a press release dated May 15, 2024, titled ""VE Commercial Vehicles announces joint venture with iTriangleInfotech"".",,,Press Release,00:00:06,15052024174738,15-May-2024 17:47:44,-,False,,,105847722,Automobiles - 4 Wheelers,INE066A01013,Eicher Motors Limited,2024-05-15 17:47:38,EICHERMOT
15-May-2024 17:43:36,,https://nsearchives.nseindia.com/corporate/EICHERMOT_15052024174336_VECVDisclosureunderrule30ofLODR15052024Signed.pdf,"Eicher Motors Limited has informed the Exchange regarding 'VE Commercial Vehicles Limited ( VECV ), a material subsidiary of Eicher MotorsLimited, has entered into a joint venture'.",,,Updates,00:00:13,15052024174336,15-May-2024 17:43:49,-,False,,,105847712,Automobiles - 4 Wheelers,INE066A01013,Eicher Motors Limited,2024-05-15 17:43:36,EICHERMOT
15-May-2024 17:35:47,,https://nsearchives.nseindia.com/corporate/EICHERMOT_15052024173547_Regulation_39_3__15_05_2024.pdf,Eicher Motors Limited has informed the Exchange about Loss of Share Certificates,,,Loss of Share Certificates,00:00:12,15052024173547,15-May-2024 17:35:59,-,False,,,105847680,Automobiles - 4 Wheelers,INE066A01013,Eicher Motors Limited,2024-05-15 17:35:47,EICHERMOT
13-May-2024 16:16:56,,https://nsearchives.nseindia.com/corporate/EICHERMOT_13052024161656_Regulation_39_3__13_05_2024.pdf,Eicher Motors Limited has informed the Exchange about Loss of Share Certificates,,,Loss of Share Certificates,00:00:04,13052024161656,13-May-2024 16:17:00,-,False,,,105843999,Automobiles - 4 Wheelers,INE066A01013,Eicher Motors Limited,2024-05-13 16:16:56,EICHERMOT
11-May-2024 21:41:36,,https://nsearchives.nseindia.com/corporate/EICHERMOT_11052024214136_EMLIntimationofGrantMay112024Signed.pdf,Eicher Motors Limited has informed the Exchange regarding Grant of 205003  Options.,,,ESOP/ESOS/ESPS,00:00:05,11052024214136,11-May-2024 21:41:41,-,False,,,105843080,Automobiles - 4 Wheelers,INE066A01013,Eicher Motors Limited,2024-05-11 21:41:36,EICHERMOT
11-May-2024 21:30:51,,https://nsearchives.nseindia.com/corporate/EICHERMOT_11052024213051_CallRecording032024.pdf,Eicher Motors Limited has informed the Exchange about Link of Recording,,,Analysts/Institutional Investor Meet/Con. Call Updates,00:00:04,11052024213051,11-May-2024 21:30:55,-,False,,,105843063,Automobiles - 4 Wheelers,INE066A01013,Eicher Motors Limited,2024-05-11 21:30:51,EICHERMOT
11-May-2024 21:28:00,,https://nsearchives.nseindia.com/corporate/EICHERMOT_11052024212800_Allotment032024.pdf,"Eicher Motors Limited has informed the Exchange regarding allotment of 15800 securities pursuant to ESOP/ESPS at its meeting held on May 10, 2024",,,Allotment of Securities,00:00:06,11052024212800,11-May-2024 21:28:06,-,False,,,105843060,Automobiles - 4 Wheelers,INE066A01013,Eicher Motors Limited,2024-05-11 21:28:00,EICHERMOT
11-May-2024 21:22:34,,https://nsearchives.nseindia.com/corporate/EICHERMOT_11052024212234_Recorddate.pdf,Eicher Motors Limited has informed the Exchange that Record date for the purpose of Dividend  is 07-Aug-2024.,,,Record Date,00:00:05,11052024212234,11-May-2024 21:22:39,-,False,,,105843054,Automobiles - 4 Wheelers,INE066A01013,Eicher Motors Limited,2024-05-11 21:22:34,EICHERMOT
11-May-2024 21:16:31,,https://nsearchives.nseindia.com/corporate/EICHERMOT_11052024211631_Regulation_39_3__11_05_2024.pdf,Eicher Motors Limited has informed the Exchange about Loss of Share Certificates,,,Loss of Share Certificates,00:00:04,11052024211631,11-May-2024 21:16:35,-,False,,,105843046,Automobiles - 4 Wheelers,INE066A01013,Eicher Motors Limited,2024-05-11 21:16:31,EICHERMOT
11-May-2024 13:41:36,,https://nsearchives.nseindia.com/corporate/EMLOutcomeofBoardMeetingMay102024Signed_11052024134136.pdf,"Eicher Motors Limited has submitted to the Exchange, the financial results for the period ended March 31, 2024.",,,Financial Result Updates,00:00:06,11052024134136,11-May-2024 13:41:42,-,False,,,161486,Automobiles - 4 Wheelers,INE066A01013,Eicher Motors Limited,2024-05-11 13:41:36,EICHERMOT
11-May-2024 12:45:23,,https://nsearchives.nseindia.com/corporate/EICHERMOT_11052024124523_EMLQ4FY24InvestorPresentationSigned.pdf,Eicher Motors Limited has informed the Exchange about Investor Presentation,,,Investor Presentation,00:00:07,11052024124523,11-May-2024 12:45:30,-,False,,,105842929,Automobiles - 4 Wheelers,INE066A01013,Eicher Motors Limited,2024-05-11 12:45:23,EICHERMOT
11-May-2024 01:15:59,,https://nsearchives.nseindia.com/corporate/EICHERMOT_11052024011559_EMLPressReleaseMay112024Signed.pdf,"Eicher Motors Limited has informed the Exchange regarding a press release dated May 11, 2024, titled ""EICHER MOTORS LIMITED RECORDS HIGHEST EVER REVENUES AND PROFITSFOR THE QUARTER AND YEAR ENDED MARCH 31, 2024"".",,,Press Release,00:00:05,11052024011559,11-May-2024 01:16:04,-,False,,,105842847,Automobiles - 4 Wheelers,INE066A01013,Eicher Motors Limited,2024-05-11 01:15:59,EICHERMOT
10-May-2024 23:56:41,,https://nsearchives.nseindia.com/corporate/EICHERMOT_10052024235641_EMLTradingWindowOpeningMay132024.pdf,Eicher Motors Limited has informed the Exchange regarding 'Opening of Trading Window '.,,,Updates,00:00:04,10052024235641,10-May-2024 23:56:45,-,False,,,105842843,Automobiles - 4 Wheelers,INE066A01013,Eicher Motors Limited,2024-05-10 23:56:41,EICHERMOT
10-May-2024 23:49:53,,https://nsearchives.nseindia.com/corporate/EICHERMOT_10052024234953_EMLOutcomeofBoardMeetingMay102024Signed.pdf,"Eicher Motors Limited has informed the Exchange about Dividend Updates: Recommended final dividend of Rs. 51/- per equity share of face value of Re. 1 each for the financialyear ended March 31, 2024",,,Dividend Updates,00:00:04,10052024234953,10-May-2024 23:49:57,-,False,,,105842840,Automobiles - 4 Wheelers,INE066A01013,Eicher Motors Limited,2024-05-10 23:49:53,EICHERMOT
10-May-2024 23:38:58,,https://nsearchives.nseindia.com/corporate/EICHERMOT_10052024233858_EMLOutcomeofBoardMeetingMay102024Signed.pdf,Eicher Motors Limited has informed the Exchange about Publish Audited Results,,,Publish Audited Results,00:00:05,10052024233858,10-May-2024 23:39:03,-,False,,,105842837,Automobiles - 4 Wheelers,INE066A01013,Eicher Motors Limited,2024-05-10 23:38:58,EICHERMOT
10-May-2024 23:35:23,,https://nsearchives.nseindia.com/corporate/EICHERMOT_10052024233523_EMLOutcomeofBoardMeetingMay102024Signed.pdf,"Eicher Motors Limited has informed the Exchange that Board of Directors at its meeting held on May 10, 2024, recommended Final Dividend of 51 per equity share.",,,Dividend,00:00:04,10052024233523,10-May-2024 23:35:27,-,False,,,105842829,Automobiles - 4 Wheelers,INE066A01013,Eicher Motors Limited,2024-05-10 23:35:23,EICHERMOT
03-May-2024 20:27:53,,https://nsearchives.nseindia.com/corporate/EICHERMOT_03052024202753_EMLConferenceCallIntimationMay112024Signed.pdf,Eicher Motors Limited has informed the Exchange about Schedule of meet,,,Analysts/Institutional Investor Meet/Con. Call Updates,00:00:05,03052024202753,03-May-2024 20:27:58,-,False,,,105834003,Automobiles - 4 Wheelers,INE066A01013,Eicher Motors Limited,2024-05-03 20:27:53,EICHERMOT
03-May-2024 20:19:42,,https://nsearchives.nseindia.com/corporate/EICHERMOT_03052024201942_EMLPriorIntimationofBoardMeetingMay102024Signed.pdf,"Eicher Motors Limited has informed the Exchange regarding 'Board to consider and recommend to the shareholders for approval in the Annual General Meeting,payment of dividend, for the financial year 2023-24'.",,,Updates,00:00:04,03052024201942,03-May-2024 20:19:46,-,False,,,105833995,Automobiles - 4 Wheelers,INE066A01013,Eicher Motors Limited,2024-05-03 20:19:42,EICHERMOT
03-May-2024 13:35:10,,https://nsearchives.nseindia.com/corporate/EICHERMOT_03052024133510_EMLDemandOrderfromGSTIntimationtostockexchanges02052024Signed.pdf,"Eicher Motors Limited has informed the Exchange regarding 'Disclosure under Regulation 30 read with part A of Schedule III of SEBI (Listing Obligationsand Disclosure Requirements) Regulations, 2015'.",,,Updates,00:00:05,03052024133510,03-May-2024 13:35:15,-,False,,,105833267,Automobiles - 4 Wheelers,INE066A01013,Eicher Motors Limited,2024-05-03 13:35:10,EICHERMOT
01-May-2024 17:08:50,,https://nsearchives.nseindia.com/corporate/EICHERMOT_01052024170850_EMLDemandOrderfromGSTIntimationtostockexchanges30042024.pdf,"Eicher Motors Limited has informed the Exchange regarding 'Disclosure under Regulation 30 read with part A of Schedule III of SEBI (Listing Obligations and Disclosure Requirements) Regulations, 2015'.",,,Updates,00:00:04,01052024170850,01-May-2024 17:08:54,-,False,,,105831076,Automobiles - 4 Wheelers,INE066A01013,Eicher Motors Limited,2024-05-01 17:08:50,EICHERMOT
01-May-2024 15:49:39,,https://nsearchives.nseindia.com/corporate/EICHERMOT_01052024154939_EMLMonthlyBusinessUpdate1stMay2024Signed.pdf,Eicher Motors Limited has informed the Exchange regarding Monthly Business Updates for the month of April 2024,,,Monthly Business Updates,00:00:04,01052024154939,01-May-2024 15:49:43,-,False,,,105831015,Automobiles - 4 Wheelers,INE066A01013,Eicher Motors Limited,2024-05-01 15:49:39,EICHERMOT
01-May-2024 12:59:04,,https://nsearchives.nseindia.com/corporate/EICHERMOT_01052024125904_VECVApr24salesUpdate1stMay24UpdatedSigned.pdf,"Eicher Motors Limited has informed the Exchange regarding Monthly Business Updates for the month of April 2024 of VE Commercial Vehicles Limited, an unlisted material subsidiary of Eicher Motors Limited",,,Monthly Business Updates,00:00:05,01052024125904,01-May-2024 12:59:09,-,False,,,105830906,Automobiles - 4 Wheelers,INE066A01013,Eicher Motors Limited,2024-05-01 12:59:04,EICHERMOT
29-Apr-2024 16:15:05,,https://nsearchives.nseindia.com/corporate/EICHERMOT_29042024161505_Regulation_39_3__29_04_2024.pdf,Eicher Motors Limited has informed the Exchange about Loss of Share Certificates,,,Loss of Share Certificates,00:00:09,29042024161505,29-Apr-2024 16:15:14,-,False,,,105828247,Automobiles - 4 Wheelers,INE066A01013,Eicher Motors Limited,2024-04-29 16:15:05,EICHERMOT
27-Apr-2024 10:07:12,,https://nsearchives.nseindia.com/corporate/EICHERMOT_27042024100712_Regulation_39_3__27_04_2024.pdf,Eicher Motors Limited has informed the Exchange about Loss of Share Certificates,,,Loss of Share Certificates,00:00:05,27042024100712,27-Apr-2024 10:07:17,-,False,,,105827191,Automobiles - 4 Wheelers,INE066A01013,Eicher Motors Limited,2024-04-27 10:07:12,EICHERMOT
25-Apr-2024 11:06:55,,https://nsearchives.nseindia.com/corporate/EICHERMOT_25042024110655_EMLDemandOrderfromGSTIntimationtostockexchanges25042024Signed.pdf,"Eicher Motors Limited has informed the Exchange regarding 'Disclosure under Regulation 30 read with part A of Schedule III of SEBI (Listing Obligationsand Disclosure Requirements) Regulations, 2015'.",,,Updates,00:00:06,25042024110655,25-Apr-2024 11:07:01,-,False,,,105824647,Automobiles - 4 Wheelers,INE066A01013,Eicher Motors Limited,2024-04-25 11:06:55,EICHERMOT
20-Apr-2024 14:22:19,,https://nsearchives.nseindia.com/corporate/EICHERMOT_20042024142219_Regulation_39_3__20_04_2024_LOC.pdf,Eicher Motors Limited has informed the Exchange about Loss of Share Certificates,,,Loss of Share Certificates,00:00:06,20042024142219,20-Apr-2024 14:22:25,-,False,,,105820471,Automobiles - 4 Wheelers,INE066A01013,Eicher Motors Limited,2024-04-20 14:22:19,EICHERMOT
19-Apr-2024 17:09:14,,https://nsearchives.nseindia.com/corporate/EICHERMOT_19042024170914_Regulation_39_3__19_04_2024.pdf,Eicher Motors Limited has informed the Exchange about Loss of Share Certificates,,,Loss of Share Certificates,00:00:11,19042024170914,19-Apr-2024 17:09:25,-,False,,,105819782,Automobiles - 4 Wheelers,INE066A01013,Eicher Motors Limited,2024-04-19 17:09:14,EICHERMOT
11-Apr-2024 15:56:26,,https://nsearchives.nseindia.com/corporate/EICHERMOT_11042024155626_Regulation_74_31_03_24.pdf,"Eicher Motors Limited has informed the Exchange about Certificate under SEBI (Depositories and Participants) Regulations, 2018",,,"Certificate under SEBI (Depositories and Participants) Regulations, 2018",00:00:07,11042024155626,11-Apr-2024 15:56:33,-,False,,,105812961,Automobiles - 4 Wheelers,INE066A01013,Eicher Motors Limited,2024-04-11 15:56:26,EICHERMOT
08-Apr-2024 12:56:28,,https://nsearchives.nseindia.com/corporate/EICHERMOT_08042024125628_EICHERMOT.pdf,"��Ms. Simran Lal,Ms. Tara Lal,Mr. Siddhartha Lal��The Simran Siddhartha Tara Benefit Trust,The Brinda Lal Trust,��Karvansarai Investments Private Limited,Siddhartha Lal Trust,Tara Lal Trust,Mr. Raul Rai��has Submitted to the Exchange a copy of Disclosure under Regulation 31(4) of the Securities and Exchange Board of India��(Substantial Acquisition of Shares and Takeovers) Regulations, 2011.��",,,Disclosure under SEBI Takeover Regulations,00:00:30,08042024125628,08-Apr-2024 12:56:58,-,False,,,105807321,Automobiles - 4 Wheelers,INE066A01013,Eicher Motors Limited,2024-04-08 12:56:28,EICHERMOT
04-Apr-2024 11:52:43,,https://nsearchives.nseindia.com/corporate/EICHERMOT_04042024115243_EMLScheduleofMeetingwithAnalystsInvestors04042024Signed.pdf,Eicher Motors Limited has informed the Exchange about Schedule of meet,,,Analysts/Institutional Investor Meet/Con. Call Updates,00:00:04,04042024115243,04-Apr-2024 11:52:47,-,False,,,105805722,Automobiles - 4 Wheelers,INE066A01013,Eicher Motors Limited,2024-04-04 11:52:43,EICHERMOT
01-Apr-2024 14:42:51,,https://nsearchives.nseindia.com/corporate/EICHERMOT_01042024144251_VECVMar24salesUpdate1stApr24UpdatedSigned.pdf,"Eicher Motors Limited has informed the Exchange regarding Monthly Business Updates for the month of March 2024 of VE Commercial Vehicles Limited, an unlisted material subsidiary of Eicher Motors Limited",,,Monthly Business Updates,00:00:07,01042024144251,01-Apr-2024 14:42:58,-,False,,,105802200,Automobiles - 4 Wheelers,INE066A01013,Eicher Motors Limited,2024-04-01 14:42:51,EICHERMOT
01-Apr-2024 14:09:06,,https://nsearchives.nseindia.com/corporate/EICHERMOT_01042024140906_EMLMonthlyBusinessUpdate1stApril2024Signed.pdf,Eicher Motors Limited has informed the Exchange regarding Monthly Business Updates for the month of March 2024,,,Monthly Business Updates,00:00:07,01042024140906,01-Apr-2024 14:09:13,-,False,,,105802168,Automobiles - 4 Wheelers,INE066A01013,Eicher Motors Limited,2024-04-01 14:09:06,EICHERMOT
30-Mar-2024 18:54:12,,https://nsearchives.nseindia.com/corporate/EICHERMOT_30032024185412_Regulation_39_3__30_03_2024_LOC_Parijatham.pdf,Eicher Motors Limited has informed the Exchange about Loss of Share Certificates,,,Loss of Share Certificates,00:00:06,30032024185412,30-Mar-2024 18:54:18,-,False,,,105801142,Automobiles - 4 Wheelers,INE066A01013,Eicher Motors Limited,2024-03-30 18:54:12,EICHERMOT
30-Mar-2024 18:52:52,,https://nsearchives.nseindia.com/corporate/EICHERMOT_30032024185252_Regulation_39_3__30_03_2024_LOC_Jashumati.pdf,Eicher Motors Limited has informed the Exchange about Loss of Share Certificates,,,Loss of Share Certificates,00:00:07,30032024185252,30-Mar-2024 18:52:59,-,False,,,105801141,Automobiles - 4 Wheelers,INE066A01013,Eicher Motors Limited,2024-03-30 18:52:52,EICHERMOT
28-Mar-2024 17:49:09,,https://nsearchives.nseindia.com/corporate/EICHERMOT_28032024174909_Regulation_39_3__28_03_2024.pdf,Eicher Motors Limited has informed the Exchange about Loss of Share Certificates,,,Loss of Share Certificates,00:00:07,28032024174909,28-Mar-2024 17:49:16,-,False,,,105797948,Automobiles - 4 Wheelers,INE066A01013,Eicher Motors Limited,2024-03-28 17:49:09,EICHERMOT
27-Mar-2024 15:47:39,,https://nsearchives.nseindia.com/corporate/EICHERMOT_27032024154739_Regulation_39_3__27_03_2024.pdf,Eicher Motors Limited has informed the Exchange about Loss of Share Certificates,,,Loss of Share Certificates,00:00:07,27032024154739,27-Mar-2024 15:47:46,-,False,,,105795367,Automobiles - 4 Wheelers,INE066A01013,Eicher Motors Limited,2024-03-27 15:47:39,EICHERMOT
26-Mar-2024 10:13:37,,https://nsearchives.nseindia.com/corporate/EICHERMOT_26032024101337_EMLTradingwindowclosureApril12024Signed.pdf,"Eicher Motors Limited has informed the Exchange regarding the Trading Window closure pursuant to SEBI (Prohibition of Insider Trading) Regulations, 2015",,,Trading Window,00:00:06,26032024101337,26-Mar-2024 10:13:43,-,False,,,105792751,Automobiles - 4 Wheelers,INE066A01013,Eicher Motors Limited,2024-03-26 10:13:37,EICHERMOT
23-Mar-2024 09:46:23,,https://nsearchives.nseindia.com/corporate/EICHERMOT_23032024094623_Regulation_39_3__22_03_2024_LOC.pdf,Eicher Motors Limited has informed the Exchange about Loss of Share Certificates,,,Loss of Share Certificates,00:00:06,23032024094623,23-Mar-2024 09:46:29,-,False,,,105792015,Automobiles - 4 Wheelers,INE066A01013,Eicher Motors Limited,2024-03-23 09:46:23,EICHERMOT
22-Mar-2024 17:49:24,,https://nsearchives.nseindia.com/corporate/EICHERMOT_22032024174924_EMLNetherlandsubsiReg30Intimation19032024Signed.pdf,Eicher Motors Limited has informed the Exchange about Incorporation of Wholly Owned Subsidiary in the Netherlands,,,Restructuring,00:00:06,22032024174924,22-Mar-2024 17:49:30,-,False,,,105791657,Automobiles - 4 Wheelers,INE066A01013,Eicher Motors Limited,2024-03-22 17:49:24,EICHERMOT
22-Mar-2024 17:07:55,,https://nsearchives.nseindia.com/corporate/EICHERMOT_22032024170755_EMLNetherlandsubsiReg30Intimation19032024Signed.pdf,Eicher Motors Limited has informed the Exchange regarding 'Incorporation of a Wholly Owned Subsidiary in theNetherlands'.,,,Updates,00:00:05,22032024170755,22-Mar-2024 17:08:00,-,False,,,105791572,Automobiles - 4 Wheelers,INE066A01013,Eicher Motors Limited,2024-03-22 17:07:55,EICHERMOT
21-Mar-2024 16:40:51,,https://nsearchives.nseindia.com/corporate/EICHERMOT_21032024164051_Regulation_39_3__21_03_2024.pdf,Eicher Motors Limited has informed the Exchange about Loss of Share Certificates,,,Loss of Share Certificates,00:00:07,21032024164051,21-Mar-2024 16:40:58,-,False,,,105790137,Automobiles - 4 Wheelers,INE066A01013,Eicher Motors Limited,2024-03-21 16:40:51,EICHERMOT
18-Mar-2024 17:59:32,,https://nsearchives.nseindia.com/corporate/EICHERMOT_18032024175932_Regulation_39_3__18_03_2024.pdf,Eicher Motors Limited has informed the Exchange about Loss of Share Certificates,,,Loss of Share Certificates,00:00:08,18032024175932,18-Mar-2024 17:59:40,-,False,,,105786636,Automobiles - 4 Wheelers,INE066A01013,Eicher Motors Limited,2024-03-18 17:59:32,EICHERMOT
18-Mar-2024 12:53:13,,https://nsearchives.nseindia.com/corporate/EICHERMOT_18032024125313_EMLScheduleofMeetingwithAnalystsInvestors18032024Signed.pdf,Eicher Motors Limited has informed the Exchange about Schedule of meet,,,Analysts/Institutional Investor Meet/Con. Call Updates,00:00:06,18032024125313,18-Mar-2024 12:53:19,-,False,,,105786325,Automobiles - 4 Wheelers,INE066A01013,Eicher Motors Limited,2024-03-18 12:53:13,EICHERMOT
14-Mar-2024 14:28:36,,https://nsearchives.nseindia.com/corporate/EICHERMOT_14032024142836_Regulation_39_3__14_03_2024.pdf,Eicher Motors Limited has informed the Exchange about Loss of Share Certificates,,,Loss of Share Certificates,00:00:04,14032024142836,14-Mar-2024 14:28:40,-,False,,,105783714,Automobiles - 4 Wheelers,INE066A01013,Eicher Motors Limited,2024-03-14 14:28:36,EICHERMOT
14-Mar-2024 13:41:29,,https://nsearchives.nseindia.com/corporate/EICHERMOT_14032024134129_Regulation_39_3__14_03_2024.pdf,Eicher Motors Limited has informed the Exchange about Loss of Share Certificates,,,Loss of Share Certificates,00:00:08,14032024134129,14-Mar-2024 13:41:37,-,False,,,105783679,Automobiles - 4 Wheelers,INE066A01013,Eicher Motors Limited,2024-03-14 13:41:29,EICHERMOT
05-Mar-2024 17:40:45,,https://nsearchives.nseindia.com/corporate/EICHERMOT_05032024174045_Regulation_39_3__05_03_2024.pdf,Eicher Motors Limited has informed the Exchange about Loss of Share Certificates,,,Loss of Share Certificates,00:00:05,05032024174045,05-Mar-2024 17:40:50,-,False,,,105776596,Automobiles - 4 Wheelers,INE066A01013,Eicher Motors Limited,2024-03-05 17:40:45,EICHERMOT
01-Mar-2024 15:25:37,,https://nsearchives.nseindia.com/corporate/EICHERMOT_01032024152537_VECVFeb24salesUpdate1stMar24UpdatedSigned.pdf,"Eicher Motors Limited has informed the Exchange regarding Monthly Business Updates for the month of February 2024 of VE Commercial Vehicles Limited, an unlisted material subsidiary of Eicher Motors Limited",,,Monthly Business Updates,00:00:05,01032024152537,01-Mar-2024 15:25:42,-,False,,,105773920,Automobiles - 4 Wheelers,INE066A01013,Eicher Motors Limited,2024-03-01 15:25:37,EICHERMOT
01-Mar-2024 10:27:40,,https://nsearchives.nseindia.com/corporate/EICHERMOT_01032024102740_EMLMonthlyBusinessUpdate1stMarch2024Signed.pdf,Eicher Motors Limited has informed the Exchange regarding Monthly Business Updates for the month of February 2024,,,Monthly Business Updates,00:00:06,01032024102740,01-Mar-2024 10:27:46,-,False,,,105773489,Automobiles - 4 Wheelers,INE066A01013,Eicher Motors Limited,2024-03-01 10:27:40,EICHERMOT
28-Feb-2024 17:53:25,,https://nsearchives.nseindia.com/corporate/EICHERMOT_28022024175325_Regulation_39_3__28_02_2024.pdf,Eicher Motors Limited has informed the Exchange about Loss of Share Certificates,,,Loss of Share Certificates,00:00:06,28022024175325,28-Feb-2024 17:53:31,-,False,,,105771794,Automobiles - 4 Wheelers,INE066A01013,Eicher Motors Limited,2024-02-28 17:53:25,EICHERMOT
17-Feb-2024 17:27:37,,https://nsearchives.nseindia.com/corporate/EICHERMOT_17022024172737_EMLEarninngCallsTranscript17022024Signed.pdf,Eicher Motors Limited has informed the Exchange about Transcript,,,Analysts/Institutional Investor Meet/Con. Call Updates,00:00:11,17022024172737,17-Feb-2024 17:27:48,-,False,,,105763351,Automobiles - 4 Wheelers,INE066A01013,Eicher Motors Limited,2024-02-17 17:27:37,EICHERMOT
16-Feb-2024 08:19:28,,https://nsearchives.nseindia.com/corporate/EICHERMOT_16022024081928_EMLScheduleofMeetingwithAnalystsInvestors16022024Signed.pdf,Eicher Motors Limited has informed the Exchange about Schedule of meet,,,Analysts/Institutional Investor Meet/Con. Call Updates,00:00:06,16022024081928,16-Feb-2024 08:19:34,-,False,,,105761855,Automobiles - 4 Wheelers,INE066A01013,Eicher Motors Limited,2024-02-16 08:19:28,EICHERMOT
13-Feb-2024 21:26:31,,https://nsearchives.nseindia.com/corporate/EICHERMOT_13022024212631_EMLAudioRecordingofConferenceCallFebruary132024Signed.pdf,Eicher Motors Limited has informed the Exchange about Link of Recording,,,Analysts/Institutional Investor Meet/Con. Call Updates,00:00:06,13022024212631,13-Feb-2024 21:26:37,-,False,,,105758548,Automobiles - 4 Wheelers,INE066A01013,Eicher Motors Limited,2024-02-13 21:26:31,EICHERMOT
13-Feb-2024 17:27:11,,https://nsearchives.nseindia.com/corporate/EICHERMOT_13022024172711_Regulation_39_3__13_02_2024.pdf,Eicher Motors Limited has informed the Exchange about Loss of Share Certificates,,,Loss of Share Certificates,00:00:16,13022024172711,13-Feb-2024 17:27:27,-,False,,,105758091,Automobiles - 4 Wheelers,INE066A01013,Eicher Motors Limited,2024-02-13 17:27:11,EICHERMOT
13-Feb-2024 15:51:37,,https://nsearchives.nseindia.com/corporate/EICHERMOT_13022024155137_EMLPressReleaseFebruary132024Signed.pdf,"Eicher Motors Limited has informed the Exchange regarding a press release dated February 13, 2024, titled ""EICHER MOTORS LTD ANNOUNCES FINANCIAL RESULTS FOR QUARTER ENDED DECEMBER 31, 2023"".",,,Press Release,00:00:12,13022024155137,13-Feb-2024 15:51:49,-,False,,,105757847,Automobiles - 4 Wheelers,INE066A01013,Eicher Motors Limited,2024-02-13 15:51:37,EICHERMOT
13-Feb-2024 15:25:46,,https://nsearchives.nseindia.com/corporate/EICHERMOT_13022024152546_EMLInvestorPresentationFebruary132024Signed.pdf,Eicher Motors Limited has informed the Exchange about Investor Presentation,,,Investor Presentation,00:00:11,13022024152546,13-Feb-2024 15:25:57,-,False,,,105757787,Automobiles - 4 Wheelers,INE066A01013,Eicher Motors Limited,2024-02-13 15:25:46,EICHERMOT
13-Feb-2024 15:01:59,,https://nsearchives.nseindia.com/corporate/EICHERMOT_13022024150159_EMLTradingWindowOpeningFebruary132024Signed.pdf,Eicher Motors Limited has informed the Exchange regarding 'Intimation of Opening of Trading Window'.,,,Updates,00:00:05,13022024150159,13-Feb-2024 15:02:04,-,False,,,105757728,Automobiles - 4 Wheelers,INE066A01013,Eicher Motors Limited,2024-02-13 15:01:59,EICHERMOT
13-Feb-2024 14:45:37,,https://nsearchives.nseindia.com/corporate/EICHERMOT_13022024144537_EMLFinancialResults13022024Signed.pdf,"Eicher Motors Limited has informed the Exchange regarding  Board meeting held on February 13, 2024.",,,Outcome of Board Meeting,00:00:04,13022024144537,13-Feb-2024 14:45:41,-,False,,,105757692,Automobiles - 4 Wheelers,INE066A01013,Eicher Motors Limited,2024-02-13 14:45:37,EICHERMOT
13-Feb-2024 14:40:43,,https://nsearchives.nseindia.com/corporate/EMLFinancialResults13022024Signed_13022024144043.pdf,"Eicher Motors Limited has submitted to the Exchange, the financial results for the period ended December 31, 2023.",,,Financial Result Updates,00:00:05,13022024144043,13-Feb-2024 14:40:48,-,False,,,160568,Automobiles - 4 Wheelers,INE066A01013,Eicher Motors Limited,2024-02-13 14:40:43,EICHERMOT
13-Feb-2024 14:28:00,,https://nsearchives.nseindia.com/corporate/EICHERMOT_13022024142800_EMLIntimationofAllotmentFebruary132024Signed.pdf,"Eicher Motors Limited has informed the Exchange regarding allotment of 30130 securities pursuant to ESOP/ESPS at its meeting held on February 13, 2024",,,Allotment of Securities,00:00:06,13022024142800,13-Feb-2024 14:28:06,-,False,,,105757670,Automobiles - 4 Wheelers,INE066A01013,Eicher Motors Limited,2024-02-13 14:28:00,EICHERMOT
07-Feb-2024 22:23:21,,https://nsearchives.nseindia.com/corporate/EICHERMOT_07022024222321_Regulation_39_3__07_02_2024.pdf,Eicher Motors Limited has informed the Exchange about Loss of Share Certificates,,,Loss of Share Certificates,00:00:06,07022024222321,07-Feb-2024 22:23:27,-,False,,,105751128,Automobiles - 4 Wheelers,INE066A01013,Eicher Motors Limited,2024-02-07 22:23:21,EICHERMOT
05-Feb-2024 18:51:54,,https://nsearchives.nseindia.com/corporate/EICHERMOT_05022024185154_EMLConferenceCallIntimationFebruary132024Signed.pdf,Eicher Motors Limited has informed the Exchange about Schedule of meet,,,Analysts/Institutional Investor Meet/Con. Call Updates,00:00:11,05022024185154,05-Feb-2024 18:52:05,-,False,,,105747524,Automobiles - 4 Wheelers,INE066A01013,Eicher Motors Limited,2024-02-05 18:51:54,EICHERMOT
03-Feb-2024 10:06:48,,https://nsearchives.nseindia.com/corporate/EICHERMOT_03022024100648_EMLVECVPressReleaseFebruary032024Signed.pdf,"Eicher Motors Limited has informed the Exchange regarding a press release dated February 03, 2024, titled ""Eicher forays into Small Commercial Vehicles Segment"".",,,Press Release,00:00:05,03022024100648,03-Feb-2024 10:06:53,-,False,,,105745629,Automobiles - 4 Wheelers,INE066A01013,Eicher Motors Limited,2024-02-03 10:06:48,EICHERMOT
01-Feb-2024 15:54:24,,https://nsearchives.nseindia.com/corporate/EICHERMOT_01022024155424_EMLMonthlyBusinessUpdate1stFeb2024Signed.pdf,Eicher Motors Limited has informed the Exchange regarding Monthly Business Updates for the month of January 2024,,,Monthly Business Updates,00:00:07,01022024155424,01-Feb-2024 15:54:31,-,False,,,105742679,Automobiles - 4 Wheelers,INE066A01013,Eicher Motors Limited,2024-02-01 15:54:24,EICHERMOT
01-Feb-2024 15:22:18,,https://nsearchives.nseindia.com/corporate/EICHERMOT_01022024152218_VECVJan24salesUpdate1stFeb24Updatedsigned.pdf,"Eicher Motors Limited has informed the Exchange regarding Monthly Business Updates for the month of January 2024 of VE Commercial Vehicles Limited, an unlisted material subsidiary of Eicher Motors Limited",,,Monthly Business Updates,00:00:08,01022024152218,01-Feb-2024 15:22:26,-,False,,,105742616,Automobiles - 4 Wheelers,INE066A01013,Eicher Motors Limited,2024-02-01 15:22:18,EICHERMOT
30-Jan-2024 16:34:00,,https://nsearchives.nseindia.com/corporate/EICHERMOT_30012024163400_Regulation_39_3__30_01_2024.pdf,Eicher Motors Limited has informed the Exchange about Loss of Share Certificates,,,Loss of Share Certificates,00:00:05,30012024163400,30-Jan-2024 16:34:05,-,False,,,105739382,Automobiles - 4 Wheelers,INE066A01013,Eicher Motors Limited,2024-01-30 16:34:00,EICHERMOT
24-Jan-2024 12:47:56,,https://nsearchives.nseindia.com/corporate/EICHERMOT_24012024124756_Regulation_39_3__24_01_2024.pdf,Eicher Motors Limited has informed the Exchange about Loss of Share Certificates,,,Loss of Share Certificates,00:00:08,24012024124756,24-Jan-2024 12:48:04,-,False,,,105733963,Automobiles - 4 Wheelers,INE066A01013,Eicher Motors Limited,2024-01-24 12:47:56,EICHERMOT
23-Jan-2024 16:12:59,,https://nsearchives.nseindia.com/corporate/EICHERMOT_23012024161259_Regulation_39_3__23_01_2024.pdf,Eicher Motors Limited has informed the Exchange about Loss of Share Certificates,,,Loss of Share Certificates,00:00:06,23012024161259,23-Jan-2024 16:13:05,-,False,,,105732904,Automobiles - 4 Wheelers,INE066A01013,Eicher Motors Limited,2024-01-23 16:12:59,EICHERMOT
22-Jan-2024 15:09:52,,https://nsearchives.nseindia.com/corporate/EICHERMOT_22012024150952_Regulation_39_3__22_01_2024.pdf,Eicher Motors Limited has informed the Exchange about Loss of Share Certificates,,,Loss of Share Certificates,00:00:05,22012024150952,22-Jan-2024 15:09:57,-,False,,,105731971,Automobiles - 4 Wheelers,INE066A01013,Eicher Motors Limited,2024-01-22 15:09:52,EICHERMOT
09-Jan-2024 16:40:39,,https://nsearchives.nseindia.com/corporate/EICHERMOT_09012024164039_Regulation_74_5_as_on_31_12_23_Signed.pdf,"Eicher Motors Limited has informed the Exchange about Certificate under SEBI (Depositories and Participants) Regulations, 2018",,,"Certificate under SEBI (Depositories and Participants) Regulations, 2018",00:00:05,09012024164039,09-Jan-2024 16:40:44,-,False,,,105720241,Automobiles - 4 Wheelers,INE066A01013,Eicher Motors Limited,2024-01-09 16:40:39,EICHERMOT
08-Jan-2024 18:02:55,,https://nsearchives.nseindia.com/corporate/EICHERMOT_08012024180255_EMLPressReleaseJanuary082024Signed.pdf,"Eicher Motors Limited has informed the Exchange regarding a press release dated January 08, 2024, titled ""Royal Enfield signs MoU With the Government of Tamil Nadu for proposed investment of Rs. 3000 crores for brownfield and greenfield projects in the State"".",,,Press Release,00:00:06,08012024180255,08-Jan-2024 18:03:01,-,False,,,105719118,Automobiles - 4 Wheelers,INE066A01013,Eicher Motors Limited,2024-01-08 18:02:55,EICHERMOT
05-Jan-2024 18:23:24,,https://nsearchives.nseindia.com/corporate/EICHERMOT_05012024182324_Regulation_39_3__05_01_2024.pdf,Eicher Motors Limited has informed the Exchange about Loss of Share Certificates,,,Loss of Share Certificates,00:00:05,05012024182324,05-Jan-2024 18:23:29,-,False,,,105717243,Automobiles - 4 Wheelers,INE066A01013,Eicher Motors Limited,2024-01-05 18:23:24,EICHERMOT
01-Jan-2024 17:10:43,,https://nsearchives.nseindia.com/corporate/EICHERMOT_01012024171043_EMLMonthlyBusinessUpdate1stJanuary2024Signed.pdf,Eicher Motors Limited has informed the Exchange regarding Monthly Business Updates for the month of December 2023,,,Monthly Business Updates,00:00:08,01012024171043,01-Jan-2024 17:10:51,-,False,,,105712659,Automobiles - 4 Wheelers,INE066A01013,Eicher Motors Limited,2024-01-01 17:10:43,EICHERMOT
01-Jan-2024 12:53:58,,https://nsearchives.nseindia.com/corporate/EICHERMOT_01012024125358_VECVDec23salesUpdate1stJan24Updated01012024Signed.pdf,"Eicher Motors Limited has informed the Exchange regarding Monthly Business Updates for the month of December 2023 of VE Commercial Vehicles Limited, an unlisted material subsidiary of Eicher Motors Limited",,,Monthly Business Updates,00:00:06,01012024125358,01-Jan-2024 12:54:04,-,False,,,105712477,Automobiles - 4 Wheelers,INE066A01013,Eicher Motors Limited,2024-01-01 12:53:58,EICHERMOT
31-Dec-2023 22:34:56,,https://nsearchives.nseindia.com/corporate/EICHERMOT_31122023223456_DemandOrderfromGSTIntimationtostockexchanges31122023Signed.pdf,Eicher Motors Limited has informed the Exchange regarding 'Disclosure under Regulation 30'.,,,Updates,00:00:06,31122023223456,31-Dec-2023 22:35:02,-,False,,,105712019,Automobiles - 4 Wheelers,INE066A01013,Eicher Motors Limited,2023-12-31 22:34:56,EICHERMOT
26-Dec-2023 15:49:05,,https://nsearchives.nseindia.com/corporate/EICHERMOT_26122023154905_EMLTradingwindowclosureJanuary012024Signed.pdf,"Eicher Motors Limited has informed the Exchange regarding the Trading Window closure pursuant to SEBI (Prohibition of Insider Trading) Regulations, 2015",,,Trading Window,00:00:18,26122023154905,26-Dec-2023 15:49:23,-,False,,,105705429,Automobiles - 4 Wheelers,INE066A01013,Eicher Motors Limited,2023-12-26 15:49:05,EICHERMOT
21-Dec-2023 23:15:22,,https://nsearchives.nseindia.com/corporate/EICHERMOT_21122023231522_EMLScheduleofMeetingwithAnalystsInvestors21122023Signed.pdf,Eicher Motors Limited has informed the Exchange about Schedule of meet,,,Analysts/Institutional Investor Meet/Con. Call Updates,00:00:06,21122023231522,21-Dec-2023 23:15:28,-,False,,,105702937,Automobiles - 4 Wheelers,INE066A01013,Eicher Motors Limited,2023-12-21 23:15:22,EICHERMOT
20-Dec-2023 18:18:32,,https://nsearchives.nseindia.com/corporate/EICHERMOT_20122023181832_Regulation_39_3__20_12_2023.pdf,Eicher Motors Limited has informed the Exchange about Loss of Share Certificates,,,Loss of Share Certificates,00:00:04,20122023181832,20-Dec-2023 18:18:36,-,False,,,105701558,Automobiles - 4 Wheelers,INE066A01013,Eicher Motors Limited,2023-12-20 18:18:32,EICHERMOT
18-Dec-2023 16:21:19,,https://nsearchives.nseindia.com/corporate/EICHERMOT_18122023162119_EMLScheduleofMeetingwithAnalystsInvestors18122023Signed.pdf,Eicher Motors Limited has informed the Exchange about Schedule of meet,,,Analysts/Institutional Investor Meet/Con. Call Updates,00:00:06,18122023162119,18-Dec-2023 16:21:25,-,False,,,105699283,Automobiles - 4 Wheelers,INE066A01013,Eicher Motors Limited,2023-12-18 16:21:19,EICHERMOT
16-Dec-2023 15:39:54,,https://nsearchives.nseindia.com/corporate/EICHERMOT_16122023153954_EMLKYCIntimation16122023Signed.pdf,Eicher Motors Limited has informed the Exchange regarding 'Update regarding KYC Updation Norms for shareholders'.,,,Updates,00:00:05,16122023153954,16-Dec-2023 15:39:59,-,False,,,105698560,Automobiles - 4 Wheelers,INE066A01013,Eicher Motors Limited,2023-12-16 15:39:54,EICHERMOT
13-Dec-2023 16:45:11,,https://nsearchives.nseindia.com/corporate/EICHERMOT_13122023164511_EMLScheduleofMeetingAnalystInvestorsNovember13122023Signed.pdf,Eicher Motors Limited has informed the Exchange about Schedule of meet,,,Analysts/Institutional Investor Meet/Con. Call Updates,00:00:07,13122023164511,13-Dec-2023 16:45:18,-,False,,,105695794,Automobiles - 4 Wheelers,INE066A01013,Eicher Motors Limited,2023-12-13 16:45:11,EICHERMOT
01-Dec-2023 17:11:51,,https://nsearchives.nseindia.com/corporate/EICHERMOT_01122023171151_EMLMonthlyBusinessUpdate1stDecember2023Signed.pdf,Eicher Motors Limited has informed the Exchange regarding Monthly Business Updates for the month of November 2023,,,Monthly Business Updates,00:00:11,01122023171151,01-Dec-2023 17:12:02,-,False,,,105687811,Automobiles - 4 Wheelers,INE066A01013,Eicher Motors Limited,2023-12-01 17:11:51,EICHERMOT
01-Dec-2023 13:35:38,,https://nsearchives.nseindia.com/corporate/EICHERMOT_01122023133538_VECVNov23salesUpdate1stDec23UpdatedSigned.pdf,"Eicher Motors Limited has informed the Exchange regarding Monthly Business Updates for the month of November 2023 of VE Commercial Vehicles Limited, an unlisted material subsidiary of Eicher Motors Limited",,,Monthly Business Updates,00:00:09,01122023133538,01-Dec-2023 13:35:47,-,False,,,105687628,Automobiles - 4 Wheelers,INE066A01013,Eicher Motors Limited,2023-12-01 13:35:38,EICHERMOT
30-Nov-2023 17:56:59,,https://nsearchives.nseindia.com/corporate/EICHERMOT_30112023175659_Regulation_39_3__30_11_2023.pdf,Eicher Motors Limited has informed the Exchange about Loss of Share Certificates,,,Loss of Share Certificates,00:00:05,30112023175659,30-Nov-2023 17:57:04,-,False,,,105686914,Automobiles - 4 Wheelers,INE066A01013,Eicher Motors Limited,2023-11-30 17:56:59,EICHERMOT
29-Nov-2023 17:01:50,,https://nsearchives.nseindia.com/corporate/EICHERMOT_29112023170150_EMLScheduleofMeetingwithAnalystsInvestors29112023Signed.pdf,Eicher Motors Limited has informed the Exchange about Schedule of meet,,,Analysts/Institutional Investor Meet/Con. Call Updates,00:00:06,29112023170150,29-Nov-2023 17:01:56,-,False,,,105685755,Automobiles - 4 Wheelers,INE066A01013,Eicher Motors Limited,2023-11-29 17:01:50,EICHERMOT
24-Nov-2023 22:02:32,,https://nsearchives.nseindia.com/corporate/EICHERMOT_24112023220232_PressRelease24112023.pdf,"Eicher Motors Limited has informed the Exchange regarding a press release dated November 24, 2023, titled ""Press Release - November 24, 2023"".",,,Press Release,00:00:10,24112023220232,24-Nov-2023 22:02:42,-,False,,,105683527,Automobiles - 4 Wheelers,INE066A01013,Eicher Motors Limited,2023-11-24 22:02:32,EICHERMOT
24-Nov-2023 20:08:46,,https://nsearchives.nseindia.com/corporate/EICHERMOT_24112023200846_PR.pdf,"Eicher Motors Limited has informed the Exchange regarding a press release dated November 24, 2023, titled ""Press Release"".",,,Press Release,00:00:05,24112023200846,24-Nov-2023 20:08:51,-,False,,,105683491,Automobiles - 4 Wheelers,INE066A01013,Eicher Motors Limited,2023-11-24 20:08:46,EICHERMOT
24-Nov-2023 10:10:56,,https://nsearchives.nseindia.com/corporate/EICHERMOT_24112023101056_Regulation_39_3__24_11_2023.pdf,Eicher Motors Limited has informed the Exchange about Loss of Share Certificates,,,Loss of Share Certificates,00:00:06,24112023101056,24-Nov-2023 10:11:02,-,False,,,105682841,Automobiles - 4 Wheelers,INE066A01013,Eicher Motors Limited,2023-11-24 10:10:56,EICHERMOT
16-Nov-2023 19:48:21,,https://nsearchives.nseindia.com/corporate/EICHERMOT_16112023194821_Regulation_39_3__16_11_2023.pdf,Eicher Motors Limited has informed the Exchange about Loss of Share Certificates,,,Loss of Share Certificates,00:00:05,16112023194821,16-Nov-2023 19:48:26,-,False,,,105677715,Automobiles - 4 Wheelers,INE066A01013,Eicher Motors Limited,2023-11-16 19:48:21,EICHERMOT
15-Nov-2023 21:22:46,,https://nsearchives.nseindia.com/corporate/EICHERMOT_15112023212246_EMLScheduleofMeetingwithAnalystsandInvestors15112023Signed.pdf,Eicher Motors Limited has informed the Exchange about Schedule of meet,,,Analysts/Institutional Investor Meet/Con. Call Updates,00:00:06,15112023212246,15-Nov-2023 21:22:52,-,False,,,105676648,Automobiles - 4 Wheelers,INE066A01013,Eicher Motors Limited,2023-11-15 21:22:46,EICHERMOT
15-Nov-2023 21:20:44,,https://nsearchives.nseindia.com/corporate/EICHERMOT_15112023212044_EMLEarningCallsTranscriptNovember152023Signed.pdf,Eicher Motors Limited has informed the Exchange about Transcript,,,Analysts/Institutional Investor Meet/Con. Call Updates,00:00:07,15112023212044,15-Nov-2023 21:20:51,-,False,,,105676646,Automobiles - 4 Wheelers,INE066A01013,Eicher Motors Limited,2023-11-15 21:20:44,EICHERMOT
10-Nov-2023 23:27:53,,https://nsearchives.nseindia.com/corporate/EICHERMOT_10112023232753_EMLAudioRecordingofConferenceCallNovember102023SIGNED.pdf,Eicher Motors Limited has informed the Exchange about Link of Recording,,,Analysts/Institutional Investor Meet/Con. Call Updates,00:00:06,10112023232753,10-Nov-2023 23:27:59,-,False,,,105674128,Automobiles - 4 Wheelers,INE066A01013,Eicher Motors Limited,2023-11-10 23:27:53,EICHERMOT
10-Nov-2023 18:11:44,,https://nsearchives.nseindia.com/corporate/EICHERMOT_10112023181144_EMLInvestorPresentationNovember102023Signed.pdf,Eicher Motors Limited has informed the Exchange about Investor Presentation,,,Investor Presentation,00:00:12,10112023181144,10-Nov-2023 18:11:56,-,False,,,105673649,Automobiles - 4 Wheelers,INE066A01013,Eicher Motors Limited,2023-11-10 18:11:44,EICHERMOT
10-Nov-2023 18:01:16,,https://nsearchives.nseindia.com/corporate/EICHERMOT_10112023180116_EMLTradingWindowOpeningNovember132023Signed.pdf,Eicher Motors Limited has informed the Exchange regarding 'Opening of Trading Window of Eicher Motors Limited'.,,,Updates,00:00:06,10112023180116,10-Nov-2023 18:01:22,-,False,,,105673618,Automobiles - 4 Wheelers,INE066A01013,Eicher Motors Limited,2023-11-10 18:01:16,EICHERMOT
10-Nov-2023 17:50:08,,https://nsearchives.nseindia.com/corporate/EICHERMOT_10112023175008_PressReleaseSigned.pdf,"Eicher Motors Limited has informed the Exchange regarding a press release dated November 10, 2023, titled ""EICHER MOTORS LTD. ANNOUNCES ROBUST PERFORMANCE FOR QUARTER ENDED SEPT 30, 2023. REGISTERS HIGHEST EVER QUARTERLY REVENUES, PROFITS, EBITDA AND SALES"".",,,Press Release,00:00:11,10112023175008,10-Nov-2023 17:50:19,-,False,,,105673573,Automobiles - 4 Wheelers,INE066A01013,Eicher Motors Limited,2023-11-10 17:50:08,EICHERMOT
10-Nov-2023 17:39:34,,https://nsearchives.nseindia.com/corporate/EICHERMOT_10112023173934_EMLFinancialResultsSeptember2023Signedfinalstx.pdf,"Eicher Motors Limited has informed the Exchange regarding  Board meeting held on November 10, 2023.",,,Outcome of Board Meeting,00:00:14,10112023173934,10-Nov-2023 17:39:48,-,False,,,105673543,Automobiles - 4 Wheelers,INE066A01013,Eicher Motors Limited,2023-11-10 17:39:34,EICHERMOT
10-Nov-2023 17:37:25,,https://nsearchives.nseindia.com/corporate/EICHERMOT_10112023173725_IntimationofAllotmentNovember102023Signed.pdf,Eicher Motors Limited has informed the Exchange regarding Exercise of 26040  Options.,,,ESOP/ESOS/ESPS,00:00:07,10112023173725,10-Nov-2023 17:37:32,-,False,,,105673531,Automobiles - 4 Wheelers,INE066A01013,Eicher Motors Limited,2023-11-10 17:37:25,EICHERMOT
10-Nov-2023 17:35:56,,https://nsearchives.nseindia.com/corporate/EMLFinancialResultsSeptember2023Signedfinalstx_10112023173556.pdf,"Eicher Motors Limited has submitted to the Exchange, the financial results for the period ended September 30, 2023.",,,Financial Result Updates,00:00:09,10112023173556,10-Nov-2023 17:36:05,-,False,,,158564,Automobiles - 4 Wheelers,INE066A01013,Eicher Motors Limited,2023-11-10 17:35:56,EICHERMOT
10-Nov-2023 17:27:56,,https://nsearchives.nseindia.com/corporate/EICHERMOT_10112023172756_IntimationofGrantNovember102023Signed.pdf,Eicher Motors Limited has informed the Exchange regarding Grant of 12350  Options.,,,ESOP/ESOS/ESPS,00:00:26,10112023172756,10-Nov-2023 17:28:22,-,False,,,105673504,Automobiles - 4 Wheelers,INE066A01013,Eicher Motors Limited,2023-11-10 17:27:56,EICHERMOT
10-Nov-2023 17:24:26,,https://nsearchives.nseindia.com/corporate/EICHERMOT_10112023172426_IntimationofAllotmentNovember102023Signed.pdf,"Eicher Motors Limited has informed the Exchange regarding allotment of 26040 securities pursuant to ESOP/ESPS at its meeting held on November 10, 2023",,,Allotment of Securities,00:00:22,10112023172426,10-Nov-2023 17:24:48,-,False,,,105673485,Automobiles - 4 Wheelers,INE066A01013,Eicher Motors Limited,2023-11-10 17:24:26,EICHERMOT
07-Nov-2023 13:47:11,,https://nsearchives.nseindia.com/corporate/EICHERMOT_07112023134711_EMLPressReleaseNovember072023Signed.pdf,"Eicher Motors Limited has informed the Exchange regarding a press release dated November 07, 2023, titled ""THE ALL NEW ROYAL ENFIELD HIMALAYAN. BUILT BY THE HIMALAYAS.  2. THE FUTURE OF HIMALAYAN EXPLORATION ROYAL ENFIELD PRESENTS THE ELECTRIC HIMALAYAN TESTBED AT EICMA"".",,,Press Release,00:00:12,07112023134711,07-Nov-2023 13:47:23,-,False,,,105667472,Automobiles - 4 Wheelers,INE066A01013,Eicher Motors Limited,2023-11-07 13:47:11,EICHERMOT
06-Nov-2023 20:21:19,,https://nsearchives.nseindia.com/corporate/EICHERMOT_06112023202119_EMLIntimationofAppointmentofDirectorPostalBallotSigned.pdf,Eicher Motors Limited has informed the Exchange regarding Change in Director(s) of the company.,,,Change in Director(s),00:00:06,06112023202119,06-Nov-2023 20:21:25,-,False,,,105666613,Automobiles - 4 Wheelers,INE066A01013,Eicher Motors Limited,2023-11-06 20:21:19,EICHERMOT
06-Nov-2023 18:36:46,,https://nsearchives.nseindia.com/corporate/EICHERMOT_06112023183646_EMLPostalBallotResult06112023Signed.pdf,"Eicher Motors Limited has submitted the Exchange a copy Srutinizers report of  Postal Ballot. Further, the company has informed the Exchange regarding voting results.",,,Shareholders meeting,00:00:07,06112023183646,06-Nov-2023 18:36:53,-,False,,,105666451,Automobiles - 4 Wheelers,INE066A01013,Eicher Motors Limited,2023-11-06 18:36:46,EICHERMOT
03-Nov-2023 17:33:55,,https://nsearchives.nseindia.com/corporate/EICHERMOT_03112023173355_IntimationofRetirmentofSeniorManagementPersonnelSigned.pdf,Eicher Motors Limited has informed the Exchange about change in Management,,,Change in Management,00:00:16,03112023173355,03-Nov-2023 17:34:11,-,False,,,105664204,Automobiles - 4 Wheelers,INE066A01013,Eicher Motors Limited,2023-11-03 17:33:55,EICHERMOT
03-Nov-2023 16:27:00,,https://nsearchives.nseindia.com/corporate/EICHERMOT_03112023162700_EMLScheduleofMeetingAnalystInvestorsNovember102023Signed.pdf,Eicher Motors Limited has informed the Exchange about Schedule of meet,,,Analysts/Institutional Investor Meet/Con. Call Updates,00:00:08,03112023162700,03-Nov-2023 16:27:08,-,False,,,105664026,Automobiles - 4 Wheelers,INE066A01013,Eicher Motors Limited,2023-11-03 16:27:00,EICHERMOT
01-Nov-2023 16:11:10,,https://nsearchives.nseindia.com/corporate/EICHERMOT_01112023161110_EMLMonthlyBusinessUpdate1stNovember2023Signed.pdf,Eicher Motors Limited has informed the Exchange regarding Monthly Business Updates for the month of October 2023,,,Monthly Business Updates,00:00:05,01112023161110,01-Nov-2023 16:11:15,-,False,,,105660748,Automobiles - 4 Wheelers,INE066A01013,Eicher Motors Limited,2023-11-01 16:11:10,EICHERMOT
01-Nov-2023 13:04:40,,https://nsearchives.nseindia.com/corporate/EICHERMOT_01112023130440_VECVOct23salesUpdate1stNov23UpdatedSigned.pdf,"Eicher Motors Limited has informed the Exchange regarding Monthly Business Updates for the month of October 2023 of VE Commercial Vehicles Limited, an unlisted material subsidiary of Eicher Motors Limited",,,Monthly Business Updates,00:00:13,01112023130440,01-Nov-2023 13:04:53,-,False,,,105660402,Automobiles - 4 Wheelers,INE066A01013,Eicher Motors Limited,2023-11-01 13:04:40,EICHERMOT
27-Oct-2023 09:03:22,,https://nsearchives.nseindia.com/corporate/EICHERMOT_27102023090322_Regulation_39_3__27_10_2023.pdf,Eicher Motors Limited has informed the Exchange about Loss of Share Certificates,,,Loss of Share Certificates,00:00:05,27102023090322,27-Oct-2023 09:03:27,-,False,,,105654753,Automobiles - 4 Wheelers,INE066A01013,Eicher Motors Limited,2023-10-27 09:03:22,EICHERMOT
17-Oct-2023 18:35:24,,https://nsearchives.nseindia.com/corporate/EICHERMOT_17102023183524_Regulation74_5_as_on_30_09_23signed.pdf,"Eicher Motors Limited has informed the Exchange about Certificate under SEBI (Depositories and Participants) Regulations, 2018 under Regulation 74(5)",,,"Certificate under SEBI (Depositories and Participants) Regulations, 2018",00:00:06,17102023183524,17-Oct-2023 18:35:30,-,False,,,105646522,Automobiles - 4 Wheelers,INE066A01013,Eicher Motors Limited,2023-10-17 18:35:24,EICHERMOT
17-Oct-2023 18:20:56,,https://nsearchives.nseindia.com/corporate/EICHERMOT_17102023182057_Regulation_74_5_ason30_09_23.pdf,"Eicher Motors Limited has informed the Exchange about Certificate under SEBI (Depositories and Participants) Regulations, 2018 under Regulation 74(5)",,,"Certificate under SEBI (Depositories and Participants) Regulations, 2018",00:00:07,17102023182056,17-Oct-2023 18:21:03,-,False,,,105646498,Automobiles - 4 Wheelers,INE066A01013,Eicher Motors Limited,2023-10-17 18:20:56,EICHERMOT
11-Oct-2023 22:48:52,,https://nsearchives.nseindia.com/corporate/EICHERMOT_11102023224852_Regulation_39_3__11_10_2023.pdf,Eicher Motors Limited has informed the Exchange about Loss of Share Certificates,,,Loss of Share Certificates,00:00:04,11102023224852,11-Oct-2023 22:48:56,-,False,,,105642145,Automobiles - 4 Wheelers,INE066A01013,Eicher Motors Limited,2023-10-11 22:48:52,EICHERMOT
07-Oct-2023 11:10:18,,https://nsearchives.nseindia.com/corporate/EICHERMOT_07102023111018_NewspaperAdvertisementNoticeofPostalBallot.pdf,Eicher Motors Limited has informed the Exchange about Copy of Newspaper Publication,,,Copy of Newspaper Publication,00:00:07,07102023111018,07-Oct-2023 11:10:25,-,False,,,105638356,Automobiles - 4 Wheelers,INE066A01013,Eicher Motors Limited,2023-10-07 11:10:18,EICHERMOT
06-Oct-2023 13:43:41,,https://nsearchives.nseindia.com/corporate/EICHERMOT_06102023134341_EMLPostalballotnoticestx06102023.pdf,Eicher Motors Limited has informed the Exchange regarding Notice of Postal Ballot,,,Shareholders meeting,00:00:07,06102023134341,06-Oct-2023 13:43:48,-,False,,,105637560,Automobiles - 4 Wheelers,INE066A01013,Eicher Motors Limited,2023-10-06 13:43:41,EICHERMOT
05-Oct-2023 17:12:30,,https://nsearchives.nseindia.com/corporate/EICHERMOT_05102023171230_Regulation_39_3__05_10_2023.pdf,Eicher Motors Limited has informed the Exchange about Loss of Share Certificates,,,Loss of Share Certificates,00:00:06,05102023171230,05-Oct-2023 17:12:36,-,False,,,105636695,Automobiles - 4 Wheelers,INE066A01013,Eicher Motors Limited,2023-10-05 17:12:30,EICHERMOT
03-Oct-2023 06:33:25,,https://nsearchives.nseindia.com/corporate/EICHERMOT_03102023063325_VECVSep23salesUpdate1stOct23Updated.pdf,"Eicher Motors Limited has informed the Exchange regarding Monthly Business Updates for the month of September 2023 of VE Commercial Vehicles Limited, an unlisted material subsidiary of Eicher Motors Limited",,,Monthly Business Updates,00:00:06,03102023063325,03-Oct-2023 06:33:31,-,False,,,105634037,Automobiles - 4 Wheelers,INE066A01013,Eicher Motors Limited,2023-10-03 06:33:25,EICHERMOT
02-Oct-2023 17:08:29,,https://nsearchives.nseindia.com/corporate/EICHERMOT_02102023170829_EMLMonthlyBusinessUpdate1stOctober2023Signed.pdf,Eicher Motors Limited has informed the Exchange regarding Monthly Business Updates for the month of September 2023,,,Monthly Business Updates,00:00:07,02102023170829,02-Oct-2023 17:08:36,-,False,,,105633952,Automobiles - 4 Wheelers,INE066A01013,Eicher Motors Limited,2023-10-02 17:08:29,EICHERMOT
29-Sep-2023 22:06:21,,https://nsearchives.nseindia.com/corporate/EICHERMOT_29092023220621_Regulation_39_3__29_09_2023.pdf,Eicher Motors Limited has informed the Exchange about Loss of Share Certificates,,,Loss of Share Certificates,00:00:04,29092023220621,29-Sep-2023 22:06:25,-,False,,,105632280,Automobiles - 4 Wheelers,INE066A01013,Eicher Motors Limited,2023-09-29 22:06:21,EICHERMOT
29-Sep-2023 15:02:53,,https://nsearchives.nseindia.com/corporate/EICHERMOT_29092023150253_lettersigned.pdf,Eicher Motors Limited has informed the Exchange regarding Change in Director(s) of the company.,,,Change in Director(s),00:00:06,29092023150253,29-Sep-2023 15:02:59,-,False,,,105630996,Automobiles - 4 Wheelers,INE066A01013,Eicher Motors Limited,2023-09-29 15:02:53,EICHERMOT
28-Sep-2023 20:14:17,,https://nsearchives.nseindia.com/corporate/EICHERMOT_28092023201417_EMLscheduleofmeetingwithAnalystandInvestors28092023_signed.pdf,Eicher Motors Limited has informed the Exchange about Schedule of meet,,,Analysts/Institutional Investor Meet/Con. Call Updates,00:00:07,28092023201417,28-Sep-2023 20:14:24,-,False,,,105630068,Automobiles - 4 Wheelers,INE066A01013,Eicher Motors Limited,2023-09-28 20:14:17,EICHERMOT
27-Sep-2023 11:15:21,,https://nsearchives.nseindia.com/corporate/EICHERMOT_27092023111521_Regulation_39_3__27_09_2023.pdf,Eicher Motors Limited has informed the Exchange about Loss of Share Certificates,,,Loss of Share Certificates,00:00:04,27092023111521,27-Sep-2023 11:15:25,-,False,,,105627693,Automobiles - 4 Wheelers,INE066A01013,Eicher Motors Limited,2023-09-27 11:15:21,EICHERMOT
26-Sep-2023 11:59:57,,https://nsearchives.nseindia.com/corporate/EICHERMOT_26092023115957_EMLTradingwindowclosureOctober12023Signed.pdf,"Eicher Motors Limited has informed the Exchange regarding the Trading Window closure pursuant to SEBI (Prohibition of Insider Trading) Regulations, 2015",,,Trading Window,00:00:05,26092023115957,26-Sep-2023 12:00:02,-,False,,,105626496,Automobiles - 4 Wheelers,INE066A01013,Eicher Motors Limited,2023-09-26 11:59:57,EICHERMOT
22-Sep-2023 15:52:11,,https://nsearchives.nseindia.com/corporate/EICHERMOT_22092023155211_EMLIntimationtoInvestorsNewspaperPublicationforODRMechanismSigned.pdf,Eicher Motors Limited has informed the Exchange about Copy of Newspaper Publication,,,Copy of Newspaper Publication,00:00:05,22092023155211,22-Sep-2023 15:52:16,-,False,,,105624056,Automobiles - 4 Wheelers,INE066A01013,Eicher Motors Limited,2023-09-22 15:52:11,EICHERMOT
22-Sep-2023 15:49:47,,https://nsearchives.nseindia.com/corporate/EICHERMOT_22092023154947_EMLScheduleofMeetingwithAnalystsInvestors22092023Signed.pdf,Eicher Motors Limited has informed the Exchange about Schedule of meet,,,Analysts/Institutional Investor Meet/Con. Call Updates,00:00:05,22092023154947,22-Sep-2023 15:49:52,-,False,,,105624053,Automobiles - 4 Wheelers,INE066A01013,Eicher Motors Limited,2023-09-22 15:49:47,EICHERMOT
14-Sep-2023 22:02:19,,https://nsearchives.nseindia.com/corporate/EICHERMOT_14092023220219_Regulation_39_3__14_09_2023.pdf,Eicher Motors Limited has informed the Exchange about Loss of Share Certificates,,,Loss of Share Certificates,00:00:06,14092023220219,14-Sep-2023 22:02:25,-,False,,,105618910,Automobiles - 4 Wheelers,INE066A01013,Eicher Motors Limited,2023-09-14 22:02:19,EICHERMOT
11-Sep-2023 09:47:07,,https://nsearchives.nseindia.com/corporate/EICHERMOT_11092023094707_EMLScheduleofMeetingwithAnalystsInvestors11092023SIGNED.pdf,Eicher Motors Limited has informed the Exchange about Schedule of meet,,,Analysts/Institutional Investor Meet/Con. Call Updates,00:00:11,11092023094707,11-Sep-2023 09:47:18,-,False,,,105615397,Automobiles - 4 Wheelers,INE066A01013,Eicher Motors Limited,2023-09-11 09:47:07,EICHERMOT
01-Sep-2023 15:54:16,,https://nsearchives.nseindia.com/corporate/EICHERMOT_01092023155416_EMLMonthlyBusinessUpdate1stSeptember2023Signed.pdf,Eicher Motors Limited has informed the Exchange regarding Monthly Business Updates for the month of August 2023,,,Monthly Business Updates,00:00:05,01092023155416,01-Sep-2023 15:54:21,-,False,,,105606634,Automobiles - 4 Wheelers,INE066A01013,Eicher Motors Limited,2023-09-01 15:54:16,EICHERMOT
01-Sep-2023 13:55:05,,https://nsearchives.nseindia.com/corporate/EICHERMOT_01092023135505_VECVAug23salesUpdate1stSep23UpdatedSigned.pdf,"Eicher Motors Limited has informed the Exchange regarding Monthly Business Updates for the month of August 2023 of VE Commercial Vehicles Limited, an unlisted material subsidiary of Eicher Motors Limited",,,Monthly Business Updates,00:00:09,01092023135505,01-Sep-2023 13:55:14,-,False,,,105606472,Automobiles - 4 Wheelers,INE066A01013,Eicher Motors Limited,2023-09-01 13:55:05,EICHERMOT
01-Sep-2023 12:31:12,,https://nsearchives.nseindia.com/corporate/EICHERMOT_01092023123112_EMLPressRelease01092023Signed.pdf,"Eicher Motors Limited has informed the Exchange regarding a press release dated September 01, 2023, titled ""THE 2023 ROYAL ENFIELD BULLET - NEW HEART. SAME BEAT."".",,,Press Release,00:00:06,01092023123112,01-Sep-2023 12:31:18,-,False,,,105606361,Automobiles - 4 Wheelers,INE066A01013,Eicher Motors Limited,2023-09-01 12:31:12,EICHERMOT
28-Aug-2023 16:56:25,,https://nsearchives.nseindia.com/corporate/EICHERMOT_28082023165625_EMLScheduleofMeetingwithAnalystsInvestors28082023Signed.pdf,Eicher Motors Limited has informed the Exchange about Schedule of meet,,,Analysts/Institutional Investor Meet/Con. Call Updates,00:00:05,28082023165625,28-Aug-2023 16:56:30,-,False,,,105601665,Automobiles - 4 Wheelers,INE066A01013,Eicher Motors Limited,2023-08-28 16:56:25,EICHERMOT
25-Aug-2023 15:06:13,,https://nsearchives.nseindia.com/corporate/EICHERMOT_25082023150613_Regulation_39_3__25_08_2023.pdf,Eicher Motors Limited has informed the Exchange about Loss of Share Certificates,,,Loss of Share Certificates,00:00:06,25082023150613,25-Aug-2023 15:06:19,-,False,,,105599618,Automobiles - 4 Wheelers,INE066A01013,Eicher Motors Limited,2023-08-25 15:06:13,EICHERMOT
25-Aug-2023 12:26:12,,https://nsearchives.nseindia.com/corporate/EICHERMOT_25082023122612_EMLScheduleofMeetingwithAnalystsInvestors25082023Signed.pdf,Eicher Motors Limited has informed the Exchange about Schedule of meet,,,Analysts/Institutional Investor Meet/Con. Call Updates,00:00:06,25082023122612,25-Aug-2023 12:26:18,-,False,,,105599463,Automobiles - 4 Wheelers,INE066A01013,Eicher Motors Limited,2023-08-25 12:26:12,EICHERMOT
24-Aug-2023 14:35:51,,https://nsearchives.nseindia.com/corporate/EICHERMOT_24082023143551_EMLIntimationofAppointmentofDirectorSigned.pdf,Eicher Motors Limited has informed the Exchange regarding Change in Director(s) of the company.,,,Change in Director(s),00:00:07,24082023143551,24-Aug-2023 14:35:58,-,False,,,105598540,Automobiles - 4 Wheelers,INE066A01013,Eicher Motors Limited,2023-08-24 14:35:51,EICHERMOT
24-Aug-2023 14:24:58,,https://nsearchives.nseindia.com/corporate/EICHERMOT_24082023142458_EMLResult41STAGM24082023Signed.pdf,"Eicher Motors Limited has submitted the Exchange a copy Srutinizers report of  Annual General Meeting held on August 23, 2023. Further, the company has informed the Exchange regarding voting results.",,,Shareholders meeting,00:00:03,24082023142458,24-Aug-2023 14:25:01,-,False,,,105598533,Automobiles - 4 Wheelers,INE066A01013,Eicher Motors Limited,2023-08-24 14:24:58,EICHERMOT
23-Aug-2023 18:24:20,,https://nsearchives.nseindia.com/corporate/EICHERMOT_23082023182420_EMLProceedingsAGM41st23082023Signed.pdf,"Eicher Motors Limited has informed the Exchange regarding Proceedings of Annual General Meeting held on August 23, 2023",,,Shareholders meeting,00:00:25,23082023182420,23-Aug-2023 18:24:45,-,False,,,105597742,Automobiles - 4 Wheelers,INE066A01013,Eicher Motors Limited,2023-08-23 18:24:20,EICHERMOT
21-Aug-2023 18:19:04,,https://nsearchives.nseindia.com/corporate/EICHERMOT_21082023181904_Regulation_39_3__21_08_2023.pdf,Eicher Motors Limited has informed the Exchange about Loss of Share Certificates,,,Loss of Share Certificates,00:00:56,21082023181904,21-Aug-2023 18:20:00,-,False,,,105595247,Automobiles - 4 Wheelers,INE066A01013,Eicher Motors Limited,2023-08-21 18:19:04,EICHERMOT
19-Aug-2023 13:22:00,,https://nsearchives.nseindia.com/corporate/EICHERMOT_19082023132200_NPAdvAddendumto41stAnnualgeneralMeetingoftheCompanySigned.pdf,Eicher Motors Limited has informed the Exchange about Copy of Newspaper Publication,,,Copy of Newspaper Publication,00:00:12,19082023132200,19-Aug-2023 13:22:12,-,False,,,105594364,Automobiles - 4 Wheelers,INE066A01013,Eicher Motors Limited,2023-08-19 13:22:00,EICHERMOT
18-Aug-2023 12:39:13,,https://nsearchives.nseindia.com/corporate/EICHERMOT_18082023123913_EMLIntimationtoStxAddendumtoAGMNotice18082023Signed.pdf,Eicher Motors Limited has informed the Exchange regarding 'Addendum to the Notice of 41st Annual General Meeting of the Company'.,,,Updates,00:00:16,18082023123913,18-Aug-2023 12:39:29,-,False,,,105593387,Automobiles - 4 Wheelers,INE066A01013,Eicher Motors Limited,2023-08-18 12:39:13,EICHERMOT
17-Aug-2023 23:08:53,,https://nsearchives.nseindia.com/corporate/EICHERMOT_17082023230853_EMLScheduleofMeetingwithAnalystsInvestors17082023Signed.pdf,Eicher Motors Limited has informed the Exchange about Schedule of meet,,,Analysts/Institutional Investor Meet/Con. Call Updates,00:00:14,17082023230853,17-Aug-2023 23:09:07,-,False,,,105592901,Automobiles - 4 Wheelers,INE066A01013,Eicher Motors Limited,2023-08-17 23:08:53,EICHERMOT
14-Aug-2023 18:37:03,,https://nsearchives.nseindia.com/corporate/EICHERMOT_14082023183703_EMLScheduleofMeetingwithAnalystsInvestors14082023Signed.pdf,Eicher Motors Limited has informed the Exchange about Schedule of meet,,,Analysts/Institutional Investor Meet/Con. Call Updates,00:01:20,14082023183703,14-Aug-2023 18:38:23,-,False,,,105589903,Automobiles - 4 Wheelers,INE066A01013,Eicher Motors Limited,2023-08-14 18:37:03,EICHERMOT
11-Aug-2023 22:06:13,,https://nsearchives.nseindia.com/corporate/EICHERMOT_11082023220613_Regulation_39_3__11_08_2023.pdf,Eicher Motors Limited has informed the Exchange about Loss of Share Certificates,,,Loss of Share Certificates,00:00:13,11082023220613,11-Aug-2023 22:06:26,-,False,,,105587457,Automobiles - 4 Wheelers,INE066A01013,Eicher Motors Limited,2023-08-11 22:06:13,EICHERMOT
10-Aug-2023 17:16:26,,https://nsearchives.nseindia.com/corporate/EICHERMOT_10082023171626_EMLScheduleofMeetingwithAnalystsInvestors10082023Signed.pdf,Eicher Motors Limited has informed the Exchange about Schedule of meet,,,Analysts/Institutional Investor Meet/Con. Call Updates,00:00:14,10082023171626,10-Aug-2023 17:16:40,-,False,,,105584646,Automobiles - 4 Wheelers,INE066A01013,Eicher Motors Limited,2023-08-10 17:16:26,EICHERMOT
10-Aug-2023 09:13:53,,https://nsearchives.nseindia.com/corporate/EICHERMOT_10082023091353_Regulation_39_3__10_08_2023.pdf,Eicher Motors Limited has informed the Exchange about Loss of Share Certificates,,,Loss of Share Certificates,00:00:15,10082023091353,10-Aug-2023 09:14:08,-,False,,,105583740,Automobiles - 4 Wheelers,INE066A01013,Eicher Motors Limited,2023-08-10 09:13:53,EICHERMOT
09-Aug-2023 23:26:48,,https://nsearchives.nseindia.com/corporate/EICHERMOT_09082023232648_EMLEarninngCallsTranscript09082023Signed.pdf,Eicher Motors Limited has informed the Exchange about Transcript,,,Analysts/Institutional Investor Meet/Con. Call Updates,00:00:14,09082023232648,09-Aug-2023 23:27:02,-,False,,,105583714,Automobiles - 4 Wheelers,INE066A01013,Eicher Motors Limited,2023-08-09 23:26:48,EICHERMOT
07-Aug-2023 17:07:22,,https://nsearchives.nseindia.com/corporate/EICHERMOT_07082023170722_EMLScheduleofMeetingwithAnalystsInvestors07082023Signed.pdf,Eicher Motors Limited has informed the Exchange about Schedule of meet,,,Analysts/Institutional Investor Meet/Con. Call Updates,00:00:12,07082023170722,07-Aug-2023 17:07:34,-,False,,,105579962,Automobiles - 4 Wheelers,INE066A01013,Eicher Motors Limited,2023-08-07 17:07:22,EICHERMOT
03-Aug-2023 23:49:07,,https://nsearchives.nseindia.com/corporate/EICHERMOT_03082023234907_EMLAudioRecordingofConferenceCallAugust032023.pdf,Eicher Motors Limited has informed the Exchange about Link of Recording,,,Analysts/Institutional Investor Meet/Con. Call Updates,00:00:13,03082023234907,03-Aug-2023 23:49:20,-,False,,,105576663,Automobiles - 4 Wheelers,INE066A01013,Eicher Motors Limited,2023-08-03 23:49:07,EICHERMOT
03-Aug-2023 18:03:06,,https://nsearchives.nseindia.com/corporate/EICHERMOT_03082023180306_EMLInvestorPresentationAugust032023Signed.pdf,Eicher Motors Limited has informed the Exchange about Investor Presentation,,,Investor Presentation,00:00:24,03082023180306,03-Aug-2023 18:03:30,-,False,,,105576100,Automobiles - 4 Wheelers,INE066A01013,Eicher Motors Limited,2023-08-03 18:03:06,EICHERMOT
03-Aug-2023 17:51:57,,https://nsearchives.nseindia.com/corporate/EICHERMOT_03082023175157_EMLPressReleaseAugust032023.pdf,"Eicher Motors Limited has informed the Exchange regarding a press release dated August 03, 2023, titled ""EICHER MOTORS LIMITED ANNOUNCES FINANCIAL RESULTS FOR THE QUARTERENDED JUNE 30, 2023"".",,,Press Release,00:00:18,03082023175157,03-Aug-2023 17:52:15,-,False,,,105576070,Automobiles - 4 Wheelers,INE066A01013,Eicher Motors Limited,2023-08-03 17:51:57,EICHERMOT
03-Aug-2023 17:38:12,,https://nsearchives.nseindia.com/corporate/EICHERMOT_03082023173812_EMLTradingWindowOpeningAugust032023.pdf,Eicher Motors Limited has informed the Exchange regarding 'Intimation of Opening of Trading Window of Eicher Motors Limited'.,,,Updates,00:00:13,03082023173812,03-Aug-2023 17:38:25,-,False,,,105576037,Automobiles - 4 Wheelers,INE066A01013,Eicher Motors Limited,2023-08-03 17:38:12,EICHERMOT
03-Aug-2023 17:20:19,,https://nsearchives.nseindia.com/corporate/EICHERMOT_03082023172019_FR.pdf,"Eicher Motors Limited has informed the Exchange regarding Outcome of Board Meeting held on August 03, 2023",,,Outcome of Board Meeting,00:00:44,03082023172019,03-Aug-2023 17:21:03,-,False,,,105575980,Automobiles - 4 Wheelers,INE066A01013,Eicher Motors Limited,2023-08-03 17:20:19,EICHERMOT
03-Aug-2023 17:12:12,,https://nsearchives.nseindia.com/corporate/FR_03082023171212.pdf,"Eicher Motors Limited has submitted to the Exchange, the financial results for the period ended June 30, 2023.",,,Financial Result Updates,00:00:08,03082023171212,03-Aug-2023 17:12:20,-,False,,,155252,Automobiles - 4 Wheelers,INE066A01013,Eicher Motors Limited,2023-08-03 17:12:12,EICHERMOT
03-Aug-2023 17:05:28,,https://nsearchives.nseindia.com/corporate/EICHERMOT_03082023170528_EMLIntimationofGrantAugust032023Signed.pdf,Eicher Motors Limited has informed the Exchange regarding Grant of 5000  Options.,,,ESOP/ESOS/ESPS,00:00:14,03082023170528,03-Aug-2023 17:05:42,-,False,,,105575936,Automobiles - 4 Wheelers,INE066A01013,Eicher Motors Limited,2023-08-03 17:05:28,EICHERMOT
03-Aug-2023 17:01:10,,https://nsearchives.nseindia.com/corporate/EICHERMOT_03082023170110_EMLIntimationofAllotmentAugust032023.pdf,"Eicher Motors Limited has informed the Exchange regarding allotment of 91000 securities pursuant to ESOP/ESPS at its meeting held on August 03, 2023",,,Allotment of Securities,00:00:16,03082023170110,03-Aug-2023 17:01:26,-,False,,,105575920,Automobiles - 4 Wheelers,INE066A01013,Eicher Motors Limited,2023-08-03 17:01:10,EICHERMOT
01-Aug-2023 17:07:51,,https://nsearchives.nseindia.com/corporate/EICHERMOT_01082023170751_EMLMonthlyBusinessUpdate1stAugust2023Signed.pdf,Eicher Motors Limited has informed the Exchange regarding Monthly Business Updates for the month of July 2023,,,Monthly Business Updates,00:00:28,01082023170751,01-Aug-2023 17:08:19,-,False,,,105572845,Automobiles - 4 Wheelers,INE066A01013,Eicher Motors Limited,2023-08-01 17:07:51,EICHERMOT
01-Aug-2023 13:42:29,,https://nsearchives.nseindia.com/corporate/EICHERMOT_01082023134229_VECVJul23salesUpdate1stAug23Signed.pdf,"Eicher Motors Limited has informed the Exchange regarding Monthly Business Updates for the month of July 2023 of VE Commercial Vehicles Limited, an unlisted material subsidiary of Eicher Motors Limited",,,Monthly Business Updates,00:00:14,01082023134229,01-Aug-2023 13:42:43,-,False,,,105572488,Automobiles - 4 Wheelers,INE066A01013,Eicher Motors Limited,2023-08-01 13:42:29,EICHERMOT
31-Jul-2023 12:18:35,,https://nsearchives.nseindia.com/corporate/EICHERMOT_31072023121835_EMLIntimationofAGMAdvertisment31072023Signed.pdf,Eicher Motors Limited has informed the Exchange about Copy of Newspaper Publication for 41st Annual General Meeting of the Company,,,Copy of Newspaper Publication,00:00:22,31072023121835,31-Jul-2023 12:18:57,-,False,,,105570860,Automobiles - 4 Wheelers,INE066A01013,Eicher Motors Limited,2023-07-31 12:18:35,EICHERMOT
29-Jul-2023 21:12:29,,https://nsearchives.nseindia.com/corporate/EICHERMOT_29072023211229_EMLCorrectedAnnualReport2023Signed.pdf,Eicher Motors Limited has informed the Exchange regarding 'Integrated Annual Report for the financial year 2022-23 '.,,,Updates,00:00:15,29072023211229,29-Jul-2023 21:12:44,-,False,,,105570491,Automobiles - 4 Wheelers,INE066A01013,Eicher Motors Limited,2023-07-29 21:12:29,EICHERMOT
29-Jul-2023 16:35:35,,https://nsearchives.nseindia.com/corporate/EICHERMOT_29072023163535_EMLIntimationBRSR202223Signed.pdf,Eicher Motors Limited has informed the Exchange regarding 'Business Responsibility and Sustainability Report for the financial year 2022-23'.,,,Updates,00:00:14,29072023163535,29-Jul-2023 16:35:49,-,False,,,105570334,Automobiles - 4 Wheelers,INE066A01013,Eicher Motors Limited,2023-07-29 16:35:35,EICHERMOT
28-Jul-2023 18:00:33,,https://nsearchives.nseindia.com/corporate/EICHERMOT_28072023180033_Regulation_39_3__20_07_2023.pdf,Eicher Motors Limited has informed the Exchange about Loss of Share Certificates,,,Loss of Share Certificates,00:00:53,28072023180033,28-Jul-2023 18:01:26,-,False,,,105569394,Automobiles - 4 Wheelers,INE066A01013,Eicher Motors Limited,2023-07-28 18:00:33,EICHERMOT
27-Jul-2023 18:17:23,,https://nsearchives.nseindia.com/corporate/EICHERMOT_27072023181723_EMLScheduleofMeetingwithAnalystandInvestorsAugust032023Signed.pdf,Eicher Motors Limited has informed the Exchange about Schedule of meet,,,Analysts/Institutional Investor Meet/Con. Call Updates,00:00:06,27072023181723,27-Jul-2023 18:17:29,-,False,,,105568000,Automobiles - 4 Wheelers,INE066A01013,Eicher Motors Limited,2023-07-27 18:17:23,EICHERMOT
21-Jul-2023 20:50:14,,https://nsearchives.nseindia.com/corporate/EICHERMOT_21072023205014_Regulation_39_3__21_07_2023.pdf,Eicher Motors Limited has informed the Exchange about Loss of Share Certificates,,,Loss of Share Certificates,00:00:08,21072023205014,21-Jul-2023 20:50:22,-,False,,,105562647,Automobiles - 4 Wheelers,INE066A01013,Eicher Motors Limited,2023-07-21 20:50:14,EICHERMOT
20-Jul-2023 09:14:10,,https://nsearchives.nseindia.com/corporate/EICHERMOT_20072023091410_Regulation_39_3__10_07_2023.pdf,Eicher Motors Limited has informed the Exchange about Loss of Share Certificates,,,Loss of Share Certificates,00:00:08,20072023091410,20-Jul-2023 09:14:18,-,False,,,105560463,Automobiles - 4 Wheelers,INE066A01013,Eicher Motors Limited,2023-07-20 09:14:10,EICHERMOT
15-Jul-2023 16:53:49,,https://nsearchives.nseindia.com/corporate/EICHERMOT_15072023165349_EMLIntimationofAGMAdvertisment15072023.pdf,Eicher Motors Limited has informed the Exchange about Copy of Newspaper Publication,,,Copy of Newspaper Publication,00:00:08,15072023165349,15-Jul-2023 16:53:57,-,False,,,105556815,Automobiles - 4 Wheelers,INE066A01013,Eicher Motors Limited,2023-07-15 16:53:49,EICHERMOT
15-Jul-2023 12:18:53,,https://nsearchives.nseindia.com/corporate/EICHERMOT_15072023121853_EMLIntimationofPenaltyimposedonRBI15072023Signed.pdf,"Eicher Motors Limited has informed the Exchange regarding 'RBI order dated July 14, 2023'.",,,Updates,00:00:06,15072023121853,15-Jul-2023 12:18:59,-,False,,,105556567,Automobiles - 4 Wheelers,INE066A01013,Eicher Motors Limited,2023-07-15 12:18:53,EICHERMOT
14-Jul-2023 17:49:56,,https://nsearchives.nseindia.com/corporate/EICHERMOT_14072023174956_EMLIntimationofBookClosure14072023Signed.pdf,Eicher Motors Limited has informed the Exchange that Register of Members & Share Transfer Books of the Company will remain closed from 17-Aug-2023 to 23-Aug-2023 for the purpose of Dividend & Meeting.,,,Book Closure,00:00:08,14072023174956,14-Jul-2023 17:50:04,-,False,,,105555963,Automobiles - 4 Wheelers,INE066A01013,Eicher Motors Limited,2023-07-14 17:49:56,EICHERMOT
10-Jul-2023 09:02:04,,https://nsearchives.nseindia.com/corporate/EICHERMOT_10072023090204_Regulation_39_3__10_07_2023.pdf,Eicher Motors Limited has informed the Exchange about Loss of Share Certificates,,,Loss of Share Certificates,00:00:08,10072023090204,10-Jul-2023 09:02:12,-,False,,,105550592,Automobiles - 4 Wheelers,INE066A01013,Eicher Motors Limited,2023-07-10 09:02:04,EICHERMOT
07-Jul-2023 16:06:35,,https://nsearchives.nseindia.com/corporate/EICHERMOT_07072023160635_EICHERMOT.pdf,"��Simran Lal,Tara Lal��Siddhartha Lal,The Simran Siddhartha Tara Benefit Trust, Trustee- Vikram Lal,��The Brinda Lal Trust, Trustee- Vikram Lal ,Karvansarai Investments Private Limited ,��Siddhartha Lal Trust, Trustee- Vikram Lal,��Tara Lal Trust, Trustee- Vikram Lal,��Mr. Raul Rai��has Submitted to the Exchange a copy of Disclosure under Regulation 31(4) of the Securities and Exchange Board of India��(Substantial Acquisition of Shares and Takeovers) Regulations, 2011.��",,,Disclosure under SEBI Takeover Regulations,00:01:31,07072023160635,07-Jul-2023 16:08:06,-,False,,,105496833,Automobiles - 4 Wheelers,INE066A01013,Eicher Motors Limited,2023-07-07 16:06:35,EICHERMOT
01-Jul-2023 17:48:46,,https://nsearchives.nseindia.com/corporate/EICHERMOT_01072023174846_EMLMonthlyBusinessUpdate1stJuly2023Signed.pdf,Eicher Motors Limited has informed the Exchange regarding Monthly Business Updates for the month of June 2023,,,Monthly Business Updates,00:00:07,01072023174846,01-Jul-2023 17:48:53,-,False,,,105544601,Automobiles - 4 Wheelers,INE066A01013,Eicher Motors Limited,2023-07-01 17:48:46,EICHERMOT
01-Jul-2023 15:27:41,,https://nsearchives.nseindia.com/corporate/EICHERMOT_01072023152741_VECVJun23salesUpdate1stJul23Signed.pdf,"Eicher Motors Limited has informed the Exchange regarding Monthly Business Updates for the month of June 2023 of VE Commercial Vehicles Limited, an unlisted material subsidiary of Eicher Motors Limited",,,Monthly Business Updates,00:00:06,01072023152741,01-Jul-2023 15:27:47,-,False,,,105544454,Automobiles - 4 Wheelers,INE066A01013,Eicher Motors Limited,2023-07-01 15:27:41,EICHERMOT
27-Jun-2023 11:48:05,,https://nsearchives.nseindia.com/corporate/EICHERMOT_27062023114805_Regulation_39_3__27_06_2023.pdf,Eicher Motors Limited has informed the Exchange about Loss of Share Certificates,,,Loss of Share Certificates,00:00:03,27062023114805,27-Jun-2023 11:48:08,-,False,,,105539540,Automobiles - 4 Wheelers,INE066A01013,Eicher Motors Limited,2023-06-27 11:48:05,EICHERMOT
26-Jun-2023 14:35:33,,https://nsearchives.nseindia.com/corporate/EICHERMOT_26062023143533_EMLTradingWindowClosureJune262023Signed.pdf,"Eicher Motors Limited has informed the Exchange regarding the Trading Window closure pursuant to SEBI (Prohibition of Insider Trading) Regulations, 2015",,,Trading Window,00:00:06,26062023143533,26-Jun-2023 14:35:39,-,False,,,105538509,Automobiles - 4 Wheelers,INE066A01013,Eicher Motors Limited,2023-06-26 14:35:33,EICHERMOT
21-Jun-2023 11:09:00,,https://nsearchives.nseindia.com/corporate/EICHERMOT_21062023110900_EMLScheduleofMeetingwithAnalystsandInvestors21062023Signed.pdf,Eicher Motors Limited has informed the Exchange about Schedule of meet,,,Analysts/Institutional Investor Meet/Con. Call Updates,00:00:02,21062023110900,21-Jun-2023 11:09:02,-,False,,,105535147,Automobiles - 4 Wheelers,INE066A01013,Eicher Motors Limited,2023-06-21 11:09:00,EICHERMOT
19-Jun-2023 23:35:10,,https://nsearchives.nseindia.com/corporate/EICHERMOT_19062023233510_EMLScheduleofMeetingwithAnalystsandInvestors19062023Signed.pdf,Eicher Motors Limited has informed the Exchange about Schedule of meet,,,Analysts/Institutional Investor Meet/Con. Call Updates,00:00:05,19062023233510,19-Jun-2023 23:35:15,-,False,,,105533950,Automobiles - 4 Wheelers,INE066A01013,Eicher Motors Limited,2023-06-19 23:35:10,EICHERMOT
14-Jun-2023 16:04:21,,https://nsearchives.nseindia.com/corporate/EICHERMOT_14062023160421_Regulation_39_3__14_06_2023.pdf,Eicher Motors Limited has informed the Exchange about Loss of Share Certificates,,,Loss of Share Certificates,00:00:17,14062023160421,14-Jun-2023 16:04:38,-,False,,,105530192,Automobiles - 4 Wheelers,INE066A01013,Eicher Motors Limited,2023-06-14 16:04:21,EICHERMOT
10-Jun-2023 15:43:27,,https://nsearchives.nseindia.com/corporate/EICHERMOT_10062023154327_ScheduleofMeetingwithAnalystsandInvestors10062023.pdf,Eicher Motors Limited has informed the Exchange about Schedule of meet,,,Analysts/Institutional Investor Meet/Con. Call Updates,00:00:04,10062023154327,10-Jun-2023 15:43:31,-,False,,,105527925,Automobiles - 4 Wheelers,INE066A01013,Eicher Motors Limited,2023-06-10 15:43:27,EICHERMOT
06-Jun-2023 13:46:15,,https://nsearchives.nseindia.com/corporate/EICHERMOT_06062023134615_ScheduleofMeetingwithAnalystsandInvestors06062023.pdf,Eicher Motors Limited has informed the Exchange about Schedule of meet,,,Analysts/Institutional Investor Meet/Con. Call Updates,00:00:05,06062023134615,06-Jun-2023 13:46:20,-,False,,,105524508,Automobiles - 4 Wheelers,INE066A01013,Eicher Motors Limited,2023-06-06 13:46:15,EICHERMOT
05-Jun-2023 23:02:13,,https://nsearchives.nseindia.com/corporate/EICHERMOT_05062023230213_Regulation_39_3__05_06_2023.pdf,Eicher Motors Limited has informed the Exchange about Loss of Share Certificates,,,Loss of Share Certificates,00:00:04,05062023230213,05-Jun-2023 23:02:17,-,False,,,105523929,Automobiles - 4 Wheelers,INE066A01013,Eicher Motors Limited,2023-06-05 23:02:13,EICHERMOT
05-Jun-2023 10:48:01,,https://nsearchives.nseindia.com/corporate/EICHERMOT_05062023104801_ScheduleofMeetingwithAnalystsandInvestors05062023Signed.pdf,Eicher Motors Limited has informed the Exchange about Schedule of meet,,,Analysts/Institutional Investor Meet/Con. Call Updates,00:00:05,05062023104801,05-Jun-2023 10:48:06,-,False,,,105523309,Automobiles - 4 Wheelers,INE066A01013,Eicher Motors Limited,2023-06-05 10:48:01,EICHERMOT
02-Jun-2023 14:57:42,,https://nsearchives.nseindia.com/corporate/EICHERMOT_02062023145742_EMLPressReleaseJune022023Signed.pdf,"Eicher Motors Limited has informed the Exchange regarding a press release dated Jun 02, 2023, titled ""ROYAL ENFIELD CONTINUES TO EXPAND GLOBAL PRESENCE WITH THE COMMENCEMENT OF ITS FIFTH INTERNATIONAL CKD ASSEMBLY UNIT"".",,,Press Release,00:00:09,02062023145742,02-Jun-2023 14:57:51,-,False,,,105522268,Automobiles - 4 Wheelers,INE066A01013,Eicher Motors Limited,2023-06-02 14:57:42,EICHERMOT
01-Jun-2023 15:59:16,,https://nsearchives.nseindia.com/corporate/EICHERMOT_01062023155916_EMLMonthlyBusinessUpdate1stJune2023Signed.pdf,Eicher Motors Limited has informed the Exchange regarding Monthly Business Updates for the month of May 2023,,,Monthly Business Updates,00:00:04,01062023155916,01-Jun-2023 15:59:20,-,False,,,105521251,Automobiles - 4 Wheelers,INE066A01013,Eicher Motors Limited,2023-06-01 15:59:16,EICHERMOT
01-Jun-2023 13:52:04,,https://nsearchives.nseindia.com/corporate/EICHERMOT_01062023135204_VECVMay23salesUpdate1stJun23.pdf,"Eicher Motors Limited has informed the Exchange regarding Monthly Business Updates for the month of May 2023 of VE Commercial Vehicles Limited, an unlisted material subsidiary of Eicher Motors Limited",,,Monthly Business Updates,00:00:08,01062023135204,01-Jun-2023 13:52:12,-,False,,,105521059,Automobiles - 4 Wheelers,INE066A01013,Eicher Motors Limited,2023-06-01 13:52:04,EICHERMOT
01-Jun-2023 12:49:24,,https://nsearchives.nseindia.com/corporate/EICHERMOT_01062023124924_ScheduleofMeetingwithAnalystandInvestorJune012023.pdf,Eicher Motors Limited has informed the Exchange about Schedule of meet,,,Analysts/Institutional Investor Meet/Con. Call Updates,00:00:03,01062023124924,01-Jun-2023 12:49:27,-,False,,,105520983,Automobiles - 4 Wheelers,INE066A01013,Eicher Motors Limited,2023-06-01 12:49:24,EICHERMOT
31-May-2023 18:12:37,,https://nsearchives.nseindia.com/corporate/EICHERMOT_31052023181237_EMLKYCIntimationMay312023Signed.pdf,"Eicher Motors Limited has informed the Exchange regarding 'Communication to Shareholders - Intimation for updation of PAN, KYC And Nomination details.'.",,,Updates,00:00:04,31052023181237,31-May-2023 18:12:41,-,False,,,105520163,Automobiles - 4 Wheelers,INE066A01013,Eicher Motors Limited,2023-05-31 18:12:37,EICHERMOT
30-May-2023 16:31:13,,https://nsearchives.nseindia.com/corporate/EICHERMOT_30052023163113_Regulation_39_3__30_05_2023.pdf,Eicher Motors Limited has informed the Exchange about Loss of Share Certificates,,,Loss of Share Certificates,00:00:06,30052023163113,30-May-2023 16:31:19,-,False,,,105517624,Automobiles - 4 Wheelers,INE066A01013,Eicher Motors Limited,2023-05-30 16:31:13,EICHERMOT
29-May-2023 22:11:34,,https://nsearchives.nseindia.com/corporate/EICHERMOT_29052023221134_ScheduleofMeetingwithAnalystsandInvestorsMay302023Signed.pdf,Eicher Motors Limited has informed the Exchange about Schedule of meet,,,Analysts/Institutional Investor Meet/Con. Call Updates,00:00:03,29052023221134,29-May-2023 22:11:37,-,False,,,105516058,Automobiles - 4 Wheelers,INE066A01013,Eicher Motors Limited,2023-05-29 22:11:34,EICHERMOT
29-May-2023 18:58:18,,https://nsearchives.nseindia.com/corporate/EICHERMOT_29052023185818_ScheduleofMeetingwithAnalystandInvestorMay292023Signed.pdf,Eicher Motors Limited has informed the Exchange about Schedule of meet,,,Analysts/Institutional Investor Meet/Con. Call Updates,00:00:34,29052023185818,29-May-2023 18:58:52,-,False,,,105515625,Automobiles - 4 Wheelers,INE066A01013,Eicher Motors Limited,2023-05-29 18:58:18,EICHERMOT
29-May-2023 18:19:29,,https://nsearchives.nseindia.com/corporate/EICHERMOT_29052023181929_Regulation_39_3__29_05_2023.pdf,Eicher Motors Limited has informed the Exchange about Loss of Share Certificates,,,Loss of Share Certificates,00:00:25,29052023181929,29-May-2023 18:19:54,-,False,,,105515460,Automobiles - 4 Wheelers,INE066A01013,Eicher Motors Limited,2023-05-29 18:19:29,EICHERMOT
26-May-2023 17:09:25,,https://nsearchives.nseindia.com/corporate/EICHERMOT_26052023170925_EMLAnnualSecretarialComplianceReportMarch312023Signed.pdf,"Annual Secretarial Compliance Report under Regulation 24A of the SEBI (Listing Obligations and Disclosure Requirements) Regulations, 2015",,,Annual Secretarial Compliance Report,00:00:17,26052023170925,26-May-2023 17:09:42,-,False,,,105512318,Automobiles - 4 Wheelers,INE066A01013,Eicher Motors Limited,2023-05-26 17:09:25,EICHERMOT
24-May-2023 10:41:25,,https://nsearchives.nseindia.com/corporate/EICHERMOT_24052023104125_Regulation_39_3__24_05_2023.pdf,Eicher Motors Limited has informed the Exchange about Loss of Share Certificates,,,Loss of Share Certificates,00:00:05,24052023104125,24-May-2023 10:41:30,-,False,,,105508086,Automobiles - 4 Wheelers,INE066A01013,Eicher Motors Limited,2023-05-24 10:41:25,EICHERMOT
19-May-2023 21:32:29,,https://nsearchives.nseindia.com/corporate/EICHERMOT_19052023213229_ScheduleofMeetingwithAnalystandInvestorMay192023part2.pdf,Eicher Motors Limited has informed the Exchange about Schedule of meet,,,Analysts/Institutional Investor Meet/Con. Call Updates,00:00:21,19052023213229,19-May-2023 21:32:50,-,False,,,105503669,Automobiles - 4 Wheelers,INE066A01013,Eicher Motors Limited,2023-05-19 21:32:29,EICHERMOT
19-May-2023 21:30:18,,https://nsearchives.nseindia.com/corporate/EICHERMOT_19052023213019_ScheduleofMeetingwithAnalystandInvestorMay192023part1.pdf,Eicher Motors Limited has informed the Exchange about Schedule of meet,,,Analysts/Institutional Investor Meet/Con. Call Updates,00:00:12,19052023213018,19-May-2023 21:30:30,-,False,,,105503666,Automobiles - 4 Wheelers,INE066A01013,Eicher Motors Limited,2023-05-19 21:30:18,EICHERMOT
18-May-2023 11:36:59,,https://nsearchives.nseindia.com/corporate/EICHERMOT_18052023113659_Regulation_39_3__18_05_2023.pdf,Eicher Motors Limited has informed the Exchange about Loss of Share Certificates,,,Loss of Share Certificates,00:00:08,18052023113659,18-May-2023 11:37:07,-,False,,,105500976,Automobiles - 4 Wheelers,INE066A01013,Eicher Motors Limited,2023-05-18 11:36:59,EICHERMOT
17-May-2023 15:28:43,,https://nsearchives.nseindia.com/corporate/EICHERMOT_17052023152843_EMLTranscriptofConferenceCall11052023signed.pdf,Eicher Motors Limited has informed the Exchange about Transcript,,,Analysts/Institutional Investor Meet/Con. Call Updates,00:00:07,17052023152843,17-May-2023 15:28:50,-,False,,,105499812,Automobiles - 4 Wheelers,INE066A01013,Eicher Motors Limited,2023-05-17 15:28:43,EICHERMOT
17-May-2023 08:25:19,,https://nsearchives.nseindia.com/corporate/EICHERMOT_17052023082519_ScheduleofMeetingwithAnalystandInvestorMay162023Signed.pdf,Eicher Motors Limited has informed the Exchange about Schedule of meet,,,Analysts/Institutional Investor Meet/Con. Call Updates,00:00:04,17052023082519,17-May-2023 08:25:23,-,False,,,105499253,Automobiles - 4 Wheelers,INE066A01013,Eicher Motors Limited,2023-05-17 08:25:19,EICHERMOT
12-May-2023 16:36:06,,https://nsearchives.nseindia.com/corporate/EICHERMOT_12052023163606_EMLAllotmentofSharesMay112023Signed.pdf,"Eicher Motors Limited has informed the Exchange regarding allotment of 172050 securities pursuant to ESOP/ESPS at its meeting held on May 11, 2023",,,Allotment of Securities,00:00:04,12052023163606,12-May-2023 16:36:10,-,False,,,105494959,Automobiles - 4 Wheelers,INE066A01013,Eicher Motors Limited,2023-05-12 16:36:06,EICHERMOT
12-May-2023 00:15:31,,https://nsearchives.nseindia.com/corporate/EICHERMOT_12052023001531_EMLConferencecallrecordingMay112023Signed.pdf,Eicher Motors Limited has informed the Exchange about Link of Recording,,,Analysts/Institutional Investor Meet/Con. Call Updates,00:00:18,12052023001531,12-May-2023 00:15:49,-,False,,,105494230,Automobiles - 4 Wheelers,INE066A01013,Eicher Motors Limited,2023-05-12 00:15:31,EICHERMOT
11-May-2023 21:56:23,,https://nsearchives.nseindia.com/corporate/EICHERMOT_11052023215624_EMLReappointmentofdirectorMay112023Signed.pdf,Eicher Motors Limited has informed the Exchange regarding 'Re-appointment ofIndependent Director and Non-Executive Non-Independent Director'.,,,Updates,00:00:06,11052023215623,11-May-2023 21:56:29,-,False,,,105493943,Automobiles - 4 Wheelers,INE066A01013,Eicher Motors Limited,2023-05-11 21:56:23,EICHERMOT
11-May-2023 20:51:55,,https://nsearchives.nseindia.com/corporate/EICHERMOT_11052023205155_EMLOpeningofTradingwindowMay112023Signed.pdf,Eicher Motors Limited has informed the Exchange regarding 'Intimation of Opening of Trading Window of Eicher Motors Limited'.,,,Updates,00:00:05,11052023205155,11-May-2023 20:52:00,-,False,,,105493916,Automobiles - 4 Wheelers,INE066A01013,Eicher Motors Limited,2023-05-11 20:51:55,EICHERMOT
11-May-2023 20:47:10,,https://nsearchives.nseindia.com/corporate/EICHERMOT_11052023204710_EMLIntimationofStockoptiongrantMay112023Signed.pdf,Eicher Motors Limited has informed the Exchange regarding Grant of 131900   Options.,,,ESOP/ESOS/ESPS,00:00:06,11052023204710,11-May-2023 20:47:16,-,False,,,105493915,Automobiles - 4 Wheelers,INE066A01013,Eicher Motors Limited,2023-05-11 20:47:10,EICHERMOT
11-May-2023 20:43:26,,https://nsearchives.nseindia.com/corporate/EICHERMOT_11052023204326_EMLRPTH2May112023Signed.pdf,Eicher Motors Limited has informed the Exchange about related Party Transactions,,,Related Party Transactions,00:00:04,11052023204326,11-May-2023 20:43:30,-,False,,,105493912,Automobiles - 4 Wheelers,INE066A01013,Eicher Motors Limited,2023-05-11 20:43:26,EICHERMOT
11-May-2023 18:14:21,,https://nsearchives.nseindia.com/corporate/EICHERMOT_11052023181421_EMLInvestorPresentationMay112023Signed.pdf,Eicher Motors Limited has informed the Exchange about Investor Presentation,,,Investor Presentation,00:00:05,11052023181421,11-May-2023 18:14:26,-,False,,,105493709,Automobiles - 4 Wheelers,INE066A01013,Eicher Motors Limited,2023-05-11 18:14:21,EICHERMOT
11-May-2023 17:22:21,,https://nsearchives.nseindia.com/corporate/EICHERMOT_11052023172221_EMLOutcomeofBMMay112023.pdf,"Eicher Motors Limited has informed the Exchange that Board of Directors at its meeting held on May 11, 2023, recommended Final Dividend of 37 per equity share.",,,Dividend,00:00:09,11052023172221,11-May-2023 17:22:30,-,False,,,105493605,Automobiles - 4 Wheelers,INE066A01013,Eicher Motors Limited,2023-05-11 17:22:21,EICHERMOT
11-May-2023 17:16:53,,https://nsearchives.nseindia.com/corporate/EICHERMOT_11052023171653_EMLOutcomeofBMMay112023.pdf,"Eicher Motors Limited has informed the Exchange about Dividend Updates specifying Board Recommended final dividend of Rs. 37/- per equity share of face value of Re. 1 each for thefinancial year ended March 31, 2023, subject to the approval of the shareholders at the ensuing41st Annual General Meeting.",,,Dividend Updates,00:00:04,11052023171653,11-May-2023 17:16:57,-,False,,,105493592,Automobiles - 4 Wheelers,INE066A01013,Eicher Motors Limited,2023-05-11 17:16:53,EICHERMOT
11-May-2023 17:10:01,,https://nsearchives.nseindia.com/corporate/EICHERMOT_11052023171001_EMLPressReleaseMay112023Signed.pdf,"Eicher Motors Limited has informed the Exchange regarding a press release dated May 11, 2023, titled ""EICHER MOTORS LIMITED RECORDS HIGHEST EVER REVENUES AND PROFITSFOR THE QUARTER AND YEAR ENDED MARCH 31, 2023"".",,,Press Release,00:00:05,11052023171001,11-May-2023 17:10:06,-,False,,,105493580,Automobiles - 4 Wheelers,INE066A01013,Eicher Motors Limited,2023-05-11 17:10:01,EICHERMOT
11-May-2023 17:04:14,,https://nsearchives.nseindia.com/corporate/EICHERMOT_11052023170414_EMLOutcomeofBMMay112023.pdf,"Eicher Motors Limited has informed the Exchange that Board of Directors at its meeting held on May 11, 2023, recommended Final Dividend of Rs. 37 per equity share.",,,Dividend,00:00:06,11052023170414,11-May-2023 17:04:20,-,False,,,105493568,Automobiles - 4 Wheelers,INE066A01013,Eicher Motors Limited,2023-05-11 17:04:14,EICHERMOT
11-May-2023 16:55:59,,https://nsearchives.nseindia.com/corporate/EMLOutcomeofBMMay112023_11052023165559.pdf,"Eicher Motors Limited has submitted to the Exchange, the financial results for the period ended March 31, 2023.",,,Financial Result Updates,00:00:03,11052023165559,11-May-2023 16:56:02,-,False,,,152958,Automobiles - 4 Wheelers,INE066A01013,Eicher Motors Limited,2023-05-11 16:55:59,EICHERMOT
10-May-2023 17:26:56,,https://nsearchives.nseindia.com/corporate/EICHERMOT_10052023172656_Regulation_39_3__10_05_2023.pdf,Eicher Motors Limited has informed the Exchange about Loss of Share Certificates,,,Loss of Share Certificates,00:00:07,10052023172656,10-May-2023 17:27:03,-,False,,,105492155,Automobiles - 4 Wheelers,INE066A01013,Eicher Motors Limited,2023-05-10 17:26:56,EICHERMOT
04-May-2023 18:55:07,,https://nsearchives.nseindia.com/corporate/EICHERMOT_04052023185507_EMLAnalystInvestorMeetIntimationMay112023Signed.pdf,Eicher Motors Limited has informed the Exchange about Schedule of meet,,,Analysts/Institutional Investor Meet/Con. Call Updates,00:00:05,04052023185507,04-May-2023 18:55:12,-,False,,,105486550,Automobiles - 4 Wheelers,INE066A01013,Eicher Motors Limited,2023-05-04 18:55:07,EICHERMOT
01-May-2023 16:36:52,,https://nsearchives.nseindia.com/corporate/EICHERMOT_01052023163652_EMLMonthlyBusinessUpdate1stMay2023Signed.pdf,Eicher Motors Limited has informed the Exchange regarding Monthly Business Updates for the month of April 2023,,,Monthly Business Updates,00:00:05,01052023163652,01-May-2023 16:36:57,-,False,,,105482999,Automobiles - 4 Wheelers,INE066A01013,Eicher Motors Limited,2023-05-01 16:36:52,EICHERMOT
01-May-2023 15:36:55,,https://nsearchives.nseindia.com/corporate/EICHERMOT_01052023153655_VECVApr23salesUpdate1stMay23Signed.pdf,"Eicher Motors Limited has informed the Exchange regarding Monthly Business Updates for the month of April 2023,of VE Commercial Vehicles Limited, an unlisted material subsidiary of Eicher Motors Limited",,,Monthly Business Updates,00:00:05,01052023153655,01-May-2023 15:37:00,-,False,,,105482975,Automobiles - 4 Wheelers,INE066A01013,Eicher Motors Limited,2023-05-01 15:36:55,EICHERMOT
26-Apr-2023 12:59:12,,https://nsearchives.nseindia.com/corporate/EICHERMOT_26042023125912_Regulation_39_3__26_04_2023.pdf,Eicher Motors Limited has informed the Exchange about Loss of Share Certificates,,,Loss of Share Certificates,00:00:04,26042023125912,26-Apr-2023 12:59:16,-,False,,,105478837,Automobiles - 4 Wheelers,INE066A01013,Eicher Motors Limited,2023-04-26 12:59:12,EICHERMOT
19-Apr-2023 18:11:53,,https://nsearchives.nseindia.com/corporate/EICHERMOT_19042023181153_Regulation_39_3__19_04_2023.pdf,Eicher Motors Limited has informed the Exchange about Loss of Share Certificates,,,Loss of Share Certificates,00:00:04,19042023181153,19-Apr-2023 18:11:57,-,False,,,105473023,Automobiles - 4 Wheelers,INE066A01013,Eicher Motors Limited,2023-04-19 18:11:53,EICHERMOT
14-Apr-2023 18:22:26,,https://nsearchives.nseindia.com/corporate/EICHERMOT_14042023182226_Regulation_39_3__14_04_2023.pdf,Eicher Motors Limited has informed the Exchange about Loss of Share Certificates,,,Loss of Share Certificates,00:00:04,14042023182226,14-Apr-2023 18:22:30,-,False,,,105469975,Automobiles - 4 Wheelers,INE066A01013,Eicher Motors Limited,2023-04-14 18:22:26,EICHERMOT
12-Apr-2023 17:53:26,,https://nsearchives.nseindia.com/corporate/EICHERMOT_12042023175326_Regulation_39_3__12_04_2023.pdf,Eicher Motors Limited has informed the Exchange about Loss of Share Certificates,,,Loss of Share Certificates,00:00:05,12042023175326,12-Apr-2023 17:53:31,-,False,,,105468021,Automobiles - 4 Wheelers,INE066A01013,Eicher Motors Limited,2023-04-12 17:53:26,EICHERMOT
11-Apr-2023 16:45:14,,https://nsearchives.nseindia.com/corporate/EICHERMOT_11042023164514_Regulation_39_3__11_04_2023.pdf,Eicher Motors Limited has informed the Exchange about Loss of Share Certificates,,,Loss of Share Certificates,00:00:03,11042023164514,11-Apr-2023 16:45:17,-,False,,,105466700,Automobiles - 4 Wheelers,INE066A01013,Eicher Motors Limited,2023-04-11 16:45:14,EICHERMOT
05-Apr-2023 17:42:04,,https://nsearchives.nseindia.com/corporate/EICHERMOT_05042023174204_ScheduleofMeetingwithAnalystandInvestorApril62023Signed.pdf,Eicher Motors Limited has informed the Exchange about Schedule of meet,,,Analysts/Institutional Investor Meet/Con. Call Updates,00:00:04,05042023174204,05-Apr-2023 17:42:08,-,False,,,105462359,Automobiles - 4 Wheelers,INE066A01013,Eicher Motors Limited,2023-04-05 17:42:04,EICHERMOT
01-Apr-2023 15:55:30,,https://nsearchives.nseindia.com/corporate/EICHERMOT_01042023155530_EMLSalesNumberPressRelease31March2023Signed.pdf,"Eicher Motors Limited has informed the Exchange regarding a press release dated April 01, 2023, titled ""ROYAL ENFIELD ANNOUNCES SALE VOLUMES FOR MARCH 2023 AND FY 2022-23 REGISTERS HIGHEST EVER SALES OF 8,34,895 FOR THE FINANCIAL YEAR"".",,,Press Release,00:00:05,01042023155530,01-Apr-2023 15:55:35,-,False,,,105460048,Automobiles - 4 Wheelers,INE066A01013,Eicher Motors Limited,2023-04-01 15:55:30,EICHERMOT
01-Apr-2023 15:41:43,,https://nsearchives.nseindia.com/corporate/EICHERMOT_01042023154143_EMLMonthlyBusinessUpdate1stApril2023Signed.pdf,Eicher Motors Limited has informed the Exchange regarding Monthly Business Updates for the month of March 2023,,,Monthly Business Updates,00:00:04,01042023154143,01-Apr-2023 15:41:47,-,False,,,105460037,Automobiles - 4 Wheelers,INE066A01013,Eicher Motors Limited,2023-04-01 15:41:43,EICHERMOT
01-Apr-2023 14:38:44,,https://nsearchives.nseindia.com/corporate/EICHERMOT_01042023143844_VECVMar23salesUpdate1stApr23Signed.pdf,"Eicher Motors Limited has informed the Exchange regarding Monthly Business Updates for the month of March 2023 of VE Commercial Vehicles Limited, an unlisted material subsidiary of Eicher Motors Limited",,,Monthly Business Updates,00:00:03,01042023143844,01-Apr-2023 14:38:47,-,False,,,105459991,Automobiles - 4 Wheelers,INE066A01013,Eicher Motors Limited,2023-04-01 14:38:44,EICHERMOT
30-Mar-2023 10:41:39,,https://nsearchives.nseindia.com/corporate/EICHERMOT_30032023104139_ScheduleofMeetingwithAnalystsandInvestorsMarch302023Signed.pdf,Eicher Motors Limited has informed the Exchange about Schedule of meet,,,Analysts/Institutional Investor Meet/Con. Call Updates,00:00:06,30032023104139,30-Mar-2023 10:41:45,-,False,,,105457204,Automobiles - 4 Wheelers,INE066A01013,Eicher Motors Limited,2023-03-30 10:41:39,EICHERMOT
24-Mar-2023 18:10:53,,https://nsearchives.nseindia.com/corporate/EICHERMOT_24032023181053_EMLTradingWindowClosureMarch242023Signed.pdf,"Eicher Motors Limited has informed the Exchange regarding the Trading Window closure pursuant to SEBI (Prohibition of Insider Trading) Regulations, 2015",,,Trading Window,00:00:05,24032023181053,24-Mar-2023 18:10:58,-,False,,,105453168,Automobiles - 4 Wheelers,INE066A01013,Eicher Motors Limited,2023-03-24 18:10:53,EICHERMOT
22-Mar-2023 17:48:00,,https://nsearchives.nseindia.com/corporate/EICHERMOT_22032023174800_39322032023.pdf,Eicher Motors Limited has informed the Exchange about Loss of Share Certificates,,,Loss of Share Certificates,00:00:05,22032023174800,22-Mar-2023 17:48:05,-,False,,,105451512,Automobiles - 4 Wheelers,INE066A01013,Eicher Motors Limited,2023-03-22 17:48:00,EICHERMOT
19-Mar-2023 22:54:14,,https://nsearchives.nseindia.com/corporate/EICHERMOT_19032023225414_ScheduleofMeetingwithAnalystsandInvestorsMarch192023Signed.pdf,Eicher Motors Limited has informed the Exchange about Schedule of meet,,,Analysts/Institutional Investor Meet/Con. Call Updates,00:00:05,19032023225414,19-Mar-2023 22:54:19,-,False,,,105449136,Automobiles - 4 Wheelers,INE066A01013,Eicher Motors Limited,2023-03-19 22:54:14,EICHERMOT
16-Mar-2023 18:02:16,,https://nsearchives.nseindia.com/corporate/EICHERMOT_16032023180216_Regulation_39_3__16_03_2023.pdf,Eicher Motors Limited has informed the Exchange about Loss of Share Certificates,,,Loss of Share Certificates,00:00:03,16032023180216,16-Mar-2023 18:02:19,-,False,,,105447665,Automobiles - 4 Wheelers,INE066A01013,Eicher Motors Limited,2023-03-16 18:02:16,EICHERMOT
12-Mar-2023 00:12:50,,https://nsearchives.nseindia.com/corporate/EICHERMOT_12032023001250_ScheduleofMeetingwithAnalystsandInvestors11032023Signed.pdf,Eicher Motors Limited has informed the Exchange about Schedule of meet,,,Analysts/Institutional Investor Meet/Con. Call Updates,00:00:38,12032023001250,12-Mar-2023 00:13:28,-,False,,,105444372,Automobiles - 4 Wheelers,INE066A01013,Eicher Motors Limited,2023-03-12 00:12:50,EICHERMOT
06-Mar-2023 17:42:52,,https://nsearchives.nseindia.com/corporate/EICHERMOT_06032023174252_Intimationdated06032023.pdf,Eicher Motors Limited has informed the Exchange about Loss of Share Certificates,,,Loss of Share Certificates,00:00:02,06032023174252,06-Mar-2023 17:42:54,-,False,,,105441347,Automobiles - 4 Wheelers,INE066A01013,Eicher Motors Limited,2023-03-06 17:42:52,EICHERMOT
06-Mar-2023 17:40:56,,https://nsearchives.nseindia.com/corporate/EICHERMOT_06032023174056_ScheduleofMeetingwithAnalystsandInvestorsMarch623Signed.pdf,Eicher Motors Limited has informed the Exchange about Schedule of meet,,,Analysts/Institutional Investor Meet/Con. Call Updates,00:00:06,06032023174056,06-Mar-2023 17:41:02,-,False,,,105441345,Automobiles - 4 Wheelers,INE066A01013,Eicher Motors Limited,2023-03-06 17:40:56,EICHERMOT
03-Mar-2023 15:06:40,,https://nsearchives.nseindia.com/corporate/EICHERMOT_03032023150640_IntimationRegardingTransferOfSharesOfTheCompany.pdf,Eicher Motors Limited has informed the Exchange regarding 'Intimation Regarding Transfer Of Shares Of The Company Pursuant To SEBI Circular No. SEBI/HO/MIRSD/DOS3/CIR/P/2018/139'.,,,Updates,00:00:07,03032023150640,03-Mar-2023 15:06:47,-,False,,,105440083,Automobiles - 4 Wheelers,INE066A01013,Eicher Motors Limited,2023-03-03 15:06:40,EICHERMOT
03-Mar-2023 15:00:08,,https://nsearchives.nseindia.com/corporate/EICHERMOT_03032023150008_SearchbaleReg39Intimationdated03032023.pdf,Eicher Motors Limited has informed the Exchange about Loss of Share Certificates,,,Loss of Share Certificates,00:00:11,03032023150008,03-Mar-2023 15:00:19,-,False,,,105440079,Automobiles - 4 Wheelers,INE066A01013,Eicher Motors Limited,2023-03-03 15:00:08,EICHERMOT
02-Mar-2023 17:29:51,,https://nsearchives.nseindia.com/corporate/EICHERMOT_02032023172951_ScheduleofMeetingwithAnalystsandInvestorsMarch223Signed.pdf,Eicher Motors Limited has informed the Exchange about Schedule of meet,,,Analysts/Institutional Investor Meet/Con. Call Updates,00:00:05,02032023172951,02-Mar-2023 17:29:56,-,False,,,105439343,Automobiles - 4 Wheelers,INE066A01013,Eicher Motors Limited,2023-03-02 17:29:51,EICHERMOT
01-Mar-2023 16:30:47,,https://nsearchives.nseindia.com/corporate/EICHERMOT_01032023163047_EMLMonthlyBusinessUpdate1stMarch2023Signed.pdf,Eicher Motors Limited has informed the Exchange regarding Monthly Business Updates for the month of February 2023,,,Monthly Business Updates,00:00:03,01032023163047,01-Mar-2023 16:30:50,-,False,,,105438454,Automobiles - 4 Wheelers,INE066A01013,Eicher Motors Limited,2023-03-01 16:30:47,EICHERMOT
01-Mar-2023 15:09:12,,https://nsearchives.nseindia.com/corporate/EICHERMOT_01032023150912_VECVFeb23salesUpdate1stMar23Signed.pdf,"Eicher Motors Limited has informed the Exchange regarding Monthly Business Updates for VE Commercial Vehicles Limited, an unlisted material subsidiary of Eicher Motors Limited, for the month of February 2023",,,Monthly Business Updates,00:00:08,01032023150912,01-Mar-2023 15:09:20,-,False,,,105438393,Automobiles - 4 Wheelers,INE066A01013,Eicher Motors Limited,2023-03-01 15:09:12,EICHERMOT
28-Feb-2023 17:34:55,,https://nsearchives.nseindia.com/corporate/EICHERMOT_28022023173455_ScheduleofMeetingwithAnalystsandInvestorsFebruary2823Signed.pdf,Eicher Motors Limited has informed the Exchange about Schedule of meet,,,Analysts/Institutional Investor Meet/Con. Call Updates,00:00:04,28022023173455,28-Feb-2023 17:34:59,-,False,,,105437624,Automobiles - 4 Wheelers,INE066A01013,Eicher Motors Limited,2023-02-28 17:34:55,EICHERMOT
26-Feb-2023 18:45:51,,https://nsearchives.nseindia.com/corporate/EICHERMOT_26022023184551_ScheduleofMeetingwithAnalystsandInvestors26022023Signed.pdf,Eicher Motors Limited has informed the Exchange about Schedule of meet,,,Analysts/Institutional Investor Meet/Con. Call Updates,00:00:02,26022023184551,26-Feb-2023 18:45:53,-,False,,,105436114,Automobiles - 4 Wheelers,INE066A01013,Eicher Motors Limited,2023-02-26 18:45:51,EICHERMOT
23-Feb-2023 15:24:57,,https://nsearchives.nseindia.com/corporate/EICHERMOT_23022023152457_Regulation_39_3__23_02_2023.pdf,Eicher Motors Limited has informed the Exchange about Loss of Share Certificates,,,Loss of Share Certificates,00:00:07,23022023152457,23-Feb-2023 15:25:04,-,False,,,105434581,Automobiles - 4 Wheelers,INE066A01013,Eicher Motors Limited,2023-02-23 15:24:57,EICHERMOT
23-Feb-2023 11:27:37,,https://nsearchives.nseindia.com/corporate/EICHERMOT_23022023112737_ScheduleofMeetingwithAnalystsandInvestorsFebruary232023Signed.pdf,Eicher Motors Limited has informed the Exchange about Schedule of meet,,,Analysts/Institutional Investor Meet/Con. Call Updates,00:00:08,23022023112737,23-Feb-2023 11:27:45,-,False,,,105434457,Automobiles - 4 Wheelers,INE066A01013,Eicher Motors Limited,2023-02-23 11:27:37,EICHERMOT
22-Feb-2023 16:28:18,,https://nsearchives.nseindia.com/corporate/EICHERMOT_22022023162818_Ramangarg.pdf,Eicher Motors Limited has informed the Exchange about Loss of Share Certificates,,,Loss of Share Certificates,00:00:03,22022023162818,22-Feb-2023 16:28:21,-,False,,,105433787,Automobiles - 4 Wheelers,INE066A01013,Eicher Motors Limited,2023-02-22 16:28:18,EICHERMOT
21-Feb-2023 18:13:22,,https://nsearchives.nseindia.com/corporate/EICHERMOT_21022023181322_ScheduleofMeetingwithAnalystsandInvestorsFebruary212023Signed.pdf,Eicher Motors Limited has informed the Exchange about Schedule of meet,,,Analysts/Institutional Investor Meet/Con. Call Updates,00:00:04,21022023181322,21-Feb-2023 18:13:26,-,False,,,105432979,Automobiles - 4 Wheelers,INE066A01013,Eicher Motors Limited,2023-02-21 18:13:22,EICHERMOT
20-Feb-2023 19:44:06,,https://nsearchives.nseindia.com/corporate/EICHERMOT_20022023194406_EMLEarningCallIntimationtoStx20022023Signed.pdf,Eicher Motors Limited has informed the Exchange about Transcript,,,Analysts/Institutional Investor Meet/Con. Call Updates,00:00:05,20022023194406,20-Feb-2023 19:44:11,-,False,,,105432182,Automobiles - 4 Wheelers,INE066A01013,Eicher Motors Limited,2023-02-20 19:44:06,EICHERMOT
17-Feb-2023 18:25:49,,https://nsearchives.nseindia.com/corporate/EICHERMOT_17022023182549_ScheduleofMeetingwithAnalystandInvestorFebruary172023Signed.pdf,Eicher Motors Limited has informed the Exchange about Schedule of meet,,,Analysts/Institutional Investor Meet/Con. Call Updates,00:00:03,17022023182549,17-Feb-2023 18:25:52,-,False,,,105430946,Automobiles - 4 Wheelers,INE066A01013,Eicher Motors Limited,2023-02-17 18:25:49,EICHERMOT
15-Feb-2023 17:25:40,,https://nsearchives.nseindia.com/corporate/EICHERMOT_15022023172540_Regulation_39_3__15_02_2023_Raj_Kumari_Popli.pdf,Eicher Motors Limited has informed the Exchange about Loss of Share Certificates,,,Loss of Share Certificates,00:00:03,15022023172540,15-Feb-2023 17:25:43,-,False,,,105428884,Automobiles - 4 Wheelers,INE066A01013,Eicher Motors Limited,2023-02-15 17:25:40,EICHERMOT
15-Feb-2023 17:23:31,,https://nsearchives.nseindia.com/corporate/EICHERMOT_15022023172331_Regulation_39_3__15_02_2023_Thomas_Saldanha.pdf,Eicher Motors Limited has informed the Exchange about Loss of Share Certificates,,,Loss of Share Certificates,00:00:05,15022023172331,15-Feb-2023 17:23:36,-,False,,,105428879,Automobiles - 4 Wheelers,INE066A01013,Eicher Motors Limited,2023-02-15 17:23:31,EICHERMOT
15-Feb-2023 17:16:58,,https://nsearchives.nseindia.com/corporate/EICHERMOT_15022023171658_ScheduleofMeetingwithAnalystandInvestorFebruary152023Signed.pdf,Eicher Motors Limited has informed the Exchange about Schedule of meet,,,Analysts/Institutional Investor Meet/Con. Call Updates,00:00:02,15022023171658,15-Feb-2023 17:17:00,-,False,,,105428874,Automobiles - 4 Wheelers,INE066A01013,Eicher Motors Limited,2023-02-15 17:16:58,EICHERMOT
14-Feb-2023 19:15:57,,https://nsearchives.nseindia.com/corporate/EICHERMOT_14022023191557_EMLPostBoardMeetingIntimationofRecordingFebruary142023Signed.pdf,"Eicher Motors Limited has informed the Exchange regarding 'Audio recording of conference call held on February 14, 2023'.",,,Updates,00:00:03,14022023191557,14-Feb-2023 19:16:00,-,False,,,105427813,Automobiles - 4 Wheelers,INE066A01013,Eicher Motors Limited,2023-02-14 19:15:57,EICHERMOT
14-Feb-2023 16:03:54,,https://nsearchives.nseindia.com/corporate/EICHERMOT_14022023160354_EMLPostBoardMeetingIntimationFebruary142023Signed.pdf,Eicher Motors Limited has informed the Exchange regarding 'Intimation of Opening of Trading Window of Eicher Motors Limited  '.,,,Updates,00:00:04,14022023160354,14-Feb-2023 16:03:58,-,False,,,105427325,Automobiles - 4 Wheelers,INE066A01013,Eicher Motors Limited,2023-02-14 16:03:54,EICHERMOT
14-Feb-2023 15:51:53,,https://nsearchives.nseindia.com/corporate/EICHERMOT_14022023155153_EMLBoardMeetingIntimationforAllotmentFebruary142023Signed.pdf,"Eicher Motors Limited has informed the Exchange regarding allotment of 3550 securities pursuant to ESOP/ESPS at its meeting held on February 14, 2023",,,Allotment of Securities,00:00:02,14022023155153,14-Feb-2023 15:51:55,-,False,,,105427300,Automobiles - 4 Wheelers,INE066A01013,Eicher Motors Limited,2023-02-14 15:51:53,EICHERMOT
14-Feb-2023 15:48:21,,https://nsearchives.nseindia.com/corporate/EICHERMOT_14022023154821_EMLPostBoardMeetingIntimationforPressReleaseFebruary142023Signed.pdf,"Eicher Motors Limited has informed the Exchange regarding a press release dated February 14, 2023, titled ""Registers highest ever Quarterly Revenue and Profit After Tax, for the fourthconsecutive quarter and registers highest ever EBITDA"".",,,Press Release,00:00:03,14022023154821,14-Feb-2023 15:48:24,-,False,,,105427288,Automobiles - 4 Wheelers,INE066A01013,Eicher Motors Limited,2023-02-14 15:48:21,EICHERMOT
14-Feb-2023 15:26:29,,https://nsearchives.nseindia.com/corporate/EICHERMOT_14022023152629_Regulation_39_3__14_02_2023.pdf,Eicher Motors Limited has informed the Exchange about Loss of Share Certificates,,,Loss of Share Certificates,00:00:08,14022023152629,14-Feb-2023 15:26:37,-,False,,,105427230,Automobiles - 4 Wheelers,INE066A01013,Eicher Motors Limited,2023-02-14 15:26:29,EICHERMOT
14-Feb-2023 14:50:32,,https://nsearchives.nseindia.com/corporate/EICHERMOT_14022023145031_EMLPostBoardMeetingIntimationofInvestorPresentationFebruary142023Signed.pdf,Eicher Motors Limited has informed the Exchange about Investor Presentation,,,Investor Presentation,00:00:07,14022023145032,14-Feb-2023 14:50:39,-,False,,,105427158,Automobiles - 4 Wheelers,INE066A01013,Eicher Motors Limited,2023-02-14 14:50:32,EICHERMOT
14-Feb-2023 13:29:50,,https://nsearchives.nseindia.com/corporate/EMLOutcomeofBMResults31122022Signed_14022023132950.pdf,"Eicher Motors Limited has submitted to the Exchange, the financial results for the period ended December 31, 2022.",,,Financial Result Updates,00:00:06,14022023132950,14-Feb-2023 13:29:56,-,False,,,152121,Automobiles - 4 Wheelers,INE066A01013,Eicher Motors Limited,2023-02-14 13:29:50,EICHERMOT
14-Feb-2023 13:27:11,,https://nsearchives.nseindia.com/corporate/EICHERMOT_14022023132711_EMLOutcomeofBMResults31122022Signed.pdf,"Eicher Motors Limited has informed the Exchange regarding  Board meeting held on February 14, 2023.",,,Outcome of Board Meeting,00:54:11,14022023132711,14-Feb-2023 14:21:22,-,False,,,105427040,Automobiles - 4 Wheelers,INE066A01013,Eicher Motors Limited,2023-02-14 13:27:11,EICHERMOT
09-Feb-2023 20:01:00,,https://nsearchives.nseindia.com/corporate/EICHERMOT_09022023200100_SEletter.pdf,Eicher Motors Limited has informed the Exchange about Loss of Share Certificates,,,Loss of Share Certificates,00:00:14,09022023200100,09-Feb-2023 20:01:14,-,False,,,105422945,Automobiles - 4 Wheelers,INE066A01013,Eicher Motors Limited,2023-02-09 20:01:00,EICHERMOT
08-Feb-2023 19:03:29,,https://nsearchives.nseindia.com/corporate/EICHERMOT_08022023190329_Regulation_39_intimation_08th_feb_2023.pdf,Eicher Motors Limited has informed the Exchange about Loss of Share Certificates,,,Loss of Share Certificates,00:00:04,08022023190329,08-Feb-2023 19:03:33,-,False,,,105421707,Automobiles - 4 Wheelers,INE066A01013,Eicher Motors Limited,2023-02-08 19:03:29,EICHERMOT
06-Feb-2023 18:50:53,,https://nsearchives.nseindia.com/corporate/EICHERMOT_06022023185053_EMLIntimationofConferenceCall06022023signed.pdf,Eicher Motors Limited has informed the Exchange about Schedule of meet,,,Analysts/Institutional Investor Meet/Con. Call Updates,00:00:04,06022023185053,06-Feb-2023 18:50:57,-,False,,,105419108,Automobiles - 4 Wheelers,INE066A01013,Eicher Motors Limited,2023-02-06 18:50:53,EICHERMOT
06-Feb-2023 12:47:19,,https://nsearchives.nseindia.com/corporate/EICHERMOT_06022023124719_Regulation_39_3__06_02_2023.pdf,Eicher Motors Limited has informed the Exchange about Loss of Share Certificates,,,Loss of Share Certificates,00:00:05,06022023124719,06-Feb-2023 12:47:24,-,False,,,105418493,Automobiles - 4 Wheelers,INE066A01013,Eicher Motors Limited,2023-02-06 12:47:19,EICHERMOT
01-Feb-2023 17:33:15,,https://nsearchives.nseindia.com/corporate/EICHERMOT_01022023173315_EMLReg30IntimationClosingLetter01022023Signed.pdf,Eicher Motors Limited has informed the Exchange about Update on Acquisition,,,Acquisition,00:00:05,01022023173315,01-Feb-2023 17:33:20,-,False,,,105414325,Automobiles - 4 Wheelers,INE066A01013,Eicher Motors Limited,2023-02-01 17:33:15,EICHERMOT
01-Feb-2023 17:06:36,,https://nsearchives.nseindia.com/corporate/EICHERMOT_01022023170636_VECVJan23salesUpdate1stFeb23signed.pdf,"Eicher Motors Limited has informed the Exchange regarding Monthly Business Updates for the month of January 2023 of VE Commercial Vehicles Limited, an unlisted material subsidiary of Eicher Motors Limited",,,Monthly Business Updates,00:00:02,01022023170636,01-Feb-2023 17:06:38,-,False,,,105414265,Automobiles - 4 Wheelers,INE066A01013,Eicher Motors Limited,2023-02-01 17:06:36,EICHERMOT
01-Feb-2023 17:03:01,,https://nsearchives.nseindia.com/corporate/EICHERMOT_01022023170301_EMLMonthlyBusinessUpdate1stFebruary2023signed.pdf,Eicher Motors Limited has informed the Exchange regarding Monthly Business Updates for the month of January 2023,,,Monthly Business Updates,00:00:04,01022023170301,01-Feb-2023 17:03:05,-,False,,,105414257,Automobiles - 4 Wheelers,INE066A01013,Eicher Motors Limited,2023-02-01 17:03:01,EICHERMOT
31-Jan-2023 21:54:41,,https://nsearchives.nseindia.com/corporate/EICHERMOT_31012023215441_Regulation_39_3__31_01_2023.pdf,Eicher Motors Limited has informed the Exchange about Loss of Share Certificates,,,Loss of Share Certificates,00:00:03,31012023215441,31-Jan-2023 21:54:44,-,False,,,105413302,Automobiles - 4 Wheelers,INE066A01013,Eicher Motors Limited,2023-01-31 21:54:41,EICHERMOT
30-Jan-2023 19:20:19,,https://nsearchives.nseindia.com/corporate/EICHERMOT_30012023192019_Regulation_39_3__30_01_2023.pdf,Eicher Motors Limited has informed the Exchange about Loss of Share Certificates,,,Loss of Share Certificates,00:00:09,30012023192019,30-Jan-2023 19:20:28,-,False,,,105411918,Automobiles - 4 Wheelers,INE066A01013,Eicher Motors Limited,2023-01-30 19:20:19,EICHERMOT
25-Jan-2023 17:56:32,,https://nsearchives.nseindia.com/corporate/EICHERMOT_25012023175632_Regulation_39_3__25_01_2023.pdf,Eicher Motors Limited has informed the Exchange about Loss of Share Certificates,,,Loss of Share Certificates,00:00:04,25012023175632,25-Jan-2023 17:56:36,-,False,,,105409066,Automobiles - 4 Wheelers,INE066A01013,Eicher Motors Limited,2023-01-25 17:56:32,EICHERMOT
20-Jan-2023 17:48:56,,https://nsearchives.nseindia.com/corporate/EICHERMOT_20012023174856_Lossofsharcert.pdf,Eicher Motors Limited has informed the Exchange about Loss of Share Certificates,,,Loss of Share Certificates,00:00:02,20012023174856,20-Jan-2023 17:48:58,-,False,,,105405319,Automobiles - 4 Wheelers,INE066A01013,Eicher Motors Limited,2023-01-20 17:48:56,EICHERMOT
16-Jan-2023 12:08:27,,https://nsearchives.nseindia.com/corporate/EICHERMOT_16012023120827_Regulation_39_3__16_01_2023.pdf,Eicher Motors Limited has informed the Exchange about Loss of Share Certificates,,,Loss of Share Certificates,00:00:04,16012023120827,16-Jan-2023 12:08:31,-,False,,,105401241,Automobiles - 4 Wheelers,INE066A01013,Eicher Motors Limited,2023-01-16 12:08:27,EICHERMOT
13-Jan-2023 17:19:16,,https://nsearchives.nseindia.com/corporate/EICHERMOT_13012023171916_EMLIEPFLettersnewspaperclipping13012023Signed.pdf,Eicher Motors Limited has informed the Exchange about Copy of Newspaper Publication,,,Copy of Newspaper Publication,00:00:02,13012023171916,13-Jan-2023 17:19:18,-,False,,,105400338,Automobiles - 4 Wheelers,INE066A01013,Eicher Motors Limited,2023-01-13 17:19:16,EICHERMOT
09-Jan-2023 17:33:18,,https://nsearchives.nseindia.com/corporate/EICHERMOT_09012023173318_Regulation_39_3__09_01_2023.pdf,Eicher Motors Limited has informed the Exchange about Loss of Share Certificates,,,Loss of Share Certificates,00:00:06,09012023173318,09-Jan-2023 17:33:24,-,False,,,105396513,Automobiles - 4 Wheelers,INE066A01013,Eicher Motors Limited,2023-01-09 17:33:18,EICHERMOT
06-Jan-2023 13:47:28,,https://nsearchives.nseindia.com/corporate/EICHERMOT_06012023134728_ScheduleofMeetingwithAnalystsandInvestorsJanuary62023Signed.pdf,Eicher Motors Limited has informed the Exchange about Schedule of meet,,,Analysts/Institutional Investor Meet/Con. Call Updates,00:00:02,06012023134728,06-Jan-2023 13:47:30,-,False,,,105394830,Automobiles - 4 Wheelers,INE066A01013,Eicher Motors Limited,2023-01-06 13:47:28,EICHERMOT
04-Jan-2023 14:41:19,,https://nsearchives.nseindia.com/corporate/EICHERMOT_04012023144119_EMLScheduleofMeetingwithAnalystandInvestorJanuary42023Signed.pdf,Eicher Motors Limited has informed the Exchange about Schedule of meet,,,Analysts/Institutional Investor Meet/Con. Call Updates,00:00:06,04012023144119,04-Jan-2023 14:41:25,-,False,,,105393100,Automobiles - 4 Wheelers,INE066A01013,Eicher Motors Limited,2023-01-04 14:41:19,EICHERMOT
03-Jan-2023 18:34:21,,https://nsearchives.nseindia.com/corporate/EICHERMOT_03012023183421_Regulation_39_3__03_01_2023.pdf,Eicher Motors Limited has informed the Exchange about Loss of Share Certificates,,,Loss of Share Certificates,00:00:05,03012023183421,03-Jan-2023 18:34:26,-,False,,,105392428,Automobiles - 4 Wheelers,INE066A01013,Eicher Motors Limited,2023-01-03 18:34:21,EICHERMOT
02-Jan-2023 19:00:02,,https://nsearchives.nseindia.com/corporate/EICHERMOT_02012023190002_Regulation_39_3__02_01_2023.pdf,Eicher Motors Limited has informed the Exchange about Loss of Share Certificates,,,Loss of Share Certificates,00:00:04,02012023190002,02-Jan-2023 19:00:06,-,False,,,105391627,Automobiles - 4 Wheelers,INE066A01013,Eicher Motors Limited,2023-01-02 19:00:02,EICHERMOT
01-Jan-2023 16:00:06,,https://nsearchives.nseindia.com/corporate/EICHERMOT_01012023160006_VECVDec2022.pdf,Eicher Motors Limited has informed the Exchange regarding Monthly Business Updates for the month of December 2022 of VE Commercial Vehicles Limited,,,Monthly Business Updates,00:00:04,01012023160006,01-Jan-2023 16:00:10,-,False,,,105390978,Automobiles - 4 Wheelers,INE066A01013,Eicher Motors Limited,2023-01-01 16:00:06,EICHERMOT
01-Jan-2023 15:57:33,,https://nsearchives.nseindia.com/corporate/EICHERMOT_01012023155733_EMLMonthlyBusinessUpdate1stJanuary2023Signed.pdf,Eicher Motors Limited has informed the Exchange regarding Monthly Business Updates for the month of December 2022,,,Monthly Business Updates,00:00:05,01012023155733,01-Jan-2023 15:57:38,-,False,,,105390977,Automobiles - 4 Wheelers,INE066A01013,Eicher Motors Limited,2023-01-01 15:57:33,EICHERMOT
31-Dec-2022 19:24:33,,https://nsearchives.nseindia.com/corporate/EICHERMOT_31122022192433_EMLReg30Intimation31122022Acquisitionupdatesigned.pdf,Eicher Motors Limited has informed the Exchange about Update on Acquisition,,,Acquisition,00:00:04,31122022192433,31-Dec-2022 19:24:37,-,False,,,105390932,Automobiles - 4 Wheelers,INE066A01013,Eicher Motors Limited,2022-12-31 19:24:33,EICHERMOT
29-Dec-2022 17:50:43,,https://nsearchives.nseindia.com/corporate/EICHERMOT_29122022175043_EMLReg30Intimation29122022Signedfinal.pdf,Eicher Motors Limited has informed the Exchange about Acquisition,,,Acquisition,00:00:02,29122022175043,29-Dec-2022 17:50:45,-,False,,,105388730,Automobiles - 4 Wheelers,INE066A01013,Eicher Motors Limited,2022-12-29 17:50:43,EICHERMOT
29-Dec-2022 17:45:22,,https://nsearchives.nseindia.com/corporate/EICHERMOT_29122022174522_EMLPressRelease29122022Signedfinal.pdf,"Eicher Motors Limited has informed the Exchange regarding a press release dated December 29, 2022, titled ""EICHER MOTORS LTD., PARENT COMPANY OF ROYAL ENFIELD, ANNOUNCES STRATEGIC INVESTMENT IN SPANISH ELECTRIC MOBILITY COMPANY, STARK FUTURE S.L."".",,,Press Release,00:00:05,29122022174522,29-Dec-2022 17:45:27,-,False,,,105388721,Automobiles - 4 Wheelers,INE066A01013,Eicher Motors Limited,2022-12-29 17:45:22,EICHERMOT
26-Dec-2022 15:48:52,,https://nsearchives.nseindia.com/corporate/EICHERMOT_26122022154852_EMLClosureofTradingWindow01012023Signed.pdf,"Eicher Motors Limited has informed the Exchange regarding the Trading Window closure pursuant to SEBI (Prohibition of Insider Trading) Regulations, 2015",,,Trading Window,00:00:05,26122022154852,26-Dec-2022 15:48:57,-,False,,,105385814,Automobiles - 4 Wheelers,INE066A01013,Eicher Motors Limited,2022-12-26 15:48:52,EICHERMOT
23-Dec-2022 13:25:12,,https://nsearchives.nseindia.com/corporate/EICHERMOT_23122022132512_ScheduleofMeetingwithAnalystsandInvestors23122022Signed.pdf,Eicher Motors Limited has informed the Exchange about Schedule of meet,,,Analysts/Institutional Investor Meet/Con. Call Updates,00:00:08,23122022132512,23-Dec-2022 13:25:20,-,False,,,105384608,Automobiles - 4 Wheelers,INE066A01013,Eicher Motors Limited,2022-12-23 13:25:12,EICHERMOT
15-Dec-2022 16:45:51,,https://nsearchives.nseindia.com/corporate/EICHERMOT_15122022164551_ScheduleofMeetingwithAnalystsandInvestors15122022Signed.pdf,Eicher Motors Limited has informed the Exchange about Schedule of Analysts/Institutional Investor Meet/Con. Call ,,,Schedule of Analysts/Institutional Investor Meet/Con. Call,00:00:03,15122022164551,15-Dec-2022 16:45:54,-,False,,,5130974,Automobiles - 4 Wheelers,INE066A01013,Eicher Motors Limited,2022-12-15 16:45:51,EICHERMOT
13-Dec-2022 16:20:13,,https://nsearchives.nseindia.com/corporate/EICHERMOT_13122022162012_ScheduleofMeetingwithAnalystsandInvestors13122022Signed.pdf,Eicher Motors Limited has informed the Exchange about Schedule of Analysts/Institutional Investor Meet/Con. Call ,,,Schedule of Analysts/Institutional Investor Meet/Con. Call,00:00:02,13122022162013,13-Dec-2022 16:20:15,-,False,,,5130303,Automobiles - 4 Wheelers,INE066A01013,Eicher Motors Limited,2022-12-13 16:20:13,EICHERMOT
12-Dec-2022 17:27:09,,https://nsearchives.nseindia.com/corporate/EICHERMOT_12122022172709_ScheduleofMeetingwithAnalystsandInvestors12122022Signed.pdf,Eicher Motors Limited has informed the Exchange about Schedule of Analysts/Institutional Investor Meet/Con. Call ,,,Schedule of Analysts/Institutional Investor Meet/Con. Call,00:00:04,12122022172709,12-Dec-2022 17:27:13,-,False,,,5130032,Automobiles - 4 Wheelers,INE066A01013,Eicher Motors Limited,2022-12-12 17:27:09,EICHERMOT
08-Dec-2022 15:49:21,,https://nsearchives.nseindia.com/corporate/EICHERMOT_08122022154921_8.12.2022.pdf,Eicher Motors Limited has informed the Exchange about Loss of share certificate,,,Loss of share certificate,00:00:03,08122022154921,08-Dec-2022 15:49:24,-,False,,,5129159,Automobiles - 4 Wheelers,INE066A01013,Eicher Motors Limited,2022-12-08 15:49:21,EICHERMOT
07-Dec-2022 19:34:33,,https://nsearchives.nseindia.com/corporate/EICHERMOT_07122022193433_EML_PressRelease_07122022Signed.pdf,Eicher Motors Limited has informed the Exchange about press release dated 07-Dec-2022 titled ROYAL ENFIELD STRENGTHENS COMMITMENT TO AMERICAS REGION WITH THE INAUGURATION OF NEW CKD FACILITY IN BRAZIL,,,Press Release,00:00:05,07122022193433,07-Dec-2022 19:34:38,-,False,,,5128977,Automobiles - 4 Wheelers,INE066A01013,Eicher Motors Limited,2022-12-07 19:34:33,EICHERMOT
07-Dec-2022 18:42:21,,https://nsearchives.nseindia.com/corporate/EICHERMOT_07122022184221_Regulation_393_07122022.pdf,Eicher Motors Limited has informed the Exchange about Loss of share certificate,,,Loss of share certificate,00:00:03,07122022184221,07-Dec-2022 18:42:24,-,False,,,5128942,Automobiles - 4 Wheelers,INE066A01013,Eicher Motors Limited,2022-12-07 18:42:21,EICHERMOT
06-Dec-2022 18:08:54,,"https://nsearchives.nseindia.com/corporate/EICHERMOT_06122022180854_ScheduleofMeetingwithAnalystandInvestorDecember6,2022Signed.pdf",Eicher Motors Limited has informed the Exchange about Schedule of Analysts/Institutional Investor Meet/Con. Call ,,,Schedule of Analysts/Institutional Investor Meet/Con. Call,00:00:02,06122022180854,06-Dec-2022 18:08:56,-,False,,,5128529,Automobiles - 4 Wheelers,INE066A01013,Eicher Motors Limited,2022-12-06 18:08:54,EICHERMOT
05-Dec-2022 12:05:06,,https://nsearchives.nseindia.com/corporate/EICHERMOT_05122022120506_ScheduleofMeetingwithAnalystsandInvestors05122022Signed.pdf,Eicher Motors Limited has informed the Exchange about Schedule of Analysts/Institutional Investor Meet/Con. Call ,,,Schedule of Analysts/Institutional Investor Meet/Con. Call,00:00:04,05122022120506,05-Dec-2022 12:05:10,-,False,,,5127959,Automobiles - 4 Wheelers,INE066A01013,Eicher Motors Limited,2022-12-05 12:05:06,EICHERMOT
01-Dec-2022 19:20:21,,https://nsearchives.nseindia.com/corporate/EICHERMOT_01122022192021_Lossofshares.pdf,Eicher Motors Limited has informed the Exchange about Loss of share certificate,,,Loss of share certificate,00:00:03,01122022192021,01-Dec-2022 19:20:24,-,False,,,5127382,Automobiles - 4 Wheelers,INE066A01013,Eicher Motors Limited,2022-12-01 19:20:21,EICHERMOT
01-Dec-2022 17:18:59,,https://nsearchives.nseindia.com/corporate/EICHERMOT_01122022171859_EMLMonthlyBusinessUpdate1stDecember2022Signed.pdf,Eicher Motors Limited has informed the Exchange about Release of information to SIAM with respect to sales volume of the Company for the month of November 2022,,,General updates,00:01:12,01122022171859,01-Dec-2022 17:20:11,-,False,,,5127233,Automobiles - 4 Wheelers,INE066A01013,Eicher Motors Limited,2022-12-01 17:18:59,EICHERMOT
01-Dec-2022 14:00:33,,https://nsearchives.nseindia.com/corporate/EICHERMOT_01122022140033_VECVNov22salesUpdate1stDec22Signed.pdf,"Eicher Motors Limited has informed the Exchange about Monthly Business Updates for the November 2022 of VE Commercial Vehicles Limited, an unlisted material subsidiary of Eicher Motors Limited",,,General updates,00:00:04,01122022140033,01-Dec-2022 14:00:37,-,False,,,5127163,Automobiles - 4 Wheelers,INE066A01013,Eicher Motors Limited,2022-12-01 14:00:33,EICHERMOT
29-Nov-2022 18:07:36,,https://nsearchives.nseindia.com/corporate/EICHERMOT_29112022180736_EMLRPTSept2022_CoveringletterSignedfinal.pdf,Eicher Motors Limited has informed the Exchange about updated related party transaction for the period ended September 2022,,,Related Party Transaction,00:00:05,29112022180736,29-Nov-2022 18:07:41,-,False,,,5126565,Automobiles - 4 Wheelers,INE066A01013,Eicher Motors Limited,2022-11-29 18:07:36,EICHERMOT
29-Nov-2022 13:18:12,,https://nsearchives.nseindia.com/corporate/EICHERMOT_29112022131812_ScheduleofMeetingwithAnalystandInvestor29112022Signed.pdf,Eicher Motors Limited has informed the Exchange about Schedule of Analysts/Institutional Investor Meet/Con. Call ,,,Schedule of Analysts/Institutional Investor Meet/Con. Call,00:00:09,29112022131812,29-Nov-2022 13:18:21,-,False,,,5126372,Automobiles - 4 Wheelers,INE066A01013,Eicher Motors Limited,2022-11-29 13:18:12,EICHERMOT
28-Nov-2022 17:57:39,,https://nsearchives.nseindia.com/corporate/EICHERMOT_28112022175739_SELetter.pdf,Eicher Motors Limited has informed the Exchange about Loss of share certificate,,,Loss of share certificate,00:00:04,28112022175739,28-Nov-2022 17:57:43,-,False,,,5126105,Automobiles - 4 Wheelers,INE066A01013,Eicher Motors Limited,2022-11-28 17:57:39,EICHERMOT
25-Nov-2022 22:12:00,,https://nsearchives.nseindia.com/corporate/EICHERMOT_25112022221200_EMLRPTSept2022SignedFinal.pdf,Eicher Motors Limited has informed the Exchange about related party transaction for the period ended September 2022,,,Related Party Transaction,00:00:06,25112022221200,25-Nov-2022 22:12:06,-,False,,,5125604,Automobiles - 4 Wheelers,INE066A01013,Eicher Motors Limited,2022-11-25 22:12:00,EICHERMOT
24-Nov-2022 15:00:57,,https://nsearchives.nseindia.com/corporate/EICHERMOT_24112022150057_Regulation_393_24112022.pdf,Eicher Motors Limited has informed the Exchange about Loss of share certificate,,,Loss of share certificate,00:00:05,24112022150057,24-Nov-2022 15:01:02,-,False,,,5124774,Automobiles - 4 Wheelers,INE066A01013,Eicher Motors Limited,2022-11-24 15:00:57,EICHERMOT
24-Nov-2022 13:45:09,,https://nsearchives.nseindia.com/corporate/EICHERMOT_24112022134509_ScheduleofMeetingwithAnalystsandInvestors24112022.pdf,Eicher Motors Limited has informed the Exchange about Schedule of Analysts/Institutional Investor Meet/Con. Call ,,,Schedule of Analysts/Institutional Investor Meet/Con. Call,00:00:03,24112022134509,24-Nov-2022 13:45:12,-,False,,,5124720,Automobiles - 4 Wheelers,INE066A01013,Eicher Motors Limited,2022-11-24 13:45:09,EICHERMOT
23-Nov-2022 17:55:36,,https://nsearchives.nseindia.com/corporate/EICHERMOT_23112022175536_stockexchangeletter.pdf,Eicher Motors Limited has informed the Exchange about Loss of share certificate,,,Loss of share certificate,00:00:09,23112022175536,23-Nov-2022 17:55:45,-,False,,,5124481,Automobiles - 4 Wheelers,INE066A01013,Eicher Motors Limited,2022-11-23 17:55:36,EICHERMOT
22-Nov-2022 10:44:33,,https://nsearchives.nseindia.com/corporate/EICHERMOT_22112022104433_Regulation_393_22112022.pdf,Eicher Motors Limited has informed the Exchange about Loss of share certificate,,,Loss of share certificate,00:00:03,22112022104433,22-Nov-2022 10:44:36,-,False,,,5123650,Automobiles - 4 Wheelers,INE066A01013,Eicher Motors Limited,2022-11-22 10:44:33,EICHERMOT
19-Nov-2022 12:54:30,,https://nsearchives.nseindia.com/corporate/EICHERMOT_19112022125430_EMLIntimationofGrantofRSU19112022signed.pdf,Eicher Motors Limited has informed the Exchange about ESOP/ESPS/SBEB Scheme,,,ESOP/ESPS/SBEB Scheme,00:00:03,19112022125430,19-Nov-2022 12:54:33,-,False,,,5123024,Automobiles - 4 Wheelers,INE066A01013,Eicher Motors Limited,2022-11-19 12:54:30,EICHERMOT
18-Nov-2022 15:53:21,,https://nsearchives.nseindia.com/corporate/EICHERMOT_18112022155321_EMLOpeningoftradingwinodwnovember212022.pdf,Eicher Motors Limited has informed the Exchange about Intimation of Opening of Trading Window of Eicher Motors Limited,,,General updates,00:00:05,18112022155321,18-Nov-2022 15:53:26,-,False,,,5122684,Automobiles - 4 Wheelers,INE066A01013,Eicher Motors Limited,2022-11-18 15:53:21,EICHERMOT
18-Nov-2022 11:29:15,,https://nsearchives.nseindia.com/corporate/EICHERMOT_18112022112915_EMLCFOAppointmentIntimation18112022Signed.pdf,Eicher Motors Limited  has informed the Exchange about appointment of Vidhya Srinivasan as Chief Financial Officer of the company w.e.f. 18-Nov-2022,,,Appointment,00:00:04,18112022112915,18-Nov-2022 11:29:19,-,False,,,5122468,Automobiles - 4 Wheelers,INE066A01013,Eicher Motors Limited,2022-11-18 11:29:15,EICHERMOT
17-Nov-2022 19:34:39,,https://nsearchives.nseindia.com/corporate/EICHERMOT_17112022193439_ScheduleofMeetingwithAnalystandInvestor17112022.pdf,Eicher Motors Limited has informed the Exchange about Schedule of Analysts/Institutional Investor Meet/Con. Call ,,,Schedule of Analysts/Institutional Investor Meet/Con. Call,00:00:03,17112022193439,17-Nov-2022 19:34:42,-,False,,,5122394,Automobiles - 4 Wheelers,INE066A01013,Eicher Motors Limited,2022-11-17 19:34:39,EICHERMOT
17-Nov-2022 19:33:36,,https://nsearchives.nseindia.com/corporate/EICHERMOT_17112022193336_Transcriptwithcovering.pdf,Eicher Motors Limited has informed the Exchange about Transcript of Analysts/Institutional Investor Meet/Con. Call ,,,Transcript of Analysts/Institutional Investor Meet/Con. Call,00:00:03,17112022193336,17-Nov-2022 19:33:39,-,False,,,5122393,Automobiles - 4 Wheelers,INE066A01013,Eicher Motors Limited,2022-11-17 19:33:36,EICHERMOT
16-Nov-2022 11:40:57,,https://nsearchives.nseindia.com/corporate/EICHERMOT_16112022114057_ScheduleofMeetingwithAnalystandInvestor16112022.pdf,Eicher Motors Limited has informed the Exchange about Schedule of Analysts/Institutional Investor Meet/Con. Call ,,,Schedule of Analysts/Institutional Investor Meet/Con. Call,00:00:04,16112022114057,16-Nov-2022 11:41:01,-,False,,,5121296,Automobiles - 4 Wheelers,INE066A01013,Eicher Motors Limited,2022-11-16 11:40:57,EICHERMOT
15-Nov-2022 15:23:33,,https://nsearchives.nseindia.com/corporate/EICHERMOT_15112022152333_Regulation_393_15112022.pdf,Eicher Motors Limited has informed the Exchange about Loss of share certificate,,,Loss of share certificate,00:00:04,15112022152333,15-Nov-2022 15:23:37,-,False,,,5120771,Automobiles - 4 Wheelers,INE066A01013,Eicher Motors Limited,2022-11-15 15:23:33,EICHERMOT
11-Nov-2022 08:41:15,,https://nsearchives.nseindia.com/corporate/EICHERMOT_11112022084115_EML_ConferenceCallAudio_10112022Signed.pdf,Eicher Motors Limited has informed the Exchange about Recording of Analysts/Institutional Investor Meet/Con. Call,,,Recording of Analysts/Institutional Investor Meet/Con. Call,00:00:03,11112022084115,11-Nov-2022 08:41:18,-,False,,,5117102,Automobiles - 4 Wheelers,INE066A01013,Eicher Motors Limited,2022-11-11 08:41:15,EICHERMOT
10-Nov-2022 17:40:40,,https://nsearchives.nseindia.com/corporate/EICHERMOT_10112022174039_EML_InvestorPresentation_10112022_Signed.pdf,Eicher Motors Limited has informed the Exchange about Investor Presentation,,,Investor Presentation,00:00:04,10112022174040,10-Nov-2022 17:40:44,-,False,,,5116767,Automobiles - 4 Wheelers,INE066A01013,Eicher Motors Limited,2022-11-10 17:40:40,EICHERMOT
10-Nov-2022 17:24:57,,https://nsearchives.nseindia.com/corporate/EICHERMOT_10112022172457_EML_AllotmentofShares_10112022_Signed.pdf,Eicher Motors Limited has informed the Exchange about Issuance/changes in Capital-Others,,,Issuance/changes in Capital-Others,00:00:04,10112022172457,10-Nov-2022 17:25:01,-,False,,,5116750,Automobiles - 4 Wheelers,INE066A01013,Eicher Motors Limited,2022-11-10 17:24:57,EICHERMOT
10-Nov-2022 16:35:30,,https://nsearchives.nseindia.com/corporate/EICHERMOT_10112022163530_EML_PressRelease_10112022Signed.pdf,"Eicher Motors Limited has informed the Exchange about press release dated 10-Nov-2022 titled Eicher Motors Limited announces financial results for the quarter and half year ended September 30, 2022, Registers highest ever quarterly revenue and profits",,,Press Release,00:00:02,10112022163530,10-Nov-2022 16:35:32,-,False,,,5116630,Automobiles - 4 Wheelers,INE066A01013,Eicher Motors Limited,2022-11-10 16:35:30,EICHERMOT
10-Nov-2022 16:21:45,,https://nsearchives.nseindia.com/corporate/EICHERMOT_10112022162145_EML_ConclusionofBoardmeeting_10112022Signed.pdf,Eicher Motors Limited has informed the Exchange about Conclusion of Board meeting,,,General updates,00:00:04,10112022162145,10-Nov-2022 16:21:49,-,False,,,5116592,Automobiles - 4 Wheelers,INE066A01013,Eicher Motors Limited,2022-11-10 16:21:45,EICHERMOT
10-Nov-2022 16:09:03,,https://nsearchives.nseindia.com/corporate/EICHERMOT_10112022160903_EML_FinancialResultsOutcome_10112022Signedfinal.pdf,Eicher Motors Limited  has informed the Exchange about Board Meeting held on 10-Nov-2022 to consider financial statements for the period ended September 2022,,,Outcome of Board Meeting,00:00:03,10112022160903,10-Nov-2022 16:09:06,-,False,,,5116571,Automobiles - 4 Wheelers,INE066A01013,Eicher Motors Limited,2022-11-10 16:09:03,EICHERMOT
10-Nov-2022 12:01:51,,https://nsearchives.nseindia.com/corporate/EICHERMOT_10112022120151_EML_GrantofRSU_10112022Signed.pdf,Eicher Motors Limited has informed the Exchange about ESOP/ESPS/SBEB Scheme,,,ESOP/ESPS/SBEB Scheme,00:00:02,10112022120151,10-Nov-2022 12:01:53,-,False,,,5116185,Automobiles - 4 Wheelers,INE066A01013,Eicher Motors Limited,2022-11-10 12:01:51,EICHERMOT
02-Nov-2022 17:39:27,,"https://nsearchives.nseindia.com/corporate/EICHERMOT_02112022173927_EML_ConferenceCallIntimation_Nov,2022Signed.pdf",Eicher Motors Limited has informed the Exchange about Schedule of Analysts/Institutional Investor Meet/Con. Call ,,,Schedule of Analysts/Institutional Investor Meet/Con. Call,00:00:03,02112022173927,02-Nov-2022 17:39:30,-,False,,,5111617,Automobiles - 4 Wheelers,INE066A01013,Eicher Motors Limited,2022-11-02 17:39:27,EICHERMOT
01-Nov-2022 19:02:03,,https://nsearchives.nseindia.com/corporate/EICHERMOT_01112022190203_Regulation_393_01112022.pdf,Eicher Motors Limited has informed the Exchange about Loss of share certificate,,,Loss of share certificate,00:00:04,01112022190203,01-Nov-2022 19:02:07,-,False,,,5111042,Automobiles - 4 Wheelers,INE066A01013,Eicher Motors Limited,2022-11-01 19:02:03,EICHERMOT
01-Nov-2022 16:10:33,,https://nsearchives.nseindia.com/corporate/EICHERMOT_01112022161033_EMLMonthlyBusinessUpdate1stNovember2022Signed.pdf,Eicher Motors Limited has informed the Exchange about Release of information to SIAM with respect to sales volume of the Company for the month of October 2022,,,General updates,00:00:03,01112022161033,01-Nov-2022 16:10:36,-,False,,,5110835,Automobiles - 4 Wheelers,INE066A01013,Eicher Motors Limited,2022-11-01 16:10:33,EICHERMOT
01-Nov-2022 11:25:05,,https://nsearchives.nseindia.com/corporate/EICHERMOT_01112022112505_VECVOct22salesUpdate1stNov22Signed.pdf,"Eicher Motors Limited has informed the Exchange about Monthly Business Updates for the Month October 2022 of VE Commercial Vehicles Limited, an unlisted material subsidiary of Eicher Motors Limited",,,General updates,00:00:11,01112022112505,01-Nov-2022 11:25:16,-,False,,,5110551,Automobiles - 4 Wheelers,INE066A01013,Eicher Motors Limited,2022-11-01 11:25:05,EICHERMOT
27-Oct-2022 16:07:24,,https://nsearchives.nseindia.com/corporate/EICHERMOT_27102022160724_Regulation_393_27102022.pdf,Eicher Motors Limited has informed the Exchange about Loss of share certificate,,,Loss of share certificate,00:00:05,27102022160724,27-Oct-2022 16:07:29,-,False,,,5108955,Automobiles - 4 Wheelers,INE066A01013,Eicher Motors Limited,2022-10-27 16:07:24,EICHERMOT
18-Oct-2022 21:32:24,,https://nsearchives.nseindia.com/corporate/EICHERMOT_18102022213224_Regulation_393_18102022.pdf,Eicher Motors Limited has informed the Exchange about Loss of share certificate,,,Loss of share certificate,00:00:02,18102022213224,18-Oct-2022 21:32:26,-,False,,,5106025,Automobiles - 4 Wheelers,INE066A01013,Eicher Motors Limited,2022-10-18 21:32:24,EICHERMOT
01-Oct-2022 18:15:42,,https://nsearchives.nseindia.com/corporate/EICHERMOT_01102022181542_EMLMonthlyBusinessUpdate1stOctober2022Signed.pdf,Eicher Motors Limited has informed the Exchange about Disclosure of other UPSI/material event,,,Disclosure of other UPSI/material event,00:00:04,01102022181542,01-Oct-2022 18:15:46,-,False,,,5100081,Automobiles - 4 Wheelers,INE066A01013,Eicher Motors Limited,2022-10-01 18:15:42,EICHERMOT
01-Oct-2022 11:42:03,,https://nsearchives.nseindia.com/corporate/EICHERMOT_01102022114203_VECVSep22salesUpdate1stOct22Signed.pdf,"Eicher Motors Limited has informed the Exchange about Monthly Business Updates for the September 2022 of VE Commercial Vehicles Limited, an unlisted material subsidiary of Eicher Motors Limited",,,General updates,00:00:02,01102022114203,01-Oct-2022 11:42:05,-,False,,,5099672,Automobiles - 4 Wheelers,INE066A01013,Eicher Motors Limited,2022-10-01 11:42:03,EICHERMOT
28-Sep-2022 11:12:48,,https://nsearchives.nseindia.com/corporate/EICHERMOT_28092022111248_ScheduleofMeetingwithAnalystandInvestor28092022Signed.pdf,Eicher Motors Limited has informed the Exchange about Schedule of Analysts/Institutional Investor Meet/Con. Call ,,,Schedule of Analysts/Institutional Investor Meet/Con. Call,00:00:05,28092022111248,28-Sep-2022 11:12:53,-,False,,,5095849,Automobiles - 4 Wheelers,INE066A01013,Eicher Motors Limited,2022-09-28 11:12:48,EICHERMOT
27-Sep-2022 12:29:51,,https://nsearchives.nseindia.com/corporate/EICHERMOT_27092022122951_ScheduleofMeetingwithAnalystandInvestor27092022Signed.pdf,Eicher Motors Limited has informed the Exchange about Schedule of Analysts/Institutional Investor Meet/Con. Call ,,,Schedule of Analysts/Institutional Investor Meet/Con. Call,00:00:05,27092022122951,27-Sep-2022 12:29:56,-,False,,,5095267,Automobiles - 4 Wheelers,INE066A01013,Eicher Motors Limited,2022-09-27 12:29:51,EICHERMOT
26-Sep-2022 15:26:09,,https://nsearchives.nseindia.com/corporate/EICHERMOT_26092022152609_EMLTradingWindowClosure01102022.pdf,Eicher Motors Limited has informed the Exchange about Closure of trading window,,,Closure of trading window,00:00:06,26092022152609,26-Sep-2022 15:26:15,-,False,,,5094861,Automobiles - 4 Wheelers,INE066A01013,Eicher Motors Limited,2022-09-26 15:26:09,EICHERMOT
26-Sep-2022 10:55:36,,https://nsearchives.nseindia.com/corporate/EICHERMOT_26092022105536_ScheduleofMeetingwithAnalystandInvestor26092022Signed.pdf,Eicher Motors Limited has informed the Exchange about Schedule of Analysts/Institutional Investor Meet/Con. Call ,,,Schedule of Analysts/Institutional Investor Meet/Con. Call,00:00:09,26092022105536,26-Sep-2022 10:55:45,-,False,,,5094740,Automobiles - 4 Wheelers,INE066A01013,Eicher Motors Limited,2022-09-26 10:55:36,EICHERMOT
21-Sep-2022 18:21:09,,"https://nsearchives.nseindia.com/corporate/EICHERMOT_21092022182109_ScheduleofMeetingwithAnalystandInvestorSeptember21,2022Signed.pdf",Eicher Motors Limited has informed the Exchange about Schedule of Analysts/Institutional Investor Meet/Con. Call ,,,Schedule of Analysts/Institutional Investor Meet/Con. Call,00:00:03,21092022182109,21-Sep-2022 18:21:12,-,False,,,5093403,Automobiles - 4 Wheelers,INE066A01013,Eicher Motors Limited,2022-09-21 18:21:09,EICHERMOT
21-Sep-2022 10:45:09,,https://nsearchives.nseindia.com/corporate/EICHERMOT_21092022104509_Regulation_393_21092022.pdf,Eicher Motors Limited has informed the Exchange about Loss of share certificate,,,Loss of share certificate,00:00:11,21092022104509,21-Sep-2022 10:45:20,-,False,,,5093145,Automobiles - 4 Wheelers,INE066A01013,Eicher Motors Limited,2022-09-21 10:45:09,EICHERMOT
20-Sep-2022 17:23:18,,"https://nsearchives.nseindia.com/corporate/EICHERMOT_20092022172318_ScheduleofMeetingwithAnalystandInvestorSeptember20,20221.pdf",Eicher Motors Limited has informed the Exchange about Schedule of Analysts/Institutional Investor Meet/Con. Call ,,,Schedule of Analysts/Institutional Investor Meet/Con. Call,00:00:03,20092022172318,20-Sep-2022 17:23:21,-,False,,,5092925,Automobiles - 4 Wheelers,INE066A01013,Eicher Motors Limited,2022-09-20 17:23:18,EICHERMOT
19-Sep-2022 17:56:06,,https://nsearchives.nseindia.com/corporate/EICHERMOT_19092022175606_Regulation_393_19092022.pdf,Eicher Motors Limited has informed the Exchange about Loss of share certificate,,,Loss of share certificate,00:00:04,19092022175606,19-Sep-2022 17:56:10,-,False,,,5092580,Automobiles - 4 Wheelers,INE066A01013,Eicher Motors Limited,2022-09-19 17:56:06,EICHERMOT
12-Sep-2022 18:18:15,,https://nsearchives.nseindia.com/corporate/EICHERMOT_12092022181815_ScheduleofMeetingwithAnalystsandInvestors12092022Signed.pdf,Eicher Motors Limited has informed the Exchange about Schedule of Analysts/Institutional Investor Meet/Con. Call ,,,Schedule of Analysts/Institutional Investor Meet/Con. Call,00:00:35,12092022181815,12-Sep-2022 18:18:50,-,False,,,5090244,Automobiles - 4 Wheelers,INE066A01013,Eicher Motors Limited,2022-09-12 18:18:15,EICHERMOT
08-Sep-2022 13:42:54,,"https://nsearchives.nseindia.com/corporate/EICHERMOT_08092022134254_ScheduleofMeetingwithAnalystandInvestorSeptember8,2022Signed.pdf",Eicher Motors Limited has informed the Exchange about Schedule of Analysts/Institutional Investor Meet/Con. Call ,,,Schedule of Analysts/Institutional Investor Meet/Con. Call,00:00:12,08092022134254,08-Sep-2022 13:43:06,-,False,,,5088671,Automobiles - 4 Wheelers,INE066A01013,Eicher Motors Limited,2022-09-08 13:42:54,EICHERMOT
06-Sep-2022 18:39:03,,https://nsearchives.nseindia.com/corporate/EICHERMOT_06092022183903_ScheduleofMeetingwithAnalystandInvestor06092022Signed.pdf,Eicher Motors Limited has informed the Exchange about Schedule of Analysts/Institutional Investor Meet/Con. Call ,,,Schedule of Analysts/Institutional Investor Meet/Con. Call,00:00:04,06092022183903,06-Sep-2022 18:39:07,-,False,,,5087613,Automobiles - 4 Wheelers,INE066A01013,Eicher Motors Limited,2022-09-06 18:39:03,EICHERMOT
01-Sep-2022 15:42:42,,https://nsearchives.nseindia.com/corporate/EICHERMOT_01092022154242_EMLMonthlyBusinessUpdate1stSeptember2022Signed.pdf,Eicher Motors Limited has informed the Exchange about Disclosure of other UPSI/material event,,,Disclosure of other UPSI/material event,00:00:04,01092022154242,01-Sep-2022 15:42:46,-,False,,,5084774,Automobiles - 4 Wheelers,INE066A01013,Eicher Motors Limited,2022-09-01 15:42:42,EICHERMOT
01-Sep-2022 13:05:33,,https://nsearchives.nseindia.com/corporate/EICHERMOT_01092022130533_VECVAug22salesUpdate1stSep22.pdf,"Eicher Motors Limited has informed the Exchange about Monthly Business Updates for the Month August 2022 of VE Commercial Vehicles Limited, an unlisted material subsidiary of Eicher Motors Limited",,,General updates,00:00:04,01092022130533,01-Sep-2022 13:05:37,-,False,,,5084672,Automobiles - 4 Wheelers,INE066A01013,Eicher Motors Limited,2022-09-01 13:05:33,EICHERMOT
30-Aug-2022 18:47:03,,https://nsearchives.nseindia.com/corporate/EICHERMOT_30082022184703_ScheduleofMeetingwithAnalystandInvestor30082022Signed.pdf,Eicher Motors Limited has informed the Exchange about Schedule of Analysts/Institutional Investor Meet/Con. Call ,,,Schedule of Analysts/Institutional Investor Meet/Con. Call,00:00:04,30082022184703,30-Aug-2022 18:47:07,-,False,,,5084114,Automobiles - 4 Wheelers,INE066A01013,Eicher Motors Limited,2022-08-30 18:47:03,EICHERMOT
25-Aug-2022 17:31:18,,https://nsearchives.nseindia.com/corporate/EICHERMOT_25082022173118_Intimationtostockexchanges_CFOSigned.pdf,Eicher Motors Limited  has informed the Exchange about resignation of Kaleeswaran Arunachalam as Chief Financial Officer of the company w.e.f. 02-Sep-2022,,,Resignation,00:00:02,25082022173118,25-Aug-2022 17:31:20,-,False,,,5081968,Automobiles - 4 Wheelers,INE066A01013,Eicher Motors Limited,2022-08-25 17:31:18,EICHERMOT
25-Aug-2022 17:18:18,,https://nsearchives.nseindia.com/corporate/EICHERMOT_25082022171818_EMLAGMVotingResultsAugust242022Signed.pdf,Eicher Motors Limited has informed the Exchange about Voting results and  Scrutinizer report of Annual General Meeting held on 24-Aug-2022,,,Annual General Meeting,00:00:06,25082022171818,25-Aug-2022 17:18:24,-,False,,,5081946,Automobiles - 4 Wheelers,INE066A01013,Eicher Motors Limited,2022-08-25 17:18:18,EICHERMOT
25-Aug-2022 13:33:24,,https://nsearchives.nseindia.com/corporate/EICHERMOT_25082022133324_EMLIntimationofDirectorandAuditorappointmentSigned.pdf,Eicher Motors Limited has informed the Exchange about Disclosure of other UPSI/material event,,,Disclosure of other UPSI/material event,00:00:06,25082022133324,25-Aug-2022 13:33:30,-,False,,,5081779,Automobiles - 4 Wheelers,INE066A01013,Eicher Motors Limited,2022-08-25 13:33:24,EICHERMOT
24-Aug-2022 18:22:57,,https://nsearchives.nseindia.com/corporate/EICHERMOT_24082022182257_EMLProceedingsAGM40th_24082022Signed.pdf,Eicher Motors Limited has informed the Exchange about  Proceedings of Annual General Meeting held on 24-Aug-2022,,,Annual General Meeting,00:00:02,24082022182257,24-Aug-2022 18:22:59,-,False,,,5081471,Automobiles - 4 Wheelers,INE066A01013,Eicher Motors Limited,2022-08-24 18:22:57,EICHERMOT
24-Aug-2022 16:37:33,,https://nsearchives.nseindia.com/corporate/EICHERMOT_24082022163733_ScheduleofMeetingwithAnalystsandInvestors24082022revisedSigned.pdf,Eicher Motors Limited has informed the Exchange about Schedule of Analysts/Institutional Investor Meet/Con. Call ,,,Schedule of Analysts/Institutional Investor Meet/Con. Call,00:00:04,24082022163733,24-Aug-2022 16:37:37,-,False,,,5081356,Automobiles - 4 Wheelers,INE066A01013,Eicher Motors Limited,2022-08-24 16:37:33,EICHERMOT
19-Aug-2022 18:02:09,,https://nsearchives.nseindia.com/corporate/EICHERMOT_19082022180209_EMLScheduleofMeetingwithAnalystsandInvestors19082022Signed.pdf,Eicher Motors Limited has informed the Exchange about Schedule of Analysts/Institutional Investor Meet/Con. Call ,,,Schedule of Analysts/Institutional Investor Meet/Con. Call,00:00:04,19082022180209,19-Aug-2022 18:02:13,-,False,,,5079788,Automobiles - 4 Wheelers,INE066A01013,Eicher Motors Limited,2022-08-19 18:02:09,EICHERMOT
18-Aug-2022 13:48:06,,"https://nsearchives.nseindia.com/corporate/EICHERMOT_18082022134806_TranscriptofCallAugust10,2022Signed.pdf",Eicher Motors Limited has informed the Exchange about Transcript of Analysts/Institutional Investor Meet/Con. Call ,,,Transcript of Analysts/Institutional Investor Meet/Con. Call,00:00:10,18082022134806,18-Aug-2022 13:48:16,-,False,,,5079210,Automobiles - 4 Wheelers,INE066A01013,Eicher Motors Limited,2022-08-18 13:48:06,EICHERMOT
17-Aug-2022 14:00:18,,https://nsearchives.nseindia.com/corporate/EICHERMOT_17082022140018_ScheduleofMeetingwithAnalystsandInvestors17082022Signed.pdf,Eicher Motors Limited has informed the Exchange about Schedule of Analysts/Institutional Investor Meet/Con. Call ,,,Schedule of Analysts/Institutional Investor Meet/Con. Call,00:00:14,17082022140018,17-Aug-2022 14:00:32,-,False,,,5078742,Automobiles - 4 Wheelers,INE066A01013,Eicher Motors Limited,2022-08-17 14:00:18,EICHERMOT
13-Aug-2022 14:34:33,,https://nsearchives.nseindia.com/corporate/EICHERMOT_13082022143433_EMLInvestordaypresentation2022.pdf,Eicher Motors Limited has informed the Exchange about Investor Presentation,,,Investor Presentation,00:00:01,13082022143433,13-Aug-2022 14:34:34,-,False,,,5077546,Automobiles - 4 Wheelers,INE066A01013,Eicher Motors Limited,2022-08-13 14:34:33,EICHERMOT
10-Aug-2022 23:53:27,,https://nsearchives.nseindia.com/corporate/EICHERMOT_10082022235327_EMLIntimationofInvestorDay2022Signed.pdf,Eicher Motors Limited has informed the Exchange about Intimation for hosting ���Investor Day 2022���,,,Schedule of Analysts/Institutional Investor Meet/Con. Call,00:00:05,10082022235327,10-Aug-2022 23:53:32,-,False,,,5075451,Automobiles - 4 Wheelers,INE066A01013,Eicher Motors Limited,2022-08-10 23:53:27,EICHERMOT
10-Aug-2022 23:52:00,,"https://nsearchives.nseindia.com/corporate/EICHERMOT_10082022235200_EMLAudioRecordingofConferenceCall_August10,2022Signed.pdf",Eicher Motors Limited has informed the Exchange about Recording of Analysts/Institutional Investor Meet/Con. Call,,,Recording of Analysts/Institutional Investor Meet/Con. Call,00:00:04,10082022235200,10-Aug-2022 23:52:04,-,False,,,5075450,Automobiles - 4 Wheelers,INE066A01013,Eicher Motors Limited,2022-08-10 23:52:00,EICHERMOT
10-Aug-2022 21:14:18,,"https://nsearchives.nseindia.com/corporate/EICHERMOT_10082022211418_EMLRevisedPressReleaseAugust10,2022Signed.pdf",Eicher Motors Limited has informed the Exchange about press release dated 10-Aug-2022 titled Revised Press Release,,,Press Release,00:00:02,10082022211418,10-Aug-2022 21:14:20,-,False,,,5075341,Automobiles - 4 Wheelers,INE066A01013,Eicher Motors Limited,2022-08-10 21:14:18,EICHERMOT
10-Aug-2022 21:09:39,,"https://nsearchives.nseindia.com/corporate/EICHERMOT_10082022210939_EMLOpeningofTradingWindowAugust10,2022Signed.pdf",Eicher Motors Limited has informed the Exchange about Intimation of Opening of Trading Window of Eicher Motors Limited,,,General updates,00:00:02,10082022210939,10-Aug-2022 21:09:41,-,False,,,5075365,Automobiles - 4 Wheelers,INE066A01013,Eicher Motors Limited,2022-08-10 21:09:39,EICHERMOT
10-Aug-2022 20:42:45,,"https://nsearchives.nseindia.com/corporate/EICHERMOT_10082022204245_EMLAllotmentofEquitySharesAugust10,2022.pdf",Eicher Motors Limited has informed the Exchange about Intimation of allotment of equity shares of the Company,,,Issuance/changes in Capital-Others,00:00:04,10082022204245,10-Aug-2022 20:42:49,-,False,,,5075327,Automobiles - 4 Wheelers,INE066A01013,Eicher Motors Limited,2022-08-10 20:42:45,EICHERMOT
10-Aug-2022 20:37:42,,"https://nsearchives.nseindia.com/corporate/EICHERMOT_10082022203742_EMLIntimationofAppointmentofCSAugust10,2022.pdf",Eicher Motors Limited  has informed the Exchange about appointment of Atul Sharma as Company Secretary of the company w.e.f. 10-Aug-2022,,,Appointment,00:00:04,10082022203742,10-Aug-2022 20:37:46,-,False,,,5075334,Automobiles - 4 Wheelers,INE066A01013,Eicher Motors Limited,2022-08-10 20:37:42,EICHERMOT
10-Aug-2022 17:59:23,,https://nsearchives.nseindia.com/corporate/EICHERMOT_10082022175923_EMLInvestorPresentationAugust102022.pdf,Eicher Motors Limited has informed the Exchange about Investor Presentation,,,Investor Presentation,00:00:06,10082022175923,10-Aug-2022 17:59:29,-,False,,,5075009,Automobiles - 4 Wheelers,INE066A01013,Eicher Motors Limited,2022-08-10 17:59:23,EICHERMOT
10-Aug-2022 17:13:15,,"https://nsearchives.nseindia.com/corporate/EICHERMOT_10082022171315_EMLPressReleaseAugust10,2022.pdf","Eicher Motors Limited has informed the Exchange about press release dated 10-Aug-2022 titled Eicher Motors Limited announces financial results for the quarter ended June 30, 2022 Registers highest ever quarterly international sales, quarterly revenue and EBITDA",,,Press Release,00:00:04,10082022171315,10-Aug-2022 17:13:19,-,False,,,5074831,Automobiles - 4 Wheelers,INE066A01013,Eicher Motors Limited,2022-08-10 17:13:15,EICHERMOT
10-Aug-2022 16:51:51,,https://nsearchives.nseindia.com/corporate/EICHERMOT_10082022165151_EMLConclusionofBoardMeetingAugust102022Signed.pdf,Eicher Motors Limited has informed the Exchange about Conclusion of Board meeting,,,General updates,00:00:03,10082022165151,10-Aug-2022 16:51:54,-,False,,,5074766,Automobiles - 4 Wheelers,INE066A01013,Eicher Motors Limited,2022-08-10 16:51:51,EICHERMOT
10-Aug-2022 15:46:48,,https://nsearchives.nseindia.com/corporate/EICHERMOT_10082022154648_EMLOutcomeBM10082022Signed.pdf,Eicher Motors Limited  has informed the Exchange about Board Meeting held on 10-Aug-2022 to consider financial results for the period ended June 2022,,,Outcome of Board Meeting,00:00:04,10082022154648,10-Aug-2022 15:46:52,-,False,,,5074603,Automobiles - 4 Wheelers,INE066A01013,Eicher Motors Limited,2022-08-10 15:46:48,EICHERMOT
05-Aug-2022 17:09:00,,https://nsearchives.nseindia.com/corporate/EICHERMOT_05082022170900_Regulation_393_05082022.pdf,Eicher Motors Limited has informed the Exchange about Loss of share certificate,,,Loss of share certificate,00:00:03,05082022170900,05-Aug-2022 17:09:03,-,False,,,5071442,Automobiles - 4 Wheelers,INE066A01013,Eicher Motors Limited,2022-08-05 17:09:00,EICHERMOT
03-Aug-2022 19:34:06,,https://nsearchives.nseindia.com/corporate/EICHERMOT_03082022193406_Disclosure_under_Regulations_30_and_46_of_the_SEBI_sw.pdf,Eicher Motors Limited has informed the Exchange about Schedule of Analysts/Institutional Investor Meet/Con. Call ,,,Schedule of Analysts/Institutional Investor Meet/Con. Call,00:00:04,03082022193406,03-Aug-2022 19:34:10,-,False,,,5069927,Automobiles - 4 Wheelers,INE066A01013,Eicher Motors Limited,2022-08-03 19:34:06,EICHERMOT
03-Aug-2022 18:06:27,,https://nsearchives.nseindia.com/corporate/EICHERMOT_03082022180627_NewspaperAdvertisement.pdf,Eicher Motors Limited has informed the Exchange about Newspaper Advertisements regarding 40th Annual General Meeting of the Company ,,,Newspaper Advertisements,00:00:04,03082022180627,03-Aug-2022 18:06:31,-,False,,,5069799,Automobiles - 4 Wheelers,INE066A01013,Eicher Motors Limited,2022-08-03 18:06:27,EICHERMOT
03-Aug-2022 15:01:36,,https://nsearchives.nseindia.com/corporate/EICHERMOT_03082022150136_BRR.pdf,"Eicher Motors Limited has informed the Exchange about Business Responsibility & Sustainability Report (BRSR) for the period ended March 31, 2022",,,Business Responsibility & Sustainability Report (BRSR),00:00:04,03082022150136,03-Aug-2022 15:01:40,-,False,,,5069461,Automobiles - 4 Wheelers,INE066A01013,Eicher Motors Limited,2022-08-03 15:01:36,EICHERMOT
03-Aug-2022 14:54:57,,https://nsearchives.nseindia.com/corporate/EICHERMOT_03082022145457_ARResubmit.pdf,Eicher Motors Limited has informed the Exchange about Resubmission of Integrated Annual Report for the financial year 2021-22 including Notice of the 40th Annual General Meeting,,,General updates,00:00:03,03082022145457,03-Aug-2022 14:55:00,-,False,,,5069448,Automobiles - 4 Wheelers,INE066A01013,Eicher Motors Limited,2022-08-03 14:54:57,EICHERMOT
03-Aug-2022 00:02:03,,https://nsearchives.nseindia.com/corporate/EICHERMOT_03082022000203_BRSREMLAR.pdf,"Eicher Motors Limited has informed the Exchange about Business Responsibility & Sustainability Report (BRSR) for the period ended March 31, 2022",,,Business Responsibility & Sustainability Report (BRSR),00:00:11,03082022000203,03-Aug-2022 00:02:14,-,False,,,5069211,Automobiles - 4 Wheelers,INE066A01013,Eicher Motors Limited,2022-08-03 00:02:03,EICHERMOT
01-Aug-2022 20:29:27,,https://nsearchives.nseindia.com/corporate/EICHERMOT_01082022202927_EMLMonthlyBusinessUpdate1stAugust2022Signed.pdf,Eicher Motors Limited has informed the Exchange about Release of information to SIAM with respect to sales volume of the Company for the month of July 2022,,,General updates,00:00:03,01082022202927,01-Aug-2022 20:29:30,-,False,,,5068311,Automobiles - 4 Wheelers,INE066A01013,Eicher Motors Limited,2022-08-01 20:29:27,EICHERMOT
01-Aug-2022 15:50:48,,https://nsearchives.nseindia.com/corporate/EICHERMOT_01082022155048_VECVJuly22salesUpdate1stAug22.pdf,"Monthly Business Updates for the Month July 2022 of VE Commercial Vehicles Limited, an unlisted material subsidiary of Eicher Motors Limited",,,General updates,00:00:04,01082022155048,01-Aug-2022 15:50:52,-,False,,,5067920,Automobiles - 4 Wheelers,INE066A01013,Eicher Motors Limited,2022-08-01 15:50:48,EICHERMOT
28-Jul-2022 18:17:42,,https://nsearchives.nseindia.com/corporate/EICHERMOT_28072022181742_Regulation_393_28072022.pdf,Eicher Motors Limited has informed the Exchange about Loss of share certificate,,,Loss of share certificate,00:00:04,28072022181742,28-Jul-2022 18:17:46,-,False,,,5065955,Automobiles - 4 Wheelers,INE066A01013,Eicher Motors Limited,2022-07-28 18:17:42,EICHERMOT
25-Jul-2022 18:21:00,,https://nsearchives.nseindia.com/corporate/EICHERMOT_25072022182100_NewspaperAdvertisement40thAnnualGeneralMeetingoftheCompany.pdf,Eicher Motors Limited has informed the Exchange about Newspaper Advertisements regarding 40th Annual General Meeting of the Company,,,Newspaper Advertisements,00:00:02,25072022182100,25-Jul-2022 18:21:02,-,False,,,5064001,Automobiles - 4 Wheelers,INE066A01013,Eicher Motors Limited,2022-07-25 18:21:00,EICHERMOT
21-Jul-2022 17:39:30,,https://nsearchives.nseindia.com/corporate/EICHERMOT_21072022173930_EMLIntimationofBookClosureandAGMtostockexchanges21072022.pdf,Eicher Motors Limited has informed the Exchange that Register of Members & Share Transfer Books of the Company will remain closed from 18-Aug-2022 to 24-Aug-2022 for the purpose of Dividend & Annual General Meeting.,,,Book Closure,00:00:02,21072022173930,21-Jul-2022 17:39:32,-,False,,,5062423,Automobiles - 4 Wheelers,INE066A01013,Eicher Motors Limited,2022-07-21 17:39:30,EICHERMOT
12-Jul-2022 17:51:18,,https://nsearchives.nseindia.com/corporate/EICHERMOT_12072022175118_ScheduleofMeetingwithAnalystsandInvestors12072022.pdf,Eicher Motors Limited has informed the Exchange about Schedule of Analysts/Institutional Investor Meet/Con. Call ,,,Schedule of Analysts/Institutional Investor Meet/Con. Call,00:00:04,12072022175118,12-Jul-2022 17:51:22,-,False,,,5058337,Automobiles - 4 Wheelers,INE066A01013,Eicher Motors Limited,2022-07-12 17:51:18,EICHERMOT
11-Jul-2022 18:53:54,,https://nsearchives.nseindia.com/corporate/EICHERMOT_11072022185354_Regulation_393_11072022.pdf,Eicher Motors Limited has informed the Exchange about Loss of share certificate,,,Loss of share certificate,00:00:01,11072022185354,11-Jul-2022 18:53:55,-,False,,,5057878,Automobiles - 4 Wheelers,INE066A01013,Eicher Motors Limited,2022-07-11 18:53:54,EICHERMOT
11-Jul-2022 14:49:12,,https://nsearchives.nseindia.com/corporate/EICHERMOT_11072022144912_ScheduleofMeetingwithAnalystsandInvestors1107202212.pdf,Eicher Motors Limited has informed the Exchange about Schedule of Analysts/Institutional Investor Meet/Con. Call ,,,Schedule of Analysts/Institutional Investor Meet/Con. Call,00:00:10,11072022144912,11-Jul-2022 14:49:22,-,False,,,5057586,Automobiles - 4 Wheelers,INE066A01013,Eicher Motors Limited,2022-07-11 14:49:12,EICHERMOT
05-Jul-2022 17:48:12,,https://nsearchives.nseindia.com/corporate/EICHERMOT_05072022174812_ScheduleofMeetingwithAnalystsandInvestors05072022.pdf,Eicher Motors Limited has informed the Exchange about Schedule of Analysts/Institutional Investor Meet/Con. Call ,,,Schedule of Analysts/Institutional Investor Meet/Con. Call,00:00:02,05072022174812,05-Jul-2022 17:48:14,-,False,,,5055374,Automobiles - 4 Wheelers,INE066A01013,Eicher Motors Limited,2022-07-05 17:48:12,EICHERMOT
02-Jul-2022 22:20:06,,https://nsearchives.nseindia.com/corporate/EICHERMOT_02072022222006_Regulation_393_02072022.pdf,Eicher Motors Limited has informed the Exchange about Loss of share certificate,,,Loss of share certificate,00:00:05,02072022222006,02-Jul-2022 22:20:11,-,False,,,5054638,Automobiles - 4 Wheelers,INE066A01013,Eicher Motors Limited,2022-07-02 22:20:06,EICHERMOT
01-Jul-2022 18:17:30,,https://nsearchives.nseindia.com/corporate/EICHERMOT_01072022181730_EMLMonthlyBusinessUpdate1stJuly2022.pdf,Eicher Motors Limited has informed the Exchange about Release of information to SIAM with respect to sales volume of the Company for the month of June 2022,,,General updates,00:00:03,01072022181730,01-Jul-2022 18:17:33,-,False,,,5054370,Automobiles - 4 Wheelers,INE066A01013,Eicher Motors Limited,2022-07-01 18:17:30,EICHERMOT
01-Jul-2022 11:38:57,,https://nsearchives.nseindia.com/corporate/EICHERMOT_01072022113857_VECVJun22salesUpdate1stJuly22.pdf,"Eicher Motors Limited has informed the Exchange about Monthly Business Updates for the Month June 2022 of VE Commercial Vehicles Limited, an unlisted material subsidiary of Eicher Motors Limited",,,General updates,00:00:04,01072022113857,01-Jul-2022 11:39:01,-,False,,,5054006,Automobiles - 4 Wheelers,INE066A01013,Eicher Motors Limited,2022-07-01 11:38:57,EICHERMOT
28-Jun-2022 10:17:48,,https://nsearchives.nseindia.com/corporate/EICHERMOT_28062022101748_Regulation_393_28062022.pdf,Eicher Motors Limited has informed the Exchange about Loss of share certificate,,,Loss of share certificate,00:00:04,28062022101748,28-Jun-2022 10:17:52,-,False,,,5051151,Automobiles - 4 Wheelers,INE066A01013,Eicher Motors Limited,2022-06-28 10:17:48,EICHERMOT
22-Jun-2022 17:33:35,,https://nsearchives.nseindia.com/corporate/EICHERMOT_22062022173335_EMLTradingWindowClosure01072022.pdf,Eicher Motors Limited has informed the Exchange about Closure of trading window,,,Closure of trading window,00:00:04,22062022173335,22-Jun-2022 17:33:39,-,False,,,5049386,Automobiles - 4 Wheelers,INE066A01013,Eicher Motors Limited,2022-06-22 17:33:35,EICHERMOT
21-Jun-2022 18:21:20,,https://nsearchives.nseindia.com/corporate/EICHERMOT_21062022182119_ScheduleofMeetingwithAnalystsandInvestors210620221.pdf,Eicher Motors Limited has informed the Exchange about Schedule of Analysts/Institutional Investor Meet/Con. Call ,,,Schedule of Analysts/Institutional Investor Meet/Con. Call,00:00:02,21062022182120,21-Jun-2022 18:21:22,-,False,,,5049112,Automobiles - 4 Wheelers,INE066A01013,Eicher Motors Limited,2022-06-21 18:21:20,EICHERMOT
21-Jun-2022 17:17:25,,https://nsearchives.nseindia.com/corporate/EICHERMOT_21062022171725_Regulation_393_21062022.pdf,Eicher Motors Limited has informed the Exchange about Loss of share certificate,,,Loss of share certificate,00:00:03,21062022171725,21-Jun-2022 17:17:28,-,False,,,5049051,Automobiles - 4 Wheelers,INE066A01013,Eicher Motors Limited,2022-06-21 17:17:25,EICHERMOT
20-Jun-2022 18:34:10,,https://nsearchives.nseindia.com/corporate/EICHERMOT_20062022183410_Regulation_393_20062022.pdf,Eicher Motors Limited has informed the Exchange about Loss of share certificate,,,Loss of share certificate,00:00:03,20062022183410,20-Jun-2022 18:34:13,-,False,,,5048770,Automobiles - 4 Wheelers,INE066A01013,Eicher Motors Limited,2022-06-20 18:34:10,EICHERMOT
15-Jun-2022 11:58:56,,https://nsearchives.nseindia.com/corporate/EICHERMOT_15062022115856_ScheduleofMeetingwithAnalystsandInvestors15062022.pdf,Eicher Motors Limited has informed the Exchange about Schedule of Analysts/Institutional Investor Meet/Con. Call ,,,Schedule of Analysts/Institutional Investor Meet/Con. Call,00:00:03,15062022115856,15-Jun-2022 11:58:59,-,False,,,5046557,Automobiles - 4 Wheelers,INE066A01013,Eicher Motors Limited,2022-06-15 11:58:56,EICHERMOT
10-Jun-2022 18:05:20,,https://nsearchives.nseindia.com/corporate/EICHERMOT_10062022180520_Regulation_393_10062022.pdf,Eicher Motors Limited has informed the Exchange about Loss of share certificate,,,Loss of share certificate,00:00:04,10062022180520,10-Jun-2022 18:05:24,-,False,,,5045220,Automobiles - 4 Wheelers,INE066A01013,Eicher Motors Limited,2022-06-10 18:05:20,EICHERMOT
09-Jun-2022 14:07:55,,https://nsearchives.nseindia.com/corporate/EICHERMOT_09062022140755_Regulation_393_09062022.pdf,Eicher Motors Limited has informed the Exchange about Loss of share certificate,,,Loss of share certificate,00:00:03,09062022140755,09-Jun-2022 14:07:58,-,False,,,5044582,Automobiles - 4 Wheelers,INE066A01013,Eicher Motors Limited,2022-06-09 14:07:55,EICHERMOT
08-Jun-2022 17:18:25,,https://nsearchives.nseindia.com/corporate/EICHERMOT_08062022171825_Regulation_393_08062022.pdf,Eicher Motors Limited has informed the Exchange about Loss of share certificate,,,Loss of share certificate,00:00:03,08062022171825,08-Jun-2022 17:18:28,-,False,,,5044262,Automobiles - 4 Wheelers,INE066A01013,Eicher Motors Limited,2022-06-08 17:18:25,EICHERMOT
06-Jun-2022 21:07:35,,https://nsearchives.nseindia.com/corporate/EICHERMOT_06062022210735_ScheduleofMeetingwithAnalystsandInvestors060620221.pdf,Eicher Motors Limited has informed the Exchange about Schedule of Analysts/Institutional Investor Meet/Con. Call ,,,Schedule of Analysts/Institutional Investor Meet/Con. Call,00:00:01,06062022210735,06-Jun-2022 21:07:36,-,False,,,5043512,Automobiles - 4 Wheelers,INE066A01013,Eicher Motors Limited,2022-06-06 21:07:35,EICHERMOT
03-Jun-2022 15:45:01,,https://nsearchives.nseindia.com/corporate/EICHERMOT_03062022154501_EICHERMOT_11979_reply.pdf,EICHERMOT : The Exchange has sought clarification from Eicher Motors Limited with respect to recent news item captioned SEBI penalises Eicher Motors for flouting rules in issuance of duplicate certificate case.  The response from the Company is attached.,,,News Verification,00:00:08,03062022154501,03-Jun-2022 15:45:09,-,False,,,5042536,Automobiles - 4 Wheelers,INE066A01013,Eicher Motors Limited,2022-06-03 15:45:01,EICHERMOT
02-Jun-2022 18:04:24,,-,EICHERMOT : The Exchange has sought clarification from Eicher Motors Limited with respect to recent news item captioned SEBI penalises Eicher Motors for flouting rules in issuance of duplicate certificate case.  The response from the Company is awaited.,,,News Verification,00:00:03,02062022180424,02-Jun-2022 18:04:27,-,False,,,5042243,Automobiles - 4 Wheelers,INE066A01013,Eicher Motors Limited,2022-06-02 18:04:24,EICHERMOT
01-Jun-2022 18:07:39,,https://nsearchives.nseindia.com/corporate/EICHERMOT_01062022180739_EMLMonthlyBusinessUpdate1stJune2022.pdf,Eicher Motors Limited has informed the Exchange about Release of information to SIAM with respect to sales volume of the Company for the month of May 2022,,,General updates,00:00:05,01062022180739,01-Jun-2022 18:07:44,-,False,,,5041752,Automobiles - 4 Wheelers,INE066A01013,Eicher Motors Limited,2022-06-01 18:07:39,EICHERMOT
01-Jun-2022 11:53:55,,https://nsearchives.nseindia.com/corporate/EICHERMOT_01062022115355_VECVMay22salesUpdate1stJun22.pdf,"Eicher Motors Limited has informed the Exchange about Monthly Business Updates for the Month May 2022 of VE Commercial Vehicles Limited, an unlisted material subsidiary of Eicher Motors Limited",,,General updates,00:00:04,01062022115355,01-Jun-2022 11:53:59,-,False,,,5041346,Automobiles - 4 Wheelers,INE066A01013,Eicher Motors Limited,2022-06-01 11:53:55,EICHERMOT
31-May-2022 11:10:41,,https://nsearchives.nseindia.com/corporate/EICHERMOT_31052022111040_ScheduleofMeetingwithAnalystsandInvestors310520221.pdf,Eicher Motors Limited has informed the Exchange about Schedule of Analysts/Institutional Investor Meet/Con. Call ,,,Schedule of Analysts/Institutional Investor Meet/Con. Call,00:00:06,31052022111041,31-May-2022 11:10:47,-,False,,,5040569,Automobiles - 4 Wheelers,INE066A01013,Eicher Motors Limited,2022-05-31 11:10:41,EICHERMOT
27-May-2022 21:53:36,,https://nsearchives.nseindia.com/corporate/EICHERMOT_27052022215335_EMLRPT31032022.pdf,Eicher Motors Limited has informed the Exchange about related party transaction for the period ended March 2022,,,Related Party Transaction,00:00:04,27052022215336,27-May-2022 21:53:40,-,False,,,5038273,Automobiles - 4 Wheelers,INE066A01013,Eicher Motors Limited,2022-05-27 21:53:36,EICHERMOT
26-May-2022 16:28:15,,https://nsearchives.nseindia.com/corporate/EICHERMOT_26052022162807_ScheduleofMeetingwithAnalystsandInvestor26052022.pdf,Eicher Motors Limited has informed the Exchange about Schedule of Analysts/Institutional Investor Meet/Con. Call ,,,Schedule of Analysts/Institutional Investor Meet/Con. Call,00:00:08,26052022162815,26-May-2022 16:28:23,-,False,,,5036682,Automobiles - 4 Wheelers,INE066A01013,Eicher Motors Limited,2022-05-26 16:28:15,EICHERMOT
24-May-2022 18:26:11,,https://nsearchives.nseindia.com/corporate/EICHERMOT_24052022182611_Regulation_393_24_05_2022.pdf,Eicher Motors Limited has informed the Exchange about Loss of share certificate,,,Loss of share certificate,00:00:11,24052022182611,24-May-2022 18:26:22,-,False,,,5035103,Automobiles - 4 Wheelers,INE066A01013,Eicher Motors Limited,2022-05-24 18:26:11,EICHERMOT
23-May-2022 09:57:03,,https://nsearchives.nseindia.com/corporate/EICHERMOT_23052022095659_ScheduleofMeetingwithAnalystsandInvestors230520222.pdf,Eicher Motors Limited has informed the Exchange about Schedule of Analysts/Institutional Investor Meet/Con. Call ,,,Schedule of Analysts/Institutional Investor Meet/Con. Call,00:00:09,23052022095703,23-May-2022 09:57:12,-,False,,,5033875,Automobiles - 4 Wheelers,INE066A01013,Eicher Motors Limited,2022-05-23 09:57:03,EICHERMOT
19-May-2022 17:48:23,,https://nsearchives.nseindia.com/corporate/EICHERMOT_19052022174820_EMLTranscriptofConferenceCall19052022.pdf,Eicher Motors Limited has informed the Exchange about Transcript of Analysts/Institutional Investor Meet/Con. Call ,,,Transcript of Analysts/Institutional Investor Meet/Con. Call,00:00:07,19052022174823,19-May-2022 17:48:30,-,False,,,5032273,Automobiles - 4 Wheelers,INE066A01013,Eicher Motors Limited,2022-05-19 17:48:23,EICHERMOT
16-May-2022 15:16:27,,https://nsearchives.nseindia.com/corporate/EICHERMOT_16052022151622_ScheduleofMeetingwithAnalystsandInvestors16052022.pdf,Eicher Motors Limited has informed the Exchange about Schedule of Analysts/Institutional Investor Meet/Con. Call ,,,Schedule of Analysts/Institutional Investor Meet/Con. Call,00:00:06,16052022151627,16-May-2022 15:16:33,-,False,,,5030107,Automobiles - 4 Wheelers,INE066A01013,Eicher Motors Limited,2022-05-16 15:16:27,EICHERMOT
14-May-2022 23:59:10,,https://nsearchives.nseindia.com/corporate/EICHERMOT_14052022235905_EMLAudiorecordingofconferencecall.pdf,Eicher Motors Limited has informed the Exchange about Recording of Analysts/Institutional Investor Meet/Con. Call,,,Recording of Analysts/Institutional Investor Meet/Con. Call,00:00:04,14052022235910,14-May-2022 23:59:14,-,False,,,5029789,Automobiles - 4 Wheelers,INE066A01013,Eicher Motors Limited,2022-05-14 23:59:10,EICHERMOT
13-May-2022 20:13:56,,https://nsearchives.nseindia.com/corporate/EICHERMOT_13052022201354_AllotmentofEquitySharesMay132022.pdf,Outcome of Board Meeting- Intimation of allotment of equity shares of the Company ,,,Issuance/changes in Capital-Others,00:00:09,13052022201356,13-May-2022 20:14:05,-,False,,,5029505,Automobiles - 4 Wheelers,INE066A01013,Eicher Motors Limited,2022-05-13 20:13:56,EICHERMOT
13-May-2022 20:09:48,,https://nsearchives.nseindia.com/corporate/EICHERMOT_13052022200947_EMLIntimationofRSUGrant13052022.pdf,Eicher Motors Limited has informed the Exchange about ESOP/ESPS/SBEB Scheme,,,ESOP/ESPS/SBEB Scheme,00:00:33,13052022200948,13-May-2022 20:10:21,-,False,,,5029504,Automobiles - 4 Wheelers,INE066A01013,Eicher Motors Limited,2022-05-13 20:09:48,EICHERMOT
13-May-2022 19:15:13,,https://nsearchives.nseindia.com/corporate/EICHERMOT_13052022191509_EMLReappointmentofStatutoryAuditors.pdf,"Eicher Motors Limited  has informed the Exchange about re-appointment of S.R. Batliboi & Co. LLP as Statutory Auditor of the company for second term of five years commencing from the conclusion of 40th Annual General Meeting (AGM) till the conclusion of the 45th AGM of the Company, subject to the approval of the shareholders at the ensuing 40th AGM of the Company.",,,Re-appointment,00:00:13,13052022191513,13-May-2022 19:15:26,-,False,,,5029476,Automobiles - 4 Wheelers,INE066A01013,Eicher Motors Limited,2022-05-13 19:15:13,EICHERMOT
13-May-2022 19:08:35,,https://nsearchives.nseindia.com/corporate/EICHERMOT_13052022190833_EMLConclusionofBM13052022.pdf,Eicher Motors Limited has informed the Exchange about Conclusion of Board meeting,,,Disclosure of other UPSI/material event,00:00:03,13052022190835,13-May-2022 19:08:38,-,False,,,5029468,Automobiles - 4 Wheelers,INE066A01013,Eicher Motors Limited,2022-05-13 19:08:35,EICHERMOT
13-May-2022 19:03:02,,https://nsearchives.nseindia.com/corporate/EICHERMOT_13052022190300_IntimationofInvestorPresentation13052022.pdf,Eicher Motors Limited has informed the Exchange about Investor Presentation,,,Investor Presentation,00:00:20,13052022190302,13-May-2022 19:03:22,-,False,,,5029446,Automobiles - 4 Wheelers,INE066A01013,Eicher Motors Limited,2022-05-13 19:03:02,EICHERMOT
13-May-2022 18:52:36,,https://nsearchives.nseindia.com/corporate/EICHERMOT_13052022185234_IntimationofOpeningofTradingWindow13052022.pdf,Eicher Motors Limited has informed the Exchange about Opening of Trading Window of Eicher Motors Limited,,,Disclosure of other UPSI/material event,00:00:02,13052022185236,13-May-2022 18:52:38,-,False,,,5029454,Automobiles - 4 Wheelers,INE066A01013,Eicher Motors Limited,2022-05-13 18:52:36,EICHERMOT
13-May-2022 18:33:15,,https://nsearchives.nseindia.com/corporate/EICHERMOT_13052022183314_EMLAppointmentofCEO13052022.pdf,Eicher Motors Limited has informed the Exchange about press release dated 13-May-2022 titled EICHER MOTORS LIMITED ANNOUNCES APPOINTMENT OF B GOVINDARAJAN AS CEO ROYAL ENFIELD,,,Press Release,00:00:01,13052022183315,13-May-2022 18:33:16,-,False,,,5029430,Automobiles - 4 Wheelers,INE066A01013,Eicher Motors Limited,2022-05-13 18:33:15,EICHERMOT
13-May-2022 18:30:32,,https://nsearchives.nseindia.com/corporate/EICHERMOT_13052022183027_IntimationofPressRelease13052022.pdf,"Eicher Motors Limited has informed the Exchange about press release dated 13-May-2022 titled Eicher Motors Limited announces financial results, registers highest ever revenue for the quarter and year ended March 31, 2022",,,Press Release,00:00:03,13052022183032,13-May-2022 18:30:35,-,False,,,5029405,Automobiles - 4 Wheelers,INE066A01013,Eicher Motors Limited,2022-05-13 18:30:32,EICHERMOT
13-May-2022 18:05:19,,https://nsearchives.nseindia.com/corporate/EICHERMOT_13052022180513_EicherFinancialresults31032022.pdf,Eicher Motors Limited has informed the Exchange about Final dividend at the rate of 21 per share has been approved by the Board,,,Dividend,00:00:07,13052022180519,13-May-2022 18:05:26,-,False,,,5029391,Automobiles - 4 Wheelers,INE066A01013,Eicher Motors Limited,2022-05-13 18:05:19,EICHERMOT
13-May-2022 18:02:42,,https://nsearchives.nseindia.com/corporate/EICHERMOT_13052022180242_EicherFinancialresults31032022.pdf,Eicher Motors Limited  has informed the Exchange about Board Meeting held on 13-May-2022 to consider financial statements for the period ended March 2022 and Dividend,,,Outcome of Board Meeting,00:00:07,13052022180242,13-May-2022 18:02:49,-,False,,,5029329,Automobiles - 4 Wheelers,INE066A01013,Eicher Motors Limited,2022-05-13 18:02:42,EICHERMOT
13-May-2022 18:02:41,,https://nsearchives.nseindia.com/corporate/EICHERMOT_13052022180212_EicherFinancialresults31032022.pdf,"Eicher Motors Limited has informed the Exchange that Board of Directors at its meeting held on 13-May-2022, declared Dividend of Rs. 21 per equity share.",,,Dividend,00:00:06,13052022180241,13-May-2022 18:02:47,-,False,,,5029371,Automobiles - 4 Wheelers,INE066A01013,Eicher Motors Limited,2022-05-13 18:02:41,EICHERMOT
13-May-2022 17:57:54,,https://nsearchives.nseindia.com/corporate/EicherFinancialresults31032022_13052022175754.pdf,"Eicher Motors Limited has submitted to the Exchange, the financial results for the period ended March 31, 2022.",,,Financial Result Updates,00:01:07,13052022175754,13-May-2022 17:59:01,-,False,,,148861,Automobiles - 4 Wheelers,INE066A01013,Eicher Motors Limited,2022-05-13 17:57:54,EICHERMOT
05-May-2022 23:42:02,,https://nsearchives.nseindia.com/corporate/EICHERMOT_05052022234157_InvestorCallIntimation1.pdf,Eicher Motors Limited has informed the Exchange about Schedule of Analysts/Institutional Investor Meet/Con. Call ,,,Schedule of Analysts/Institutional Investor Meet/Con. Call,00:00:05,05052022234202,05-May-2022 23:42:07,-,False,,,5025669,Automobiles - 4 Wheelers,INE066A01013,Eicher Motors Limited,2022-05-05 23:42:02,EICHERMOT
05-May-2022 18:24:30,,https://nsearchives.nseindia.com/corporate/EICHERMOT_05052022182425_Regulation_393_05_05_2022.pdf,Eicher Motors Limited has informed the Exchange about Loss of share certificate,,,Loss of share certificate,00:00:02,05052022182430,05-May-2022 18:24:32,-,False,,,5025546,Automobiles - 4 Wheelers,INE066A01013,Eicher Motors Limited,2022-05-05 18:24:30,EICHERMOT
01-May-2022 20:46:30,,https://nsearchives.nseindia.com/corporate/EICHERMOT_01052022204625_EMLMonthlyBusinessUpdateMay012022.pdf,Eicher Motors Limited has informed the Exchange about Disclosure of other UPSI/material event,,,Disclosure of other UPSI/material event,00:00:03,01052022204630,01-May-2022 20:46:33,-,False,,,5023949,Automobiles - 4 Wheelers,INE066A01013,Eicher Motors Limited,2022-05-01 20:46:30,EICHERMOT
01-May-2022 10:22:52,,https://nsearchives.nseindia.com/corporate/EICHERMOT_01052022102252_VECVApr22salesUpdate1stMay22.pdf,"Monthly Business Update for the month April 2022 of VE Commercial Vehicles Limited, an unlisted material subsidiary of Eicher Motors Limited",,,General updates,00:00:03,01052022102252,01-May-2022 10:22:55,-,False,,,5023916,Automobiles - 4 Wheelers,INE066A01013,Eicher Motors Limited,2022-05-01 10:22:52,EICHERMOT
12-Apr-2022 12:16:23,,https://nsearchives.nseindia.com/corporate/EICHERMOT_12042022121621_ScheduleofMeetingwithAnalystsandInvestors.pdf,Eicher Motors Limited has informed the Exchange about Schedule of Analysts/Institutional Investor Meet/Con. Call ,,,Schedule of Analysts/Institutional Investor Meet/Con. Call,00:00:04,12042022121623,12-Apr-2022 12:16:27,-,False,,,5017967,Automobiles - 4 Wheelers,INE066A01013,Eicher Motors Limited,2022-04-12 12:16:23,EICHERMOT
11-Apr-2022 17:28:23,,https://nsearchives.nseindia.com/corporate/EICHERMOT_11042022172821_Regulation_393_11_04_2022.pdf,Eicher Motors Limited has informed the Exchange about Loss of share certificate,,,Loss of share certificate,00:00:06,11042022172823,11-Apr-2022 17:28:29,-,False,,,5017675,Automobiles - 4 Wheelers,INE066A01013,Eicher Motors Limited,2022-04-11 17:28:23,EICHERMOT
09-Apr-2022 11:42:20,,https://nsearchives.nseindia.com/corporate/AN_O09042022114220.xlsx,Promoter/Promoter Group of Eicher Motors Limited has submitted a disclosure under Regulation 31(4) of SEBI Takeover Regulations for the year ended 31-Mar-2022,,,Disclosure under SEBI Takeover Regulations,00:00:02,09042022114220,09-Apr-2022 11:42:22,-,False,,,200008962,Automobiles - 4 Wheelers,INE066A01013,Eicher Motors Limited,2022-04-09 11:42:20,EICHERMOT
06-Apr-2022 16:33:42,,https://nsearchives.nseindia.com/corporate/EICHERMOT_06042022163341_Regulation_393_06_04_2022.pdf,Eicher Motors Limited has informed the Exchange about Loss of share certificate,,,Loss of share certificate,00:00:14,06042022163342,06-Apr-2022 16:33:56,-,False,,,5015795,Automobiles - 4 Wheelers,INE066A01013,Eicher Motors Limited,2022-04-06 16:33:42,EICHERMOT
06-Apr-2022 14:59:21,,https://nsearchives.nseindia.com/corporate/EICHERMOT_06042022145920_ScheduleofMeetingwithAnalystsandInvestors06042022.pdf,Eicher Motors Limited has informed the Exchange about Schedule of Analysts/Institutional Investor Meet/Con. Call ,,,Schedule of Analysts/Institutional Investor Meet/Con. Call,00:00:03,06042022145921,06-Apr-2022 14:59:24,-,False,,,5015685,Automobiles - 4 Wheelers,INE066A01013,Eicher Motors Limited,2022-04-06 14:59:21,EICHERMOT
01-Apr-2022 21:21:05,,https://nsearchives.nseindia.com/corporate/EICHERMOT_01042022212100_EMLMonthlyBusinessUpdate1stApril2022.pdf,Eicher Motors Limited has informed the Exchange about Release of information to SIAM with respect to sales volume of the Company for the month of March 2022,,,Disclosure of other UPSI/material event,00:00:06,01042022212105,01-Apr-2022 21:21:11,-,False,,,5014513,Automobiles - 4 Wheelers,INE066A01013,Eicher Motors Limited,2022-04-01 21:21:05,EICHERMOT
01-Apr-2022 16:52:40,,https://nsearchives.nseindia.com/corporate/EICHERMOT_01042022165239_Regulation_393_01_04_2022.pdf,Eicher Motors Limited has informed the Exchange about Loss of share certificate,,,Loss of share certificate,00:00:05,01042022165240,01-Apr-2022 16:52:45,-,False,,,5014343,Automobiles - 4 Wheelers,INE066A01013,Eicher Motors Limited,2022-04-01 16:52:40,EICHERMOT
01-Apr-2022 12:12:29,,https://nsearchives.nseindia.com/corporate/EICHERMOT_01042022121229_VECVMar22salesUpdate1stApr22.pdf,"Monthly Business Update for the month March 2022 of VE Commercial Vehicles Limited, an unlisted material subsidiary of Eicher Motors Limited",,,General updates,00:00:05,01042022121229,01-Apr-2022 12:12:34,-,False,,,5014102,Automobiles - 4 Wheelers,INE066A01013,Eicher Motors Limited,2022-04-01 12:12:29,EICHERMOT
31-Mar-2022 13:16:16,,https://nsearchives.nseindia.com/corporate/EICHERMOT_31032022131520_IntimationofAmendmentinPolicyforMaterialityofEvents.docx.pdf,"Eicher Motors Limited has informed the Exchange about Disclosure under Regulation 30(5) of the SEBI (LODR) Regulations, 2015",,,General updates,00:00:31,31032022131616,31-Mar-2022 13:16:47,-,False,,,5013122,Automobiles - 4 Wheelers,INE066A01013,Eicher Motors Limited,2022-03-31 13:16:16,EICHERMOT
29-Mar-2022 11:17:36,,https://nsearchives.nseindia.com/corporate/EICHERMOT_29032022111735_IntimationofScheduleofConferenceCalls_29032022.pdf,Eicher Motors Limited has informed the Exchange about Schedule of Analysts/Institutional Investor Meet/Con. Call ,,,Schedule of Analysts/Institutional Investor Meet/Con. Call,00:00:06,29032022111736,29-Mar-2022 11:17:42,-,False,,,5011533,Automobiles - 4 Wheelers,INE066A01013,Eicher Motors Limited,2022-03-29 11:17:36,EICHERMOT
24-Mar-2022 17:15:52,,https://nsearchives.nseindia.com/corporate/EICHERMOT_24032022171550_IntimationofClosingofTradingWindow24032022.pdf,Eicher Motors Limited has informed the Exchange about Closure of trading window,,,Closure of trading window,00:00:04,24032022171552,24-Mar-2022 17:15:56,-,False,,,5010349,Automobiles - 4 Wheelers,INE066A01013,Eicher Motors Limited,2022-03-24 17:15:52,EICHERMOT
23-Mar-2022 16:57:12,,https://nsearchives.nseindia.com/corporate/EICHERMOT_23032022165706_IntimationofScheduleofConferenceCalls23032022.pdf,Eicher Motors Limited has informed the Exchange about Schedule of Analysts/Institutional Investor Meet/Con. Call ,,,Schedule of Analysts/Institutional Investor Meet/Con. Call,00:00:08,23032022165712,23-Mar-2022 16:57:20,-,False,,,5010008,Automobiles - 4 Wheelers,INE066A01013,Eicher Motors Limited,2022-03-23 16:57:12,EICHERMOT
21-Mar-2022 18:40:05,,https://nsearchives.nseindia.com/corporate/EICHERMOT_21032022184005_EMLIntimationConferenceCalls21032022Signed.pdf,Eicher Motors Limited has informed the Exchange about Schedule of Analysts/Institutional Investor Meet/Con. Call ,,,Schedule of Analysts/Institutional Investor Meet/Con. Call,00:00:29,21032022184005,21-Mar-2022 18:40:34,-,False,,,5009278,Automobiles - 4 Wheelers,INE066A01013,Eicher Motors Limited,2022-03-21 18:40:05,EICHERMOT
11-Mar-2022 19:04:01,,https://nsearchives.nseindia.com/corporate/EICHERMOT_11032022190400_EMLCSResignation11032022.pdf,"Eicher Motors Limited  has informed the Exchange about resignation of Manhar Kapoor as Company Secretary of the company w.e.f. close of the working hours of March 11, 2022",,,Resignation,00:00:14,11032022190401,11-Mar-2022 19:04:15,-,False,,,5007351,Automobiles - 4 Wheelers,INE066A01013,Eicher Motors Limited,2022-03-11 19:04:01,EICHERMOT
10-Mar-2022 18:05:52,,https://nsearchives.nseindia.com/corporate/EICHERMOT_10032022180546_Regulation_393_10_03_2022.pdf,Eicher Motors Limited has informed the Exchange about Loss of share certificate,,,Loss of share certificate,00:00:05,10032022180552,10-Mar-2022 18:05:57,-,False,,,5006996,Automobiles - 4 Wheelers,INE066A01013,Eicher Motors Limited,2022-03-10 18:05:52,EICHERMOT
10-Mar-2022 14:18:04,,https://nsearchives.nseindia.com/corporate/EICHERMOT_10032022141756_ScheduleofMeetingwithAnalystsandInvestors10032022.pdf,Eicher Motors Limited has informed the Exchange about Schedule of Analysts/Institutional Investor Meet/Con. Call ,,,Schedule of Analysts/Institutional Investor Meet/Con. Call,00:00:11,10032022141804,10-Mar-2022 14:18:15,-,False,,,5006854,Automobiles - 4 Wheelers,INE066A01013,Eicher Motors Limited,2022-03-10 14:18:04,EICHERMOT
09-Mar-2022 16:56:31,,https://nsearchives.nseindia.com/corporate/EICHERMOT_09032022165628_Regulation_393_09_03_2022.pdf,Eicher Motors Limited has informed the Exchange about Loss of share certificate,,,Loss of share certificate,00:00:17,09032022165631,09-Mar-2022 16:56:48,-,False,,,5006643,Automobiles - 4 Wheelers,INE066A01013,Eicher Motors Limited,2022-03-09 16:56:31,EICHERMOT
07-Mar-2022 15:43:46,,https://nsearchives.nseindia.com/corporate/EICHERMOT_07032022154345_ScheduleofMeetingwithAnalystsandInvestors07032022Signed.pdf,Eicher Motors Limited has informed the Exchange about Schedule of Analysts/Institutional Investor Meet/Con. Call ,,,Schedule of Analysts/Institutional Investor Meet/Con. Call,00:00:08,07032022154346,07-Mar-2022 15:43:54,-,False,,,5006027,Automobiles - 4 Wheelers,INE066A01013,Eicher Motors Limited,2022-03-07 15:43:46,EICHERMOT
02-Mar-2022 18:33:06,,https://nsearchives.nseindia.com/corporate/EICHERMOT_02032022183303_Regulation_393_02_03_2022.pdf,Eicher Motors Limited has informed the Exchange about Loss of share certificate,,,Loss of share certificate,00:00:09,02032022183306,02-Mar-2022 18:33:15,-,False,,,5004437,Automobiles - 4 Wheelers,INE066A01013,Eicher Motors Limited,2022-03-02 18:33:06,EICHERMOT
02-Mar-2022 17:33:40,,https://nsearchives.nseindia.com/corporate/EICHERMOT_02032022173337_ScheduleofMeetingwithAnalystsandInvestors02032022.pdf,Eicher Motors Limited has informed the Exchange about Schedule of Analysts/Institutional Investor Meet/Con. Call ,,,Schedule of Analysts/Institutional Investor Meet/Con. Call,00:00:06,02032022173340,02-Mar-2022 17:33:46,-,False,,,5004373,Automobiles - 4 Wheelers,INE066A01013,Eicher Motors Limited,2022-03-02 17:33:40,EICHERMOT
01-Mar-2022 18:11:40,,https://nsearchives.nseindia.com/corporate/EICHERMOT_01032022181136_EMLMonthlyBusinessUpdate1stMarch2022.pdf,Eicher Motors Limited has informed the Exchange about Release of information to SIAM with respect to sales volume of Eicher Motors Limited for the month of February 2022,,,General updates,00:00:03,01032022181140,01-Mar-2022 18:11:43,-,False,,,5004107,Automobiles - 4 Wheelers,INE066A01013,Eicher Motors Limited,2022-03-01 18:11:40,EICHERMOT
01-Mar-2022 17:20:35,,https://nsearchives.nseindia.com/corporate/EICHERMOT_01032022172030_ScheduleofMeetingwithAnalystsandInvestors01032022Signed.pdf,Eicher Motors Limited has informed the Exchange about Schedule of Analysts/Institutional Investor Meet/Con. Call ,,,Schedule of Analysts/Institutional Investor Meet/Con. Call,00:00:04,01032022172035,01-Mar-2022 17:20:39,-,False,,,5004102,Automobiles - 4 Wheelers,INE066A01013,Eicher Motors Limited,2022-03-01 17:20:35,EICHERMOT
01-Mar-2022 10:59:15,,https://nsearchives.nseindia.com/corporate/EICHERMOT_01032022105911_VECVFeb22salesUpdate1stMar22.pdf,Eicher Motors Limited has informed the Exchange about Release of Information with respect to sales volume of VE Commercial Vehicles Limited for the month of February 2022 released to SIAM. ,,,General updates,00:00:05,01032022105915,01-Mar-2022 10:59:20,-,False,,,5003920,Automobiles - 4 Wheelers,INE066A01013,Eicher Motors Limited,2022-03-01 10:59:15,EICHERMOT
24-Feb-2022 15:25:17,,https://nsearchives.nseindia.com/corporate/EICHERMOT_24022022152517_ScheduleofMeetingwithAnalystsandInvestors24022022Signed.pdf,Eicher Motors Limited has informed the Exchange about Schedule of Conference Calls,,,Schedule of Analysts/Institutional Investor Meet/Con. Call,00:00:24,24022022152517,24-Feb-2022 15:25:41,-,False,,,5002866,Automobiles - 4 Wheelers,INE066A01013,Eicher Motors Limited,2022-02-24 15:25:17,EICHERMOT
21-Feb-2022 18:21:12,,"https://nsearchives.nseindia.com/corporate/EICHERMOT_21022022182112_ScheduleofMeetingwithAnalystsandInvestorsFebruary21,2022.pdf",Eicher Motors Limited has informed the Exchange about Schedule of Conference Calls,,,Schedule of Analysts/Institutional Investor Meet/Con. Call,00:00:04,21022022182112,21-Feb-2022 18:21:16,-,False,,,5001871,Automobiles - 4 Wheelers,INE066A01013,Eicher Motors Limited,2022-02-21 18:21:12,EICHERMOT
18-Feb-2022 18:01:38,,https://nsearchives.nseindia.com/corporate/EICHERMOT_18022022180138_ScheduleofMeetingwithAnalystsandInvestors18022022.pdf,Eicher Motors Limited has informed the Exchange about Schedule of meet,,,Analysts/Institutional Investor Meet/Con. Call Updates,00:00:09,18022022180138,18-Feb-2022 18:01:47,-,False,,,105246742,Automobiles - 4 Wheelers,INE066A01013,Eicher Motors Limited,2022-02-18 18:01:38,EICHERMOT
18-Feb-2022 18:00:35,,https://nsearchives.nseindia.com/corporate/EICHERMOT_18022022180035_ScheduleofMeetingwithAnalystsandInvestors18022022.pdf,Eicher Motors Limited has informed the Exchange about Schedule of meet,,,Analysts/Institutional Investor Meet/Con. Call Updates,00:00:15,18022022180035,18-Feb-2022 18:00:50,-,False,,,105246741,Automobiles - 4 Wheelers,INE066A01013,Eicher Motors Limited,2022-02-18 18:00:35,EICHERMOT
15-Feb-2022 18:59:45,,https://nsearchives.nseindia.com/corporate/EICHERMOT_15022022185945_ScheduleofMeetingwithAnalystsandInvestors15022022.pdf,Eicher Motors Limited has informed the Exchange about Schedule of meet,,,Analysts/Institutional Investor Meet/Con. Call Updates,00:00:09,15022022185945,15-Feb-2022 18:59:54,-,False,,,105242647,Automobiles - 4 Wheelers,INE066A01013,Eicher Motors Limited,2022-02-15 18:59:45,EICHERMOT
14-Feb-2022 19:23:50,,https://nsearchives.nseindia.com/corporate/EICHERMOT_14022022192350_EMLOpeningofTradingWindowFebruary2022.pdf,Eicher Motors Limited has informed the Exchange regarding 'Intimation of Opening ofTrading Window of Eicher Motors Limited'.,,,Updates,00:00:18,14022022192350,14-Feb-2022 19:24:08,-,False,,,105241096,Automobiles - 4 Wheelers,INE066A01013,Eicher Motors Limited,2022-02-14 19:23:50,EICHERMOT
14-Feb-2022 19:19:55,,https://nsearchives.nseindia.com/corporate/EICHERMOT_14022022191955_EMLAllotmentofSharesFebruary2022.pdf,"Eicher Motors Limited has informed the Exchange regarding allotment of 12080 securities pursuant to ESOP/ESPS at its meeting held on February 14, 2022",,,Allotment of Securities,00:00:17,14022022191955,14-Feb-2022 19:20:12,-,False,,,105241089,Automobiles - 4 Wheelers,INE066A01013,Eicher Motors Limited,2022-02-14 19:19:55,EICHERMOT
14-Feb-2022 18:44:10,,https://nsearchives.nseindia.com/corporate/EICHERMOT_14022022184409_EMLInvestorPresentationFebruary2022.pdf,Eicher Motors Limited has informed the Exchange about Investor Presentation,,,Investor Presentation,00:00:12,14022022184410,14-Feb-2022 18:44:22,-,False,,,105241038,Automobiles - 4 Wheelers,INE066A01013,Eicher Motors Limited,2022-02-14 18:44:10,EICHERMOT
14-Feb-2022 18:35:22,,https://nsearchives.nseindia.com/corporate/EICHERMOT_14022022183522_EMLConclusionofBoardmeeting.pdf,Eicher Motors Limited has informed the Exchange regarding 'Conclusion of Board meeting'.,,,Updates,00:00:05,14022022183522,14-Feb-2022 18:35:27,-,False,,,105241017,Automobiles - 4 Wheelers,INE066A01013,Eicher Motors Limited,2022-02-14 18:35:22,EICHERMOT
14-Feb-2022 18:23:24,,https://nsearchives.nseindia.com/corporate/EICHERMOT_14022022182324_EMLPressReleaseIntimationFebruary2022.pdf,"Eicher Motors Limited has informed the Exchange regarding a press release dated February 14, 2022, titled ""Eicher Motors Limited announces financial results for the quarter ended December 31, 2021"".",,,Press Release,00:00:14,14022022182324,14-Feb-2022 18:23:38,-,False,,,105240993,Automobiles - 4 Wheelers,INE066A01013,Eicher Motors Limited,2022-02-14 18:23:24,EICHERMOT
14-Feb-2022 18:15:18,,https://nsearchives.nseindia.com/corporate/EICHERMOT_14022022181518_EMLFinancialResults31122021.pdf,"Eicher Motors Limited has informed the Exchange regarding  Board meeting held on February 14, 2022.",,,Outcome of Board Meeting,00:00:11,14022022181518,14-Feb-2022 18:15:29,-,False,,,105240980,Automobiles - 4 Wheelers,INE066A01013,Eicher Motors Limited,2022-02-14 18:15:18,EICHERMOT
14-Feb-2022 18:10:53,,https://nsearchives.nseindia.com/corporate/EMLFinancialResults31122021_14022022181053.pdf,"Eicher Motors Limited has submitted to the Exchange, the financial results for the period ended December 31, 2021.",,,Financial Result Updates,00:01:16,14022022181053,14-Feb-2022 18:12:09,-,False,,,148139,Automobiles - 4 Wheelers,INE066A01013,Eicher Motors Limited,2022-02-14 18:10:53,EICHERMOT
09-Feb-2022 16:24:11,,https://nsearchives.nseindia.com/corporate/EICHERMOT_09022022162411_Regulation_39_3__09_02_2022.pdf,Eicher Motors Limited has informed the Exchange about Loss of Share Certificates,,,Loss of Share Certificates,00:00:06,09022022162411,09-Feb-2022 16:24:17,-,False,,,105234871,Automobiles - 4 Wheelers,INE066A01013,Eicher Motors Limited,2022-02-09 16:24:11,EICHERMOT
07-Feb-2022 17:52:36,,https://nsearchives.nseindia.com/corporate/EICHERMOT_07022022175236_Regulation_39_3__07_02_2022.pdf,Eicher Motors Limited has informed the Exchange about Loss of Share Certificates,,,Loss of Share Certificates,00:00:06,07022022175236,07-Feb-2022 17:52:42,-,False,,,105232106,Automobiles - 4 Wheelers,INE066A01013,Eicher Motors Limited,2022-02-07 17:52:36,EICHERMOT
07-Feb-2022 14:30:48,,https://nsearchives.nseindia.com/corporate/EICHERMOT_07022022143048_EMLIntimationsconferencecall14022022Signed.pdf,Eicher Motors Limited has informed the Exchange about Schedule of meet,,,Analysts/Institutional Investor Meet/Con. Call Updates,00:00:06,07022022143048,07-Feb-2022 14:30:54,-,False,,,105231878,Automobiles - 4 Wheelers,INE066A01013,Eicher Motors Limited,2022-02-07 14:30:48,EICHERMOT
05-Feb-2022 19:11:59,,https://nsearchives.nseindia.com/corporate/EICHERMOT_05022022191159_EMLStxIntimationLettertoShareholders05022022.pdf,Eicher Motors Limited has informed the Exchange regarding 'Intimation to Shareholders holding Shares in Physical Mode'.,,,Updates,00:00:08,05022022191159,05-Feb-2022 19:12:07,-,False,,,105231185,Automobiles - 4 Wheelers,INE066A01013,Eicher Motors Limited,2022-02-05 19:11:59,EICHERMOT
03-Feb-2022 15:42:15,,https://nsearchives.nseindia.com/corporate/EICHERMOT_03022022154214_ScheduleofMeetingwithAnalystsandInvestors03022022.pdf,Eicher Motors Limited has informed the Exchange about Schedule of meet,,,Analysts/Institutional Investor Meet/Con. Call Updates,00:00:03,03022022154215,03-Feb-2022 15:42:18,-,False,,,105228153,Automobiles - 4 Wheelers,INE066A01013,Eicher Motors Limited,2022-02-03 15:42:15,EICHERMOT
01-Feb-2022 17:15:00,,https://nsearchives.nseindia.com/corporate/EICHERMOT_01022022171500_EMLMonthlyBusinessUpdate1stFebruary2022.pdf,Eicher Motors Limited has informed the Exchange regarding Monthly Business Updates for the month of January 2022,,,Monthly Business Updates,00:00:09,01022022171500,01-Feb-2022 17:15:09,-,False,,,105225021,Automobiles - 4 Wheelers,INE066A01013,Eicher Motors Limited,2022-02-01 17:15:00,EICHERMOT
01-Feb-2022 15:02:19,,https://nsearchives.nseindia.com/corporate/EICHERMOT_01022022150219_VECVJan22salesUpdate1stFeb22.pdf,Eicher Motors Limited has informed the Exchange regarding Monthly Business Updates for the month of January 2022,,,Monthly Business Updates,00:00:20,01022022150219,01-Feb-2022 15:02:39,-,False,,,105224876,Automobiles - 4 Wheelers,INE066A01013,Eicher Motors Limited,2022-02-01 15:02:19,EICHERMOT
01-Feb-2022 11:21:00,,https://nsearchives.nseindia.com/corporate/EICHERMOT_01022022112100_VECVJan22SalesUpdate1stFeb22.pdf,Eicher Motors Limited has informed the Exchange regarding Monthly Business Updates for the month of January 2022,,,Monthly Business Updates,00:00:06,01022022112100,01-Feb-2022 11:21:06,-,False,,,105224652,Automobiles - 4 Wheelers,INE066A01013,Eicher Motors Limited,2022-02-01 11:21:00,EICHERMOT
31-Jan-2022 15:41:29,,https://nsearchives.nseindia.com/corporate/EICHERMOT_31012022154129_Regulation_39_3__31_01_2022.pdf,Eicher Motors Limited has informed the Exchange about Loss of Share Certificates,,,Loss of Share Certificates,00:00:12,31012022154129,31-Jan-2022 15:41:41,-,False,,,105223182,Automobiles - 4 Wheelers,INE066A01013,Eicher Motors Limited,2022-01-31 15:41:29,EICHERMOT
22-Jan-2022 17:36:22,,https://nsearchives.nseindia.com/corporate/EICHERMOT_22012022173622_EMLIEPFPublicNotice22012022.pdf,Eicher Motors Limited has informed the Exchange about Copy of Newspaper Publication,,,Copy of Newspaper Publication,00:00:10,22012022173622,22-Jan-2022 17:36:32,-,False,,,105215377,Automobiles - 4 Wheelers,INE066A01013,Eicher Motors Limited,2022-01-22 17:36:22,EICHERMOT
19-Jan-2022 21:55:06,,https://nsearchives.nseindia.com/corporate/EICHERMOT_19012022215506_Regulation_39_3__19_01_2022.pdf,Eicher Motors Limited has informed the Exchange about Loss of Share Certificates,,,Loss of Share Certificates,00:00:11,19012022215506,19-Jan-2022 21:55:17,-,False,,,105211728,Automobiles - 4 Wheelers,INE066A01013,Eicher Motors Limited,2022-01-19 21:55:06,EICHERMOT
01-Jan-2022 17:29:08,,https://nsearchives.nseindia.com/corporate/EICHERMOT_01012022172908_EMLMonthlyBusinessUpdate1stJanuary2022Signed.pdf,Eicher Motors Limited has informed the Exchange regarding Monthly Business Updates for the month of December 2021,,,Monthly Business Updates,00:00:05,01012022172908,01-Jan-2022 17:29:13,-,False,,,105192715,Automobiles - 4 Wheelers,INE066A01013,Eicher Motors Limited,2022-01-01 17:29:08,EICHERMOT
01-Jan-2022 11:53:07,,https://nsearchives.nseindia.com/corporate/EICHERMOT_01012022115307_VECVDec21SalesUpdate1stJan22.pdf,Eicher Motors Limited has informed the Exchange regarding Monthly Business Updates for the month of December 2021,,,Monthly Business Updates,00:00:06,01012022115307,01-Jan-2022 11:53:13,-,False,,,105192620,Automobiles - 4 Wheelers,INE066A01013,Eicher Motors Limited,2022-01-01 11:53:07,EICHERMOT
27-Dec-2021 18:30:44,,https://nsearchives.nseindia.com/corporate/EICHERMOT_27122021183043_Regulation_39_3__27_12_2021.pdf,Eicher Motors Limited has informed the Exchange about Loss of Share Certificates,,,Loss of Share Certificates,00:00:05,27122021183044,27-Dec-2021 18:30:49,-,False,,,105185610,Automobiles - 4 Wheelers,INE066A01013,Eicher Motors Limited,2021-12-27 18:30:44,EICHERMOT
24-Dec-2021 10:48:36,,https://nsearchives.nseindia.com/corporate/EICHERMOT_24122021104836_ClosureofTradingWindowJanuary012022.pdf,"Eicher Motors Limited has informed the Exchange regarding the Trading Window closure pursuant to SEBI (Prohibition of Insider Trading) Regulations, 2015",,,Trading Window,00:00:09,24122021104836,24-Dec-2021 10:48:45,-,False,,,105183917,Automobiles - 4 Wheelers,INE066A01013,Eicher Motors Limited,2021-12-24 10:48:36,EICHERMOT
22-Dec-2021 13:19:19,,https://nsearchives.nseindia.com/corporate/EICHERMOT_22122021131919_ScheduleofMeetingwithAnalystsandInvestors22122021.pdf,Eicher Motors Limited has informed the Exchange about Schedule of meet,,,Analysts/Institutional Investor Meet/Con. Call Updates,00:00:04,22122021131919,22-Dec-2021 13:19:23,-,False,,,105181340,Automobiles - 4 Wheelers,INE066A01013,Eicher Motors Limited,2021-12-22 13:19:19,EICHERMOT
22-Dec-2021 13:17:59,,https://nsearchives.nseindia.com/corporate/EICHERMOT_22122021131759_ScheduleofMeetingwithAnalystsandInvestors22122021.pdf,Eicher Motors Limited has informed the Exchange about Schedule of meet,,,Analysts/Institutional Investor Meet/Con. Call Updates,00:00:16,22122021131759,22-Dec-2021 13:18:15,-,False,,,105181338,Automobiles - 4 Wheelers,INE066A01013,Eicher Motors Limited,2021-12-22 13:17:59,EICHERMOT
17-Dec-2021 16:08:14,,https://nsearchives.nseindia.com/corporate/EICHERMOT_17122021160814_Regulation_39_3__17_12_2021.pdf,Eicher Motors Limited has informed the Exchange about Loss of Share Certificates,,,Loss of Share Certificates,00:00:06,17122021160814,17-Dec-2021 16:08:20,-,False,,,105177166,Automobiles - 4 Wheelers,INE066A01013,Eicher Motors Limited,2021-12-17 16:08:14,EICHERMOT
08-Dec-2021 14:39:06,,https://nsearchives.nseindia.com/corporate/EICHERMOT_08122021143906_ScheduleofMeetingwithAnalystsandInvestors08122021.pdf,Eicher Motors Limited has informed the Exchange about Schedule of meet,,,Analysts/Institutional Investor Meet/Con. Call Updates,00:00:04,08122021143906,08-Dec-2021 14:39:10,-,False,,,105167597,Automobiles - 4 Wheelers,INE066A01013,Eicher Motors Limited,2021-12-08 14:39:06,EICHERMOT
06-Dec-2021 17:46:50,,https://nsearchives.nseindia.com/corporate/EICHERMOT_06122021174650_ScheduleofMeetingwithAnalystsandInvestors06122021.pdf,Eicher Motors Limited has informed the Exchange about Schedule of meet,,,Analysts/Institutional Investor Meet/Con. Call Updates,00:00:05,06122021174650,06-Dec-2021 17:46:55,-,False,,,105164776,Automobiles - 4 Wheelers,INE066A01013,Eicher Motors Limited,2021-12-06 17:46:50,EICHERMOT
06-Dec-2021 17:45:01,,https://nsearchives.nseindia.com/corporate/EICHERMOT_06122021174501_ScheduleofMeetingwithAnalystsandInvestors06122021.pdf,Eicher Motors Limited has informed the Exchange about Schedule of meet,,,Analysts/Institutional Investor Meet/Con. Call Updates,00:00:07,06122021174501,06-Dec-2021 17:45:08,-,False,,,105164772,Automobiles - 4 Wheelers,INE066A01013,Eicher Motors Limited,2021-12-06 17:45:01,EICHERMOT
02-Dec-2021 22:15:42,,https://nsearchives.nseindia.com/corporate/EICHERMOT_02122021221542_EMLConsolRPTvignesh30092021.pdf,"Eicher Motors Limited has informed the Exchange about related Party Transactions pursuant to Regulation 23(9) of the SEBI (Listing Obligations and Disclosure Requirements) Regulations, 2015 for the half year ended September 30, 2021",,,Related Party Transactions,00:00:04,02122021221542,02-Dec-2021 22:15:46,-,False,,,105161998,Automobiles - 4 Wheelers,INE066A01013,Eicher Motors Limited,2021-12-02 22:15:42,EICHERMOT
02-Dec-2021 15:52:51,,https://nsearchives.nseindia.com/corporate/EICHERMOT_02122021155251_Regulation_39_3__02_12_2021.pdf,Eicher Motors Limited has informed the Exchange about Loss of Share Certificates,,,Loss of Share Certificates,00:00:05,02122021155251,02-Dec-2021 15:52:56,-,False,,,105161845,Automobiles - 4 Wheelers,INE066A01013,Eicher Motors Limited,2021-12-02 15:52:51,EICHERMOT
02-Dec-2021 13:06:40,,https://nsearchives.nseindia.com/corporate/EICHERMOT_02122021130640_ScheduleofMeetingwithAnalystsandInvestors03122021.pdf,Eicher Motors Limited has informed the Exchange about Schedule of meet,,,Analysts/Institutional Investor Meet/Con. Call Updates,00:00:07,02122021130640,02-Dec-2021 13:06:47,-,False,,,105161756,Automobiles - 4 Wheelers,INE066A01013,Eicher Motors Limited,2021-12-02 13:06:40,EICHERMOT
01-Dec-2021 16:23:50,,https://nsearchives.nseindia.com/corporate/EICHERMOT_01122021162350_EMLMonthlyBusinessUpdateDecember012021Signed.pdf,Eicher Motors Limited has informed the Exchange regarding Monthly Business Updates for the month of November 2021,,,Monthly Business Updates,00:00:05,01122021162350,01-Dec-2021 16:23:55,-,False,,,105160380,Automobiles - 4 Wheelers,INE066A01013,Eicher Motors Limited,2021-12-01 16:23:50,EICHERMOT
01-Dec-2021 12:40:59,,https://nsearchives.nseindia.com/corporate/EICHERMOT_01122021124059_VECVNov21SalesUpdate1stDec21.pdf,Eicher Motors Limited has informed the Exchange regarding Monthly Business Updates for the month of November 2021,,,Monthly Business Updates,00:00:08,01122021124059,01-Dec-2021 12:41:07,-,False,,,105160260,Automobiles - 4 Wheelers,INE066A01013,Eicher Motors Limited,2021-12-01 12:40:59,EICHERMOT
29-Nov-2021 13:52:37,,https://nsearchives.nseindia.com/corporate/EICHERMOT_29112021135237_ScheduleofMeetingwithAnalystsandInvestors29112021.pdf,Eicher Motors Limited has informed the Exchange about Schedule of meet,,,Analysts/Institutional Investor Meet/Con. Call Updates,00:00:03,29112021135237,29-Nov-2021 13:52:40,-,False,,,105157459,Automobiles - 4 Wheelers,INE066A01013,Eicher Motors Limited,2021-11-29 13:52:37,EICHERMOT
25-Nov-2021 11:50:35,,https://nsearchives.nseindia.com/corporate/EICHERMOT_25112021115035_EMLPressRelease25112021.pdf,"Eicher Motors Limited has informed the Exchange regarding a press release dated November 25, 2021, titled ""Regulation 30 of the SEBI (LODR) Regulations, 2015   Press Release"".",,,Press Release,00:00:06,25112021115035,25-Nov-2021 11:50:41,-,False,,,105154486,Automobiles - 4 Wheelers,INE066A01013,Eicher Motors Limited,2021-11-25 11:50:35,EICHERMOT
24-Nov-2021 15:45:30,,https://nsearchives.nseindia.com/corporate/EICHERMOT_24112021154529_Regulation_39_3__24_11_2021.pdf,Eicher Motors Limited has informed the Exchange about Loss of Share Certificates,,,Loss of Share Certificates,00:00:04,24112021154530,24-Nov-2021 15:45:34,-,False,,,105153281,Automobiles - 4 Wheelers,INE066A01013,Eicher Motors Limited,2021-11-24 15:45:30,EICHERMOT
19-Nov-2021 15:53:27,,https://nsearchives.nseindia.com/corporate/EICHERMOT_19112021155327_ScheduleofMeetingwithAnalystsandInvestors19112021.pdf,Eicher Motors Limited has informed the Exchange about Schedule of meet,,,Analysts/Institutional Investor Meet/Con. Call Updates,00:00:05,19112021155327,19-Nov-2021 15:53:32,-,False,,,105149468,Automobiles - 4 Wheelers,INE066A01013,Eicher Motors Limited,2021-11-19 15:53:27,EICHERMOT
19-Nov-2021 15:51:25,,https://nsearchives.nseindia.com/corporate/EICHERMOT_19112021155125_ScheduleofMeetingwithAnalystsandInvestors19112021.pdf,Eicher Motors Limited has informed the Exchange about Schedule of meet,,,Analysts/Institutional Investor Meet/Con. Call Updates,00:00:06,19112021155125,19-Nov-2021 15:51:31,-,False,,,105149466,Automobiles - 4 Wheelers,INE066A01013,Eicher Motors Limited,2021-11-19 15:51:25,EICHERMOT
19-Nov-2021 15:50:01,,https://nsearchives.nseindia.com/corporate/EICHERMOT_19112021155001_ScheduleofMeetingwithAnalystsandInvestors19112021.pdf,Eicher Motors Limited has informed the Exchange about Schedule of meet,,,Analysts/Institutional Investor Meet/Con. Call Updates,00:00:13,19112021155001,19-Nov-2021 15:50:14,-,False,,,105149464,Automobiles - 4 Wheelers,INE066A01013,Eicher Motors Limited,2021-11-19 15:50:01,EICHERMOT
16-Nov-2021 15:46:14,,https://nsearchives.nseindia.com/corporate/EICHERMOT_16112021154614_EMLfeaturesonDJSI2021Pressrelease161121.pdf,"Eicher Motors Limited has informed the Exchange regarding a press release dated November 16, 2021, titled ""Regulation 30 of the SEBI (LODR) Regulations, 2015   Press Release"".",,,Press Release,00:00:08,16112021154614,16-Nov-2021 15:46:22,-,False,,,105145679,Automobiles - 4 Wheelers,INE066A01013,Eicher Motors Limited,2021-11-16 15:46:14,EICHERMOT
15-Nov-2021 19:41:15,,https://nsearchives.nseindia.com/corporate/EICHERMOT_15112021194115_ScheduleofMeetingwithAnalystsandInvestors15112021.pdf,Eicher Motors Limited has informed the Exchange about Schedule of meet,,,Analysts/Institutional Investor Meet/Con. Call Updates,00:00:05,15112021194115,15-Nov-2021 19:41:20,-,False,,,105144388,Automobiles - 4 Wheelers,INE066A01013,Eicher Motors Limited,2021-11-15 19:41:15,EICHERMOT
15-Nov-2021 19:40:05,,https://nsearchives.nseindia.com/corporate/EICHERMOT_15112021194005_ScheduleofMeetingwithAnalystsandInvestors15112021.pdf,Eicher Motors Limited has informed the Exchange about Schedule of meet,,,Analysts/Institutional Investor Meet/Con. Call Updates,00:00:37,15112021194005,15-Nov-2021 19:40:42,-,False,,,105144387,Automobiles - 4 Wheelers,INE066A01013,Eicher Motors Limited,2021-11-15 19:40:05,EICHERMOT
15-Nov-2021 19:38:38,,https://nsearchives.nseindia.com/corporate/EICHERMOT_15112021193838_ScheduleofMeetingwithAnalystsandInvestors15112021.pdf,Eicher Motors Limited has informed the Exchange about Schedule of meet,,,Analysts/Institutional Investor Meet/Con. Call Updates,00:00:04,15112021193838,15-Nov-2021 19:38:42,-,False,,,105144385,Automobiles - 4 Wheelers,INE066A01013,Eicher Motors Limited,2021-11-15 19:38:38,EICHERMOT
09-Nov-2021 17:38:16,,https://nsearchives.nseindia.com/corporate/EICHERMOT_09112021173816_Regulation_39_3__09_11_2021.pdf,Eicher Motors Limited has informed the Exchange about Loss of Share Certificates,,,Loss of Share Certificates,00:00:04,09112021173816,09-Nov-2021 17:38:20,-,False,,,105136290,Automobiles - 4 Wheelers,INE066A01013,Eicher Motors Limited,2021-11-09 17:38:16,EICHERMOT
09-Nov-2021 17:00:01,,https://nsearchives.nseindia.com/corporate/EICHERMOT_09112021170001_ScheduleofMeetingwithAnalystsandInvestors09112021_.pdf,Eicher Motors Limited has informed the Exchange about Schedule of meet,,,Analysts/Institutional Investor Meet/Con. Call Updates,00:00:08,09112021170001,09-Nov-2021 17:00:09,-,False,,,105136251,Automobiles - 4 Wheelers,INE066A01013,Eicher Motors Limited,2021-11-09 17:00:01,EICHERMOT
09-Nov-2021 16:56:15,,https://nsearchives.nseindia.com/corporate/EICHERMOT_09112021165615_ScheduleofMeetingwithAnalystsandInvestors09112021_.pdf,Eicher Motors Limited has informed the Exchange about Schedule of meet,,,Analysts/Institutional Investor Meet/Con. Call Updates,00:00:06,09112021165615,09-Nov-2021 16:56:21,-,False,,,105136246,Automobiles - 4 Wheelers,INE066A01013,Eicher Motors Limited,2021-11-09 16:56:15,EICHERMOT
03-Nov-2021 18:58:31,,https://nsearchives.nseindia.com/corporate/EICHERMOT_03112021185831_EMLIntimationofGrantofoptionsunderESOP.pdf,Eicher Motors Limited has informed the Exchange regarding Grant of 50000  Options.,,,ESOP/ESOS/ESPS,00:00:05,03112021185831,03-Nov-2021 18:58:36,-,False,,,105132458,Automobiles - 4 Wheelers,INE066A01013,Eicher Motors Limited,2021-11-03 18:58:31,EICHERMOT
03-Nov-2021 18:53:59,,https://nsearchives.nseindia.com/corporate/EICHERMOT_03112021185359_EMLOpeningofTradingWindow.pdf,"Eicher Motors Limited has informed the Exchange regarding the Trading Window closure pursuant to SEBI (Prohibition of Insider Trading) Regulations, 2015",,,Trading Window,00:00:08,03112021185359,03-Nov-2021 18:54:07,-,False,,,105132455,Automobiles - 4 Wheelers,INE066A01013,Eicher Motors Limited,2021-11-03 18:53:59,EICHERMOT
03-Nov-2021 18:19:53,,https://nsearchives.nseindia.com/corporate/EICHERMOT_03112021181953_ConclusionofBMNov032021.pdf,Eicher Motors Limited has informed the Exchange regarding 'Conclusion of Board meeting'.,,,Updates,00:00:04,03112021181953,03-Nov-2021 18:19:57,-,False,,,105132424,Automobiles - 4 Wheelers,INE066A01013,Eicher Motors Limited,2021-11-03 18:19:53,EICHERMOT
03-Nov-2021 18:10:17,,https://nsearchives.nseindia.com/corporate/EICHERMOT_03112021181016_EMLQ2FY22InvestorPresentation.pdf,Eicher Motors Limited has informed the Exchange about Investor Presentation,,,Investor Presentation,00:00:03,03112021181017,03-Nov-2021 18:10:20,-,False,,,105132418,Automobiles - 4 Wheelers,INE066A01013,Eicher Motors Limited,2021-11-03 18:10:17,EICHERMOT
03-Nov-2021 18:01:13,,https://nsearchives.nseindia.com/corporate/EICHERMOT_03112021180113_Intimationofallotmentofequityshares.pdf,"Eicher Motors Limited has informed the Exchange regarding allotment of 11350 securities pursuant to ESOP/ESPS at its meeting held on November 03, 2021",,,Allotment of Securities,00:00:06,03112021180113,03-Nov-2021 18:01:19,-,False,,,105132410,Automobiles - 4 Wheelers,INE066A01013,Eicher Motors Limited,2021-11-03 18:01:13,EICHERMOT
03-Nov-2021 17:57:56,,https://nsearchives.nseindia.com/corporate/EICHERMOT_03112021175756_PressReleaseEMLQ2202122Results.pdf,"Eicher Motors Limited has informed the Exchange regarding a press release dated November 03, 2021, titled ""Eicher Motors Limited announces financial results for the quarter ended September 30, 2021 - FY 2021-22"".",,,Press Release,00:00:05,03112021175756,03-Nov-2021 17:58:01,-,False,,,105132406,Automobiles - 4 Wheelers,INE066A01013,Eicher Motors Limited,2021-11-03 17:57:56,EICHERMOT
03-Nov-2021 17:46:53,,https://nsearchives.nseindia.com/corporate/EMLFinancialResultsSeptember302021_03112021174653.pdf,"Eicher Motors Limited has submitted to the Exchange, the financial results for the period ended September 30, 2021.",,,Financial Result Updates,00:01:11,03112021174653,03-Nov-2021 17:48:04,-,False,,,145312,Automobiles - 4 Wheelers,INE066A01013,Eicher Motors Limited,2021-11-03 17:46:53,EICHERMOT
03-Nov-2021 17:44:42,,https://nsearchives.nseindia.com/corporate/EICHERMOT_03112021174442_EMLFinancialResultsSeptember302021.pdf,"Eicher Motors Limited has informed the Exchange regarding  Board meeting held on November 03, 2021.",,,Outcome of Board Meeting,00:00:05,03112021174442,03-Nov-2021 17:44:47,-,False,,,105132394,Automobiles - 4 Wheelers,INE066A01013,Eicher Motors Limited,2021-11-03 17:44:42,EICHERMOT
01-Nov-2021 18:03:38,,https://nsearchives.nseindia.com/corporate/EICHERMOT_01112021180338_EMLMonthlyBusinessUpdate1stNovember2021.pdf,Eicher Motors Limited has informed the Exchange regarding Monthly Business Updates for the month of October 2021,,,Monthly Business Updates,00:00:05,01112021180338,01-Nov-2021 18:03:43,-,False,,,105128846,Automobiles - 4 Wheelers,INE066A01013,Eicher Motors Limited,2021-11-01 18:03:38,EICHERMOT
01-Nov-2021 11:32:17,,https://nsearchives.nseindia.com/corporate/EICHERMOT_01112021113217_VECVOct21SalesUpdate1stNov21.pdf,Eicher Motors Limited has informed the Exchange regarding Monthly Business Updates for the month of October 2021,,,Monthly Business Updates,00:00:04,01112021113217,01-Nov-2021 11:32:21,-,False,,,105128118,Automobiles - 4 Wheelers,INE066A01013,Eicher Motors Limited,2021-11-01 11:32:17,EICHERMOT
27-Oct-2021 18:57:48,,https://nsearchives.nseindia.com/corporate/EICHERMOT_27102021185748_Regulation_39_3__27_10_2021.pdf,Eicher Motors Limited has informed the Exchange about Loss of Share Certificates,,,Loss of Share Certificates,00:00:04,27102021185748,27-Oct-2021 18:57:52,-,False,,,105123178,Automobiles - 4 Wheelers,INE066A01013,Eicher Motors Limited,2021-10-27 18:57:48,EICHERMOT
27-Oct-2021 12:29:44,,https://nsearchives.nseindia.com/corporate/EICHERMOT_27102021122944_EMLIntimationofConferenceCallPostBMNov2021.pdf,Eicher Motors Limited has informed the Exchange about Schedule of meet,,,Analysts/Institutional Investor Meet/Con. Call Updates,00:00:05,27102021122944,27-Oct-2021 12:29:49,-,False,,,105122771,Automobiles - 4 Wheelers,INE066A01013,Eicher Motors Limited,2021-10-27 12:29:44,EICHERMOT
25-Oct-2021 18:45:51,,https://nsearchives.nseindia.com/corporate/EICHERMOT_25102021184551_EMLPostalBallotResults25102021.pdf,"Eicher Motors Limited has informed the Exchange regarding 'Results of the Postal Ballot under Regulation 44(3) of SEBI (LODR) Regulations, 2015 andScrutinizer s Report under Section 108 of the Companies Act, 2013'.",,,Updates,00:00:04,25102021184551,25-Oct-2021 18:45:55,-,False,,,105120054,Automobiles - 4 Wheelers,INE066A01013,Eicher Motors Limited,2021-10-25 18:45:51,EICHERMOT
11-Oct-2021 17:53:20,,https://nsearchives.nseindia.com/corporate/EICHERMOT_11102021175320_Regulation_39_3__11_10_2021.pdf,Eicher Motors Limited has informed the Exchange about Loss of Share Certificates,,,Loss of Share Certificates,00:00:04,11102021175320,11-Oct-2021 17:53:24,-,False,,,105105957,Automobiles - 4 Wheelers,INE066A01013,Eicher Motors Limited,2021-10-11 17:53:20,EICHERMOT
05-Oct-2021 15:42:53,,https://nsearchives.nseindia.com/corporate/EICHERMOT_05102021154253_Regulation_39_3__05_10_2021.pdf,Eicher Motors Limited has informed the Exchange about Loss of Share Certificates,,,Loss of Share Certificates,00:00:05,05102021154253,05-Oct-2021 15:42:58,-,False,,,105099105,Automobiles - 4 Wheelers,INE066A01013,Eicher Motors Limited,2021-10-05 15:42:53,EICHERMOT
01-Oct-2021 18:40:20,,https://nsearchives.nseindia.com/corporate/EICHERMOT_01102021184020_EMLMonthlyBusinessUpdate1stOctober2021signed.pdf,Eicher Motors Limited has informed the Exchange regarding Monthly Business Updates for the month of September 2021,,,Monthly Business Updates,00:00:04,01102021184020,01-Oct-2021 18:40:24,-,False,,,105095896,Automobiles - 4 Wheelers,INE066A01013,Eicher Motors Limited,2021-10-01 18:40:20,EICHERMOT
01-Oct-2021 17:07:06,,https://nsearchives.nseindia.com/corporate/EICHERMOT_01102021170706_EMLNewspaperIntimationSLreappointment01102021signed.pdf,Eicher Motors Limited has informed the Exchange about Copy of Newspaper Publication,,,Copy of Newspaper Publication,00:00:06,01102021170706,01-Oct-2021 17:07:12,-,False,,,105095745,Automobiles - 4 Wheelers,INE066A01013,Eicher Motors Limited,2021-10-01 17:07:06,EICHERMOT
01-Oct-2021 12:52:09,,https://nsearchives.nseindia.com/corporate/EICHERMOT_01102021125209_VECVSep21SalesUpdate1stOct21.pdf,"Eicher Motors Limited has informed the Exchange regarding Monthly Business Updates for the month of September 2021 of of VE Commercial Vehicles Limited, an unlisted subsidiary of Eicher Motors Limited",,,Monthly Business Updates,00:00:12,01102021125209,01-Oct-2021 12:52:21,-,False,,,105095423,Automobiles - 4 Wheelers,INE066A01013,Eicher Motors Limited,2021-10-01 12:52:09,EICHERMOT
29-Sep-2021 12:37:35,,https://nsearchives.nseindia.com/corporate/EICHERMOT_29092021123735_IntimationofScheduleofConferenceCalls29092021.pdf,Eicher Motors Limited has informed the Exchange about Analysts/Institutional Investor Meet/Con. Call Updates,,,Analysts/Institutional Investor Meet/Con. Call Updates,00:00:07,29092021123735,29-Sep-2021 12:37:42,-,False,,,105089997,Automobiles - 4 Wheelers,INE066A01013,Eicher Motors Limited,2021-09-29 12:37:35,EICHERMOT
28-Sep-2021 15:24:57,,https://nsearchives.nseindia.com/corporate/EICHERMOT_28092021152457_Regulation_39_3__28_09_2021.pdf,Eicher Motors Limited has informed the Exchange about Loss of Share Certificates,,,Loss of Share Certificates,00:00:08,28092021152457,28-Sep-2021 15:25:05,-,False,,,105088510,Automobiles - 4 Wheelers,INE066A01013,Eicher Motors Limited,2021-09-28 15:24:57,EICHERMOT
27-Sep-2021 18:07:27,,https://nsearchives.nseindia.com/corporate/EICHERMOT_27092021180727_ScheduleofMeetingwithAnalystsandInvestors27092021.pdf,Eicher Motors Limited has informed the Exchange about Analysts/Institutional Investor Meet/Con. Call Updates,,,Analysts/Institutional Investor Meet/Con. Call Updates,00:00:08,27092021180727,27-Sep-2021 18:07:35,-,False,,,105087165,Automobiles - 4 Wheelers,INE066A01013,Eicher Motors Limited,2021-09-27 18:07:27,EICHERMOT
25-Sep-2021 15:03:14,,https://nsearchives.nseindia.com/corporate/EICHERMOT_25092021150314_EMLPostalBallotNewspaperIntimation25092021Signed.pdf,Eicher Motors Limited has informed the Exchange about Copy of Newspaper Publication,,,Copy of Newspaper Publication,00:00:04,25092021150314,25-Sep-2021 15:03:18,-,False,,,105086149,Automobiles - 4 Wheelers,INE066A01013,Eicher Motors Limited,2021-09-25 15:03:14,EICHERMOT
23-Sep-2021 16:37:11,,https://nsearchives.nseindia.com/corporate/EICHERMOT_23092021163711_Regulation_39_3__23_09_2021.pdf,Eicher Motors Limited has informed the Exchange about Loss of Share Certificates,,,Loss of Share Certificates,00:00:04,23092021163711,23-Sep-2021 16:37:15,-,False,,,105083659,Automobiles - 4 Wheelers,INE066A01013,Eicher Motors Limited,2021-09-23 16:37:11,EICHERMOT
22-Sep-2021 13:34:07,,https://nsearchives.nseindia.com/corporate/EICHERMOT_22092021133407_ScheduleofMeetingwithAnalystsandInvestors22092021.pdf,Eicher Motors Limited has informed the Exchange about Analysts/Institutional Investor Meet/Con. Call Updates,,,Analysts/Institutional Investor Meet/Con. Call Updates,00:00:06,22092021133407,22-Sep-2021 13:34:13,-,False,,,105082029,Automobiles - 4 Wheelers,INE066A01013,Eicher Motors Limited,2021-09-22 13:34:07,EICHERMOT
21-Sep-2021 18:32:33,,https://nsearchives.nseindia.com/corporate/EICHERMOT_21092021183233_IntimationofClosingofTradingWindowSeptember2021Signed.pdf,"Eicher Motors Limited has informed the Exchange regarding the Trading Window closure pursuant to SEBI (Prohibition of Insider Trading) Regulations, 2015",,,Trading Window,00:00:05,21092021183233,21-Sep-2021 18:32:38,-,False,,,105080618,Automobiles - 4 Wheelers,INE066A01013,Eicher Motors Limited,2021-09-21 18:32:33,EICHERMOT
18-Sep-2021 13:24:49,,https://nsearchives.nseindia.com/corporate/EICHERMOT_18092021132449_ScheduleofMeetingwithAnalystsandInvestorsSeptember182021.pdf,Eicher Motors Limited has informed the Exchange about Analysts/Institutional Investor Meet/Con. Call Updates,,,Analysts/Institutional Investor Meet/Con. Call Updates,00:00:06,18092021132449,18-Sep-2021 13:24:55,-,False,,,105078156,Automobiles - 4 Wheelers,INE066A01013,Eicher Motors Limited,2021-09-18 13:24:49,EICHERMOT
15-Sep-2021 12:53:56,,https://nsearchives.nseindia.com/corporate/EICHERMOT_15092021125356_ScheduleofMeetingwithAnalystsandInvestorsSeptember152021.pdf,Eicher Motors Limited has informed the Exchange about Analysts/Institutional Investor Meet/Con. Call Updates,,,Analysts/Institutional Investor Meet/Con. Call Updates,00:00:05,15092021125356,15-Sep-2021 12:54:01,-,False,,,105073948,Automobiles - 4 Wheelers,INE066A01013,Eicher Motors Limited,2021-09-15 12:53:56,EICHERMOT
13-Sep-2021 18:48:33,,https://nsearchives.nseindia.com/corporate/EICHERMOT_13092021184832_EMLInvestorPresentation13092021Signed.pdf,Eicher Motors Limited has informed the Exchange about Investor Presentation,,,Investor Presentation,00:00:05,13092021184833,13-Sep-2021 18:48:38,-,False,,,105071069,Automobiles - 4 Wheelers,INE066A01013,Eicher Motors Limited,2021-09-13 18:48:33,EICHERMOT
13-Sep-2021 15:48:22,,https://nsearchives.nseindia.com/corporate/EICHERMOT_13092021154822_ScheduleofMeetingwithAnalystsandInvestors13092021.pdf,Eicher Motors Limited has informed the Exchange about Analysts/Institutional Investor Meet/Con. Call Updates,,,Analysts/Institutional Investor Meet/Con. Call Updates,00:00:05,13092021154822,13-Sep-2021 15:48:27,-,False,,,105070944,Automobiles - 4 Wheelers,INE066A01013,Eicher Motors Limited,2021-09-13 15:48:22,EICHERMOT
08-Sep-2021 16:19:43,,https://nsearchives.nseindia.com/corporate/EICHERMOT_08092021161943_Regulation_39_3__08_09_2021.pdf,Eicher Motors Limited has informed the Exchange about Loss of Share Certificates,,,Loss of Share Certificates,00:00:05,08092021161943,08-Sep-2021 16:19:48,-,False,,,105067265,Automobiles - 4 Wheelers,INE066A01013,Eicher Motors Limited,2021-09-08 16:19:43,EICHERMOT
03-Sep-2021 17:31:22,,https://nsearchives.nseindia.com/corporate/EICHERMOT_03092021173122_ScheduleofMeetingwithAnalystsandInvestorsSeptember032021Signed.pdf,Eicher Motors Limited has informed the Exchange about Analysts/Institutional Investor Meet/Con. Call Updates,,,Analysts/Institutional Investor Meet/Con. Call Updates,00:00:05,03092021173122,03-Sep-2021 17:31:27,-,False,,,105061387,Automobiles - 4 Wheelers,INE066A01013,Eicher Motors Limited,2021-09-03 17:31:22,EICHERMOT
01-Sep-2021 17:44:29,,https://nsearchives.nseindia.com/corporate/EICHERMOT_01092021174428_CorrectedEMLAugust2021SaleNumbersSigned.pdf,Eicher Motors Limited has informed the Exchange regarding Monthly Business Updates for the month of August 2021 - Corrected Disclosure,,,Monthly Business Updates,00:00:05,01092021174429,01-Sep-2021 17:44:34,-,False,,,105057753,Automobiles - 4 Wheelers,INE066A01013,Eicher Motors Limited,2021-09-01 17:44:29,EICHERMOT
01-Sep-2021 16:30:47,,https://nsearchives.nseindia.com/corporate/EICHERMOT_01092021163047_EMLMonthlyBusinessUpdateSeptember2021.pdf,Eicher Motors Limited has informed the Exchange regarding Monthly Business Updates for the month of August 2021,,,Monthly Business Updates,00:00:06,01092021163047,01-Sep-2021 16:30:53,-,False,,,105057662,Automobiles - 4 Wheelers,INE066A01013,Eicher Motors Limited,2021-09-01 16:30:47,EICHERMOT
01-Sep-2021 11:56:25,,https://nsearchives.nseindia.com/corporate/EICHERMOT_01092021115625_VECVAug2021SalesUpdate01stSep21.pdf,Eicher Motors Limited has informed the Exchange regarding Monthly Business Updates for the month of August 2021,,,Monthly Business Updates,00:00:05,01092021115625,01-Sep-2021 11:56:30,-,False,,,105057436,Automobiles - 4 Wheelers,INE066A01013,Eicher Motors Limited,2021-09-01 11:56:25,EICHERMOT
27-Aug-2021 18:01:26,,https://nsearchives.nseindia.com/corporate/EICHERMOT_27082021180126_Regulation_39_3__27_08_2021.pdf,Eicher Motors Limited has informed the Exchange about Loss of Share Certificates,,,Loss of Share Certificates,00:00:04,27082021180126,27-Aug-2021 18:01:30,-,False,,,105052465,Automobiles - 4 Wheelers,INE066A01013,Eicher Motors Limited,2021-08-27 18:01:26,EICHERMOT
24-Aug-2021 14:45:22,,https://nsearchives.nseindia.com/corporate/EICHERMOT_24082021144522_EMLNewspaperIntimationAugust242021Signed.pdf,Eicher Motors Limited has informed the Exchange about Copy of Newspaper Publication,,,Copy of Newspaper Publication,00:00:05,24082021144522,24-Aug-2021 14:45:27,-,False,,,105047225,Automobiles - 4 Wheelers,INE066A01013,Eicher Motors Limited,2021-08-24 14:45:22,EICHERMOT
23-Aug-2021 17:56:37,,https://nsearchives.nseindia.com/corporate/EICHERMOT_23082021175637_EMLIntimationunderReg3023082021Signed.pdf,"Eicher Motors Limited has informed the Exchange regarding 'Disclosure under Regulation 30 of SEBI (LODR) Regulations, 2015 - Re-appointment of Managing Director'.",,,Updates,00:00:05,23082021175637,23-Aug-2021 17:56:42,-,False,,,105045718,Automobiles - 4 Wheelers,INE066A01013,Eicher Motors Limited,2021-08-23 17:56:37,EICHERMOT
18-Aug-2021 20:31:34,,https://nsearchives.nseindia.com/corporate/EICHERMOT_18082021203134_EML39thAGMResults.pdf,"Eicher Motors Limited has submitted the Exchange a copy Srutinizers report of  Annual General Meeting held on August 17, 2021. Further, the company has informed the Exchange regarding voting results.",,,Shareholders meeting,00:00:06,18082021203134,18-Aug-2021 20:31:40,-,False,,,105041722,Automobiles - 4 Wheelers,INE066A01013,Eicher Motors Limited,2021-08-18 20:31:34,EICHERMOT
18-Aug-2021 13:27:30,,https://nsearchives.nseindia.com/corporate/EICHERMOT_18082021132730_EMLProceedingsAGM39Signed.pdf,"Eicher Motors Limited has informed the Exchange regarding Proceedings of Annual General Meeting held on August 17, 2021",,,Shareholders meeting,00:00:04,18082021132730,18-Aug-2021 13:27:34,-,False,,,105041488,Automobiles - 4 Wheelers,INE066A01013,Eicher Motors Limited,2021-08-18 13:27:30,EICHERMOT
17-Aug-2021 15:38:00,,https://nsearchives.nseindia.com/corporate/EICHERMOT_17082021153800_Regulation_39_3__17_08_2021.pdf,Eicher Motors Limited has informed the Exchange about Loss of Share Certificates,,,Loss of Share Certificates,00:00:12,17082021153800,17-Aug-2021 15:38:12,-,False,,,105039861,Automobiles - 4 Wheelers,INE066A01013,Eicher Motors Limited,2021-08-17 15:38:00,EICHERMOT
17-Aug-2021 11:56:12,,https://nsearchives.nseindia.com/corporate/EICHERMOT_17082021115612_IntimationofConferenceCallAugust172021.pdf,Eicher Motors Limited has informed the Exchange about Analysts/Institutional Investor Meet/Con. Call Updates,,,Analysts/Institutional Investor Meet/Con. Call Updates,00:47:17,17082021115612,17-Aug-2021 12:43:29,-,False,,,105039709,Automobiles - 4 Wheelers,INE066A01013,Eicher Motors Limited,2021-08-17 11:56:12,EICHERMOT
13-Aug-2021 18:05:21,,https://nsearchives.nseindia.com/corporate/EICHERMOT_13082021180521_EML_Loss_of_Cert_Dt_12th_Aug_2021_Reg_39_3_1.pdf,Eicher Motors Limited has informed the Exchange about Loss of Share Certificates,,,Loss of Share Certificates,00:00:16,13082021180521,13-Aug-2021 18:05:37,-,False,,,105036443,Automobiles - 4 Wheelers,INE066A01013,Eicher Motors Limited,2021-08-13 18:05:21,EICHERMOT
13-Aug-2021 14:36:32,,https://nsearchives.nseindia.com/corporate/EICHERMOT_13082021143632_IntimationofScheduleofConferenceCalls13082021.pdf,Eicher Motors Limited has informed the Exchange about Analysts/Institutional Investor Meet/Con. Call Updates,,,Analysts/Institutional Investor Meet/Con. Call Updates,00:00:06,13082021143632,13-Aug-2021 14:36:38,-,False,,,105036048,Automobiles - 4 Wheelers,INE066A01013,Eicher Motors Limited,2021-08-13 14:36:32,EICHERMOT
12-Aug-2021 17:32:43,,https://nsearchives.nseindia.com/corporate/EICHERMOT_12082021173243_EMLIntimationofOpeningofTradingWindow12082021.pdf,"Eicher Motors Limited has informed the Exchange regarding the Trading Window closure pursuant to SEBI (Prohibition of Insider Trading) Regulations, 2015",,,Trading Window,00:00:04,12082021173243,12-Aug-2021 17:32:47,-,False,,,105034229,Automobiles - 4 Wheelers,INE066A01013,Eicher Motors Limited,2021-08-12 17:32:43,EICHERMOT
12-Aug-2021 17:29:09,,https://nsearchives.nseindia.com/corporate/EICHERMOT_12082021172909_EMLConclusionBM.pdf,Eicher Motors Limited has informed the Exchange regarding 'Conclusion of Board Meeting'.,,,Updates,00:00:06,12082021172909,12-Aug-2021 17:29:15,-,False,,,105034216,Automobiles - 4 Wheelers,INE066A01013,Eicher Motors Limited,2021-08-12 17:29:09,EICHERMOT
12-Aug-2021 17:22:04,,https://nsearchives.nseindia.com/corporate/EICHERMOT_12082021172204_EMLIntimationofAllotmentofShares12082021.pdf,"Eicher Motors Limited has informed the Exchange regarding allotment of 11250 securities pursuant to ESOP/ESPS at its meeting held on August 12, 2021",,,Allotment of Securities,00:00:11,12082021172204,12-Aug-2021 17:22:15,-,False,,,105034200,Automobiles - 4 Wheelers,INE066A01013,Eicher Motors Limited,2021-08-12 17:22:04,EICHERMOT
12-Aug-2021 17:18:38,,https://nsearchives.nseindia.com/corporate/EICHERMOT_12082021171838_EMLIntimationInvestorPresentation12082021.pdf,Eicher Motors Limited has informed the Exchange about Investor Presentation,,,Investor Presentation,00:00:17,12082021171838,12-Aug-2021 17:18:55,-,False,,,105034191,Automobiles - 4 Wheelers,INE066A01013,Eicher Motors Limited,2021-08-12 17:18:38,EICHERMOT
12-Aug-2021 17:16:11,,https://nsearchives.nseindia.com/corporate/EICHERMOT_12082021171611_EMLIntimationPressReleaseFRSigned12082021.pdf,"Eicher Motors Limited has informed the Exchange regarding a press release dated August 12, 2021, titled ""Regulation 30 of the SEBI (LODR) Regulations, 2015 - Press Release"".",,,Press Release,00:00:05,12082021171611,12-Aug-2021 17:16:16,-,False,,,105034189,Automobiles - 4 Wheelers,INE066A01013,Eicher Motors Limited,2021-08-12 17:16:11,EICHERMOT
12-Aug-2021 17:14:20,,https://nsearchives.nseindia.com/corporate/EICHERMOT_12082021171420_PR.pdf,"Eicher Motors Limited has informed the Exchange regarding a press release dated August 12, 2021, titled ""Press Release-change in director"".",,,Press Release,00:00:07,12082021171420,12-Aug-2021 17:14:27,-,False,,,105034187,Automobiles - 4 Wheelers,INE066A01013,Eicher Motors Limited,2021-08-12 17:14:20,EICHERMOT
12-Aug-2021 17:07:53,,https://nsearchives.nseindia.com/corporate/EMLFinancialResultsJune302021_12082021170753.pdf,"Eicher Motors Limited has submitted to the Exchange, the financial results for the period ended June 30, 2021.",,,Financial Result Updates,00:01:09,12082021170753,12-Aug-2021 17:09:02,-,False,,,143908,Automobiles - 4 Wheelers,INE066A01013,Eicher Motors Limited,2021-08-12 17:07:53,EICHERMOT
12-Aug-2021 17:03:54,,https://nsearchives.nseindia.com/corporate/EICHERMOT_12082021170354_Change.pdf,Eicher Motors Limited has informed the Exchange regarding Change in Director(s) of the company.,,,Change in Director(s),00:00:17,12082021170354,12-Aug-2021 17:04:11,-,False,,,105034165,Automobiles - 4 Wheelers,INE066A01013,Eicher Motors Limited,2021-08-12 17:03:54,EICHERMOT
11-Aug-2021 16:00:25,,https://nsearchives.nseindia.com/corporate/EICHERMOT_11082021160025_Regulation_39_3__11_08_2021.pdf,Eicher Motors Limited has informed the Exchange about Loss of Share Certificates,,,Loss of Share Certificates,00:00:10,11082021160025,11-Aug-2021 16:00:35,-,False,,,105032095,Automobiles - 4 Wheelers,INE066A01013,Eicher Motors Limited,2021-08-11 16:00:25,EICHERMOT
10-Aug-2021 18:43:39,,https://nsearchives.nseindia.com/corporate/EICHERMOT_10082021184339_EMLIntimationtoStockExchanges100821.pdf,Eicher Motors Limited has informed the Exchange regarding 'Intimation regarding transfer of shares of the Company pursuant to SEBI CircularNo. SEBI/HO/MIRSD/DOS3/CIR/P/2018/139'.,,,Updates,00:00:04,10082021184339,10-Aug-2021 18:43:43,-,False,,,105030391,Automobiles - 4 Wheelers,INE066A01013,Eicher Motors Limited,2021-08-10 18:43:39,EICHERMOT
06-Aug-2021 10:24:10,,https://nsearchives.nseindia.com/corporate/EICHERMOT_06082021102410_EMLBMIntimationofConferenceCall06082021.pdf,Eicher Motors Limited has informed the Exchange about Analysts/Institutional Investor Meet/Con. Call Updates,,,Analysts/Institutional Investor Meet/Con. Call Updates,00:00:05,06082021102410,06-Aug-2021 10:24:15,-,False,,,105025345,Automobiles - 4 Wheelers,INE066A01013,Eicher Motors Limited,2021-08-06 10:24:10,EICHERMOT
05-Aug-2021 17:46:40,,https://nsearchives.nseindia.com/corporate/EICHERMOT_05082021174640_Regulation_39_3__05_08_2021.pdf,Eicher Motors Limited has informed the Exchange about Loss of Share Certificates,,,Loss of Share Certificates,00:00:10,05082021174640,05-Aug-2021 17:46:50,-,False,,,105023884,Automobiles - 4 Wheelers,INE066A01013,Eicher Motors Limited,2021-08-05 17:46:40,EICHERMOT
04-Aug-2021 14:41:54,,https://nsearchives.nseindia.com/corporate/EICHERMOT_04082021144154_EML_Loss_of_Cert_Dt_04th_Aug_2021_Reg_39_3_1.pdf,Eicher Motors Limited has informed the Exchange about Loss of Share Certificates,,,Loss of Share Certificates,00:00:06,04082021144154,04-Aug-2021 14:42:00,-,False,,,105021676,Automobiles - 4 Wheelers,INE066A01013,Eicher Motors Limited,2021-08-04 14:41:54,EICHERMOT
01-Aug-2021 16:55:40,,https://nsearchives.nseindia.com/corporate/EICHERMOT_01082021165540_EMLMonthlyBusinessUpdateAugust2021.pdf,Eicher Motors Limited has informed the Exchange regarding Monthly Business Updates for the month of July 2021,,,Monthly Business Updates,00:00:05,01082021165540,01-Aug-2021 16:55:45,-,False,,,105016701,Automobiles - 4 Wheelers,INE066A01013,Eicher Motors Limited,2021-08-01 16:55:40,EICHERMOT
01-Aug-2021 11:08:14,,https://nsearchives.nseindia.com/corporate/EICHERMOT_01082021110814_VECVJuly2021SalesUpdate01stAug21.pdf,Eicher Motors Limited has informed the Exchange regarding Monthly Business Updates for the month of July 2021,,,Monthly Business Updates,00:00:05,01082021110814,01-Aug-2021 11:08:19,-,False,,,105016671,Automobiles - 4 Wheelers,INE066A01013,Eicher Motors Limited,2021-08-01 11:08:14,EICHERMOT
26-Jul-2021 19:25:04,,https://nsearchives.nseindia.com/corporate/EICHERMOT_26072021192503_EMLNewspaperIntimationStockExchangeJuly262021.pdf,Eicher Motors Limited has informed the Exchange about Copy of Newspaper Publication,,,Copy of Newspaper Publication,00:00:04,26072021192504,26-Jul-2021 19:25:08,-,False,,,105008194,Automobiles - 4 Wheelers,INE066A01013,Eicher Motors Limited,2021-07-26 19:25:04,EICHERMOT
26-Jul-2021 18:20:37,,https://nsearchives.nseindia.com/corporate/EICHERMOT_26072021182037_Regulation_39_3__26_07_2021.pdf,Eicher Motors Limited has informed the Exchange about Loss of Share Certificates,,,Loss of Share Certificates,00:00:05,26072021182037,26-Jul-2021 18:20:42,-,False,,,105008149,Automobiles - 4 Wheelers,INE066A01013,Eicher Motors Limited,2021-07-26 18:20:37,EICHERMOT
23-Jul-2021 18:03:42,,https://nsearchives.nseindia.com/corporate/EICHERMOT_23072021180342_EMLNewspaperAdvertisementSReappointment23072021.pdf,Eicher Motors Limited has informed the Exchange about Copy of Newspaper Publication,,,Copy of Newspaper Publication,00:00:11,23072021180342,23-Jul-2021 18:03:53,-,False,,,105005704,Automobiles - 4 Wheelers,INE066A01013,Eicher Motors Limited,2021-07-23 18:03:42,EICHERMOT
19-Jul-2021 17:57:02,,https://nsearchives.nseindia.com/corporate/EICHERMOT_19072021175702_EMLNewspaperAdvertisement39thAGM19072021Signed.pdf,Eicher Motors Limited has informed the Exchange about Copy of Newspaper Publication,,,Copy of Newspaper Publication,00:00:04,19072021175702,19-Jul-2021 17:57:06,-,False,,,105000032,Automobiles - 4 Wheelers,INE066A01013,Eicher Motors Limited,2021-07-19 17:57:02,EICHERMOT
17-Jul-2021 09:53:18,,https://nsearchives.nseindia.com/corporate/EICHERMOT_17072021095318_IntimationofBookClosure.pdf,Eicher Motors Limited has informed the Exchange that Register of Members & Share Transfer Books of the Company will remain closed from 11-Aug-2021 to 17-Aug-2021 for the purpose of Dividend & Meeting.,,,Book Closure,00:00:06,17072021095318,17-Jul-2021 09:53:24,-,False,,,104998646,Automobiles - 4 Wheelers,INE066A01013,Eicher Motors Limited,2021-07-17 09:53:18,EICHERMOT
16-Jul-2021 16:12:15,,https://nsearchives.nseindia.com/corporate/EICHERMOT_16072021161215_IntimationofScheduleofConferenceCalls16072021.pdf,Eicher Motors Limited has informed the Exchange about Analysts/Institutional Investor Meet/Con. Call Updates,,,Analysts/Institutional Investor Meet/Con. Call Updates,00:00:06,16072021161215,16-Jul-2021 16:12:21,-,False,,,104997663,Automobiles - 4 Wheelers,INE066A01013,Eicher Motors Limited,2021-07-16 16:12:15,EICHERMOT
09-Jul-2021 18:12:13,,https://nsearchives.nseindia.com/corporate/EICHERMOT_09072021181213_EML_Loss_of_Cert_Dt_09th_Jul_2021_Reg_39_3_1.pdf,Eicher Motors Limited has informed the Exchange about Loss of Share Certificates,,,Loss of Share Certificates,00:00:04,09072021181213,09-Jul-2021 18:12:17,-,False,,,104988357,Automobiles - 4 Wheelers,INE066A01013,Eicher Motors Limited,2021-07-09 18:12:13,EICHERMOT
09-Jul-2021 15:45:40,,https://nsearchives.nseindia.com/corporate/EICHERMOT_09072021154540_IntimationofScheduleofConferenceCalls09072021.pdf,Eicher Motors Limited has informed the Exchange about Analysts/Institutional Investor Meet/Con. Call Updates,,,Analysts/Institutional Investor Meet/Con. Call Updates,00:00:05,09072021154540,09-Jul-2021 15:45:45,-,False,,,104988204,Automobiles - 4 Wheelers,INE066A01013,Eicher Motors Limited,2021-07-09 15:45:40,EICHERMOT
03-Jul-2021 14:55:28,,https://nsearchives.nseindia.com/corporate/EICHERMOT_03072021145528_EML_Loss_of_Cert_Dt_03rd_Jul_2021_Reg_39_3_1.pdf,Eicher Motors Limited has informed the Exchange about Loss of Share Certificates,,,Loss of Share Certificates,00:00:09,03072021145528,03-Jul-2021 14:55:37,-,False,,,104980311,Automobiles - 4 Wheelers,INE066A01013,Eicher Motors Limited,2021-07-03 14:55:28,EICHERMOT
02-Jul-2021 10:12:42,,https://nsearchives.nseindia.com/corporate/EICHERMOT_02072021101242_RevisedVECVJune21SalesUpdate.pdf,"Eicher Motors Limited has informed the Exchange regarding Monthly Business Updates for the month of June 2021 - Revised, as there was a typo error in year mentioned",,,Monthly Business Updates,00:00:08,02072021101242,02-Jul-2021 10:12:50,-,False,,,104979162,Automobiles - 4 Wheelers,INE066A01013,Eicher Motors Limited,2021-07-02 10:12:42,EICHERMOT
01-Jul-2021 17:07:48,,https://nsearchives.nseindia.com/corporate/EICHERMOT_01072021170748_EMLMonthlyBusinessUpdateJune2021.pdf,Eicher Motors Limited has informed the Exchange regarding Monthly Business Updates for the month of June 2021,,,Monthly Business Updates,00:00:08,01072021170748,01-Jul-2021 17:07:56,-,False,,,104977763,Automobiles - 4 Wheelers,INE066A01013,Eicher Motors Limited,2021-07-01 17:07:48,EICHERMOT
01-Jul-2021 12:06:48,,https://nsearchives.nseindia.com/corporate/EICHERMOT_01072021120648_VECVJune21SalesUpdate1stJuly.pdf,Eicher Motors Limited has informed the Exchange regarding Monthly Business Updates for the month of June 2021,,,Monthly Business Updates,00:00:09,01072021120648,01-Jul-2021 12:06:57,-,False,,,104977460,Automobiles - 4 Wheelers,INE066A01013,Eicher Motors Limited,2021-07-01 12:06:48,EICHERMOT
30-Jun-2021 12:20:22,,https://nsearchives.nseindia.com/corporate/EICHERMOT_30062021122022_IntimationofScheduleofConferenceCalls30062021.pdf,Eicher Motors Limited has informed the Exchange about Analysts/Institutional Investor Meet/Con. Call Updates,,,Analysts/Institutional Investor Meet/Con. Call Updates,00:00:17,30062021122022,30-Jun-2021 12:20:39,-,False,,,104974681,Automobiles - 4 Wheelers,INE066A01013,Eicher Motors Limited,2021-06-30 12:20:22,EICHERMOT
26-Jun-2021 09:55:40,,https://nsearchives.nseindia.com/corporate/EICHERMOT_26062021095540_EMLIntimationofClosureTradingWindow26062021.pdf,"Eicher Motors Limited has informed the Exchange regarding the Trading Window closure pursuant to SEBI (Prohibition of Insider Trading) Regulations, 2015",,,Trading Window,00:00:05,26062021095540,26-Jun-2021 09:55:45,-,False,,,104968832,Automobiles - 4 Wheelers,INE066A01013,Eicher Motors Limited,2021-06-26 09:55:40,EICHERMOT
24-Jun-2021 18:56:57,,https://nsearchives.nseindia.com/corporate/EICHERMOT_24062021185657_EML_Loss_of_Cert_Dt_24th_Jun_2021_Reg_39_3.pdf,Eicher Motors Limited has informed the Exchange about Loss of Share Certificates,,,Loss of Share Certificates,00:00:05,24062021185657,24-Jun-2021 18:57:02,-,False,,,104966100,Automobiles - 4 Wheelers,INE066A01013,Eicher Motors Limited,2021-06-24 18:56:57,EICHERMOT
22-Jun-2021 23:38:55,,https://nsearchives.nseindia.com/corporate/EICHERMOT_22062021233855_EMLRPTConsolMarch312021.pdf,Eicher Motors Limited has informed the Exchange about related Party Transactions,,,Related Party Transactions,00:00:06,22062021233855,22-Jun-2021 23:39:01,-,False,,,104962874,Automobiles - 4 Wheelers,INE066A01013,Eicher Motors Limited,2021-06-22 23:38:55,EICHERMOT
21-Jun-2021 16:40:49,,https://nsearchives.nseindia.com/corporate/EICHERMOT_21062021164049_IntimationofScheduleofConferenceCalls21062021.pdf,Eicher Motors Limited has informed the Exchange about Analysts/Institutional Investor Meet/Con. Call Updates,,,Analysts/Institutional Investor Meet/Con. Call Updates,00:00:07,21062021164049,21-Jun-2021 16:40:56,-,False,,,104959861,Automobiles - 4 Wheelers,INE066A01013,Eicher Motors Limited,2021-06-21 16:40:49,EICHERMOT
17-Jun-2021 15:28:59,,https://nsearchives.nseindia.com/corporate/EICHERMOT_17062021152859_EML_Loss_of_Cert_Dt_17th_Jun_2021_Reg_39_3_1.pdf,Eicher Motors Limited has informed the Exchange about Loss of Share Certificates,,,Loss of Share Certificates,00:00:13,17062021152859,17-Jun-2021 15:29:12,-,False,,,104955109,Automobiles - 4 Wheelers,INE066A01013,Eicher Motors Limited,2021-06-17 15:28:59,EICHERMOT
16-Jun-2021 20:25:41,,https://nsearchives.nseindia.com/corporate/EICHERMOT_16062021202541_IntimationofScheduleofConferenceCalls16062021.pdf,Eicher Motors Limited has informed the Exchange about Analysts/Institutional Investor Meet/Con. Call Updates,,,Analysts/Institutional Investor Meet/Con. Call Updates,00:00:06,16062021202541,16-Jun-2021 20:25:47,-,False,,,104953842,Automobiles - 4 Wheelers,INE066A01013,Eicher Motors Limited,2021-06-16 20:25:41,EICHERMOT
11-Jun-2021 20:09:43,,https://nsearchives.nseindia.com/corporate/EICHERMOT_11062021200943_IntimationofScheduleofConferenceCalls11062021.pdf,Eicher Motors Limited has informed the Exchange about Analysts/Institutional Investor Meet/Con. Call Updates,,,Analysts/Institutional Investor Meet/Con. Call Updates,00:00:06,11062021200943,11-Jun-2021 20:09:49,-,False,,,104947226,Automobiles - 4 Wheelers,INE066A01013,Eicher Motors Limited,2021-06-11 20:09:43,EICHERMOT
07-Jun-2021 12:49:31,,https://nsearchives.nseindia.com/corporate/EICHERMOT_07062021124931_IntimationofScheduleofConferenceCalls07062021.pdf,Eicher Motors Limited has informed the Exchange about Analysts/Institutional Investor Meet/Con. Call Updates,,,Analysts/Institutional Investor Meet/Con. Call Updates,00:00:05,07062021124931,07-Jun-2021 12:49:36,-,False,,,104939002,Automobiles - 4 Wheelers,INE066A01013,Eicher Motors Limited,2021-06-07 12:49:31,EICHERMOT
02-Jun-2021 19:13:27,,https://nsearchives.nseindia.com/corporate/EICHERMOT_02062021191327_IntimationofScheduleofConferenceCalls02062021Signed.pdf,Eicher Motors Limited has informed the Exchange about Analysts/Institutional Investor Meet/Con. Call Updates,,,Analysts/Institutional Investor Meet/Con. Call Updates,00:00:06,02062021191327,02-Jun-2021 19:13:33,-,False,,,104933383,Automobiles - 4 Wheelers,INE066A01013,Eicher Motors Limited,2021-06-02 19:13:27,EICHERMOT
01-Jun-2021 20:12:20,,https://nsearchives.nseindia.com/corporate/EICHERMOT_01062021201220_EML_Loss_of_Cert_Dt_01st_Jun_2021_Reg_39_3_1.pdf,Eicher Motors Limited has informed the Exchange about Loss of Share Certificates,,,Loss of Share Certificates,00:00:05,01062021201220,01-Jun-2021 20:12:25,-,False,,,104931514,Automobiles - 4 Wheelers,INE066A01013,Eicher Motors Limited,2021-06-01 20:12:20,EICHERMOT
01-Jun-2021 19:30:39,,https://nsearchives.nseindia.com/corporate/EICHERMOT_01062021193039_EMLMonthyBusinessUpdateJune2021.pdf,Eicher Motors Limited has informed the Exchange regarding Monthly Business Updates for the month of May 2021,,,Monthly Business Updates,00:00:06,01062021193039,01-Jun-2021 19:30:45,-,False,,,104931498,Automobiles - 4 Wheelers,INE066A01013,Eicher Motors Limited,2021-06-01 19:30:39,EICHERMOT
01-Jun-2021 12:13:15,,https://nsearchives.nseindia.com/corporate/EICHERMOT_01062021121315_VECVMay20211stJune2021.pdf,Eicher Motors Limited has informed the Exchange regarding Monthly Business Updates for the month of May 2021,,,Monthly Business Updates,00:00:10,01062021121315,01-Jun-2021 12:13:25,-,False,,,104931173,Automobiles - 4 Wheelers,INE066A01013,Eicher Motors Limited,2021-06-01 12:13:15,EICHERMOT
28-May-2021 16:24:36,,https://nsearchives.nseindia.com/corporate/EICHERMOT_28052021162436_IntimationofConferenceCall28052021Signed.pdf,Eicher Motors Limited has informed the Exchange about Analysts/Institutional Investor Meet/Con. Call Updates,,,Analysts/Institutional Investor Meet/Con. Call Updates,00:00:09,28052021162436,28-May-2021 16:24:45,-,False,,,104926905,Automobiles - 4 Wheelers,INE066A01013,Eicher Motors Limited,2021-05-28 16:24:36,EICHERMOT
28-May-2021 12:20:24,,https://nsearchives.nseindia.com/corporate/EICHERMOT_28052021122024_IntimationofESOPGrantSigned.pdf,Eicher Motors Limited has informed the Exchange regarding Grant of 528500  Options.,,,ESOP/ESOS/ESPS,00:00:07,28052021122024,28-May-2021 12:20:31,-,False,,,104926738,Automobiles - 4 Wheelers,INE066A01013,Eicher Motors Limited,2021-05-28 12:20:24,EICHERMOT
27-May-2021 21:37:42,,https://nsearchives.nseindia.com/corporate/EICHERMOT_27052021213742_EMLInvestorPresentationMay272021Signed.pdf,Eicher Motors Limited has informed the Exchange about Investor Presentation,,,Investor Presentation,00:00:07,27052021213742,27-May-2021 21:37:49,-,False,,,104925150,Automobiles - 4 Wheelers,INE066A01013,Eicher Motors Limited,2021-05-27 21:37:42,EICHERMOT
27-May-2021 20:53:05,,https://nsearchives.nseindia.com/corporate/EICHERMOT_27052021205305_EMLIntimationofAllotmentofSharesSigned.pdf,"Eicher Motors Limited has informed the Exchange regarding allotment of 52500 securities pursuant to ESOP/ESPS at its meeting held on May 27, 2021",,,Allotment of Securities,00:00:11,27052021205305,27-May-2021 20:53:16,-,False,,,104925133,Automobiles - 4 Wheelers,INE066A01013,Eicher Motors Limited,2021-05-27 20:53:05,EICHERMOT
27-May-2021 20:51:23,,https://nsearchives.nseindia.com/corporate/EICHERMOT_27052021205123_EMLIntimationofOpeningofTradingWindowSigned.pdf,Eicher Motors Limited has informed the Exchange regarding 'Intimation of Opening of Trading Window of Eicher Motors Limited'.,,,Updates,00:00:05,27052021205123,27-May-2021 20:51:28,-,False,,,104925131,Automobiles - 4 Wheelers,INE066A01013,Eicher Motors Limited,2021-05-27 20:51:23,EICHERMOT
27-May-2021 19:59:23,,https://nsearchives.nseindia.com/corporate/EICHERMOT_27052021195923_EMLPressReleaseSigned.pdf,"Eicher Motors Limited has informed the Exchange regarding a press release dated May 27, 2021, titled ""Regulation 30 of the SEBI (LODR) Regulations, 2015 - Press Release"".",,,Press Release,00:00:09,27052021195923,27-May-2021 19:59:32,-,False,,,104925108,Automobiles - 4 Wheelers,INE066A01013,Eicher Motors Limited,2021-05-27 19:59:23,EICHERMOT
27-May-2021 19:48:17,,https://nsearchives.nseindia.com/corporate/EICHERMOT_27052021194817_EMLOutcomeBMMay272021Signed.pdf,"Eicher Motors Limited has informed the Exchange that Board of Directors at its meeting held on May 27, 2021, recommended Final Dividend of 17 per equity share.",,,Dividend,00:00:06,27052021194817,27-May-2021 19:48:23,-,False,,,104925102,Automobiles - 4 Wheelers,INE066A01013,Eicher Motors Limited,2021-05-27 19:48:17,EICHERMOT
27-May-2021 19:43:23,,https://nsearchives.nseindia.com/corporate/EMLOutcomeBMMay272021Signed_27052021194323.pdf,"Eicher Motors Limited has submitted to the Exchange, the financial results for the period ended March 31, 2021.",,,Financial Result Updates,00:01:39,27052021194323,27-May-2021 19:45:02,-,False,,,141474,Automobiles - 4 Wheelers,INE066A01013,Eicher Motors Limited,2021-05-27 19:43:23,EICHERMOT
26-May-2021 14:29:19,,https://nsearchives.nseindia.com/corporate/EICHERMOT_26052021142919_IntimationofConferenceCall26052021Signed.pdf,Eicher Motors Limited has informed the Exchange about Analysts/Institutional Investor Meet/Con. Call Updates,,,Analysts/Institutional Investor Meet/Con. Call Updates,00:00:10,26052021142919,26-May-2021 14:29:29,-,False,,,104923632,Automobiles - 4 Wheelers,INE066A01013,Eicher Motors Limited,2021-05-26 14:29:19,EICHERMOT
12-May-2021 16:46:54,,https://nsearchives.nseindia.com/corporate/EICHERMOT_12052021164654_CompanyStatement12052021.pdf,Eicher Motors Limited has informed the Exchange regarding 'Copy of CompanyStatement being issued today.'.,,,Updates,00:00:15,12052021164654,12-May-2021 16:47:09,-,False,,,104904635,Automobiles - 4 Wheelers,INE066A01013,Eicher Motors Limited,2021-05-12 16:46:54,EICHERMOT
01-May-2021 18:46:29,,https://nsearchives.nseindia.com/corporate/EICHERMOT_01052021184629_EMLMonthlySaleVolumeApril2021Signed.pdf,Eicher Motors Limited has informed the Exchange regarding Monthly Business Updates for the month of April 2021,,,Monthly Business Updates,00:00:07,01052021184629,01-May-2021 18:46:36,-,False,,,104890196,Automobiles - 4 Wheelers,INE066A01013,Eicher Motors Limited,2021-05-01 18:46:29,EICHERMOT
01-May-2021 12:22:13,,https://nsearchives.nseindia.com/corporate/EICHERMOT_01052021122213_VECVApril2021SalesUpdate1stMay.pdf,Eicher Motors Limited has informed the Exchange regarding Monthly Business Updates for the month of April 2021,,,Monthly Business Updates,00:00:07,01052021122213,01-May-2021 12:22:20,-,False,,,104889924,Automobiles - 4 Wheelers,INE066A01013,Eicher Motors Limited,2021-05-01 12:22:13,EICHERMOT
27-Apr-2021 05:04:56,,https://nsearchives.nseindia.com/corporate/EICHERMOT_27042021170805_EMLLargeCorporateEntityDisclosure31032021Signed_022.pdf,"Eicher Motors Limited has submitted to the Exchange Annual Disclosure as per SEBI Circular dated November 26, 2018.",,,Annual Disclosure,12:04:09,27042021050456,27-Apr-2021 17:09:05,-,False,,,104882524,Automobiles - 4 Wheelers,INE066A01013,Eicher Motors Limited,2021-04-27 05:04:56,EICHERMOT
08-Apr-2021 15:22:40,,https://nsearchives.nseindia.com/corporate/EICHERMOT_08042021152240_EML_Loss_of_Cert_Dt_8th_Apr_2021_Reg_39_3_1.pdf,Eicher Motors Limited has informed the Exchange about Loss of Share Certificates,,,Loss of Share Certificates,00:00:06,08042021152240,08-Apr-2021 15:22:46,-,False,,,104855564,Automobiles - 4 Wheelers,INE066A01013,Eicher Motors Limited,2021-04-08 15:22:40,EICHERMOT
07-Apr-2021 12:40:41,,https://nsearchives.nseindia.com/corporate/EICHERMOT_07042021124041_IntimationofScheduleofConferenceCall07042021Signed.pdf,Eicher Motors Limited has informed the Exchange about Analysts/Institutional Investor Meet/Con. Call Updates,,,Analysts/Institutional Investor Meet/Con. Call Updates,00:00:06,07042021124041,07-Apr-2021 12:40:47,-,False,,,104852787,Automobiles - 4 Wheelers,INE066A01013,Eicher Motors Limited,2021-04-07 12:40:41,EICHERMOT
01-Apr-2021 18:44:03,,https://nsearchives.nseindia.com/corporate/EICHERMOT_01042021184403_EML_Loss_of_Cert_Dt_01st_Apr_2021_Reg_39_3_1.pdf,Eicher Motors Limited has informed the Exchange about Loss of Share Certificates,,,Loss of Share Certificates,00:00:07,01042021184403,01-Apr-2021 18:44:10,-,False,,,104844963,Automobiles - 4 Wheelers,INE066A01013,Eicher Motors Limited,2021-04-01 18:44:03,EICHERMOT
01-Apr-2021 16:22:58,,https://nsearchives.nseindia.com/corporate/EICHERMOT_01042021162258_SalesMarchSigned.pdf,Eicher Motors Limited has informed the Exchange regarding Monthly Business Updates for the month of March 2021,,,Monthly Business Updates,00:00:06,01042021162258,01-Apr-2021 16:23:04,-,False,,,104844784,Automobiles - 4 Wheelers,INE066A01013,Eicher Motors Limited,2021-04-01 16:22:58,EICHERMOT
01-Apr-2021 13:28:38,,https://nsearchives.nseindia.com/corporate/EICHERMOT_01042021132838_VECVMar2021SalesUpdate.pdf,Eicher Motors Limited has informed the Exchange regarding Monthly Business Updates for the month of March 2021,,,Monthly Business Updates,00:00:05,01042021132838,01-Apr-2021 13:28:43,-,False,,,104844669,Automobiles - 4 Wheelers,INE066A01013,Eicher Motors Limited,2021-04-01 13:28:38,EICHERMOT
31-Mar-2021 15:39:37,,https://nsearchives.nseindia.com/corporate/EICHERMOT_31032021153937_NrcOutcomeSigned31March2021.pdf,Eicher Motors Limited has informed the Exchange regarding 'Grant of options under RSU Plan 2019'.,,,Updates,00:00:08,31032021153937,31-Mar-2021 15:39:45,-,False,,,104841774,Automobiles - 4 Wheelers,INE066A01013,Eicher Motors Limited,2021-03-31 15:39:37,EICHERMOT
30-Mar-2021 10:46:44,,https://nsearchives.nseindia.com/corporate/EICHERMOT_30032021104644_SeInvestor30March21.pdf,Eicher Motors Limited has informed the Exchange about Analysts/Institutional Investor Meet/Con. Call Updates,,,Analysts/Institutional Investor Meet/Con. Call Updates,00:00:05,30032021104644,30-Mar-2021 10:46:49,-,False,,,104838853,Automobiles - 4 Wheelers,INE066A01013,Eicher Motors Limited,2021-03-30 10:46:44,EICHERMOT
26-Mar-2021 12:36:51,,https://nsearchives.nseindia.com/corporate/EICHERMOT_26032021123651_EML_Loss_of_Cert_Dt_26th_Mar_2021_Reg_39_3_1.pdf,Eicher Motors Limited has informed the Exchange about Loss of Share Certificates,,,Loss of Share Certificates,00:00:05,26032021123651,26-Mar-2021 12:36:56,-,False,,,104836262,Automobiles - 4 Wheelers,INE066A01013,Eicher Motors Limited,2021-03-26 12:36:51,EICHERMOT
24-Mar-2021 19:42:09,,https://nsearchives.nseindia.com/corporate/EICHERMOT_24032021194209_SeInvestorSigned24March21.pdf,Eicher Motors Limited has informed the Exchange about Analysts/Institutional Investor Meet/Con. Call Updates,,,Analysts/Institutional Investor Meet/Con. Call Updates,00:00:05,24032021194209,24-Mar-2021 19:42:14,-,False,,,104831851,Automobiles - 4 Wheelers,INE066A01013,Eicher Motors Limited,2021-03-24 19:42:09,EICHERMOT
19-Mar-2021 16:32:19,,https://nsearchives.nseindia.com/corporate/EICHERMOT_19032021163219_EML_Loss_of_Cert_Dt_19th_Mar_2021_Reg_39_3_1.pdf,Eicher Motors Limited has informed the Exchange about Loss of Share Certificates,,,Loss of Share Certificates,00:00:05,19032021163219,19-Mar-2021 16:32:24,-,False,,,104824259,Automobiles - 4 Wheelers,INE066A01013,Eicher Motors Limited,2021-03-19 16:32:19,EICHERMOT
18-Mar-2021 16:24:53,,https://nsearchives.nseindia.com/corporate/EICHERMOT_18032021162453_1TradingWindowClosureSigned.pdf,"Eicher Motors Limited has informed the Exchange regarding the Trading Window closure pursuant to SEBI (Prohibition of Insider Trading) Regulations, 2015",,,Trading Window,00:00:02,18032021162453,18-Mar-2021 16:24:55,-,False,,,104821948,Automobiles - 4 Wheelers,INE066A01013,Eicher Motors Limited,2021-03-18 16:24:53,EICHERMOT
16-Mar-2021 15:36:16,,https://nsearchives.nseindia.com/corporate/EICHERMOT_16032021153616_ScheduleofMeetingwithAnalystsandInvestorsMarch162021.pdf,Eicher Motors Limited has informed the Exchange about Analysts/Institutional Investor Meet/Con. Call Updates,,,Analysts/Institutional Investor Meet/Con. Call Updates,00:00:04,16032021153616,16-Mar-2021 15:36:20,-,False,,,104817383,Automobiles - 4 Wheelers,INE066A01013,Eicher Motors Limited,2021-03-16 15:36:16,EICHERMOT
12-Mar-2021 10:38:00,,https://nsearchives.nseindia.com/corporate/EICHERMOT_12032021103800_SeInvestorCalls12March2021.pdf,Eicher Motors Limited has informed the Exchange about Analysts/Institutional Investor Meet/Con. Call Updates,,,Analysts/Institutional Investor Meet/Con. Call Updates,00:00:13,12032021103800,12-Mar-2021 10:38:13,-,False,,,104812349,Automobiles - 4 Wheelers,INE066A01013,Eicher Motors Limited,2021-03-12 10:38:00,EICHERMOT
08-Mar-2021 10:31:29,,https://nsearchives.nseindia.com/corporate/EICHERMOT_08032021103129_SeInvestorSigned8Mar21.pdf,Eicher Motors Limited has informed the Exchange about Analysts/Institutional Investor Meet/Con. Call Updates,,,Analysts/Institutional Investor Meet/Con. Call Updates,00:00:09,08032021103129,08-Mar-2021 10:31:38,-,False,,,104804538,Automobiles - 4 Wheelers,INE066A01013,Eicher Motors Limited,2021-03-08 10:31:29,EICHERMOT
03-Mar-2021 17:19:40,,https://nsearchives.nseindia.com/corporate/EICHERMOT_03032021171940_SeInvestor3March2021Signed.pdf,Eicher Motors Limited has informed the Exchange about Analysts/Institutional Investor Meet/Con. Call Updates,,,Analysts/Institutional Investor Meet/Con. Call Updates,00:00:07,03032021171940,03-Mar-2021 17:19:47,-,False,,,104798305,Automobiles - 4 Wheelers,INE066A01013,Eicher Motors Limited,2021-03-03 17:19:40,EICHERMOT
03-Mar-2021 11:01:02,,https://nsearchives.nseindia.com/corporate/EICHERMOT_03032021110102_SeInvestor3March21Signed.pdf,Eicher Motors Limited has informed the Exchange about Analysts/Institutional Investor Meet/Con. Call Updates,,,Analysts/Institutional Investor Meet/Con. Call Updates,00:00:04,03032021110102,03-Mar-2021 11:01:06,-,False,,,104798061,Automobiles - 4 Wheelers,INE066A01013,Eicher Motors Limited,2021-03-03 11:01:02,EICHERMOT
01-Mar-2021 16:54:34,,https://nsearchives.nseindia.com/corporate/EICHERMOT_01032021165434_EmlSales1March21Signed.pdf,Eicher Motors Limited has informed the Exchange regarding Monthly Business Updates for the month of February 2021,,,Monthly Business Updates,00:00:03,01032021165434,01-Mar-2021 16:54:37,-,False,,,104792101,Automobiles - 4 Wheelers,INE066A01013,Eicher Motors Limited,2021-03-01 16:54:34,EICHERMOT
01-Mar-2021 13:26:52,,https://nsearchives.nseindia.com/corporate/EICHERMOT_01032021132652_VECVFeb2021SalesUpdate1stMarch21.pdf,Eicher Motors Limited has informed the Exchange regarding Monthly Business Updates for the month of February 2021,,,Monthly Business Updates,00:00:05,01032021132652,01-Mar-2021 13:26:57,-,False,,,104792003,Automobiles - 4 Wheelers,INE066A01013,Eicher Motors Limited,2021-03-01 13:26:52,EICHERMOT
25-Feb-2021 19:48:39,,https://nsearchives.nseindia.com/corporate/EICHERMOT_25022021194839_SeInvestor25Feb21Signed.pdf,Eicher Motors Limited has informed the Exchange about Analysts/Institutional Investor Meet/Con. Call Updates,,,Analysts/Institutional Investor Meet/Con. Call Updates,00:00:05,25022021194839,25-Feb-2021 19:48:44,-,False,,,104788182,Automobiles - 4 Wheelers,INE066A01013,Eicher Motors Limited,2021-02-25 19:48:39,EICHERMOT
23-Feb-2021 11:54:46,,https://nsearchives.nseindia.com/corporate/EICHERMOT_23022021115446_SeIvestorSigned23Feb21.pdf,Eicher Motors Limited has informed the Exchange about Analysts/Institutional Investor Meet/Con. Call Updates,,,Analysts/Institutional Investor Meet/Con. Call Updates,00:00:05,23022021115446,23-Feb-2021 11:54:51,-,False,,,104783772,Automobiles - 4 Wheelers,INE066A01013,Eicher Motors Limited,2021-02-23 11:54:46,EICHERMOT
15-Feb-2021 15:46:43,,https://nsearchives.nseindia.com/corporate/EICHERMOT_15022021154643_ScheduleofMeetingwithAnalystsandInvestorsFebruary152021.pdf,Eicher Motors Limited has informed the Exchange about Analysts/Institutional Investor Meet/Con. Call Updates,,,Analysts/Institutional Investor Meet/Con. Call Updates,00:00:03,15022021154643,15-Feb-2021 15:46:46,-,False,,,104771153,Automobiles - 4 Wheelers,INE066A01013,Eicher Motors Limited,2021-02-15 15:46:43,EICHERMOT
11-Feb-2021 23:19:54,,https://nsearchives.nseindia.com/corporate/EICHERMOT_11022021231954_SeInvestorCall11Feb21Signed.pdf,Eicher Motors Limited has informed the Exchange about Analysts/Institutional Investor Meet/Con. Call Updates,,,Analysts/Institutional Investor Meet/Con. Call Updates,00:00:03,11022021231954,11-Feb-2021 23:19:57,-,False,,,104766064,Automobiles - 4 Wheelers,INE066A01013,Eicher Motors Limited,2021-02-11 23:19:54,EICHERMOT
10-Feb-2021 16:25:20,,https://nsearchives.nseindia.com/corporate/EICHERMOT_10022021162520_SeInvestorPresentationSigned.pdf,Eicher Motors Limited has informed the Exchange about Investor Presentation,,,Investor Presentation,00:00:09,10022021162520,10-Feb-2021 16:25:29,-,False,,,104762576,Automobiles - 4 Wheelers,INE066A01013,Eicher Motors Limited,2021-02-10 16:25:20,EICHERMOT
10-Feb-2021 15:09:14,,https://nsearchives.nseindia.com/corporate/EICHERMOT_10022021150914_6OutcomeofNRCGrantSIGNED.pdf,"Eicher Motors Limited has informed the Exchange regarding 'Intimation of Grant of options under ESOP, 2006 of the Company'.",,,Updates,00:00:03,10022021150914,10-Feb-2021 15:09:17,-,False,,,104762486,Automobiles - 4 Wheelers,INE066A01013,Eicher Motors Limited,2021-02-10 15:09:14,EICHERMOT
10-Feb-2021 15:07:16,,https://nsearchives.nseindia.com/corporate/EICHERMOT_10022021150716_2TradingWindowSIGNED.pdf,"Eicher Motors Limited has informed the Exchange regarding 'Disclosure under Regulation 30 of SEBI (LODR) Regulations, 2015- Intimation of Opening of Trading Window of Eicher Motors Limited'.",,,Updates,00:00:05,10022021150716,10-Feb-2021 15:07:21,-,False,,,104762484,Automobiles - 4 Wheelers,INE066A01013,Eicher Motors Limited,2021-02-10 15:07:16,EICHERMOT
10-Feb-2021 15:05:54,,https://nsearchives.nseindia.com/corporate/EICHERMOT_10022021150554_7ReappointmentofSLSIGNED.pdf,"Eicher Motors Limited has informed the Exchange regarding 'Disclosure under Regulation 30 of SEBI (LODR) Regulations, 2015 - Re-appointment of Managing Director'.",,,Updates,00:00:03,10022021150554,10-Feb-2021 15:05:57,-,False,,,104762482,Automobiles - 4 Wheelers,INE066A01013,Eicher Motors Limited,2021-02-10 15:05:54,EICHERMOT
10-Feb-2021 15:03:47,,https://nsearchives.nseindia.com/corporate/EICHERMOT_10022021150347_3ConclusionSIGNED.pdf,Eicher Motors Limited has informed the Exchange regarding 'Conclusion of Board Meeting'.,,,Updates,00:00:09,10022021150347,10-Feb-2021 15:03:56,-,False,,,104762479,Automobiles - 4 Wheelers,INE066A01013,Eicher Motors Limited,2021-02-10 15:03:47,EICHERMOT
10-Feb-2021 14:55:24,,https://nsearchives.nseindia.com/corporate/EICHERMOT_10022021145524_11BMAllotmentSIGNED.pdf,"Eicher Motors Limited has informed the Exchange regarding allotment of 88122 securities pursuant to ESOP/ESPS at its meeting held on February 10, 2021",,,Allotment of Securities,00:00:04,10022021145524,10-Feb-2021 14:55:28,-,False,,,104762473,Automobiles - 4 Wheelers,INE066A01013,Eicher Motors Limited,2021-02-10 14:55:24,EICHERMOT
10-Feb-2021 14:49:05,,https://nsearchives.nseindia.com/corporate/EICHERMOT_10022021144905_4PressReleaseSIGNED.pdf,"Eicher Motors Limited has informed the Exchange regarding a press release dated February 10, 2021, titled ""Regulation 30 of SEBI (LODR) Regulations, 2015 - Press Release"".",,,Press Release,00:00:03,10022021144905,10-Feb-2021 14:49:08,-,False,,,104762468,Automobiles - 4 Wheelers,INE066A01013,Eicher Motors Limited,2021-02-10 14:49:05,EICHERMOT
10-Feb-2021 14:42:54,,https://nsearchives.nseindia.com/corporate/EICHERMOT_10022021144254_1FinancialsSAndC.pdf,"Eicher Motors Limited has informed the Exchange regarding  Board meeting held on February 10, 2021.",,,Outcome of Board Meeting,00:00:04,10022021144254,10-Feb-2021 14:42:58,-,False,,,104762464,Automobiles - 4 Wheelers,INE066A01013,Eicher Motors Limited,2021-02-10 14:42:54,EICHERMOT
10-Feb-2021 14:41:40,,https://nsearchives.nseindia.com/corporate/1FinancialsSAndC_10022021144140.zip,"Eicher Motors Limited has submitted to the Exchange, the financial results for the period ended December 31, 2020.",,,Financial Result Updates,00:01:21,10022021144140,10-Feb-2021 14:43:01,-,False,,,139882,Automobiles - 4 Wheelers,INE066A01013,Eicher Motors Limited,2021-02-10 14:41:40,EICHERMOT
03-Feb-2021 19:23:10,,https://nsearchives.nseindia.com/corporate/EICHERMOT_03022021192310_SeConCallSigned3Feb21.pdf,Eicher Motors Limited has informed the Exchange about Analysts/Institutional Investor Meet/Con. Call Updates,,,Analysts/Institutional Investor Meet/Con. Call Updates,00:00:11,03022021192310,03-Feb-2021 19:23:21,-,False,,,104749448,Automobiles - 4 Wheelers,INE066A01013,Eicher Motors Limited,2021-02-03 19:23:10,EICHERMOT
03-Feb-2021 14:17:21,,https://nsearchives.nseindia.com/corporate/EICHERMOT_03022021141721_Regulation_39_3__03_02_2021.pdf,Eicher Motors Limited has informed the Exchange about Loss of Share Certificates,,,Loss of Share Certificates,00:00:06,03022021141721,03-Feb-2021 14:17:27,-,False,,,104749028,Automobiles - 4 Wheelers,INE066A01013,Eicher Motors Limited,2021-02-03 14:17:21,EICHERMOT
01-Feb-2021 17:25:40,,https://nsearchives.nseindia.com/corporate/EICHERMOT_01022021172540_SalesVolumeRoyalEnfield.pdf,Eicher Motors Limited has informed the Exchange regarding Monthly Business Updates for the month of January 2021,,,Monthly Business Updates,00:00:05,01022021172540,01-Feb-2021 17:25:45,-,False,,,104744170,Automobiles - 4 Wheelers,INE066A01013,Eicher Motors Limited,2021-02-01 17:25:40,EICHERMOT
01-Feb-2021 14:04:46,,https://nsearchives.nseindia.com/corporate/EICHERMOT_01022021140446_VECVJan2021SalesUpdate1stFeb2021.pdf,Eicher Motors Limited has informed the Exchange regarding Monthly Business Updates for the month of January 2021,,,Monthly Business Updates,00:00:05,01022021140446,01-Feb-2021 14:04:51,-,False,,,104743838,Automobiles - 4 Wheelers,INE066A01013,Eicher Motors Limited,2021-02-01 14:04:46,EICHERMOT
23-Jan-2021 13:16:56,,https://nsearchives.nseindia.com/corporate/EICHERMOT_23012021131656_EML_Loss_of_Cert_Dt_23th_Jan_2021_Reg_39_3_1.pdf,Eicher Motors Limited has informed the Exchange about Loss of Share Certificates,,,Loss of Share Certificates,00:00:04,23012021131656,23-Jan-2021 13:17:00,-,False,,,104731768,Automobiles - 4 Wheelers,INE066A01013,Eicher Motors Limited,2021-01-23 13:16:56,EICHERMOT
21-Jan-2021 12:52:35,,https://nsearchives.nseindia.com/corporate/EICHERMOT_21012021125235_EmlAdverIepf21Jan21Signed.pdf,Eicher Motors Limited has informed the Exchange about Copy of Newspaper Publication,,,Copy of Newspaper Publication,00:00:11,21012021125235,21-Jan-2021 12:52:46,-,False,,,104728102,Automobiles - 4 Wheelers,INE066A01013,Eicher Motors Limited,2021-01-21 12:52:35,EICHERMOT
14-Jan-2021 13:11:07,,https://nsearchives.nseindia.com/corporate/EICHERMOT_14012021131107_SeInvestor14Jan21Signed.pdf,Eicher Motors Limited has informed the Exchange about Analysts/Institutional Investor Meet/Con. Call Updates,,,Analysts/Institutional Investor Meet/Con. Call Updates,00:00:08,14012021131107,14-Jan-2021 13:11:15,-,False,,,104715900,Automobiles - 4 Wheelers,INE066A01013,Eicher Motors Limited,2021-01-14 13:11:07,EICHERMOT
13-Jan-2021 16:19:02,,https://nsearchives.nseindia.com/corporate/EICHERMOT_13012021161902_EML_Loss_of_Cert_Dt_13th_Jan_2021_Reg_39_3_1.pdf,Eicher Motors Limited has informed the Exchange about Loss of Share Certificates,,,Loss of Share Certificates,00:00:04,13012021161902,13-Jan-2021 16:19:06,-,False,,,104714048,Automobiles - 4 Wheelers,INE066A01013,Eicher Motors Limited,2021-01-13 16:19:02,EICHERMOT
06-Jan-2021 22:10:10,,https://nsearchives.nseindia.com/corporate/EICHERMOT_06012021221010_SeInvestors6Jan21Signed.pdf,Eicher Motors Limited has informed the Exchange about Analysts/Institutional Investor Meet/Con. Call Updates,,,Analysts/Institutional Investor Meet/Con. Call Updates,00:00:03,06012021221010,06-Jan-2021 22:10:13,-,False,,,104701932,Automobiles - 4 Wheelers,INE066A01013,Eicher Motors Limited,2021-01-06 22:10:10,EICHERMOT
05-Jan-2021 19:14:29,,https://nsearchives.nseindia.com/corporate/EICHERMOT_05012021191428_EML_Loss_of_Cert_Dt_5th_Jan_2021_Reg_39_3_1.pdf,Eicher Motors Limited has informed the Exchange about Loss of Share Certificates,,,Loss of Share Certificates,00:00:06,05012021191429,05-Jan-2021 19:14:35,-,False,,,104699549,Automobiles - 4 Wheelers,INE066A01013,Eicher Motors Limited,2021-01-05 19:14:29,EICHERMOT
05-Jan-2021 19:14:28,,https://nsearchives.nseindia.com/corporate/EICHERMOT_05012021191428_EML_Loss_of_Cert_Dt_4th_Jan_2021_Reg_39_3_1.pdf,Eicher Motors Limited has informed the Exchange about Loss of Share Certificates,,,Loss of Share Certificates,00:00:06,05012021191428,05-Jan-2021 19:14:34,-,False,,,104699548,Automobiles - 4 Wheelers,INE066A01013,Eicher Motors Limited,2021-01-05 19:14:28,EICHERMOT
05-Jan-2021 17:20:49,,https://nsearchives.nseindia.com/corporate/EICHERMOT_05012021172049_SeInvestor5Jan21Signed.pdf,Eicher Motors Limited has informed the Exchange about Analysts/Institutional Investor Meet/Con. Call Updates,,,Analysts/Institutional Investor Meet/Con. Call Updates,00:00:03,05012021172049,05-Jan-2021 17:20:52,-,False,,,104699465,Automobiles - 4 Wheelers,INE066A01013,Eicher Motors Limited,2021-01-05 17:20:49,EICHERMOT
01-Jan-2021 17:43:05,,https://nsearchives.nseindia.com/corporate/EICHERMOT_01012021174305_Sales.pdf,Eicher Motors Limited has informed the Exchange regarding Monthly Business Updates for the month of December 2020,,,Monthly Business Updates,00:00:04,01012021174305,01-Jan-2021 17:43:09,-,False,,,104694495,Automobiles - 4 Wheelers,INE066A01013,Eicher Motors Limited,2021-01-01 17:43:05,EICHERMOT
01-Jan-2021 12:40:13,,https://nsearchives.nseindia.com/corporate/EICHERMOT_01012021124013_VECVDecember2020SalesUpdate.pdf,Eicher Motors Limited has informed the Exchange regarding Monthly Business Updates for the month of December 2020,,,Monthly Business Updates,00:00:10,01012021124013,01-Jan-2021 12:40:23,-,False,,,104694339,Automobiles - 4 Wheelers,INE066A01013,Eicher Motors Limited,2021-01-01 12:40:13,EICHERMOT
28-Dec-2020 18:42:53,,https://nsearchives.nseindia.com/corporate/EICHERMOT_28122020184253_ScheduleofMeeting.pdf,Eicher Motors Limited has informed the Exchange about Analysts/Institutional Investor Meet/Con. Call Updates,,,Analysts/Institutional Investor Meet/Con. Call Updates,00:00:04,28122020184253,28-Dec-2020 18:42:57,-,False,,,104684207,Automobiles - 4 Wheelers,INE066A01013,Eicher Motors Limited,2020-12-28 18:42:53,EICHERMOT
21-Dec-2020 13:17:42,,https://nsearchives.nseindia.com/corporate/EICHERMOT_21122020131742_SeInvestorSigned21Dec20.pdf,Eicher Motors Limited has informed the Exchange about Analysts/Institutional Investor Meet/Con. Call Updates,,,Analysts/Institutional Investor Meet/Con. Call Updates,00:00:06,21122020131742,21-Dec-2020 13:17:48,-,False,,,104674302,Automobiles - 4 Wheelers,INE066A01013,Eicher Motors Limited,2020-12-21 13:17:42,EICHERMOT
19-Dec-2020 21:16:47,,https://nsearchives.nseindia.com/corporate/EICHERMOT_19122020211647_Regulation_39_3__19_12_2020.pdf,Eicher Motors Limited has informed the Exchange about Loss of Share Certificates,,,Loss of Share Certificates,00:00:04,19122020211647,19-Dec-2020 21:16:51,-,False,,,104673225,Automobiles - 4 Wheelers,INE066A01013,Eicher Motors Limited,2020-12-19 21:16:47,EICHERMOT
17-Dec-2020 14:24:07,,https://nsearchives.nseindia.com/corporate/EICHERMOT_17122020142407_Regulation_39_3__17_12_2020.pdf,Eicher Motors Limited has informed the Exchange about Loss of Share Certificates,,,Loss of Share Certificates,00:15:01,17122020142407,17-Dec-2020 14:39:08,-,False,,,104669572,Automobiles - 4 Wheelers,INE066A01013,Eicher Motors Limited,2020-12-17 14:24:07,EICHERMOT
14-Dec-2020 17:18:23,,https://nsearchives.nseindia.com/corporate/EICHERMOT_14122020171823_SeInvestor14Dec20.pdf,Eicher Motors Limited has informed the Exchange about Analysts/Institutional Investor Meet/Con. Call Updates,,,Analysts/Institutional Investor Meet/Con. Call Updates,00:00:06,14122020171823,14-Dec-2020 17:18:29,-,False,,,104662758,Automobiles - 4 Wheelers,INE066A01013,Eicher Motors Limited,2020-12-14 17:18:23,EICHERMOT
14-Dec-2020 13:36:55,,https://nsearchives.nseindia.com/corporate/EICHERMOT_14122020133655_1TwClosureSigned14Dec20.pdf,"Eicher Motors Limited has informed the Exchange regarding the Trading Window closure pursuant to SEBI (Prohibition of Insider Trading) Regulations, 2015",,,Trading Window,00:00:06,14122020133655,14-Dec-2020 13:37:01,-,False,,,104662654,Automobiles - 4 Wheelers,INE066A01013,Eicher Motors Limited,2020-12-14 13:36:55,EICHERMOT
11-Dec-2020 15:17:17,,https://nsearchives.nseindia.com/corporate/EICHERMOT_11122020151717_Regulation_39_3__11_12_2020.pdf,Eicher Motors Limited has informed the Exchange about Loss of Share Certificates,,,Loss of Share Certificates,00:00:07,11122020151717,11-Dec-2020 15:17:24,-,False,,,104660007,Automobiles - 4 Wheelers,INE066A01013,Eicher Motors Limited,2020-12-11 15:17:17,EICHERMOT
10-Dec-2020 13:16:05,,https://nsearchives.nseindia.com/corporate/EICHERMOT_10122020131605_EmlRpt10Dec20.pdf,"Pursuant to Regulation 23(9) of SEBI (Listing Obligations and Disclosure Requirements) Regulations, 2015, please find attached details of Related Party Transactions on consolidated basis in the format specified in the applicable accounting standards for the half year ended September 30, 2020.",,,Related Party Transactions,00:00:07,10122020131605,10-Dec-2020 13:16:12,-,False,,,104657327,Automobiles - 4 Wheelers,INE066A01013,Eicher Motors Limited,2020-12-10 13:16:05,EICHERMOT
09-Dec-2020 19:57:18,,https://nsearchives.nseindia.com/corporate/EICHERMOT_09122020195718_SeInvestor9Dec20.pdf,Eicher Motors Limited has informed the Exchange about Analysts/Institutional Investor Meet/Con. Call Updates,,,Analysts/Institutional Investor Meet/Con. Call Updates,00:00:09,09122020195718,09-Dec-2020 19:57:27,-,False,,,104655565,Automobiles - 4 Wheelers,INE066A01013,Eicher Motors Limited,2020-12-09 19:57:18,EICHERMOT
08-Dec-2020 12:00:47,,https://nsearchives.nseindia.com/corporate/EICHERMOT_08122020120047_SeInvestor8Dec20.pdf,Eicher Motors Limited has informed the Exchange about Analysts/Institutional Investor Meet/Con. Call Updates,,,Analysts/Institutional Investor Meet/Con. Call Updates,00:00:11,08122020120047,08-Dec-2020 12:00:58,-,False,,,104652892,Automobiles - 4 Wheelers,INE066A01013,Eicher Motors Limited,2020-12-08 12:00:47,EICHERMOT
07-Dec-2020 10:59:01,,https://nsearchives.nseindia.com/corporate/EICHERMOT_07122020105901_SeInvestor7Dec20.pdf,Eicher Motors Limited has informed the Exchange about Analysts/Institutional Investor Meet/Con. Call Updates,,,Analysts/Institutional Investor Meet/Con. Call Updates,00:00:05,07122020105901,07-Dec-2020 10:59:06,-,False,,,104650371,Automobiles - 4 Wheelers,INE066A01013,Eicher Motors Limited,2020-12-07 10:59:01,EICHERMOT
05-Dec-2020 20:04:50,,https://nsearchives.nseindia.com/corporate/EICHERMOT_05122020200450_PressReleaseSIGNED.pdf,"Eicher Motors Limited has informed the Exchange regarding a press release dated December 05, 2020, titled ""Regulation 30 of the SEBI (LODR) Regulations, 2015 - Press Release"".",,,Press Release,00:00:09,05122020200450,05-Dec-2020 20:04:59,-,False,,,104649356,Automobiles - 4 Wheelers,INE066A01013,Eicher Motors Limited,2020-12-05 20:04:50,EICHERMOT
02-Dec-2020 15:46:28,,https://nsearchives.nseindia.com/corporate/EICHERMOT_02122020154628_SeInvestor2Dec20.pdf,Eicher Motors Limited has informed the Exchange about Analysts/Institutional Investor Meet/Con. Call Updates,,,Analysts/Institutional Investor Meet/Con. Call Updates,00:00:05,02122020154628,02-Dec-2020 15:46:33,-,False,,,104643135,Automobiles - 4 Wheelers,INE066A01013,Eicher Motors Limited,2020-12-02 15:46:28,EICHERMOT
01-Dec-2020 15:30:38,,https://nsearchives.nseindia.com/corporate/EICHERMOT_01122020153038_Salesvolume.pdf,Eicher Motors Limited has informed the Exchange regarding Monthly Business Updates for the month of November 2020,,,Monthly Business Updates,00:00:05,01122020153038,01-Dec-2020 15:30:43,-,False,,,104640722,Automobiles - 4 Wheelers,INE066A01013,Eicher Motors Limited,2020-12-01 15:30:38,EICHERMOT
01-Dec-2020 13:42:58,,https://nsearchives.nseindia.com/corporate/EICHERMOT_01122020134258_VECVNovember2020SalesUpdate.pdf,Eicher Motors Limited has informed the Exchange regarding Monthly Business Updates for the month of November 2020,,,Monthly Business Updates,00:00:07,01122020134258,01-Dec-2020 13:43:05,-,False,,,104640397,Automobiles - 4 Wheelers,INE066A01013,Eicher Motors Limited,2020-12-01 13:42:58,EICHERMOT
01-Dec-2020 10:59:22,,https://nsearchives.nseindia.com/corporate/EICHERMOT_01122020105922_SeInvestor1Dec20.pdf,Eicher Motors Limited has informed the Exchange about Analysts/Institutional Investor Meet/Con. Call Updates,,,Analysts/Institutional Investor Meet/Con. Call Updates,00:00:08,01122020105922,01-Dec-2020 10:59:30,-,False,,,104640327,Automobiles - 4 Wheelers,INE066A01013,Eicher Motors Limited,2020-12-01 10:59:22,EICHERMOT
23-Nov-2020 15:33:50,,https://nsearchives.nseindia.com/corporate/EICHERMOT_23112020153350_Regulation_39_3__23_11_2020.pdf,Eicher Motors Limited has informed the Exchange about Loss of Share Certificates,,,Loss of Share Certificates,00:00:05,23112020153350,23-Nov-2020 15:33:55,-,False,,,104628342,Automobiles - 4 Wheelers,INE066A01013,Eicher Motors Limited,2020-11-23 15:33:50,EICHERMOT
19-Nov-2020 20:45:39,,https://nsearchives.nseindia.com/corporate/EICHERMOT_19112020204539_SeInvestor19Nov20.pdf,Eicher Motors Limited has informed the Exchange about Analysts/Institutional Investor Meet/Con. Call Updates,,,Analysts/Institutional Investor Meet/Con. Call Updates,00:00:03,19112020204539,19-Nov-2020 20:45:42,-,False,,,104623408,Automobiles - 4 Wheelers,INE066A01013,Eicher Motors Limited,2020-11-19 20:45:39,EICHERMOT
19-Nov-2020 09:32:19,,https://nsearchives.nseindia.com/corporate/EICHERMOT_19112020093219_Regulation_39_3__19_11_2020.pdf,Eicher Motors Limited has informed the Exchange about Loss of Share Certificates,,,Loss of Share Certificates,00:00:05,19112020093219,19-Nov-2020 09:32:24,-,False,,,104622331,Automobiles - 4 Wheelers,INE066A01013,Eicher Motors Limited,2020-11-19 09:32:19,EICHERMOT
12-Nov-2020 18:47:28,,https://nsearchives.nseindia.com/corporate/EICHERMOT_12112020184727_5SeInvestorPresentationCombinedSigned.pdf,Eicher Motors Limited has informed the Exchange about Investor Presentation,,,Investor Presentation,00:00:09,12112020184728,12-Nov-2020 18:47:37,-,False,,,104613069,Automobiles - 4 Wheelers,INE066A01013,Eicher Motors Limited,2020-11-12 18:47:28,EICHERMOT
12-Nov-2020 17:32:43,,https://nsearchives.nseindia.com/corporate/EICHERMOT_12112020173243_3ConclusionOfBM12Nov2020.pdf,Eicher Motors Limited has informed the Exchange regarding 'Conclusion of Board meeting'.,,,Updates,00:00:21,12112020173243,12-Nov-2020 17:33:04,-,False,,,104612913,Automobiles - 4 Wheelers,INE066A01013,Eicher Motors Limited,2020-11-12 17:32:43,EICHERMOT
12-Nov-2020 17:15:05,,https://nsearchives.nseindia.com/corporate/EICHERMOT_12112020171505_2TradingWindowOpeningSigned.pdf,"Eicher Motors Limited has informed the Exchange regarding 'Regulation 30 of the SEBI (LODR) Regulations, 2015 - Opening of Trading Window of Eicher Motors Limited'.",,,Updates,00:00:04,12112020171505,12-Nov-2020 17:15:09,-,False,,,104612869,Automobiles - 4 Wheelers,INE066A01013,Eicher Motors Limited,2020-11-12 17:15:05,EICHERMOT
12-Nov-2020 17:09:36,,https://nsearchives.nseindia.com/corporate/EICHERMOT_12112020170936_4PressReleaseSigned.pdf,"Eicher Motors Limited has informed the Exchange regarding a press release dated November 12, 2020, titled ""Regulation 30 of the SEBI (LODR) Regulations, 2015 - Press Release"".",,,Press Release,00:00:02,12112020170936,12-Nov-2020 17:09:38,-,False,,,104612859,Automobiles - 4 Wheelers,INE066A01013,Eicher Motors Limited,2020-11-12 17:09:36,EICHERMOT
12-Nov-2020 16:59:38,,https://nsearchives.nseindia.com/corporate/EICHERMOT_12112020165938_EMLResultsSignedQ2.pdf,"Eicher Motors Limited has informed the Exchange regarding  Board meeting held on November 12, 2020.",,,Outcome of Board Meeting,00:00:06,12112020165938,12-Nov-2020 16:59:44,-,False,,,104612838,Automobiles - 4 Wheelers,INE066A01013,Eicher Motors Limited,2020-11-12 16:59:38,EICHERMOT
12-Nov-2020 16:56:24,,https://nsearchives.nseindia.com/corporate/EMLResultsSignedQ2_12112020165624.zip,"Eicher Motors Limited has submitted to the Exchange, the financial results for the period ended September 30, 2020.",,,Financial Result Updates,00:01:41,12112020165624,12-Nov-2020 16:58:05,-,False,,,138539,Automobiles - 4 Wheelers,INE066A01013,Eicher Motors Limited,2020-11-12 16:56:24,EICHERMOT
09-Nov-2020 18:23:18,,https://nsearchives.nseindia.com/corporate/EICHERMOT_09112020182318_SeConCall9Nov2020.pdf,Eicher Motors Limited has informed the Exchange about Analysts/Institutional Investor Meet/Con. Call Updates,,,Analysts/Institutional Investor Meet/Con. Call Updates,00:00:05,09112020182318,09-Nov-2020 18:23:23,-,False,,,104604836,Automobiles - 4 Wheelers,INE066A01013,Eicher Motors Limited,2020-11-09 18:23:18,EICHERMOT
03-Nov-2020 14:18:15,,https://nsearchives.nseindia.com/corporate/EICHERMOT_03112020141815_Regulation_39_3__03_11_2020.pdf,Eicher Motors Limited has informed the Exchange about Loss of Share Certificates,,,Loss of Share Certificates,00:00:05,03112020141815,03-Nov-2020 14:18:20,-,False,,,104593438,Automobiles - 4 Wheelers,INE066A01013,Eicher Motors Limited,2020-11-03 14:18:15,EICHERMOT
01-Nov-2020 16:38:54,,https://nsearchives.nseindia.com/corporate/EICHERMOT_01112020163854_VECVOctober2020SalesUpdate.pdf,Eicher Motors Limited has informed the Exchange regarding Monthly Business Updates for the month of October 2020,,,Monthly Business Updates,00:00:05,01112020163854,01-Nov-2020 16:38:59,-,False,,,104589535,Automobiles - 4 Wheelers,INE066A01013,Eicher Motors Limited,2020-11-01 16:38:54,EICHERMOT
01-Nov-2020 14:25:35,,https://nsearchives.nseindia.com/corporate/EICHERMOT_01112020142535_salesvolume.pdf,Eicher Motors Limited has informed the Exchange regarding Monthly Business Updates for the month of October 2020,,,Monthly Business Updates,00:00:05,01112020142535,01-Nov-2020 14:25:40,-,False,,,104589525,Automobiles - 4 Wheelers,INE066A01013,Eicher Motors Limited,2020-11-01 14:25:35,EICHERMOT
31-Oct-2020 18:29:18,,https://nsearchives.nseindia.com/corporate/EICHERMOT_31102020182918_Reg30.pdf,"Eicher Motors Limited has informed the Exchange regarding 'Disclosure under Regulation 30 of the SEBI (LODR) Regulations, 2015'.",,,Updates,00:00:03,31102020182918,31-Oct-2020 18:29:21,-,False,,,104589428,Automobiles - 4 Wheelers,INE066A01013,Eicher Motors Limited,2020-10-31 18:29:18,EICHERMOT
26-Oct-2020 16:22:46,,https://nsearchives.nseindia.com/corporate/EICHERMOT_26102020162246_Regulation_39_3__26_10_2020.pdf,Eicher Motors Limited has informed the Exchange about Loss of Share Certificates,,,Loss of Share Certificates,00:00:05,26102020162246,26-Oct-2020 16:22:51,-,False,,,104578093,Automobiles - 4 Wheelers,INE066A01013,Eicher Motors Limited,2020-10-26 16:22:46,EICHERMOT
21-Oct-2020 15:16:00,,https://nsearchives.nseindia.com/corporate/EICHERMOT_21102020151600_Intimation.pdf,"Eicher Motors Limited has informed the Exchange regarding 'Disclosure under Regulation 30 of SEBI (LODR) Regulations, 2015'.",,,Updates,00:00:15,21102020151600,21-Oct-2020 15:16:15,-,False,,,104571505,Automobiles - 4 Wheelers,INE066A01013,Eicher Motors Limited,2020-10-21 15:16:00,EICHERMOT
20-Oct-2020 13:09:51,,https://nsearchives.nseindia.com/corporate/EICHERMOT_20102020130951_SeInvestor20Oct20.pdf,Eicher Motors Limited has informed the Exchange about Analysts/Institutional Investor Meet/Con. Call Updates,,,Analysts/Institutional Investor Meet/Con. Call Updates,00:00:05,20102020130951,20-Oct-2020 13:09:56,-,False,,,104569261,Automobiles - 4 Wheelers,INE066A01013,Eicher Motors Limited,2020-10-20 13:09:51,EICHERMOT
09-Oct-2020 16:04:45,,https://nsearchives.nseindia.com/corporate/EICHERMOT_09102020160445_SeInvestor09Oct2020.pdf,Eicher Motors Limited has informed the Exchange about Analysts/Institutional Investor Meet/Con. Call Updates,,,Analysts/Institutional Investor Meet/Con. Call Updates,00:00:03,09102020160445,09-Oct-2020 16:04:48,-,False,,,104553412,Automobiles - 4 Wheelers,INE066A01013,Eicher Motors Limited,2020-10-09 16:04:45,EICHERMOT
09-Oct-2020 14:58:16,,https://nsearchives.nseindia.com/corporate/EICHERMOT_09102020145816_Regulation_39_3__09_10_2020.pdf,Eicher Motors Limited has informed the Exchange about Loss of Share Certificates,,,Loss of Share Certificates,00:00:08,09102020145816,09-Oct-2020 14:58:24,-,False,,,104553369,Automobiles - 4 Wheelers,INE066A01013,Eicher Motors Limited,2020-10-09 14:58:16,EICHERMOT
05-Oct-2020 16:44:10,,https://nsearchives.nseindia.com/corporate/EICHERMOT_05102020164410_SeInvestor5Oct2020.pdf,Eicher Motors Limited has informed the Exchange about Analysts/Institutional Investor Meet/Con. Call Updates,,,Analysts/Institutional Investor Meet/Con. Call Updates,00:00:05,05102020164410,05-Oct-2020 16:44:15,-,False,,,104544767,Automobiles - 4 Wheelers,INE066A01013,Eicher Motors Limited,2020-10-05 16:44:10,EICHERMOT
02-Oct-2020 17:31:10,,https://nsearchives.nseindia.com/corporate/EICHERMOT_02102020173110_Regulation_39_3__02_10_2020.pdf,Eicher Motors Limited has informed the Exchange about Loss of Share Certificates,,,Loss of Share Certificates,00:00:04,02102020173110,02-Oct-2020 17:31:14,-,False,,,104543213,Automobiles - 4 Wheelers,INE066A01013,Eicher Motors Limited,2020-10-02 17:31:10,EICHERMOT
01-Oct-2020 16:38:38,,https://nsearchives.nseindia.com/corporate/EICHERMOT_01102020163838_Volume.pdf,Eicher Motors Limited has informed the Exchange regarding Monthly Business Updates for the month of September 2020,,,Monthly Business Updates,00:00:05,01102020163838,01-Oct-2020 16:38:43,-,False,,,104541981,Automobiles - 4 Wheelers,INE066A01013,Eicher Motors Limited,2020-10-01 16:38:38,EICHERMOT
01-Oct-2020 15:16:10,,https://nsearchives.nseindia.com/corporate/EICHERMOT_01102020151610_VECVSept2020SalesUpdate.pdf,Eicher Motors Limited has informed the Exchange regarding Monthly Business Updates for the month of September 2020,,,Monthly Business Updates,00:00:05,01102020151610,01-Oct-2020 15:16:15,-,False,,,104541837,Automobiles - 4 Wheelers,INE066A01013,Eicher Motors Limited,2020-10-01 15:16:10,EICHERMOT
29-Sep-2020 13:55:59,,https://nsearchives.nseindia.com/corporate/EICHERMOT_29092020135559_Meet.pdf,Eicher Motors Limited has informed the Exchange about Analysts/Institutional Investor Meet/Con. Call Updates,,,Analysts/Institutional Investor Meet/Con. Call Updates,00:00:09,29092020135559,29-Sep-2020 13:56:08,-,False,,,104535474,Automobiles - 4 Wheelers,INE066A01013,Eicher Motors Limited,2020-09-29 13:55:59,EICHERMOT
25-Sep-2020 18:12:29,,https://nsearchives.nseindia.com/corporate/EICHERMOT_25092020181229_Regulation_39_3__25_09_2020.pdf,Eicher Motors Limited has informed the Exchange about Loss of Share Certificates,,,Loss of Share Certificates,00:00:04,25092020181229,25-Sep-2020 18:12:33,-,False,,,104531051,Automobiles - 4 Wheelers,INE066A01013,Eicher Motors Limited,2020-09-25 18:12:29,EICHERMOT
24-Sep-2020 18:55:23,,https://nsearchives.nseindia.com/corporate/EICHERMOT_24092020185523_SeInvestor24Sep20.pdf,Eicher Motors Limited has informed the Exchange about Analysts/Institutional Investor Meet/Con. Call Updates,,,Analysts/Institutional Investor Meet/Con. Call Updates,00:00:04,24092020185523,24-Sep-2020 18:55:27,-,False,,,104528861,Automobiles - 4 Wheelers,INE066A01013,Eicher Motors Limited,2020-09-24 18:55:23,EICHERMOT
18-Sep-2020 20:13:15,,https://nsearchives.nseindia.com/corporate/EICHERMOT_18092020201315_SeInvestor18Sep2020.pdf,Eicher Motors Limited has informed the Exchange about Analysts/Institutional Investor Meet/Con. Call Updates,,,Analysts/Institutional Investor Meet/Con. Call Updates,00:00:03,18092020201315,18-Sep-2020 20:13:18,-,False,,,104519834,Automobiles - 4 Wheelers,INE066A01013,Eicher Motors Limited,2020-09-18 20:13:15,EICHERMOT
18-Sep-2020 18:07:46,,https://nsearchives.nseindia.com/corporate/EICHERMOT_18092020180746_Regulation_39_3__18_09_2020.pdf,Eicher Motors Limited has informed the Exchange about Loss of Share Certificates,,,Loss of Share Certificates,00:00:04,18092020180746,18-Sep-2020 18:07:50,-,False,,,104519753,Automobiles - 4 Wheelers,INE066A01013,Eicher Motors Limited,2020-09-18 18:07:46,EICHERMOT
16-Sep-2020 15:23:03,,https://nsearchives.nseindia.com/corporate/EICHERMOT_16092020152303_SeInvestor16Sep2020.pdf,Eicher Motors Limited has informed the Exchange about Analysts/Institutional Investor Meet/Con. Call Updates,,,Analysts/Institutional Investor Meet/Con. Call Updates,00:00:04,16092020152303,16-Sep-2020 15:23:07,-,False,,,104515556,Automobiles - 4 Wheelers,INE066A01013,Eicher Motors Limited,2020-09-16 15:23:03,EICHERMOT
14-Sep-2020 13:28:14,,https://nsearchives.nseindia.com/corporate/EICHERMOT_14092020132814_1TradingWindowClosure.pdf,"Eicher Motors Limited has informed the Exchange regarding the Trading Window closure pursuant to SEBI (Prohibition of Insider Trading) Regulations, 2015",,,Trading Window,00:00:05,14092020132814,14-Sep-2020 13:28:19,-,False,,,104510738,Automobiles - 4 Wheelers,INE066A01013,Eicher Motors Limited,2020-09-14 13:28:14,EICHERMOT
02-Sep-2020 19:58:31,,https://nsearchives.nseindia.com/corporate/EICHERMOT_02092020195831_SeInvestorCall2Sep.pdf,Eicher Motors Limited has informed the Exchange about Analysts/Institutional Investor Meet/Con. Call Updates,,,Analysts/Institutional Investor Meet/Con. Call Updates,00:00:04,02092020195831,02-Sep-2020 19:58:35,-,False,,,104492748,Automobiles - 4 Wheelers,INE066A01013,Eicher Motors Limited,2020-09-02 19:58:31,EICHERMOT
02-Sep-2020 17:09:44,,https://nsearchives.nseindia.com/corporate/EICHERMOT_02092020170944_SeIntimation2Sep2020.pdf,Eicher Motors Limited has informed the Exchange about Copy of Newspaper Publication,,,Copy of Newspaper Publication,00:00:04,02092020170944,02-Sep-2020 17:09:48,-,False,,,104492578,Automobiles - 4 Wheelers,INE066A01013,Eicher Motors Limited,2020-09-02 17:09:44,EICHERMOT
01-Sep-2020 13:33:07,,https://nsearchives.nseindia.com/corporate/EICHERMOT_01092020133307_Salesvolume.pdf,Eicher Motors Limited has informed the Exchange regarding Monthly Business Updates for the month of August 2020 pertaining to Eicher Motors Limited,,,Monthly Business Updates,00:00:04,01092020133307,01-Sep-2020 13:33:11,-,False,,,104490308,Automobiles - 4 Wheelers,INE066A01013,Eicher Motors Limited,2020-09-01 13:33:07,EICHERMOT
01-Sep-2020 13:28:10,,https://nsearchives.nseindia.com/corporate/EICHERMOT_01092020132810_VECVAug2020SalesUpdate.pdf,Eicher Motors Limited has informed the Exchange regarding Monthly Business Updates for the month of August 2020,,,Monthly Business Updates,00:00:04,01092020132810,01-Sep-2020 13:28:14,-,False,,,104490307,Automobiles - 4 Wheelers,INE066A01013,Eicher Motors Limited,2020-09-01 13:28:10,EICHERMOT
31-Aug-2020 10:48:30,,https://nsearchives.nseindia.com/corporate/EICHERMOT_31082020104830_SeAug312020.pdf,Eicher Motors Limited has informed the Exchange about Analysts/Institutional Investor Meet/Con. Call Updates,,,Analysts/Institutional Investor Meet/Con. Call Updates,00:00:03,31082020104830,31-Aug-2020 10:48:33,-,False,,,104488094,Automobiles - 4 Wheelers,INE066A01013,Eicher Motors Limited,2020-08-31 10:48:30,EICHERMOT
26-Aug-2020 20:15:17,,https://nsearchives.nseindia.com/corporate/EICHERMOT_26082020201517_EmlSeSigned26Aug2020.pdf,Eicher Motors Limited has informed the Exchange about Analysts/Institutional Investor Meet/Con. Call Updates,,,Analysts/Institutional Investor Meet/Con. Call Updates,00:00:06,26082020201517,26-Aug-2020 20:15:23,-,False,,,104481100,Automobiles - 4 Wheelers,INE066A01013,Eicher Motors Limited,2020-08-26 20:15:17,EICHERMOT
26-Aug-2020 14:03:08,,https://nsearchives.nseindia.com/corporate/EICHERMOT_26082020140307_Reg_39_3_26_08_2020_Anurag_Ajay.pdf,Eicher Motors Limited has informed the Exchange about Loss of Share Certificates,,,Loss of Share Certificates,00:00:06,26082020140308,26-Aug-2020 14:03:14,-,False,,,104480821,Automobiles - 4 Wheelers,INE066A01013,Eicher Motors Limited,2020-08-26 14:03:08,EICHERMOT
26-Aug-2020 14:03:08,,https://nsearchives.nseindia.com/corporate/EICHERMOT_26082020140307_Reg_39_3_26_08_2020_BDJain.pdf,Eicher Motors Limited has informed the Exchange about Loss of Share Certificates,,,Loss of Share Certificates,00:00:08,26082020140308,26-Aug-2020 14:03:16,-,False,,,104480822,Automobiles - 4 Wheelers,INE066A01013,Eicher Motors Limited,2020-08-26 14:03:08,EICHERMOT
26-Aug-2020 14:03:07,,https://nsearchives.nseindia.com/corporate/EICHERMOT_26082020140307_Reg_39_3_26_08_2020_Somnath.pdf,Eicher Motors Limited has informed the Exchange about Loss of Share Certificates,,,Loss of Share Certificates,00:00:05,26082020140307,26-Aug-2020 14:03:12,-,False,,,104480820,Automobiles - 4 Wheelers,INE066A01013,Eicher Motors Limited,2020-08-26 14:03:07,EICHERMOT
26-Aug-2020 13:57:50,,https://nsearchives.nseindia.com/corporate/EICHERMOT_26082020135750_Reg_39_3_26_08_2020_Anjana.pdf,Eicher Motors Limited has informed the Exchange about Loss of Share Certificates,,,Loss of Share Certificates,00:00:05,26082020135750,26-Aug-2020 13:57:55,-,False,,,104480815,Automobiles - 4 Wheelers,INE066A01013,Eicher Motors Limited,2020-08-26 13:57:50,EICHERMOT
25-Aug-2020 15:45:49,,https://nsearchives.nseindia.com/corporate/EICHERMOT_25082020154549_VECVCOVID.pdf,"Eicher Motors Limited has informed the Exchange regarding 'Disclosure under Regulation 30 of SEBI (LODR) Regulations, 2015- Material Impact of COVID 19 Pandemic on VE Commercial Vehicles Limited, an unlisted material subsidiary of Eicher Motors Limited'.",,,Updates,00:00:05,25082020154549,25-Aug-2020 15:45:54,-,False,,,104478849,Automobiles - 4 Wheelers,INE066A01013,Eicher Motors Limited,2020-08-25 15:45:49,EICHERMOT
22-Aug-2020 20:13:35,,https://nsearchives.nseindia.com/corporate/EICHERMOT_22082020201335_Regulation_39_3__22_08_2020.pdf,Eicher Motors Limited has informed the Exchange about Loss of Share Certificates,,,Loss of Share Certificates,00:00:03,22082020201335,22-Aug-2020 20:13:38,-,False,,,104475285,Automobiles - 4 Wheelers,INE066A01013,Eicher Motors Limited,2020-08-22 20:13:35,EICHERMOT
19-Aug-2020 13:20:39,,https://nsearchives.nseindia.com/corporate/EICHERMOT_19082020132039_SeInvestor19Aug20.pdf,Eicher Motors Limited has informed the Exchange about Analysts/Institutional Investor Meet/Con. Call Updates,,,Analysts/Institutional Investor Meet/Con. Call Updates,00:00:14,19082020132039,19-Aug-2020 13:20:53,-,False,,,104469051,Automobiles - 4 Wheelers,INE066A01013,Eicher Motors Limited,2020-08-19 13:20:39,EICHERMOT
14-Aug-2020 14:33:28,,https://nsearchives.nseindia.com/corporate/EICHERMOT_14082020143328_7SeIntimationNewspaperSigned.pdf,Eicher Motors Limited has informed the Exchange about Copy of Newspaper Publication,,,Copy of Newspaper Publication,00:00:06,14082020143328,14-Aug-2020 14:33:34,-,False,,,104461820,Automobiles - 4 Wheelers,INE066A01013,Eicher Motors Limited,2020-08-14 14:33:28,EICHERMOT
14-Aug-2020 14:30:04,,https://nsearchives.nseindia.com/corporate/EICHERMOT_14082020143004_InvestoCall14Aug20.pdf,Eicher Motors Limited has informed the Exchange about Analysts/Institutional Investor Meet/Con. Call Updates,,,Analysts/Institutional Investor Meet/Con. Call Updates,00:09:54,14082020143004,14-Aug-2020 14:39:58,-,False,,,104461816,Automobiles - 4 Wheelers,INE066A01013,Eicher Motors Limited,2020-08-14 14:30:04,EICHERMOT
13-Aug-2020 18:16:17,,https://nsearchives.nseindia.com/corporate/EICHERMOT_13082020181617_InvestorPresntation.pdf,Eicher Motors Limited has informed the Exchange about Investor Presentation,,,Investor Presentation,00:00:08,13082020181617,13-Aug-2020 18:16:25,-,False,,,104458953,Automobiles - 4 Wheelers,INE066A01013,Eicher Motors Limited,2020-08-13 18:16:17,EICHERMOT
13-Aug-2020 17:00:40,,https://nsearchives.nseindia.com/corporate/EICHERMOT_13082020170040_EMLRESULTS.pdf,"Eicher Motors Limited has informed the Exchange regarding  Board meeting held on August 13, 2020.",,,Outcome of Board Meeting,00:00:09,13082020170040,13-Aug-2020 17:00:49,-,False,,,104458873,Automobiles - 4 Wheelers,INE066A01013,Eicher Motors Limited,2020-08-13 17:00:40,EICHERMOT
13-Aug-2020 16:56:20,,https://nsearchives.nseindia.com/corporate/EICHERMOT_13082020165620_Recorddate.pdf,Eicher Motors Limited has informed the Exchange that Record date for the purpose of Split/Subdivision  is 25-Aug-2020.,,,Record Date,00:00:06,13082020165620,13-Aug-2020 16:56:26,-,False,,,104458869,Automobiles - 4 Wheelers,INE066A01013,Eicher Motors Limited,2020-08-13 16:56:20,EICHERMOT
13-Aug-2020 16:50:23,,https://nsearchives.nseindia.com/corporate/EICHERMOT_13082020165022_PR.pdf,"Eicher Motors Limited has informed the Exchange regarding a press release dated August 13, 2020, titled ""Press Release"".",,,Press Release,00:00:04,13082020165023,13-Aug-2020 16:50:27,-,False,,,104458860,Automobiles - 4 Wheelers,INE066A01013,Eicher Motors Limited,2020-08-13 16:50:23,EICHERMOT
13-Aug-2020 16:46:12,,https://nsearchives.nseindia.com/corporate/EMLRESULTS_13082020164612.zip,"Eicher Motors Limited has submitted to the Exchange, the financial results for the period ended June 30, 2020.",,,Financial Result Updates,00:01:53,13082020164612,13-Aug-2020 16:48:05,-,False,,,136191,Automobiles - 4 Wheelers,INE066A01013,Eicher Motors Limited,2020-08-13 16:46:12,EICHERMOT
13-Aug-2020 16:04:19,,https://nsearchives.nseindia.com/corporate/EICHERMOT_13082020160419_Tradingwindow.pdf,Eicher Motors Limited has informed the Exchange regarding 'Opening of Trading window '.,,,Updates,00:00:04,13082020160419,13-Aug-2020 16:04:23,-,False,,,104458805,Automobiles - 4 Wheelers,INE066A01013,Eicher Motors Limited,2020-08-13 16:04:19,EICHERMOT
13-Aug-2020 15:15:19,,https://nsearchives.nseindia.com/corporate/EICHERMOT_13082020151519_grant.pdf,Eicher Motors Limited has informed the Exchange regarding Grant of 600  Options.,,,ESOP/ESOS/ESPS,00:00:08,13082020151519,13-Aug-2020 15:15:27,-,False,,,104458746,Automobiles - 4 Wheelers,INE066A01013,Eicher Motors Limited,2020-08-13 15:15:19,EICHERMOT
13-Aug-2020 10:26:09,,https://nsearchives.nseindia.com/corporate/EICHERMOT_13082020102609_Pressrelease.pdf,"Eicher Motors Limited has informed the Exchange regarding a press release dated August 13, 2020, titled ""Press Release"". being issued by VE Commercial Vehicles Limited",,,Press Release,00:00:08,13082020102609,13-Aug-2020 10:26:17,-,False,,,104457621,Automobiles - 4 Wheelers,INE066A01013,Eicher Motors Limited,2020-08-13 10:26:09,EICHERMOT
13-Aug-2020 10:18:57,,https://nsearchives.nseindia.com/corporate/EICHERMOT_13082020101857_Reg30.pdf,"Eicher Motors Limited has informed the Exchange regarding 'Disclosure under Regulation 30 of the Securities and Exchange Board of India (Listing Obligations and Disclosure Requirements) Regulations, 2015'.",,,Updates,00:00:05,13082020101857,13-Aug-2020 10:19:02,-,False,,,104457617,Automobiles - 4 Wheelers,INE066A01013,Eicher Motors Limited,2020-08-13 10:18:57,EICHERMOT
11-Aug-2020 17:43:52,,https://nsearchives.nseindia.com/corporate/EICHERMOT_11082020174352_Split.pdf,"Eicher Motors Limited has informed the Exchange regarding 'Intimation under Regulation 30 of SEBI (LODR) Regulations, 2015- Approval of shareholders inter alia to the sub-division of equity shares, adoption of new set of Articles of Association, alteration in the capital clause of the Memorandum of Association and re-appointment of Independent Directors '.",,,Updates,00:00:06,11082020174352,11-Aug-2020 17:43:58,-,False,,,104454378,Automobiles - 4 Wheelers,INE066A01013,Eicher Motors Limited,2020-08-11 17:43:52,EICHERMOT
11-Aug-2020 17:41:49,,https://nsearchives.nseindia.com/corporate/EICHERMOT_11082020174149_VotingResults.pdf,"Eicher Motors Limited has submitted the Exchange a copy Srutinizers report of  Annual General Meeting held on August 10, 2020. Further, the company has informed the Exchange regarding voting results.",,,Shareholders meeting,00:00:03,11082020174149,11-Aug-2020 17:41:52,-,False,,,104454375,Automobiles - 4 Wheelers,INE066A01013,Eicher Motors Limited,2020-08-11 17:41:49,EICHERMOT
11-Aug-2020 17:36:34,,https://nsearchives.nseindia.com/corporate/EICHERMOT_11082020173634_Split.pdf,Eicher Motors Limited has informed the Exchange about Stock split,,,Stock split,00:00:03,11082020173634,11-Aug-2020 17:36:37,-,False,,,104454368,Automobiles - 4 Wheelers,INE066A01013,Eicher Motors Limited,2020-08-11 17:36:34,EICHERMOT
11-Aug-2020 17:19:40,,https://nsearchives.nseindia.com/corporate/EICHERMOT_11082020171940_VotingResults.pdf,"Eicher Motors Limited has informed the Exchange regarding 'Voting Results of the 38th Annual General Meeting (AGM) under Regulation 44(3) of SEBI (LODR) Regulations, 2015 and Scrutinizer s Report under Rule 20 of the Companies (Management and Administration) Rules, 2014'.",,,Updates,00:00:03,11082020171940,11-Aug-2020 17:19:43,-,False,,,104454344,Automobiles - 4 Wheelers,INE066A01013,Eicher Motors Limited,2020-08-11 17:19:40,EICHERMOT
11-Aug-2020 11:54:13,,https://nsearchives.nseindia.com/corporate/EICHERMOT_11082020115413_2ProceedingsAGM38th.pdf,"Eicher Motors Limited has informed the Exchange regarding Proceedings of Annual General Meeting held on August 10, 2020",,,Shareholders meeting,00:00:05,11082020115413,11-Aug-2020 11:54:18,-,False,,,104454075,Automobiles - 4 Wheelers,INE066A01013,Eicher Motors Limited,2020-08-11 11:54:13,EICHERMOT
06-Aug-2020 13:47:24,,https://nsearchives.nseindia.com/corporate/EICHERMOT_06082020134724_EmlConCallAug62020.pdf,Eicher Motors Limited has informed the Exchange about Analysts/Institutional Investor Meet/Con. Call Updates,,,Analysts/Institutional Investor Meet/Con. Call Updates,00:00:03,06082020134724,06-Aug-2020 13:47:27,-,False,,,104447362,Automobiles - 4 Wheelers,INE066A01013,Eicher Motors Limited,2020-08-06 13:47:24,EICHERMOT
04-Aug-2020 18:23:36,,https://nsearchives.nseindia.com/corporate/EICHERMOT_04082020182336_Reg_39_3_04_08_2020.pdf,Eicher Motors Limited has informed the Exchange about Loss of Share Certificates,,,Loss of Share Certificates,00:00:05,04082020182336,04-Aug-2020 18:23:41,-,False,,,104443738,Automobiles - 4 Wheelers,INE066A01013,Eicher Motors Limited,2020-08-04 18:23:36,EICHERMOT
01-Aug-2020 15:37:14,,https://nsearchives.nseindia.com/corporate/EICHERMOT_01082020153714_Letterhead.pdf,Eicher Motors Limited has informed the Exchange regarding Monthly Business Updates for the month of July 2020 related to Eicher Motors Limited,,,Monthly Business Updates,00:00:04,01082020153714,01-Aug-2020 15:37:18,-,False,,,104439701,Automobiles - 4 Wheelers,INE066A01013,Eicher Motors Limited,2020-08-01 15:37:14,EICHERMOT
01-Aug-2020 14:47:20,,https://nsearchives.nseindia.com/corporate/EICHERMOT_01082020144720_VECVJuly2020SalesUpdate.pdf,Eicher Motors Limited has informed the Exchange regarding Monthly Business Updates for the month of July 2020,,,Monthly Business Updates,00:00:03,01082020144720,01-Aug-2020 14:47:23,-,False,,,104439673,Automobiles - 4 Wheelers,INE066A01013,Eicher Motors Limited,2020-08-01 14:47:20,EICHERMOT
31-Jul-2020 16:34:00,,https://nsearchives.nseindia.com/corporate/EICHERMOT_31072020163418_Regulation_39_3__31_07_2020.pdf,Eicher Motors Limited has informed the Exchange about Loss of Share Certificates,,,Loss of Share Certificates,-,31072020163400,-,-,False,,,104438851,Automobiles - 4 Wheelers,INE066A01013,Eicher Motors Limited,2020-07-31 16:34:00,EICHERMOT
29-Jul-2020 18:33:00,,https://nsearchives.nseindia.com/corporate/EICHERMOT_29072020183320_COVID19impact.pdf,"Eicher Motors Limited has informed the Exchange regarding 'Disclosure of impact of COVID 19 Pandemic on operations of the Company under Regulation 30 of SEBI (LODR) Regulations, 2015'.",,,Updates,-,29072020183300,-,-,False,,,104434226,Automobiles - 4 Wheelers,INE066A01013,Eicher Motors Limited,2020-07-29 18:33:00,EICHERMOT
29-Jul-2020 11:25:00,,https://nsearchives.nseindia.com/corporate/EICHERMOT_29072020112552_EmlReg39Jul29.pdf,Eicher Motors Limited has informed the Exchange about Loss of Share Certificates,,,Loss of Share Certificates,-,29072020112500,-,-,False,,,104433080,Automobiles - 4 Wheelers,INE066A01013,Eicher Motors Limited,2020-07-29 11:25:00,EICHERMOT
24-Jul-2020 17:49:00,,https://nsearchives.nseindia.com/corporate/EICHERMOT_24072020174901_Reg_39_3_24_07_2020_Babulal.pdf,Eicher Motors Limited has informed the Exchange about Loss of Share Certificates,,,Loss of Share Certificates,-,24072020174900,-,-,False,,,104426473,Automobiles - 4 Wheelers,INE066A01013,Eicher Motors Limited,2020-07-24 17:49:00,EICHERMOT
24-Jul-2020 17:46:00,,https://nsearchives.nseindia.com/corporate/EICHERMOT_24072020174639_Reg_39_3_24_07_2020_Kranti_Pooja.pdf,Eicher Motors Limited has informed the Exchange about Loss of Share Certificates,,,Loss of Share Certificates,-,24072020174600,-,-,False,,,104426471,Automobiles - 4 Wheelers,INE066A01013,Eicher Motors Limited,2020-07-24 17:46:00,EICHERMOT
24-Jul-2020 17:39:00,,https://nsearchives.nseindia.com/corporate/EICHERMOT_24072020173910_Reg_39_3_24_07_2020_Shobha.pdf,Eicher Motors Limited has informed the Exchange about Loss of Share Certificates,,,Loss of Share Certificates,-,24072020173900,-,-,False,,,104426460,Automobiles - 4 Wheelers,INE066A01013,Eicher Motors Limited,2020-07-24 17:39:00,EICHERMOT
21-Jul-2020 12:23:00,,https://nsearchives.nseindia.com/corporate/EICHERMOT_21072020122340_Regulation_39_3__21_07_2020.pdf,Eicher Motors Limited has informed the Exchange about Loss of Share Certificates,,,Loss of Share Certificates,-,21072020122300,-,-,False,,,104418966,Automobiles - 4 Wheelers,INE066A01013,Eicher Motors Limited,2020-07-21 12:23:00,EICHERMOT
20-Jul-2020 18:17:00,,https://nsearchives.nseindia.com/corporate/EICHERMOT_20072020181757_EmlSeIntimationJul20.pdf,Eicher Motors Limited has informed the Exchange about Analysts/Institutional Investor Meet/Con. Call Updates,,,Analysts/Institutional Investor Meet/Con. Call Updates,-,20072020181700,-,-,False,,,104416996,Automobiles - 4 Wheelers,INE066A01013,Eicher Motors Limited,2020-07-20 18:17:00,EICHERMOT
18-Jul-2020 14:49:00,,https://nsearchives.nseindia.com/corporate/EICHERMOT_18072020144922_EmlNewspaperSeIntimationSigned.pdf,Eicher Motors Limited has informed the Exchange about Copy of Newspaper Publication-38th Annual General Meeting of the Company,,,Copy of Newspaper Publication,-,18072020144900,-,-,False,,,104414143,Automobiles - 4 Wheelers,INE066A01013,Eicher Motors Limited,2020-07-18 14:49:00,EICHERMOT
17-Jul-2020 20:05:00,,https://nsearchives.nseindia.com/corporate/EICHERMOT_17072020200523_SeIntimationVecvSarSigned.pdf,"Eicher Motors Limited has informed the Exchange regarding 'Secretarial Audit Report of VE Commercial Vehicles Limited, a Material Unlisted Indian Subsidiary of the Company under Regulation 24A of the SEBI (Listing Obligations and Disclosure Requirements) Regulations, 2015 for the financial year ended March 31, 2020.'.",,,Updates,-,17072020200500,-,-,False,,,104413834,Automobiles - 4 Wheelers,INE066A01013,Eicher Motors Limited,2020-07-17 20:05:00,EICHERMOT
15-Jul-2020 11:48:00,,https://nsearchives.nseindia.com/corporate/EICHERMOT_15072020114840_Regulation_39_3__15_07_2020.pdf,Eicher Motors Limited has informed the Exchange about Loss of Share Certificates,,,Loss of Share Certificates,-,15072020114800,-,-,False,,,104408659,Automobiles - 4 Wheelers,INE066A01013,Eicher Motors Limited,2020-07-15 11:48:00,EICHERMOT
15-Jul-2020 11:38:00,,https://nsearchives.nseindia.com/corporate/EICHERMOT_15072020113812_EmlSeInvestorSigned.pdf,Eicher Motors Limited has informed the Exchange about Analyst/Institutional Investor Meet/Con. Call Update.,,,Analysts/Institutional Investor Meet/Con. Call Updates,-,15072020113800,-,-,False,,,104408642,Automobiles - 4 Wheelers,INE066A01013,Eicher Motors Limited,2020-07-15 11:38:00,EICHERMOT
13-Jul-2020 16:48:00,,https://nsearchives.nseindia.com/corporate/EICHERMOT_13072020164857_EmlSeIntiIvestor.pdf,Eicher Motors Limited has informed the Exchange about Analysts/Institutional Investor Meet/Con. Call Updates,,,Analysts/Institutional Investor Meet/Con. Call Updates,-,13072020164800,-,-,False,,,104404173,Automobiles - 4 Wheelers,INE066A01013,Eicher Motors Limited,2020-07-13 16:48:00,EICHERMOT
13-Jul-2020 14:19:00,,https://nsearchives.nseindia.com/corporate/EICHERMOT_13072020141942_EmlSeIntimationSigned.pdf,Eicher Motors Limited has informed the Exchange about Copy of Newspaper Publication-38th Annual General Meeting of the Company,,,Copy of Newspaper Publication,-,13072020141900,-,-,False,,,104404051,Automobiles - 4 Wheelers,INE066A01013,Eicher Motors Limited,2020-07-13 14:19:00,EICHERMOT
08-Jul-2020 18:29:00,,https://nsearchives.nseindia.com/corporate/EICHERMOT_08072020182937_EmlInvestorCallJul8Signed.pdf,Eicher Motors Limited has informed the Exchange about Analysts/Institutional Investor Meet/Con. Call Updates,,,Analysts/Institutional Investor Meet/Con. Call Updates,-,08072020182900,-,-,False,,,104396531,Automobiles - 4 Wheelers,INE066A01013,Eicher Motors Limited,2020-07-08 18:29:00,EICHERMOT
06-Jul-2020 18:52:00,,https://nsearchives.nseindia.com/corporate/EICHERMOT_06072020185214_EmlMeetingSigned.pdf,"Eicher Motors Limited has informed the Exchange about Analysts/Institutional Investor Meet/Con. Call UpdatesPursuant to Regulation 30 and 46 of SEBI (LODR) Regulations, 2015, schedule of Conference Call proposed with Analyst/Institutional Investor is as under:Date Detail Attendee07-07-2020 Conference Call EastspringPlease note that the above is subject to change.This is for your information and records.",,,Analysts/Institutional Investor Meet/Con. Call Updates,-,06072020185200,-,-,False,,,104392029,Automobiles - 4 Wheelers,INE066A01013,Eicher Motors Limited,2020-07-06 18:52:00,EICHERMOT
01-Jul-2020 21:24:00,,https://nsearchives.nseindia.com/corporate/EICHERMOT_01072020212412_RoyalEnfieldMotorcycleSalesDataforJune2020.pdf,Eicher Motors Limited has informed the Exchange regarding Monthly Business Updates for the month of June 2020,,,Monthly Business Updates,-,01072020212400,-,-,False,,,104384947,Automobiles - 4 Wheelers,INE066A01013,Eicher Motors Limited,2020-07-01 21:24:00,EICHERMOT
01-Jul-2020 13:43:00,,https://nsearchives.nseindia.com/corporate/EICHERMOT_01072020134323_AnalystsInstitutionalInvestorsConferenceCallUpdates01July2020.pdf,Eicher Motors Limited has informed the Exchange about Analysts/Institutional Investor Meet/Con. Call Updates,,,Analysts/Institutional Investor Meet/Con. Call Updates,-,01072020134300,-,-,False,,,104384515,Automobiles - 4 Wheelers,INE066A01013,Eicher Motors Limited,2020-07-01 13:43:00,EICHERMOT
01-Jul-2020 12:32:00,,https://nsearchives.nseindia.com/corporate/EICHERMOT_01072020123245_VECVJune2020SalesUpdate.pdf,Eicher Motors Limited has informed the Exchange regarding Monthly Business Updates for the month of June 2020,,,Monthly Business Updates,-,01072020123200,-,-,False,,,104384425,Automobiles - 4 Wheelers,INE066A01013,Eicher Motors Limited,2020-07-01 12:32:00,EICHERMOT
29-Jun-2020 21:43:00,,https://nsearchives.nseindia.com/corporate/EICHERMOT_29062020214308_EmlRptMar312020Signed.pdf,"Pursuant to Regulation 23(9) of SEBI (Listing Obligations and Disclosure Requirements) Regulations, 2015, please find attached details of Related Party Transactions on consolidated basis in the format specified in the applicable accounting standards for the half year ended March 31, 2020.Kindly take the same on your records.",,,Related Party Transactions,-,29062020214300,-,-,False,,,104378841,Automobiles - 4 Wheelers,INE066A01013,Eicher Motors Limited,2020-06-29 21:43:00,EICHERMOT
29-Jun-2020 09:59:00,,https://nsearchives.nseindia.com/corporate/EICHERMOT_29062020095935_AnalystsInstitutionalInvestorsConferenceCallUpdates29June2020.pdf,Eicher Motors Limited has informed the Exchange about Analysts/Institutional Investor Meet/Con. Call Updates,,,Analysts/Institutional Investor Meet/Con. Call Updates,-,29062020095900,-,-,False,,,104377054,Automobiles - 4 Wheelers,INE066A01013,Eicher Motors Limited,2020-06-29 09:59:00,EICHERMOT
25-Jun-2020 17:48:00,,https://nsearchives.nseindia.com/corporate/EICHERMOT_25062020174853_Regulation_39_3__25_06_2020.pdf,Eicher Motors Limited has informed the Exchange about Loss of Share Certificates,,,Loss of Share Certificates,-,25062020174800,-,-,False,,,104372465,Automobiles - 4 Wheelers,INE066A01013,Eicher Motors Limited,2020-06-25 17:48:00,EICHERMOT
24-Jun-2020 12:56:00,,https://nsearchives.nseindia.com/corporate/EICHERMOT_24062020125626_AnalystsInstitutionalInvestorsConferenceCallUpdates24June2020.pdf,Eicher Motors Limited has informed the Exchange about Analysts/Institutional Investor Meet/Con. Call Updates,,,Analysts/Institutional Investor Meet/Con. Call Updates,-,24062020125600,-,-,False,,,104369590,Automobiles - 4 Wheelers,INE066A01013,Eicher Motors Limited,2020-06-24 12:56:00,EICHERMOT
23-Jun-2020 15:27:00,,https://nsearchives.nseindia.com/corporate/EICHERMOT_23062020152755_AnalystsInstitutionalInvestorsConferenceCallUpdats23June2020.pdf,Eicher Motors Limited has informed the Exchange about Analysts/Institutional Investor Meet/Con. Call Updates,,,Analysts/Institutional Investor Meet/Con. Call Updates,-,23062020152700,-,-,False,,,104367189,Automobiles - 4 Wheelers,INE066A01013,Eicher Motors Limited,2020-06-23 15:27:00,EICHERMOT
22-Jun-2020 11:37:00,,https://nsearchives.nseindia.com/corporate/EICHERMOT_22062020113702_AnalystsInstitutionalInvestorsConferenceCallUpdates22June2020.pdf,Eicher Motors Limited has informed the Exchange about Analysts/Institutional Investor Meet/Con. Call Updates,,,Analysts/Institutional Investor Meet/Con. Call Updates,-,22062020113700,-,-,False,,,104364214,Automobiles - 4 Wheelers,INE066A01013,Eicher Motors Limited,2020-06-22 11:37:00,EICHERMOT
19-Jun-2020 18:27:00,,https://nsearchives.nseindia.com/corporate/EICHERMOT_19062020182735_Tradingwindowclosure.pdf,"Eicher Motors Limited has informed the Exchange regarding the Trading Window closure pursuant to SEBI (Prohibition of Insider Trading) Regulations, 2015",,,Trading Window,-,19062020182700,-,-,False,,,104362147,Automobiles - 4 Wheelers,INE066A01013,Eicher Motors Limited,2020-06-19 18:27:00,EICHERMOT
17-Jun-2020 13:03:00,,https://nsearchives.nseindia.com/corporate/EICHERMOT_17062020130348_Investorpresentation.pdf,Eicher Motors Limited has informed the Exchange about Investor Presentation,,,Investor Presentation,-,17062020130300,-,-,False,,,104356334,Automobiles - 4 Wheelers,INE066A01013,Eicher Motors Limited,2020-06-17 13:03:00,EICHERMOT
17-Jun-2020 12:40:00,,https://nsearchives.nseindia.com/corporate/EICHERMOT_17062020124042_AnalystsInstitutionalInvestorsConferenceCallUpdates17June2020.pdf,Eicher Motors Limited has informed the Exchange about Analysts/Institutional Investor Meet/Con. Call Updates,,,Analysts/Institutional Investor Meet/Con. Call Updates,-,17062020124000,-,-,False,,,104356321,Automobiles - 4 Wheelers,INE066A01013,Eicher Motors Limited,2020-06-17 12:40:00,EICHERMOT
16-Jun-2020 11:06:00,,https://nsearchives.nseindia.com/corporate/EICHERMOT_16062020110639_ScheduleofMeetingswithAnalystsAndInvestors16June2020.pdf,Eicher Motors Limited has informed the Exchange about Analysts/Institutional Investor Meet/Con. Call Updates,,,Analysts/Institutional Investor Meet/Con. Call Updates,-,16062020110600,-,-,False,,,104354145,Automobiles - 4 Wheelers,INE066A01013,Eicher Motors Limited,2020-06-16 11:06:00,EICHERMOT
12-Jun-2020 21:43:00,,https://nsearchives.nseindia.com/corporate/EICHERMOT_12062020214339_PR.pdf,"Eicher Motors Limited has informed the Exchange regarding a revised press release dated Jun 12, 2020, titled ""Pursuant to Regulation 30 of SEBI (LODR) Regulations, 2015, please find attached a copy of revised press release being issued today."".",,,Press Release (Revised),-,12062020214300,-,-,False,,,104349789,Automobiles - 4 Wheelers,INE066A01013,Eicher Motors Limited,2020-06-12 21:43:00,EICHERMOT
12-Jun-2020 18:23:00,,https://nsearchives.nseindia.com/corporate/EICHERMOT_12062020182327_Split.pdf,Eicher Motors Limited has informed the Exchange regarding the Amendment to AOA/MOA of the company.,,,Amendment to AOA/MOA,-,12062020182300,-,-,False,,,104349691,Automobiles - 4 Wheelers,INE066A01013,Eicher Motors Limited,2020-06-12 18:23:00,EICHERMOT
12-Jun-2020 18:19:00,,https://nsearchives.nseindia.com/corporate/EICHERMOT_12062020181938_Split.pdf,"Eicher Motors Limited has informed the Exchange that the Board of Directors at its meeting held on Jun 12, 2020, has considered and approved subdivision of 27304570 equity shares of 10 each into 273045700 equity shares of 1 each.",,,Stock split,-,12062020181900,-,-,False,,,104349687,Automobiles - 4 Wheelers,INE066A01013,Eicher Motors Limited,2020-06-12 18:19:00,EICHERMOT
12-Jun-2020 18:17:00,,https://nsearchives.nseindia.com/corporate/EICHERMOT_12062020181703_Tradingwindow.pdf,Eicher Motors Limited has informed the Exchange regarding 'Trading window open'.,,,Updates,-,12062020181700,-,-,False,,,104349685,Automobiles - 4 Wheelers,INE066A01013,Eicher Motors Limited,2020-06-12 18:17:00,EICHERMOT
12-Jun-2020 17:41:00,,https://nsearchives.nseindia.com/corporate/EICHERMOT_12062020174145_PressRelease.pdf,"Eicher Motors Limited has informed the Exchange regarding a press release dated Jun 12, 2020, titled ""Press Release"".",,,Press Release,-,12062020174100,-,-,False,,,104349654,Automobiles - 4 Wheelers,INE066A01013,Eicher Motors Limited,2020-06-12 17:41:00,EICHERMOT
12-Jun-2020 17:36:10,,https://nsearchives.nseindia.com/corporate/Results_12062020173610.zip,"Eicher Motors Limited has submitted to the Exchange, the financial results for the period ended March 31, 2020.",,,Financial Result Updates,-,12062020173610,-,-,False,,,134097,Automobiles - 4 Wheelers,INE066A01013,Eicher Motors Limited,2020-06-12 17:36:10,EICHERMOT
11-Jun-2020 16:21:00,,https://nsearchives.nseindia.com/corporate/EICHERMOT_11062020162157_InvestorcallEML.pdf,Eicher Motors Limited has informed the Exchange about Analysts/Institutional Investor Meet/Con. Call Updates.,,,Analysts/Institutional Investor Meet/Con. Call Updates,-,11062020162100,-,-,False,,,104347231,Automobiles - 4 Wheelers,INE066A01013,Eicher Motors Limited,2020-06-11 16:21:00,EICHERMOT
01-Jun-2020 19:18:00,,https://nsearchives.nseindia.com/corporate/EICHERMOT_01062020191840_VECVMay2020SalesUpdate.pdf,Eicher Motors Limited has informed the Exchange regarding Monthly Business Updates for the month of May 2020,,,Monthly Business Updates,-,01062020191800,-,-,False,,,104328176,Automobiles - 4 Wheelers,INE066A01013,Eicher Motors Limited,2020-06-01 19:18:00,EICHERMOT
01-Jun-2020 17:41:00,,https://nsearchives.nseindia.com/corporate/EICHERMOT_01062020174111_RoyalEnfieldMotorcycleSalesDataforMay2020.pdf,Eicher Motors Limited has informed the Exchange regarding Monthly Business Updates for the month of May 2020,,,Monthly Business Updates,-,01062020174100,-,-,False,,,104328077,Automobiles - 4 Wheelers,INE066A01013,Eicher Motors Limited,2020-06-01 17:41:00,EICHERMOT
07-May-2020 17:59:00,,https://nsearchives.nseindia.com/corporate/EICHERMOT_07052020175958_LODRPermissiontostartoperations7thMay2020.pdf,"Eicher Motors Limited has informed the Exchange regarding 'Intimation under regulation 30 of SEBI (LODR), 2015- Copy of a statement being issued by VE Commercial Vehicles Limited, an unlisted material subsidiary of Eicher Motors Limited'.",,,Updates,-,07052020175900,-,-,False,,,104287145,Automobiles - 4 Wheelers,INE066A01013,Eicher Motors Limited,2020-05-07 17:59:00,EICHERMOT
06-May-2020 18:28:00,,https://nsearchives.nseindia.com/corporate/EICHERMOT_06052020182811_intimation.pdf,"Eicher Motors Limited has informed the Exchange regarding Appointment of Mr Kaleeswaran Arunachalam as Chief Financial Officer of the company w.e.f. May 06, 2020.",,,Appointment,-,06052020182800,-,-,False,,,104284841,Automobiles - 4 Wheelers,INE066A01013,Eicher Motors Limited,2020-05-06 18:28:00,EICHERMOT
06-May-2020 15:40:00,,https://nsearchives.nseindia.com/corporate/EICHERMOT_06052020154001_Grant.pdf,Eicher Motors Limited has informed the Exchange regarding Grant of 51000  Options.,,,ESOP/ESOS/ESPS,-,06052020154000,-,-,False,,,104284743,Automobiles - 4 Wheelers,INE066A01013,Eicher Motors Limited,2020-05-06 15:40:00,EICHERMOT
06-May-2020 14:36:00,,https://nsearchives.nseindia.com/corporate/EICHERMOT_06052020143604_Intimation.pdf,"Eicher Motors Limited has informed the Exchange regarding 'Intimation under Reg. 30 of SEBI LODR Regulations, 2015- Company's Statement'.",,,Updates,-,06052020143600,-,-,False,,,104284723,Automobiles - 4 Wheelers,INE066A01013,Eicher Motors Limited,2020-05-06 14:36:00,EICHERMOT
01-May-2020 17:17:00,,https://nsearchives.nseindia.com/corporate/EICHERMOT_01052020171750_Intimation.pdf,Eicher Motors Limited has informed the Exchange regarding Monthly Business Updates for the month of April 2020,,,Monthly Business Updates,-,01052020171700,-,-,False,,,104276734,Automobiles - 4 Wheelers,INE066A01013,Eicher Motors Limited,2020-05-01 17:17:00,EICHERMOT
01-May-2020 16:15:00,,https://nsearchives.nseindia.com/corporate/EICHERMOT_01052020161517_VECVSalesUpdateApril2020.pdf,Eicher Motors Limited has informed the Exchange regarding Monthly Business Updates for the month of April 2020,,,Monthly Business Updates,-,01052020161500,-,-,False,,,104276722,Automobiles - 4 Wheelers,INE066A01013,Eicher Motors Limited,2020-05-01 16:15:00,EICHERMOT
01-May-2020 13:57:00,,https://nsearchives.nseindia.com/corporate/EICHERMOT_01052020135734_Intimation.pdf,"Eicher Motors Limited has informed the Exchange regarding 'Intimation under Regulation 30 of SEBI (LODR) Regulations, 2015- Company's statement '.",,,Updates,-,01052020135700,-,-,False,,,104276704,Automobiles - 4 Wheelers,INE066A01013,Eicher Motors Limited,2020-05-01 13:57:00,EICHERMOT
30-Apr-2020 13:58:00,,https://nsearchives.nseindia.com/corporate/EICHERMOT_30042020135837_Announcement.pdf,"Eicher Motors Limited has informed the Exchange regarding 'Announcement under Reg. 30 of SEBI (LODR) Regulations, 2015- Statement by VE Commercial Vehicles Limited, an unlisted material subsidiary of Eicher Motors Limited '.",,,Updates,-,30042020135800,-,-,False,,,104275660,Automobiles - 4 Wheelers,INE066A01013,Eicher Motors Limited,2020-04-30 13:58:00,EICHERMOT
29-Apr-2020 19:37:00,,https://nsearchives.nseindia.com/corporate/EICHERMOT_29042020193743_ScheduleofMeetingswithAnalystsAndInvestors29April2020.pdf,Eicher Motors Limited has informed the Exchange regarding Analysts/Institutional Investor Meet/Con. Call Updates,,,Analysts/Institutional Investor Meet/Con. Call Updates,-,29042020193700,-,-,False,,,104273514,Automobiles - 4 Wheelers,INE066A01013,Eicher Motors Limited,2020-04-29 19:37:00,EICHERMOT
28-Apr-2020 13:19:00,,https://nsearchives.nseindia.com/corporate/EICHERMOT_28042020131923_ScheduleofMeetingswithAnalystsAndInvestors28April2020.pdf,Eicher Motors Limited has informed the Exchange regarding Analysts/Institutional Investor Meet/Con. Call Updates,,,Analysts/Institutional Investor Meet/Con. Call Updates,-,28042020131900,-,-,False,,,104270960,Automobiles - 4 Wheelers,INE066A01013,Eicher Motors Limited,2020-04-28 13:19:00,EICHERMOT
24-Apr-2020 10:29:00,,https://nsearchives.nseindia.com/corporate/EICHERMOT_24042020102909_ScheduleofMeetingswithAnalystsAndInvestors24April2020.pdf,Eicher Motors Limited has informed the Exchange regarding Analysts/Institutional Investor Meet/Con. Call Updates,,,Analysts/Institutional Investor Meet/Con. Call Updates,-,24042020102900,-,-,False,,,104265081,Automobiles - 4 Wheelers,INE066A01013,Eicher Motors Limited,2020-04-24 10:29:00,EICHERMOT
22-Apr-2020 09:56:00,,https://nsearchives.nseindia.com/corporate/EICHERMOT_22042020095642_ScheduleofMeetingswithAnalystsAndInvestors22April2020.pdf,Eicher Motors Limited has informed the Exchange regarding Analysts/Institutional Investor Meet/Con. Call Updates,,,Analysts/Institutional Investor Meet/Con. Call Updates,-,22042020095600,-,-,False,,,104258555,Automobiles - 4 Wheelers,INE066A01013,Eicher Motors Limited,2020-04-22 09:56:00,EICHERMOT
20-Apr-2020 12:23:00,,https://nsearchives.nseindia.com/corporate/EICHERMOT_20042020122343_ScheduleofMeetingswithAnalystsAndInvestors20April2020.pdf,Eicher Motors Limited has informed the Exchange regarding Analysts/Institutional Investor Meet/Con. Call Updates,,,Analysts/Institutional Investor Meet/Con. Call Updates,-,20042020122300,-,-,False,,,104253897,Automobiles - 4 Wheelers,INE066A01013,Eicher Motors Limited,2020-04-20 12:23:00,EICHERMOT
16-Apr-2020 11:03:00,,https://nsearchives.nseindia.com/corporate/EICHERMOT_16042020110350_ScheduleofMeetingswithAnalystsAndInvestors16April2020.pdf,Eicher Motors Limited has informed the Exchange regarding Analysts/Institutional Investor Meet/Con. Call Updates,,,Analysts/Institutional Investor Meet/Con. Call Updates,-,16042020110300,-,-,False,,,104247531,Automobiles - 4 Wheelers,INE066A01013,Eicher Motors Limited,2020-04-16 11:03:00,EICHERMOT
12-Apr-2020 11:45:00,,https://nsearchives.nseindia.com/corporate/EICHERMOT_12042020114526_ScheduleofMeetingswithAnalystsAndInvestors12April2020.pdf,Eicher Motors Limited has informed the Exchange regarding Analysts/Institutional Investor Meet/Con. Call Updates,,,Analysts/Institutional Investor Meet/Con. Call Updates,-,12042020114500,-,-,False,,,104240353,Automobiles - 4 Wheelers,INE066A01013,Eicher Motors Limited,2020-04-12 11:45:00,EICHERMOT
09-Apr-2020 19:30:00,,https://nsearchives.nseindia.com/corporate/EICHERMOT_09042020193021_ScheduleofMeetingswithAnalystsAndInvestors9April2020.pdf,Eicher Motors Limited has informed the Exchange regarding Analysts/Institutional Investor Meet/Con. Call Updates,,,Analysts/Institutional Investor Meet/Con. Call Updates,-,09042020193000,-,-,False,,,104238997,Automobiles - 4 Wheelers,INE066A01013,Eicher Motors Limited,2020-04-09 19:30:00,EICHERMOT
09-Apr-2020 18:58:00,,https://nsearchives.nseindia.com/corporate/EICHERMOT_09042020185809_transfer_of_shares_Mukesh_Dixit.pdf,"Eicher Motors Limited has informed the Exchange regarding 'Intimation regarding transfer of shares of the Company pursuant to SEBI Circular   No.     SEBI/HO/MIRSD/DOS3/CIR/P/2018/139 dated November 6, 2018 on  Standardized  norms for transfer of securities in physical mode .'.",,,Updates,-,09042020185800,-,-,False,,,104238983,Automobiles - 4 Wheelers,INE066A01013,Eicher Motors Limited,2020-04-09 18:58:00,EICHERMOT
07-Apr-2020 19:37:00,,https://nsearchives.nseindia.com/corporate/EICHERMOT_07042020193715_ScheduleofMeetingswithAnalystsAndInvestors7April2020.pdf,Eicher Motors Limited has informed the Exchange regarding Analysts/Institutional Investor Meet/Con. Call Updates,,,Analysts/Institutional Investor Meet/Con. Call Updates,-,07042020193700,-,-,False,,,104232319,Automobiles - 4 Wheelers,INE066A01013,Eicher Motors Limited,2020-04-07 19:37:00,EICHERMOT
07-Apr-2020 11:32:00,,https://nsearchives.nseindia.com/corporate/EICHERMOT_07042020113225_EICHERMOTORS.pdf,"Promoters of Eicher Motors Limited has informed the Exchange regarding disclosure under regulation 30(2) & Regulation 31(4) & (5) of SEBI (Substantial Acquisition of Shares and Takeovers) Regulations, 2011",,,Disclosure under SEBI Takeover Regulations,-,07042020113200,-,-,False,,,104231263,Automobiles - 4 Wheelers,INE066A01013,Eicher Motors Limited,2020-04-07 11:32:00,EICHERMOT
03-Apr-2020 08:47:00,,https://nsearchives.nseindia.com/corporate/EICHERMOT_03042020084756_pansd.pdf,"Eicher Motors Limited has informed the Exchange that Annual Disclosure under Regulation 30(2) & Regulation 31(4) & (5) of SEBI (Substantial Acquisition of Shares and Takeovers) Regulations, 2011",,,Disclosure under SEBI Takeover Regulations,-,03042020084700,-,-,False,,,104227704,Automobiles - 4 Wheelers,INE066A01013,Eicher Motors Limited,2020-04-03 08:47:00,EICHERMOT
01-Apr-2020 19:41:00,,https://nsearchives.nseindia.com/corporate/EICHERMOT_01042020194106_RoyalEnfieldMotorcycleSalesDataforMarch2020.pdf,Eicher Motors Limited has informed the Exchange regarding Monthly Business Updates for the month of March 2020,,,Monthly Business Updates,-,01042020194100,-,-,False,,,104227137,Automobiles - 4 Wheelers,INE066A01013,Eicher Motors Limited,2020-04-01 19:41:00,EICHERMOT
01-Apr-2020 11:29:00,,https://nsearchives.nseindia.com/corporate/EICHERMOT_01042020112901_VECVMarch2020SalesUpdate.pdf,Eicher Motors Limited has informed the Exchange regarding Monthly Business Updates for the month of March 2020,,,Monthly Business Updates,-,01042020112900,-,-,False,,,104226695,Automobiles - 4 Wheelers,INE066A01013,Eicher Motors Limited,2020-04-01 11:29:00,EICHERMOT
27-Mar-2020 15:30:00,,https://nsearchives.nseindia.com/corporate/EICHERMOT_27032020153038_ScheduleofMeetingswithAnalystsAndInvestors27March2020.pdf,Eicher Motors Limited has informed the Exchange regarding Analysts/Institutional Investor Meet/Con. Call Updates,,,Analysts/Institutional Investor Meet/Con. Call Updates,-,27032020153000,-,-,False,,,104216755,Automobiles - 4 Wheelers,INE066A01013,Eicher Motors Limited,2020-03-27 15:30:00,EICHERMOT
26-Mar-2020 16:53:00,,https://nsearchives.nseindia.com/corporate/EICHERMOT_26032020165331_RSU.pdf,"Eicher Motors Limited has informed the Exchange regarding Grant of 5000  Options under RSU Plan, 2019 of the Company",,,ESOP/ESOS/ESPS,-,26032020165300,-,-,False,,,104214199,Automobiles - 4 Wheelers,INE066A01013,Eicher Motors Limited,2020-03-26 16:53:00,EICHERMOT
25-Mar-2020 19:34:00,,https://nsearchives.nseindia.com/corporate/EICHERMOT_25032020193432_ScheduleofMeetingswithAnalystsAndInvestors25March2020.pdf,Eicher Motors Limited has informed the Exchange regarding Analysts/Institutional Investor Meet/Con. Call Updates,,,Analysts/Institutional Investor Meet/Con. Call Updates,-,25032020193400,-,-,False,,,104212469,Automobiles - 4 Wheelers,INE066A01013,Eicher Motors Limited,2020-03-25 19:34:00,EICHERMOT
23-Mar-2020 20:22:00,,https://nsearchives.nseindia.com/corporate/EICHERMOT_23032020202258_ScheduleofMeetingswithAnalystsAndInvestors23March2020.pdf,Eicher Motors Limited has informed the Exchange regarding Analysts/Institutional Investor Meet/Con. Call Updates,,,Analysts/Institutional Investor Meet/Con. Call Updates,-,23032020202200,-,-,False,,,104207186,Automobiles - 4 Wheelers,INE066A01013,Eicher Motors Limited,2020-03-23 20:22:00,EICHERMOT
23-Mar-2020 12:59:00,,https://nsearchives.nseindia.com/corporate/EICHERMOT_23032020125959_ScheduleofMeetingswithAnalystsAndInvestors23March2020.pdf,Eicher Motors Limited has informed the Exchange regarding Analysts/Institutional Investor Meet/Con. Call Updates,,,Analysts/Institutional Investor Meet/Con. Call Updates,-,23032020125900,-,-,False,,,104206209,Automobiles - 4 Wheelers,INE066A01013,Eicher Motors Limited,2020-03-23 12:59:00,EICHERMOT
23-Mar-2020 12:04:00,,https://nsearchives.nseindia.com/corporate/EICHERMOT_23032020120420_intimation.pdf,"Eicher Motors Limited has informed the Exchange regarding 'Pursuant to Regulation 30 of SEBI (LODR) Regulations, 2015, please find attached a copy of statement being issued by VE Commercial Vehicles Limited, an unlisted material subsidiary of the Company.'.",,,Updates,-,23032020120400,-,-,False,,,104206136,Automobiles - 4 Wheelers,INE066A01013,Eicher Motors Limited,2020-03-23 12:04:00,EICHERMOT
22-Mar-2020 21:36:00,,https://nsearchives.nseindia.com/corporate/EICHERMOT_22032020213655_intimation.pdf,"Eicher Motors Limited has informed the Exchange regarding 'Pursuant to Regulation 30 of SEBI (LODR) Regulations, 2015, please find attached a copy of Company s statement being issued'.",,,Updates,-,22032020213600,-,-,False,,,104204665,Automobiles - 4 Wheelers,INE066A01013,Eicher Motors Limited,2020-03-22 21:36:00,EICHERMOT
17-Mar-2020 19:02:00,,https://nsearchives.nseindia.com/corporate/EICHERMOT_17032020190203_ScheduleofMeetingswithAnalystsAndInvestors17March2020.pdf,Eicher Motors Limited has informed the Exchange regarding Analysts/Institutional Investor Meet/Con. Call Updates,,,Analysts/Institutional Investor Meet/Con. Call Updates,-,17032020190200,-,-,False,,,104193135,Automobiles - 4 Wheelers,INE066A01013,Eicher Motors Limited,2020-03-17 19:02:00,EICHERMOT
16-Mar-2020 16:50:00,,https://nsearchives.nseindia.com/corporate/EICHERMOT_16032020165013_TradingwindowclosureApril2020.pdf,"Eicher Motors Limited has informed the Exchange regarding the Trading Window closure pursuant to SEBI (Prohibition of Insider Trading) Regulations, 2015",,,Trading Window,-,16032020165000,-,-,False,,,104190466,Automobiles - 4 Wheelers,INE066A01013,Eicher Motors Limited,2020-03-16 16:50:00,EICHERMOT
13-Mar-2020 20:53:00,,https://nsearchives.nseindia.com/corporate/EICHERMOT_13032020205352_ScheduleofMeetingswithAnalystsAndInvestors13March2020.pdf,Eicher Motors Limited has informed the Exchange regarding Analysts/Institutional Investor Meet/Con. Call Updates,,,Analysts/Institutional Investor Meet/Con. Call Updates,-,13032020205300,-,-,False,,,104187832,Automobiles - 4 Wheelers,INE066A01013,Eicher Motors Limited,2020-03-13 20:53:00,EICHERMOT
13-Mar-2020 08:58:00,,https://nsearchives.nseindia.com/corporate/EICHERMOT_13032020085813_ScheduleofMeetingswithAnalystsAndInvestors13March2020.pdf,Eicher Motors Limited has informed the Exchange regarding Analysts/Institutional Investor Meet/Con. Call Updates,,,Analysts/Institutional Investor Meet/Con. Call Updates,-,13032020085800,-,-,False,,,104185850,Automobiles - 4 Wheelers,INE066A01013,Eicher Motors Limited,2020-03-13 08:58:00,EICHERMOT
12-Mar-2020 16:22:00,,https://nsearchives.nseindia.com/corporate/EICHERMOT_12032020162212_NewspaperfilingSE.pdf,"Eicher Motors Limited has informed the Exchange regarding 'Regulation 30 of SEBI (LODR) Regulations, 2015- Newspaper Advertisement'.",,,Updates,-,12032020162200,-,-,False,,,104184685,Automobiles - 4 Wheelers,INE066A01013,Eicher Motors Limited,2020-03-12 16:22:00,EICHERMOT
11-Mar-2020 15:24:00,,https://nsearchives.nseindia.com/corporate/EICHERMOT_11032020152411_Tradingwindow.pdf,Eicher Motors Limited has informed the Exchange regarding 'Opening of Trading Window'.,,,Updates,-,11032020152400,-,-,False,,,104182207,Automobiles - 4 Wheelers,INE066A01013,Eicher Motors Limited,2020-03-11 15:24:00,EICHERMOT
11-Mar-2020 15:17:00,,https://nsearchives.nseindia.com/corporate/EICHERMOT_11032020151748_EICHERMOT.pdf,"Eicher Motors Limited has informed the Exchange that the Company has fixed Record Date as March 21, 2020 for the purpose of Interim Dividend.",,,Record Date,-,11032020151700,-,-,False,,,104182200,Automobiles - 4 Wheelers,INE066A01013,Eicher Motors Limited,2020-03-11 15:17:00,EICHERMOT
11-Mar-2020 15:02:00,,https://nsearchives.nseindia.com/corporate/EICHERMOT_11032020150253_Outcome.pdf,"Eicher Motors Limited has informed the Exchange that Board of Directors at its meeting held on March 11, 2020, declared Interim Dividend of 125 per equity share.",,,Dividend,-,11032020150200,-,-,False,,,104182195,Automobiles - 4 Wheelers,INE066A01013,Eicher Motors Limited,2020-03-11 15:02:00,EICHERMOT
04-Mar-2020 16:16:00,,https://nsearchives.nseindia.com/corporate/EICHERMOT_04032020161623_ScheduleofMeetingswithAnalystsAndInvestors04March2020.pdf,Eicher Motors Limited has informed the Exchange regarding Analysts/Institutional Investor Meet/Con. Call Updates,,,Analysts/Institutional Investor Meet/Con. Call Updates,-,04032020161600,-,-,False,,,104168606,Automobiles - 4 Wheelers,INE066A01013,Eicher Motors Limited,2020-03-04 16:16:00,EICHERMOT
02-Mar-2020 17:10:00,,https://nsearchives.nseindia.com/corporate/EICHERMOT_02032020171048_ScheduleofMeetingswithAnalystsAndInvestors02March2020.pdf,Eicher Motors Limited has informed the Exchange regarding Analysts/Institutional Investor Meet/Con. Call Updates,,,Analysts/Institutional Investor Meet/Con. Call Updates,-,02032020171000,-,-,False,,,104161757,Automobiles - 4 Wheelers,INE066A01013,Eicher Motors Limited,2020-03-02 17:10:00,EICHERMOT
02-Mar-2020 16:25:00,,https://nsearchives.nseindia.com/corporate/EICHERMOT_02032020162536_BMNoticemarch2020.pdf,"Eicher Motors Limited has informed the Exchange regarding the Trading Window closure pursuant to SEBI (Prohibition of Insider Trading) Regulations, 2015",,,Trading Window,-,02032020162500,-,-,False,,,104161733,Automobiles - 4 Wheelers,INE066A01013,Eicher Motors Limited,2020-03-02 16:25:00,EICHERMOT
02-Mar-2020 11:17:00,,https://nsearchives.nseindia.com/corporate/EICHERMOT_02032020111718_RoyalEnfieldMotorcycleSalesDataforFebruary2020.pdf,Eicher Motors Limited has informed the Exchange regarding Monthly Business Updates for the month of February 2020,,,Monthly Business Updates,-,02032020111700,-,-,False,,,104161328,Automobiles - 4 Wheelers,INE066A01013,Eicher Motors Limited,2020-03-02 11:17:00,EICHERMOT
01-Mar-2020 15:55:00,,https://nsearchives.nseindia.com/corporate/EICHERMOT_01032020155504_VECVFeb2020SalesUpdate.pdf,Eicher Motors Limited has informed the Exchange regarding Monthly Business Updates for the month of February 2020,,,Monthly Business Updates,-,01032020155500,-,-,False,,,104159731,Automobiles - 4 Wheelers,INE066A01013,Eicher Motors Limited,2020-03-01 15:55:00,EICHERMOT
01-Mar-2020 13:14:00,,https://nsearchives.nseindia.com/corporate/EICHERMOT_01032020131453_VECVFeb2020SalesUpdate.pdf,Eicher Motors Limited has informed the Exchange regarding Monthly Business Updates for the month of February 2020,,,Monthly Business Updates,-,01032020131400,-,-,False,,,104159728,Automobiles - 4 Wheelers,INE066A01013,Eicher Motors Limited,2020-03-01 13:14:00,EICHERMOT
01-Mar-2020 13:00:00,,https://nsearchives.nseindia.com/corporate/EICHERMOT_01032020130041_VECVFeb2020SalesUpdate.pdf,Eicher Motors Limited has informed the Exchange regarding Monthly Business Updates for the month of February 2020,,,Monthly Business Updates,-,01032020130000,-,-,False,,,104159726,Automobiles - 4 Wheelers,INE066A01013,Eicher Motors Limited,2020-03-01 13:00:00,EICHERMOT
28-Feb-2020 16:33:00,,https://nsearchives.nseindia.com/corporate/EICHERMOT_28022020163315_ScheduleofMeetingwithAnalystsAndInvestors28February2020.pdf,Eicher Motors Limited has informed the Exchange regarding Analysts/Institutional Investor Meet/Con. Call Updates,,,Analysts/Institutional Investor Meet/Con. Call Updates,-,28022020163300,-,-,False,,,104158598,Automobiles - 4 Wheelers,INE066A01013,Eicher Motors Limited,2020-02-28 16:33:00,EICHERMOT
24-Feb-2020 11:16:00,,https://nsearchives.nseindia.com/corporate/EICHERMOT_24022020111654_ScheduleofMeetingswithAnalystsAndInvestors24February2020.pdf,Eicher Motors Limited has informed the Exchange regarding Analysts/Institutional Investor Meet/Con. Call Updates,,,Analysts/Institutional Investor Meet/Con. Call Updates,-,24022020111600,-,-,False,,,104146971,Automobiles - 4 Wheelers,INE066A01013,Eicher Motors Limited,2020-02-24 11:16:00,EICHERMOT
17-Feb-2020 17:58:00,,https://nsearchives.nseindia.com/corporate/EICHERMOT_17022020175844_Callinvite17022020.pdf,Eicher Motors Limited has informed the Exchange regarding Analysts/Institutional Investor Meet/Con. Call Updates,,,Analysts/Institutional Investor Meet/Con. Call Updates,-,17022020175800,-,-,False,,,104135883,Automobiles - 4 Wheelers,INE066A01013,Eicher Motors Limited,2020-02-17 17:58:00,EICHERMOT
11-Feb-2020 18:43:00,,https://nsearchives.nseindia.com/corporate/EICHERMOT_11022020184346_Callinvite11022020.pdf,Eicher Motors Limited has informed the Exchange regarding Analysts/Institutional Investor Meet/Con. Call Updates,,,Analysts/Institutional Investor Meet/Con. Call Updates,-,11022020184300,-,-,False,,,104120759,Automobiles - 4 Wheelers,INE066A01013,Eicher Motors Limited,2020-02-11 18:43:00,EICHERMOT
06-Feb-2020 18:09:00,,https://nsearchives.nseindia.com/corporate/EICHERMOT_06022020180904_InvestorPresentation.pdf,Eicher Motors Limited has informed the Exchange regarding Investor Presentation,,,Investor Presentation,-,06022020180900,-,-,False,,,104110485,Automobiles - 4 Wheelers,INE066A01013,Eicher Motors Limited,2020-02-06 18:09:00,EICHERMOT
06-Feb-2020 14:44:00,,https://nsearchives.nseindia.com/corporate/EICHERMOT_06022020144442_PRESSRELEASE.pdf,"Eicher Motors Limited has informed the Exchange regarding a press release dated February 06, 2020, titled ""Press Release"".",,,Press Release,-,06022020144400,-,-,False,,,104110289,Automobiles - 4 Wheelers,INE066A01013,Eicher Motors Limited,2020-02-06 14:44:00,EICHERMOT
06-Feb-2020 14:27:00,,https://nsearchives.nseindia.com/corporate/EICHERMOT_06022020142710_Tradingwindow.pdf,Eicher Motors Limited has informed the Exchange regarding 'Opening of Trading Window'.,,,Updates,-,06022020142700,-,-,False,,,104110271,Automobiles - 4 Wheelers,INE066A01013,Eicher Motors Limited,2020-02-06 14:27:00,EICHERMOT
06-Feb-2020 14:24:00,,https://nsearchives.nseindia.com/corporate/EICHERMOT_06022020142427_REAPPOINTMENT.pdf,Eicher Motors Limited has informed the Exchange regarding Reappointment of Director of the company.,,,Reappointment,-,06022020142400,-,-,False,,,104110270,Automobiles - 4 Wheelers,INE066A01013,Eicher Motors Limited,2020-02-06 14:24:00,EICHERMOT
06-Feb-2020 14:19:00,,https://nsearchives.nseindia.com/corporate/EICHERMOT_06022020141945_RESULTS.pdf,"Eicher Motors Limited has informed the Exchange regarding  Board meeting held on February 06, 2020.",,,Outcome of Board Meeting,-,06022020141900,-,-,False,,,104110268,Automobiles - 4 Wheelers,INE066A01013,Eicher Motors Limited,2020-02-06 14:19:00,EICHERMOT
06-Feb-2020 14:17:16,,https://nsearchives.nseindia.com/corporate/RESULTS_06022020141716.zip,"Eicher Motors Limited has submitted to the Exchange, the financial results for the period ended December 31, 2019.",,,Financial Result Updates,-,06022020141716,-,-,False,,,132550,Automobiles - 4 Wheelers,INE066A01013,Eicher Motors Limited,2020-02-06 14:17:16,EICHERMOT
01-Feb-2020 18:01:00,,https://nsearchives.nseindia.com/corporate/EICHERMOT_01022020180113_RoyalEnfieldMotorcycleSalesDataforJanuary2020.pdf,Eicher Motors Limited has informed the Exchange regarding Monthly Business Updates for the month of January 2020,,,Monthly Business Updates,-,01022020180100,-,-,False,,,104095556,Automobiles - 4 Wheelers,INE066A01013,Eicher Motors Limited,2020-02-01 18:01:00,EICHERMOT
01-Feb-2020 15:43:00,,https://nsearchives.nseindia.com/corporate/EICHERMOT_01022020154344_VECVJan2020salesupdate.pdf,Eicher Motors Limited has informed the Exchange regarding Monthly Business Updates for the month of January 2020,,,Monthly Business Updates,-,01022020154300,-,-,False,,,104095487,Automobiles - 4 Wheelers,INE066A01013,Eicher Motors Limited,2020-02-01 15:43:00,EICHERMOT
29-Jan-2020 12:18:00,,https://nsearchives.nseindia.com/corporate/EICHERMOT_29012020121811_Reg30Investor.pdf,Eicher Motors Limited has informed the Exchange regarding Analysts/Institutional Investor Meet/Con. Call Updates,,,Analysts/Institutional Investor Meet/Con. Call Updates,-,29012020121800,-,-,False,,,104088248,Automobiles - 4 Wheelers,INE066A01013,Eicher Motors Limited,2020-01-29 12:18:00,EICHERMOT
22-Jan-2020 15:56:00,,https://nsearchives.nseindia.com/corporate/Kumud_22012020155522_IEPFNoticeReg30_150.pdf,"Eicher Motors Limited has informed the Exchange regarding 'Regulation 30 of SEBI (LODR) Regulations, 2015 -Newspaper Advertisement'.",,,Updates,-,22012020155600,-,-,False,,,104073492,Automobiles - 4 Wheelers,INE066A01013,Eicher Motors Limited,2020-01-22 15:56:00,EICHERMOT
13-Jan-2020 14:54:00,,https://nsearchives.nseindia.com/corporate/bdjoshi_13012020145321_ScheduleofMeetingswithAnalystsAndInvestors13January2020_083.pdf,Eicher Motors Limited has informed the Exchange regarding Analysts/Institutional Investor Meet/Con. Call Updates,,,Analysts/Institutional Investor Meet/Con. Call Updates,-,13012020145400,-,-,False,,,104051245,Automobiles - 4 Wheelers,INE066A01013,Eicher Motors Limited,2020-01-13 14:54:00,EICHERMOT
09-Jan-2020 17:02:00,,https://nsearchives.nseindia.com/corporate/bdjoshi_09012020170148_ScheduleofMeetingswithAnalystsAndInvestors9January2020_203.pdf,Eicher Motors Limited has informed the Exchange regarding Analysts/Institutional Investor Meet/Con. Call Updates,,,Analysts/Institutional Investor Meet/Con. Call Updates,-,09012020170200,-,-,False,,,104044501,Automobiles - 4 Wheelers,INE066A01013,Eicher Motors Limited,2020-01-09 17:02:00,EICHERMOT
07-Jan-2020 14:14:00,,https://nsearchives.nseindia.com/corporate/bdjoshi_07012020141427_ScheduleofMeetingswithAnalystsAndInvestors7January2020_122.pdf,Eicher Motors Limited has informed the Exchange regarding Analysts/Institutional Investor Meet/Con. Call Updates,,,Analysts/Institutional Investor Meet/Con. Call Updates,-,07012020141400,-,-,False,,,104037922,Automobiles - 4 Wheelers,INE066A01013,Eicher Motors Limited,2020-01-07 14:14:00,EICHERMOT
02-Jan-2020 11:41:00,,https://nsearchives.nseindia.com/corporate/bdjoshi_02012020114108_RoyalEnfieldMotorcycleSalesDataforDecember2019_044.pdf,Eicher Motors Limited has informed the Exchange regarding Monthly Business Updates for the month of December 2019,,,Monthly Business Updates,-,02012020114100,-,-,False,,,104028374,Automobiles - 4 Wheelers,INE066A01013,Eicher Motors Limited,2020-01-02 11:41:00,EICHERMOT
01-Jan-2020 16:37:00,,https://nsearchives.nseindia.com/corporate/Saadia_01012020163644_VECVDec2019salesupdate_127.pdf,Eicher Motors Limited has informed the Exchange regarding Monthly Business Updates for the month of December 2019,,,Monthly Business Updates,-,01012020163700,-,-,False,,,104025357,Automobiles - 4 Wheelers,INE066A01013,Eicher Motors Limited,2020-01-01 16:37:00,EICHERMOT
31-Dec-2019 11:27:00,,https://nsearchives.nseindia.com/corporate/bdjoshi_31122019112625_ScheduleofMeetingswithAnalystsAndInvestors31December2019_095.pdf,Eicher Motors Limited has informed the Exchange regarding Analysts/Institutional Investor Meet/Con. Call Updates,,,Analysts/Institutional Investor Meet/Con. Call Updates,-,31122019112700,-,-,False,,,104021880,Automobiles - 4 Wheelers,INE066A01013,Eicher Motors Limited,2019-12-31 11:27:00,EICHERMOT
19-Dec-2019 14:03:00,,https://nsearchives.nseindia.com/corporate/Kumud_19122019140337_EMLTradingwindowclosure_073.pdf,"Eicher Motors Limited has informed the Exchange regarding the Trading Window closure pursuant to SEBI (Prohibition of Insider Trading) Regulations, 2015_Intimation of closure of Trading Window",,,Trading Window,-,19122019140300,-,-,False,,,103998440,Automobiles - 4 Wheelers,INE066A01013,Eicher Motors Limited,2019-12-19 14:03:00,EICHERMOT
18-Dec-2019 17:18:00,,https://nsearchives.nseindia.com/corporate/bdjoshi_18122019171733_ScheduleofMeetingswithAnalystsAndInvestors18December2019_109.pdf,Eicher Motors Limited has informed the Exchange regarding Analysts/Institutional Investor Meet/Con. Call Updates,,,Analysts/Institutional Investor Meet/Con. Call Updates,-,18122019171800,-,-,False,,,103995380,Automobiles - 4 Wheelers,INE066A01013,Eicher Motors Limited,2019-12-18 17:18:00,EICHERMOT
13-Dec-2019 18:14:00,,https://nsearchives.nseindia.com/corporate/bdjoshi_13122019181419_ScheduleofMeetingswithAnalystsAndInvestors13December2019_226.pdf,Eicher Motors Limited has informed the Exchange regarding Analysts/Institutional Investor Meet/Con. Call Updates,,,Analysts/Institutional Investor Meet/Con. Call Updates,-,13122019181400,-,-,False,,,103986099,Automobiles - 4 Wheelers,INE066A01013,Eicher Motors Limited,2019-12-13 18:14:00,EICHERMOT
09-Dec-2019 17:09:00,,https://nsearchives.nseindia.com/corporate/bdjoshi_09122019170928_ScheduleofMeetingswithAnalystsAndInvestors09December2019_330.pdf,Eicher Motors Limited has informed the Exchange regarding Analysts/Institutional Investor Meet/Con. Call Updates,,,Analysts/Institutional Investor Meet/Con. Call Updates,-,09122019170900,-,-,False,,,103973183,Automobiles - 4 Wheelers,INE066A01013,Eicher Motors Limited,2019-12-09 17:09:00,EICHERMOT
05-Dec-2019 18:02:00,,https://nsearchives.nseindia.com/corporate/listcontract1_05122019175909_EICHER_RPT_309.pdf,"Eicher Motors Limited has informed the Exchange regarding Disclosure of Related Party Transactions pursuant to Regulation 23(9) of SEBI( LODR) Regulations, 2015.",,,Related Party Transactions,-,05122019180200,-,-,False,,,103967389,Automobiles - 4 Wheelers,INE066A01013,Eicher Motors Limited,2019-12-05 18:02:00,EICHERMOT
05-Dec-2019 17:50:00,,https://nsearchives.nseindia.com/corporate/Kumud_05122019175029_RPTDisclosureSep302019_299.pdf,"Eicher Motors Limited has informed the Exchange regarding 'Disclosure of Related Party Transactions pursuant to Regulation 23(9) of SEBI (Listing Obligations and Disclosure Requirements) Regulations, 2015 for the half year ended September 30, 2019'.",,,Updates,-,05122019175000,-,-,False,,,103967382,Automobiles - 4 Wheelers,INE066A01013,Eicher Motors Limited,2019-12-05 17:50:00,EICHERMOT
03-Dec-2019 16:55:00,,https://nsearchives.nseindia.com/corporate/bdjoshi_03122019165510_ScheduleofMeetingswithAnalystsAndInvestors03December2019_210.pdf,Eicher Motors Limited has informed the Exchange regarding Analysts/Institutional Investor Meet/Con. Call Updates,,,Analysts/Institutional Investor Meet/Con. Call Updates,-,03122019165500,-,-,False,,,103961954,Automobiles - 4 Wheelers,INE066A01013,Eicher Motors Limited,2019-12-03 16:55:00,EICHERMOT
03-Dec-2019 14:08:00,,https://nsearchives.nseindia.com/corporate/bdjoshi_03122019140830_ScheduleofMeetingswithAnalystsAndInvestors03December2019_111.pdf,Eicher Motors Limited has informed the Exchange regarding Analysts/Institutional Investor Meet/Con. Call Updates,,,Analysts/Institutional Investor Meet/Con. Call Updates,-,03122019140800,-,-,False,,,103961870,Automobiles - 4 Wheelers,INE066A01013,Eicher Motors Limited,2019-12-03 14:08:00,EICHERMOT
01-Dec-2019 18:36:00,,https://nsearchives.nseindia.com/corporate/bdjoshi_01122019183505_RoyalEnfieldMotorcycleSalesDataforNovember2019_004.pdf,Eicher Motors Limited has informed the Exchange regarding Monthly Business Updates for the month of November 2019,,,Monthly Business Updates,-,01122019183600,-,-,False,,,103957072,Automobiles - 4 Wheelers,INE066A01013,Eicher Motors Limited,2019-12-01 18:36:00,EICHERMOT
01-Dec-2019 18:20:00,,https://nsearchives.nseindia.com/corporate/Saadia_01122019182011_VECVNov2019salesupdate_003.pdf,Eicher Motors Limited has informed the Exchange regarding Monthly Business Updates for the month of November 2019,,,Monthly Business Updates,-,01122019182000,-,-,False,,,103957071,Automobiles - 4 Wheelers,INE066A01013,Eicher Motors Limited,2019-12-01 18:20:00,EICHERMOT
28-Nov-2019 15:07:00,,https://nsearchives.nseindia.com/corporate/bdjoshi_28112019150710_ScheduleofMeetingswithAnalystsAndInvestors28November2019_122.pdf,Eicher Motors Limited has informed the Exchange regarding Analysts/Institutional Investor Meet/Con. Call Updates,,,Analysts/Institutional Investor Meet/Con. Call Updates,-,28112019150700,-,-,False,,,103953009,Automobiles - 4 Wheelers,INE066A01013,Eicher Motors Limited,2019-11-28 15:07:00,EICHERMOT
26-Nov-2019 19:09:00,,https://nsearchives.nseindia.com/corporate/Kumud_26112019190942_SustainabilityReport_007.pdf,Eicher Motors Limited has informed the Exchange regarding 'Sustainability Report of Eicher Motors Limited for the Financial Year 2018-19'.,,,Updates,-,26112019190900,-,-,False,,,103946912,Automobiles - 4 Wheelers,INE066A01013,Eicher Motors Limited,2019-11-26 19:09:00,EICHERMOT
25-Nov-2019 20:45:00,,https://nsearchives.nseindia.com/corporate/bdjoshi_25112019204500_ScheduleofMeetingswithAnalystsAndInvestors25November2019_296.pdf,Eicher Motors Limited has informed the Exchange regarding Analysts/Institutional Investor Meet/Con. Call Updates,,,Analysts/Institutional Investor Meet/Con. Call Updates,-,25112019204500,-,-,False,,,103944179,Automobiles - 4 Wheelers,INE066A01013,Eicher Motors Limited,2019-11-25 20:45:00,EICHERMOT
20-Nov-2019 12:02:00,,https://nsearchives.nseindia.com/corporate/bdjoshi_20112019120151_ScheduleofMeetingswithAnalystsAndInvestors20November2019_069.pdf,Eicher Motors Limited has informed the Exchange regarding Analysts/Institutional Investor Meet/Con. Call Updates,,,Analysts/Institutional Investor Meet/Con. Call Updates,-,20112019120200,-,-,False,,,103932680,Automobiles - 4 Wheelers,INE066A01013,Eicher Motors Limited,2019-11-20 12:02:00,EICHERMOT
18-Nov-2019 17:59:00,,https://nsearchives.nseindia.com/corporate/bdjoshi_18112019175933_ScheduleofMeetingswithAnalystsAndInvestors18November2019_373.pdf,Eicher Motors Limited has informed the Exchange regarding Analysts/Institutional Investor Meet/Con. Call Updates,,,Analysts/Institutional Investor Meet/Con. Call Updates,-,18112019175900,-,-,False,,,103926923,Automobiles - 4 Wheelers,INE066A01013,Eicher Motors Limited,2019-11-18 17:59:00,EICHERMOT
13-Nov-2019 09:13:00,,https://nsearchives.nseindia.com/corporate/bdjoshi_13112019091306_ScheduleofMeetingswithAnalystsAndInvestors13November2019_054.pdf,Eicher Motors Limited has informed the Exchange regarding Analysts/Institutional Investor Meet/Con. Call Updates,,,Analysts/Institutional Investor Meet/Con. Call Updates,-,13112019091300,-,-,False,,,103915402,Automobiles - 4 Wheelers,INE066A01013,Eicher Motors Limited,2019-11-13 09:13:00,EICHERMOT
11-Nov-2019 12:38:00,,https://nsearchives.nseindia.com/corporate/Girjesh_11112019123755_transfer_of_shares_Gourishankar_Madhumitaray_114.pdf,"Eicher Motors Limited has informed the Exchange regarding 'Intimation Regarding Transfer Of Shares Of The Company Pursuant To SEBI Circular No. SEBI/HO/MIRSD/DOS3/CIR/P/2018/139 Dated November 6, 2018 On  Standardized Norms For Transfer Of Securities In Physical Mode .'.",,,Updates,-,11112019123800,-,-,False,,,103913157,Automobiles - 4 Wheelers,INE066A01013,Eicher Motors Limited,2019-11-11 12:38:00,EICHERMOT
11-Nov-2019 09:58:00,,https://nsearchives.nseindia.com/corporate/bdjoshi_11112019095749_ScheduleofMeetingswithAnalystsAndInvestors11November2019_068.pdf,Eicher Motors Limited has informed the Exchange regarding Analysts/Institutional Investor Meet/Con. Call Updates,,,Analysts/Institutional Investor Meet/Con. Call Updates,-,11112019095800,-,-,False,,,103912166,Automobiles - 4 Wheelers,INE066A01013,Eicher Motors Limited,2019-11-11 09:58:00,EICHERMOT
08-Nov-2019 17:57:00,,https://nsearchives.nseindia.com/corporate/Kumud_08112019175736_InvestorPresentation_048.pdf,Eicher Motors Limited has informed the Exchange regarding Investor Presentation,,,Investor Presentation,-,08112019175700,-,-,False,,,103909561,Automobiles - 4 Wheelers,INE066A01013,Eicher Motors Limited,2019-11-08 17:57:00,EICHERMOT
08-Nov-2019 14:38:00,,https://nsearchives.nseindia.com/corporate/Kumud_08112019143751_Tradingwindow_033.pdf,Eicher Motors Limited has informed the Exchange regarding 'Opening of Trading Window'.,,,Updates,-,08112019143800,-,-,False,,,103909308,Automobiles - 4 Wheelers,INE066A01013,Eicher Motors Limited,2019-11-08 14:38:00,EICHERMOT
08-Nov-2019 14:35:00,,https://nsearchives.nseindia.com/corporate/Kumud_08112019143459_PressRelease_032.pdf,"Eicher Motors Limited has informed the Exchange regarding a press release dated November 08, 2019, titled ""Press Release"".",,,Press Release,-,08112019143500,-,-,False,,,103909305,Automobiles - 4 Wheelers,INE066A01013,Eicher Motors Limited,2019-11-08 14:35:00,EICHERMOT
08-Nov-2019 14:32:00,,https://nsearchives.nseindia.com/corporate/Kumud_08112019142827_results_031.pdf,Eicher Motors Limited has informed the Exchange regarding allotment of  14840 Equity Shares under ESOP,,,Allotment of ESOP/ESPS,-,08112019143200,-,-,False,,,103909304,Automobiles - 4 Wheelers,INE066A01013,Eicher Motors Limited,2019-11-08 14:32:00,EICHERMOT
08-Nov-2019 14:27:00,,https://nsearchives.nseindia.com/corporate/Kumud_08112019142620_results_030.pdf,"Eicher Motors Limited has informed the Exchange regarding  Board meeting held on November 08, 2019.",,,Outcome of Board Meeting,-,08112019142700,-,-,False,,,103909301,Automobiles - 4 Wheelers,INE066A01013,Eicher Motors Limited,2019-11-08 14:27:00,EICHERMOT
08-Nov-2019 14:25:32,,https://nsearchives.nseindia.com/corporate/results_08112019142532.zip,"Eicher Motors Limited has submitted to the Exchange, the financial results for the period ended September 30, 2019.",,,Financial Result Updates,-,08112019142532,-,-,False,,,130778,Automobiles - 4 Wheelers,INE066A01013,Eicher Motors Limited,2019-11-08 14:25:32,EICHERMOT
04-Nov-2019 14:11:00,,https://nsearchives.nseindia.com/corporate/Kumud_04112019141110_Investormeet_096.pdf,Eicher Motors Limited has informed the Exchange regarding Analysts/Institutional Investor Meet/Con. Call Updates,,,Analysts/Institutional Investor Meet/Con. Call Updates,-,04112019141100,-,-,False,,,103892772,Automobiles - 4 Wheelers,INE066A01013,Eicher Motors Limited,2019-11-04 14:11:00,EICHERMOT
01-Nov-2019 16:01:00,,https://nsearchives.nseindia.com/corporate/Kumud_01112019160006_RoyalEnfieldMotorcycleSalesDataforOctober2019_161.pdf,Eicher Motors Limited has informed the Exchange regarding Monthly Business Updates for the month of October 2019,,,Monthly Business Updates,-,01112019160100,-,-,False,,,103889957,Automobiles - 4 Wheelers,INE066A01013,Eicher Motors Limited,2019-11-01 16:01:00,EICHERMOT
01-Nov-2019 14:46:00,,https://nsearchives.nseindia.com/corporate/Saadia_01112019144535_VECVOct2019salesupdate_121.pdf,Eicher Motors Limited has informed the Exchange regarding Monthly Business Updates for the month of October 2019,,,Monthly Business Updates,-,01112019144600,-,-,False,,,103889917,Automobiles - 4 Wheelers,INE066A01013,Eicher Motors Limited,2019-11-01 14:46:00,EICHERMOT
14-Oct-2019 17:15:00,,https://nsearchives.nseindia.com/corporate/bdjoshi_14102019171459_ScheduleofMeetingwithAnalystsAndInvestors14October2019_223.pdf,Eicher Motors Limited has informed the Exchange regarding Analysts/Institutional Investor Meet/Con. Call Updates,,,Analysts/Institutional Investor Meet/Con. Call Updates,-,14102019171500,-,-,False,,,103852839,Automobiles - 4 Wheelers,INE066A01013,Eicher Motors Limited,2019-10-14 17:15:00,EICHERMOT
07-Oct-2019 17:04:00,,https://nsearchives.nseindia.com/corporate/bdjoshi_07102019170328_ScheduleofMeetingwithAnalystsAndInvestors07October2019_297.pdf,Eicher Motors Limited has informed the Exchange regarding Analysts/Institutional Investor Meet/Con. Call Updates,,,Analysts/Institutional Investor Meet/Con. Call Updates,-,07102019170400,-,-,False,,,103841490,Automobiles - 4 Wheelers,INE066A01013,Eicher Motors Limited,2019-10-07 17:04:00,EICHERMOT
03-Oct-2019 18:01:00,,https://nsearchives.nseindia.com/corporate/bdjoshi_03102019180109_ScheduleofMeetingwithAnalystsAndInvestors03October2019_140.pdf,Eicher Motors Limited has informed the Exchange regarding Analysts/Institutional Investor Meet/Con. Call Updates,,,Analysts/Institutional Investor Meet/Con. Call Updates,-,03102019180100,-,-,False,,,103834639,Automobiles - 4 Wheelers,INE066A01013,Eicher Motors Limited,2019-10-03 18:01:00,EICHERMOT
01-Oct-2019 17:34:00,,https://nsearchives.nseindia.com/corporate/bdjoshi_01102019173356_RoyalEnfieldMotorcycleSalesDataforSeptember2019_538.pdf,Eicher Motors Limited has informed the Exchange regarding Monthly Business Updates for the month of September 2019,,,Monthly Business Updates,-,01102019173400,-,-,False,,,103831760,Automobiles - 4 Wheelers,INE066A01013,Eicher Motors Limited,2019-10-01 17:34:00,EICHERMOT
01-Oct-2019 12:47:00,,https://nsearchives.nseindia.com/corporate/Saadia_01102019124614_VECVSept2019salesupdate_175.pdf,Eicher Motors Limited has informed the Exchange regarding Monthly Business Updates for the month of September 2019,,,Monthly Business Updates,-,01102019124700,-,-,False,,,103831405,Automobiles - 4 Wheelers,INE066A01013,Eicher Motors Limited,2019-10-01 12:47:00,EICHERMOT
30-Sep-2019 15:57:00,,https://nsearchives.nseindia.com/corporate/bdjoshi_30092019155722_ScheduleofMeetingswithAnalystsAndInvestors30September2019_572.pdf,Eicher Motors Limited has informed the Exchange regarding Analysts/Institutional Investor Meet/Con. Call Updates,,,Analysts/Institutional Investor Meet/Con. Call Updates,-,30092019155700,-,-,False,,,103827492,Automobiles - 4 Wheelers,INE066A01013,Eicher Motors Limited,2019-09-30 15:57:00,EICHERMOT
25-Sep-2019 18:03:00,,https://nsearchives.nseindia.com/corporate/bdjoshi_25092019180305_ScheduleofMeetingswithAnalystsAndInvestors25September2019_239.pdf,Eicher Motors Limited has informed the Exchange regarding Analysts/Institutional Investor Meet/Con. Call Updates,,,Analysts/Institutional Investor Meet/Con. Call Updates,-,25092019180300,-,-,False,,,103817308,Automobiles - 4 Wheelers,INE066A01013,Eicher Motors Limited,2019-09-25 18:03:00,EICHERMOT
23-Sep-2019 16:05:00,,https://nsearchives.nseindia.com/corporate/Kumud_23092019160436_Tradingwindowclosure_149.pdf,"Eicher Motors Limited has informed the Exchange regarding the Trading Window closure pursuant to SEBI (Prohibition of Insider Trading) Regulations, 2015",,,Trading Window,-,23092019160500,-,-,False,,,103810260,Automobiles - 4 Wheelers,INE066A01013,Eicher Motors Limited,2019-09-23 16:05:00,EICHERMOT
23-Sep-2019 09:34:00,,https://nsearchives.nseindia.com/corporate/bdjoshi_23092019093155_ScheduleofMeetingswithAnalystsAndInvestors23September2019_028.pdf,Eicher Motors Limited has informed the Exchange regarding Analysts/Institutional Investor Meet/Con. Call Updates,,,Analysts/Institutional Investor Meet/Con. Call Updates,-,23092019093400,-,-,False,,,103808264,Automobiles - 4 Wheelers,INE066A01013,Eicher Motors Limited,2019-09-23 09:34:00,EICHERMOT
17-Sep-2019 13:52:00,,https://nsearchives.nseindia.com/corporate/bdjoshi_17092019135205_ScheduleofMeetingswithAnalystsAndInvestors17September2019_078.pdf,Eicher Motors Limited has informed the Exchange regarding Analysts/Institutional Investor Meet/Con. Call Updates,,,Analysts/Institutional Investor Meet/Con. Call Updates,-,17092019135200,-,-,False,,,103798874,Automobiles - 4 Wheelers,INE066A01013,Eicher Motors Limited,2019-09-17 13:52:00,EICHERMOT
14-Sep-2019 10:42:00,,https://nsearchives.nseindia.com/corporate/bdjoshi_14092019104149_ScheduleofMeetingswithAnalystsAndInvestors14September2019_002.pdf,Eicher Motors Limited has informed the Exchange regarding Analysts/Institutional Investor Meet/Con. Call Updates,,,Analysts/Institutional Investor Meet/Con. Call Updates,-,14092019104200,-,-,False,,,103793979,Automobiles - 4 Wheelers,INE066A01013,Eicher Motors Limited,2019-09-14 10:42:00,EICHERMOT
12-Sep-2019 16:06:00,,https://nsearchives.nseindia.com/corporate/bdjoshi_12092019160542_ScheduleofMeetingswithAnalystsAndInvestors12September2019_052.pdf,Eicher Motors Limited has informed the Exchange regarding Analysts/Institutional Investor Meet/Con. Call Updates,,,Analysts/Institutional Investor Meet/Con. Call Updates,-,12092019160600,-,-,False,,,103788715,Automobiles - 4 Wheelers,INE066A01013,Eicher Motors Limited,2019-09-12 16:06:00,EICHERMOT
06-Sep-2019 09:56:00,,https://nsearchives.nseindia.com/corporate/bdjoshi_06092019095623_ScheduleofMeetingwithAnalystsAndInvestors6September2019_035.pdf,Eicher Motors Limited has informed the Exchange regarding Analysts/Institutional Investor Meet/Con. Call Updates,,,Analysts/Institutional Investor Meet/Con. Call Updates,-,06092019095600,-,-,False,,,103776642,Automobiles - 4 Wheelers,INE066A01013,Eicher Motors Limited,2019-09-06 09:56:00,EICHERMOT
05-Sep-2019 14:48:00,,https://nsearchives.nseindia.com/corporate/bdjoshi_05092019144824_ScheduleofMeetingwithAnalystsAndInvestor05September2019_257.pdf,Eicher Motors Limited has informed the Exchange regarding Analysts/Institutional Investor Meet/Con. Call Updates,,,Analysts/Institutional Investor Meet/Con. Call Updates,-,05092019144800,-,-,False,,,103774474,Automobiles - 4 Wheelers,INE066A01013,Eicher Motors Limited,2019-09-05 14:48:00,EICHERMOT
04-Sep-2019 11:13:00,,https://nsearchives.nseindia.com/corporate/bdjoshi_04092019111146_ScheduleofMeetingswithAnalystsAndInvestors04September2019_038.pdf,Eicher Motors Limited has informed the Exchange regarding Analysts/Institutional Investor Meet/Con. Call Updates,,,Analysts/Institutional Investor Meet/Con. Call Updates,-,04092019111300,-,-,False,,,103771350,Automobiles - 4 Wheelers,INE066A01013,Eicher Motors Limited,2019-09-04 11:13:00,EICHERMOT
01-Sep-2019 20:10:00,,https://nsearchives.nseindia.com/corporate/bdjoshi_01092019200938_RoyalEnfieldMotorcycleSalesDataforAugust2019_024.pdf,Eicher Motors Limited has informed the Exchange regarding Monthly Business Updates for the month of August 2019,,,Monthly Business Updates,-,01092019201000,-,-,False,,,103766282,Automobiles - 4 Wheelers,INE066A01013,Eicher Motors Limited,2019-09-01 20:10:00,EICHERMOT
01-Sep-2019 16:18:00,,https://nsearchives.nseindia.com/corporate/Saadia_01092019161811_VECVAug2019Sales_014.pdf,Eicher Motors Limited has informed the Exchange regarding Monthly Business Updates for the month of August 2019,,,Monthly Business Updates,-,01092019161800,-,-,False,,,103766272,Automobiles - 4 Wheelers,INE066A01013,Eicher Motors Limited,2019-09-01 16:18:00,EICHERMOT
30-Aug-2019 17:20:00,,https://nsearchives.nseindia.com/corporate/bdjoshi_30082019171940_ScheduleofMeetingswithAnalystsAndInvestors30August2019_317.pdf,Eicher Motors Limited has informed the Exchange regarding Analysts/Institutional Investor Meet/Con. Call Updates,,,Analysts/Institutional Investor Meet/Con. Call Updates,-,30082019172000,-,-,False,,,103764286,Automobiles - 4 Wheelers,INE066A01013,Eicher Motors Limited,2019-08-30 17:20:00,EICHERMOT
26-Aug-2019 10:32:00,,https://nsearchives.nseindia.com/corporate/bdjoshi_26082019103124_ScheduleofMeetingswithAnalystsAndInvestors26August2019_056.pdf,Eicher Motors Limited has informed the Exchange regarding Analysts/Institutional Investor Meet/Con. Call Updates,,,Analysts/Institutional Investor Meet/Con. Call Updates,-,26082019103200,-,-,False,,,103750053,Automobiles - 4 Wheelers,INE066A01013,Eicher Motors Limited,2019-08-26 10:32:00,EICHERMOT
21-Aug-2019 11:43:00,,https://nsearchives.nseindia.com/corporate/listcontract1_218201911400_Letter_047.pdf,Eicher Motors Limited has informed the Exchange regarding 'News clarification on article captioned- Royal Enfield's BS-VI roll-out plans ride on outcome of IP case '.,,,Updates,-,21082019114300,-,-,False,,,103741680,Automobiles - 4 Wheelers,INE066A01013,Eicher Motors Limited,2019-08-21 11:43:00,EICHERMOT
20-Aug-2019 15:19:00,,https://nsearchives.nseindia.com/corporate/bdjoshi_20082019151854_ScheduleofMeetingswithAnalystsAndInvestors20August2019_134.pdf,Eicher Motors Limited has informed the Exchange regarding Analysts/Institutional Investor Meet/Con. Call Updates,,,Analysts/Institutional Investor Meet/Con. Call Updates,-,20082019151900,-,-,False,,,103739082,Automobiles - 4 Wheelers,INE066A01013,Eicher Motors Limited,2019-08-20 15:19:00,EICHERMOT
16-Aug-2019 10:52:00,,https://nsearchives.nseindia.com/corporate/bdjoshi_16082019105152_ScheduleofMeetingswithAnalystsAndInvestors16August2019_053.pdf,Eicher Motors Limited has informed the Exchange regarding Analysts/Institutional Investor Meet/Con. Call Updates,,,Analysts/Institutional Investor Meet/Con. Call Updates,-,16082019105200,-,-,False,,,103732771,Automobiles - 4 Wheelers,INE066A01013,Eicher Motors Limited,2019-08-16 10:52:00,EICHERMOT
08-Aug-2019 14:56:00,,https://nsearchives.nseindia.com/corporate/bdjoshi_08082019145541_ScheduleofMeetingswithAnalystsAndInvestors8August2019_191.pdf,Eicher Motors Limited has informed the Exchange regarding Analysts/Institutional Investor Meet/Con. Call Updates,,,Analysts/Institutional Investor Meet/Con. Call Updates,-,08082019145600,-,-,False,,,103716974,Automobiles - 4 Wheelers,INE066A01013,Eicher Motors Limited,2019-08-08 14:56:00,EICHERMOT
06-Aug-2019 12:33:00,,https://nsearchives.nseindia.com/corporate/bdjoshi_06082019123306_ScheduleofMeetingswithAnalystsAndInvestors6August2019_088.pdf,Eicher Motors Limited has informed the Exchange regarding Analysts/Institutional Investor Meet/Con. Call Updates,,,Analysts/Institutional Investor Meet/Con. Call Updates,-,06082019123300,-,-,False,,,103709499,Automobiles - 4 Wheelers,INE066A01013,Eicher Motors Limited,2019-08-06 12:33:00,EICHERMOT
02-Aug-2019 00:43:00,,https://nsearchives.nseindia.com/corporate/Kumud_02082019004345_ESOP_003.pdf,Eicher Motors Limited has informed the Exchange regarding Grant of 8600  Options.,,,ESOP/ESOS/ESPS,-,02082019004300,-,-,False,,,103699635,Automobiles - 4 Wheelers,INE066A01013,Eicher Motors Limited,2019-08-02 00:43:00,EICHERMOT
02-Aug-2019 00:24:00,,https://nsearchives.nseindia.com/corporate/Kumud_02082019002413_RSUSCHEME_002.pdf,"Eicher Motors Limited has informed the Exchange regarding 'Intimation under Regulation 30 of SEBI LODR Regulations, 2015-Restricted Stock Unit Plan, 2019 '.",,,Updates,-,02082019002400,-,-,False,,,103699634,Automobiles - 4 Wheelers,INE066A01013,Eicher Motors Limited,2019-08-02 00:24:00,EICHERMOT
01-Aug-2019 23:10:00,,https://nsearchives.nseindia.com/corporate/Kumud_01082019230924_RESULTS_572.pdf,"Eicher Motors Limited has submitted the Exchange a copy Srutinizers report of  Annual General Meeting held on August 01, 2019. Further, the company has informed the Exchange regarding voting results.",,,Shareholders meeting,-,01082019231000,-,-,False,,,103699626,Automobiles - 4 Wheelers,INE066A01013,Eicher Motors Limited,2019-08-01 23:10:00,EICHERMOT
01-Aug-2019 20:11:00,,https://nsearchives.nseindia.com/corporate/Kumud_01082019201048_GIST_539.pdf,"Eicher Motors Limited has informed the Exchange regarding Proceedings of Annual General Meeting held on August 01, 2019",,,Shareholders meeting,-,01082019201100,-,-,False,,,103698353,Automobiles - 4 Wheelers,INE066A01013,Eicher Motors Limited,2019-08-01 20:11:00,EICHERMOT
01-Aug-2019 16:09:00,,https://nsearchives.nseindia.com/corporate/bdjoshi_01082019160856_ScheduleofMeetingswithAnalystsAndInvestors1August2019_309.pdf,Eicher Motors Limited has informed the Exchange regarding Analysts/Institutional Investor Meet/Con. Call Updates,,,Analysts/Institutional Investor Meet/Con. Call Updates,-,01082019160900,-,-,False,,,103698131,Automobiles - 4 Wheelers,INE066A01013,Eicher Motors Limited,2019-08-01 16:09:00,EICHERMOT
01-Aug-2019 15:59:00,,https://nsearchives.nseindia.com/corporate/bdjoshi_01082019155225_RoyalEnfieldMotorcycleSalesDataforJuly2019_301.pdf,Eicher Motors Limited has informed the Exchange regarding Monthly Business Updates for the month of July 2019,,,Monthly Business Updates,-,01082019155900,-,-,False,,,103698119,Automobiles - 4 Wheelers,INE066A01013,Eicher Motors Limited,2019-08-01 15:59:00,EICHERMOT
01-Aug-2019 13:32:00,,https://nsearchives.nseindia.com/corporate/Saadia_01082019133138_VECVSalesJuly2019_163.pdf,Eicher Motors Limited has informed the Exchange regarding Monthly Business Updates for the month of July 2019,,,Monthly Business Updates,-,01082019133200,-,-,False,,,103697986,Automobiles - 4 Wheelers,INE066A01013,Eicher Motors Limited,2019-08-01 13:32:00,EICHERMOT
31-Jul-2019 18:43:00,,https://nsearchives.nseindia.com/corporate/Kumud_31072019184250_Investorpresentation_398.pdf,Eicher Motors Limited has informed the Exchange regarding Investor Presentation,,,Investor Presentation,-,31072019184300,-,-,False,,,103694646,Automobiles - 4 Wheelers,INE066A01013,Eicher Motors Limited,2019-07-31 18:43:00,EICHERMOT
31-Jul-2019 18:03:00,,https://nsearchives.nseindia.com/corporate/Kumud_31072019180331_Pressrelease_354.pdf,"Eicher Motors Limited has informed the Exchange regarding a press release dated July 31, 2019, titled ""Press Release"".",,,Press Release,-,31072019180300,-,-,False,,,103694604,Automobiles - 4 Wheelers,INE066A01013,Eicher Motors Limited,2019-07-31 18:03:00,EICHERMOT
31-Jul-2019 17:55:00,,https://nsearchives.nseindia.com/corporate/Kumud_31072019175521_Tradingwindow_341.pdf,Eicher Motors Limited has informed the Exchange regarding 'Opening of trading window for dealing in securities of Company'.,,,Updates,-,31072019175500,-,-,False,,,103694591,Automobiles - 4 Wheelers,INE066A01013,Eicher Motors Limited,2019-07-31 17:55:00,EICHERMOT
31-Jul-2019 17:40:34,,https://nsearchives.nseindia.com/corporate/outcome_31072019174034.zip,"Eicher Motors Limited has submitted to the Exchange, the financial results for the period ended June 30, 2019.",,,Financial Result Updates,-,31072019174034,-,-,False,,,128814,Automobiles - 4 Wheelers,INE066A01013,Eicher Motors Limited,2019-07-31 17:40:34,EICHERMOT
31-Jul-2019 17:37:00,,https://nsearchives.nseindia.com/corporate/Kumud_31072019173623_outcome_329.pdf,"Eicher Motors Limited has informed the Exchange regarding  Board meeting held on July 31, 2019.",,,Outcome of Board Meeting,-,31072019173700,-,-,False,,,103694579,Automobiles - 4 Wheelers,INE066A01013,Eicher Motors Limited,2019-07-31 17:37:00,EICHERMOT
26-Jul-2019 15:04:00,,https://nsearchives.nseindia.com/corporate/Kumud_26072019150400_confrencecall_162.pdf,Eicher Motors Limited has informed the Exchange regarding Analysts/Institutional Investor Meet/Con. Call Updates,,,Analysts/Institutional Investor Meet/Con. Call Updates,-,26072019150400,-,-,False,,,103684162,Automobiles - 4 Wheelers,INE066A01013,Eicher Motors Limited,2019-07-26 15:04:00,EICHERMOT
19-Jul-2019 12:29:00,,https://nsearchives.nseindia.com/corporate/Kumud_19072019122827_SAR_079.pdf,"Eicher Motors Limited has informed the Exchange regarding 'Secretarial Audit Report of VE Commercial Vehicles Limited, an unlisted Material Indian Subsidiary of Eicher Motors Limited, for the financial year ended March 31, 2019'.",,,Updates,-,19072019122900,-,-,False,,,103668347,Automobiles - 4 Wheelers,INE066A01013,Eicher Motors Limited,2019-07-19 12:29:00,EICHERMOT
08-Jul-2019 18:50:00,,https://nsearchives.nseindia.com/corporate/Kumud_08072019184952_NewspapernoticeEML_331.pdf,"Eicher Motors Limited has informed the Exchange regarding 'Regulation 30 of SEBI (LODR) Regulations, 2015- 37th Annual General Meeting- Newspaper advertisement'.",,,Updates,-,08072019185000,-,-,False,,,103637113,Automobiles - 4 Wheelers,INE066A01013,Eicher Motors Limited,2019-07-08 18:50:00,EICHERMOT
03-Jul-2019 11:25:00,,https://nsearchives.nseindia.com/corporate/bdjoshi_03072019112421_ScheduleofMeetingswithAnalystsAndInvestors3July2019_034.pdf,Eicher Motors Limited has informed the Exchange regarding Analysts/Institutional Investor Meet/Con. Call Updates,,,Analysts/Institutional Investor Meet/Con. Call Updates,-,03072019112500,-,-,False,,,103627865,Automobiles - 4 Wheelers,INE066A01013,Eicher Motors Limited,2019-07-03 11:25:00,EICHERMOT
01-Jul-2019 16:41:00,,https://nsearchives.nseindia.com/corporate/Saadia_01072019163842_VECVJuneSales_584.pdf,"Eicher Motors Limited has informed the Exchange regarding Monthly Business Updates for the month of June 2019. Revised monthly business Updates for the Month of June 2019 of VE Commercial Vehicles Limited, an unlisted material subsidiary of Eicher Motors Limited",,,Monthly Business Updates,-,01072019164100,-,-,False,,,103622307,Automobiles - 4 Wheelers,INE066A01013,Eicher Motors Limited,2019-07-01 16:41:00,EICHERMOT
01-Jul-2019 16:28:00,,https://nsearchives.nseindia.com/corporate/bdjoshi_01072019162639_RoyalEnfieldMotorcycleSalesDataforJune2019_567.pdf,Eicher Motors Limited has informed the Exchange regarding Monthly Business Updates for the month of June 2019,,,Monthly Business Updates,-,01072019162800,-,-,False,,,103622288,Automobiles - 4 Wheelers,INE066A01013,Eicher Motors Limited,2019-07-01 16:28:00,EICHERMOT
01-Jul-2019 10:32:00,,https://nsearchives.nseindia.com/corporate/Saadia_01072019103207_VECVJunesales_196.pdf,Eicher Motors Limited has informed the Exchange regarding Monthly Business Updates for the month of June 2019,,,Monthly Business Updates,-,01072019103200,-,-,False,,,103621473,Automobiles - 4 Wheelers,INE066A01013,Eicher Motors Limited,2019-07-01 10:32:00,EICHERMOT
27-Jun-2019 23:44:00,,https://nsearchives.nseindia.com/corporate/Kumud_27062019234407_FairDisclosure_465.pdf,"Eicher Motors Limited has informed the Exchange regarding the Code of Conduct under SEBI(PIT) Reg., 2015- Amendment to The Code of Practices and Procedures for Fair Disclosure of Unpublished Price Sensitive Information.",,,"Code of Conduct under SEBI(PIT) Reg., 2015",-,27062019234400,-,-,False,,,103615841,Automobiles - 4 Wheelers,INE066A01013,Eicher Motors Limited,2019-06-27 23:44:00,EICHERMOT
24-Jun-2019 10:24:00,,https://nsearchives.nseindia.com/corporate/bdjoshi_24062019102407_ScheduleofMeetingswithInvestors24June2019_113.pdf,Eicher Motors Limited has informed the Exchange regarding Analysts/Institutional Investor Meet/Con. Call Updates,,,Analysts/Institutional Investor Meet/Con. Call Updates,-,24062019102400,-,-,False,,,103604917,Automobiles - 4 Wheelers,INE066A01013,Eicher Motors Limited,2019-06-24 10:24:00,EICHERMOT
19-Jun-2019 18:09:00,,https://nsearchives.nseindia.com/corporate/Girjesh_19062019173815_transfer_of_shares_sandeep_sisodia_254.pdf,"Eicher Motors Limited has informed the Exchange regarding 'Intimation regarding transfer of shares of the Company pursuant to SEBI Circular   No.     SEBI/HO/MIRSD/DOS3/CIR/P/2018/139 dated November 6, 2018 on ��Standardized  norms for transfer of securities in physical mode��.'.",,,Updates,-,19062019180900,-,-,False,,,103593729,Automobiles - 4 Wheelers,INE066A01013,Eicher Motors Limited,2019-06-19 18:09:00,EICHERMOT
18-Jun-2019 15:46:00,,https://nsearchives.nseindia.com/corporate/bdjoshi_18062019154627_ScheduleofMeetingswithInvestors18June2019_171.pdf,Eicher Motors Limited has informed the Exchange regarding Analysts/Institutional Investor Meet/Con. Call Updates,,,Analysts/Institutional Investor Meet/Con. Call Updates,-,18062019154600,-,-,False,,,103590174,Automobiles - 4 Wheelers,INE066A01013,Eicher Motors Limited,2019-06-18 15:46:00,EICHERMOT
14-Jun-2019 17:15:00,,https://nsearchives.nseindia.com/corporate/Kumud_14062019171246_Tradingwindowclosure_220.pdf,"Eicher Motors Limited has informed the Exchange regarding the Trading Window closure pursuant to SEBI (Prohibition of Insider Trading) Regulations, 2015",,,Trading Window,-,14062019171500,-,-,False,,,103583559,Automobiles - 4 Wheelers,INE066A01013,Eicher Motors Limited,2019-06-14 17:15:00,EICHERMOT
14-Jun-2019 17:15:00,,https://nsearchives.nseindia.com/corporate/Kumud_14062019171246_Tradingwindowclosure_220.pdf,"Eicher Motors Limited has informed the Exchange regarding the Trading Window closure pursuant to SEBI (Prohibition of Insider Trading) Regulations, 2015",,,Trading Window,-,14062019171500,-,-,False,,,103583559,Automobiles - 4 Wheelers,INE066A01013,Eicher Motors Limited,2019-06-14 17:15:00,EICHERMOT
12-Jun-2019 15:37:00,,https://nsearchives.nseindia.com/corporate/bdjoshi_12062019153633_ScheduleofMeetingwithInvestors12June2019_170.pdf,Eicher Motors Limited has informed the Exchange regarding Analysts/Institutional Investor Meet/Con. Call Updates,,,Analysts/Institutional Investor Meet/Con. Call Updates,-,12062019153700,-,-,False,,,103576470,Automobiles - 4 Wheelers,INE066A01013,Eicher Motors Limited,2019-06-12 15:37:00,EICHERMOT
07-Jun-2019 19:59:00,,https://nsearchives.nseindia.com/corporate/listcontract3_762019185054_EMLRelatedPartydisclosure_351.pdf,"Eicher Motors Limited has informed the Exchange regarding Disclosure of Related Party Transactions pursuant to Regulation 23(9) of SEBI (Listing Obligations and Disclosure Requirements) Regulations, 2015",,,Related Party Transactions,-,07062019195900,-,-,False,,,103565978,Automobiles - 4 Wheelers,INE066A01013,Eicher Motors Limited,2019-06-07 19:59:00,EICHERMOT
01-Jun-2019 16:55:00,,https://nsearchives.nseindia.com/corporate/bdjoshi_01062019165420_RoyalEnfieldMotorcycleSalesDataforMay2019_046.pdf,Eicher Motors Limited has informed the Exchange regarding Monthly Business Updates for the month of May 2019,,,Monthly Business Updates,-,01062019165500,-,-,False,,,103552864,Automobiles - 4 Wheelers,INE066A01013,Eicher Motors Limited,2019-06-01 16:55:00,EICHERMOT
01-Jun-2019 12:50:00,,https://nsearchives.nseindia.com/corporate/Saadia_01062019124939_VECVMaysales_588.pdf,Eicher Motors Limited has informed the Exchange regarding Monthly Business Updates for the month of May 2019,,,Monthly Business Updates,-,01062019125000,-,-,False,,,103552807,Automobiles - 4 Wheelers,INE066A01013,Eicher Motors Limited,2019-06-01 12:50:00,EICHERMOT
31-May-2019 16:16:00,,https://nsearchives.nseindia.com/corporate/bdjoshi_31052019161445_ScheduleofMeetingwithInvestors31May2019_329.pdf,Eicher Motors Limited has informed the Exchange regarding Analysts/Institutional Investor Meet/Con. Call Updates,,,Analysts/Institutional Investor Meet/Con. Call Updates,-,31052019161600,-,-,False,,,103551905,Automobiles - 4 Wheelers,INE066A01013,Eicher Motors Limited,2019-05-31 16:16:00,EICHERMOT
30-May-2019 16:27:00,,https://nsearchives.nseindia.com/corporate/bdjoshi_30052019162654_ScheduleofMeetingwithAnalystsandInvestors30May2019_026.pdf,Eicher Motors Limited has informed the Exchange regarding Analysts/Institutional Investor Meet/Con. Call Updates,,,Analysts/Institutional Investor Meet/Con. Call Updates,-,30052019162700,-,-,False,,,103548446,Automobiles - 4 Wheelers,INE066A01013,Eicher Motors Limited,2019-05-30 16:27:00,EICHERMOT
27-May-2019 16:45:00,,https://nsearchives.nseindia.com/corporate/bdjoshi_27052019164421_ScheduleofMeetingswithAnalystsandInvestors27May2019_252.pdf,Eicher Motors Limited has informed the Exchange regarding Analysts/Institutional Investor Meet/Con. Call Updates,,,Analysts/Institutional Investor Meet/Con. Call Updates,-,27052019164500,-,-,False,,,103537183,Automobiles - 4 Wheelers,INE066A01013,Eicher Motors Limited,2019-05-27 16:45:00,EICHERMOT
23-May-2019 15:54:00,,https://nsearchives.nseindia.com/corporate/listcontract1_235201914114_Letter_195.pdf,"The Exchange had sought clarification from the Company with respect to news item captioned- ""Delhi-based Flash Electronics sues Enfield in US for 'patent infringement"". In this regard, you are advised to provide clarification/confirmation on the news item in detail including the following: a) Whether such event stated in published news were taking place? If so, you are advised to provide the said information along with the sequence of events in chronological order. b) The material impact of this article on the Company. c) Whether company are aware of any information that has not been announced to the Exchanges under Regulation 30 of Listing Regulations. If so, you are advised to provide the said information and the reasons for not disclosing the same to the Exchange earlier as required under Regulation 30 of the Listing Regulations. The response from the Company is enclosed.",,,News Clarification,-,23052019155400,-,-,False,,,103530533,Automobiles - 4 Wheelers,INE066A01013,Eicher Motors Limited,2019-05-23 15:54:00,EICHERMOT
23-May-2019 15:51:00,,https://nsearchives.nseindia.com/corporate/bdjoshi_23052019155042_ScheduleofMeetingwithAnalystsandInvestor23May2019_187.pdf,Eicher Motors Limited has informed the Exchange regarding Analysts/Institutional Investor Meet/Con. Call Updates,,,Analysts/Institutional Investor Meet/Con. Call Updates,-,23052019155100,-,-,False,,,103530597,Automobiles - 4 Wheelers,INE066A01013,Eicher Motors Limited,2019-05-23 15:51:00,EICHERMOT
21-May-2019 17:09:00,,-,"The Exchange has sought clarification from the Company with respect to news item captioned- ""Delhi-based Flash Electronics sues Enfield in US for 'patent infringement"". In this regard, you are advised to provide clarification/confirmation on the news item in detail including the following: a) Whether such event stated in published news were taking place? If so, you are advised to provide the said information along with the sequence of events in chronological order. b) The material impact of this article on the Company. c) Whether company are aware of any information that has not been announced to the Exchanges under Regulation 30 of Listing Regulations. If so, you are advised to provide the said information and the reasons for not disclosing the same to the Exchange earlier as required under Regulation 30 of the Listing Regulations. The response from the Company is awaited.",,,News Clarification,-,21052019170900,-,-,False,,,103524370,Automobiles - 4 Wheelers,INE066A01013,Eicher Motors Limited,2019-05-21 17:09:00,EICHERMOT
15-May-2019 17:31:00,,https://nsearchives.nseindia.com/corporate/bdjoshi_15052019173019_ScheduleofMeetingwithAnalystsandInvestor15May2019_347.pdf,Eicher Motors Limited has informed the Exchange regarding Analysts/Institutional Investor Meet/Con. Call Updates,,,Analysts/Institutional Investor Meet/Con. Call Updates,-,15052019173100,-,-,False,,,103511290,Automobiles - 4 Wheelers,INE066A01013,Eicher Motors Limited,2019-05-15 17:31:00,EICHERMOT
13-May-2019 16:59:00,,https://nsearchives.nseindia.com/corporate/bdjoshi_13052019165903_ScheduleofMeetingswithAnalystsandInvestors13May2019_328.pdf,Eicher Motors Limited has informed the Exchange regarding Analysts/Institutional Investor Meet/Con. Call Updates,,,Analysts/Institutional Investor Meet/Con. Call Updates,-,13052019165900,-,-,False,,,103505161,Automobiles - 4 Wheelers,INE066A01013,Eicher Motors Limited,2019-05-13 16:59:00,EICHERMOT
13-May-2019 15:55:00,,https://nsearchives.nseindia.com/corporate/Kumud_13052019155507_KMPdetails_260.pdf,Eicher Motors Limited has informed the Exchange regarding 'Company Update'.,,,Updates,-,13052019155500,-,-,False,,,103505106,Automobiles - 4 Wheelers,INE066A01013,Eicher Motors Limited,2019-05-13 15:55:00,EICHERMOT
13-May-2019 11:28:00,,https://nsearchives.nseindia.com/corporate/listcontract3_10052019190435_Bookclosure_087.pdf,"Eicher Motors Limited has informed the Exchange that the Company has fixed Book Closure from July 26, 2019 to August 1, 2019 for the purpose of Payment of Dividend and Annual General Meeting",,,AGM/Book Closure,-,13052019112800,-,-,False,,,103501168,Automobiles - 4 Wheelers,INE066A01013,Eicher Motors Limited,2019-05-13 11:28:00,EICHERMOT
10-May-2019 19:36:00,,https://nsearchives.nseindia.com/corporate/Kumud_10052019193548_Investorpresentation_383.pdf,Eicher Motors Limited has informed the Exchange regarding Investor Presentation,,,Investor Presentation,-,10052019193600,-,-,False,,,103501186,Automobiles - 4 Wheelers,INE066A01013,Eicher Motors Limited,2019-05-10 19:36:00,EICHERMOT
10-May-2019 19:07:00,,https://nsearchives.nseindia.com/corporate/listcontract3_10052019184700_EICHERMOT_outcome_366.pdf,"Eicher Motors Limited has informed the Exchange regarding Outcome of Board Meeting held on May 10, 2019.",,,Outcome of Board Meeting,-,10052019190700,-,-,False,,,103501147,Automobiles - 4 Wheelers,INE066A01013,Eicher Motors Limited,2019-05-10 19:07:00,EICHERMOT
10-May-2019 19:06:00,,https://nsearchives.nseindia.com/corporate/listcontract3_1052019185723_AGMDividend_362.pdf,"Eicher Motors Limited has informed the Exchange regarding Outcome of Board Meeting held on May 10, 2019.",,,Outcome of Board Meeting,-,10052019190600,-,-,False,,,103501161,Automobiles - 4 Wheelers,INE066A01013,Eicher Motors Limited,2019-05-10 19:06:00,EICHERMOT
10-May-2019 18:22:00,,https://nsearchives.nseindia.com/corporate/Kumud_10052019182139_results_324.pdf,"Eicher Motors Limited has informed the Exchange that Board of Directors at its meeting held on May 10, 2019, recommended Final Dividend of 125 per equity share.",,,Dividend,-,10052019182200,-,-,False,,,103501132,Automobiles - 4 Wheelers,INE066A01013,Eicher Motors Limited,2019-05-10 18:22:00,EICHERMOT
10-May-2019 18:19:00,,https://nsearchives.nseindia.com/corporate/Kumud_10052019181900_pressrelease_323.pdf,"Eicher Motors Limited has informed the Exchange regarding a press release dated May 10, 2019, titled ""Press release"".",,,Press Release,-,10052019181900,-,-,False,,,103501131,Automobiles - 4 Wheelers,INE066A01013,Eicher Motors Limited,2019-05-10 18:19:00,EICHERMOT
10-May-2019 18:14:35,,https://nsearchives.nseindia.com/corporate/results_10052019181435.zip,"Eicher Motors Limited has submitted to the Exchange, the financial results for the period ended March 31, 2019.",,,Financial Result Updates,-,10052019181435,-,-,False,,,126942,Automobiles - 4 Wheelers,INE066A01013,Eicher Motors Limited,2019-05-10 18:14:35,EICHERMOT
10-May-2019 18:07:00,,https://nsearchives.nseindia.com/corporate/Kumud_10052019180635_Tradingopen_313.pdf,Eicher Motors Limited has informed the Exchange regarding 'Opening of trading window'.,,,Updates,-,10052019180700,-,-,False,,,103501124,Automobiles - 4 Wheelers,INE066A01013,Eicher Motors Limited,2019-05-10 18:07:00,EICHERMOT
07-May-2019 15:23:00,,https://nsearchives.nseindia.com/corporate/bdjoshi_07052019152224_DisclosureUunderRegulation30and46ofSEBIConferenceCall0May2019_123.pdf,Eicher Motors Limited has informed the Exchange regarding Analysts/Institutional Investor Meet/Con. Call Updates,,,Analysts/Institutional Investor Meet/Con. Call Updates,-,07052019152300,-,-,False,,,103490395,Automobiles - 4 Wheelers,INE066A01013,Eicher Motors Limited,2019-05-07 15:23:00,EICHERMOT
01-May-2019 16:46:00,,https://nsearchives.nseindia.com/corporate/bdjoshi_01052019164458_RoyalEnfieldMotorcycleSalesDataforApril2019_070.pdf,Eicher Motors Limited has informed the Exchange regarding Monthly Business Updates for the month of April 2019,,,Monthly Business Updates,-,01052019164600,-,-,False,,,103478526,Automobiles - 4 Wheelers,INE066A01013,Eicher Motors Limited,2019-05-01 16:46:00,EICHERMOT
01-May-2019 13:13:00,,https://nsearchives.nseindia.com/corporate/Saadia_01052019131146_VECVAprilSales_037.pdf,Eicher Motors Limited has informed the Exchange regarding Monthly Business Updates for the month of April 2019,,,Monthly Business Updates,-,01052019131300,-,-,False,,,103478493,Automobiles - 4 Wheelers,INE066A01013,Eicher Motors Limited,2019-05-01 13:13:00,EICHERMOT
25-Apr-2019 13:15:00,,https://nsearchives.nseindia.com/corporate/listcontract4_25042019113228_Eicher_458.pdf,"The Promoter along with PAC has submitted to the Exchange a copy of Annual Disclosure under Regulation 30(1) and 30(2) of SEBI (Substantial Acquisition of Shares and Takeovers), Regulations, 2011 as on March 31, 2019.",,,Disc. under Reg.30 of SEBI (SAST) Reg.2011,-,25042019131500,-,-,False,,,103470295,Automobiles - 4 Wheelers,INE066A01013,Eicher Motors Limited,2019-04-25 13:15:00,EICHERMOT
16-Apr-2019 17:17:00,,https://nsearchives.nseindia.com/corporate/bdjoshi_16042019171656_ScheduleofMeetingswithAnalystsandInvestors16April2019_209.pdf,Eicher Motors Limited has informed the Exchange regarding Analysts/Institutional Investor Meet/Con. Call Updates,,,Analysts/Institutional Investor Meet/Con. Call Updates,-,16042019171700,-,-,False,,,103454087,Automobiles - 4 Wheelers,INE066A01013,Eicher Motors Limited,2019-04-16 17:17:00,EICHERMOT
09-Apr-2019 17:15:00,,https://nsearchives.nseindia.com/corporate/bdjoshi_09042019171434_ScheduleofMeetingswithAnalystsandInvestors09April2019_283.pdf,Eicher Motors Limited has informed the Exchange regarding Analysts/Institutional Investor Meet/Con. Call Updates,,,Analysts/Institutional Investor Meet/Con. Call Updates,-,09042019171500,-,-,False,,,103435572,Automobiles - 4 Wheelers,INE066A01013,Eicher Motors Limited,2019-04-09 17:15:00,EICHERMOT
08-Apr-2019 09:14:00,,https://nsearchives.nseindia.com/corporate/bdjoshi_08042019091335_ScheduleofMeetingswithAnalystsandInvestors08April2019_038.pdf,Eicher Motors Limited has informed the Exchange regarding Analysts/Institutional Investor Meet/Con. Call Updates,,,Analysts/Institutional Investor Meet/Con. Call Updates,-,08042019091400,-,-,False,,,103429756,Automobiles - 4 Wheelers,INE066A01013,Eicher Motors Limited,2019-04-08 09:14:00,EICHERMOT
03-Apr-2019 15:48:00,,https://nsearchives.nseindia.com/corporate/Kumud_03042019154811_EMLTRADINGWINDOW_446.pdf,"Eicher Motors Limited has informed the Exchange regarding the Trading Window closure pursuant to SEBI (Prohibition of Insider Trading) Regulations, 2015",,,Trading Window,-,03042019154800,-,-,False,,,103421460,Automobiles - 4 Wheelers,INE066A01013,Eicher Motors Limited,2019-04-03 15:48:00,EICHERMOT
03-Apr-2019 09:10:00,,https://nsearchives.nseindia.com/corporate/bdjoshi_03042019090936_ScheduleofMeetingswithAnalystsandInvestors03April2019_009.pdf,Eicher Motors Limited has informed the Exchange regarding Analysts/Institutional Investor Meet/Con. Call Updates,,,Analysts/Institutional Investor Meet/Con. Call Updates,-,03042019091000,-,-,False,,,103419494,Automobiles - 4 Wheelers,INE066A01013,Eicher Motors Limited,2019-04-03 09:10:00,EICHERMOT
01-Apr-2019 20:32:00,,https://nsearchives.nseindia.com/corporate/Kumud_01042019203122_Director_713.pdf,Eicher Motors Limited has informed the Exchange regarding Change in Director(s) of the company.,,,Change in Director(s),-,01042019203200,-,-,False,,,103416136,Automobiles - 4 Wheelers,INE066A01013,Eicher Motors Limited,2019-04-01 20:32:00,EICHERMOT
01-Apr-2019 20:20:00,,https://nsearchives.nseindia.com/corporate/Kumud_01042019201909_PR_704.pdf,"Eicher Motors Limited has informed the Exchange regarding a press release dated April 01, 2019, titled ""Press Release"".",,,Press Release,-,01042019202000,-,-,False,,,103416127,Automobiles - 4 Wheelers,INE066A01013,Eicher Motors Limited,2019-04-01 20:20:00,EICHERMOT
01-Apr-2019 20:11:00,,https://nsearchives.nseindia.com/corporate/Kumud_01042019200937_ESOP_702.pdf,Eicher Motors Limited has informed the Exchange regarding Grant of 100000  Options.,,,ESOP/ESOS/ESPS,-,01042019201100,-,-,False,,,103416123,Automobiles - 4 Wheelers,INE066A01013,Eicher Motors Limited,2019-04-01 20:11:00,EICHERMOT
01-Apr-2019 20:06:00,,https://nsearchives.nseindia.com/corporate/bdjoshi_01042019200529_RoyalEnfieldMotorcycleSalesDataforMarch2019_698.pdf,Eicher Motors Limited has informed the Exchange regarding Monthly Business Updates for the month of March 2019,,,Monthly Business Updates,-,01042019200600,-,-,False,,,103416120,Automobiles - 4 Wheelers,INE066A01013,Eicher Motors Limited,2019-04-01 20:06:00,EICHERMOT
01-Apr-2019 13:29:00,,https://nsearchives.nseindia.com/corporate/Saadia_01042019132846_VECVmarch2019sales_193.pdf,Eicher Motors Limited has informed the Exchange regarding Monthly Business Updates for the month of March 2019,,,Monthly Business Updates,-,01042019132900,-,-,False,,,103415656,Automobiles - 4 Wheelers,INE066A01013,Eicher Motors Limited,2019-04-01 13:29:00,EICHERMOT
28-Mar-2019 17:27:00,,https://nsearchives.nseindia.com/corporate/bdjoshi_28032019172631_ScheduleofMeetingswithAnalystsandInvestors28March2019_215.pdf,Eicher Motors Limited has informed the Exchange regarding Analysts/Institutional Investor Meet/Con. Call Updates,,,Analysts/Institutional Investor Meet/Con. Call Updates,-,28032019172700,-,-,False,,,103408777,Automobiles - 4 Wheelers,INE066A01013,Eicher Motors Limited,2019-03-28 17:27:00,EICHERMOT
26-Mar-2019 11:13:00,,https://nsearchives.nseindia.com/corporate/bdjoshi_26032019111211_ScheduleofMeetingswithAnalystsandInvestors26March2019_034.pdf,Eicher Motors Limited has informed the Exchange regarding Analysts/Institutional Investor Meet/Con. Call Updates,,,Analysts/Institutional Investor Meet/Con. Call Updates,-,26032019111300,-,-,False,,,103401822,Automobiles - 4 Wheelers,INE066A01013,Eicher Motors Limited,2019-03-26 11:13:00,EICHERMOT
18-Mar-2019 10:33:00,,https://nsearchives.nseindia.com/corporate/bdjoshi_18032019103229_ScheduleofMeetingswithAnalystsandInvestors18March2019_040.pdf,Eicher Motors Limited has informed the Exchange regarding Analysts/Institutional Investor Meet/Con. Call Updates,,,Analysts/Institutional Investor Meet/Con. Call Updates,-,18032019103300,-,-,False,,,103382135,Automobiles - 4 Wheelers,INE066A01013,Eicher Motors Limited,2019-03-18 10:33:00,EICHERMOT
12-Mar-2019 17:55:00,,https://nsearchives.nseindia.com/corporate/bdjoshi_12032019175511_ScheduleofMeetingswithAnalystsandInvestors12March2019_198.pdf,Eicher Motors Limited has informed the Exchange regarding Analysts/Institutional Investor Meet/Con. Call Updates,,,Analysts/Institutional Investor Meet/Con. Call Updates,-,12032019175500,-,-,False,,,103369151,Automobiles - 4 Wheelers,INE066A01013,Eicher Motors Limited,2019-03-12 17:55:00,EICHERMOT
11-Mar-2019 11:39:00,,https://nsearchives.nseindia.com/corporate/bdjoshi_11032019113838_ScheduleofMeetingswithAnalystsandInvestors11March2019_049.pdf,Eicher Motors Limited has informed the Exchange regarding Analysts/Institutional Investor Meet/Con. Call Updates,,,Analysts/Institutional Investor Meet/Con. Call Updates,-,11032019113900,-,-,False,,,103365342,Automobiles - 4 Wheelers,INE066A01013,Eicher Motors Limited,2019-03-11 11:39:00,EICHERMOT
07-Mar-2019 13:41:00,,https://nsearchives.nseindia.com/corporate/bdjoshi_07032019134024_ScheduleofMeetingwithAnalystsandInvestors07March2019_043.pdf,Eicher Motors Limited has informed the Exchange regarding Analysts/Institutional Investor Meet/Con. Call Updates,,,Analysts/Institutional Investor Meet/Con. Call Updates,-,07032019134100,-,-,False,,,103358601,Automobiles - 4 Wheelers,INE066A01013,Eicher Motors Limited,2019-03-07 13:41:00,EICHERMOT
05-Mar-2019 09:41:00,,https://nsearchives.nseindia.com/corporate/bdjoshi_05032019094051_ScheduleofMeetingswithAnalystsandInvestors05March2019_074.pdf,Eicher Motors Limited has informed the Exchange regarding Analysts/Institutional Investor Meet/Con. Call Updates,,,Analysts/Institutional Investor Meet/Con. Call Updates,-,05032019094100,-,-,False,,,103350940,Automobiles - 4 Wheelers,INE066A01013,Eicher Motors Limited,2019-03-05 09:41:00,EICHERMOT
01-Mar-2019 16:00:00,,https://nsearchives.nseindia.com/corporate/bdjoshi_01032019154223_RoyalEnfieldMotorcycleSalesDataforFebruary2019_127.pdf,Eicher Motors Limited has informed the Exchange regarding Monthly Business Updates for the month of February 2019,,,Monthly Business Updates,-,01032019160000,-,-,False,,,103349055,Automobiles - 4 Wheelers,INE066A01013,Eicher Motors Limited,2019-03-01 16:00:00,EICHERMOT
01-Mar-2019 13:09:00,,https://nsearchives.nseindia.com/corporate/Saadia_01032019130839_VECVfebsales_072.pdf,Eicher Motors Limited has informed the Exchange regarding Monthly Business Updates for the month of February 2019,,,Monthly Business Updates,-,01032019130900,-,-,False,,,103348998,Automobiles - 4 Wheelers,INE066A01013,Eicher Motors Limited,2019-03-01 13:09:00,EICHERMOT
27-Feb-2019 14:04:00,,https://nsearchives.nseindia.com/corporate/bdjoshi_27022019140331_ScheduleofMeetingswithAnalystsandInvestors27February2019_072.pdf,Eicher Motors Limited has informed the Exchange regarding Analysts/Institutional Investor Meet/Con. Call Updates,,,Analysts/Institutional Investor Meet/Con. Call Updates,-,27022019140400,-,-,False,,,103341497,Automobiles - 4 Wheelers,INE066A01013,Eicher Motors Limited,2019-02-27 14:04:00,EICHERMOT
26-Feb-2019 08:31:00,,https://nsearchives.nseindia.com/corporate/zrizvi_262201983055_NSEREPLY_003.pdf,"EICHERMOT: The Exchange had sought clarification from Eicher Motors Limited with respect to announcement dated 14-Feb-2019,Pursuant to Regulation 30 of SEBI (LODR) Regulations, 2015, . On basis of above the Company is required to clarify following: 1. Factory/unit where the strike/lock out takes place including reasons for such strike.2. Estimated impact on the production/operations in case of strikes/lock outs;3. Whether loss/damage covered by insurance or not including amount;4. Expected quantum of loss/damage caused;The response of the Company is attached.",,,Reply to Clarification Sought,-,26022019083100,-,-,False,,,103336635,Automobiles - 4 Wheelers,INE066A01013,Eicher Motors Limited,2019-02-26 08:31:00,EICHERMOT
25-Feb-2019 11:50:00,,https://nsearchives.nseindia.com/corporate/bdjoshi_25022019115009_ScheduleofMeetingswithAnalystsandInvestors25February2019_050.pdf,Eicher Motors Limited has informed the Exchange regarding Analysts/Institutional Investor Meet/Con. Call Updates,,,Analysts/Institutional Investor Meet/Con. Call Updates,-,25022019115000,-,-,False,,,103334308,Automobiles - 4 Wheelers,INE066A01013,Eicher Motors Limited,2019-02-25 11:50:00,EICHERMOT
22-Feb-2019 18:01:00,,-,"EICHERMOT:The Exchange has sought clarification from Eicher Motors Limited with respect to announcement dated 14-Feb-2019,Pursuant to Regulation 30 of SEBI (LODR) Regulations, 2015, . On basis of above the Company is required to clarify following: 1. Factory/unit where the strike/lock out takes place including reasons for such strike.2. Estimated impact on the production/operations in case of strikes/lock outs;3. Whether loss/damage covered by insurance or not including amount;4. Expected quantum of loss/damage caused;The response of the Company is awaited.",,,Clarification,-,22022019180100,-,-,False,,,103330260,Automobiles - 4 Wheelers,INE066A01013,Eicher Motors Limited,2019-02-22 18:01:00,EICHERMOT
21-Feb-2019 11:00:00,,https://nsearchives.nseindia.com/corporate/bdjoshi_21022019105846_ScheduleofMeetingswithAnalystsandInvestors21February2019_018.pdf,Eicher Motors Limited has informed the Exchange regarding Analysts/Institutional Investor Meet/Con. Call Updates,,,Analysts/Institutional Investor Meet/Con. Call Updates,-,21022019110000,-,-,False,,,103326453,Automobiles - 4 Wheelers,INE066A01013,Eicher Motors Limited,2019-02-21 11:00:00,EICHERMOT
15-Feb-2019 17:02:00,,https://nsearchives.nseindia.com/corporate/bdjoshi_15022019170059_ScheduleofMeetingswithAnalystsandInvestors15February2019_176.pdf,Eicher Motors Limited has informed the Exchange regarding Analysts/Institutional Investor Meet/Con. Call Updates,,,Analysts/Institutional Investor Meet/Con. Call Updates,-,15022019170200,-,-,False,,,103313537,Automobiles - 4 Wheelers,INE066A01013,Eicher Motors Limited,2019-02-15 17:02:00,EICHERMOT
14-Feb-2019 14:03:00,,https://nsearchives.nseindia.com/corporate/bdjoshi_14022019140213_ScheduleofMeetingswithAnalystsandInvestors14February2019_124.pdf,Eicher Motors Limited has informed the Exchange regarding Analysts/Institutional Investor Meet/Con. Call Updates,,,Analysts/Institutional Investor Meet/Con. Call Updates,-,14022019140300,-,-,False,,,103310274,Automobiles - 4 Wheelers,INE066A01013,Eicher Motors Limited,2019-02-14 14:03:00,EICHERMOT
14-Feb-2019 12:15:00,,https://nsearchives.nseindia.com/corporate/Kumud_14022019121231_REG30_070.pdf,"Pursuant to Regulation 30 of SEBI (LODR) Regulations, 2015, please find attached a copy of statement being issued today",,,Strikes/Lockouts/Disturbances,-,14022019121500,-,-,False,,,103310002,Automobiles - 4 Wheelers,INE066A01013,Eicher Motors Limited,2019-02-14 12:15:00,EICHERMOT
12-Feb-2019 10:06:00,,https://nsearchives.nseindia.com/corporate/bdjoshi_12022019100548_ScheduleofMeetingwithAnalystsandInvestors12February2019_013.pdf,Eicher Motors Limited has informed the Exchange regarding Analysts/Institutional Investor Meet/Con. Call Updates,,,Analysts/Institutional Investor Meet/Con. Call Updates,-,12022019100600,-,-,False,,,103302005,Automobiles - 4 Wheelers,INE066A01013,Eicher Motors Limited,2019-02-12 10:06:00,EICHERMOT
11-Feb-2019 17:42:00,,https://nsearchives.nseindia.com/corporate/bdjoshi_11022019174047_ScheduleofMeetingswithAnalystsandInvestors11February2019_352.pdf,Eicher Motors Limited has informed the Exchange regarding Analysts/Institutional Investor Meet/Con. Call Updates,,,Analysts/Institutional Investor Meet/Con. Call Updates,-,11022019174200,-,-,False,,,103301050,Automobiles - 4 Wheelers,INE066A01013,Eicher Motors Limited,2019-02-11 17:42:00,EICHERMOT
11-Feb-2019 17:29:00,,https://nsearchives.nseindia.com/corporate/Kumud_11022019172856_Presentation_338.pdf,Eicher Motors Limited has informed the Exchange regarding Investor Presentation,,,Investor Presentation,-,11022019172900,-,-,False,,,103301036,Automobiles - 4 Wheelers,INE066A01013,Eicher Motors Limited,2019-02-11 17:29:00,EICHERMOT
11-Feb-2019 15:16:00,,https://nsearchives.nseindia.com/corporate/Kumud_11022019151611_PressRelease_181.pdf,"Eicher Motors Limited has informed the Exchange regarding a press release dated February 11, 2019, titled ""Press Release"".",,,Press Release,-,11022019151600,-,-,False,,,103300897,Automobiles - 4 Wheelers,INE066A01013,Eicher Motors Limited,2019-02-11 15:16:00,EICHERMOT
11-Feb-2019 15:11:00,,https://nsearchives.nseindia.com/corporate/Kumud_11022019151017_tradingwindow_177.pdf,Eicher Motors Limited has informed the Exchange regarding 'Opening of Trading Window'.,,,Updates,-,11022019151100,-,-,False,,,103300893,Automobiles - 4 Wheelers,INE066A01013,Eicher Motors Limited,2019-02-11 15:11:00,EICHERMOT
11-Feb-2019 15:05:00,,https://nsearchives.nseindia.com/corporate/Kumud_11022019150426_Results_174.pdf,Eicher Motors Limited has informed the Exchange regarding allotment of  7820 Equity Shares under ESOP,,,Allotment of ESOP/ESPS,-,11022019150500,-,-,False,,,103300889,Automobiles - 4 Wheelers,INE066A01013,Eicher Motors Limited,2019-02-11 15:05:00,EICHERMOT
11-Feb-2019 15:00:21,,https://nsearchives.nseindia.com/corporate/Results_11022019150021.zip,"Eicher Motors Limited has submitted to the Exchange, the financial results for the period ended December 31, 2018.",,,Financial Result Updates,-,11022019150021,-,-,False,,,125885,Automobiles - 4 Wheelers,INE066A01013,Eicher Motors Limited,2019-02-11 15:00:21,EICHERMOT
11-Feb-2019 14:52:00,,https://nsearchives.nseindia.com/corporate/Kumud_11022019145126_ESOP_156.pdf,Eicher Motors Limited has informed the Exchange regarding Grant of 1250  Options.,,,ESOP/ESOS/ESPS,-,11022019145200,-,-,False,,,103300872,Automobiles - 4 Wheelers,INE066A01013,Eicher Motors Limited,2019-02-11 14:52:00,EICHERMOT
06-Feb-2019 19:06:00,,https://nsearchives.nseindia.com/corporate/Kumud_06022019190615_Confcallinvite_484.pdf,Eicher Motors Limited has informed the Exchange regarding Analysts/Institutional Investor Meet/Con. Call Updates,,,Analysts/Institutional Investor Meet/Con. Call Updates,-,06022019190600,-,-,False,,,103288655,Automobiles - 4 Wheelers,INE066A01013,Eicher Motors Limited,2019-02-06 19:06:00,EICHERMOT
01-Feb-2019 16:07:00,,https://nsearchives.nseindia.com/corporate/bdjoshi_01022019160617_RoyalEnfieldMotorcycleSalesDataforJanuary2019_252.pdf,Eicher Motors Limited has informed the Exchange regarding Monthly Business Updates for the month of January 2019,,,Monthly Business Updates,-,01022019160700,-,-,False,,,103275549,Automobiles - 4 Wheelers,INE066A01013,Eicher Motors Limited,2019-02-01 16:07:00,EICHERMOT
01-Feb-2019 13:31:00,,https://nsearchives.nseindia.com/corporate/Saadia_01022019132842_VECVJanSales_110.pdf,"Eicher Motors Limited has informed the Exchange regarding Monthly Business Updates for the month of January 2019. Monthly Business Updates for the Month January 2019 of VE Commercial Vehicles Limited, an unlisted material subsidiary of Eicher Motors Limited",,,Monthly Business Updates,-,01022019133100,-,-,False,,,103275404,Automobiles - 4 Wheelers,INE066A01013,Eicher Motors Limited,2019-02-01 13:31:00,EICHERMOT
25-Jan-2019 19:27:00,,https://nsearchives.nseindia.com/corporate/Kumud_25012019192605_Reg30_399.pdf,Eicher Motors Limited has informed the Exchange regarding 'Please find enclosed copies of the newspaper advertisements published today in connection with transfer of shares of the Company to the Investor Education and Protection Fund Authority.'.,,,Updates,-,25012019192700,-,-,False,,,103256963,Automobiles - 4 Wheelers,INE066A01013,Eicher Motors Limited,2019-01-25 19:27:00,EICHERMOT
25-Jan-2019 16:42:00,,https://nsearchives.nseindia.com/corporate/bdjoshi_25012019164134_ScheduleofMeetingswithAnalystsandInvestors25January2019_231.pdf,Eicher Motors Limited has informed the Exchange regarding Analysts/Institutional Investor Meet/Con. Call Updates,,,Analysts/Institutional Investor Meet/Con. Call Updates,-,25012019164200,-,-,False,,,103256827,Automobiles - 4 Wheelers,INE066A01013,Eicher Motors Limited,2019-01-25 16:42:00,EICHERMOT
24-Jan-2019 17:31:00,,https://nsearchives.nseindia.com/corporate/Kumud_24012019172957_Reg30_236.pdf,"Eicher Motors Limited has informed the Exchange regarding a press release dated January 24, 2019, titled ""Press Release"".",,,Press Release,-,24012019173100,-,-,False,,,103253905,Automobiles - 4 Wheelers,INE066A01013,Eicher Motors Limited,2019-01-24 17:31:00,EICHERMOT
23-Jan-2019 18:05:00,,https://nsearchives.nseindia.com/corporate/bdjoshi_23012019180508_ScheduleofMeetingswithAnalystsandInvestors23January2019_236.pdf,Eicher Motors Limited has informed the Exchange regarding Analysts/Institutional Investor Meet/Con. Call Updates,,,Analysts/Institutional Investor Meet/Con. Call Updates,-,23012019180500,-,-,False,,,103250409,Automobiles - 4 Wheelers,INE066A01013,Eicher Motors Limited,2019-01-23 18:05:00,EICHERMOT
21-Jan-2019 09:10:00,,https://nsearchives.nseindia.com/corporate/bdjoshi_21012019091003_ScheduleofMeetingswithAnalystsandInvestors21January2019_030.pdf,Eicher Motors Limited has informed the Exchange regarding Analysts/Institutional Investor Meet/Con. Call Updates,,,Analysts/Institutional Investor Meet/Con. Call Updates,-,21012019091000,-,-,False,,,103242592,Automobiles - 4 Wheelers,INE066A01013,Eicher Motors Limited,2019-01-21 09:10:00,EICHERMOT
16-Jan-2019 12:31:00,,https://nsearchives.nseindia.com/corporate/bdjoshi_16012019123114_ScheduleofMeetingswithAnalystsandInvestors16January2019_064.pdf,Eicher Motors Limited has informed the Exchange regarding Analysts/Institutional Investor Meet/Con. Call Updates,,,Analysts/Institutional Investor Meet/Con. Call Updates,-,16012019123100,-,-,False,,,103233755,Automobiles - 4 Wheelers,INE066A01013,Eicher Motors Limited,2019-01-16 12:31:00,EICHERMOT
15-Jan-2019 14:00:00,,https://nsearchives.nseindia.com/corporate/bdjoshi_15012019135959_ScheduleofMeetingswithAnalystsandInvestors15January2019_087.pdf,Eicher Motors Limited has informed the Exchange regarding Analysts/Institutional Investor Meet/Con. Call Updates,,,Analysts/Institutional Investor Meet/Con. Call Updates,-,15012019140000,-,-,False,,,103228159,Automobiles - 4 Wheelers,INE066A01013,Eicher Motors Limited,2019-01-15 14:00:00,EICHERMOT
14-Jan-2019 10:44:00,,https://nsearchives.nseindia.com/corporate/bdjoshi_14012019104352_ScheduleofMeetingswithAnalystsandInvestors14January2019_026.pdf,Eicher Motors Limited has informed the Exchange regarding Analysts/Institutional Investor Meet/Con. Call Updates,,,Analysts/Institutional Investor Meet/Con. Call Updates,-,14012019104400,-,-,False,,,103222454,Automobiles - 4 Wheelers,INE066A01013,Eicher Motors Limited,2019-01-14 10:44:00,EICHERMOT
08-Jan-2019 16:47:00,,https://nsearchives.nseindia.com/corporate/bdjoshi_08012019164530_ScheduleofMeetingwithAnalystsandInvestors8January2019_125.pdf,Eicher Motors Limited has informed the Exchange regarding Analysts/Institutional Investor Meet/Con. Call Updates,,,Analysts/Institutional Investor Meet/Con. Call Updates,-,08012019164700,-,-,False,,,103210791,Automobiles - 4 Wheelers,INE066A01013,Eicher Motors Limited,2019-01-08 16:47:00,EICHERMOT
08-Jan-2019 16:12:00,,https://nsearchives.nseindia.com/corporate/bdjoshi_08012019161126_ScheduleofMeetingwithAnalystsandInvestors08January2019_101.pdf,Eicher Motors Limited has informed the Exchange regarding Analysts/Institutional Investor Meet/Con. Call Updates,,,Analysts/Institutional Investor Meet/Con. Call Updates,-,08012019161200,-,-,False,,,103210770,Automobiles - 4 Wheelers,INE066A01013,Eicher Motors Limited,2019-01-08 16:12:00,EICHERMOT
08-Jan-2019 13:10:00,,https://nsearchives.nseindia.com/corporate/Kumud_08012019130903_tradingwindow_048.pdf,"Eicher Motors Limited has informed the Exchange regarding the Trading Window closure pursuant to SEBI (Prohibition of Insider Trading) Regulations, 2015",,,Trading Window,-,08012019131000,-,-,False,,,103210720,Automobiles - 4 Wheelers,INE066A01013,Eicher Motors Limited,2019-01-08 13:10:00,EICHERMOT
03-Jan-2019 12:19:00,,https://nsearchives.nseindia.com/corporate/Kumud_03012019121825_Callinvite04012019_024.pdf,Eicher Motors Limited has informed the Exchange regarding Analysts/Institutional Investor Meet/Con. Call Updates,,,Analysts/Institutional Investor Meet/Con. Call Updates,-,03012019121900,-,-,False,,,103199533,Automobiles - 4 Wheelers,INE066A01013,Eicher Motors Limited,2019-01-03 12:19:00,EICHERMOT
01-Jan-2019 15:36:00,,https://nsearchives.nseindia.com/corporate/bdjoshi_01012019153042_RoyalEnfieldMotorcycleSalesDataforDecember2018_079.pdf,Eicher Motors Limited has informed the Exchange regarding Monthly Business Updates for the month of December 2018,,,Monthly Business Updates,-,01012019153600,-,-,False,,,103194063,Automobiles - 4 Wheelers,INE066A01013,Eicher Motors Limited,2019-01-01 15:36:00,EICHERMOT
01-Jan-2019 14:52:00,,https://nsearchives.nseindia.com/corporate/Kumud_01012019145123_VECVSales_061.pdf,"Eicher Motors Limited has informed the Exchange regarding Monthly Business Updates for the month of December 2018-  of VE Commercial Vehicles Limited, an unlisted material subsidiary of Eicher Motors Limited",,,Monthly Business Updates,-,01012019145200,-,-,False,,,103194050,Automobiles - 4 Wheelers,INE066A01013,Eicher Motors Limited,2019-01-01 14:52:00,EICHERMOT
20-Dec-2018 15:37:00,,https://nsearchives.nseindia.com/corporate/Kumud_20122018153621_Callinvite20122018_102.pdf,Eicher Motors Limited has informed the Exchange regarding Analysts/Institutional Investor Meet/Con. Call Updates,,,Analysts/Institutional Investor Meet/Con. Call Updates,-,20122018153700,-,-,False,,,103166480,Automobiles - 4 Wheelers,INE066A01013,Eicher Motors Limited,2018-12-20 15:37:00,EICHERMOT
19-Dec-2018 16:05:00,,https://nsearchives.nseindia.com/corporate/Kumud_19122018160351_Callinvite_100.pdf,Eicher Motors Limited has informed the Exchange regarding Analysts/Institutional Investor Meet/Con. Call Updates,,,Analysts/Institutional Investor Meet/Con. Call Updates,-,19122018160500,-,-,False,,,103163649,Automobiles - 4 Wheelers,INE066A01013,Eicher Motors Limited,2018-12-19 16:05:00,EICHERMOT
14-Dec-2018 15:52:00,,https://nsearchives.nseindia.com/corporate/bdjoshi_14122018155116_ScheduleofMeetingswithAnalystsandInvestors14December2018_075.pdf,Eicher Motors Limited has informed the Exchange regarding Analysts/Institutional Investor Meet/Con. Call Updates,,,Analysts/Institutional Investor Meet/Con. Call Updates,-,14122018155200,-,-,False,,,103150665,Automobiles - 4 Wheelers,INE066A01013,Eicher Motors Limited,2018-12-14 15:52:00,EICHERMOT
12-Dec-2018 17:49:00,,https://nsearchives.nseindia.com/corporate/bdjoshi_12122018174848_ScheduleofMeetingswithAnalystsandInvestors12December2018_151.pdf,Eicher Motors Limited has informed the Exchange regarding Analysts/Institutional Investor Meet/Con. Call Updates,,,Analysts/Institutional Investor Meet/Con. Call Updates,-,12122018174900,-,-,False,,,103145484,Automobiles - 4 Wheelers,INE066A01013,Eicher Motors Limited,2018-12-12 17:49:00,EICHERMOT
10-Dec-2018 13:56:00,,https://nsearchives.nseindia.com/corporate/bdjoshi_10122018135540_ScheduleofMeetingswithAnalystsandInvestors10December2018_066.pdf,Eicher Motors Limited has informed the Exchange regarding Analysts/Institutional Investor Meet/Con. Call Updates,,,Analysts/Institutional Investor Meet/Con. Call Updates,-,10122018135600,-,-,False,,,103139041,Automobiles - 4 Wheelers,INE066A01013,Eicher Motors Limited,2018-12-10 13:56:00,EICHERMOT
05-Dec-2018 15:48:00,,https://nsearchives.nseindia.com/corporate/listcontract1_05122018153654_Eicher0001_104.pdf,Eicher Motors Limited has informed the Exchange regarding the Registrar & Share Transfer Agent Update,,,Registrar & Share Transfer Agent Update,-,05122018154800,-,-,False,,,103128602,Automobiles - 4 Wheelers,INE066A01013,Eicher Motors Limited,2018-12-05 15:48:00,EICHERMOT
05-Dec-2018 11:49:00,,https://nsearchives.nseindia.com/corporate/bdjoshi_05122018114825_ScheduleofMeetingswithAnalystsandInvestors5December2018_029.pdf,Eicher Motors Limited has informed the Exchange regarding Analysts/Institutional Investor Meet/Con. Call Updates,,,Analysts/Institutional Investor Meet/Con. Call Updates,-,05122018114900,-,-,False,,,103128514,Automobiles - 4 Wheelers,INE066A01013,Eicher Motors Limited,2018-12-05 11:49:00,EICHERMOT
04-Dec-2018 09:15:00,,https://nsearchives.nseindia.com/corporate/bdjoshi_04122018091431_ScheduleofMeetingswithAnalystsandInvestors4December2018_008.pdf,Eicher Motors Limited has informed the Exchange regarding Analysts/Institutional Investor Meet/Con. Call Updates,,,Analysts/Institutional Investor Meet/Con. Call Updates,-,04122018091500,-,-,False,,,103123807,Automobiles - 4 Wheelers,INE066A01013,Eicher Motors Limited,2018-12-04 09:15:00,EICHERMOT
02-Dec-2018 19:40:00,,https://nsearchives.nseindia.com/corporate/bdjoshi_02122018193915_RoyalEnfieldMotorcycleSalesDataforNovember2018_066.pdf,"Eicher Motors Limited has informed the Exchange regarding 'Release of information to SIAM with respect to sales volume of the Company for the month of November, 2018.'.",,,Updates,-,02122018194000,-,-,False,,,103120730,Automobiles - 4 Wheelers,INE066A01013,Eicher Motors Limited,2018-12-02 19:40:00,EICHERMOT
01-Dec-2018 17:16:00,,https://nsearchives.nseindia.com/corporate/sgupta9_01122018171600_VECVSalesNovember2018_031.pdf,Eicher Motors Limited has informed the Exchange regarding 'Release of information to SIAM with respect to sale volume of VE Commercial Vehicles Limited for the month of November 2018.'.,,,Updates,-,01122018171600,-,-,False,,,103120556,Automobiles - 4 Wheelers,INE066A01013,Eicher Motors Limited,2018-12-01 17:16:00,EICHERMOT
29-Nov-2018 15:32:00,,https://nsearchives.nseindia.com/corporate/bdjoshi_29112018153124_ScheduleofMeetingswithAnalystsandInvestors29November2018_119.pdf,Eicher Motors Limited has informed the Exchange regarding Analysts/Institutional Investor Meet/Con. Call Updates,,,Analysts/Institutional Investor Meet/Con. Call Updates,-,29112018153200,-,-,False,,,103114918,Automobiles - 4 Wheelers,INE066A01013,Eicher Motors Limited,2018-11-29 15:32:00,EICHERMOT
26-Nov-2018 16:03:00,,https://nsearchives.nseindia.com/corporate/bdjoshi_26112018160217_ScheduleofMeetingwithAnalystsandInvestor26November2018_130.pdf,Eicher Motors Limited has informed the Exchange regarding Analysts/Institutional Investor Meet/Con. Call Updates,,,Analysts/Institutional Investor Meet/Con. Call Updates,-,26112018160300,-,-,False,,,103104864,Automobiles - 4 Wheelers,INE066A01013,Eicher Motors Limited,2018-11-26 16:03:00,EICHERMOT
22-Nov-2018 09:22:00,,https://nsearchives.nseindia.com/corporate/bdjoshi_22112018092209_ScheduleofMeetingswithAnalystsandInvestors22November2018_003.pdf,Eicher Motors Limited has informed the Exchange regarding Analysts/Institutional Investor Meet/Con. Call Updates,,,Analysts/Institutional Investor Meet/Con. Call Updates,-,22112018092200,-,-,False,,,103099834,Automobiles - 4 Wheelers,INE066A01013,Eicher Motors Limited,2018-11-22 09:22:00,EICHERMOT
20-Nov-2018 09:34:00,,https://nsearchives.nseindia.com/corporate/bdjoshi_20112018093341_ScheduleofMeetingswithAnalystsandInvestors20November2018_086.pdf,Eicher Motors Limited has informed the Exchange regarding Analysts/Institutional Investor Meet/Con. Call Updates,,,Analysts/Institutional Investor Meet/Con. Call Updates,-,20112018093400,-,-,False,,,103094114,Automobiles - 4 Wheelers,INE066A01013,Eicher Motors Limited,2018-11-20 09:34:00,EICHERMOT
17-Nov-2018 19:19:00,,https://nsearchives.nseindia.com/corporate/bdjoshi_17112018191724_ScheduleofMeetingswithAnalysistsandInvestors17November2018_763.pdf,Eicher Motors Limited has informed the Exchange regarding Analysts/Institutional Investor Meet/Con. Call Updates,,,Analysts/Institutional Investor Meet/Con. Call Updates,-,17112018191900,-,-,False,,,103091166,Automobiles - 4 Wheelers,INE066A01013,Eicher Motors Limited,2018-11-17 19:19:00,EICHERMOT
14-Nov-2018 10:04:00,,https://nsearchives.nseindia.com/corporate/bdjoshi_14112018100235_ScheduleofMeetingwithAnalysistandInvestor16November2018_028.pdf,Eicher Motors Limited has informed the Exchange regarding Analysts/Institutional Investor Meet/Con. Call Updates,,,Analysts/Institutional Investor Meet/Con. Call Updates,-,14112018100400,-,-,False,,,103078662,Automobiles - 4 Wheelers,INE066A01013,Eicher Motors Limited,2018-11-14 10:04:00,EICHERMOT
13-Nov-2018 14:40:00,,https://nsearchives.nseindia.com/corporate/Kumud_13112018143916_Statement_567.pdf,"Eicher Motors Limited has informed the Exchange regarding 'Intimation under Regulation 30 of SEBI LODR Regulations, 2015'.",,,Updates,-,13112018144000,-,-,False,,,103075969,Automobiles - 4 Wheelers,INE066A01013,Eicher Motors Limited,2018-11-13 14:40:00,EICHERMOT
12-Nov-2018 23:32:00,,https://nsearchives.nseindia.com/corporate/Kumud_12112018233133_presentation_432.pdf,Eicher Motors Limited has informed the Exchange regarding Investor Presentation,,,Investor Presentation,-,12112018233200,-,-,False,,,103073933,Automobiles - 4 Wheelers,INE066A01013,Eicher Motors Limited,2018-11-12 23:32:00,EICHERMOT
12-Nov-2018 21:42:00,,https://nsearchives.nseindia.com/corporate/Kumud_12112018214140_PressRelease_424.pdf,"Eicher Motors Limited has informed the Exchange regarding a press release dated November 12, 2018, titled ""Press Release"".",,,Press Release,-,12112018214200,-,-,False,,,103073457,Automobiles - 4 Wheelers,INE066A01013,Eicher Motors Limited,2018-11-12 21:42:00,EICHERMOT
12-Nov-2018 19:44:00,,https://nsearchives.nseindia.com/corporate/Kumud_12112018194247_additionaldirector_387.pdf,Eicher Motors Limited has informed the Exchange regarding Change in Director(s) of the company.,,,Change in Director(s),-,12112018194400,-,-,False,,,103072628,Automobiles - 4 Wheelers,INE066A01013,Eicher Motors Limited,2018-11-12 19:44:00,EICHERMOT
12-Nov-2018 19:23:00,,https://nsearchives.nseindia.com/corporate/Kumud_12112018192257_tradingwindowopen_361.pdf,Eicher Motors Limited has informed the Exchange regarding 'Opening of Trading Window'.,,,Updates,-,12112018192300,-,-,False,,,103072020,Automobiles - 4 Wheelers,INE066A01013,Eicher Motors Limited,2018-11-12 19:23:00,EICHERMOT
12-Nov-2018 19:15:16,,https://nsearchives.nseindia.com/corporate/Results_12112018191516.zip,"Eicher Motors Limited has submitted to the Exchange, the financial results for the period ended September 30, 2018.",,,Financial Result Updates,-,12112018191516,-,-,False,,,124092,Automobiles - 4 Wheelers,INE066A01013,Eicher Motors Limited,2018-11-12 19:15:16,EICHERMOT
12-Nov-2018 19:00:00,,https://nsearchives.nseindia.com/corporate/Kumud_12112018171214_ESOP_329.pdf,Eicher Motors Limited has informed the Exchange regarding Grant of 2800  Options.,,,ESOP/ESOS/ESPS,-,12112018190000,-,-,False,,,103071884,Automobiles - 4 Wheelers,INE066A01013,Eicher Motors Limited,2018-11-12 19:00:00,EICHERMOT
06-Nov-2018 14:19:00,,https://nsearchives.nseindia.com/corporate/Kumud_06112018141925_Callinvite_242.pdf,Eicher Motors Limited has informed the Exchange regarding Analysts/Institutional Investor Meet/Con. Call Updates,,,Analysts/Institutional Investor Meet/Con. Call Updates,-,06112018141900,-,-,False,,,103064899,Automobiles - 4 Wheelers,INE066A01013,Eicher Motors Limited,2018-11-06 14:19:00,EICHERMOT
01-Nov-2018 15:53:00,,https://nsearchives.nseindia.com/corporate/sgupta9_01112018155245_VECVSalesDataOctober2018_778.pdf,Eicher Motors Limited has informed the Exchange regarding 'Release of information to SIAM with respect to sale volume of VE Commercial Vehicles Limited for the month of October 2018.'.,,,Updates,-,01112018155300,-,-,False,,,103052720,Automobiles - 4 Wheelers,INE066A01013,Eicher Motors Limited,2018-11-01 15:53:00,EICHERMOT
01-Nov-2018 15:44:00,,https://nsearchives.nseindia.com/corporate/bdjoshi_01112018152838_RoyalEnfieldMotorcycleSalesDataforOctober2018_766.pdf,"Eicher Motors Limited has informed the Exchange regarding 'Release of information to SIAM with respect to sales volume of the Company for the month of October, 2018.'.",,,Updates,-,01112018154400,-,-,False,,,103052708,Automobiles - 4 Wheelers,INE066A01013,Eicher Motors Limited,2018-11-01 15:44:00,EICHERMOT
31-Oct-2018 18:02:00,,https://nsearchives.nseindia.com/corporate/Kumud_31102018180154_REG30_383.pdf,"Eicher Motors Limited has informed the Exchange regarding 'Intimation under Regulation 30 of SEBI (LODR) Regulations, 2015- Media Statement'.",,,Updates,-,31102018180200,-,-,False,,,103049764,Automobiles - 4 Wheelers,INE066A01013,Eicher Motors Limited,2018-10-31 18:02:00,EICHERMOT
18-Oct-2018 16:02:00,,https://nsearchives.nseindia.com/corporate/Kumud_18102018160123_NewspaperAdvertisement_072.pdf,"Eicher Motors Limited has informed the Exchange regarding 'Intimation under Regulation 30 of SEBI (LODR) Regulations, 2015- Newspaper advertisement '.",,,Updates,-,18102018160200,-,-,False,,,103017648,Automobiles - 4 Wheelers,INE066A01013,Eicher Motors Limited,2018-10-18 16:02:00,EICHERMOT
15-Oct-2018 17:43:00,,https://nsearchives.nseindia.com/corporate/bdjoshi_15102018174305_ScheduleofMeetingwithAnalysistandInvestors15October2018_308.pdf,Eicher Motors Limited has informed the Exchange regarding Analysts/Institutional Investor Meet/Con. Call Updates,,,Analysts/Institutional Investor Meet/Con. Call Updates,-,15102018174300,-,-,False,,,103007139,Automobiles - 4 Wheelers,INE066A01013,Eicher Motors Limited,2018-10-15 17:43:00,EICHERMOT
15-Oct-2018 11:01:00,,https://nsearchives.nseindia.com/corporate/bdjoshi_15102018110041_ScheduleofMeetingswithAnalysistandInvestors15October2018_112.pdf,Eicher Motors Limited has informed the Exchange regarding Analysts/Institutional Investor Meet/Con. Call Updates,,,Analysts/Institutional Investor Meet/Con. Call Updates,-,15102018110100,-,-,False,,,103006665,Automobiles - 4 Wheelers,INE066A01013,Eicher Motors Limited,2018-10-15 11:01:00,EICHERMOT
13-Oct-2018 17:37:00,,https://nsearchives.nseindia.com/corporate/Kumud_13102018173554_Resignation_054.pdf,"Eicher Motors Limited has informed the Exchange regarding Resignation of Mr Prateek Jalan as Non- Executive Independent Director of the company w.e.f. October 13, 2018.",,,Resignation,-,13102018173700,-,-,False,,,103004717,Automobiles - 4 Wheelers,INE066A01013,Eicher Motors Limited,2018-10-13 17:37:00,EICHERMOT
12-Oct-2018 11:36:00,,https://nsearchives.nseindia.com/corporate/Kumud_12102018113522_Tradingwindowclosure_024.pdf,"Eicher Motors Limited has informed the Exchange regarding the Trading Window closure pursuant to SEBI (Prohibition of Insider Trading) Regulations, 2015",,,Trading Window,-,12102018113600,-,-,False,,,103003117,Automobiles - 4 Wheelers,INE066A01013,Eicher Motors Limited,2018-10-12 11:36:00,EICHERMOT
10-Oct-2018 17:01:00,,https://nsearchives.nseindia.com/corporate/bdjoshi_10102018170109_ScheduleofMeetingswithAnalysistandInvestors10October2018_340.pdf,Eicher Motors Limited has informed the Exchange regarding Analysts/Institutional Investor Meet/Con. Call Updates,,,Analysts/Institutional Investor Meet/Con. Call Updates,-,10102018170100,-,-,False,,,102996408,Automobiles - 4 Wheelers,INE066A01013,Eicher Motors Limited,2018-10-10 17:01:00,EICHERMOT
08-Oct-2018 09:39:00,,https://nsearchives.nseindia.com/corporate/Kumud_08102018093725_DisclosureUnderRegulation30OfSEBILODRRegulations_415.pdf,"Eicher Motors Limited has informed the Exchange regarding 'Intimation under Regulation 30 of SEBI (LODR) Regulations, 2015'.",,,Updates,-,08102018093900,-,-,False,,,102986295,Automobiles - 4 Wheelers,INE066A01013,Eicher Motors Limited,2018-10-08 09:39:00,EICHERMOT
04-Oct-2018 10:07:00,,https://nsearchives.nseindia.com/corporate/bdjoshi_04102018100642_ScheduleofMeetingswithAnalysistandInvestors04October2018_011.pdf,Eicher Motors Limited has informed the Exchange regarding Analysts/Institutional Investor Meet/Con. Call Updates,,,Analysts/Institutional Investor Meet/Con. Call Updates,-,04102018100700,-,-,False,,,102980226,Automobiles - 4 Wheelers,INE066A01013,Eicher Motors Limited,2018-10-04 10:07:00,EICHERMOT
02-Oct-2018 11:41:00,,https://nsearchives.nseindia.com/corporate/bdjoshi_02102018113856_Media_Statement_968.pdf,"Pursuant to Regulation 30 of SEBI (LODR) Regulations, 2015 and in continuation to our earlier submission made on September 26, 2018, please find attached copy of media statement being issued today.",,,Strikes/Lockouts/Disturbances,-,02102018114100,-,-,False,,,102975813,Automobiles - 4 Wheelers,INE066A01013,Eicher Motors Limited,2018-10-02 11:41:00,EICHERMOT
01-Oct-2018 16:12:00,,https://nsearchives.nseindia.com/corporate/sgupta9_01102018161205_VECVSalesDataSeptember2018_714.pdf,Eicher Motors Limited has informed the Exchange regarding 'Release of information to SIAM with respect to sale volume of VE Commercial Vehicles Limited for the month of September 2018.'.,,,Updates,-,01102018161200,-,-,False,,,102974181,Automobiles - 4 Wheelers,INE066A01013,Eicher Motors Limited,2018-10-01 16:12:00,EICHERMOT
01-Oct-2018 16:05:00,,https://nsearchives.nseindia.com/corporate/bdjoshi_01102018160352_RoyalEnfieldMotorcycleSalesDataforSeptember2018_708.pdf,"Eicher Motors Limited has informed the Exchange regarding 'Release of information to SIAM with respect to sales volume of the Company for the month of September, 2018'.",,,Updates,-,01102018160500,-,-,False,,,102974175,Automobiles - 4 Wheelers,INE066A01013,Eicher Motors Limited,2018-10-01 16:05:00,EICHERMOT
01-Oct-2018 09:41:00,,https://nsearchives.nseindia.com/corporate/bdjoshi_01102018094005_ScheduleofMeetingswithAnalysistandInvestors01October2018_499.pdf,Eicher Motors Limited has informed the Exchange regarding Analysts/Institutional Investor Meet/Con. Call Updates,,,Analysts/Institutional Investor Meet/Con. Call Updates,-,01102018094100,-,-,False,,,102972499,Automobiles - 4 Wheelers,INE066A01013,Eicher Motors Limited,2018-10-01 09:41:00,EICHERMOT
28-Sep-2018 16:23:00,,https://nsearchives.nseindia.com/corporate/Kumud_28092018162236_Reclassification_350.pdf,Eicher Motors Limited has informed the Exchange regarding 'Approval to re-classification of certain Promoter and Promoter Group Individuals into Public category shareholders'.,,,Updates,-,28092018162300,-,-,False,,,102969650,Automobiles - 4 Wheelers,INE066A01013,Eicher Motors Limited,2018-09-28 16:23:00,EICHERMOT
26-Sep-2018 18:29:00,,https://nsearchives.nseindia.com/corporate/bdjoshi_26092018182838_ScheduleofMeetingswithAnalysistandInvestors26September2018_551.pdf,Eicher Motors Limited has informed the Exchange regarding Analysts/Institutional Investor Meet/Con. Call Updates,,,Analysts/Institutional Investor Meet/Con. Call Updates,-,26092018182900,-,-,False,,,102962581,Automobiles - 4 Wheelers,INE066A01013,Eicher Motors Limited,2018-09-26 18:29:00,EICHERMOT
26-Sep-2018 18:16:00,,https://nsearchives.nseindia.com/corporate/dhamals_2692018181351_Newsclarification26092018_540.pdf,"The Exchange had  sought clarification from the Company with respect to news item captioned- Workers at India Yamaha Motor, Eicher Motors and others on strike.. The response from the Company is attached.",,,News Clarification,-,26092018181600,-,-,False,,,102962571,Automobiles - 4 Wheelers,INE066A01013,Eicher Motors Limited,2018-09-26 18:16:00,EICHERMOT
26-Sep-2018 17:43:00,,https://nsearchives.nseindia.com/corporate/Kumud_26092018174136_IntimationunderRegulation30_519.pdf,"Eicher Motors Limited has informed the Exchange regarding 'Intimation under Regulation 30 of SEBI LODR Regulations, 2015'.",,,Updates,-,26092018174300,-,-,False,,,102962556,Automobiles - 4 Wheelers,INE066A01013,Eicher Motors Limited,2018-09-26 17:43:00,EICHERMOT
26-Sep-2018 15:04:00,,-,"The Exchange has sought clarification from the Company with respect to news item captioned- Workers at India Yamaha Motor, Eicher Motors and others on strike. In this regard, Exchange has advised the Company to provide clarification/confirmation on the news item in detail including the following: a) Whether such event/negotiations/article stated in published news were taking place? If so, you are advised to provide the said information along with the sequence of events in chronological order and the material impact of this article on the Company. b) Whether company is aware of any information that has not been announced to the Exchanges under regulation 30 of Listing Regulations. The response from the Company is awaited.",,,News Clarification,-,26092018150400,-,-,False,,,102962466,Automobiles - 4 Wheelers,INE066A01013,Eicher Motors Limited,2018-09-26 15:04:00,EICHERMOT
21-Sep-2018 17:44:00,,https://nsearchives.nseindia.com/corporate/bdjoshi_21092018174318_ScheduleofMeetingswithAnalysistandInvestors21September2018_845.pdf,Eicher Motors Limited has informed the Exchange regarding Analysts/Institutional Investor Meet/Con. Call Updates,,,Analysts/Institutional Investor Meet/Con. Call Updates,-,21092018174400,-,-,False,,,102951500,Automobiles - 4 Wheelers,INE066A01013,Eicher Motors Limited,2018-09-21 17:44:00,EICHERMOT
20-Sep-2018 18:16:00,,https://nsearchives.nseindia.com/corporate/bdjoshi_20092018181442_ScheduleofMeetingswithAnalysistandInvestors20September2018_614.pdf,Eicher Motors Limited has informed the Exchange regarding Analysts/Institutional Investor Meet/Con. Call Updates,,,Analysts/Institutional Investor Meet/Con. Call Updates,-,20092018181600,-,-,False,,,102949884,Automobiles - 4 Wheelers,INE066A01013,Eicher Motors Limited,2018-09-20 18:16:00,EICHERMOT
19-Sep-2018 09:39:00,,https://nsearchives.nseindia.com/corporate/bdjoshi_19092018093845_ScheduleofmeetingwithAnalystsandInvestors19September2018_265.pdf,Eicher Motors Limited has informed the Exchange regarding Analysts/Institutional Investor Meet/Con. Call Updates,,,Analysts/Institutional Investor Meet/Con. Call Updates,-,19092018093900,-,-,False,,,102945374,Automobiles - 4 Wheelers,INE066A01013,Eicher Motors Limited,2018-09-19 09:39:00,EICHERMOT
18-Sep-2018 09:18:00,,https://nsearchives.nseindia.com/corporate/bdjoshi_18092018091725_ScheduleofmeetingwithAnalystsandInvestors18September2018_005.pdf,Eicher Motors Limited has informed the Exchange regarding Analysts/Institutional Investor Meet/Con. Call Updates,,,Analysts/Institutional Investor Meet/Con. Call Updates,-,18092018091800,-,-,False,,,102942499,Automobiles - 4 Wheelers,INE066A01013,Eicher Motors Limited,2018-09-18 09:18:00,EICHERMOT
11-Sep-2018 20:38:00,,https://nsearchives.nseindia.com/corporate/bdjoshi_11092018203654_ScheduleofmeetingswithAnalystsandInvestors11September2018_272.pdf,Eicher Motors Limited has informed the Exchange regarding Analysts/Institutional Investor Meet/Con. Call Updates,,,Analysts/Institutional Investor Meet/Con. Call Updates,-,11092018203800,-,-,False,,,102931889,Automobiles - 4 Wheelers,INE066A01013,Eicher Motors Limited,2018-09-11 20:38:00,EICHERMOT
07-Sep-2018 13:49:00,,https://nsearchives.nseindia.com/corporate/bdjoshi_07092018134754_ScheduleofmeetingswithAnalystsandInvestors07September2018_242.pdf,Eicher Motors Limited has informed the Exchange regarding Analysts/Institutional Investor Meet/Con. Call Updates,,,Analysts/Institutional Investor Meet/Con. Call Updates,-,07092018134900,-,-,False,,,102924552,Automobiles - 4 Wheelers,INE066A01013,Eicher Motors Limited,2018-09-07 13:49:00,EICHERMOT
01-Sep-2018 14:57:00,,https://nsearchives.nseindia.com/corporate/bdjoshi_01092018145632_RoyalEnfieldMotorcycleSalesDataforAugust2018_012.pdf,"Eicher Motors Limited has informed the Exchange regarding 'Release of information to SIAM with respect to sales volume of the Company for the month of August, 2018.'.",,,Updates,-,01092018145700,-,-,False,,,102907025,Automobiles - 4 Wheelers,INE066A01013,Eicher Motors Limited,2018-09-01 14:57:00,EICHERMOT
01-Sep-2018 14:51:00,,https://nsearchives.nseindia.com/corporate/sgupta9_01092018145039_VECVSalesDataAugust2018_001.pdf,Eicher Motors Limited has informed the Exchange regarding 'Release of information to SIAM with respect to sale volume of VE Commercial Vehicles Limited for the month of August 2018.'.,,,Updates,-,01092018145100,-,-,False,,,102907014,Automobiles - 4 Wheelers,INE066A01013,Eicher Motors Limited,2018-09-01 14:51:00,EICHERMOT
28-Aug-2018 14:19:00,,https://nsearchives.nseindia.com/corporate/bdjoshi_28082018141842_ScheduleofmeetingswithAnalystsandInvestors28August2018_153.pdf,Eicher Motors Limited has informed the Exchange regarding Analysts/Institutional Investor Meet/Con. Call Updates,,,Analysts/Institutional Investor Meet/Con. Call Updates,-,28082018141900,-,-,False,,,102897152,Automobiles - 4 Wheelers,INE066A01013,Eicher Motors Limited,2018-08-28 14:19:00,EICHERMOT
27-Aug-2018 17:49:00,,https://nsearchives.nseindia.com/corporate/bdjoshi_27082018174736_ScheduleofmeetingwithAnalystsandInvestors27August2018_905.pdf,Eicher Motors Limited has informed the Exchange regarding Analysts/Institutional Investor Meet/Con. Call Updates,,,Analysts/Institutional Investor Meet/Con. Call Updates,-,27082018174900,-,-,False,,,102894055,Automobiles - 4 Wheelers,INE066A01013,Eicher Motors Limited,2018-08-27 17:49:00,EICHERMOT
22-Aug-2018 14:15:00,,https://nsearchives.nseindia.com/corporate/bdjoshi_22082018141344_ScheduleofmeetingswithAnalystsandInvestors22August2018_430.pdf,Eicher Motors Limited has informed the Exchange regarding Analysts/Institutional Investor Meet/Con. Call Updates,,,Analysts/Institutional Investor Meet/Con. Call Updates,-,22082018141500,-,-,False,,,102884184,Automobiles - 4 Wheelers,INE066A01013,Eicher Motors Limited,2018-08-22 14:15:00,EICHERMOT
16-Aug-2018 09:29:00,,https://nsearchives.nseindia.com/corporate/ScheduleofmeetingswithAnalystsandInvestors16August2018_16082018092913_964.zip,Eicher Motors Limited has informed the Exchange regarding Analysts/Institutional Investor Meet/Con. Call Updates,,,Analysts/Institutional Investor Meet/Con. Call Updates,-,16082018092900,-,-,False,,,102870129,Automobiles - 4 Wheelers,INE066A01013,Eicher Motors Limited,2018-08-16 09:29:00,EICHERMOT
14-Aug-2018 12:27:00,,https://nsearchives.nseindia.com/corporate/ScheduleofmeetingwithAnalystsandInvestors14August2018_14082018122739_138.zip,Eicher Motors Limited has informed the Exchange regarding Analysts/Institutional Investor Meet/Con. Call Updates,,,Analysts/Institutional Investor Meet/Con. Call Updates,-,14082018122700,-,-,False,,,102868138,Automobiles - 4 Wheelers,INE066A01013,Eicher Motors Limited,2018-08-14 12:27:00,EICHERMOT
13-Aug-2018 19:01:00,,https://nsearchives.nseindia.com/corporate/Reclassificationresolution_13082018190127_964.zip,"Eicher Motors Limited has informed the Exchange regarding 'Regulation 31A of SEBI (LODR) Regulations, 2015-Copy of resolution passed at the 36th Annual General Meeting (AGM) of Eicher Motors Limited held on August 10, 2018.'.",,,Updates,-,13082018190100,-,-,False,,,102864854,Automobiles - 4 Wheelers,INE066A01013,Eicher Motors Limited,2018-08-13 19:01:00,EICHERMOT
13-Aug-2018 09:30:00,,https://nsearchives.nseindia.com/corporate/ScheduleofmeetingwithAnalystsandInvestors13August2018_13082018093025_409.zip,Eicher Motors Limited has informed the Exchange regarding Analysts/Institutional Investor Meet/Con. Call Updates,,,Analysts/Institutional Investor Meet/Con. Call Updates,-,13082018093000,-,-,False,,,102862516,Automobiles - 4 Wheelers,INE066A01013,Eicher Motors Limited,2018-08-13 09:30:00,EICHERMOT
12-Aug-2018 11:22:00,,https://nsearchives.nseindia.com/corporate/ResultsofAGM_12082018112232_333.zip,"Eicher Motors Limited has submitted the Exchange a copy Srutinizers report of  Annual General Meeting held on August 10, 2018. Further, the company has informed the Exchange regarding voting results.",,,Shareholders meeting,-,12082018112200,-,-,False,,,102862447,Automobiles - 4 Wheelers,INE066A01013,Eicher Motors Limited,2018-08-12 11:22:00,EICHERMOT
11-Aug-2018 10:35:00,,https://nsearchives.nseindia.com/corporate/AGMProceedings_11082018103554_010.zip,"Eicher Motors Limited has informed the Exchange regarding Proceedings of Annual General Meeting held on August 10, 2018",,,Shareholders meeting,-,11082018103500,-,-,False,,,102861909,Automobiles - 4 Wheelers,INE066A01013,Eicher Motors Limited,2018-08-11 10:35:00,EICHERMOT
10-Aug-2018 13:56:00,,https://nsearchives.nseindia.com/corporate/Investorpresentation_10082018135655_736.zip,Eicher Motors Limited has informed the Exchange regarding Investor Presentation,,,Investor Presentation,-,10082018135600,-,-,False,,,102860738,Automobiles - 4 Wheelers,INE066A01013,Eicher Motors Limited,2018-08-10 13:56:00,EICHERMOT
09-Aug-2018 17:55:00,,https://nsearchives.nseindia.com/corporate/Pressrelease_09082018175540_389.zip,"Eicher Motors Limited has informed the Exchange regarding a press release dated August 09, 2018, titled ""Press Release"".",,,Press Release,-,09082018175500,-,-,False,,,102857946,Automobiles - 4 Wheelers,INE066A01013,Eicher Motors Limited,2018-08-09 17:55:00,EICHERMOT
09-Aug-2018 15:53:00,,https://nsearchives.nseindia.com/corporate/GrantofESOP_09082018155344_233.zip,Eicher Motors Limited has informed the Exchange regarding Grant of 2400  Options.,,,ESOP/ESOS/ESPS,-,09082018155300,-,-,False,,,102857806,Automobiles - 4 Wheelers,INE066A01013,Eicher Motors Limited,2018-08-09 15:53:00,EICHERMOT
09-Aug-2018 15:48:00,,https://nsearchives.nseindia.com/corporate/Tradingwindow_09082018154830_228.zip,Eicher Motors Limited has informed the Exchange regarding 'Opening of Trading Window'.,,,Updates,-,09082018154800,-,-,False,,,102857800,Automobiles - 4 Wheelers,INE066A01013,Eicher Motors Limited,2018-08-09 15:48:00,EICHERMOT
09-Aug-2018 15:43:00,,https://nsearchives.nseindia.com/corporate/Results_09082018154353_219.zip,"Eicher Motors Limited has informed the Exchange regarding allotment of shares in the Board meeting held on August 09, 2018.",,,Outcome of Board Meeting,-,09082018154300,-,-,False,,,102857784,Automobiles - 4 Wheelers,INE066A01013,Eicher Motors Limited,2018-08-09 15:43:00,EICHERMOT
09-Aug-2018 15:38:57,,https://nsearchives.nseindia.com/corporate/Results_09082018153857.zip,"Eicher Motors Limited has submitted to the Exchange, the financial results for the period ended June 30, 2018.",,,Financial Result Updates,-,09082018153857,-,-,False,,,121921,Automobiles - 4 Wheelers,INE066A01013,Eicher Motors Limited,2018-08-09 15:38:57,EICHERMOT
01-Aug-2018 15:59:00,,https://nsearchives.nseindia.com/corporate/RoyalEnfieldMotorcycleSalesDataforJuly2018_01082018155947_340.zip,"Eicher Motors Limited has informed the Exchange regarding 'Release of information to SIAM with respect to sales volume of the Company for the month of July, 2018.'.",,,Updates,-,01082018155900,-,-,False,,,102835852,Automobiles - 4 Wheelers,INE066A01013,Eicher Motors Limited,2018-08-01 15:59:00,EICHERMOT
01-Aug-2018 15:32:00,,https://nsearchives.nseindia.com/corporate/Investormeetinvite_01082018153213_304.zip,Eicher Motors Limited has informed the Exchange regarding Analysts/Institutional Investor Meet/Con. Call Updates,,,Analysts/Institutional Investor Meet/Con. Call Updates,-,01082018153200,-,-,False,,,102835820,Automobiles - 4 Wheelers,INE066A01013,Eicher Motors Limited,2018-08-01 15:32:00,EICHERMOT
01-Aug-2018 15:24:00,,https://nsearchives.nseindia.com/corporate/VECVSalesDataJuly2018_01082018152417_295.zip,Eicher Motors Limited has informed the Exchange regarding 'Release of information to SIAM with respect to sale volume of VE Commercial Vehicles Limited for the month of July 2018.'.,,,Updates,-,01082018152400,-,-,False,,,102835811,Automobiles - 4 Wheelers,INE066A01013,Eicher Motors Limited,2018-08-01 15:24:00,EICHERMOT
21-Jul-2018 10:48:00,,https://nsearchives.nseindia.com/corporate/ScheduleofmeetingwithAnalystsandInvestors21July2018_21072018104843_381.zip,Eicher Motors Limited has informed the Exchange regarding Analysts/Institutional Investor Meet/Con. Call Updates,,,Analysts/Institutional Investor Meet/Con. Call Updates,-,21072018104800,-,-,False,,,102807419,Automobiles - 4 Wheelers,INE066A01013,Eicher Motors Limited,2018-07-21 10:48:00,EICHERMOT
19-Jul-2018 10:08:00,,https://nsearchives.nseindia.com/corporate/ScheduleofmeetingwithAnalystsandInvestors19July2018_19072018100817_361.zip,Eicher Motors Limited has informed the Exchange regarding Analysts/Institutional Investor Meet/Con. Call Updates,,,Analysts/Institutional Investor Meet/Con. Call Updates,-,19072018100800,-,-,False,,,102803000,Automobiles - 4 Wheelers,INE066A01013,Eicher Motors Limited,2018-07-19 10:08:00,EICHERMOT
17-Jul-2018 19:15:00,,https://nsearchives.nseindia.com/corporate/NewspaperClippingsNoticeofthe36thAnnualGeneralMeeting_17072018191548_174.zip,Eicher Motors Limited has informed the Exchange regarding 'News Paper clippings for  AGM.,,,Updates,-,17072018191500,-,-,False,,,102797264,Automobiles - 4 Wheelers,INE066A01013,Eicher Motors Limited,2018-07-17 19:15:00,EICHERMOT
17-Jul-2018 14:51:00,,https://nsearchives.nseindia.com/corporate/Noticeof36thAnnualGeneralMeeting_17072018145107_019.zip,"Eicher Motors Limited has informed the Exchange regarding Notice of Annual General Meeting to be held on August 10, 2018",,,Shareholders meeting,-,17072018145100,-,-,False,,,102797135,Automobiles - 4 Wheelers,INE066A01013,Eicher Motors Limited,2018-07-17 14:51:00,EICHERMOT
13-Jul-2018 12:52:00,,https://nsearchives.nseindia.com/corporate/TradingWindowClosureJuly2018_13072018125234_096.zip,"Eicher Motors Limited has informed the Exchange regarding the Trading Window closure pursuant to SEBI (Prohibition of Insider Trading) Regulations, 2015",,,Trading Window,-,13072018125200,-,-,False,,,102790058,Automobiles - 4 Wheelers,INE066A01013,Eicher Motors Limited,2018-07-13 12:52:00,EICHERMOT
09-Jul-2018 21:20:00,,https://nsearchives.nseindia.com/corporate/ScheduleofmeetingswithAnalystsandInvestors9July2018_09072018212032_407.zip,Eicher Motors Limited has informed the Exchange regarding Analysts/Institutional Investor Meet/Con. Call Updates,,,Analysts/Institutional Investor Meet/Con. Call Updates,-,09072018212000,-,-,False,,,102777576,Automobiles - 4 Wheelers,INE066A01013,Eicher Motors Limited,2018-07-09 21:20:00,EICHERMOT
03-Jul-2018 13:53:00,,https://nsearchives.nseindia.com/corporate/ScheduleofmeetingwithAnalystsandInvestors3July2018_03072018135306_118.zip,Eicher Motors Limited has informed the Exchange regarding Analysts/Institutional Investor Meet/Con. Call Updates,,,Analysts/Institutional Investor Meet/Con. Call Updates,-,03072018135300,-,-,False,,,102763857,Automobiles - 4 Wheelers,INE066A01013,Eicher Motors Limited,2018-07-03 13:53:00,EICHERMOT
01-Jul-2018 14:55:00,,https://nsearchives.nseindia.com/corporate/RoyalEnfieldMotorcycleSalesDataforJune2018_01072018145515_508.zip,"Eicher Motors Limited has informed the Exchange regarding 'Release of information to SIAM with respect to sales volume of the Company for the month of June, 2018.'.",,,Updates,-,01072018145500,-,-,False,,,102758585,Automobiles - 4 Wheelers,INE066A01013,Eicher Motors Limited,2018-07-01 14:55:00,EICHERMOT
01-Jul-2018 14:35:00,,https://nsearchives.nseindia.com/corporate/VECVSalesDataJune2018_01072018143522_507.zip,Eicher Motors Limited has informed the Exchange regarding 'Release of information to SIAM with respect to sale volume of VE Commercial Vehicles Limited for the month of June 2018.'.,,,Updates,-,01072018143500,-,-,False,,,102758584,Automobiles - 4 Wheelers,INE066A01013,Eicher Motors Limited,2018-07-01 14:35:00,EICHERMOT
27-Jun-2018 15:48:00,,https://nsearchives.nseindia.com/corporate/ScheduleofmeetingwithAnalystsandInvestors27June2018_27062018154853_816.zip,Eicher Motors Limited has informed the Exchange regarding Analysts/Institutional Investor Meet/Con. Call Updates,,,Analysts/Institutional Investor Meet/Con. Call Updates,-,27062018154800,-,-,False,,,102751194,Automobiles - 4 Wheelers,INE066A01013,Eicher Motors Limited,2018-06-27 15:48:00,EICHERMOT
20-Jun-2018 14:06:00,,https://nsearchives.nseindia.com/corporate/ScheduleofmeetingwithAnalystsandInvestors20June2018_20062018140608_292.zip,Eicher Motors Limited has informed the Exchange regarding Analysts/Institutional Investor Meet/Con. Call Updates,,,Analysts/Institutional Investor Meet/Con. Call Updates,-,20062018140600,-,-,False,,,102735499,Automobiles - 4 Wheelers,INE066A01013,Eicher Motors Limited,2018-06-20 14:06:00,EICHERMOT
14-Jun-2018 14:23:00,,https://nsearchives.nseindia.com/corporate/ScheduleofmeetingswithAnalystsandInvestors14June2018_14062018142339_095.zip,Eicher Motors Limited has informed the Exchange regarding Analysts/Institutional Investor Meet/Con. Call Updates,,,Analysts/Institutional Investor Meet/Con. Call Updates,-,14062018142300,-,-,False,,,102723246,Automobiles - 4 Wheelers,INE066A01013,Eicher Motors Limited,2018-06-14 14:23:00,EICHERMOT
13-Jun-2018 17:30:00,,https://nsearchives.nseindia.com/corporate/ScheduleofmeetingswithAnalystsandInvestors13June2018_13062018173045_193.zip,Eicher Motors Limited has informed the Exchange regarding Analysts/Institutional Investor Meet/Con. Call Updates,,,Analysts/Institutional Investor Meet/Con. Call Updates,-,13062018173000,-,-,False,,,102719984,Automobiles - 4 Wheelers,INE066A01013,Eicher Motors Limited,2018-06-13 17:30:00,EICHERMOT
12-Jun-2018 11:06:00,,https://nsearchives.nseindia.com/corporate/ScheduleofmeetingswithAnalystsandInvestors12June2018_12062018110613_024.zip,Eicher Motors Limited has informed the Exchange regarding Analysts/Institutional Investor Meet/Con. Call Updates,,,Analysts/Institutional Investor Meet/Con. Call Updates,-,12062018110600,-,-,False,,,102715953,Automobiles - 4 Wheelers,INE066A01013,Eicher Motors Limited,2018-06-12 11:06:00,EICHERMOT
04-Jun-2018 17:04:00,,https://nsearchives.nseindia.com/corporate/Scheduleofanalystsandinvestorsmeetings4June2018_04062018170416_480.zip,Eicher Motors Limited has informed the Exchange regarding Analysts/Institutional Investor Meet/Con. Call Updates,,,Analysts/Institutional Investor Meet/Con. Call Updates,-,04062018170400,-,-,False,,,102696809,Automobiles - 4 Wheelers,INE066A01013,Eicher Motors Limited,2018-06-04 17:04:00,EICHERMOT
01-Jun-2018 14:10:00,,https://nsearchives.nseindia.com/corporate/VECVSalesDataMay2018_01062018141008_138.zip,Eicher Motors Limited has informed the Exchange regarding 'Release of information to SIAM with respect to sale volume of VE Commercial Vehicles Limited for the month of May 2018.'.,,,Updates,-,01062018141000,-,-,False,,,102693347,Automobiles - 4 Wheelers,INE066A01013,Eicher Motors Limited,2018-06-01 14:10:00,EICHERMOT
01-Jun-2018 11:04:00,,https://nsearchives.nseindia.com/corporate/RoyalEnfieldMotorcycleSalesDataforMay2018_01062018110452_055.zip,"Eicher Motors Limited has informed the Exchange regarding 'Release of information to SIAM with respect to sales volume of the Company for the month of May, 2018.'.",,,Updates,-,01062018110400,-,-,False,,,102692969,Automobiles - 4 Wheelers,INE066A01013,Eicher Motors Limited,2018-06-01 11:04:00,EICHERMOT
30-May-2018 16:17:00,,https://nsearchives.nseindia.com/corporate/ScheduleofmeetingswithAnalystsandInvestors30May2018_30052018161750_255.zip,Eicher Motors Limited has informed the Exchange regarding Analysts/Institutional Investor Meet/Con. Call Updates,,,Analysts/Institutional Investor Meet/Con. Call Updates,-,30052018161700,-,-,False,,,102686013,Automobiles - 4 Wheelers,INE066A01013,Eicher Motors Limited,2018-05-30 16:17:00,EICHERMOT
28-May-2018 11:18:00,,https://nsearchives.nseindia.com/corporate/ScheduleofmeetingswithAnalystsandInvestors28May2018_28052018111855_914.zip,Eicher Motors Limited has informed the Exchange regarding Analysts/Institutional Investor Meet/Con. Call Updates,,,Analysts/Institutional Investor Meet/Con. Call Updates,-,28052018111800,-,-,False,,,102677394,Automobiles - 4 Wheelers,INE066A01013,Eicher Motors Limited,2018-05-28 11:18:00,EICHERMOT
23-May-2018 15:55:00,,https://nsearchives.nseindia.com/corporate/ScheduleofmeetingswithAnalystsandInvestors23May2018_23052018155551_924.zip,Eicher Motors Limited has informed the Exchange regarding Analysts/Institutional Investor Meet/Con. Call Updates,,,Analysts/Institutional Investor Meet/Con. Call Updates,-,23052018155500,-,-,False,,,102666991,Automobiles - 4 Wheelers,INE066A01013,Eicher Motors Limited,2018-05-23 15:55:00,EICHERMOT
21-May-2018 18:11:00,,https://nsearchives.nseindia.com/corporate/ScheduleofmeetingwithAnalystsandInvestors21May2018_21052018181112_602.zip,Eicher Motors Limited has informed the Exchange regarding Analysts/Institutional Investor Meet/Con. Call Updates,,,Analysts/Institutional Investor Meet/Con. Call Updates,-,21052018181100,-,-,False,,,102659885,Automobiles - 4 Wheelers,INE066A01013,Eicher Motors Limited,2018-05-21 18:11:00,EICHERMOT
09-May-2018 20:59:00,,https://nsearchives.nseindia.com/corporate/InvestorPresentation_09052018205905_964.zip,Eicher Motors Limited has informed the Exchange regarding Investor Presentation,,,Investor Presentation,-,09052018205900,-,-,False,,,102632423,Automobiles - 4 Wheelers,INE066A01013,Eicher Motors Limited,2018-05-09 20:59:00,EICHERMOT
09-May-2018 16:20:00,,https://nsearchives.nseindia.com/corporate/Tradingwindowopen_09052018162037_769.zip,Eicher Motors Limited has informed the Exchange regarding 'Trading window opening'.,,,Updates,-,09052018162000,-,-,False,,,102632180,Automobiles - 4 Wheelers,INE066A01013,Eicher Motors Limited,2018-05-09 16:20:00,EICHERMOT
09-May-2018 16:12:00,,https://nsearchives.nseindia.com/corporate/EICHERMOT_09052018160722.zip,"Eicher Motors Limited has informed the Exchange regarding Outcome of Board Meeting held on May 09, 2018.",,,Outcome of Board Meeting,-,09052018161200,-,-,False,,,102632160,Automobiles - 4 Wheelers,INE066A01013,Eicher Motors Limited,2018-05-09 16:12:00,EICHERMOT
09-May-2018 16:12:00,,https://nsearchives.nseindia.com/corporate/EICHERMOT_AGMBC_09052018161243.zip,"Eicher Motors Limited has informed the Exchange that he Exchange that the register of members and share transfer books shall remain close for payment of Dividend and Annual General Meeting from  August 4, 2018 to August 10, 2018  (both dates inclusive) .Further the Annual General Meeting to be held on August 10, 2018.",,,AGM/Book Closure,-,09052018161200,-,-,False,,,102632169,Automobiles - 4 Wheelers,INE066A01013,Eicher Motors Limited,2018-05-09 16:12:00,EICHERMOT
09-May-2018 16:11:00,,https://nsearchives.nseindia.com/corporate/AGMDIVIDEND_09052018161109_755.zip,"Eicher Motors Limited has informed the Exchange regarding 'August 3, 2018 (Cut-off date) for determining the members who would be entitled to vote through remote e-voting or at the ensuing Annual General Meeting of the Company.'.",,,Updates,-,09052018161100,-,-,False,,,102632164,Automobiles - 4 Wheelers,INE066A01013,Eicher Motors Limited,2018-05-09 16:11:00,EICHERMOT
09-May-2018 16:03:00,,https://nsearchives.nseindia.com/corporate/PressRelease_09052018160319_735.zip,"Eicher Motors Limited has informed the Exchange regarding a press release dated May 09, 2018, titled ""Press Release"".",,,Press Release,-,09052018160300,-,-,False,,,102632156,Automobiles - 4 Wheelers,INE066A01013,Eicher Motors Limited,2018-05-09 16:03:00,EICHERMOT
09-May-2018 15:56:00,,https://nsearchives.nseindia.com/corporate/OutcomeBM_09052018155647_722.zip,"Eicher Motors Limited has informed the Exchange that Board of Directors at its meeting held on May 09, 2018, recommended Final Dividend of Rs. 110 per equity share.",,,Dividend,-,09052018155600,-,-,False,,,102632147,Automobiles - 4 Wheelers,INE066A01013,Eicher Motors Limited,2018-05-09 15:56:00,EICHERMOT
09-May-2018 15:49:08,,https://nsearchives.nseindia.com/corporate/OutcomeBM_09052018154908.zip,"Eicher Motors Limited has submitted to the Exchange, the financial results for the period ended March 31, 2018.",,,Financial Result Updates,-,09052018154908,-,-,False,,,119216,Automobiles - 4 Wheelers,INE066A01013,Eicher Motors Limited,2018-05-09 15:49:08,EICHERMOT
09-May-2018 12:19:00,,https://nsearchives.nseindia.com/corporate/ESOP_09052018121902_604.zip,Eicher Motors Limited has informed the Exchange regarding Grant of 1250  Options.,,,ESOP/ESOS/ESPS,-,09052018121900,-,-,False,,,102632024,Automobiles - 4 Wheelers,INE066A01013,Eicher Motors Limited,2018-05-09 12:19:00,EICHERMOT
07-May-2018 14:15:00,,https://nsearchives.nseindia.com/corporate/ConferenceCallDetails_07052018141529_230.zip,Eicher Motors Limited has informed the Exchange regarding Analysts/Institutional Investor Meet/Con. Call Updates,,,Analysts/Institutional Investor Meet/Con. Call Updates,-,07052018141500,-,-,False,,,102624516,Automobiles - 4 Wheelers,INE066A01013,Eicher Motors Limited,2018-05-07 14:15:00,EICHERMOT
01-May-2018 13:38:00,,https://nsearchives.nseindia.com/corporate/VECVSalesDataApril2018_01052018133851_018.zip,Eicher Motors Limited has informed the Exchange regarding 'Release of information to SIAM with respect to sale volume of VE Commercial Vehicles Limited for the month of April 2018.'.,,,Updates,-,01052018133800,-,-,False,,,102612314,Automobiles - 4 Wheelers,INE066A01013,Eicher Motors Limited,2018-05-01 13:38:00,EICHERMOT
01-May-2018 12:30:00,,https://nsearchives.nseindia.com/corporate/RoyalEnfieldMotorcycleSalesDataforApril2018_01052018123059_011.zip,"Eicher Motors Limited has informed the Exchange regarding 'Release of information to SIAM with respect to sales volume of the Company for the month of April, 2018.'.",,,Updates,-,01052018123000,-,-,False,,,102612307,Automobiles - 4 Wheelers,INE066A01013,Eicher Motors Limited,2018-05-01 12:30:00,EICHERMOT
17-Apr-2018 14:21:00,,https://nsearchives.nseindia.com/corporate/ScheduleofmeetingswithAnalystsandInvestors17April2018_17042018142108_437.zip,Eicher Motors Limited has informed the Exchange regarding Analysts/Institutional Investor Meet/Con. Call Updates,,,Analysts/Institutional Investor Meet/Con. Call Updates,-,17042018142100,-,-,False,,,102581215,Automobiles - 4 Wheelers,INE066A01013,Eicher Motors Limited,2018-04-17 14:21:00,EICHERMOT
12-Apr-2018 16:12:00,,https://nsearchives.nseindia.com/corporate/eicher_Coveringletter_12042018141944.zip,"Harish Chawla For and on behalf of Promoter and Promoter Group has submitted to the Exchange a copy of disclosure under Regulation 30(1) and 30(2) of SEBI (Substantial Acquisition of Shares & Takeovers) Regulations, 2011.",,,Disc. under Reg.30 of SEBI (SAST) Reg.2011,-,12042018161200,-,-,False,,,102571083,Automobiles - 4 Wheelers,INE066A01013,Eicher Motors Limited,2018-04-12 16:12:00,EICHERMOT
11-Apr-2018 14:06:00,,https://nsearchives.nseindia.com/corporate/ScheduleofmeetingswithAnalystsandInvestors11April2018_11042018140641_235.zip,Eicher Motors Limited has informed the Exchange regarding Analysts/Institutional Investor Meet/Con. Call Updates,,,Analysts/Institutional Investor Meet/Con. Call Updates,-,11042018140600,-,-,False,,,102567248,Automobiles - 4 Wheelers,INE066A01013,Eicher Motors Limited,2018-04-11 14:06:00,EICHERMOT
10-Apr-2018 09:23:00,,https://nsearchives.nseindia.com/corporate/ScheduleofmeetingwithAnalystsandInvestors10April2018_10042018092351_050.zip,Eicher Motors Limited has informed the Exchange regarding Analysts/Institutional Investor Meet/Con. Call Updates,,,Analysts/Institutional Investor Meet/Con. Call Updates,-,10042018092300,-,-,False,,,102561208,Automobiles - 4 Wheelers,INE066A01013,Eicher Motors Limited,2018-04-10 09:23:00,EICHERMOT
03-Apr-2018 14:23:00,,https://nsearchives.nseindia.com/corporate/PressRelease_03042018142355_210.zip,"Eicher Motors Limited has informed the Exchange regarding a press release dated April 03, 2018, titled ""Press Release"".",,,Press Release,-,03042018142300,-,-,False,,,102545154,Automobiles - 4 Wheelers,INE066A01013,Eicher Motors Limited,2018-04-03 14:23:00,EICHERMOT
03-Apr-2018 13:58:00,,https://nsearchives.nseindia.com/corporate/ScheduleofmeetingswithAnalystsandInvestors3April2018_03042018135810_190.zip,Eicher Motors Limited has informed the Exchange regarding Analysts/Institutional Investor Meet/Con. Call Updates,,,Analysts/Institutional Investor Meet/Con. Call Updates,-,03042018135800,-,-,False,,,102545131,Automobiles - 4 Wheelers,INE066A01013,Eicher Motors Limited,2018-04-03 13:58:00,EICHERMOT
02-Apr-2018 14:27:00,,https://nsearchives.nseindia.com/corporate/ESOP_02042018142742_259.zip,Eicher Motors Limited has informed the Exchange regarding Grant of 4500  Options.,,,ESOP/ESOS/ESPS,-,02042018142700,-,-,False,,,102542970,Automobiles - 4 Wheelers,INE066A01013,Eicher Motors Limited,2018-04-02 14:27:00,EICHERMOT
02-Apr-2018 14:20:00,,https://nsearchives.nseindia.com/corporate/Allotment_02042018142025_256.zip,Eicher Motors Limited has informed the Exchange regarding allotment of  666 Equity Shares under ESOP,,,Allotment of ESOP/ESPS,-,02042018142000,-,-,False,,,102542965,Automobiles - 4 Wheelers,INE066A01013,Eicher Motors Limited,2018-04-02 14:20:00,EICHERMOT
02-Apr-2018 11:04:00,,https://nsearchives.nseindia.com/corporate/VECVSalesDataMarch2018_02042018110402_127.zip,Eicher Motors Limited has informed the Exchange regarding 'Release of information to SIAM with respect to sale volume of VE Commercial Vehicles Limited for the month of March 2018.'.,,,Updates,-,02042018110400,-,-,False,,,102542630,Automobiles - 4 Wheelers,INE066A01013,Eicher Motors Limited,2018-04-02 11:04:00,EICHERMOT
01-Apr-2018 18:40:00,,https://nsearchives.nseindia.com/corporate/RoyalEnfieldMotorcycleSalesDataforMarch2018_01042018184043_009.zip,"Eicher Motors Limited has informed the Exchange regarding 'Release of information to SIAM with respect to sales volume of the Company for the month of March, 2018.'.",,,Updates,-,01042018184000,-,-,False,,,102541429,Automobiles - 4 Wheelers,INE066A01013,Eicher Motors Limited,2018-04-01 18:40:00,EICHERMOT
31-Mar-2018 11:45:00,,https://nsearchives.nseindia.com/corporate/DisclosureUnderSEBILODRRegulationResignationOfDirector_31032018114557_785.zip,"Eicher Motors Limited has informed the Exchange regarding Resignation of Mr M J Subbaiah as Non- Executive Independent Director of the company w.e.f. March 31, 2018.",,,Resignation,-,31032018114500,-,-,False,,,102541001,Automobiles - 4 Wheelers,INE066A01013,Eicher Motors Limited,2018-03-31 11:45:00,EICHERMOT
28-Mar-2018 18:45:00,,https://nsearchives.nseindia.com/corporate/tradingwindowclosure_28032018184512_509.zip,"Eicher Motors Limited has informed the Exchange regarding the Trading Window closure pursuant to SEBI (Prohibition of Insider Trading) Regulations, 2015",,,Trading Window,-,28032018184500,-,-,False,,,102538924,Automobiles - 4 Wheelers,INE066A01013,Eicher Motors Limited,2018-03-28 18:45:00,EICHERMOT
21-Mar-2018 09:07:00,,https://nsearchives.nseindia.com/corporate/ScheduleofmeetingswithAnalystsandInvestors21March2018_21032018090707_161.zip,Eicher Motors Limited has informed the Exchange regarding Analysts/Institutional Investor Meet/Con. Call Updates,,,Analysts/Institutional Investor Meet/Con. Call Updates,-,21032018090700,-,-,False,,,102520391,Automobiles - 4 Wheelers,INE066A01013,Eicher Motors Limited,2018-03-21 09:07:00,EICHERMOT
19-Mar-2018 09:19:00,,https://nsearchives.nseindia.com/corporate/ScheduleofmeetingswithAnalystsandInvestors19March2018_19032018091932_642.zip,Eicher Motors Limited has informed the Exchange regarding Analysts/Institutional Investor Meet/Con. Call Updates,,,Analysts/Institutional Investor Meet/Con. Call Updates,-,19032018091900,-,-,False,,,102514718,Automobiles - 4 Wheelers,INE066A01013,Eicher Motors Limited,2018-03-19 09:19:00,EICHERMOT
12-Mar-2018 10:14:00,,https://nsearchives.nseindia.com/corporate/DisclosureUnderRegulation30_12032018101435_557.zip,"Eicher Motors Limited has informed the Exchange regarding a press release dated March 12, 2018, titled ""Disclosure under Regulation 30 of SEBI (LODR) Regulations, 2015"".",,,Press Release,-,12032018101400,-,-,False,,,102501902,Automobiles - 4 Wheelers,INE066A01013,Eicher Motors Limited,2018-03-12 10:14:00,EICHERMOT
02-Mar-2018 11:07:00,,https://nsearchives.nseindia.com/corporate/ScheduleofmeetingswithAnalystsandInvestors1March2018_02032018110728_008.zip,Eicher Motors Limited has informed the Exchange regarding Analysts/Institutional Investor Meet/Con. Call Updates,,,Analysts/Institutional Investor Meet/Con. Call Updates,-,02032018110700,-,-,False,,,102485443,Automobiles - 4 Wheelers,INE066A01013,Eicher Motors Limited,2018-03-02 11:07:00,EICHERMOT
01-Mar-2018 15:14:00,,https://nsearchives.nseindia.com/corporate/RoyalEnfieldMotorcycleSalesDataforFebruary2018_01032018151407_125.zip,"Eicher Motors Limited has informed the Exchange regarding 'Release of information to SIAM with respect to sales volume of the Company for  the month of February, 2018.'.",,,Updates,-,01032018151400,-,-,False,,,102484191,Automobiles - 4 Wheelers,INE066A01013,Eicher Motors Limited,2018-03-01 15:14:00,EICHERMOT
01-Mar-2018 14:01:00,,https://nsearchives.nseindia.com/corporate/VECVSalesDataFebruary2018_01032018140125_099.zip,Eicher Motors Limited has informed the Exchange regarding 'Release of information to SIAM with respect to sale volume of VE Commercial Vehicles Limited for the month of February 2018.'.,,,Updates,-,01032018140100,-,-,False,,,102484168,Automobiles - 4 Wheelers,INE066A01013,Eicher Motors Limited,2018-03-01 14:01:00,EICHERMOT
27-Feb-2018 14:08:00,,https://nsearchives.nseindia.com/corporate/ScheduleofmeetingswithAnalystsandInvestors27February2018_27022018140829_852.zip,Eicher Motors Limited has informed the Exchange regarding Analysts/Institutional Investor Meet/Con. Call Updates,,,Analysts/Institutional Investor Meet/Con. Call Updates,-,27022018140800,-,-,False,,,102477948,Automobiles - 4 Wheelers,INE066A01013,Eicher Motors Limited,2018-02-27 14:08:00,EICHERMOT
24-Feb-2018 14:58:00,,https://nsearchives.nseindia.com/corporate/ScheduleofmeetingwithAnalystandInvestor24February2018_24022018145808_484.zip,Eicher Motors Limited has informed the Exchange regarding Analysts/Institutional Investor Meet/Con. Call Updates,,,Analysts/Institutional Investor Meet/Con. Call Updates,-,24022018145800,-,-,False,,,102472248,Automobiles - 4 Wheelers,INE066A01013,Eicher Motors Limited,2018-02-24 14:58:00,EICHERMOT
22-Feb-2018 20:17:00,,https://nsearchives.nseindia.com/corporate/ScheduleofmeetingwithAnalystandInvestor22February2018_22022018201758_182.zip,Eicher Motors Limited has informed the Exchange regarding Analysts/Institutional Investor Meet/Con. Call Updates,,,Analysts/Institutional Investor Meet/Con. Call Updates,-,22022018201700,-,-,False,,,102467877,Automobiles - 4 Wheelers,INE066A01013,Eicher Motors Limited,2018-02-22 20:17:00,EICHERMOT
17-Feb-2018 16:59:00,,https://nsearchives.nseindia.com/corporate/ScheduleofmeetingwithAnalystandInvestor17February2018_17022018165926_324.zip,Eicher Motors Limited has informed the Exchange regarding Analysts/Institutional Investor Meet/Con. Call Updates,,,Analysts/Institutional Investor Meet/Con. Call Updates,-,17022018165900,-,-,False,,,102456782,Automobiles - 4 Wheelers,INE066A01013,Eicher Motors Limited,2018-02-17 16:59:00,EICHERMOT
15-Feb-2018 12:02:00,,https://nsearchives.nseindia.com/corporate/ScheduleofmeetingswithAnalystsandInvestors15February2018_15022018120208_062.zip,Eicher Motors Limited has informed the Exchange regarding Analysts/Institutional Investor Meet/Con. Call Updates,,,Analysts/Institutional Investor Meet/Con. Call Updates,-,15022018120200,-,-,False,,,102452525,Automobiles - 4 Wheelers,INE066A01013,Eicher Motors Limited,2018-02-15 12:02:00,EICHERMOT
07-Feb-2018 21:36:00,,https://nsearchives.nseindia.com/corporate/ScheduleofmeetingswithAnalystsandInvestors7February2018_07022018213613_597.zip,Eicher Motors Limited has informed the Exchange regarding Analysts/Institutional Investor Meet/Con. Call Updates,,,Analysts/Institutional Investor Meet/Con. Call Updates,-,07022018213600,-,-,False,,,102435588,Automobiles - 4 Wheelers,INE066A01013,Eicher Motors Limited,2018-02-07 21:36:00,EICHERMOT
07-Feb-2018 16:25:00,,https://nsearchives.nseindia.com/corporate/presentation_07022018162505_338.zip,Eicher Motors Limited has informed the Exchange regarding Investor Presentation,,,Investor Presentation,-,07022018162500,-,-,False,,,102434659,Automobiles - 4 Wheelers,INE066A01013,Eicher Motors Limited,2018-02-07 16:25:00,EICHERMOT
07-Feb-2018 15:10:00,,https://nsearchives.nseindia.com/corporate/EICHERMOT_07022018151048.zip,"Eicher Motors Limited has informed the Exchange regarding Outcome of Board Meeting held on February 07, 2018.",,,Outcome of Board Meeting,-,07022018151000,-,-,False,,,102434611,Automobiles - 4 Wheelers,INE066A01013,Eicher Motors Limited,2018-02-07 15:10:00,EICHERMOT
07-Feb-2018 14:57:00,,https://nsearchives.nseindia.com/corporate/ESOP_07022018145715_261.zip,Eicher Motors Limited has informed the Exchange regarding Grant of 2100  Options.,,,ESOP/ESOS/ESPS,-,07022018145700,-,-,False,,,102434602,Automobiles - 4 Wheelers,INE066A01013,Eicher Motors Limited,2018-02-07 14:57:00,EICHERMOT
07-Feb-2018 14:51:00,,https://nsearchives.nseindia.com/corporate/tradingwindow_07022018145145_255.zip,Eicher Motors Limited has informed the Exchange regarding 'opening of trading window'.,,,Updates,-,07022018145100,-,-,False,,,102434598,Automobiles - 4 Wheelers,INE066A01013,Eicher Motors Limited,2018-02-07 14:51:00,EICHERMOT
07-Feb-2018 14:48:00,,https://nsearchives.nseindia.com/corporate/Pressrelease_07022018144814_252.zip,"Eicher Motors Limited has informed the Exchange regarding a press release dated February 07, 2018, titled ""Press Release"".",,,Press Release,-,07022018144800,-,-,False,,,102434597,Automobiles - 4 Wheelers,INE066A01013,Eicher Motors Limited,2018-02-07 14:48:00,EICHERMOT
07-Feb-2018 14:44:10,,https://nsearchives.nseindia.com/corporate/outcome_07022018144410.zip,"Eicher Motors Limited has submitted to the Exchange, the financial results for the period ended December 31, 2017.",,,Financial Result Updates,-,07022018144410,-,-,False,,,117762,Automobiles - 4 Wheelers,INE066A01013,Eicher Motors Limited,2018-02-07 14:44:10,EICHERMOT
01-Feb-2018 14:13:00,,https://nsearchives.nseindia.com/corporate/RoyalEnfieldMotorcycleSalesDataforJanuary2018_01022018141346_467.zip,"Eicher Motors Limited has informed the Exchange regarding 'Release of information to SIAM with respect to sales volume of the Company for the month of January, 2018. '.",,,Updates,-,01022018141300,-,-,False,,,102420977,Automobiles - 4 Wheelers,INE066A01013,Eicher Motors Limited,2018-02-01 14:13:00,EICHERMOT
01-Feb-2018 12:35:00,,https://nsearchives.nseindia.com/corporate/VECVSalesDataJanuary2018_01022018123532_400.zip,Eicher Motors Limited has informed the Exchange regarding 'Release of information to SIAM with respect to sale volume of VE Commercial Vehicles Limited for the month of January 2018.'.,,,Updates,-,01022018123500,-,-,False,,,102420936,Automobiles - 4 Wheelers,INE066A01013,Eicher Motors Limited,2018-02-01 12:35:00,EICHERMOT
31-Jan-2018 16:56:00,,https://nsearchives.nseindia.com/corporate/InvestorCallNotice7February2018_31012018165616_043.zip,Eicher Motors Limited has informed the Exchange regarding Analysts/Institutional Investor Meet/Con. Call Updates,,,Analysts/Institutional Investor Meet/Con. Call Updates,-,31012018165600,-,-,False,,,102418460,Automobiles - 4 Wheelers,INE066A01013,Eicher Motors Limited,2018-01-31 16:56:00,EICHERMOT
25-Jan-2018 17:59:00,,https://nsearchives.nseindia.com/corporate/Regulation30intimation_25012018175917_949.zip,"Eicher Motors Limited has informed the Exchange regarding 'Regulation 30 of SEBI (LODR) Regulations, 2015Newspaper Advertisements'.",,,Updates,-,25012018175900,-,-,False,,,102408491,Automobiles - 4 Wheelers,INE066A01013,Eicher Motors Limited,2018-01-25 17:59:00,EICHERMOT
22-Jan-2018 19:59:00,,https://nsearchives.nseindia.com/corporate/Regulation31A_22012018195904_378.zip,"Eicher Motors Limited has informed the Exchange regarding 'Intimation under Regulation 31A of SEBI (LODR) Regulations, 2015'.",,,Updates,-,22012018195900,-,-,False,,,102398224,Automobiles - 4 Wheelers,INE066A01013,Eicher Motors Limited,2018-01-22 19:59:00,EICHERMOT
15-Jan-2018 13:43:00,,https://nsearchives.nseindia.com/corporate/ScheduleofmeetingswithAnalystsandInvestors15January2018_15012018134328_130.zip,Eicher Motors Limited has informed the Exchange regarding Analysts/Institutional Investor Meet/Con. Call Updates,,,Analysts/Institutional Investor Meet/Con. Call Updates,-,15012018134300,-,-,False,,,102381356,Automobiles - 4 Wheelers,INE066A01013,Eicher Motors Limited,2018-01-15 13:43:00,EICHERMOT
10-Jan-2018 16:07:00,,https://nsearchives.nseindia.com/corporate/ScheduleofmeetingswithAnalystsandInvestors10January2018_10012018160751_173.zip,Eicher Motors Limited has informed the Exchange regarding Analysts/Institutional Investor Meet/Con. Call Updates,,,Analysts/Institutional Investor Meet/Con. Call Updates,-,10012018160700,-,-,False,,,102372682,Automobiles - 4 Wheelers,INE066A01013,Eicher Motors Limited,2018-01-10 16:07:00,EICHERMOT
06-Jan-2018 11:52:00,,https://nsearchives.nseindia.com/corporate/ScheduleofmeetingswithAnalystsandInvestors5January2018_06012018115251_317.zip,Eicher Motors Limited has informed the Exchange regarding Analysts/Institutional Investor Meet/Con. Call Updates,,,Analysts/Institutional Investor Meet/Con. Call Updates,-,06012018115200,-,-,False,,,102363910,Automobiles - 4 Wheelers,INE066A01013,Eicher Motors Limited,2018-01-06 11:52:00,EICHERMOT
04-Jan-2018 19:06:00,,https://nsearchives.nseindia.com/corporate/Letter_04012018190643_531.zip,"Eicher Motors Limited has informed the Exchange regarding 'Disqualification of Director under Section 164(2) of the Companies Act, 2013'.",,,Updates,-,04012018190600,-,-,False,,,102360975,Automobiles - 4 Wheelers,INE066A01013,Eicher Motors Limited,2018-01-04 19:06:00,EICHERMOT
02-Jan-2018 13:16:00,,https://nsearchives.nseindia.com/corporate/VECVSalesDataDecember2017_02012018131618_375.zip,Eicher Motors Limited has informed the Exchange regarding 'Release of information to SIAM with respect to sale volume of VE Commercial Vehicles Limited for the month of December 2017.'.,,,Updates,-,02012018131600,-,-,False,,,102355860,Automobiles - 4 Wheelers,INE066A01013,Eicher Motors Limited,2018-01-02 13:16:00,EICHERMOT
01-Jan-2018 17:45:00,,https://nsearchives.nseindia.com/corporate/RoyalEnfieldMotorcycleSalesDataforDecember2017_01012018174552_272.zip,"Eicher Motors Limited has informed the Exchange regarding 'Release of information to SIAM with respect to sales volume of the Company for the month of December, 2017.'.",,,Updates,-,01012018174500,-,-,False,,,102353455,Automobiles - 4 Wheelers,INE066A01013,Eicher Motors Limited,2018-01-01 17:45:00,EICHERMOT
29-Dec-2017 17:30:00,,https://nsearchives.nseindia.com/corporate/windoclosure291217_29122017173033_158.zip,"Eicher Motors Limited has informed the Exchange regarding the Trading Window closure pursuant to SEBI (Prohibition of Insider Trading) Regulations, 2015",,,Trading Window,-,29122017173000,-,-,False,,,102350237,Automobiles - 4 Wheelers,INE066A01013,Eicher Motors Limited,2017-12-29 17:30:00,EICHERMOT
26-Dec-2017 14:24:00,,https://nsearchives.nseindia.com/corporate/ScheduleofmeetingswithAnalystsandInvestors26December2017_26122017142441_468.zip,Eicher Motors Limited has informed the Exchange regarding Analysts/Institutional Investor Meet/Con. Call Updates,,,Analysts/Institutional Investor Meet/Con. Call Updates,-,26122017142400,-,-,False,,,102340683,Automobiles - 4 Wheelers,INE066A01013,Eicher Motors Limited,2017-12-26 14:24:00,EICHERMOT
19-Dec-2017 12:31:00,,https://nsearchives.nseindia.com/corporate/Scheduleofmeetingswithanalystsandinstitutionalinvestors_19122017123102_372.zip,Eicher Motors Limited has informed the Exchange regarding Analysts/Institutional Investor Meet/Con. Call Updates,,,Analysts/Institutional Investor Meet/Con. Call Updates,-,19122017123100,-,-,False,,,102328227,Automobiles - 4 Wheelers,INE066A01013,Eicher Motors Limited,2017-12-19 12:31:00,EICHERMOT
07-Dec-2017 13:08:00,,https://nsearchives.nseindia.com/corporate/ApplicationforReclassification_07122017130845_403.zip,"Eicher Motors Limited has informed the Exchange regarding 'Application received from Mr. Arjun Joshi, Ms. Shonar Joshi and Ms. Nihar Joshi, members of ""Promoter & Promoter Group"" for reclassification as ""Public"" category shareholders'.",,,Updates,-,07122017130800,-,-,False,,,102303808,Automobiles - 4 Wheelers,INE066A01013,Eicher Motors Limited,2017-12-07 13:08:00,EICHERMOT
04-Dec-2017 18:04:00,,https://nsearchives.nseindia.com/corporate/ScheduleofmeetingswithAnalystsandInvestors4December2017_04122017180443_160.zip,Eicher Motors Limited has informed the Exchange regarding Analysts/Institutional Investor Meet/Con. Call Updates,,,Analysts/Institutional Investor Meet/Con. Call Updates,-,04122017180400,-,-,False,,,102294174,Automobiles - 4 Wheelers,INE066A01013,Eicher Motors Limited,2017-12-04 18:04:00,EICHERMOT
01-Dec-2017 13:50:00,,https://nsearchives.nseindia.com/corporate/RoyalEnfieldMotorcycleSalesDataforNovember2017_01122017135053_475.zip,"Eicher Motors Limited has informed the Exchange regarding 'Release of information to SIAM with respect to sales volume of the Company for the month of November, 2017.'.",,,Updates,-,01122017135000,-,-,False,,,102291646,Automobiles - 4 Wheelers,INE066A01013,Eicher Motors Limited,2017-12-01 13:50:00,EICHERMOT
01-Dec-2017 11:40:00,,https://nsearchives.nseindia.com/corporate/VECVSalesDataNovember2017_01122017114019_403.zip,Eicher Motors Limited has informed the Exchange regarding 'Release of information to SIAM with respect to sale volume of VE Commercial Vehicles Limited for the month of November 2017.'.,,,Updates,-,01122017114000,-,-,False,,,102291367,Automobiles - 4 Wheelers,INE066A01013,Eicher Motors Limited,2017-12-01 11:40:00,EICHERMOT
27-Nov-2017 13:48:00,,https://nsearchives.nseindia.com/corporate/ScheduleofmeetingwithAnalystsandInvestor27November2017_27112017134841_104.zip,Eicher Motors Limited has informed the Exchange regarding Analysts/Institutional Investor Meet/Con. Call Updates,,,Analysts/Institutional Investor Meet/Con. Call Updates,-,27112017134800,-,-,False,,,102280283,Automobiles - 4 Wheelers,INE066A01013,Eicher Motors Limited,2017-11-27 13:48:00,EICHERMOT
27-Nov-2017 09:22:00,,https://nsearchives.nseindia.com/corporate/ScheduleofmeetingwithAnalystsandInvestor27November2017_27112017092244_020.zip,Eicher Motors Limited has informed the Exchange regarding Analysts/Institutional Investor Meet/Con. Call Updates,,,Analysts/Institutional Investor Meet/Con. Call Updates,-,27112017092200,-,-,False,,,102278110,Automobiles - 4 Wheelers,INE066A01013,Eicher Motors Limited,2017-11-27 09:22:00,EICHERMOT
24-Nov-2017 14:56:00,,https://nsearchives.nseindia.com/corporate/ScheduleofmeetingwithAnalystsandInvestors24November2017_24112017145645_764.zip,Eicher Motors Limited has informed the Exchange regarding Analysts/Institutional Investor Meet/Con. Call Updates,,,Analysts/Institutional Investor Meet/Con. Call Updates,-,24112017145600,-,-,False,,,102276816,Automobiles - 4 Wheelers,INE066A01013,Eicher Motors Limited,2017-11-24 14:56:00,EICHERMOT
21-Nov-2017 10:22:00,,https://nsearchives.nseindia.com/corporate/ScheduleofmeetingwithAnalystsandInvestors21November2017_21112017102216_888.zip,Eicher Motors Limited has informed the Exchange regarding Analysts/Institutional Investor Meet/Con. Call Updates,,,Analysts/Institutional Investor Meet/Con. Call Updates,-,21112017102200,-,-,False,,,102267872,Automobiles - 4 Wheelers,INE066A01013,Eicher Motors Limited,2017-11-21 10:22:00,EICHERMOT
19-Nov-2017 15:57:00,,https://nsearchives.nseindia.com/corporate/ScheduleofmeetingwithAnalystsandInvestors19November2017_19112017155701_458.zip,Eicher Motors Limited has informed the Exchange regarding Analysts/Institutional Investor Meet/Con. Call Updates,,,Analysts/Institutional Investor Meet/Con. Call Updates,-,19112017155700,-,-,False,,,102262435,Automobiles - 4 Wheelers,INE066A01013,Eicher Motors Limited,2017-11-19 15:57:00,EICHERMOT
15-Nov-2017 11:27:00,,https://nsearchives.nseindia.com/corporate/ScheduleofmeetingswithAnalystsandInvestors15November2017_15112017112753_319.zip,Eicher Motors Limited has informed the Exchange regarding Analysts/Institutional Investor Meet/Con. Call Updates,,,Analysts/Institutional Investor Meet/Con. Call Updates,-,15112017112700,-,-,False,,,102253928,Automobiles - 4 Wheelers,INE066A01013,Eicher Motors Limited,2017-11-15 11:27:00,EICHERMOT
14-Nov-2017 13:56:00,,https://nsearchives.nseindia.com/corporate/Tradingwindow_14112017135648_646.zip,Eicher Motors Limited has informed the Exchange regarding 'Intimation of Opening of Trading Window'.,,,Updates,-,14112017135600,-,-,False,,,102250499,Automobiles - 4 Wheelers,INE066A01013,Eicher Motors Limited,2017-11-14 13:56:00,EICHERMOT
14-Nov-2017 13:50:00,,https://nsearchives.nseindia.com/corporate/ESOP_14112017135032_642.zip,Eicher Motors Limited has informed the Exchange regarding Grant of 1500  Options.,,,ESOP/ESOS/ESPS,-,14112017135000,-,-,False,,,102250497,Automobiles - 4 Wheelers,INE066A01013,Eicher Motors Limited,2017-11-14 13:50:00,EICHERMOT
14-Nov-2017 13:38:00,,https://nsearchives.nseindia.com/corporate/Pressrelease_14112017133856_637.zip,"Eicher Motors Limited has informed the Exchange regarding a press release dated November 14, 2017, titled ""Please find attached a copy of press release being issued today"".",,,Press Release,-,14112017133800,-,-,False,,,102250492,Automobiles - 4 Wheelers,INE066A01013,Eicher Motors Limited,2017-11-14 13:38:00,EICHERMOT
14-Nov-2017 13:37:50,,https://nsearchives.nseindia.com/corporate/EICHERMOT_14112017133750.zip,"Eicher Motors Limited has submitted to the Exchange, the financial results for the period ended September 30, 2017.",,,Financial Result Updates,-,14112017133750,-,-,False,,,116325,Automobiles - 4 Wheelers,INE066A01013,Eicher Motors Limited,2017-11-14 13:37:50,EICHERMOT
14-Nov-2017 13:36:00,,https://nsearchives.nseindia.com/corporate/Results_14112017133656_635.zip,"Eicher Motors Limited has informed the Exchange regarding Outcome of Board Meeting held on November 14, 2017.",,,Outcome of Board Meeting,-,14112017133600,-,-,False,,,102250486,Automobiles - 4 Wheelers,INE066A01013,Eicher Motors Limited,2017-11-14 13:36:00,EICHERMOT
07-Nov-2017 20:18:00,,https://nsearchives.nseindia.com/corporate/PressRelease_07112017201823_574.zip,"Eicher Motors Limited has informed the Exchange regarding a press release dated November 07, 2017, titled ""Please find attached a copy of Press Release being issued by the Company today"".",,,Press Release,-,07112017201800,-,-,False,,,102232525,Automobiles - 4 Wheelers,INE066A01013,Eicher Motors Limited,2017-11-07 20:18:00,EICHERMOT
06-Nov-2017 17:50:00,,https://nsearchives.nseindia.com/corporate/ScheduleofmeetingwithAnalysistsandInvestor6November2017_06112017175005_424.zip,Eicher Motors Limited has informed the Exchange regarding Analysts/Institutional Investor Meet/Con. Call Updates,,,Analysts/Institutional Investor Meet/Con. Call Updates,-,06112017175000,-,-,False,,,102228835,Automobiles - 4 Wheelers,INE066A01013,Eicher Motors Limited,2017-11-06 17:50:00,EICHERMOT
03-Nov-2017 16:27:00,,https://nsearchives.nseindia.com/corporate/InvesterCallNotice14November2017_03112017162708_454.zip,Eicher Motors Limited has informed the Exchange regarding Analysts/Institutional Investor Meet/Con. Call Updates,,,Analysts/Institutional Investor Meet/Con. Call Updates,-,03112017162700,-,-,False,,,102224688,Automobiles - 4 Wheelers,INE066A01013,Eicher Motors Limited,2017-11-03 16:27:00,EICHERMOT
01-Nov-2017 13:20:00,,https://nsearchives.nseindia.com/corporate/VECVSalesDataOctober2017_01112017132049_115.zip,Eicher Motors Limited has informed the Exchange regarding 'Release of information to SIAM with respect to sale volume of VE Commercial Vehicles Limited for the month of October 2017.'.,,,Updates,-,01112017132000,-,-,False,,,102218910,Automobiles - 4 Wheelers,INE066A01013,Eicher Motors Limited,2017-11-01 13:20:00,EICHERMOT
01-Nov-2017 13:14:00,,https://nsearchives.nseindia.com/corporate/ClarificationRegardingSalesVolumesForTheMonthOfOctober2017_01112017131427_109.zip,"Eicher Motors Limited has informed the Exchange regarding 'Clarification regarding sales volume of the Company for the month of October, 2017.'.",,,Updates,-,01112017131400,-,-,False,,,102218905,Automobiles - 4 Wheelers,INE066A01013,Eicher Motors Limited,2017-11-01 13:14:00,EICHERMOT
01-Nov-2017 11:19:00,,https://nsearchives.nseindia.com/corporate/RoyalEnfieldMotorcycleSalesDataforOctober2017_01112017111942_015.zip,"Eicher Motors Limited has informed the Exchange regarding 'Release of information to SIAM with respective to sales volume of the Company for the month of October, 2017.'.",,,Updates,-,01112017111900,-,-,False,,,102218155,Automobiles - 4 Wheelers,INE066A01013,Eicher Motors Limited,2017-11-01 11:19:00,EICHERMOT
28-Oct-2017 17:21:00,,https://nsearchives.nseindia.com/corporate/newspaper_28102017172149_922.zip,"Eicher Motors Limited has informed the Exchange regarding 'Newspaper advertisement in connection with transfer of shares of the Company on which dividend has not been paid or claimed for last seven consecutive years or more to the Investor Education and Protection Fund pursuant to the provisions of Section 124(6) of the Companies Act, 2013 ( the Act ) read with Investor Education and Protection Fund Authority (Accounting, Audit, Transfer and Refund) Rules, 2016, as amended.'.",,,Updates,-,28102017172100,-,-,False,,,102209954,Automobiles - 4 Wheelers,INE066A01013,Eicher Motors Limited,2017-10-28 17:21:00,EICHERMOT
24-Oct-2017 17:35:00,,https://nsearchives.nseindia.com/corporate/ScheduleofmeetingwithAnalysistsandInvestor24October2017Revised_24102017173549_253.zip,Eicher Motors Limited has informed the Exchange regarding Analysts/Institutional Investor Meet/Con. Call Updates,,,Analysts/Institutional Investor Meet/Con. Call Updates,-,24102017173500,-,-,False,,,102198991,Automobiles - 4 Wheelers,INE066A01013,Eicher Motors Limited,2017-10-24 17:35:00,EICHERMOT
24-Oct-2017 16:54:00,,https://nsearchives.nseindia.com/corporate/ScheduleofmeetingwithAnalysistsandInvestor24October2017_24102017165458_224.zip,Eicher Motors Limited has informed the Exchange regarding Analysts/Institutional Investor Meet/Con. Call Updates,,,Analysts/Institutional Investor Meet/Con. Call Updates,-,24102017165400,-,-,False,,,102198971,Automobiles - 4 Wheelers,INE066A01013,Eicher Motors Limited,2017-10-24 16:54:00,EICHERMOT
12-Oct-2017 13:21:00,,https://nsearchives.nseindia.com/corporate/DisqualificationofDirector_12102017132120_092.zip,"Eicher Motors Limited has informed the Exchange regarding 'Disqualification of Director under section 164(2) of the Companies Act, 2013.'.",,,Updates,-,12102017132100,-,-,False,,,102177546,Automobiles - 4 Wheelers,INE066A01013,Eicher Motors Limited,2017-10-12 13:21:00,EICHERMOT
03-Oct-2017 17:57:00,,https://nsearchives.nseindia.com/corporate/ScheduleofmeetingswithAnalysistsandInvestors3October2017_03102017175730_980.zip,Eicher Motors Limited has informed the Exchange regarding Analysts/Institutional Investor Meet/Con. Call Updates,,,Analysts/Institutional Investor Meet/Con. Call Updates,-,03102017175700,-,-,False,,,102153502,Automobiles - 4 Wheelers,INE066A01013,Eicher Motors Limited,2017-10-03 17:57:00,EICHERMOT
02-Oct-2017 13:57:00,,https://nsearchives.nseindia.com/corporate/VECVSalesDataSeptember2017_02102017135744_560.zip,Eicher Motors Limited has informed the Exchange regarding 'Release of information to SIAM with respect to sale volume of VE Commercial Vehicles Limited for the month of September 2017.'.,,,Updates,-,02102017135700,-,-,False,,,102151791,Automobiles - 4 Wheelers,INE066A01013,Eicher Motors Limited,2017-10-02 13:57:00,EICHERMOT
01-Oct-2017 12:22:00,,https://nsearchives.nseindia.com/corporate/RoyalEnfieldMotorcycleSalesDataforSeptember2017_01102017122257_516.zip,"Eicher Motors Limited has informed the Exchange regarding 'Release of information to SIAM with respect to sales volume of the Company for the month of September, 2017.'.",,,Updates,-,01102017122200,-,-,False,,,102151722,Automobiles - 4 Wheelers,INE066A01013,Eicher Motors Limited,2017-10-01 12:22:00,EICHERMOT
28-Sep-2017 15:39:00,,https://nsearchives.nseindia.com/corporate/Intimationofclosureoftradingwindow_28092017153901_278.zip,"Eicher Motors Limited has informed the Exchange regarding the Trading Window closure pursuant to SEBI (Prohibition of Insider Trading) Regulations, 2015",,,Trading Window,-,28092017153900,-,-,False,,,102146197,Automobiles - 4 Wheelers,INE066A01013,Eicher Motors Limited,2017-09-28 15:39:00,EICHERMOT
27-Sep-2017 14:14:00,,https://nsearchives.nseindia.com/corporate/ScheduleofmeetingswithAnalysistsandInvestors28thSeptember2017_27092017141408_266.zip,Eicher Motors Limited has informed the Exchange regarding Analysts/Institutional Investor Meet/Con. Call Updates,,,Analysts/Institutional Investor Meet/Con. Call Updates,-,27092017141400,-,-,False,,,102142975,Automobiles - 4 Wheelers,INE066A01013,Eicher Motors Limited,2017-09-27 14:14:00,EICHERMOT
20-Sep-2017 18:01:00,,https://nsearchives.nseindia.com/corporate/ScheduleofmeetingswithAnalysistsandInvestors20thSeptember2017_20092017180138_266.zip,Eicher Motors Limited has informed the Exchange regarding Analysts/Institutional Investor Meet/Con. Call Updates,,,Analysts/Institutional Investor Meet/Con. Call Updates,-,20092017180100,-,-,False,,,102124593,Automobiles - 4 Wheelers,INE066A01013,Eicher Motors Limited,2017-09-20 18:01:00,EICHERMOT
18-Sep-2017 14:45:00,,https://nsearchives.nseindia.com/corporate/ScheduleofmeetingswithAnalysistsandInvestors18thSeptember2017_18092017144539_018.zip,Eicher Motors Limited has informed the Exchange regarding Analysts/Institutional Investor Meet/Con. Call Updates,,,Analysts/Institutional Investor Meet/Con. Call Updates,-,18092017144500,-,-,False,,,102117364,Automobiles - 4 Wheelers,INE066A01013,Eicher Motors Limited,2017-09-18 14:45:00,EICHERMOT
14-Sep-2017 11:12:00,,https://nsearchives.nseindia.com/corporate/ScheduleofmeetingswithAnalysistsandInvestors14thSeptember2017_14092017111211_848.zip,Eicher Motors Limited has informed the Exchange regarding Analysts/Institutional Investor Meet/Con. Call Updates,,,Analysts/Institutional Investor Meet/Con. Call Updates,-,14092017111200,-,-,False,,,102109660,Automobiles - 4 Wheelers,INE066A01013,Eicher Motors Limited,2017-09-14 11:12:00,EICHERMOT
04-Sep-2017 11:31:00,,https://nsearchives.nseindia.com/corporate/ScheduleofmeetingswithAnalysistsandInvestors4thSeptember2017_04092017113131_232.zip,Eicher Motors Limited has informed the Exchange regarding Analysts/Institutional Investor Meet/Con. Call Updates,,,Analysts/Institutional Investor Meet/Con. Call Updates,-,04092017113100,-,-,False,,,102079249,Automobiles - 4 Wheelers,INE066A01013,Eicher Motors Limited,2017-09-04 11:31:00,EICHERMOT
01-Sep-2017 15:15:00,,https://nsearchives.nseindia.com/corporate/VECVSalesDataAugust2017_01092017151517_127.zip,Eicher Motors Limited has informed the Exchange regarding 'Release of information to SIAM with respect to sale volume of VE Commercial Vehicles Limited for the month of August 2017.'.,,,Updates,-,01092017151500,-,-,False,,,102075618,Automobiles - 4 Wheelers,INE066A01013,Eicher Motors Limited,2017-09-01 15:15:00,EICHERMOT
01-Sep-2017 11:41:00,,https://nsearchives.nseindia.com/corporate/RoyalEnfieldMotorcycleSalesDataforAugust2017_01092017114146_048.zip,"Eicher Motors Limited has informed the Exchange regarding 'Release of information to SIAM with respect to sales volume of the Company  for the month of August, 2017.'.",,,Updates,-,01092017114100,-,-,False,,,102075188,Automobiles - 4 Wheelers,INE066A01013,Eicher Motors Limited,2017-09-01 11:41:00,EICHERMOT
31-Aug-2017 14:37:00,,https://nsearchives.nseindia.com/corporate/ScheduleofmeetingwithAnalysistsandInvestors31August2017_31082017143700_477.zip,Eicher Motors Limited has informed the Exchange regarding Analysts/Institutional Investor Meet/Con. Call Updates,,,Analysts/Institutional Investor Meet/Con. Call Updates,-,31082017143700,-,-,False,,,102071662,Automobiles - 4 Wheelers,INE066A01013,Eicher Motors Limited,2017-08-31 14:37:00,EICHERMOT
28-Aug-2017 16:28:00,,https://nsearchives.nseindia.com/corporate/ScheduleofmeetingswithAnalysistsandInvestors28August2017_28082017162842.zip,Eicher Motors Limited has informed the Exchange regarding Analysts/Institutional Investor Meet/Con. Call Updates,,,Analysts/Institutional Investor Meet/Con. Call Updates,-,28082017162800,-,-,False,,,102061202,Automobiles - 4 Wheelers,INE066A01013,Eicher Motors Limited,2017-08-28 16:28:00,EICHERMOT
26-Aug-2017 17:29:00,,https://nsearchives.nseindia.com/corporate/PressRelease_26082017172924_371.zip,"Eicher Motors Limited has informed the Exchange regarding a press release dated August 26, 2017, titled ""Disclosure under Regulation 30 of SEBI (LODR) Regulations, 2015.Pursuant to Regulation 30 of SEBI (LODR) Regulations, 2015, please find attached copy of pressrelease being issued today."".",,,Press Release,-,26082017172900,-,-,False,,,102059513,Automobiles - 4 Wheelers,INE066A01013,Eicher Motors Limited,2017-08-26 17:29:00,EICHERMOT
23-Aug-2017 09:26:00,,https://nsearchives.nseindia.com/corporate/ScheduleofmeetingswithAnalysistsandInvestors23August2017_23082017092653_825.zip,Eicher Motors Limited has informed the Exchange regarding Analysts/Institutional Investor Meet/Con. Call Updates,,,Analysts/Institutional Investor Meet/Con. Call Updates,-,23082017092600,-,-,False,,,102051635,Automobiles - 4 Wheelers,INE066A01013,Eicher Motors Limited,2017-08-23 09:26:00,EICHERMOT
21-Aug-2017 12:04:00,,https://nsearchives.nseindia.com/corporate/ScheduleofmeetingswithAnalysistsandInvestors21August2017_21082017120446_411.zip,Eicher Motors Limited has informed the Exchange regarding Analysts/Institutional Investor Meet/Con. Call Updates,,,Analysts/Institutional Investor Meet/Con. Call Updates,-,21082017120400,-,-,False,,,102046185,Automobiles - 4 Wheelers,INE066A01013,Eicher Motors Limited,2017-08-21 12:04:00,EICHERMOT
15-Aug-2017 16:21:00,,https://nsearchives.nseindia.com/corporate/Scheduleofmeetingswithanalystsandinstitutionalinvestors_15082017162159_408.zip,Eicher Motors Limited has informed the Exchange regarding Analysts/Institutional Investor Meet/Con. Call Updates,,,Analysts/Institutional Investor Meet/Con. Call Updates,-,15082017162100,-,-,False,,,102034247,Automobiles - 4 Wheelers,INE066A01013,Eicher Motors Limited,2017-08-15 16:21:00,EICHERMOT
09-Aug-2017 20:02:00,,https://nsearchives.nseindia.com/corporate/PressRelease_09082017200207_614.zip,"Eicher Motors Limited has informed the Exchange regarding a press release dated August 09, 2017, titled ""Disclosure under Regulation 30 of SEBI (LODR) Regulations, 2015 "".",,,Press Release,-,09082017200200,-,-,False,,,102020699,Automobiles - 4 Wheelers,INE066A01013,Eicher Motors Limited,2017-08-09 20:02:00,EICHERMOT
09-Aug-2017 17:56:00,,https://nsearchives.nseindia.com/corporate/TradingWindowOpening_09082017175602_489.zip,Eicher Motors Limited has informed the Exchange regarding Intimation of opening of Trading Window of the Company,,,Trading Window,-,09082017175600,-,-,False,,,102020577,Automobiles - 4 Wheelers,INE066A01013,Eicher Motors Limited,2017-08-09 17:56:00,EICHERMOT
09-Aug-2017 17:56:00,,https://nsearchives.nseindia.com/corporate/ESOPGrantofoptions_09082017175602_024.zip,Eicher Motors Limited has informed the Exchange regarding Grant of 1350  Options.,,,ESOP/ESOS/ESPS,-,09082017175600,-,-,False,,,102020587,Automobiles - 4 Wheelers,INE066A01013,Eicher Motors Limited,2017-08-09 17:56:00,EICHERMOT
09-Aug-2017 17:40:23,,https://nsearchives.nseindia.com/corporate/EICHERMOT_09082017174023.zip,"Eicher Motors Limited has submitted to the Exchange, the financial results for the period ended June 30, 2017.",,,Financial Result Updates,-,09082017174023,-,-,False,,,114292,Automobiles - 4 Wheelers,INE066A01013,Eicher Motors Limited,2017-08-09 17:40:23,EICHERMOT
09-Aug-2017 17:28:00,,https://nsearchives.nseindia.com/corporate/OutcomeoftheBoardMeeting_09082017172830_442.zip,"Eicher Motors Limited has informed the Exchange regarding Outcome of Board Meeting held on August 09, 2017.",,,Outcome of Board Meeting,-,09082017172800,-,-,False,,,102020554,Automobiles - 4 Wheelers,INE066A01013,Eicher Motors Limited,2017-08-09 17:28:00,EICHERMOT
09-Aug-2017 15:09:00,,https://nsearchives.nseindia.com/corporate/35thAGMresults_09082017150953_261.zip,"Eicher Motors Limited has submitted the Exchange a copy Srutinizers report of  Annual General Meeting held on August 08, 2017. Further, the company has informed the Exchange regarding voting results.",,,Shareholders meeting,-,09082017150900,-,-,False,,,102020409,Automobiles - 4 Wheelers,INE066A01013,Eicher Motors Limited,2017-08-09 15:09:00,EICHERMOT
09-Aug-2017 11:32:00,,https://nsearchives.nseindia.com/corporate/AGMPROCEEDINGS_09082017113232_097.zip,"Eicher Motors Limited has informed the Exchange regarding Proceedings of Annual General Meeting held on August 08, 2017",,,Shareholders meeting,-,09082017113200,-,-,False,,,102020288,Automobiles - 4 Wheelers,INE066A01013,Eicher Motors Limited,2017-08-09 11:32:00,EICHERMOT
04-Aug-2017 14:59:00,,https://nsearchives.nseindia.com/corporate/Regulation30and46ofSEBILODRRegulations2015_04082017145951_281.zip,Eicher Motors Limited has informed the Exchange regarding Analysts/Institutional Investor Meet/Con. Call Updates,,,Analysts/Institutional Investor Meet/Con. Call Updates,-,04082017145900,-,-,False,,,102008560,Automobiles - 4 Wheelers,INE066A01013,Eicher Motors Limited,2017-08-04 14:59:00,EICHERMOT
03-Aug-2017 18:30:00,,https://nsearchives.nseindia.com/corporate/Regulation30and46ofSEBILODRRegulations2015_03082017183005_596.zip,Eicher Motors Limited has informed the Exchange regarding Analysts/Institutional Investor Meet/Con. Call Updates,,,Analysts/Institutional Investor Meet/Con. Call Updates,-,03082017183000,-,-,False,,,102004797,Automobiles - 4 Wheelers,INE066A01013,Eicher Motors Limited,2017-08-03 18:30:00,EICHERMOT
01-Aug-2017 16:37:00,,https://nsearchives.nseindia.com/corporate/VECVsalesDataJuly2017_01082017163737_261.zip,Eicher Motors Limited has informed the Exchange regarding Release of information to SIAM with respect to sale volume of VE Commercial Vehicles Limited for the month of July 2017.,,,Updates,-,01082017163700,-,-,False,,,101997676,Automobiles - 4 Wheelers,INE066A01013,Eicher Motors Limited,2017-08-01 16:37:00,EICHERMOT
01-Aug-2017 12:08:00,,https://nsearchives.nseindia.com/corporate/RoyalEnfieldMotorcycleSalesDataforJuly2017_01082017120810_940.zip,"Eicher Motors Limited has informed the Exchange regarding Release of information to SIAM with respect to sales volume of the Company for the month of July, 2017.",,,Updates,-,01082017120800,-,-,False,,,101997173,Automobiles - 4 Wheelers,INE066A01013,Eicher Motors Limited,2017-08-01 12:08:00,EICHERMOT
14-Jul-2017 17:31:00,,https://nsearchives.nseindia.com/corporate/AGMNotice_14072017173154_264.zip,"Eicher Motors Limited has informed the Exchange regarding Notice of Annual General Meeting to be held on August 08, 2017",,,Shareholders meeting,-,14072017173100,-,-,False,,,101951000,Automobiles - 4 Wheelers,INE066A01013,Eicher Motors Limited,2017-07-14 17:31:00,EICHERMOT
03-Jul-2017 08:13:00,,https://nsearchives.nseindia.com/corporate/RoyalEnfieldMotorcycleSalesDataforJune2017_03072017081342_102.zip,"Eicher Motors Limited has informed the Exchange regarding Release of information to SIAM with respect to sales volume of the Company for the Month of June, 2017.",,,Updates,-,03072017081300,-,-,False,,,101913715,Automobiles - 4 Wheelers,INE066A01013,Eicher Motors Limited,2017-07-03 08:13:00,EICHERMOT
03-Jul-2017 08:00:00,,https://nsearchives.nseindia.com/corporate/VECVSalesDataJune2017_03072017080039_069.zip,Eicher Motors Limited has informed the Exchange regarding Release of information to SIAM with respect to sale volume of VE Commercial Vehicles Limited for the month of June 2017.,,,Updates,-,03072017080000,-,-,False,,,101913751,Automobiles - 4 Wheelers,INE066A01013,Eicher Motors Limited,2017-07-03 08:00:00,EICHERMOT
30-Jun-2017 17:22:00,,https://nsearchives.nseindia.com/corporate/Windowclosure30062017_30062017172259_787.zip,"Eicher Motors Limited has informed the Exchange regarding the Trading Window closure pursuant to SEBI (Prohibition of Insider Trading) Regulations, 2015",,,Trading Window,-,30062017172200,-,-,False,,,101912365,Automobiles - 4 Wheelers,INE066A01013,Eicher Motors Limited,2017-06-30 17:22:00,EICHERMOT
29-Jun-2017 11:13:00,,https://nsearchives.nseindia.com/corporate/ScheduleofmeetingswithAnalysistsandInvestors29June2017_29062017111329_069.zip,Eicher Motors Limited has informed the Exchange regarding Analysts/Institutional Investor Meet/Con. Call Updates,,,Analysts/Institutional Investor Meet/Con. Call Updates,-,29062017111300,-,-,False,,,101908242,Automobiles - 4 Wheelers,INE066A01013,Eicher Motors Limited,2017-06-29 11:13:00,EICHERMOT
27-Jun-2017 11:08:00,,https://nsearchives.nseindia.com/corporate/ScheduleofmeetingswithAnalysistsandInvestors27June2017_27062017110831_942.zip,Eicher Motors Limited has informed the Exchange regarding Analysts/Institutional Investor Meet/Con. Call Updates,,,Analysts/Institutional Investor Meet/Con. Call Updates,-,27062017110800,-,-,False,,,101899663,Automobiles - 4 Wheelers,INE066A01013,Eicher Motors Limited,2017-06-27 11:08:00,EICHERMOT
16-Jun-2017 17:57:00,,https://nsearchives.nseindia.com/corporate/ResignationofMrPriyaBratNonExecutiveIndependentDirector_16062017175754_666.zip,"Eicher Motors Limited has informed the Exchange regarding Cessation of Mr Priya Brat as Non- Executive Independent Director of the company w.e.f. Jun 16, 2017.",,,Cessation,-,16062017175700,-,-,False,,,101876895,Automobiles - 4 Wheelers,INE066A01013,Eicher Motors Limited,2017-06-16 17:57:00,EICHERMOT
09-Jun-2017 18:13:00,,https://nsearchives.nseindia.com/corporate/ScheduleofmeetingswithAnalysistsandInvestors9June2017_09062017181312_256.zip,Eicher Motors Limited has informed the Exchange regarding Analysts/Institutional Investor Meet/Con. Call Updates,,,Analysts/Institutional Investor Meet/Con. Call Updates,-,09062017181300,-,-,False,,,101857050,Automobiles - 4 Wheelers,INE066A01013,Eicher Motors Limited,2017-06-09 18:13:00,EICHERMOT
01-Jun-2017 14:29:00,,https://nsearchives.nseindia.com/corporate/VECVSalesDataMay2017_01062017142907_598.zip,Eicher Motors Limited has informed the Exchange regarding Release of information to SIAM with respect to sale volume of VE Commercial Vehicles Limited for the month of May 2017.,,,Updates,-,01062017142900,-,-,False,,,101832687,Automobiles - 4 Wheelers,INE066A01013,Eicher Motors Limited,2017-06-01 14:29:00,EICHERMOT
01-Jun-2017 12:42:00,,https://nsearchives.nseindia.com/corporate/Motorcycle_Sale_Data_May_2017_01062017124256_539.zip,Eicher Motors Limited has informed the Exchange regarding Revised Motorcycle sale data for the Month of May 2017,,,Updates,-,01062017124200,-,-,False,,,101832648,Automobiles - 4 Wheelers,INE066A01013,Eicher Motors Limited,2017-06-01 12:42:00,EICHERMOT
01-Jun-2017 10:15:00,,https://nsearchives.nseindia.com/corporate/RoyalEnfieldMotorcycleSalesDataforMay2017_01062017101543_407.zip,"Eicher Motors Limited has informed the Exchange regarding Release of information to SIAM with respect to sales volume of the Company for the month of May, 2017.",,,Updates,-,01062017101500,-,-,False,,,101831629,Automobiles - 4 Wheelers,INE066A01013,Eicher Motors Limited,2017-06-01 10:15:00,EICHERMOT
19-May-2017 22:45:00,,https://nsearchives.nseindia.com/corporate/ScheduleofmeetingswithAnalysistsandInvestors19May2017_19052017224525_011.zip,Eicher Motors Limited has informed the Exchange regarding Analysts/Institutional Investor Meet/Con. Call Updates,,,Analysts/Institutional Investor Meet/Con. Call Updates,-,19052017224500,-,-,False,,,101793508,Automobiles - 4 Wheelers,INE066A01013,Eicher Motors Limited,2017-05-19 22:45:00,EICHERMOT
12-May-2017 18:13:00,,https://nsearchives.nseindia.com/corporate/FinancialResultsMarch2017_12052017181352_478.zip,"Eicher Motors Limited has informed the Exchange the Financial Results for the quarter and financial year ended March 31, 2017.",,,Financial Results Updates,-,12052017181300,-,-,False,,,101771277,Automobiles - 4 Wheelers,INE066A01013,Eicher Motors Limited,2017-05-12 18:13:00,EICHERMOT
11-May-2017 14:49:00,,https://nsearchives.nseindia.com/corporate/ScheduleofmeetingswithAnalysistsandInvestors11May2017_11052017144956_604.zip,Eicher Motors Limited has informed the Exchange regarding Analysts/Institutional Investor Meet/Con. Call Updates,,,Analysts/Institutional Investor Meet/Con. Call Updates,-,11052017144900,-,-,False,,,101766968,Automobiles - 4 Wheelers,INE066A01013,Eicher Motors Limited,2017-05-11 14:49:00,EICHERMOT
05-May-2017 16:19:00,,https://nsearchives.nseindia.com/corporate/AGMDIVIDENDI(2)_05052017161926_207.zip,"Eicher Motors Limited has informed the Exchange that the register of members and share transfer books shall remain close for payment of Dividend and Annual General Meeting from August 2, 2017 to August 8, 2017 (both dates inclusive). Further the Annual General Meeting to be held on August 08, 2017",,,AGM/Book Closure,-,05052017161900,-,-,False,,,101752001,Automobiles - 4 Wheelers,INE066A01013,Eicher Motors Limited,2017-05-05 16:19:00,EICHERMOT
05-May-2017 16:09:00,,https://nsearchives.nseindia.com/corporate/tradingwindow_05052017160925_197.zip,"Eicher Motors Limited has informed the Exchange regarding the Trading Window closure pursuant to SEBI (Prohibition of Insider Trading) Regulations, 2015",,,Trading Window,-,05052017160900,-,-,False,,,101751995,Automobiles - 4 Wheelers,INE066A01013,Eicher Motors Limited,2017-05-05 16:09:00,EICHERMOT
05-May-2017 15:55:00,,https://nsearchives.nseindia.com/corporate/PRESSRELEASE_05052017155500_183.zip,"Eicher Motors Limited has informed the Exchange regarding a press release dated May 05, 2017, titled ""Press Release"".",,,Press Release,-,05052017155500,-,-,False,,,101751988,Automobiles - 4 Wheelers,INE066A01013,Eicher Motors Limited,2017-05-05 15:55:00,EICHERMOT
05-May-2017 15:53:00,,https://nsearchives.nseindia.com/corporate/Dividend_05052017155355_179.zip,"Eicher Motors Limited has informed the Exchange that Board of Directors at its Meeting held on May 5, 2017, have recommended dividend of 1000% (i.e. Rs. 100/- per equity share of face value of Rs. 10 each) for approval of the shareholders for the financial year ended March 31, 2017. The dividend shall be paid within 30 days from the date of approval of the shareholders in the ensuring Annual General Meeting.",,,Dividend,-,05052017155300,-,-,False,,,101751982,Automobiles - 4 Wheelers,INE066A01013,Eicher Motors Limited,2017-05-05 15:53:00,EICHERMOT
05-May-2017 15:48:00,,https://nsearchives.nseindia.com/corporate/Dividend_05052017154845_163.zip,"Eicher Motors Limited has informed the Exchange that Board of Directors at its meeting held on May 05, 2017, recommended Final Dividend of Rs. 100 per equity share.",,,Dividend,-,05052017154800,-,-,False,,,101751977,Automobiles - 4 Wheelers,INE066A01013,Eicher Motors Limited,2017-05-05 15:48:00,EICHERMOT
05-May-2017 15:38:14,,https://nsearchives.nseindia.com/corporate/outcome_05052017153814.zip,"Eicher Motors Limited has submitted to the Exchange, the financial results for the period ended March 31, 2017.",,,Financial Result Updates,-,05052017153814,-,-,False,,,112130,Automobiles - 4 Wheelers,INE066A01013,Eicher Motors Limited,2017-05-05 15:38:14,EICHERMOT
04-May-2017 16:11:00,,https://nsearchives.nseindia.com/corporate/Regulation30and46ofSEBILODRRegulations2015_04052017161108_703.zip,Eicher Motors Limited has informed the Exchange regarding Analysts/Institutional Investor Meet/Con. Call Updates,,,Analysts/Institutional Investor Meet/Con. Call Updates,-,04052017161100,-,-,False,,,101747723,Automobiles - 4 Wheelers,INE066A01013,Eicher Motors Limited,2017-05-04 16:11:00,EICHERMOT
02-May-2017 09:12:00,,https://nsearchives.nseindia.com/corporate/VECVSalesDataApril2017_02052017091250_504.zip,Eicher Motors Limited has informed the Exchange regarding Release of information to SIAM with respect to sale volume of VE Commercial Vehicles Limited for the month of April 2017.,,,Updates,-,02052017091200,-,-,False,,,101736985,Automobiles - 4 Wheelers,INE066A01013,Eicher Motors Limited,2017-05-02 09:12:00,EICHERMOT
02-May-2017 08:59:00,,https://nsearchives.nseindia.com/corporate/VECVSalesDataApril2017_02052017085919_470.zip,Eicher Motors Limited has informed the Exchange regarding Release of information to SIAM with respect to sale volume of VE Commercial Vehicles Limited for the month of April 2017.,,,Updates,-,02052017085900,-,-,False,,,101737014,Automobiles - 4 Wheelers,INE066A01013,Eicher Motors Limited,2017-05-02 08:59:00,EICHERMOT
02-May-2017 08:44:00,,https://nsearchives.nseindia.com/corporate/RoyalEnfieldMotorcycleSalesDataforApril2017_02052017084457_445.zip,"Eicher Motors Limited has informed the Exchange the Release of information to SIAM with respect to sales volume of the Company for the month of April, 2017.",,,Updates,-,02052017084400,-,-,False,,,101737057,Automobiles - 4 Wheelers,INE066A01013,Eicher Motors Limited,2017-05-02 08:44:00,EICHERMOT
18-Apr-2017 16:56:00,,https://nsearchives.nseindia.com/corporate/Reg30intimation_18042017165658_181.zip,"Eicher Motors Limited has informed the Exchange that  in connection with transfer of shares of the Company on which dividend has not been paid or claimed for last seven consecutive years or more to the Investor Education and Protection Fund pursuant to the provisions of Section 124(6) of the Companies Act, 2013 ( the Act ) read with Investor Education and Protection Fund Authority (Accounting, Audit, Transfer and Refund) Rules, 2016, as amended.",,,Updates,-,18042017165600,-,-,False,,,101701912,Automobiles - 4 Wheelers,INE066A01013,Eicher Motors Limited,2017-04-18 16:56:00,EICHERMOT
10-Apr-2017 15:10:00,,https://nsearchives.nseindia.com/corporate/Eicher_01.zip,"For and on behalf of the Promoter and Promoter Group has submitted to the Exchange a copy of disclosure under Regulation 30(1) and 30(2) of SEBI (Substantial Acquisition of Shares & Takeovers) Regulations, 2011.",,,Disc. under Reg.30 of SEBI (SAST) Reg.2011,-,10042017151000,-,-,False,,,101680996,Automobiles - 4 Wheelers,INE066A01013,Eicher Motors Limited,2017-04-10 15:10:00,EICHERMOT
03-Apr-2017 14:18:00,,https://nsearchives.nseindia.com/corporate/ScheduleofmeetingswithAnalysistsandInvestors3April2017_03042017141841_608.zip,Eicher Motors Limited has informed the Exchange regarding Analysts/Institutional Investor Meet/Con. Call Updates,,,Analysts/Institutional Investor Meet/Con. Call Updates,-,03042017141800,-,-,False,,,101663770,Automobiles - 4 Wheelers,INE066A01013,Eicher Motors Limited,2017-04-03 14:18:00,EICHERMOT
01-Apr-2017 16:03:00,,https://nsearchives.nseindia.com/corporate/VECV1SalesDataMarch2017_01042017160314_186.zip,Eicher Motors Limited has informed the Exchange regarding release of information to SIAM with respect to sale volume of VE Commercial Vehicles Limited for the month of March 2017.,,,Updates,-,01042017160300,-,-,False,,,101659681,Automobiles - 4 Wheelers,INE066A01013,Eicher Motors Limited,2017-04-01 16:03:00,EICHERMOT
01-Apr-2017 12:04:00,,https://nsearchives.nseindia.com/corporate/RoyalEnfieldMotorcycleSalesDataforMarch2017_01042017120417_067.zip,"Eicher Motors Limited has informed the Exchange regarding Release of information to SIAM with respect to sales volume of the Company for the month of March, 2017.",,,Updates,-,01042017120400,-,-,False,,,101659484,Automobiles - 4 Wheelers,INE066A01013,Eicher Motors Limited,2017-04-01 12:04:00,EICHERMOT
31-Mar-2017 18:15:00,,https://nsearchives.nseindia.com/corporate/IntimationOfClosureOfTradingWindow_31032017181519_464.zip,"Eicher Motors Limited has informed the Exchange that the trading window for dealing in the securities of the Company would remain close from April 01, 2017 till further communication as may be announced in this regard.",,,Trading Window,-,31032017181500,-,-,False,,,101659391,Automobiles - 4 Wheelers,INE066A01013,Eicher Motors Limited,2017-03-31 18:15:00,EICHERMOT
29-Mar-2017 09:11:00,,https://nsearchives.nseindia.com/corporate/ScheduleofmeetingswithAnalysistsandInvestors29March2017_29032017091146_145.zip,Eicher Motors Limited has informed the Exchange regarding Analysts/Institutional Investor Meet/Con. Call Updates,,,Analysts/Institutional Investor Meet/Con. Call Updates,-,29032017091100,-,-,False,,,101649338,Automobiles - 4 Wheelers,INE066A01013,Eicher Motors Limited,2017-03-29 09:11:00,EICHERMOT
27-Mar-2017 19:22:00,,https://nsearchives.nseindia.com/corporate/DisclosureUnderRegulation30ofSEBIListingRegulations_27032017192207_746.zip,Eicher Motors Limited has informed the Exchange regarding allotment of  3500 Equity Shares under ESOP,,,Allotment of ESOP/ESPS,-,27032017192200,-,-,False,,,101644947,Automobiles - 4 Wheelers,INE066A01013,Eicher Motors Limited,2017-03-27 19:22:00,EICHERMOT
23-Mar-2017 16:20:00,,https://nsearchives.nseindia.com/corporate/ScheduleofmeetingswithAnalysistsandInvestors23March2017_23032017162002_242.zip,Eicher Motors Limited has informed the Exchange regarding Analysts/Institutional Investor Meet/Con. Call Updates,,,Analysts/Institutional Investor Meet/Con. Call Updates,-,23032017162000,-,-,False,,,101635919,Automobiles - 4 Wheelers,INE066A01013,Eicher Motors Limited,2017-03-23 16:20:00,EICHERMOT
20-Mar-2017 08:26:00,,https://nsearchives.nseindia.com/corporate/DisclosureUnderRegulation30ofSEBIListingRegulations_20032017082606_920.zip,"Eicher Motors Limited has informed the Exchange regarding ""intimation of sale of step down subsidiary"".",,,Updates,-,20032017082600,-,-,False,,,101620904,Automobiles - 4 Wheelers,INE066A01013,Eicher Motors Limited,2017-03-20 08:26:00,EICHERMOT
08-Mar-2017 13:40:00,,https://nsearchives.nseindia.com/corporate/ScheduleofmeetingswithAnalysistsandInvestors08March2017_08032017134019_493.zip,Eicher Motors Limited has informed the Exchange regarding Analysts/Institutional Investor Meet/Con. Call Updates,,,Analysts/Institutional Investor Meet/Con. Call Updates,-,08032017134000,-,-,False,,,101594684,Automobiles - 4 Wheelers,INE066A01013,Eicher Motors Limited,2017-03-08 13:40:00,EICHERMOT
05-Mar-2017 19:37:00,,https://nsearchives.nseindia.com/corporate/ScheduleofmeetingswithAnalysistsandInvestors05March2017_05032017193723_160.zip,Eicher Motors Limited has informed the Exchange regarding Analysts/Institutional Investor Meet/Con. Call Updates,,,Analysts/Institutional Investor Meet/Con. Call Updates,-,05032017193700,-,-,False,,,101584106,Automobiles - 4 Wheelers,INE066A01013,Eicher Motors Limited,2017-03-05 19:37:00,EICHERMOT
02-Mar-2017 14:10:00,,https://nsearchives.nseindia.com/corporate/ScheduleofmeetingswithAnalysistsandInvestors02March2017_02032017141034_583.zip,Eicher Motors Limited has informed the Exchange regarding Analysts/Institutional Investor Meet/Con. Call Updates,,,Analysts/Institutional Investor Meet/Con. Call Updates,-,02032017141000,-,-,False,,,101578045,Automobiles - 4 Wheelers,INE066A01013,Eicher Motors Limited,2017-03-02 14:10:00,EICHERMOT
01-Mar-2017 18:36:00,,https://nsearchives.nseindia.com/corporate/VECVSalesDataFebruary2017_01032017183644_409.zip,"Eicher Motors Limited has informed the Exchange regarding Release of information to SIAM with respect to sales volume of VE Commercial Vehicles Ltd for the month of February, 2017.",,,Updates,-,01032017183600,-,-,False,,,101574318,Automobiles - 4 Wheelers,INE066A01013,Eicher Motors Limited,2017-03-01 18:36:00,EICHERMOT
01-Mar-2017 11:15:00,,https://nsearchives.nseindia.com/corporate/RoyalEnfieldMotorcycleSalesDataforFebruary2017_01032017111514_116.zip,"Eicher Motors Limited has informed the Exchange regarding Release of information to SIAM with respect to sales volume of the Company for the month of February, 2017.",,,Updates,-,01032017111500,-,-,False,,,101574065,Automobiles - 4 Wheelers,INE066A01013,Eicher Motors Limited,2017-03-01 11:15:00,EICHERMOT
19-Feb-2017 17:35:00,,https://nsearchives.nseindia.com/corporate/ScheduleofmeetingswithAnalysistsandInvestors19February2017_19022017173507_861.zip,Eicher Motors Limited has informed the Exchange regarding Analysts/Institutional Investor Meet/Con. Call Updates,,,Analysts/Institutional Investor Meet/Con. Call Updates,-,19022017173500,-,-,False,,,101548305,Automobiles - 4 Wheelers,INE066A01013,Eicher Motors Limited,2017-02-19 17:35:00,EICHERMOT
16-Feb-2017 15:17:00,,https://nsearchives.nseindia.com/corporate/ScheduleofmeetingswithAnalysistsandInvestors16February2017_16022017151747_198.zip,Eicher Motors Limited has informed the Exchange regarding Analysts/Institutional Investor Meet/Con. Call Updates,,,Analysts/Institutional Investor Meet/Con. Call Updates,-,16022017151700,-,-,False,,,101541849,Automobiles - 4 Wheelers,INE066A01013,Eicher Motors Limited,2017-02-16 15:17:00,EICHERMOT
13-Feb-2017 13:46:00,,https://nsearchives.nseindia.com/corporate/ScheduleofmeetingswithAnalysistsandInvestors13February2017_13022017134652_194.zip,Eicher Motors Limited has informed the Exchange regarding Analysts/Institutional Investor Meet/Con. Call Updates,,,Analysts/Institutional Investor Meet/Con. Call Updates,-,13022017134600,-,-,False,,,101528504,Automobiles - 4 Wheelers,INE066A01013,Eicher Motors Limited,2017-02-13 13:46:00,EICHERMOT
03-Feb-2017 16:03:00,,https://nsearchives.nseindia.com/corporate/ScheduleofmeetingswithAnalysistsandInvestors03February2017_03022017160307_432.zip,Eicher Motors Limited has informed the Exchange regarding Analysts/Institutional Investor Meet/Con. Call Updates,,,Analysts/Institutional Investor Meet/Con. Call Updates,-,03022017160300,-,-,False,,,101502006,Automobiles - 4 Wheelers,INE066A01013,Eicher Motors Limited,2017-02-03 16:03:00,EICHERMOT
02-Feb-2017 11:51:00,,https://nsearchives.nseindia.com/corporate/EICHERMOT_02022017115108.zip,"Eicher Motors Limited has informed the Exchange regarding Appointment of Statutory Auditors pursuant to section 139 of the Companies Act, 2013.",,,Appointment of Auditors,-,02022017115100,-,-,False,,,101496968,Automobiles - 4 Wheelers,INE066A01013,Eicher Motors Limited,2017-02-02 11:51:00,EICHERMOT
01-Feb-2017 14:47:00,,https://nsearchives.nseindia.com/corporate/PressReleaseEicherMotorsLimited_01022017144752_692.zip,"Eicher Motors Limited has informed the Exchange regarding a press release dated February 01, 2017, titled ""Press Release"".",,,Press Release,-,01022017144700,-,-,False,,,101493018,Automobiles - 4 Wheelers,INE066A01013,Eicher Motors Limited,2017-02-01 14:47:00,EICHERMOT
01-Feb-2017 14:41:00,,https://nsearchives.nseindia.com/corporate/EICHERMOT_tr_01022017144135.zip,"Eicher Motors Limited has informed the Exchange that in accordance with Eicher Motors Limited Code of Conduct for Regulating, Monitoring and Reporting Trading by an Insider pursuant to SEBI (Prohibition of Insider Trading) Regulations, 2015 including amendments thereof, 'Trading Window' of Eicher Motors Limited will be opened from February 4, 2017 till further communication as may be announced in this regard.",,,Trading Window,-,01022017144100,-,-,False,,,101493012,Automobiles - 4 Wheelers,INE066A01013,Eicher Motors Limited,2017-02-01 14:41:00,EICHERMOT
01-Feb-2017 14:24:00,,https://nsearchives.nseindia.com/corporate/GrantOfOptionsEicherMotorsLimited_01022017142401_665.zip,"Eicher Motors Limited has informed the Exchange that Nomination & Remuneration Committee of Directors of the Company at its meeting held on February 1, 2017 has granted 1800 options under the Company's ESOP.",,,ESOPs/ESOS/ESPS,-,01022017142400,-,-,False,,,101493000,Automobiles - 4 Wheelers,INE066A01013,Eicher Motors Limited,2017-02-01 14:24:00,EICHERMOT
01-Feb-2017 14:21:01,,https://nsearchives.nseindia.com/corporate/EICHERMOT_01022017142101.zip,"Eicher Motors Limited has submitted to the Exchange, the financial results for the period ended December 31, 2016.",,,Financial Result Updates,-,01022017142101,-,-,False,,,110648,Automobiles - 4 Wheelers,INE066A01013,Eicher Motors Limited,2017-02-01 14:21:01,EICHERMOT
01-Feb-2017 14:13:00,,https://nsearchives.nseindia.com/corporate/Resultsandgrant_01022017141304_656.zip,"Eicher Motors Limited has informed the Exchange regarding Outcome of Board Meeting of the Company held on February 01, 2017.",,,Outcome of Board Meeting,-,01022017141300,-,-,False,,,101492996,Automobiles - 4 Wheelers,INE066A01013,Eicher Motors Limited,2017-02-01 14:13:00,EICHERMOT
01-Feb-2017 14:11:00,,https://nsearchives.nseindia.com/corporate/VECVSalesDataJanuary2017_01022017141108_654.zip,"Eicher Motors Limited has informed the Exchange regarding ""Release of information to SIAM with respect to sale volume of VE Commercial Vehicles Limited for the month of January 2017"".",,,Updates,-,01022017141100,-,-,False,,,101492995,Automobiles - 4 Wheelers,INE066A01013,Eicher Motors Limited,2017-02-01 14:11:00,EICHERMOT
01-Feb-2017 12:33:00,,https://nsearchives.nseindia.com/corporate/RoyalEnfieldMotorcycleSalesDataforJanuary2017_01022017123321_551.zip,"Eicher Motors Limited has informed the Exchange regarding ""Release of information to SIAM with respect to sales volume of the Company for the month of January, 2017"".",,,Updates,-,01022017123300,-,-,False,,,101492939,Automobiles - 4 Wheelers,INE066A01013,Eicher Motors Limited,2017-02-01 12:33:00,EICHERMOT
27-Jan-2017 15:41:00,,https://nsearchives.nseindia.com/corporate/ScheduleofcallwithInvestorsandAnalysts1February2017_27012017154143_370.zip,Eicher Motors Limited has informed the Exchange regarding Analysts/Institutional Investor Meet/Con. Call Updates,,,Analysts/Institutional Investor Meet/Con. Call Updates,-,27012017154100,-,-,False,,,101481021,Automobiles - 4 Wheelers,INE066A01013,Eicher Motors Limited,2017-01-27 15:41:00,EICHERMOT
17-Jan-2017 18:21:00,,https://nsearchives.nseindia.com/corporate/ScheduleofmeetingswithAnalysistsandInvestors17January2017_17012017182112_782.zip,Eicher Motors Limited has informed the Exchange regarding Analysts/Institutional Investor Meet/Con. Call Updates,,,Analysts/Institutional Investor Meet/Con. Call Updates,-,17012017182100,-,-,False,,,101451153,Automobiles - 4 Wheelers,INE066A01013,Eicher Motors Limited,2017-01-17 18:21:00,EICHERMOT
11-Jan-2017 15:00:00,,https://nsearchives.nseindia.com/corporate/ScheduleofmeetingswithAnalysistsandInvestors11January2017_11012017150053_160.zip,Eicher Motors Limited has informed the Exchange regarding Analysts/Institutional Investor Meet/Con. Call Updates,,,Analysts/Institutional Investor Meet/Con. Call Updates,-,11012017150000,-,-,False,,,101434089,Automobiles - 4 Wheelers,INE066A01013,Eicher Motors Limited,2017-01-11 15:00:00,EICHERMOT
04-Jan-2017 14:23:00,,https://nsearchives.nseindia.com/corporate/ScheduleofmeetingswithAnalysistsandInvestors4January2017_04012017142314_458.zip,Eicher Motors Limited has informed the Exchange regarding Analysts/Institutional Investor Meet/Con. Call Updates,,,Analysts/Institutional Investor Meet/Con. Call Updates,-,04012017142300,-,-,False,,,101414436,Automobiles - 4 Wheelers,INE066A01013,Eicher Motors Limited,2017-01-04 14:23:00,EICHERMOT
02-Jan-2017 08:32:00,,https://nsearchives.nseindia.com/corporate/RoyalEnfieldMotorcycleSalesDataforDecember2016_02012017083236_222.zip,"Eicher Motors Limited has informed the Exchange regarding Release of information to SIAM with respect to sales volume of the Company for the month of December, 2016.",,,Updates,-,02012017083200,-,-,False,,,101403694,Automobiles - 4 Wheelers,INE066A01013,Eicher Motors Limited,2017-01-02 08:32:00,EICHERMOT
02-Jan-2017 08:31:00,,https://nsearchives.nseindia.com/corporate/VECVSalesDataDecember2016_02012017083150_218.zip,"Eicher Motors Limited has informed the Exchange regarding ""Release of information to SIAM with respect to sale volume of VE Commercial Vehicles Limited for the month of December 2016"".",,,Updates,-,02012017083100,-,-,False,,,101403691,Automobiles - 4 Wheelers,INE066A01013,Eicher Motors Limited,2017-01-02 08:31:00,EICHERMOT
30-Dec-2016 17:30:00,,https://nsearchives.nseindia.com/corporate/Disclosure_10_30122016173010.zip,"The Simran Siddhartha Tara Benefit Trust has submitted to the Exchange, vide letter dated December 30, 2016 a copy of disclosure under Regulation 10(6) in respect of acquisition under Regulation 10 of SEBI (Substantial Acquisition of Shares & Takeovers) Regulations, 2011.",,,Disclosure under SEBI Takeover Regulations,-,30122016173000,-,-,False,,,101402509,Automobiles - 4 Wheelers,INE066A01013,Eicher Motors Limited,2016-12-30 17:30:00,EICHERMOT
28-Dec-2016 19:17:00,,https://nsearchives.nseindia.com/corporate/10_EICHER_28122016191714.zip,"Vikram Lal has submitted to the Exchange vide letter dated December 28, 2016 a copy of disclosure u/r 10(6) in respect of the acquisition under Regulation 10(1)(a)(ii) of the Securities and Exchange Board of India (Substantial Acquisition of Shares and Takeovers) Regulations, 2011",,,Disclosure under SEBI Takeover Regulations,-,28122016191700,-,-,False,,,101394359,Automobiles - 4 Wheelers,INE066A01013,Eicher Motors Limited,2016-12-28 19:17:00,EICHERMOT
28-Dec-2016 19:08:00,,https://nsearchives.nseindia.com/corporate/EICHER_10_28122016190829.zip,"The Simran Siddhartha Tara Benefit Trust has submitted to the Exchange vide letter dated December 28, 2016 a copy of disclosure u/r 10(6) in respect of the acquisition under Regulation 10(1)(a)(ii) of the Securities and Exchange Board of India (Substantial Acquisition of Shares and Takeovers) Regulations, 2011",,,Disclosure under SEBI Takeover Regulations,-,28122016190800,-,-,False,,,101394355,Automobiles - 4 Wheelers,INE066A01013,Eicher Motors Limited,2016-12-28 19:08:00,EICHERMOT
28-Dec-2016 17:19:00,,https://nsearchives.nseindia.com/corporate/Windowclosure28122016_28122016171954_671.zip,"Eicher Motors Limited has informed the Exchange that trading window of Company will be closed from January 1, 2017 till further communication as may be announced in this regard.",,,Trading Window,-,28122016171900,-,-,False,,,101394329,Automobiles - 4 Wheelers,INE066A01013,Eicher Motors Limited,2016-12-28 17:19:00,EICHERMOT
26-Dec-2016 15:24:00,,https://nsearchives.nseindia.com/corporate/105_02_57_26122016152433.zip,"the Simran Siddhartha Tara Benefit Trust has submitted to the Exchange vide letter dated December 26, 2016 a copy of disclosure u/r 10(5) in respect of the acquisition under Regulation 10 of the Securities and Exchange Board of India (Substantial Acquisition of Shares and Takeovers) Regulations, 2011.",,,Disclosure under SEBI Takeover Regulations,-,26122016152400,-,-,False,,,101386093,Automobiles - 4 Wheelers,INE066A01013,Eicher Motors Limited,2016-12-26 15:24:00,EICHERMOT
23-Dec-2016 20:19:00,,https://nsearchives.nseindia.com/corporate/ScheduleofmeetingswithAnalysistsandInvestors23December2016_23122016201900_833.zip,Eicher Motors Limited has informed the Exchange regarding Analysts/Institutional Investor Meet/Con. Call Updates,,,Analysts/Institutional Investor Meet/Con. Call Updates,-,23122016201900,-,-,False,,,101381741,Automobiles - 4 Wheelers,INE066A01013,Eicher Motors Limited,2016-12-23 20:19:00,EICHERMOT
22-Dec-2016 14:29:00,,https://nsearchives.nseindia.com/corporate/ScheduleofmeetingswithAnalysistsandInvestors22December2016_22122016142911_380.zip,Eicher Motors Limited has informed the Exchange regarding Analysts/Institutional Investor Meet/Con. Call Updates,,,Analysts/Institutional Investor Meet/Con. Call Updates,-,22122016142900,-,-,False,,,101377452,Automobiles - 4 Wheelers,INE066A01013,Eicher Motors Limited,2016-12-22 14:29:00,EICHERMOT
21-Dec-2016 08:11:00,,https://nsearchives.nseindia.com/corporate/EICHER_TSBT_21122016081130.zip,"The Simran Siddhartha Tara Benefit Trust has informed the Exchange vide letter dated December 20, 2016 a copy of disclosure u/r 10(5) in respect of the acquisition under Regulation 10(1)(a)( of the Securities and Exchange Board of India (Substantial Acquisition of Shares and Takeovers) Regulations, 2011.",,,Disclosure under SEBI Takeover Regulations,-,21122016081100,-,-,False,,,101370763,Automobiles - 4 Wheelers,INE066A01013,Eicher Motors Limited,2016-12-21 08:11:00,EICHERMOT
21-Dec-2016 08:07:00,,https://nsearchives.nseindia.com/corporate/EICHER_vikram_21122016080714.zip,"Vikram Lal has submitted to the Exchange vide letter dated December 20, 2016 a copy of disclosure u/r 10(5) in respect of the acquisition under Regulation 10(1)(a) of the Securities and Exchange Board of India (Substantial Acquisition of Shares and Takeovers) Regulations, 2011.",,,Disclosure under SEBI Takeover Regulations,-,21122016080700,-,-,False,,,101370762,Automobiles - 4 Wheelers,INE066A01013,Eicher Motors Limited,2016-12-21 08:07:00,EICHERMOT
14-Dec-2016 16:59:00,,https://nsearchives.nseindia.com/corporate/ScheduleofmeetingswithAnalysistsandInvestors14December2016_14122016165918_334.zip,Eicher Motors Limited has informed the Exchange regarding Analysts/Institutional Investor Meet/Con. Call Updates,,,Analysts/Institutional Investor Meet/Con. Call Updates,-,14122016165900,-,-,False,,,101352159,Automobiles - 4 Wheelers,INE066A01013,Eicher Motors Limited,2016-12-14 16:59:00,EICHERMOT
12-Dec-2016 10:06:00,,https://nsearchives.nseindia.com/corporate/ScheduleofmeetingswithAnalysistsandInvestors12December2016_12122016100607_544.zip,Eicher Motors Limited has informed the Exchange regarding Analysts/Institutional Investor Meet/Con. Call Updates,,,Analysts/Institutional Investor Meet/Con. Call Updates,-,12122016100600,-,-,False,,,101343575,Automobiles - 4 Wheelers,INE066A01013,Eicher Motors Limited,2016-12-12 10:06:00,EICHERMOT
07-Dec-2016 11:36:00,,https://nsearchives.nseindia.com/corporate/ScheduleofmeetingswithAnalysistsandInvestors7December2016_07122016113606_435.zip,Eicher Motors Limited has informed the Exchange regarding Analysts/Institutional Investor Meet/Con. Call Updates,,,Analysts/Institutional Investor Meet/Con. Call Updates,-,07122016113600,-,-,False,,,101332790,Automobiles - 4 Wheelers,INE066A01013,Eicher Motors Limited,2016-12-07 11:36:00,EICHERMOT
05-Dec-2016 15:28:00,,https://nsearchives.nseindia.com/corporate/ScheduleofmeetingswithAnalysistsandInvestors5December2016_05122016152831_182.zip,Eicher Motors Limited has informed the Exchange regarding Analysts/Institutional Investor Meet/Con. Call Updates,,,Analysts/Institutional Investor Meet/Con. Call Updates,-,05122016152800,-,-,False,,,101325433,Automobiles - 4 Wheelers,INE066A01013,Eicher Motors Limited,2016-12-05 15:28:00,EICHERMOT
01-Dec-2016 15:06:00,,https://nsearchives.nseindia.com/corporate/VECVSalesDataNovember2016_01122016150630_215.zip,Eicher Motors Limited has informed the Exchange regarding Release of information to SIAM with respect to sale volume of VE Commercial Vehicles Limited for the month of November 2016.,,,Updates,-,01122016150600,-,-,False,,,101316524,Automobiles - 4 Wheelers,INE066A01013,Eicher Motors Limited,2016-12-01 15:06:00,EICHERMOT
01-Dec-2016 14:50:00,,https://nsearchives.nseindia.com/corporate/ScheduleofmeetingswithAnalysistsandInvestors01December2016_01122016145040_202.zip,Eicher Motors Limited has informed the Exchange regarding Analysts/Institutional Investor Meet/Con. Call Updates,,,Analysts/Institutional Investor Meet/Con. Call Updates,-,01122016145000,-,-,False,,,101316518,Automobiles - 4 Wheelers,INE066A01013,Eicher Motors Limited,2016-12-01 14:50:00,EICHERMOT
01-Dec-2016 10:46:00,,https://nsearchives.nseindia.com/corporate/RoyalEnfieldMotorcycleSalesDataforNovember2016_01122016104611_062.zip,"Eicher Motors Limited has informed the Exchange regarding ""Release of information to SIAM with respect to sales volume of the Company for the month of November, 2016"".",,,Updates,-,01122016104600,-,-,False,,,101316337,Automobiles - 4 Wheelers,INE066A01013,Eicher Motors Limited,2016-12-01 10:46:00,EICHERMOT
29-Nov-2016 17:05:00,,https://nsearchives.nseindia.com/corporate/ScheduleofmeetingswithAnalysistsandInvestors29November2016_29112016170529_216.zip,Eicher Motors Limited has informed the Exchange regarding Analysts/Institutional Investor Meet/Con. Call Updates,,,Analysts/Institutional Investor Meet/Con. Call Updates,-,29112016170500,-,-,False,,,101308396,Automobiles - 4 Wheelers,INE066A01013,Eicher Motors Limited,2016-11-29 17:05:00,EICHERMOT
28-Nov-2016 15:25:00,,https://nsearchives.nseindia.com/corporate/ScheduleofmeetingswithAnalysistsandInvestors28November2016_28112016152507_680.zip,Eicher Motors Limited has informed the Exchange regarding Analysts/Institutional Investor Meet/Con. Call Updates,,,Analysts/Institutional Investor Meet/Con. Call Updates,-,28112016152500,-,-,False,,,101305083,Automobiles - 4 Wheelers,INE066A01013,Eicher Motors Limited,2016-11-28 15:25:00,EICHERMOT
28-Nov-2016 12:10:00,,https://nsearchives.nseindia.com/corporate/ScheduleofmeetingswithAnalysistsandInvestors28November2016_28112016121057_605.zip,Eicher Motors Limited has informed the Exchange regarding Analysts/Institutional Investor Meet/Con. Call Updates,,,Analysts/Institutional Investor Meet/Con. Call Updates,-,28112016121000,-,-,False,,,101304764,Automobiles - 4 Wheelers,INE066A01013,Eicher Motors Limited,2016-11-28 12:10:00,EICHERMOT
26-Nov-2016 11:27:00,,https://nsearchives.nseindia.com/corporate/ScheduleofmeetingwithAnalysistsandInvestors26November2016_26112016112717_368.zip,Eicher Motors Limited has informed the Exchange regarding Analysts/Institutional Investor Meet/Con. Call Updates,,,Analysts/Institutional Investor Meet/Con. Call Updates,-,26112016112700,-,-,False,,,101302106,Automobiles - 4 Wheelers,INE066A01013,Eicher Motors Limited,2016-11-26 11:27:00,EICHERMOT
18-Nov-2016 09:32:00,,https://nsearchives.nseindia.com/corporate/ScheduleofmeetingswithAnalysistsandInvestors18November2016_18112016093215_361.zip,Eicher Motors Limited has informed the Exchange regarding Analysts/Institutional Investor Meet/Con. Call Updates,,,Analysts/Institutional Investor Meet/Con. Call Updates,-,18112016093200,-,-,False,,,101276865,Automobiles - 4 Wheelers,INE066A01013,Eicher Motors Limited,2016-11-18 09:32:00,EICHERMOT
15-Nov-2016 17:24:00,,https://nsearchives.nseindia.com/corporate/ScheduleofmeetingswithAnalysistsandInvestors15November2016_15112016172450_545.zip,Eicher Motors Limited has informed the Exchange regarding Analysts/Institutional Investor Meet/Con. Call Updates,,,Analysts/Institutional Investor Meet/Con. Call Updates,-,15112016172400,-,-,False,,,101262226,Automobiles - 4 Wheelers,INE066A01013,Eicher Motors Limited,2016-11-15 17:24:00,EICHERMOT
10-Nov-2016 16:35:00,,https://nsearchives.nseindia.com/corporate/ScheduleofmeetingswithAnalysistsandInvestors10November2016_10112016163517_369.zip,Eicher Motors Limited has informed the Exchange regarding Analysts/Institutional Investor Meet/Con. Call Updates,,,Analysts/Institutional Investor Meet/Con. Call Updates,-,10112016163500,-,-,False,,,101256624,Automobiles - 4 Wheelers,INE066A01013,Eicher Motors Limited,2016-11-10 16:35:00,EICHERMOT
01-Nov-2016 15:38:00,,https://nsearchives.nseindia.com/corporate/VECVSalesDataOctober2016_01112016153812_439.zip,Eicher Motors Limited has informed the Exchange regarding Release of information to SIAM with respect to sale volume of VE Commercial Vehicles Limited for the month of October 2016.,,,Updates,-,01112016153800,-,-,False,,,101225951,Automobiles - 4 Wheelers,INE066A01013,Eicher Motors Limited,2016-11-01 15:38:00,EICHERMOT
01-Nov-2016 09:40:00,,https://nsearchives.nseindia.com/corporate/RoyalEnfieldMotorcyclesSalesDataOctober2016_01112016094022_235.zip,"Eicher Motors Limited has informed the Exchange regarding ""Release of information to SIAM with respect to sales volume of the Company for the month of October, 2016"".",,,Updates,-,01112016094000,-,-,False,,,101221981,Automobiles - 4 Wheelers,INE066A01013,Eicher Motors Limited,2016-11-01 09:40:00,EICHERMOT
28-Oct-2016 14:43:39,,https://nsearchives.nseindia.com/corporate/EICHERMOT_RESULT_28102016144339.zip,"Eicher Motors Limited has submitted to the Exchange, the financial results for the period ended September 30, 2016.",,,Financial Result Updates,-,28102016144339,-,-,False,,,108938,Automobiles - 4 Wheelers,INE066A01013,Eicher Motors Limited,2016-10-28 14:43:39,EICHERMOT
28-Oct-2016 14:32:00,,https://nsearchives.nseindia.com/corporate/PressRelease28102016_28102016143246_345.zip,"Eicher Motors Limited has informed the Exchange regarding a press release dated October 28, 2016, titled ""Eicher Motors Limited announces results for Q2, FY 2016-17"".",,,Press Release,-,28102016143200,-,-,False,,,101221478,Automobiles - 4 Wheelers,INE066A01013,Eicher Motors Limited,2016-10-28 14:32:00,EICHERMOT
28-Oct-2016 14:23:00,,https://nsearchives.nseindia.com/corporate/OutComeOfBoardMeeting281016_28102016142318_336.zip,"Eicher Motors Limited has informed the Exchange that t the Board of Directors at their Meeting held on October 28, 2016 have Allotted 5,500 Equity Shares of face value of Rs. 10/- each of the Company to persons exercising option pursuant to Employees Stock Option Plan of the Company.",,,Outcome of Board Meeting,-,28102016142300,-,-,False,,,101221462,Automobiles - 4 Wheelers,INE066A01013,Eicher Motors Limited,2016-10-28 14:23:00,EICHERMOT
28-Oct-2016 11:44:00,,https://nsearchives.nseindia.com/corporate/EICHERMOT_28102016114428.zip,"Eicher Motors Limited has informed the Exchange that the Nomination and Remuneration Committee of the Company at their meeting held on October 28, 2016 has granted 3,000 options under ESOP Scheme of the Company.",,,ESOPs/ESOS/ESPS,-,28102016114400,-,-,False,,,101221383,Automobiles - 4 Wheelers,INE066A01013,Eicher Motors Limited,2016-10-28 11:44:00,EICHERMOT
27-Oct-2016 16:54:00,,https://nsearchives.nseindia.com/corporate/Intimation_27102016165402_794.zip,"Eicher Motors Limited has submitted to the Exchange a copy of the Communication in relation with VE Commercial Vehicles Limited (VECV), unlisted subsidiary of the Company regarding appointment of Mr. Vinod Aggarwal as Managing Director of VECV.",,,Updates,-,27102016165400,-,-,False,,,101217142,Automobiles - 4 Wheelers,INE066A01013,Eicher Motors Limited,2016-10-27 16:54:00,EICHERMOT
27-Oct-2016 14:58:00,,https://nsearchives.nseindia.com/corporate/InvestorsAnaylstsandMediaCallsSchudule_27102016145802_622.zip,"Eicher Motors Limited has informed the Exchange that the Company has scheduled investors, anaylsts and media calls on October 28, 2016 on Company's financial results for the second quarter and six months ended September 30, 2016.",,,Analysts/Institutional Investor Meet/Con. Call Updates,-,27102016145800,-,-,False,,,101217046,Automobiles - 4 Wheelers,INE066A01013,Eicher Motors Limited,2016-10-27 14:58:00,EICHERMOT
01-Oct-2016 15:18:00,,https://nsearchives.nseindia.com/corporate/VECVSalesDataSeptember2016_01102016151818_357.zip,Eicher Motors Limited has informed the Exchange regarding Release of information with respect to sale volume of VE Commercial Vehicles Limited for the month of September 2016.,,,Updates,-,01102016151800,-,-,False,,,101142550,Automobiles - 4 Wheelers,INE066A01013,Eicher Motors Limited,2016-10-01 15:18:00,EICHERMOT
01-Oct-2016 12:23:00,,https://nsearchives.nseindia.com/corporate/RoyalEnfieldMotorcyclesSalesDataSeptember2016_01102016122356_135.zip,"Eicher Motors Limited has informed the Exchange regarding Release of information to SIAM with respect to sales volume of the Company for the month of September, 2016.",,,Updates,-,01102016122300,-,-,False,,,101142532,Automobiles - 4 Wheelers,INE066A01013,Eicher Motors Limited,2016-10-01 12:23:00,EICHERMOT
12-Sep-2016 19:40:00,,https://nsearchives.nseindia.com/corporate/InvestorSchedule_12092016194020_599.zip,Eicher Motors Limited has informed the Exchange regarding  Investor Meeting Schedule.,,,Analysts/Institutional Investor Meet/Con. Call Updates,-,12092016194000,-,-,False,,,101085507,Automobiles - 4 Wheelers,INE066A01013,Eicher Motors Limited,2016-09-12 19:40:00,EICHERMOT
12-Sep-2016 16:41:00,,https://nsearchives.nseindia.com/corporate/Scheduleofmeetingwithanalysistsandinvestor12September2016_12092016164107_427.zip,"Eicher Motors Limited has informed the Exchange that Pursuant to regulation 30 and 46 of SEBI (LODR) Regulations, 2015, schedule of meeting proposed with analysts and institutional investor.",,,Updates,-,12092016164100,-,-,False,,,101085418,Automobiles - 4 Wheelers,INE066A01013,Eicher Motors Limited,2016-09-12 16:41:00,EICHERMOT
01-Sep-2016 12:16:00,,https://nsearchives.nseindia.com/corporate/VECVSalesDataSeptember2016_01092016121646_213.zip,Eicher Motors Limited has informed the Exchange regarding Release of information to SIAM with respect to sale volume of VE Commercial Vehicles Limited for the month of August 2016.,,,Updates,-,01092016121600,-,-,False,,,101057082,Automobiles - 4 Wheelers,INE066A01013,Eicher Motors Limited,2016-09-01 12:16:00,EICHERMOT
01-Sep-2016 11:05:00,,https://nsearchives.nseindia.com/corporate/RoyalEnfieldMotorcyclesSalesDataAugust2016_01092016110553_138.zip,"Eicher Motors Limited has informed the Exchange regarding Release of information to SIAM with respect to sales volume of the Company for the month of August, 2016.",,,Updates,-,01092016110500,-,-,False,,,101056953,Automobiles - 4 Wheelers,INE066A01013,Eicher Motors Limited,2016-09-01 11:05:00,EICHERMOT
22-Aug-2016 17:49:00,,https://nsearchives.nseindia.com/corporate/Scheduleofmeetingswithanalysistsandinvestors22August2016_22082016174941_789.zip,Eicher Motors Limited has informed the Exchange regarding schedule of meetings proposed with analysts and institutional investors.,,,Updates,-,22082016174900,-,-,False,,,101021312,Automobiles - 4 Wheelers,INE066A01013,Eicher Motors Limited,2016-08-22 17:49:00,EICHERMOT
08-Aug-2016 14:37:00,,https://nsearchives.nseindia.com/corporate/Scheduleofmeetingswithanalysistsandinvestors08August2016_08082016143718_557.zip,Eicher Motors Limited has informed the Exchange regarding schedule of meetings proposed with analysts and institutional investors.,,,Analysts/Institutional Investor Meet/Con. Call Updates,-,08082016143700,-,-,False,,,100977323,Automobiles - 4 Wheelers,INE066A01013,Eicher Motors Limited,2016-08-08 14:37:00,EICHERMOT
03-Aug-2016 17:38:00,,https://nsearchives.nseindia.com/corporate/Scheduleofmeetingswithanalystsandinvestors03August2016_03082016173820_346.zip,"Eicher Motors Limited has informed the Exchange that the Company  has submitted with the exchanges a schedule of analyst and institutional investor meetings to be held on August 04, 2016, August 11, 2016 and  August 12, 2016.",,,Analysts/Institutional Investor Meet/Con. Call Updates,-,03082016173800,-,-,False,,,100961661,Automobiles - 4 Wheelers,INE066A01013,Eicher Motors Limited,2016-08-03 17:38:00,EICHERMOT
01-Aug-2016 17:15:00,,https://nsearchives.nseindia.com/corporate/Scheduleofmeetingswithanalystsandinvestors01August2016_01082016171524_611.zip,Eicher Motors Limited has informed the Exchange regarding schedule of meetings proposed with analysts and institutional investors.,,,Analysts/Institutional Investor Meet/Con. Call Updates,-,01082016171500,-,-,False,,,100953233,Automobiles - 4 Wheelers,INE066A01013,Eicher Motors Limited,2016-08-01 17:15:00,EICHERMOT
01-Aug-2016 14:20:00,,https://nsearchives.nseindia.com/corporate/VECVSalesDataAugust2016_01082016142047_318.zip,"Eicher Motors Limited has informed the Exchange regarding released to Society of Indian Automobile Manufacturers (SIAM) in respect of sale volume of VE Commercial Vehicles Limited, an unlisted subsidiary of Eicher Motors Limited for the month of July 2016.",,,Updates,-,01082016142000,-,-,False,,,100953072,Automobiles - 4 Wheelers,INE066A01013,Eicher Motors Limited,2016-08-01 14:20:00,EICHERMOT
01-Aug-2016 10:41:00,,https://nsearchives.nseindia.com/corporate/RoyalEnfieldMotorcyclesSalesDataJuly2016_01082016104142_093.zip,"Eicher Motors Limited has submitted to the Exchange a copy of information being released to Society of Indian Automobile Manufacturers (SIAM) in respect of sale volume of the Company for the month of July, 2016.",,,Updates,-,01082016104100,-,-,False,,,100951285,Automobiles - 4 Wheelers,INE066A01013,Eicher Motors Limited,2016-08-01 10:41:00,EICHERMOT
28-Jul-2016 18:00:00,,https://nsearchives.nseindia.com/corporate/PressReleaseregulation30_28072016180015_606.zip,"Eicher Motors Limited has informed the Exchange regarding a press release dated July 28, 2016, titled ""Eicher Motors Limited announces Q1 Results for FY 2016-17"".",,,Press Release,-,28072016180000,-,-,False,,,100943658,Automobiles - 4 Wheelers,INE066A01013,Eicher Motors Limited,2016-07-28 18:00:00,EICHERMOT
28-Jul-2016 16:31:00,,https://nsearchives.nseindia.com/corporate/Regulation30ofSEBIRegulation2015_28072016163107_420.zip,Eicher Motors Limited has informed the Exchange regarding Grant of options under ESOP scheme of the Company.,,,ESOPs/ESOS/ESPS,-,28072016163100,-,-,False,,,100943557,Automobiles - 4 Wheelers,INE066A01013,Eicher Motors Limited,2016-07-28 16:31:00,EICHERMOT
28-Jul-2016 16:18:34,,https://nsearchives.nseindia.com/corporate/EICHERMOT_Results_28072016161834.zip,"Eicher Motors Limited has submitted to the Exchange the standalone & consolidated financial results along with the Limited Review Report for the period ended June 30, 2016.",,,Financial Result Updates,-,28072016161834,-,-,False,,,107153,Automobiles - 4 Wheelers,INE066A01013,Eicher Motors Limited,2016-07-28 16:18:34,EICHERMOT
28-Jul-2016 16:18:00,,https://nsearchives.nseindia.com/corporate/Allotmentofshares28072016_28072016161805_408.zip,"Eicher Motors Limited has informed the Exchange tha the Board of Directors at their meeting held on July 28, 2016 have allotted 35,100 equity shares of face value of Rs. 10/- each of the Company to the person exercising options pursuant to Employees Stock Option Plan of the Company.",,,Allotment of Securities,-,28072016161800,-,-,False,,,100943543,Automobiles - 4 Wheelers,INE066A01013,Eicher Motors Limited,2016-07-28 16:18:00,EICHERMOT
28-Jul-2016 16:15:00,,https://nsearchives.nseindia.com/corporate/QuarterlyResultsJune2016_28072016161507_397.zip,"Eicher Motors Limited has informed the Exchange regarding the Outcome of Board Meeting of the Company held on July 28, 2016.",,,Outcome of Board Meeting,-,28072016161500,-,-,False,,,100943538,Automobiles - 4 Wheelers,INE066A01013,Eicher Motors Limited,2016-07-28 16:15:00,EICHERMOT
27-Jul-2016 16:17:00,,https://nsearchives.nseindia.com/corporate/Scheduleofmeetingswithanalystsandinvestors27July2016_27072016161733_057.zip,"Eicher Motors Limited has informed the Exchange that the Company has scheduled an investors conference call on July 29, 2016 on Companys financial results for the quarter ended June 30, 2016.",,,Updates,-,27072016161700,-,-,False,,,100939085,Automobiles - 4 Wheelers,INE066A01013,Eicher Motors Limited,2016-07-27 16:17:00,EICHERMOT
25-Jul-2016 15:59:00,,https://nsearchives.nseindia.com/corporate/Intimationofnoticepublishedinnewspaper_25072016155902_386.zip,"Eicher Motors Limited has informed the Exchange that The Company has published a notice in the newspapers in relation with Company's proposal to make an application to the Central Government under Section 196 read with Schedule V of the Companies Act, 2013 for seeking its approval towards re-appointment of Mr. Siddhartha Vikram Lal (Non- Resident) as Managing Director of the Company for the period of five years starting from May 01, 2016 to April 30, 2021.",,,Updates,-,25072016155900,-,-,False,,,100930203,Automobiles - 4 Wheelers,INE066A01013,Eicher Motors Limited,2016-07-25 15:59:00,EICHERMOT
01-Jul-2016 17:53:00,,https://nsearchives.nseindia.com/corporate/RoyalEnfieldMotorcyclesSalesDataJune2016_01072016175332_443.zip,"Eicher Motors Limited has informed the Exchange regarding Release of information to SIAM with respect to sales volume of the Company for the month of June, 2016 .",,,Updates,-,01072016175300,-,-,False,,,100863109,Automobiles - 4 Wheelers,INE066A01013,Eicher Motors Limited,2016-07-01 17:53:00,EICHERMOT
01-Jul-2016 13:18:00,,https://nsearchives.nseindia.com/corporate/RoyalEnfieldMotorcyclesSalesDataJune2016_01072016131854_179.zip,"Eicher Motors Limited has informed the Exchange regarding ""Release of information to SIAM with respect to sale volume of the Company for the month of June, 2016"".",,,Updates,-,01072016131800,-,-,False,,,100862900,Automobiles - 4 Wheelers,INE066A01013,Eicher Motors Limited,2016-07-01 13:18:00,EICHERMOT
01-Jul-2016 12:21:00,,https://nsearchives.nseindia.com/corporate/VECVSalesDataJune2016_01072016122135_143.zip,Eicher Motors Limited has informed the Exchange regarding SIAM with respect to sale volume of VE Commercial Vehicles Limited for the month of June 2016.,,,Updates,-,01072016122100,-,-,False,,,100862880,Automobiles - 4 Wheelers,INE066A01013,Eicher Motors Limited,2016-07-01 12:21:00,EICHERMOT
29-Jun-2016 17:16:00,,https://nsearchives.nseindia.com/corporate/ScheduleofMeetingswithAnalystsandInstitutionalInvestors29June2016_29062016171615_585.zip,Eicher Motors Limited has informed the Exchange regarding the schedule of meeting proposed with analysts and institutional investor.,,,Updates,-,29062016171600,-,-,False,,,100854374,Automobiles - 4 Wheelers,INE066A01013,Eicher Motors Limited,2016-06-29 17:16:00,EICHERMOT
29-Jun-2016 15:20:00,,https://nsearchives.nseindia.com/corporate/ScheduleofMeetingswithAnalystsandInstitutionalInvestors29June2016_29062016152037_493.zip,Eicher Motors Limited has informed the Exchange regarding schedule of meetings proposed with analysts and institutional investors.,,,Updates,-,29062016152000,-,-,False,,,100854325,Automobiles - 4 Wheelers,INE066A01013,Eicher Motors Limited,2016-06-29 15:20:00,EICHERMOT
27-Jun-2016 15:18:00,,https://nsearchives.nseindia.com/corporate/ScheduleofMeetingswithAnalystsandInstitutionalInvestors27June2016_27062016151840_637.zip,Eicher Motors Limited has informed the Exchange regarding schedule of meetings proposed with analysts and institutional investors.,,,Analysts Meet,-,27062016151800,-,-,False,,,100845781,Automobiles - 4 Wheelers,INE066A01013,Eicher Motors Limited,2016-06-27 15:18:00,EICHERMOT
23-Jun-2016 13:59:00,,https://nsearchives.nseindia.com/corporate/DeclarationStatutoryAuditReportsWithUnmodifiedOpinion_23062016135937_649.zip,"Eicher Motors Limited has informed the Exchange regarding Declaration regarding Statutory Audit Reports with unmodified opinion on financial statements of the Company for the financial year ended March 31, 2016.",,,Declaration for audit reports with unmodified opinion(s),-,23062016135900,-,-,False,,,100836833,Automobiles - 4 Wheelers,INE066A01013,Eicher Motors Limited,2016-06-23 13:59:00,EICHERMOT
20-Jun-2016 07:43:00,,https://nsearchives.nseindia.com/corporate/ResultsofAGM_20062016074317_490.zip,"Eicher Motors Limited has submitted to the Exchange the details of voting results of the Annual General Meeting of the Company held on June 18, 2016 along with Report of Scrutinizer pursuant to Regulation 44(3) of Securities and Exchange Board of India (Listing Obligations and Disclosure Requirements) Regulations, 2015.",,,"Regulation 44(3) of SEBI (LODR), Reg., 2015",-,20062016074300,-,-,False,,,100819674,Automobiles - 4 Wheelers,INE066A01013,Eicher Motors Limited,2016-06-20 07:43:00,EICHERMOT
07-Jun-2016 11:11:00,,https://nsearchives.nseindia.com/corporate/ScheduleofMeetingwithAnalystandInstitutionalInvestor07June2016_07062016111151_110.zip,Eicher Motors Limited has informed the Exchange regarding Analysts Meet.,,,Analysts Meet,-,07062016111100,-,-,False,,,100782741,Automobiles - 4 Wheelers,INE066A01013,Eicher Motors Limited,2016-06-07 11:11:00,EICHERMOT
06-Jun-2016 13:41:00,,https://nsearchives.nseindia.com/corporate/ScheduleofMeetingswithAnalystsandInstitutionalInvestors06June2016_06062016134158_773.zip,Eicher Motors Limited has informed the Exchange regarding the schedule of meetings proposed with analysts and institutional investors.,,,Analysts Meet,-,06062016134100,-,-,False,,,100778911,Automobiles - 4 Wheelers,INE066A01013,Eicher Motors Limited,2016-06-06 13:41:00,EICHERMOT
02-Jun-2016 18:03:00,,https://nsearchives.nseindia.com/corporate/ScheduleofMeetingwithAnalystandInstitutionalInvestor02June2016_02062016180348_930.zip,Eicher Motors Limited has informed the Exchange regarding schedule of meeting proposed with analyst and institutional investor.,,,Updates,-,02062016180300,-,-,False,,,100770147,Automobiles - 4 Wheelers,INE066A01013,Eicher Motors Limited,2016-06-02 18:03:00,EICHERMOT
01-Jun-2016 12:30:00,,https://nsearchives.nseindia.com/corporate/RoyalEnfieldMotorcyclesSalesDataMay2016_01062016123036_188.zip,"Eicher Motors Limited has informed the Exchange regarding Release of Information to SIAM with respect to sale volume of the Company for the month of May, 2016.",,,Updates,-,01062016123000,-,-,False,,,100765709,Automobiles - 4 Wheelers,INE066A01013,Eicher Motors Limited,2016-06-01 12:30:00,EICHERMOT
01-Jun-2016 12:05:00,,https://nsearchives.nseindia.com/corporate/VECVSalesDataforMay2016_01062016120540_178.zip,Eicher Motors Limited has informed the Exchange regarding Release of information to SIAM with respect to sale volume of VE Commercial Vehicles Limited for the month of May 2016.,,,Updates,-,01062016120500,-,-,False,,,100765705,Automobiles - 4 Wheelers,INE066A01013,Eicher Motors Limited,2016-06-01 12:05:00,EICHERMOT
30-May-2016 17:54:00,,https://nsearchives.nseindia.com/corporate/ScheduleofMeetingswithAnalystsandInstitutionalInvestors30May2016_30052016175408_026.zip,"Eicher Motors Limited has informed the Exchange Pursuant to regulation 30 and 46 of SEBI (LODR) Regulations, 2015, schedule of meetings proposed with analysts and institutional investors.",,,Updates,-,30052016175400,-,-,False,,,100756874,Automobiles - 4 Wheelers,INE066A01013,Eicher Motors Limited,2016-05-30 17:54:00,EICHERMOT
27-May-2016 15:00:00,,https://nsearchives.nseindia.com/corporate/Scheduleofmeetingswithanalystsandinstitutionalinvestors27052016_27052016150038_975.zip,"Eicher Motors Limited has informed the Exchange regarding Analyst and Investor visit to stores of dealers of the Company and its subsidiaries on May 30, 2016. Morgan Stanley Eighteenth Annual India Summit May 31, 2016 to June 2, 2016.",,,Analysts Meet,-,27052016150000,-,-,False,,,100751533,Automobiles - 4 Wheelers,INE066A01013,Eicher Motors Limited,2016-05-27 15:00:00,EICHERMOT
25-May-2016 19:41:00,,https://nsearchives.nseindia.com/corporate/Noticeof34thAnnualGeneralMeeting_25052016194141_662.zip,"Eicher Motors Limited has informed the Exchange that The Company will complete dispatch of Notice of 34th Annual General Meeting and Annual Report for the financial year ended March 31, 2016 to the shareholders on May 25, 2016. Copy of Notice of AGM enclosed.",,,Annual General Meeting Updates,-,25052016194100,-,-,False,,,100743140,Automobiles - 4 Wheelers,INE066A01013,Eicher Motors Limited,2016-05-25 19:41:00,EICHERMOT
23-May-2016 15:51:00,,https://nsearchives.nseindia.com/corporate/ScheduleofMeetingswithAnalystsandInstitutionalInvestors23May2016_23052016155158_006.zip,Eicher Motors Limited has informed the Exchange regarding schedule of meetings proposed with analysts and institutional investors.,,,Updates,-,23052016155100,-,-,False,,,100734354,Automobiles - 4 Wheelers,INE066A01013,Eicher Motors Limited,2016-05-23 15:51:00,EICHERMOT
16-May-2016 11:51:00,,https://nsearchives.nseindia.com/corporate/ScheduleofMeetingwithAnalystsandInstitutionalInvestors16May26016_16052016115104_641.zip,Eicher Motors Limited has informed the Exchange regarding the schedule of meeting proposed with analysts and institutional investors .,,,Analysts Meet,-,16052016115100,-,-,False,,,100710725,Automobiles - 4 Wheelers,INE066A01013,Eicher Motors Limited,2016-05-16 11:51:00,EICHERMOT
13-May-2016 10:37:00,,https://nsearchives.nseindia.com/corporate/PressRelease13052016_13052016103703_739.zip,"Eicher Motors Limited has informed the Exchange regarding a copy of the press release being made by the Promoters on May 13, 2016",,,Press Release,-,13052016103700,-,-,False,,,100705514,Automobiles - 4 Wheelers,INE066A01013,Eicher Motors Limited,2016-05-13 10:37:00,EICHERMOT
06-May-2016 12:04:00,,https://nsearchives.nseindia.com/corporate/ScheduleofMeetingswithAnalystsandInstitutionalInvestors6May2016_06052016120416_121.zip,"Eicher Motors Limited has informed the Exchange that Pursuant to regulation 30 and 46 of SEBI (LODR) Regulations, 2015, schedule of meetings proposed with analysts and institutional investors",,,Updates,-,06052016120400,-,-,False,,,100684648,Automobiles - 4 Wheelers,INE066A01013,Eicher Motors Limited,2016-05-06 12:04:00,EICHERMOT
05-May-2016 16:01:00,,https://nsearchives.nseindia.com/corporate/EICHERMOT_OBM_05052016160130.zip,"Eicher Motors Limited has informed the Exchange that the Board of Directors at their meeting held May 5, 2016 have fixed: a) June 18, 2016 for convening the Annual General Meeting of the Company. b) June 11, 2016 (Cut-off date) for determining the members who would be entitled to vote through Remote e-voting or at the Annual General Meeting of the Company.",,,Outcome of Board Meeting,-,05052016160100,-,-,False,,,100677936,Automobiles - 4 Wheelers,INE066A01013,Eicher Motors Limited,2016-05-05 16:01:00,EICHERMOT
05-May-2016 15:13:00,,https://nsearchives.nseindia.com/corporate/EICHERMOT_press_05052016151342.zip,"Eicher Motors Limited has informed the Exchange regarding a press release dated May 5, 2016 titled ""Eicher Motors Limited (EML) announces its best ever financial results for twelve month period ending March 31st, 2016"".",,,Press Release,-,05052016151300,-,-,False,,,100677913,Automobiles - 4 Wheelers,INE066A01013,Eicher Motors Limited,2016-05-05 15:13:00,EICHERMOT
05-May-2016 14:33:00,,https://nsearchives.nseindia.com/corporate/Regulation30AllotmentOfShares_05052016143321_211.zip,"Eicher Motors Limited has informed the Exchange that the Board of Directors at their meeting held on May 5, 2016 have allotted 1,800 equity shares of face value of Rs. 10/- each of the Company to the person exercising options pursuant to Employees Stock Option Plan of the Company.",,,Allotment of Securities,-,05052016143300,-,-,False,,,100677903,Automobiles - 4 Wheelers,INE066A01013,Eicher Motors Limited,2016-05-05 14:33:00,EICHERMOT
05-May-2016 14:25:39,,https://nsearchives.nseindia.com/corporate/EICHERMOT_01_05052016142539.zip,"Eicher Motors Limited has submitted to the Exchange the standalone & consolidated financial results along with the Auditors Report for the period ended March 31, 2016.",,,Financial Result Updates,-,05052016142539,-,-,False,,,105057,Automobiles - 4 Wheelers,INE066A01013,Eicher Motors Limited,2016-05-05 14:25:39,EICHERMOT
05-May-2016 08:01:00,,https://nsearchives.nseindia.com/corporate/Scheduleofmeetingswithanalystsandinstitutionalinvestors4May2016_05052016080152_010.zip,"Eicher Motors Limited has informed the Exchange that the Company has scheduled post result conference call (for financial year ended March 31, 2016) on May 5, 2016.",,,Updates,-,05052016080100,-,-,False,,,100677772,Automobiles - 4 Wheelers,INE066A01013,Eicher Motors Limited,2016-05-05 08:01:00,EICHERMOT
02-May-2016 18:41:00,,https://nsearchives.nseindia.com/corporate/VECVSalesDataforApril2016_02052016184135_272.zip,"Eicher Motors Limited has informed the Exchange  vide letter dated May 01, 2016 regarding ""Release of information to SIAM with respect to sale volume of the Company for the month of April, 2016"".",,,Updates,-,02052016184100,-,-,False,,,100667917,Automobiles - 4 Wheelers,INE066A01013,Eicher Motors Limited,2016-05-02 18:41:00,EICHERMOT
02-May-2016 08:40:00,,https://nsearchives.nseindia.com/corporate/RoyalEnfieldMotorcyclesSalesDataApril2016_02052016084054_830.zip,"Eicher Motors Limited has informed the Exchange vide letter dated May 01, 2016 regarding ""Release of information to SIAM with respect to sale volume of the Company for the month of April, 2016"".",,,Updates,-,02052016084000,-,-,False,,,100659858,Automobiles - 4 Wheelers,INE066A01013,Eicher Motors Limited,2016-05-02 08:40:00,EICHERMOT
02-May-2016 08:40:00,,https://nsearchives.nseindia.com/corporate/VECVSalesDataforApril2016_02052016084020_829.zip,"Eicher Motors Limited has informed the Exchange vide letter dated May 01, 2016 regarding the Release of information to SIAM with respect to sale volume of VE Commercial Vehicles Limited for the month of April 2016.",,,Updates,-,02052016084000,-,-,False,,,100659857,Automobiles - 4 Wheelers,INE066A01013,Eicher Motors Limited,2016-05-02 08:40:00,EICHERMOT
27-Apr-2016 18:53:00,,https://nsearchives.nseindia.com/corporate/DisclosureUnderRegulation30OfSEBILODRRegulationsMDAppointment_27042016185317_026.zip,"Eicher Motors Limited has informed the Exchange that the Board of Directors of the Company at their meeting held April 27, 2016 has, subject to the approval of the shareholders and approval of the Central Government, re-appointed Mr. Siddhartha Lal as Managing Director of the Company for a term of 5 (Five) years with effect from May 1, 2016.",,,Reappointment,-,27042016185300,-,-,False,,,100655392,Automobiles - 4 Wheelers,INE066A01013,Eicher Motors Limited,2016-04-27 18:53:00,EICHERMOT
27-Apr-2016 18:41:00,,https://nsearchives.nseindia.com/corporate/Regulation30OfSEBILODR_27042016184144_014.zip,"Eicher Motors Limited has informed the Exchange that the Nomination and Remuneration Committee of Board of Directors of the Company at their meeting held on April 27, 2016 has granted 2,400 options under ESOP Scheme of the Company. All options shall be exercisable in three equal tranches after the end of 3rd, 4th and 5th year from the grant date. Upon exercise, each option shall result into one equity share of Rs. 10/- each.",,,ESOPs/ESOS/ESPS,-,27042016184100,-,-,False,,,100655383,Automobiles - 4 Wheelers,INE066A01013,Eicher Motors Limited,2016-04-27 18:41:00,EICHERMOT
11-Apr-2016 11:16:00,,https://nsearchives.nseindia.com/corporate/ScheduleofMeetingswithAnalystsandInstitutionalInvestors11April2016_11042016111636_189.zip,Eicher Motors Limited has informed the Exchange regarding schedule of meeting proposed with analysts and institutional investors.,,,Analysts Meet,-,11042016111600,-,-,False,,,100617122,Automobiles - 4 Wheelers,INE066A01013,Eicher Motors Limited,2016-04-11 11:16:00,EICHERMOT
08-Apr-2016 17:11:00,,https://nsearchives.nseindia.com/corporate/ScheduleOfMeetingsWithAnalystsAndInstitutionalInvestors8April2016_08042016171105_476.zip,Eicher Motors Limited has informed the Exchange regarding the schedule of analyst and institutional investor meetings.,,,Updates,-,08042016171100,-,-,False,,,100616052,Automobiles - 4 Wheelers,INE066A01013,Eicher Motors Limited,2016-04-08 17:11:00,EICHERMOT
05-Apr-2016 16:34:00,,https://nsearchives.nseindia.com/corporate/UpdateSchedulemeetingswithanalystsandinstitutionalinvestors5April2016_05042016163446_446.zip,"Eicher Motors Limited has informed the Exchange that The Company on April 1, 2016 had submitted with the exchanges a schedule of analyst and institutional investor meetings to be held on April 4, 2016 and April 6, 2016 pursuant to regulation 30 and 46 of SEBI (LODR) Regulations, 2015. In this regard, that meeting with Ambit Capital Pvt. Ltd. scheduled to be held on April 6, 2016 now stand cancelled.",,,Updates,-,05042016163400,-,-,False,,,100603301,Automobiles - 4 Wheelers,INE066A01013,Eicher Motors Limited,2016-04-05 16:34:00,EICHERMOT
01-Apr-2016 12:51:00,,https://nsearchives.nseindia.com/corporate/RoyalEnfieldMotorcyclesSalesDataforMarch2016_01042016125142_184.zip,"Eicher Motors Limited has informed the Exchange regarding the Release of information to SIAM with respect to sale volume of the Company for the month of March, 2016",,,Updates,-,01042016125100,-,-,False,,,100596530,Automobiles - 4 Wheelers,INE066A01013,Eicher Motors Limited,2016-04-01 12:51:00,EICHERMOT
01-Apr-2016 11:58:00,,https://nsearchives.nseindia.com/corporate/VECVSalesDataforMarch2016_01042016115854_155.zip,Eicher Motors Limited has informed the Exchange regarding the Release of information to SIAM with respect to sale volume of VE Commercial Vehicles Limited for the month of March 2016.,,,Updates,-,01042016115800,-,-,False,,,100596196,Automobiles - 4 Wheelers,INE066A01013,Eicher Motors Limited,2016-04-01 11:58:00,EICHERMOT
01-Apr-2016 10:50:00,,https://nsearchives.nseindia.com/corporate/ScheduleofMeetingswithAnalystsandInstitutionalInvestors1stApril2016_01042016105024_107.zip,Eicher Motors Limited has informed the Exchange regarding schedule of analyst and institutional investor meetings.,,,Updates,-,01042016105000,-,-,False,,,100592797,Automobiles - 4 Wheelers,INE066A01013,Eicher Motors Limited,2016-04-01 10:50:00,EICHERMOT
21-Mar-2016 16:06:00,,https://nsearchives.nseindia.com/corporate/Scheduleofmeetingswithanalystsandinstitutionalinvestors21March2016_21032016160636_424.zip,Eicher Motors Limited has informed the Exchange regarding schedule of analyst and institutional investor meeting.,,,Updates,-,21032016160600,-,-,False,,,100568852,Automobiles - 4 Wheelers,INE066A01013,Eicher Motors Limited,2016-03-21 16:06:00,EICHERMOT
12-Mar-2016 19:19:00,,https://nsearchives.nseindia.com/corporate/EICHERMOT_12032016191940.zip,"Eicher Motors Limited has informed the Exchange that the Company has fixed Record Date as March 23, 2016 for the purpose of Payment of Interim dividend.",,,Record Date,-,12032016191900,-,-,False,,,100538306,Automobiles - 4 Wheelers,INE066A01013,Eicher Motors Limited,2016-03-12 19:19:00,EICHERMOT
12-Mar-2016 18:21:00,,https://nsearchives.nseindia.com/corporate/InterimDividendandRecordDate_12032016182153_843.zip,"Eicher Motors Limited has informed the Exchange that the Board of Directors at their Meeting held on March 12, 2016 have approved payment of interim dividend of Rs.100/-per equity share of Rs. 10 each(at the rate of 1000%) for the financial year 2015-16.Interim Dividend will be paid on or before March 31, 2016.",,,Dividend,-,12032016182100,-,-,False,,,100538305,Automobiles - 4 Wheelers,INE066A01013,Eicher Motors Limited,2016-03-12 18:21:00,EICHERMOT
09-Mar-2016 10:11:00,,https://nsearchives.nseindia.com/corporate/ScheduleofMeetingswithAanalystsAndInstitutionalInvestors18and22Mar2016_09032016101107_227.zip,"Eicher Motors Limited has informed the Exchange that the meeting with GMO Emerging markets, India and standard life investments, UK scheduled to be held on March 11, 2016 now stand cancelled.",,,Updates,-,09032016101100,-,-,False,,,100530040,Automobiles - 4 Wheelers,INE066A01013,Eicher Motors Limited,2016-03-09 10:11:00,EICHERMOT
07-Mar-2016 11:21:00,,https://nsearchives.nseindia.com/corporate/ScheduleofMeetingswithAnalystsAndIstitutionalInvestors11to14March2016_07032016112144_392.zip,Eicher Motors Limited has informed the Exchange regarding schedule of analyst and institutional investor meetings.,,,Updates,-,07032016112100,-,-,False,,,100527417,Automobiles - 4 Wheelers,INE066A01013,Eicher Motors Limited,2016-03-07 11:21:00,EICHERMOT
07-Mar-2016 09:05:00,,https://nsearchives.nseindia.com/corporate/ClosureofTradingWindow_07032016090511_245.zip,"Eicher Motors Limited has informed the Exchange that the trading window for dealing in the securities of Eicher Motors Limited will remain closed from this day till the end of March 14, 2016.",,,Trading Window,-,07032016090500,-,-,False,,,100525361,Automobiles - 4 Wheelers,INE066A01013,Eicher Motors Limited,2016-03-07 09:05:00,EICHERMOT
03-Mar-2016 16:13:00,,https://nsearchives.nseindia.com/corporate/Scheduleofmeetingswithanalystsandinstitutionalinvestors3March2016_03032016161341_656.zip,"Eicher Motors Limited has informed the Exchange vide letter dated March 03, 2016 that meeting with Argonaut Private Equity scheduled to be held on 4th March, 2016 now stand cancelled"".",,,Updates,-,03032016161300,-,-,False,,,100520965,Automobiles - 4 Wheelers,INE066A01013,Eicher Motors Limited,2016-03-03 16:13:00,EICHERMOT
01-Mar-2016 16:26:00,,https://nsearchives.nseindia.com/corporate/VECVSalesDataFebruary2016_01032016162647_844.zip,Eicher Motors Limited has informed the Exchange regarding Release of information to SIAM with respect to sale volume of VE Commercial Vehicles Limited for the month of February 2016.,,,Updates,-,01032016162600,-,-,False,,,100511802,Automobiles - 4 Wheelers,INE066A01013,Eicher Motors Limited,2016-03-01 16:26:00,EICHERMOT
01-Mar-2016 11:00:00,,https://nsearchives.nseindia.com/corporate/RoyalEnfieldSalesDataforthemonthofFebruary2016_01032016110038_681.zip,Eicher Motors Limited has informed the Exchange regarding Release of information to SIAM with respect to sale volume of the Company for the month of February 2016,,,Updates,-,01032016110000,-,-,False,,,100507951,Automobiles - 4 Wheelers,INE066A01013,Eicher Motors Limited,2016-03-01 11:00:00,EICHERMOT
01-Mar-2016 10:31:00,,https://nsearchives.nseindia.com/corporate/ScheduleofmeetingswithanalystsandinstitutionalinvestorsMarch12016_01032016103119_663.zip,Eicher Motors Limited has informed the Exchange regarding  schedule of analyst andinstitutional investor meetings.,,,Analysts Meet,-,01032016103100,-,-,False,,,100507942,Automobiles - 4 Wheelers,INE066A01013,Eicher Motors Limited,2016-03-01 10:31:00,EICHERMOT
22-Feb-2016 11:44:00,,https://nsearchives.nseindia.com/corporate/ScheduleofmeetingswithanalystsandinstitutionalinvestorsFeb222016_22022016114411_261.zip,"Eicher Motors Limited has informed the Exchange vide letter dated February 22, 2016 regarding"" Schedule of analyst and institutional investor meetings"".",,,Analysts Meet,-,22022016114400,-,-,False,,,100485115,Automobiles - 4 Wheelers,INE066A01013,Eicher Motors Limited,2016-02-22 11:44:00,EICHERMOT
15-Feb-2016 18:11:00,,https://nsearchives.nseindia.com/corporate/DisclosureUnderRegulation30and46SEBI(LODR)UpdatedInvestorPresentation_15022016181117_339.zip,Eicher Motors Limited has submitted to the Exchange a copy of Investor Presentation.,,,Updates,-,15022016181100,-,-,False,,,100467822,Automobiles - 4 Wheelers,INE066A01013,Eicher Motors Limited,2016-02-15 18:11:00,EICHERMOT
12-Feb-2016 15:49:00,,https://nsearchives.nseindia.com/corporate/DisclosureUnderRegulation30and46SEBI(LODR)ScheduleofMeetings_12022016154900_305.zip,Eicher Motors Limited has informed the Exchange regarding  schedule of meetings proposed with analysts and institutional investors.,,,Updates,-,12022016154900,-,-,False,,,100462913,Automobiles - 4 Wheelers,INE066A01013,Eicher Motors Limited,2016-02-12 15:49:00,EICHERMOT
05-Feb-2016 15:30:00,,https://nsearchives.nseindia.com/corporate/CompanyUpdate_05022016153014_133.zip,"Eicher Motors Limited has informed the Exchange that the Board of Directors of the Company at their meeting held on February 5, 2016 has : 1) Approved the policy for determining materiality of Events and Information. 2) Approved the Policy for preservation of documents 3) Approved amendment in the policy for determining material subsidiaries.",,,Updates,-,05022016153000,-,-,False,,,100441602,Automobiles - 4 Wheelers,INE066A01013,Eicher Motors Limited,2016-02-05 15:30:00,EICHERMOT
05-Feb-2016 12:38:00,,https://nsearchives.nseindia.com/corporate/AllotmentofShares_05022016123829_983.zip,"Eicher Motors Limited has informed the Exchange that the Board of Directors at their meeting held on February 5, 2016 have allotted 7,100 equity shares of face value of Rs. 10/- each of the Company to the persons exercising options pursuant to Employees Stock Option Plan of the Company.",,,Allotment of Securities,-,05022016123800,-,-,False,,,100441511,Automobiles - 4 Wheelers,INE066A01013,Eicher Motors Limited,2016-02-05 12:38:00,EICHERMOT
05-Feb-2016 12:34:00,,https://nsearchives.nseindia.com/corporate/EMLQ42015pressrelease_05022016123454_980.zip,"Eicher Motors Limited has informed the Exchange regarding dated February 05, 2016 titled ""Eicher Motors Limited announces results for Q4 and twelve months ended December 31, 2015"".",,,Press Release,-,05022016123400,-,-,False,,,100441509,Automobiles - 4 Wheelers,INE066A01013,Eicher Motors Limited,2016-02-05 12:34:00,EICHERMOT
05-Feb-2016 12:28:58,,https://nsearchives.nseindia.com/corporate/QuarterlyResultsDecember2015_05022016122858.zip,"Eicher Motors Limited has submitted to the Exchange the standalone & consolidated financial results along with the Limited Review Report for the period ended December 31, 2015.",,,Financial Result Updates,-,05022016122858,-,-,False,,,103800,Automobiles - 4 Wheelers,INE066A01013,Eicher Motors Limited,2016-02-05 12:28:58,EICHERMOT
05-Feb-2016 09:14:00,,https://nsearchives.nseindia.com/corporate/DisclosureRegulation30ofSEBI(LODR)Regulation2015(ESOP)_05022016091412_876.zip,"Eicher Motors Limited has informed the Exchange that the Nomination and Remuneration Committee of Board of Directors of the Company at their meeting held on February 5, 2016 has granted 4,200 options under ESOP Scheme of the Company.",,,ESOPs/ESOS/ESPS,-,05022016091400,-,-,False,,,100437740,Automobiles - 4 Wheelers,INE066A01013,Eicher Motors Limited,2016-02-05 09:14:00,EICHERMOT
04-Feb-2016 17:28:00,,https://nsearchives.nseindia.com/corporate/DisclosureRegulation30and46ofSEBI(LODR)Regulations2015_04022016172823_672.zip,Eicher Motors Limited has informed the Exchange regarding schedule analyst and institutional investor meetings.,,,Updates,-,04022016172800,-,-,False,,,100437620,Automobiles - 4 Wheelers,INE066A01013,Eicher Motors Limited,2016-02-04 17:28:00,EICHERMOT
03-Feb-2016 11:01:00,,https://nsearchives.nseindia.com/corporate/VECommercialVehiclesSalesDataJanuary2016_03022016110109_562.zip,Eicher Motors Limited has informed the Exchange regarding Release of information to SIAM with respect to sale volume of VE Commercial Vehicles Limited for the month of January 2016.,,,Updates,-,03022016110100,-,-,False,,,100430064,Automobiles - 4 Wheelers,INE066A01013,Eicher Motors Limited,2016-02-03 11:01:00,EICHERMOT
03-Feb-2016 10:12:00,,https://nsearchives.nseindia.com/corporate/VECVSalesDataJanuary2016_03022016101242_513.zip,"Eicher Motors Limited has informed the Exchange regarding sale volume of VE Commercial Vehicles Ltd, an unlisted subsidiary of the Company, for the month of January 2016.",,,Updates,-,03022016101200,-,-,False,,,100430027,Automobiles - 4 Wheelers,INE066A01013,Eicher Motors Limited,2016-02-03 10:12:00,EICHERMOT
02-Feb-2016 10:54:00,,https://nsearchives.nseindia.com/corporate/DisclosureRegulation30(3)ofSEBI(LODR)Regulations2015_02022016105407_835.zip,"Eicher Motors Limited has informed the Exchange a press release dated February 02, 2016, titled ""Royal Enfield introduces Himalayan- the most definitive motorcycle for your Himalayan adventure""",,,Press Release,-,02022016105400,-,-,False,,,100427306,Automobiles - 4 Wheelers,INE066A01013,Eicher Motors Limited,2016-02-02 10:54:00,EICHERMOT
01-Feb-2016 11:11:00,,https://nsearchives.nseindia.com/corporate/RoyalEnfieldMotorcyclessalesdataforJanuary2016_01022016111100_032.zip,Eicher Motors Limited has informed the Exchange regarding Release of information to SIAM with respect to sale volume of the Company for the month of January 2016.,,,Updates,-,01022016111100,-,-,False,,,100420963,Automobiles - 4 Wheelers,INE066A01013,Eicher Motors Limited,2016-02-01 11:11:00,EICHERMOT
19-Jan-2016 18:19:00,,-,"Eicher Motors Limited has informed the Exchange that the Board of Directors of the Company will meet on February 5, 2016, inter-alia to consider and approve the Unaudited Standalone & Consolidated Financial Results of the Company for the quarter and twelve months ended on December 31, 2015. Please note that the current financial year of the Company is for fifteen months ending on March 31, 2016.",,,Updates,-,19012016181900,-,-,False,,,100393011,Automobiles - 4 Wheelers,INE066A01013,Eicher Motors Limited,2016-01-19 18:19:00,EICHERMOT
01-Jan-2016 17:32:00,,https://nsearchives.nseindia.com/corporate/EICHERMOT_update1.zip,Eicher Motors Limited has informed the Exchange regarding Release of information to SIAM with respect to sale volume of the Company for the month of December 2015.,,,Updates,-,01012016173200,-,-,False,,,100344144,Automobiles - 4 Wheelers,INE066A01013,Eicher Motors Limited,2016-01-01 17:32:00,EICHERMOT
01-Jan-2016 12:29:00,,https://nsearchives.nseindia.com/corporate/EICHERMOT_update.zip,"Eicher Motors Limited has submitted to the Exchange a copy of the communication being released to media in respect of sales volumes of VE Commercial Vehicles Limited, a subsidiary of the Company for the month of December 2015.",,,Updates,-,01012016122900,-,-,False,,,100344081,Automobiles - 4 Wheelers,INE066A01013,Eicher Motors Limited,2016-01-01 12:29:00,EICHERMOT
30-Dec-2015 08:15:00,,https://nsearchives.nseindia.com/corporate/ResultofPostalBallot_30122015081523_164.zip,"Eicher Motors Limited has informed the Exchange regarding the Declaration of result of Postal Ballot under regulation 44(3) of SEBI (LODR) Regulations, 2015 along with the Scrutinizers report.",,,"Regulation 44(3) of SEBI (LODR), Reg., 2015",-,30122015081500,-,-,False,,,100335488,Automobiles - 4 Wheelers,INE066A01013,Eicher Motors Limited,2015-12-30 08:15:00,EICHERMOT
18-Dec-2015 17:40:00,,https://nsearchives.nseindia.com/corporate/Sub-regulation(3)ofregulation30ofSEBI(ListingObligationsandDisclo_18122015174054.zip,"Eicher Motors Limited has informed the Exchange that Due to heavy rains and flooding in Chennai, both of Royal Enfield's production facilities in Thiruvottiyur and Oragadam were shut between the 1st and 6th of December 2015. Company resumed production of motorcycles on December 7, 2015 with Company manufacturing facilities operating at 50% of our installed capacity. Over the course of the last week Company production rates improved steadily as Company facilities, employees and suppliers recovered from the aftermath of the floods. As of Monday, the December 14, 2015, Company is back to normal at our plants, and are running at 100% of the companies installed capacity at Royal Enfield. Company continue to monitor the situation closely and work in the best interest of our employees, customers, business partners and the larger eco-system in Chennai.",,,Updates,-,18122015174000,-,-,False,,,100314486,Automobiles - 4 Wheelers,INE066A01013,Eicher Motors Limited,2015-12-18 17:40:00,EICHERMOT
08-Dec-2015 08:22:00,,https://nsearchives.nseindia.com/corporate/DisclosureunderRegulation30(3)ofSEBIRegulations2015_08122015082251_258.zip,"Eicher Motors Limited has informed the Exchange vide letter dated December 07, 2015 that ""Due to heavy rains and flooding in Chennai, both of Royal Enfield's production facilities in Thiruvottiyur and Oragadam were shut since the 1st of December 2015. We resumed production of motorcycles on December 7, 2015. However, due to a high rate of absenteeism by our employees, and issues with our local suppliers - we will be running at approximately 50% capacity this week, and plan to be back up to 100% capacity by next week. Prima facie, there is no damage to equipment or property and all our employees are safe and secure. We have had production loss of 7200 motorcycles due to the closure of both our manufacturing facilities between December 1- 6, 2015. Many parts of the supply chain still continue to be affected due to the aftermath of floods. Due to the rains, in November we lost production of 4000 motorcycles. We continue to monitor the situation closely and work in the best interest of all our stakeholders. We would be able to assess the insurance loss in due course, once the full normalcy is restored"".",,,Updates,-,08122015082200,-,-,False,,,100283530,Automobiles - 4 Wheelers,INE066A01013,Eicher Motors Limited,2015-12-08 08:22:00,EICHERMOT
03-Dec-2015 14:05:00,,https://nsearchives.nseindia.com/corporate/EICHERMOTOR_03122015140518.zip,"Eicher Motors Limited has informed the Exchange vide letter dated December 03, 2015 that ""The unprecedented rainfall in Chennai has severely affected the city including our employees, our manufacturing facilities and offices. The floods caused by the rain have also impacted logistics and our supply-chain, resulting in disruption of our production. As a consequence, we have shut down our offices in the city and our plants in Thiruvottiyur and Oragadam since December 1st. Due to the rains, in November we lost production of 4000 motorcycles. We are working to ensurethat all our employees are safe. We are monitoring the situation closely and hoping for normalcy to return soon"".",,,Updates,-,03122015140500,-,-,False,,,100274803,Automobiles - 4 Wheelers,INE066A01013,Eicher Motors Limited,2015-12-03 14:05:00,EICHERMOT
01-Dec-2015 15:44:00,,https://nsearchives.nseindia.com/corporate/EICHER_01.zip,"Eicher Motors Limited has submitted to the Exchange copy of the communication being released to media in respect of sales volumes of VE Commercial Vehicles Limited, a subsidiary of the Company for the month of November, 2015.",,,Updates,-,01122015154400,-,-,False,,,100267854,Automobiles - 4 Wheelers,INE066A01013,Eicher Motors Limited,2015-12-01 15:44:00,EICHERMOT
01-Dec-2015 10:30:00,,https://nsearchives.nseindia.com/corporate/EICHERMOTOR_01122015103046.zip,"Eicher Motors Limited has submitted to the Exchange a copy of the communication being released to Society of Indian Automobile Manufacturers (SIAM) in respect of sales volumes of the Company for the month of November, 2015.",,,Updates,-,01122015103000,-,-,False,,,100266329,Automobiles - 4 Wheelers,INE066A01013,Eicher Motors Limited,2015-12-01 10:30:00,EICHERMOT
27-Nov-2015 14:02:00,,https://nsearchives.nseindia.com/corporate/EICHERMOT_27112015140221.zip,"Eicher Motors Limited has submitted to the Exchange a copy of the Postal Ballot notice pursuant to Section 110 of the Companies Act, 2013 read with the Companies ( Management and Administration) Rules, 2014.",,,Postal Ballot Updates,-,27112015140200,-,-,False,,,100261181,Automobiles - 4 Wheelers,INE066A01013,Eicher Motors Limited,2015-11-27 14:02:00,EICHERMOT
06-Nov-2015 13:54:00,,https://nsearchives.nseindia.com/corporate/ESOPGrantSept2015_06112015135444_523.zip,"Eicher Motors Limited has informed the Exchange that the Nomination and Remuneration Committee of Board of Directors of the Company has granted 7,800 options at its meeting held on November 6, 2015.All options shall be exercisable in three equal tranches after the end of 3rd, 4th and 5th year from the grant date. Upon exercise, each option shall result into one equity share of Rs. 10/- each.",,,ESOPs/ESOS/ESPS,-,06112015135400,-,-,False,,,100227877,Automobiles - 4 Wheelers,INE066A01013,Eicher Motors Limited,2015-11-06 13:54:00,EICHERMOT
06-Nov-2015 13:45:00,,https://nsearchives.nseindia.com/corporate/Clause36PressReleaseSeptember2015_06112015134544_518.zip,"Eicher Motors Limited has informed the Exchange regarding a press release dated November 06, 2015, titled ""Eicher Motors Limited announces Q3/Nine months Results for CY 2015"".",,,Press Release,-,06112015134500,-,-,False,,,100227873,Automobiles - 4 Wheelers,INE066A01013,Eicher Motors Limited,2015-11-06 13:45:00,EICHERMOT
06-Nov-2015 13:31:27,,https://nsearchives.nseindia.com/corporate/EICHERMOT_06112015133127.zip,Eicher Motors Limited has submitted to the exchange the standalone & consolidated financial results along with the Limited Review Report for the period ended 30-Sep-2015.,,,Financial Result Updates,-,06112015133127,-,-,False,,,102380,Automobiles - 4 Wheelers,INE066A01013,Eicher Motors Limited,2015-11-06 13:31:27,EICHERMOT
02-Nov-2015 09:32:00,,https://nsearchives.nseindia.com/corporate/sales.zip,"Eicher Motors Limited has informed the Exchange regarding the Release of communication to media with respect of sales volumes of VE Commercial Vehicles Limited, a subsidiary of the Company for the month of October 2015.",,,Updates,-,02112015093200,-,-,False,,,100214077,Automobiles - 4 Wheelers,INE066A01013,Eicher Motors Limited,2015-11-02 09:32:00,EICHERMOT
02-Nov-2015 08:46:00,,https://nsearchives.nseindia.com/corporate/Clause36ReleaseofcommunicationtoSIAMOctober2015_02112015084631_008.zip,"Eicher Motors Limited has informed the Exchange regarding the release of communication to SIAM with respect to sales volumes of the Company for the month of October, 2015",,,Updates,-,02112015084600,-,-,False,,,100214063,Automobiles - 4 Wheelers,INE066A01013,Eicher Motors Limited,2015-11-02 08:46:00,EICHERMOT
09-Oct-2015 16:20:00,,https://nsearchives.nseindia.com/corporate/Stock_exchange_-intimation_letter_09102015162033.zip,"Eicher Motors Limited has informed the Exchange that the Company has appointed M/s Link Intime India Pvt. Ltd. as its Registrar and Share Transfer Agent in place of MCS Ltd. New Delhi.M/s Link Intime India Pvt. Ltd., will be handling the registry work relating to the securities of the Company held in both physical and electronic form from their office located at : M/s Link Intime India Pvt. Ltd., 44, Community Centre, Phase-1, Near PVR Cinemas, Naraina Industrial Area, New Delhi-110028.",,,Address Change,-,09102015162000,-,-,False,,,100174399,Automobiles - 4 Wheelers,INE066A01013,Eicher Motors Limited,2015-10-09 16:20:00,EICHERMOT
01-Oct-2015 12:16:00,,https://nsearchives.nseindia.com/corporate/EicherMotorsalesDataforSeptember2015_01102015121638.zip,"Eicher Motors Limited has submitted to the Exchange a copy of the communication being released to Society of Indian Automobile Manufacturers (SIAM) in respect of sales volumes of the Company for the month of September, 2015.",,,Updates,-,01102015121600,-,-,False,,,100160451,Automobiles - 4 Wheelers,INE066A01013,Eicher Motors Limited,2015-10-01 12:16:00,EICHERMOT
01-Oct-2015 12:08:00,,https://nsearchives.nseindia.com/corporate/EICHERMOT01.zip,"Eicher Motors Limited has submitted to the Exchange a copy of the communication being released to media in respect of sales volumes of VE Commercial Vehicles Limited, a subsidiary of the Company for the month of September, 2015.",,,Updates,-,01102015120800,-,-,False,,,100161078,Automobiles - 4 Wheelers,INE066A01013,Eicher Motors Limited,2015-10-01 12:08:00,EICHERMOT
01-Sep-2015 11:41:00,,https://nsearchives.nseindia.com/corporate/EICHERMOT01.zip,"Eicher Motors Limited has submitted to the Exchange a copy of the communication being released to media in respect of sales volumes of VE Commercial Vehicles Limited, a subsidiary of the Company for the month of August, 2015.",,,Updates,-,01092015114100,-,-,False,,,100118312,Automobiles - 4 Wheelers,INE066A01013,Eicher Motors Limited,2015-09-01 11:41:00,EICHERMOT
01-Sep-2015 11:09:00,,https://nsearchives.nseindia.com/corporate/EICHERMOT_update_01092015110933.zip,"Eicher Motors Limited has submitted to the Exchange a copy of the communication being released to Society of Indian Automobile Manufacturers (SIAM) in respect of sales volumes of the Company for the month of August, 2015.",,,Updates,-,01092015110900,-,-,False,,,100118299,Automobiles - 4 Wheelers,INE066A01013,Eicher Motors Limited,2015-09-01 11:09:00,EICHERMOT
24-Aug-2015 08:58:00,,https://nsearchives.nseindia.com/corporate/Clause36copyofPressRelease_24082015085848_128.zip,"Eicher Motors Limited has informed the Exchange regarding a press release dated August 24, 2015 titled ""Royal Enfield enters Indonesia to redefine the mid-size motorcycle segment"".",,,Press Release,-,24082015085800,-,-,False,,,100100121,Automobiles - 4 Wheelers,INE066A01013,Eicher Motors Limited,2015-08-24 08:58:00,EICHERMOT
17-Aug-2015 18:20:00,,https://nsearchives.nseindia.com/corporate/EICHERMOT_press_17082015182055.zip,"Eicher Motors Limited has informed the Exchange regarding a press release dated August 17, 2015 titled ""Royal Enfield announces direct distribution subsidiary in North America"".",,,Press Release,-,17082015182000,-,-,False,,,100091320,Automobiles - 4 Wheelers,INE066A01013,Eicher Motors Limited,2015-08-17 18:20:00,EICHERMOT
01-Aug-2015 15:34:00,,https://nsearchives.nseindia.com/corporate/EICHERMOT_sales1.zip,"Eicher Motors Limited has submitted to the Exchange a copy of the communication being released to media in respect of sales volumes of VE Commercial Vehicles Limited, a subsidiary of the Company for the month of July, 2015.",,,Updates,-,01082015153400,-,-,False,,,100060130,Automobiles - 4 Wheelers,INE066A01013,Eicher Motors Limited,2015-08-01 15:34:00,EICHERMOT
01-Aug-2015 12:17:00,,https://nsearchives.nseindia.com/corporate/EICHERMOT_sale.zip,"Eicher Motors Limited has submitted to the Exchange a copy of the communication being released to Society of Indian Automobile Manufacturers (SIAM) in respect of sales volumes of the Company for the month of July, 2015.",,,Updates,-,01082015121700,-,-,False,,,100060048,Automobiles - 4 Wheelers,INE066A01013,Eicher Motors Limited,2015-08-01 12:17:00,EICHERMOT
21-Jul-2015 19:44:00,,https://nsearchives.nseindia.com/corporate/Clause25intimationGrantofoptionsunderESOPScheme_21072015194442_305.zip,"Eicher Motors Limited has informed the Exchange that the Nomination and Remuneration Committee of Board of Directors of the Company has granted 6590 options at its meeting held on July 21, 2015. Of these 5790 options shall be exercisable in three equal tranches after the end of 3rd, 4th and 5th year from the grant date and 800 options shall be exercisable after the end of 5 year in a single tranche. Upon exercise, each option shall result into one equity share of Rs. 10/- each.",,,ESOPs/ESOS/ESPS,-,21072015194400,-,-,False,,,100052499,Automobiles - 4 Wheelers,INE066A01013,Eicher Motors Limited,2015-07-21 19:44:00,EICHERMOT
21-Jul-2015 19:27:00,,https://nsearchives.nseindia.com/corporate/eicher_code_21072015192712.zip,"Eicher Motors Limited has informed the Exchange that the Board of Directors at their meeting held on July 21, 2015 approved the revised ""Code of Practices and Procedures for Fair Disclosure of Unpublished Price Sensitive Information"" and ""Code of Conduct to Regulate, Monitor and Report Trading by Employees and Other Connected Persons pursuant to SEBI (Prohibition of Insider Trading) Regulations, 2015"". Revised Code of Practices and Procedures for Fair Disclosure of Unpublished Price Sensitive Information is enclosed herewith and the same will also be uploaded on the website of the Company.",,,"Code of Conduct under SEBI(PIT) Reg., 2015",-,21072015192700,-,-,False,,,100052488,Automobiles - 4 Wheelers,INE066A01013,Eicher Motors Limited,2015-07-21 19:27:00,EICHERMOT
21-Jul-2015 19:21:00,,https://nsearchives.nseindia.com/corporate/eicherMotors_update_21072015192103.zip,"Eicher Motors Limited has informed the Exchange that the Board of Directors at their meeting held on July 21, 2015, subject to the approval of the shareholders, approved amendment to the Object Clause of the Memorandum of Association of the Company to include, inter alia, the business of dealing in garments, merchandise, clothing accessories, wearing apparel, protective gears, footwear, headgear, bags, eye wears, motorcycle attachments, motorcycle accessories, protective accessories and parts and to own, acquire, operate restaurants, cafeterias, pubs, bars, breweries, places of amusement and undertake, organize, sponsor tours, events, competitions, reunions, sports events, let out motorcycle and other related activities, recreations, driver training centers, skill development centers etc.",,,Amendments to Memorandum & Articles of Association,-,21072015192100,-,-,False,,,100052486,Automobiles - 4 Wheelers,INE066A01013,Eicher Motors Limited,2015-07-21 19:21:00,EICHERMOT
21-Jul-2015 19:03:31,,https://nsearchives.nseindia.com/corporate/EICHERMOT_Results_21072015190331.zip,Eicher Motors Limited has submitted to the exchange the standalone & consolidated financial results along with the Limited Review Report for the period ended 30-Jun-2015.,,,Financial Result Updates,-,21072015190331,-,-,False,,,100105,Automobiles - 4 Wheelers,INE066A01013,Eicher Motors Limited,2015-07-21 19:03:31,EICHERMOT
01-Jul-2015 13:17:00,,https://nsearchives.nseindia.com/corporate/EICHERMOT02_01072015131602.zip,"Eicher Motors Limited has submitted to the Exchange a copy of the communication being released to media in respect of sales volumes of VE Commercial Vehicles Limited, a subsidiary of the Company for the month of June, 2015.",,,Updates,-,01072015131700,-,-,False,,,1597509,Automobiles - 4 Wheelers,INE066A01013,Eicher Motors Limited,2015-07-01 13:17:00,EICHERMOT
01-Jul-2015 11:49:00,,https://nsearchives.nseindia.com/corporate/EICHER_01_07012015114901_1.zip,"Eicher Motors Limited has submitted to the Exchange a copy of the communication being released to Society of Indian Automobile Manufacturers (SIAM) in respect of sales volumes of the Company for the month of June, 2015.",,,Updates,-,01072015114900,-,-,False,,,1596678,Automobiles - 4 Wheelers,INE066A01013,Eicher Motors Limited,2015-07-01 11:49:00,EICHERMOT
18-Jun-2015 09:45:00,,https://nsearchives.nseindia.com/corporate/EICHER_01_06182015094502_1.zip,"Eicher Motors Limited has informed the Exchange regarding a press release dated June 18, 2015, titled ""Eicher Polaris Pvt Ltd Launches Multix India's First Personal Utility Vehicle"".",,,Press Release,-,18062015094500,-,-,False,,,1574004,Automobiles - 4 Wheelers,INE066A01013,Eicher Motors Limited,2015-06-18 09:45:00,EICHERMOT
01-Jun-2015 14:19:00,,https://nsearchives.nseindia.com/corporate/EICHER_update_01062015141858.zip,"Eicher Motors Limited has informed the Exchange regarding ""Release of Communication to media with respect to sales volumes of VE Commercial Vehicles Limited, a subsidiary of the Company for the month of May 2015"".",,,Monthly Business Updates,-,01062015141900,-,-,False,,,1544594,Automobiles - 4 Wheelers,INE066A01013,Eicher Motors Limited,2015-06-01 14:19:00,EICHERMOT
01-Jun-2015 11:01:00,,https://nsearchives.nseindia.com/corporate/Clause36ReleasecommSIAMMay2015_06012015110102_1.zip,"Eicher Motors Limited has submitted to the Exchange copy of the communication being released to society of Indian Automobile Manufacturers (SIAM) in respect of sales volumes of the Company for the month of May, 2015.",,,Updates,-,01062015110100,-,-,False,,,1544005,Automobiles - 4 Wheelers,INE066A01013,Eicher Motors Limited,2015-06-01 11:01:00,EICHERMOT
01-Jun-2015 10:59:00,,https://nsearchives.nseindia.com/corporate/Clause36ReleasecommSIAMMay2015_06012015105901_1.zip,"Eicher Motors Limited has submitted to the Exchange a copy of the Communication being released to Society of Indian Automobile Manufacturers (SIAM) in respect of sales volumes of the Company for the Month of May, 2015.",,,Updates,-,01062015105900,-,-,False,,,1544003,Automobiles - 4 Wheelers,INE066A01013,Eicher Motors Limited,2015-06-01 10:59:00,EICHERMOT
26-May-2015 12:05:00,,https://nsearchives.nseindia.com/corporate/EICHER_MOTOrs_26052015120457.zip,"Eicher Motors Limited has submitted to the Exchange vide letter dated May 22, 2015 a copy of disclosure pursuant to Regulation 7(2) read with Regulation 6(2) of the SEBI (Prohibition of Insider Trading) Regulations, 2015. ",,,Disclosure under Insider Trading Regulation,-,26052015120500,-,-,False,,,1534221,Automobiles - 4 Wheelers,INE066A01013,Eicher Motors Limited,2015-05-26 12:05:00,EICHERMOT
25-May-2015 18:51:00,,https://nsearchives.nseindia.com/corporate/Eicher_25052015185029.zip,"Eicher Motors Limited has submitted to the Exchange vide letter dated May 22, 2015 a copy of disclosure pursuant to Regulation 7(2) read with Regulation 6(2) of the SEBI (Prohibition of Insider Trading) Regulations, 2015. ",,,Disclosure under Insider Trading Regulation,-,25052015185100,-,-,False,,,1532562,Automobiles - 4 Wheelers,INE066A01013,Eicher Motors Limited,2015-05-25 18:51:00,EICHERMOT
13-May-2015 20:30:00,,https://nsearchives.nseindia.com/corporate/EICHERMOT_update_05132015203003_1.zip,"Eicher Motors Limited has informed the Exchange that the Company has formulated the Code of Conduct for Regulating, Monitoring and Reporting trading by an Insider pursuant to SEBI (Prohibition of Insider Trading) Regulations, 2015.",,,Updates,-,13052015203000,-,-,False,,,1511123,Automobiles - 4 Wheelers,INE066A01013,Eicher Motors Limited,2015-05-13 20:30:00,EICHERMOT
13-May-2015 20:28:00,,https://nsearchives.nseindia.com/corporate/EICHERMOT_code_05132015202802_1.zip,"Eicher Motors Limited has informed the Exchange that the Company has formulated and published on its website ""Code of Practices and Procedures for Fair Disclosure of Unpublished Price Sensitive Information, pursuant to SEBI (Prohibition of Insider Trading) Regulations, 2015.",,,Updates,-,13052015202800,-,-,False,,,1511122,Automobiles - 4 Wheelers,INE066A01013,Eicher Motors Limited,2015-05-13 20:28:00,EICHERMOT
11-May-2015 21:24:00,,https://nsearchives.nseindia.com/corporate/PurchaseofBusinessandAssetsofHARRISPERFORMANCEPRODUCTSLIMITED_05112015212402_1.zip,"Eicher Motors Limited has informed the Exchange regarding a press release dated May 11, 2015 titled ""Royal Enfield Acquires Harris Performance"".",,,Press Release,-,11052015212400,-,-,False,,,1506021,Automobiles - 4 Wheelers,INE066A01013,Eicher Motors Limited,2015-05-11 21:24:00,EICHERMOT
08-May-2015 16:35:00,,https://nsearchives.nseindia.com/corporate/EICHERMOT_esop_05082015163502_1.zip,"Eicher Motors Limited has informed the Exchange that the Nomination and Remuneration Committee of Board of Directors of the Company has granted 53,000 options at its meeting held on May 8, 2015. All options shall be exercisable in three equal tranches after the end of 3rd,4th and 5th year from the grant date. Upon exercise, each option shall result into one equity share of Rs. 10/- each.",,,ESOPs/ESOS/ESPS,-,08052015163500,-,-,False,,,1503344,Automobiles - 4 Wheelers,INE066A01013,Eicher Motors Limited,2015-05-08 16:35:00,EICHERMOT
08-May-2015 14:51:02,,https://nsearchives.nseindia.com/corporate/EICHERMOT_results_05082015145102_.zip,"Eicher Motors Limited, Eicher Motors Limited has submitted to the exchange the standalone & consolidated financial results along with the Limited Review Report for the period ended 31-Mar-2015.",,,Financial Result Updates,-,08052015145102,-,-,False,,,27516,Automobiles - 4 Wheelers,INE066A01013,Eicher Motors Limited,2015-05-08 14:51:02,EICHERMOT
02-May-2015 14:45:00,,https://nsearchives.nseindia.com/corporate/EICHERMOT02_02052015144426.zip,"Eicher Motors Limited has informed the Exchange regarding sales volumes of VE Commercial Vehicles Limited, a subsidiary of the Company for the month of April, 2015.",,,Updates,-,02052015144500,-,-,False,,,1491962,Automobiles - 4 Wheelers,INE066A01013,Eicher Motors Limited,2015-05-02 14:45:00,EICHERMOT
02-May-2015 11:13:00,,https://nsearchives.nseindia.com/corporate/Clause36intimation_05022015111301_1.zip,"Eicher Motors Limited has informed the Exchange Release of communication to SIAM with respect to sales volumes of the Company for the month of April, 2015.",,,Updates,-,02052015111300,-,-,False,,,1491908,Automobiles - 4 Wheelers,INE066A01013,Eicher Motors Limited,2015-05-02 11:13:00,EICHERMOT
20-Apr-2015 08:17:00,,https://nsearchives.nseindia.com/corporate/eichermotor1_20042015081646.zip,"Eicher Motors Limited has submitted to the Exchange a copy of Minutes of Annual General Meeting of the Company held on March 20, 2015.",,,Annual General Meeting Updates,-,20042015081700,-,-,False,,,1469158,Automobiles - 4 Wheelers,INE066A01013,Eicher Motors Limited,2015-04-20 08:17:00,EICHERMOT
09-Apr-2015 17:01:00,,https://nsearchives.nseindia.com/corporate/eichermotorsltd_taralal_04092015170102_1.zip,"Tara Lal has submitted to the Exchange vide letter dated April 01, 2015 a copy of disclosure under Regulation 30(1) and 30(2) of SEBI (Substantial Acquisition of Shares & Takeovers) Regulations, 2011.  ",,,Disc. under Reg.30 of SEBI (SAST) Reg.2011,-,09042015170100,-,-,False,,,1454294,Automobiles - 4 Wheelers,INE066A01013,Eicher Motors Limited,2015-04-09 17:01:00,EICHERMOT
09-Apr-2015 16:59:00,,https://nsearchives.nseindia.com/corporate/eichermotorsltd_simranlal_04092015165901_1.zip,"Simran Lal has submitted to the Exchange vide letter dated April 01, 2015 a copy of disclosure under Regulation 30(1) and 30(2) of SEBI (Substantial Acquisition of Shares & Takeovers) Regulations, 2011.  ",,,Disc. under Reg.30 of SEBI (SAST) Reg.2011,-,09042015165900,-,-,False,,,1454291,Automobiles - 4 Wheelers,INE066A01013,Eicher Motors Limited,2015-04-09 16:59:00,EICHERMOT
09-Apr-2015 16:58:00,,https://nsearchives.nseindia.com/corporate/eichermotorsltd_eichergoodearthtrust_04092015165802_2.zip,"Eicher Goodearth Trust has submitted to the Exchange vide letter dated April 01, 2015 a copy of disclosure under Regulation 30(1) and 30(2) of SEBI (Substantial Acquisition of Shares & Takeovers) Regulations, 2011.  ",,,Disc. under Reg.30 of SEBI (SAST) Reg.2011,-,09042015165800,-,-,False,,,1454290,Automobiles - 4 Wheelers,INE066A01013,Eicher Motors Limited,2015-04-09 16:58:00,EICHERMOT
09-Apr-2015 16:51:00,,https://nsearchives.nseindia.com/corporate/eichermotorsltd_vikramlal_04092015165101_1.zip,"Vikram Lal has submitted to the Exchange vide letter dated April 01, 2015 a copy of disclosure under Regulation 30(1) and 30(2) of SEBI (Substantial Acquisition of Shares & Takeovers) Regulations, 2011.",,,Disc. under Reg.30 of SEBI (SAST) Reg.2011,-,09042015165100,-,-,False,,,1454283,Automobiles - 4 Wheelers,INE066A01013,Eicher Motors Limited,2015-04-09 16:51:00,EICHERMOT
09-Apr-2015 16:47:00,,https://nsearchives.nseindia.com/corporate/eichermotorsltd_eichergoodearthpvtltd_04092015164702_1.zip,"Eicher Goodearth Pvt. Ltd. has submitted to the Exchange vide letter dated April 01, 2015 a copy of disclosure under Regulation 30(1) and 30(2) of SEBI (Substantial Acquisition of Shares & Takeovers) Regulations, 2011.  ",,,Disc. under Reg.30 of SEBI (SAST) Reg.2011,-,09042015164700,-,-,False,,,1454274,Automobiles - 4 Wheelers,INE066A01013,Eicher Motors Limited,2015-04-09 16:47:00,EICHERMOT
09-Apr-2015 16:09:00,,https://nsearchives.nseindia.com/corporate/eichermotorsltd_anitalal_04092015160902_1.zip,"Anita Lal has submitted to the Exchange vide letter dated April 01, 2015 a copy of disclosure under Regulation 30(2) of SEBI (Substantial Acquisition of Shares & Takeovers) Regulations, 2011.  ",,,Disc. under Reg.30 of SEBI (SAST) Reg.2011,-,09042015160900,-,-,False,,,1454227,Automobiles - 4 Wheelers,INE066A01013,Eicher Motors Limited,2015-04-09 16:09:00,EICHERMOT
09-Apr-2015 16:08:00,,https://nsearchives.nseindia.com/corporate/eicermotorsltd_rukmanijoshi_04092015160801_1.zip,"Rukmani Joshi has submitted to the Exchange vide letter dated April 01, 2015 a copy of disclosure under Regulation 30(2) of SEBI (Substantial Acquisition of Shares & Takeovers) Regulations, 2011.",,,Disc. under Reg.30 of SEBI (SAST) Reg.2011,-,09042015160800,-,-,False,,,1454223,Automobiles - 4 Wheelers,INE066A01013,Eicher Motors Limited,2015-04-09 16:08:00,EICHERMOT
09-Apr-2015 16:05:00,,https://nsearchives.nseindia.com/corporate/eichermotorsltd_thebrindalaltrust_04092015160501_1.zip,"The Brinda Lal Trust has submitted to the Exchange vide letter dated April 01, 2015 a copy of disclosure under Regulation 30(2) of SEBI (Substantial Acquisition of Shares & Takeovers) Regulations, 2011.",,,Disc. under Reg.30 of SEBI (SAST) Reg.2011,-,09042015160500,-,-,False,,,1454217,Automobiles - 4 Wheelers,INE066A01013,Eicher Motors Limited,2015-04-09 16:05:00,EICHERMOT
09-Apr-2015 16:01:00,,https://nsearchives.nseindia.com/corporate/eichermotorsltd_siddharthalal_04092015160102_3.zip,"Siddhartha Lal has submitted to the Exchange vide letter dated April 01, 2015 a copy of disclosure under Regulation 30(2) of SEBI (Substantial Acquisition of Shares & Takeovers) Regulations, 2011.",,,Disc. under Reg.30 of SEBI (SAST) Reg.2011,-,09042015160100,-,-,False,,,1454215,Automobiles - 4 Wheelers,INE066A01013,Eicher Motors Limited,2015-04-09 16:01:00,EICHERMOT
09-Apr-2015 16:00:00,,https://nsearchives.nseindia.com/corporate/eichermotorsltd_thesimransiddharthatara_04092015160002_1.zip,"The Simran Siddhartha Tara Benefit Trust has submitted to the Exchange vide letter dated April 01, 2015 a copy of disclosure under Regulation 30(2) of SEBI (Substantial Acquisition of Shares & Takeovers) Regulations, 2011.",,,Disc. under Reg.30 of SEBI (SAST) Reg.2011,-,09042015160000,-,-,False,,,1454212,Automobiles - 4 Wheelers,INE066A01013,Eicher Motors Limited,2015-04-09 16:00:00,EICHERMOT
06-Apr-2015 09:36:00,,https://nsearchives.nseindia.com/corporate/EICHERMOT_cover_06042015093519.zip,"Eicher Motors Limited has informed the Exchange regarding communication being released to Society of Indian Automobile Manufacturers (SIAM) in respect of sales volumes of the Company for the month of March, 2015.(Revised)",,,Updates,-,06042015093600,-,-,False,,,1445460,Automobiles - 4 Wheelers,INE066A01013,Eicher Motors Limited,2015-04-06 09:36:00,EICHERMOT
01-Apr-2015 13:28:00,,https://nsearchives.nseindia.com/corporate/EICHERMOT_04012015132802_1.zip,"Eicher Motors Limited has informed the Exchange regarding communication being released to Society of Indian Automobile Manufacturers (SIAM) in respect of sales volumes of the Company for the month of March, 2015.",,,Updates,-,01042015132800,-,-,False,,,1444620,Automobiles - 4 Wheelers,INE066A01013,Eicher Motors Limited,2015-04-01 13:28:00,EICHERMOT
23-Mar-2015 08:32:00,,https://nsearchives.nseindia.com/corporate/EICHER_dis35A_03232015083202_1.zip,"Eicher Motors Limited has submitted to the Exchange the details of voting results of the Annual General Meeting of the Company held on the March 20, 2015 along with Report of Scrutinizer pursuant as per clause 35A of the Listing Agreement.",,,Disclosure of Voting Pattern - Clause 35A,-,23032015083200,-,-,False,,,1423309,Automobiles - 4 Wheelers,INE066A01013,Eicher Motors Limited,2015-03-23 08:32:00,EICHERMOT
20-Mar-2015 16:26:00,,https://nsearchives.nseindia.com/corporate/EICHER_01_03202015162601_1.zip,"Eicher Motors Limited has informed the Exchange that the Compensation Committee of Board of Directors of the Company has granted 4500 options at its meeting held on March 20, 2015.",,,ESOPs/ESOS/ESPS,-,20032015162600,-,-,False,,,1423233,Automobiles - 4 Wheelers,INE066A01013,Eicher Motors Limited,2015-03-20 16:26:00,EICHERMOT
05-Mar-2015 08:39:00,,https://nsearchives.nseindia.com/corporate/volvo_03052015083902_1.zip,"Aktiebolaget Volvo (publ) has submitted to the Exchange vide its letter dated March 04, 2015  a copy of disclosure under Regulation 29(2) of SEBI (Substantial Acquisition of Shares & Takeovers) Regulations, 2011.   ",,,Disclosure under SEBI Takeover Regulations,-,05032015083900,-,-,False,,,1395735,Automobiles - 4 Wheelers,INE066A01013,Eicher Motors Limited,2015-03-05 08:39:00,EICHERMOT
04-Mar-2015 13:56:00,,https://nsearchives.nseindia.com/corporate/EICHER_PR_03042015135602_1.zip,"Eicher Motors Limited has informed the Exchange regarding a press release dated March 04, 2015, titled ""Statement from Eicher Motors Limited on AB Volvo's stake sale"".",,,Press Release,-,04032015135600,-,-,False,,,1394174,Automobiles - 4 Wheelers,INE066A01013,Eicher Motors Limited,2015-03-04 13:56:00,EICHERMOT
02-Mar-2015 08:25:00,,https://nsearchives.nseindia.com/corporate/EICHER_02_02032015082454.zip,"Eicher Motors Limited has submitted to the Exchange a copy of the Communication being released to media in respect of sales volumes of VE Commercial Vehicles Limited, a subsidiary of the Company for the month of February, 2015.",,,Updates,-,02032015082500,-,-,False,,,1387377,Automobiles - 4 Wheelers,INE066A01013,Eicher Motors Limited,2015-03-02 08:25:00,EICHERMOT
02-Mar-2015 08:24:00,,https://nsearchives.nseindia.com/corporate/EICHERMOTOR_02032015_02032015082331.zip,"Eicher Motors Limited has submitted to the Exchange a copy of the communication being released to Society of Indian Automobile Manufacturers (SIAM) in respect of sales volumes of the Company for the month of February, 2015. ",,,Updates,-,02032015082400,-,-,False,,,1387376,Automobiles - 4 Wheelers,INE066A01013,Eicher Motors Limited,2015-03-02 08:24:00,EICHERMOT
28-Feb-2015 13:16:00,,https://nsearchives.nseindia.com/corporate/Eicher_AGM_02282015131601_1.zip,Eicher Motors Limited has submitted to the Exchange a copy of notice of Annual General Meeting published in the newspaper.,,,Annual General Meeting Updates,-,28022015131600,-,-,False,,,1387345,Automobiles - 4 Wheelers,INE066A01013,Eicher Motors Limited,2015-02-28 13:16:00,EICHERMOT
24-Feb-2015 10:04:00,,-,"The Exchange had sought clarification from Eicher Motors Limited with respect to a news item captioned ""Royal Enfield to invest Rs. 500 cr to expand biz"". The Company has clarified that ""Over the last many years, the demand for our products has been growing rapidly. In order to meet this market demand, we have been increasing our production capacity. Also, in order to ensure longer term growth, our focus is on developing new products, expanding distribution network and strengthening our organisational capabilities in sales/marketing, information technology, human resources etc. Also, we intend to build 2 technology centres   a larger centre in Chennai, India and a smaller satellite centre in UK. These will strengthen our capabilities in product development. The capex of Rs. 500 crores will be invested in all of these areas"". ",,,News Clarification,-,24022015100400,-,-,False,,,1376469,Automobiles - 4 Wheelers,INE066A01013,Eicher Motors Limited,2015-02-24 10:04:00,EICHERMOT
18-Feb-2015 14:55:00,,-,"The Company had informed the Exchange that the Annual General Meeting of the Company shall be held on March 26, 2015. The Company has now informed the Exchange that the Annual General Meeting of the Company shall be held on March 20, 2015.",,,Annual General Meeting Updates,-,18022015145500,-,-,False,,,1369770,Automobiles - 4 Wheelers,INE066A01013,Eicher Motors Limited,2015-02-18 14:55:00,EICHERMOT
18-Feb-2015 14:51:00,,-,"The Company had informed the Exchange that the Register of Members and Share Transfer Books of the Company will remain closed from March 19, 2015 to March 26, 2015 for the purpose of Dividend and Annual General Meeting scheduled to be held on March 26, 2015. The Company has now informed the Exchange that the Register of Members and Share Transfer Books of the Company will remain closed from March 13, 2015 to March 20, 2015 (both days inclusive) for the purpose of payment of Dividend and Annual General Meeting scheduled to be held on March 20, 2015.",,,Book Closure Updates,-,18022015145100,-,-,False,,,1369766,Automobiles - 4 Wheelers,INE066A01013,Eicher Motors Limited,2015-02-18 14:51:00,EICHERMOT
18-Feb-2015 11:52:00,,-,"The Exchange has sought clarification from Eicher Motors Limited with respect to recent news item captioned ""Royal Enfield to invest Rs. 500 cr to expand biz"". In this regard, Exchange have advised the Company to provide clarification/confirmation on the news item in detail including the following: a) Whether such event/negotiations/article stated in published news were taking place? If so, you are advised to provide the said information along with the sequence of events in chronological order and the material impact of this article on the Company. b) Whether company are aware of any information that has not been announced to the Exchanges under clause 36 of the Listing Agreement. The response from the Company is awaited.",,,News Clarification,-,18022015115200,-,-,False,,,1369748,Automobiles - 4 Wheelers,INE066A01013,Eicher Motors Limited,2015-02-18 11:52:00,EICHERMOT
16-Feb-2015 16:17:00,,-,"Eicher Motors Limited has informed the Exchange that the Company has fixed Book Closure from March 19, 2015 to March 26, 2015 for the purpose of Dividend and Annual General Meeting scheduled to be held on March 26, 2015.",,,AGM/Book Closure,-,16022015161700,-,-,False,,,1366382,Automobiles - 4 Wheelers,INE066A01013,Eicher Motors Limited,2015-02-16 16:17:00,EICHERMOT
14-Feb-2015 12:23:00,,https://nsearchives.nseindia.com/corporate/EICHERMOT_agm_02142015122301_1.zip,"Eicher Motors Limited has informed the Exchange that pursuant to the provisions of Section 2(41) of the Companies Act, 2013, the Board of Directors has at its meeting held on February 13, 2015, changed the financial year of the Company from ""January-December"" to ""April- March"".  Further, the Company has informed that the current financial year of the Company will be of a period  of 15 months commencing on January 1, 2015 and ending on March 31, 2016.",,,Change in Financial Year,-,14022015122300,-,-,False,,,1365509,Automobiles - 4 Wheelers,INE066A01013,Eicher Motors Limited,2015-02-14 12:23:00,EICHERMOT
14-Feb-2015 12:00:00,,-,"Eicher Motors Limited has informed the Exchange that the Board of Directors has, at its meeting held on February 13, 2015, recommended dividend @ 500% (Rs. 50/- per equity share) and the same shall be paid on or before April 05, 2015, subject to the approval of shareholders at the ensuing Annual General Meeting.",,,Dividend,-,14022015120000,-,-,False,,,1365349,Automobiles - 4 Wheelers,INE066A01013,Eicher Motors Limited,2015-02-14 12:00:00,EICHERMOT
14-Feb-2015 11:27:03,,https://nsearchives.nseindia.com/corporate/EICHERMOT_31Dec14_B_02142015112702_.zip,Eicher Motors Limited has submitted to the exchange the standalone & consolidated financial results for the period ended 31-Dec-2014.,,,Financial Result Updates,-,14022015112703,-,-,False,,,27009,Automobiles - 4 Wheelers,INE066A01013,Eicher Motors Limited,2015-02-14 11:27:03,EICHERMOT
14-Feb-2015 10:40:00,,https://nsearchives.nseindia.com/corporate/EICHER_01_02142015103902_.zip,"Eicher Motors Limited has informed the Exchange that in terms of RBI Circular dated March 19, 2012, the Company has informed the Exchange that the Board of Directors of the Company at its meeting held on February 13, 2015, has approved a proposal to increase the aggregate Foreign Institutional Investment limit, under the portfolio investment scheme, to 49% of the Company's total paid up share capital subject to the approval of shareholder by Special Resolution.",,,Outcome of Board Meeting,-,14022015104000,-,-,False,,,1364530,Automobiles - 4 Wheelers,INE066A01013,Eicher Motors Limited,2015-02-14 10:40:00,EICHERMOT
14-Feb-2015 09:45:00,,https://nsearchives.nseindia.com/corporate/InformationunderClause30_02142015094501_1.zip,"Eicher Motors Limited has informed the Exchange that the Board of Directors of the Company at its meeting held on February 13, 2015 has approved appointment of Ms. Manvi Sinha as an Additional Director on the Board of Directors of the Company. Ms. Manvi Sinha would be an Independent Director.  Further, consequent to the expiry of his term, Mr. R.L. Ravichandran, Whole Time Director, has ceased to be a Director with effect from December 31, 2014.",,,Change in Director(s),-,14022015094500,-,-,False,,,1364524,Automobiles - 4 Wheelers,INE066A01013,Eicher Motors Limited,2015-02-14 09:45:00,EICHERMOT
06-Feb-2015 18:54:00,,https://nsearchives.nseindia.com/corporate/EICHERMOT_esop_02062015185402_1.zip,"Eicher Motors Limited has informed the Exchange that the Compensation Committee of Board of Directors of the Company has granted 22,300 stock options at its meeting held on January 12, 2015.  Of these 2,000 options shall be exercisable after the end of 1 year from the grant date and 20,300 options shall be exercisable in three equal tranches after the end of 3rd, 4th and 5th year from the grant date. Upon exercise, each option shall result into one equity share of Rs. 10/- each.",,,ESOPs/ESOS/ESPS,-,06022015185400,-,-,False,,,1351354,Automobiles - 4 Wheelers,INE066A01013,Eicher Motors Limited,2015-02-06 18:54:00,EICHERMOT
02-Feb-2015 08:21:00,,https://nsearchives.nseindia.com/corporate/EICHER_01_02022015082016.zip,"Eicher Motors Limited has submitted to the Exchange a copy of the communication being released to Society of Indian Automobile Manufacturers (SIAM) in respect of sales volumes of the Company for the month of January, 2015. ",,,Updates,-,02022015082100,-,-,False,,,1336249,Automobiles - 4 Wheelers,INE066A01013,Eicher Motors Limited,2015-02-02 08:21:00,EICHERMOT
02-Feb-2015 08:19:00,,https://nsearchives.nseindia.com/corporate/EICHERMOTOR_01_02022015081826.zip,"Eicher Motors Limited has submitted to the Exchange a copy of the Communication being released to media in respect of sales volumes of VE Commercial Vehicles Limited, a subsidiary of the Company for the month of January, 2015.",,,Updates,-,02022015081900,-,-,False,,,1336248,Automobiles - 4 Wheelers,INE066A01013,Eicher Motors Limited,2015-02-02 08:19:00,EICHERMOT
01-Jan-2015 15:19:00,,https://nsearchives.nseindia.com/corporate/Eicher_sales_01012015151827.zip,"Eicher Motors Limited has submitted to the Exchange a copy of release of communication to SIAM with respect to sales volumes of the Company for the month of December, 2014.",,,Updates,-,01012015151900,-,-,False,,,1286800,Automobiles - 4 Wheelers,INE066A01013,Eicher Motors Limited,2015-01-01 15:19:00,EICHERMOT
01-Jan-2015 12:09:00,,https://nsearchives.nseindia.com/corporate/eicher01_01012015120803.zip,"Eicher Motors Limited has submitted to the Exchange a copy of the communication being released to media in respect of sales volumes of VE Commercial Vehicles Limited, a subsidiary of the Company for the month of December 2014.",,,Updates,-,01012015120900,-,-,False,,,1285367,Automobiles - 4 Wheelers,INE066A01013,Eicher Motors Limited,2015-01-01 12:09:00,EICHERMOT
01-Dec-2014 12:06:00,,https://nsearchives.nseindia.com/corporate/Eichmer_01_12012014120601_1.zip,"Eicher Motors Limited has submitted to the Exchange a copy of the communication being released to media in respect of sales volumes of VE Commercial Vehicles Limited, a subsidiary of the Company for the month of November 2014.",,,Monthly Business Updates,-,01122014120600,-,-,False,,,1230628,Automobiles - 4 Wheelers,INE066A01013,Eicher Motors Limited,2014-12-01 12:06:00,EICHERMOT
01-Dec-2014 11:33:00,,https://nsearchives.nseindia.com/corporate/EICHERMOTOR_01_12012014113301_1.zip,"Eicher Motors Limited has submitted to the Exchange a copy of the communication being released to Society of Indian Automobile Manufacturers (SIAM) in respect of sales volumes of the Company for the month of November, 2014.",,,Monthly Business Updates,-,01122014113300,-,-,False,,,1230623,Automobiles - 4 Wheelers,INE066A01013,Eicher Motors Limited,2014-12-01 11:33:00,EICHERMOT
12-Nov-2014 19:24:00,,-,"Eicher Motors Limited has informed the Exchange that the Compensation Committee of Board of Directors of the Company has granted 5400 options at its meeting held on November 12, 2014.   of thees 2400 option shall be exercisable in three equal tranches after the end of 3rd, 4th and 5th year from the grant date and 3000 options shall be exercisable after the end of 3 years in a single tranche. Upon exercise, each option shall result into one equity shares of Rs. 10/-each.",,,Allotment of Securities,-,12112014192400,-,-,False,,,1199066,Automobiles - 4 Wheelers,INE066A01013,Eicher Motors Limited,2014-11-12 19:24:00,EICHERMOT
12-Nov-2014 19:07:02,,https://nsearchives.nseindia.com/corporate/EICHERMOT_30092014_B_LR_11122014190702_.zip,Eicher Motors Limited has submitted to the exchange the standalone & consolidated financial results along with the Limited Review Report for the period ended 30-Sep-2014.,,,Financial Result Updates,-,12112014190702,-,-,False,,,25169,Automobiles - 4 Wheelers,INE066A01013,Eicher Motors Limited,2014-11-12 19:07:02,EICHERMOT
03-Nov-2014 09:18:00,,https://nsearchives.nseindia.com/corporate/EICHERMOTO_01_11032014091802_1.zip,"Eicher Motors Limited has submitted to the Exchange a copy of the communication being released to Society of Indian Automobile Manufacturers (SIAM) in respect of sales volumes of the Company for the month of October, 2014. ",,,Updates,-,03112014091800,-,-,False,,,1184605,Automobiles - 4 Wheelers,INE066A01013,Eicher Motors Limited,2014-11-03 09:18:00,EICHERMOT
03-Nov-2014 09:18:00,,https://nsearchives.nseindia.com/corporate/EICHERMOTO_02_11032014091802_2.zip,"Eicher Motors Limited has submitted to the Exchange a copy of the Communication being released to media in respect of sales volumes of VE Commercial Vehicles Limited, a subsidiary of the Company for the month of October 2014.",,,Updates,-,03112014091800,-,-,False,,,1184606,Automobiles - 4 Wheelers,INE066A01013,Eicher Motors Limited,2014-11-03 09:18:00,EICHERMOT
01-Oct-2014 10:57:00,,https://nsearchives.nseindia.com/corporate/BD_Relaese_01102014105759.zip,"Eicher Motors Limited has submitted to the Exchange a copy of the communication being released to Society of Indian Automobile Manufacturers (SIAM) in respect of sales volumes of the Company for the month of September, 2014.",,,Updates,-,01102014105700,-,-,False,,,100001410,Automobiles - 4 Wheelers,INE066A01013,Eicher Motors Limited,2014-10-01 10:57:00,EICHERMOT
01-Sep-2014 14:32:00,,https://nsearchives.nseindia.com/corporate/Eicher_36_09012014143201_1.zip,"Eicher Motors Limited has submitted to the Exchange a copy of the communication being released to Society of Indian Automobile Manufacturers (SIAM) in respect of sales volumes of the Company for the month of August, 2014.",,,Updates,-,01092014143200,-,-,False,,,1087209,Automobiles - 4 Wheelers,INE066A01013,Eicher Motors Limited,2014-09-01 14:32:00,EICHERMOT
12-Aug-2014 18:08:00,,-,"Eicher Motors Limited has informed the Exchange that the Compensation Committee of Board of Directors of the Company has granted 22500 options at its meeting held on August 11, 2014.   The options shall be exercisable in three equal tranches after the end of 3rd, 4th and 5th year from the grant date. Upon exercise, each option shall result into one equity shares of Rs. 10/-each.",,,Allotment of Securities,-,12082014180800,-,-,False,,,1057883,Automobiles - 4 Wheelers,INE066A01013,Eicher Motors Limited,2014-08-12 18:08:00,EICHERMOT
11-Aug-2014 19:55:03,,https://nsearchives.nseindia.com/corporate/EICHERMOT30062014_08112014195502_.zip,Eicher Motors Limited has submitted to the exchange the standalone & consolidated financial results along with the Limited Review Report for the period ended 30-Jun-2014.,,,Financial Result Updates,-,11082014195503,-,-,False,,,23573,Automobiles - 4 Wheelers,INE066A01013,Eicher Motors Limited,2014-08-11 19:55:03,EICHERMOT
01-Aug-2014 12:24:00,,https://nsearchives.nseindia.com/corporate/EIH_update_01082014122143.zip,"Eicher Motors Limited has submitted to the Exchange a copy of the communication being released to media in respect of sales volumes of VE Commercial Vehicles Limited, as subsidiary of the Company for the month of July 2014.",,,Updates,-,01082014122400,-,-,False,,,1038296,Automobiles - 4 Wheelers,INE066A01013,Eicher Motors Limited,2014-08-01 12:24:00,EICHERMOT
01-Aug-2014 12:20:00,,https://nsearchives.nseindia.com/corporate/EML_update_08012014122004_3.zip,"Eicher Motors Limited has submitted to the Exchange a copy of the communication being released to Society of Indian Automobile Manufacturers (SIAM) in respect of sales volumes of the Company for the month of July, 2014.",,,Updates,-,01082014122000,-,-,False,,,1038293,Automobiles - 4 Wheelers,INE066A01013,Eicher Motors Limited,2014-08-01 12:20:00,EICHERMOT
02-Jul-2014 15:04:00,,https://nsearchives.nseindia.com/corporate/EICHMOTOR_02072014_07022014150401_1.zip,"Eicher Motors Limited has submitted to the Exhange a copy of the communication being released to Society of Indian Automobile Manufacturers (SIAM) in respect of sales volumes of the Company for the month of June, 2014.",,,Updates,-,02072014150400,-,-,False,,,984036,Automobiles - 4 Wheelers,INE066A01013,Eicher Motors Limited,2014-07-02 15:04:00,EICHERMOT
01-Jul-2014 15:20:00,,https://nsearchives.nseindia.com/corporate/EICHER_01_01072014151623.zip,"Eicher Motors Limited has submitted to the Exhange a copy of the communication being released to media in respect of sales volumes of VE Commercial Vehicles Limited, a subsidiary of the Company for the month of June , 2014.",,,Updates,-,01072014152000,-,-,False,,,982709,Automobiles - 4 Wheelers,INE066A01013,Eicher Motors Limited,2014-07-01 15:20:00,EICHERMOT
02-Jun-2014 10:12:00,,https://nsearchives.nseindia.com/corporate/EICHER_02062014_06022014101203_4.zip,"Eicher Motors Limited has submitted to the Exhange a copy of the communication being released to media in respect of sales volumes of VE Commercial Vehicles Limited, a subsidiary of the Company for the month of May, 2014.",,,Updates,-,02062014101200,-,-,False,,,932296,Automobiles - 4 Wheelers,INE066A01013,Eicher Motors Limited,2014-06-02 10:12:00,EICHERMOT
21-May-2014 17:00:00,,https://nsearchives.nseindia.com/corporate/eichermotorsltd_thesimransiddhartha_21052014_21052014165714.zip,"The Simran Siddhartha Tara Benefit Trust has submitted to the Exchange vide letter dated May 19, 2014 a copy of disclosure under Regulation 29(2) of SEBI (Substantial Acquisition of Shares & Takeovers) Regulations, 2011. ",,,Disclosure under SEBI Takeover Regulations,-,21052014170000,-,-,False,,,914495,Automobiles - 4 Wheelers,INE066A01013,Eicher Motors Limited,2014-05-21 17:00:00,EICHERMOT
21-May-2014 16:40:00,,https://nsearchives.nseindia.com/corporate/eichermotorsltd_thelalfamilytrust_21052014_21052014163834.zip,"The Lal Family Trust has submitted to the Exchange vide letter dated May 19, 2014 a copy of disclosure under Regulation 29(2) of SEBI (Substantial Acquisition of Shares & Takeovers) Regulations, 2011. ",,,Disclosure under SEBI Takeover Regulations,-,21052014164000,-,-,False,,,914481,Automobiles - 4 Wheelers,INE066A01013,Eicher Motors Limited,2014-05-21 16:40:00,EICHERMOT
21-May-2014 14:56:00,,https://nsearchives.nseindia.com/corporate/eichermotorsltd_thesimran_19_21052014_21052014145547.zip,"The Simran Siddhartha Tara Benefit Trust has informed the Exchange, vide letter dated May 19, 2014 a copy of disclosure under Regulation 10(6) of the SEBI (Substantial Acquisition of Shares and Takeovers) Regulations, 2011.",,,Disclosure under SEBI Takeover Regulations,-,21052014145600,-,-,False,,,914431,Automobiles - 4 Wheelers,INE066A01013,Eicher Motors Limited,2014-05-21 14:56:00,EICHERMOT
14-May-2014 15:04:00,,https://nsearchives.nseindia.com/corporate/eicher_105_05142014150401_1.zip,"The Simran Siddhartha Tara Benefit Trust has informed the Exchange , vide letter dated May 12, 2014 a copy of disclosure under Regulation 10(5) of the SEBI (Substantial Acquisition of Shares and Takeovers) Regulations, 2011.",,,Disclosure under SEBI Takeover Regulations,-,14052014150400,-,-,False,,,903509,Automobiles - 4 Wheelers,INE066A01013,Eicher Motors Limited,2014-05-14 15:04:00,EICHERMOT
09-May-2014 15:52:00,,https://nsearchives.nseindia.com/corporate/EICHER_09052014_05092014155202_2.zip,Eicher Motors Limited has informed the Exchange that Mr Manhar Kapoor has been appointed as Company Secretary and Compliance officer of the Company.,,,Appointment of Company Secretary/Compliance Officer,-,09052014155200,-,-,False,,,896466,Automobiles - 4 Wheelers,INE066A01013,Eicher Motors Limited,2014-05-09 15:52:00,EICHERMOT
09-May-2014 13:39:02,,https://nsearchives.nseindia.com/corporate/EICHERMOT_31Mar14_B_05092014133901_.zip,Eicher Motors Limited has submitted to the exchange the standalone & consolidated financial results for the period ended 31-Mar-2014.,,,Financial Result Updates,-,09052014133902,-,-,False,,,21459,Automobiles - 4 Wheelers,INE066A01013,Eicher Motors Limited,2014-05-09 13:39:02,EICHERMOT
05-May-2014 12:16:00,,https://nsearchives.nseindia.com/corporate/EML_update_05052014_05052014121603_4.zip,Eicher Motors Limited has submitted to the Exhange a copy of the communication being released to Society of Indian Automobile Manufacturers (SIAM) in respect of production and sales volumes of the Company for the month of April 2014. ,,,Updates,-,05052014121600,-,-,False,,,887653,Automobiles - 4 Wheelers,INE066A01013,Eicher Motors Limited,2014-05-05 12:16:00,EICHERMOT
02-May-2014 10:36:00,,https://nsearchives.nseindia.com/corporate/EICH_PR_02052014_05022014103601_2.zip,"Eicher Motors Limited has submitted to the Exhange a copy of the communication being released to media in respect of sales volumes of VE Commercial Vehicles Limited, a subsidiary of the Company for the month of April 2014.",,,Updates,-,02052014103600,-,-,False,,,884211,Automobiles - 4 Wheelers,INE066A01013,Eicher Motors Limited,2014-05-02 10:36:00,EICHERMOT
21-Apr-2014 09:08:00,,https://nsearchives.nseindia.com/corporate/EICHER_MAGM_19042014_04212014090802_1.zip,"Eicher Motors Limited has submitted to the Exchange a copy of Minutes of Annual General Meeting of the Company held on March 21, 2014.",,,Annual General Meeting Updates,-,21042014090800,-,-,False,,,864970,Automobiles - 4 Wheelers,INE066A01013,Eicher Motors Limited,2014-04-21 09:08:00,EICHERMOT
24-Mar-2014 13:04:00,,https://nsearchives.nseindia.com/corporate/eicher_35A_03242014130402_1.zip,"Eicher Motors Limited has informed the Exchange regarding the details of voting results of the Annual General Meeting held on March 21, 2014 under clause 35A of the Listing Agreement.",,,Disclosure of Voting Pattern - Clause 35A,-,24032014130400,-,-,False,,,831308,Automobiles - 4 Wheelers,INE066A01013,Eicher Motors Limited,2014-03-24 13:04:00,EICHERMOT
21-Mar-2014 17:16:00,,https://nsearchives.nseindia.com/corporate/eicher_outcome_03212014171601_1.zip,"Eicher Motors Limited has informed the Exchange regarding the Outcome of the Annual General Meeting (AGM) of the Company held on March 21, 2014.",,,Annual General Meeting Updates,-,21032014171600,-,-,False,,,829966,Automobiles - 4 Wheelers,INE066A01013,Eicher Motors Limited,2014-03-21 17:16:00,EICHERMOT
13-Feb-2014 08:24:00,,-,"Eicher Motors Limited has informed the Exchange that the Board of Directors of the company at its meeting held on February 12, 2014, Dividend @ 300% (Rs.30/- per equity share) has been recommended and the same shall be paid by March 28, 2014, subject to approval of Shareholders.",,,Dividend,-,13022014082400,-,-,False,,,783092,Automobiles - 4 Wheelers,INE066A01013,Eicher Motors Limited,2014-02-13 08:24:00,EICHERMOT
13-Feb-2014 08:24:00,,-,"Eicher Motors Limited has informed the Exchange that the Company has fixed Book Closure from March 14, 2014 to March 21, 2014 for the purpose of payment of dividend to the eligible Shareholders. The Annual General Meeting of the Company has been fixed to be held on March 21, 2014. ",,,AGM/Book Closure,-,13022014082400,-,-,False,,,783093,Automobiles - 4 Wheelers,INE066A01013,Eicher Motors Limited,2014-02-13 08:24:00,EICHERMOT
12-Feb-2014 20:31:02,,https://nsearchives.nseindia.com/corporate/EICHERMOT_31dec2013_B_02122014203101_.zip,Eicher Motors Limited has submitted to the exchange the standalone & consolidated financial results for the period ended 31-dec-2013.,,,Financial Result Updates,-,12022014203102,-,-,False,,,20673,Automobiles - 4 Wheelers,INE066A01013,Eicher Motors Limited,2014-02-12 20:31:02,EICHERMOT
14-Nov-2013 09:08:00,,-,"Eicher Motors Limited has informed the Exchange that consequent to the resignation of Mr Vinit Kumar from the post of Company Secretary and Compliance Officer of the Company, the Board discussed and appointed Mr Lalit Malik, Chief Financial Officer as the Compliance Officer of the Company.",,,Change in Company Secretary/Compliance Officer,-,14112013090800,-,-,False,,,689882,Automobiles - 4 Wheelers,INE066A01013,Eicher Motors Limited,2013-11-14 09:08:00,EICHERMOT
07-Nov-2013 19:39:02,,https://nsearchives.nseindia.com/corporate/EICHERMOT_30sep2013_B_11072013193901_.zip,Eicher Motors Limited has submitted to the exchange the standalone & consolidated financial results for the period ended 30-sep-2013.,,,Financial Result Updates,-,07112013193902,-,-,False,,,18765,Automobiles - 4 Wheelers,INE066A01013,Eicher Motors Limited,2013-11-07 19:39:02,EICHERMOT
07-Aug-2013 19:37:20,,https://nsearchives.nseindia.com/corporate/EICHERMOT_30JUN2013_B_Q2H.zip,"Eicher Motors Limited has submitted to the Exchange the Standalone and Consolidated Financial Results along with the Limited Review Report for the period ended June 30,2013.",,,Financial Result Updates,-,07082013193720,-,-,False,,,17287,Automobiles - 4 Wheelers,INE066A01013,Eicher Motors Limited,2013-08-07 19:37:20,EICHERMOT
24-Jun-2013 11:48:00,,https://nsearchives.nseindia.com/corporate/EICHERmotor_REliance_22062013_06242013114802_2.zip,"Reliance Capital Asset Management Limited has submitted to the Exchange, vide letter dated June 21, 2013 a copy of disclosure under Regulation 29(2) of SEBI (Substantial Acquisition of Shares & Takeovers) Regulations, 2011 along with a copy of disclosure pursuant to Regulations 13(3) and (6) of SEBI (Prohibition of Insider Trading) Regulations, 1992.",,,Discl. under SEBI Insider Trading and Takeover Regulation,-,24062013114800,-,-,False,,,579818,Automobiles - 4 Wheelers,INE066A01013,Eicher Motors Limited,2013-06-24 11:48:00,EICHERMOT
13-May-2013 18:27:07,,https://nsearchives.nseindia.com/corporate/EICHERMOT_31MAR2013_B_Q1.zip,"Eicher Motors Limited has submitted to the Exchange the Standalone and Consolidated Financial Results along with the Limited Review Report for the period ended March 31,2013.",,,Financial Result Updates,-,13052013182707,-,-,False,,,15463,Automobiles - 4 Wheelers,INE066A01013,Eicher Motors Limited,2013-05-13 18:27:07,EICHERMOT
30-Apr-2013 13:24:00,,https://nsearchives.nseindia.com/corporate/EICHERMOT_pr_30042013_04302013132401_1.zip,"Eicher Motors Limited has informed the Exchange regarding a Press Release dated April 30, 2013, titled ""Royal Enfield prepares for its next level of global growth: Commences commercial production from the Oragadam manufacturing facility"".",,,Press Release,-,30042013132400,-,-,False,,,543384,Automobiles - 4 Wheelers,INE066A01013,Eicher Motors Limited,2013-04-30 13:24:00,EICHERMOT
16-Apr-2013 14:00:00,,https://nsearchives.nseindia.com/corporate/Eichermotorltd_Minutesagm_16042013.zip,"Eicher Motors Limited has submitted to the Exchange a copy of Minutes of Annual General Meeting of the Company held on March 22, 2013.",,,Annual General Meeting Updates,-,16042013140000,-,-,False,,,535809,Automobiles - 4 Wheelers,INE066A01013,Eicher Motors Limited,2013-04-16 14:00:00,EICHERMOT
25-Mar-2013 08:36:00,,https://nsearchives.nseindia.com/corporate/EISCHER_discl35A_25032013_03252013083602_2.zip,"Eicher Motors Limited has informed the Exchange regarding the details of voting results of the Annual General Meeting of the Company held on March 22, 2013, under Clause 35A.",,,Disclosure of Voting Pattern - Clause 35A,-,25032013083600,-,-,False,,,523500,Automobiles - 4 Wheelers,INE066A01013,Eicher Motors Limited,2013-03-25 08:36:00,EICHERMOT
22-Mar-2013 15:48:00,,https://nsearchives.nseindia.com/corporate/EICHERMOTO_OAGM_03222013154802_1.zip,"Eicher Motors Limited has informed the Exchange regarding the Outcome of the Annual General Meeting of the Company held on March 22, 2013.",,,Annual General Meeting Updates,-,22032013154800,-,-,False,,,523104,Automobiles - 4 Wheelers,INE066A01013,Eicher Motors Limited,2013-03-22 15:48:00,EICHERMOT
15-Feb-2013 11:52:00,,-,"Eicher Motors Limited has informed the Exchange that the Company has fixed Book Closure from March 15, 2013 to March 22, 2013 for the purpose of payment of dividend to the eligible Shareholders. The Annual General Meeting of the Company has been fixed to be held on March 22, 2013.",,,Book Closure,-,15022013115200,-,-,False,,,503356,Automobiles - 4 Wheelers,INE066A01013,Eicher Motors Limited,2013-02-15 11:52:00,EICHERMOT
15-Feb-2013 11:48:00,,-,"Eicher Motors Limited has informed the Exchange that the Board of Directors of the company at its meeting held on February 12, 2013, Dividend @ 200% (Rs.20/- per equity share) has been recommended and the same shall be paid by March 28, 2013, subject to approval of Shareholders.",,,Dividend,-,15022013114800,-,-,False,,,503355,Automobiles - 4 Wheelers,INE066A01013,Eicher Motors Limited,2013-02-15 11:48:00,EICHERMOT
13-Feb-2013 12:04:00,,https://nsearchives.nseindia.com/corporate/Eicher_Clause20_02132013120402_1.zip,Eicher Motors Limited has informed the Exchange regarding the details as per requirement of clause 20 of the Listing Agreement.,,,Updates,-,13022013120400,-,-,False,,,501687,Automobiles - 4 Wheelers,INE066A01013,Eicher Motors Limited,2013-02-13 12:04:00,EICHERMOT
12-Feb-2013 19:12:08,,https://nsearchives.nseindia.com/corporate/EICHERMOT_31DEC2012_B_Q4AN.zip,"Eicher Motors Limited has submitted to the Exchange the Standalone and Consolidated Financial Results for the period ended December 31,2012.",,,Financial Result Updates,-,12022013191208,-,-,False,,,14581,Automobiles - 4 Wheelers,INE066A01013,Eicher Motors Limited,2013-02-12 19:12:08,EICHERMOT
09-Nov-2012 19:11:40,,https://nsearchives.nseindia.com/corporate/EICHERMOT_30SEP2012_B_Q3.zip,"Eicher Motors Limited has submitted to the Exchange the Standalone and Consolidated Financial Results for the period ended September 30,2012.",,,Financial Result Updates,-,09112012191140,-,-,False,,,13098,Automobiles - 4 Wheelers,INE066A01013,Eicher Motors Limited,2012-11-09 19:11:40,EICHERMOT
09-Nov-2012 18:51:00,,-,Eicher Motors Limited has informed the Exchange regarding the standalone Results for the quarter ended on 30-SEP-2012 as follows: Net Sales of Rs. 27485 lacs for the quarter ending on 30-SEP-2012 against Rs. 25362 lacs and Rs. 17997 lacs for the quarters ending on 30-JUN-2012 and 30-SEP-2011 respectively. Net Profit / (Loss) of Rs. 3297 lacs for the quarter ending on 30-SEP-2012 against Rs. 3230 lacs and Rs. 1824 lacs for the quarters ending on 30-JUN-2012 and 30-SEP-2011 respectively.,,,"Results Update, Quarter ended, 30-SEP-2012 (Standalone)",-,09112012185100,-,-,False,,,,Automobiles - 4 Wheelers,INE066A01013,Eicher Motors Limited,2012-11-09 18:51:00,EICHERMOT
09-Nov-2012 18:48:00,,-,Eicher Motors Limited has informed the Exchange regarding the consolidated Results for the quarter ended on 30-SEP-2012 as follows: Net Sales of Rs. 147070 lacs for the quarter ending on 30-SEP-2012 against Rs. 157305 lacs and Rs. 143815 lacs for the quarters ending on 30-JUN-2012 and 30-SEP-2011 respectively. Net Profit / (Loss) of Rs. 6601 lacs for the quarter ending on 30-SEP-2012 against Rs. 7596 lacs and Rs. 7374 lacs for the quarters ending on 30-JUN-2012 and 30-SEP-2011 respectively.,,,"Results Update, Quarter ended, 30-SEP-2012 (Consolidated)",-,09112012184800,-,-,False,,,,Automobiles - 4 Wheelers,INE066A01013,Eicher Motors Limited,2012-11-09 18:48:00,EICHERMOT
05-Nov-2012 13:29:00,,https://nsearchives.nseindia.com/corporate/EICHERMOTORS_RELIANCE_05112012.zip,"Reliance Capital Asset Management Limited has submitted to the Exchange vide letter dated November 05, 2012 a copy of disclosure under Regulation 29(2) of SEBI (Substantial Acquisition of Shares & Takeovers) Regulations, 2011 along with a copy of disclosure pursuant to Regulation 13(3) and 13(6) of the SEBI (Prohibition of Insider Trading) Regulations, 1992.",,,Disclosure under SEBI Takeover Regulations,-,05112012132900,-,-,False,,,,Automobiles - 4 Wheelers,INE066A01013,Eicher Motors Limited,2012-11-05 13:29:00,EICHERMOT
08-Oct-2012 11:03:00,,-,"Eicher Motors Limited has informed the Exchange that the Corporate Office of the Company has been shifted to: #96, Sector-32, Gurgaon-122 001, (Haryana), India.",,,Address Change,-,08102012110300,-,-,False,,,,Automobiles - 4 Wheelers,INE066A01013,Eicher Motors Limited,2012-10-08 11:03:00,EICHERMOT
09-Aug-2012 19:55:31,,https://nsearchives.nseindia.com/corporate/EICHERMOT_30JUN2012_B_Q2.zip,"Eicher Motors Limited has submitted to the Exchange the Standalone and Consolidated Financial Results along with the Limited Review Report for the period ended June 30,2012.",,,Financial Result Updates,-,09082012195531,-,-,False,,,11179,Automobiles - 4 Wheelers,INE066A01013,Eicher Motors Limited,2012-08-09 19:55:31,EICHERMOT
24-Jul-2012 09:34:00,,https://nsearchives.nseindia.com/corporate/EICHERMOTO_pr_24072012.zip,"Eicher Motors Limited has informed the Exchange that the Company has entered into a Joint Venture Agreement (JVA) on July 23, 2012 with Polaris Industries Inc., U.S.A. (Polaris) relating to a strategic partnership and to start a green field project in the automotive sector. The salient features of the JVA are as under:(1) The Company and Polaris will equally hold shares in Joint Venture Company (JVC) i.e. 50-50 partnership. (2) Joint Venture Company will design, develop, manufacture and sell a full new range of personal vehicles suitable for India and other emerging markets. (3) The overall investment over a three year period will be approximately INR 250 crores.(4) The manufacturing facility will be located in India and the expected start of production will be in the year 2015. (5) Joint Venture Company will be managed by the Company and  Polaris with equal representation from both the companies. Further the Company has submitted a Copy of press release dated July 24, 2012 titled""Eicher Motors Limited and Polaris Industries Inc. sign Joint Venture agreement in the automotive sector"". ",,,Press Release,-,24072012093400,-,-,False,,,,Automobiles - 4 Wheelers,INE066A01013,Eicher Motors Limited,2012-07-24 09:34:00,EICHERMOT
14-May-2012 19:12:45,,https://nsearchives.nseindia.com/corporate/EICHERMOT_31MAR2012_B_Q1.zip,"Eicher Motors Limited has submitted to the Exchange the Standalone and Consolidated Financial Results along with Limited Review Report for the period ended March 31,2012.",,,Financial Result Updates,-,14052012191245,-,-,False,,,9332,Automobiles - 4 Wheelers,INE066A01013,Eicher Motors Limited,2012-05-14 19:12:45,EICHERMOT
04-May-2012 11:31:00,,https://nsearchives.nseindia.com/corporate/EicherMotors_magm_04052012.zip,"Eicher Motors Limited has submitted to the Exchange a copy of Minutes of Annual General Meeting of the Company held on March 22, 2012.",,,Minutes of Annual General Meeting,-,04052012113100,-,-,False,,,,Automobiles - 4 Wheelers,INE066A01013,Eicher Motors Limited,2012-05-04 11:31:00,EICHERMOT
23-Mar-2012 18:50:00,,https://nsearchives.nseindia.com/corporate/eicher_35a_23032012.zip,"Eicher Motors Limited has informed the Exchange regarding the details of voting results of the company at the Annual General Meeting (AGM) of the Company held on March 22, 2012.",,,Disclosure of Voting Pattern - Clause 35A,-,23032012185000,-,-,False,,,,Automobiles - 4 Wheelers,INE066A01013,Eicher Motors Limited,2012-03-23 18:50:00,EICHERMOT
22-Mar-2012 19:24:00,,https://nsearchives.nseindia.com/corporate/Eicher_AGM_22032012.zip,"Eicher Motors Limited has  informed the Exchange regarding the outcome of the Annual General Meeting of the Company held on March 22, 2012.",,,Outcome of Annual General Meeting,-,22032012192400,-,-,False,,,,Automobiles - 4 Wheelers,INE066A01013,Eicher Motors Limited,2012-03-22 19:24:00,EICHERMOT
13-Feb-2012 10:36:00,,-,"Eicher Motors Limited has informed the Exchange that the Register of Members of Company will remain closed from March 15, 2012 to March 22, 2012 (both days inclusive) for the purpose of payment of dividend to the eligible Shareholders. The Annual General Meeting has been fixed for March 22, 2012.",,,AGM / Book Closure,-,13022012103600,-,-,False,,,,Automobiles - 4 Wheelers,INE066A01013,Eicher Motors Limited,2012-02-13 10:36:00,EICHERMOT
11-Feb-2012 15:53:00,,-,"Eicher Motors Limited has informed the Exchange that the Board of Directors at its meeting held on February 11, 2012 have recommended 160% dividend on the equity share capital (Rupees 16/- per share), subject to the approval of the shareholders.",,,Dividend,-,11022012155300,-,-,False,,,,Automobiles - 4 Wheelers,INE066A01013,Eicher Motors Limited,2012-02-11 15:53:00,EICHERMOT
11-Feb-2012 15:44:55,,https://nsearchives.nseindia.com/corporate/EICHERMOT_31DEC2011_B_AN.zip,"Eicher Motors Limited has submitted to the Exchange the Standalone and Consolidated Financial Results for the period ended December 31,2011.",,,Financial Result Updates,-,11022012154455,-,-,False,,,8239,Automobiles - 4 Wheelers,INE066A01013,Eicher Motors Limited,2012-02-11 15:44:55,EICHERMOT
16-Jan-2012 19:58:00,,-,Eicher Motors Limited has informed the Exchange that Mr. Vinit Kumar has been appointed as Company Secretary and Compliance Officer of the Company.,,,Appointment of Company Secretary,-,16012012195800,-,-,False,,,,Automobiles - 4 Wheelers,INE066A01013,Eicher Motors Limited,2012-01-16 19:58:00,EICHERMOT
15-Dec-2011 18:57:00,,-,"Eicher Motors Limited has informed the Exchange that consequent to the resignation of Ms. Shaila Aggarwal from the post of Company Secretary and Compliance Officer of the Company, the Board discussed and appointed Mr. Lalit Malik, Chief Financial Officer as the Compliance officer of the Company.",,,Appointment of Compliance Officer,-,15122011185700,-,-,False,,,,Automobiles - 4 Wheelers,INE066A01013,Eicher Motors Limited,2011-12-15 18:57:00,EICHERMOT
28-Nov-2011 14:57:00,,-,"Eicher Motors Limited has informed the Exchange that the auditors have conducted the limited review for the un-audited financial results for the quarter ended September 30,2011. A copy of the same shall be available on the NSE website (http://www.nseindia.com) under: Corporates > Latest Announcements and on the Extranet Server (/Common/Corporate Announcements).<a href=/content/corporate/EICHERMOT_LR_28112011.zip target=NEW> For more details click here.</a>",,,Limited Review Report,-,28112011145700,-,-,False,,,,Automobiles - 4 Wheelers,INE066A01013,Eicher Motors Limited,2011-11-28 14:57:00,EICHERMOT
21-Nov-2011 19:35:00,,-,"Eicher Motors Limited has informed the Exchange that the Board of Directors of the Company in its meeting held on November 09, 2011, has taken a note that Ms. Shaila Aggarwal has resigned from the post of Company Secretary and Compliance Officer of the Company. The Board noted and accepted the resignation with effect from November 12, 2011.",,,Outcome of Board Meeting,-,21112011193500,-,-,False,,,,Automobiles - 4 Wheelers,INE066A01013,Eicher Motors Limited,2011-11-21 19:35:00,EICHERMOT
09-Nov-2011 18:17:29,,https://nsearchives.nseindia.com/corporate/EICHERMOT_30SEP2011_B_Q3.zip,"Eicher Motors Limited has submitted to the Exchange the Standalone and Consolidated Financial Results for the period ended September 30,2011.",,,Financial Result Updates,-,09112011181729,-,-,False,,,6548,Automobiles - 4 Wheelers,INE066A01013,Eicher Motors Limited,2011-11-09 18:17:29,EICHERMOT
27-Sep-2011 10:54:00,,https://nsearchives.nseindia.com/corporate/Eicher_updates_27092011.zip,"Eicher Motors Limited has submitted to the Exchange a copy of the letters sent to the Shareholders regarding ""Green Initiative"" in Corporate Governance.",,,Updates,-,27092011105400,-,-,False,,,,Automobiles - 4 Wheelers,INE066A01013,Eicher Motors Limited,2011-09-27 10:54:00,EICHERMOT
16-Sep-2011 11:43:00,,https://nsearchives.nseindia.com/corporate/eICHERMOTORS_REG_14092011.zip,"Vinod Kumar Aggarwal has submitted to the Exchange a copy of Regulation 13(4) of SEBI (Prohibition of Insider Trading) Regulations, 1992.",,,Disclosure under Insider Trading Regulation,-,16092011114300,-,-,False,,,,Automobiles - 4 Wheelers,INE066A01013,Eicher Motors Limited,2011-09-16 11:43:00,EICHERMOT
16-Sep-2011 10:57:00,,https://nsearchives.nseindia.com/corporate/eICHERMOTORS_REG01_14092011.zip,"Eicher Motors Limited has submitted to the Exchange a copy of Regulation 13(4) of SEBI (Prohibition of Insider trading) Regulations, 1992.",,,Disclosure under Insider Trading Regulation,-,16092011105700,-,-,False,,,,Automobiles - 4 Wheelers,INE066A01013,Eicher Motors Limited,2011-09-16 10:57:00,EICHERMOT
30-Jul-2011 15:28:20,,https://nsearchives.nseindia.com/corporate/EICHERMOT_30JUN2011_B_Q2H.zip,"Eicher Motors Limited has submitted to the Exchange the Standalone and Consolidated Financial Results for the period ended June 30,2011.",,,Financial Result Updates,-,30072011152820,-,-,False,,,4758,Automobiles - 4 Wheelers,INE066A01013,Eicher Motors Limited,2011-07-30 15:28:20,EICHERMOT
06-May-2011 17:16:09,,https://nsearchives.nseindia.com/corporate/EICHERMOT_31MAR2011_B_Q1.zip,"Eicher Motors Limited has submitted to the Exchange the Standalone and Consolidated Financial Results for the period ended March 31,2011.",,,Financial Result Updates,-,06052011171609,-,-,False,,,3148,Automobiles - 4 Wheelers,INE066A01013,Eicher Motors Limited,2011-05-06 17:16:09,EICHERMOT
19-Apr-2011 13:47:00,,https://nsearchives.nseindia.com/corporate/EicherMotor_agmminutes_19042011.zip,"Eicher Motors Limited has submitted to the Exchange a copy of Minutes of the Annual General Meeting of the Company held on March 18, 2011.",,,Minutes of Annual General Meeting,-,19042011134700,-,-,False,,,,Automobiles - 4 Wheelers,INE066A01013,Eicher Motors Limited,2011-04-19 13:47:00,EICHERMOT
18-Mar-2011 16:59:00,,https://nsearchives.nseindia.com/corporate/EICHERMOTOR_outcomeofagm_18032011.zip,"Eicher Motors Limited has informed the Exchange regarding the outcome of Annual General Meeting of the Company held on March 18, 2011.",,,Outcome of Annual General Meeting,-,18032011165900,-,-,False,,,,Automobiles - 4 Wheelers,INE066A01013,Eicher Motors Limited,2011-03-18 16:59:00,EICHERMOT
07-Feb-2011 10:50:00,,-,"Eicher Motors Limited has informed the Exchange that the Register of Members of Company will remain closed from March 10, 2011 to March 18, 2011 (both days inclusive) for the purpose of payment of dividend to the eligible Shareholders. The Annual General Meeting has been fixed for March 18, 2011.",,,AGM / Book Closure,-,07022011105000,-,-,False,,,,Automobiles - 4 Wheelers,INE066A01013,Eicher Motors Limited,2011-02-07 10:50:00,EICHERMOT
07-Feb-2011 10:48:00,,-,"Eicher Motors Limited has informed the Exchange that the Board of Directors at its meeting held on February 5, 2011 have recommended dividend @ 110% (Rs.11/- per share) and the same shall be paid by March 25, 2011, subject to the approval of Shareholders.",,,Dividend,-,07022011104800,-,-,False,,,,Automobiles - 4 Wheelers,INE066A01013,Eicher Motors Limited,2011-02-07 10:48:00,EICHERMOT
05-Feb-2011 14:53:46,,https://nsearchives.nseindia.com/corporate/EICHERMOT_31DEC2010_B_Q4A.zip,"Eicher Motors Limited has submitted to the Exchange the Standalone and Consolidated Financial Results for the period ended December 31,2010.",,,Financial Result Updates,-,05022011145346,-,-,False,,,2135,Automobiles - 4 Wheelers,INE066A01013,Eicher Motors Limited,2011-02-05 14:53:46,EICHERMOT
13-Jan-2011 11:54:00,,-,"Eicher Motors Limited has informed the Exchange that ""We shall submit audited annual financial results (consolidated and stand-alone) for the financial year ended on December 31, 2010 within 60 days of end of the financial year"".",,,Publish Audited Results,-,13012011115400,-,-,False,,,,Automobiles - 4 Wheelers,INE066A01013,Eicher Motors Limited,2011-01-13 11:54:00,EICHERMOT
11-Nov-2010 12:37:00,,-,"Eicher Motors Limited has informed the Exchange that: (a) The Board of Directors in its meeting held on November 08, 2010 has approved the appointment of Mr.R.L.Ravichandran as an Additional Director of the Company with effect from January 01, 2011; (b) Consequent to Mr.Vinod Aggarwal taking over as Chief Executive Officer of VE Commercial Vehicles Limited, he has relinquished the position of Chief Financial Officer of the Company; (c) Mr.Lalit Malik has been appointed as the Chief Financial Officer of the Company.",,,Change in Director(s),-,11112010123700,-,-,False,,,,Automobiles - 4 Wheelers,INE066A01013,Eicher Motors Limited,2010-11-11 12:37:00,EICHERMOT
09-Nov-2010 14:56:05,,https://nsearchives.nseindia.com/corporate/EICHERMOT_30SEP2010_B_Q3.zip,"Eicher Motors Limited has submitted to the Exchange the Standalone and Consolidated Financial Results for the period ended September 30,2010.",,,Financial Result Updates,-,09112010145605,-,-,False,,,895,Automobiles - 4 Wheelers,INE066A01013,Eicher Motors Limited,2010-11-09 14:56:05,EICHERMOT
16-Aug-2010 13:05:00,,https://nsearchives.nseindia.com/corporate/EICHER_update_16082010.zip,"Eicher Motors Limited has submitted to the Exchange a copy of Abstract of the revision in terms of appointment of Managing Director under section 302 of the Companies Act, 1956 as circulated to the shareholders of the Company.",,,Updates,-,16082010130500,-,-,False,,,,Automobiles - 4 Wheelers,INE066A01013,Eicher Motors Limited,2010-08-16 13:05:00,EICHERMOT
26-Jul-2010 09:48:00,,-,"Eicher Motors Limited has informed the Exchange that the Board of Directors of Eicher Motors Limited in their meeting held on July 24, 2010 took a note that Mr. Vinod Aggarwal has taken over as the Chief Executive Officer of VE Commercial Vehicles Limited, a subsidiary Company w.e.f July 1, 2010. Mr. Siddhartha Lal shall continue on the Board of VE Commercial Vehicles Limited as Managing Director.",,,Updates,-,26072010094800,-,-,False,,,,Automobiles - 4 Wheelers,INE066A01013,Eicher Motors Limited,2010-07-26 09:48:00,EICHERMOT
11-Jun-2010 11:42:00,,https://nsearchives.nseindia.com/corporate/Eicher_PR_11062010.zip,"Eicher Motors Limited has informed the Exchange regarding a Press Release dated June 11, 2010 titled ""VE Commercial Vehicles Limited (VECV) to be the global manufacturing hub and industrial base for Euro 3, Euro 4, Euro 5 and Euro 6 medium-duty base engine requirements of the Volvo Group"".",,,Press Release,-,11062010114200,-,-,False,,,,Automobiles - 4 Wheelers,INE066A01013,Eicher Motors Limited,2010-06-11 11:42:00,EICHERMOT
30-Mar-2010 11:40:00,,-,"Eicher Motors Ltd has submitted to the Exchange a copy of minutes (proceedings) of Annual General Meeting of the Company held on March 15, 2010. The details of the same shall be available on the NSE website (http://www.nseindia.com) under: Corporates > Latest Announcements and on the Extranet Server (/Common/Corporate Announcements).<a href=/content/corporate/Eicher_AGMMin_30032010.zip target=NEW> For more details click here.</a>",,,Proceedings of AGM,-,30032010114000,-,-,False,,,,Automobiles - 4 Wheelers,INE066A01013,Eicher Motors Limited,2010-03-30 11:40:00,EICHERMOT
16-Mar-2010 08:25:00,,-,"Eicher Motors Ltd has informed the Exchange regarding the outcome of Annual General Meeting of the Company held on March 15, 2010.The details of the same shall be available on the NSE website (http://www.nseindia.com) under: Corporates > Latest Announcements and on the Extranet Server (/Common/Corporate Announcements).<a href=/content/corporate/EICHERMOT_AGMOutcome_16032010.ZIP target=NEW> For more details click here.</a>",,,Outcome of AGM,-,16032010082500,-,-,False,,,,Automobiles - 4 Wheelers,INE066A01013,Eicher Motors Limited,2010-03-16 08:25:00,EICHERMOT
18-Feb-2010 10:27:00,,-,"Eicher Motors Ltd has informed the Exchange regarding the press release issued by VE Commercial Vehicles Ltd., (VECV) which is an unlisted material subsidiary of Eicher Motors Ltd. The copy of the press release dated February 17, 2010, titled ""VE Commercial Vehicles Limited strengthens its management team"" shall be available on the NSE website (http://www.nseindia.com) under: Corporates > Latest Announcements and on the Extranet Server (/Common/Corporate Announcements).<a href=/content/corporate/eicher_pr_18022010.zip target=NEW> For more details click here.</a>",,,Press Release,-,18022010102700,-,-,False,,,,Automobiles - 4 Wheelers,INE066A01013,Eicher Motors Limited,2010-02-18 10:27:00,EICHERMOT
15-Feb-2010 09:27:00,,-,"Eicher Motors Ltd has informed the Exchange that: ""The Board of Directors in its meeting held on February 13, 2010 decided among other things the following: (1) The Register of Members of Eicher Motors Limited will remain closed from March 09, 2010 to March 15, 2010 (both days inclusive) for the purpose of payment of dividend to the eligible Shareholders; (2) The Annual General Meeting has been fixed for March 15, 2010.""",,,AGM/Book Closure,-,15022010092700,-,-,False,,,,Automobiles - 4 Wheelers,INE066A01013,Eicher Motors Limited,2010-02-15 09:27:00,EICHERMOT
15-Feb-2010 09:12:00,,-,Eicher Motors Ltd has submitted to the Exchange information pursuant to clause 20 of the Listing Agreement. The details of the same shall be available on the NSE website (http://www.nseindia.com) under: Corporates > Latest Announcements and on the Extranet Server (/Common/Corporate Announcements).<a href=/content/corporate/EICHER_updates_15022010.ZIP target=NEW> For more details click here.</a>,,,Updates,-,15022010091200,-,-,False,,,,Automobiles - 4 Wheelers,INE066A01013,Eicher Motors Limited,2010-02-15 09:12:00,EICHERMOT
15-Feb-2010 08:24:00,,-,"Eicher Motors Ltd has informed the Exchange that the Board of Directors of the Company at its meetings held on February 13, 2010 has recommended 70% dividend on the equity share capital (Rupees 7 per share), subject to the approval of the shareholders.",,,Dividend,-,15022010082400,-,-,False,,,,Automobiles - 4 Wheelers,INE066A01013,Eicher Motors Limited,2010-02-15 08:24:00,EICHERMOT
06-Jan-2010 16:37:00,,-,"Eicher Motors Ltd has informed the Exchange that: ""We shall submit audited financial results for the accounting year ended on December 31, 2009 within three months of end of the accounting year"".",,,Publish Audited Results,-,06012010163700,-,-,False,,,,Automobiles - 4 Wheelers,INE066A01013,Eicher Motors Limited,2010-01-06 16:37:00,EICHERMOT
04-Dec-2009 18:45:00,,-,"Eicher Motors Ltd has informed the Exchange that the auditors have conducted the limited review for the un-audited financial results for the quarter ended September 30,2009. A copy of the same shall be available on the NSE website (http://www.nseindia.com) under: Corporates > Latest Announcements and on the Extranet Server (/Common/Corporate Announcements).<a href=/content/corporate/EICHERMOT_LR_04122009.zip target=NEW> For more details click here.</a>",,,Limited Review Report,-,04122009184500,-,-,False,,,,Automobiles - 4 Wheelers,INE066A01013,Eicher Motors Limited,2009-12-04 18:45:00,EICHERMOT
02-Dec-2009 11:05:00,,-,"Eicher Motors Ltd had informed the Exchange regarding sanction of the Composite Scheme of Arrangement (hereinafter referred to as 'Scheme') for demerger of the investment business of Eicher Goodearth Investments Limited (EGIL) into Eicher Goodearth Private Limited (EGPL) and merger of residual EGIL with Eicher Motor Limited by the Hon'ble High Court of Delhi at New Delhi. The Company has now informed the Exchange that ""Pursuant to the aforesaid Scheme, the Company has to issue and allot 1,40,32,764 fully paid-up equity shares of Rs.10/- each to the member of residual Eicher Goodearth Investment Limited (EGIL) in the proportion in which they hold equity shares in Residual EGIL., For this purpose, the Share Allotment Committee in their meeting held on 30th November, 2009 fixed the Record Date as December 9, 2009 for the purpose of issuance of equity shares to the shareholders of Residual EGIL. We reiterate that there would not be any financial impact on the Company pursuant to this Scheme"".",,,Scheme of Arrangement,-,02122009110500,-,-,False,,,,Automobiles - 4 Wheelers,INE066A01013,Eicher Motors Limited,2009-12-02 11:05:00,EICHERMOT
02-Nov-2009 17:31:00,,-,"Eicher Motors Ltd had informed the Exchange regarding Board of Directors' approval on the Composite Scheme of Arrangement (hereinafter referred to as 'Scheme') for demerger of the investment business of Eicher Goodearth Investments Limited (EGIL) into Eicher Goodearth Private Limited (EGPL) and merger of residual EGIL with Eicher Motors Limited. The 'Appointed Date' of the Scheme is January 01, 2009. The Company has now informed the Exchange that the Hon'ble High Court of Delhi vide its order dated October 27, 2009 has approved the aforesaid Scheme. As part of the Scheme, the Company shall issue and allot 1,40,32,762 fully paid-up equity shares of Rs. 10/- each to the members of residual Eicher Goodearth Investments Limited (EGIL) in the proportion in which they hold equity shares in Residual EGIL. There would not be any change in the Promoter's shareholding and no financial impact on the Company pursuant to this Scheme.",,,Scheme of Arrangement,-,02112009173100,-,-,False,,,,Automobiles - 4 Wheelers,INE066A01013,Eicher Motors Limited,2009-11-02 17:31:00,EICHERMOT
02-Nov-2009 16:51:00,,-,"Eicher Motors Ltd has informed the Exchange that ""The Board of Directors of VE Commercial Vehicles Limited ('VECV'), a subsidiary company of Eicher Motors Ltd., ('EML') in its Board Meeting held on October 30, 2009 have decided to explore the further business opportunities in the field of Engineering Design Services along with Vinn Group AB of Sweden (a joint venture company between Vinn Group and Volvo Technology Transfer AB (VTT), a wholly owned subsidiary of AB Volvo) for aligning its Engineering Design Services Division alongwith EES Inc., USA and its two subsidiaries in China (collectively referred as 'EES Division') that currently contributes only around 2% of VECV consolidated revenues and around  1.7% of EML consolidated revenues. For this purpose, a non-binding Memorandum of Understanding ('MOU') is being signed amongst Vinn Group AB of Sweden, VECV and their respective shareholders. The objective of the MOU is to explore the alignment of  EES Division of VECV with Vinn Group AB, Sweden through an efficient structure. The Board of Directors of EML in their meeting held on October 31, 2009 after deliberations authorized Mr. Siddhartha Lal, Managing Director of the Company to take all necessary steps with respect to above"".",,,Updates,-,02112009165100,-,-,False,,,,Automobiles - 4 Wheelers,INE066A01013,Eicher Motors Limited,2009-11-02 16:51:00,EICHERMOT
07-Sep-2009 12:36:00,,-,"Eicher Motors Ltd has submitted to the Exchange a copy of the Court Notice published on September 01, 2009 under Section 391 to 394 of the Companies Act, 1956 in the news papers. A copy of the same shall be available on the NSE website (http://www.nseindia.com) under Corporates > Latest Announcements and on the Extranet Server (/Common/Corporate Announcements).<a href=/content/corporate/eicher_notice_07092009.zip target=NEW> For more details click here.</a>",,,Notice,-,07092009123600,-,-,False,,,,Automobiles - 4 Wheelers,INE066A01013,Eicher Motors Limited,2009-09-07 12:36:00,EICHERMOT
03-Sep-2009 17:54:00,,-,"Eicher Motors Ltd has informed the Exchange that the auditors have conducted the limited review for the un-audited financial results for the quarter and half year ended June 30,2009. A copy of the same shall be available on the NSE website (http://www.nseindia.com) under: Corporates > Latest Announcements and on the Extranet Server (/Common/Corporate Announcements).<a href=/content/corporate/EICHERMOT_LR_03092009.zip target=NEW> For more details click here.</a>",,,Limited Review Report,-,03092009175400,-,-,False,,,,Automobiles - 4 Wheelers,INE066A01013,Eicher Motors Limited,2009-09-03 17:54:00,EICHERMOT
04-Jun-2009 18:19:00,,-,"Eicher Motors Ltd has informed the Exchange that by an order dated May 18, 2009 in the Eicher Motors Limited Company's Application, the High Court of Judicature at New Delhi has directed that a meeting of the equity shareholders of the Transferee Company be held, for the purpose of considering and if thought fit, approving, with or without modification(s), the arrangement embodied in the Composite Scheme of Arrangement between Eicher Goodearth Investments Limited ('EGIL' or 'Transferor Company' or 'Demerged Company') and Eicher Goodearth Private Limited ('EGPL' or 'Resulting Company') and Eicher Motors Limited ('EML' or 'Transferee Company') and their Respective Shareholders. Further pursuance of the said Order and as directed therein, a meeting of the equity shareholders of the Transferee Company will be held on June 26, 2009. A copy of the notice of meeting shall be available on the NSE website (http://www.nseindia.com) under: Corporates > Latest Announcements and on the Extranet Server (/Common/Corporate Announcements).<a href=/content/corporate/Eicher_Meeting_04062009.zip target=NEW> For more details click here.</a>",,,Notice of  Meeting,-,04062009181900,-,-,False,,,,Automobiles - 4 Wheelers,INE066A01013,Eicher Motors Limited,2009-06-04 18:19:00,EICHERMOT
03-Jun-2009 14:14:00,,-,"Eicher Motors Ltd has submitted to the Exchange a copy of Court Notice published under Section 391 to 394 of the Companies Act, 1956 in the news paper. A copy of the same shall be available on the NSE website (http://www.nseindia.com) under: Corporates > Latest Announcements and on the Extranet Server (/Common/Corporate Announcements).<a href=/content/corporate/Eicher_Updates_03062009.zip target=NEW> For more details click here.</a>",,,Notice of  Meeting,-,03062009141400,-,-,False,,,,Automobiles - 4 Wheelers,INE066A01013,Eicher Motors Limited,2009-06-03 14:14:00,EICHERMOT
03-Jun-2009 09:46:00,,-,"Eicher Motors Ltd has informed the Exchange regarding the outcome of the Annual General Meeting of the Company held on May 29, 2009. The details of the same shall be available on the NSE website (http://www.nseindia.com) under: Corporates > Latest Announcements and on the Extranet Server (/Common/Corporate Announcements).<a href=/content/corporate/eicher_agm_03062009.ZIP target=NEW> For more details click here.</a>",,,Outcome of AGM,-,03062009094600,-,-,False,,,,Automobiles - 4 Wheelers,INE066A01013,Eicher Motors Limited,2009-06-03 09:46:00,EICHERMOT
27-May-2009 12:33:00,,-,"Eicher Motors Ltd has informed the Exchange that the auditors have conducted the limited review for the un-audited financial results for the quarter ended March 31, 2009. The details of the same shall be available on the NSE website (http://www.nseindia.com) under: Corporates > Latest Announcements and on the Extranet Server (/Common/Corporate Announcements).  <a href=/content/corporate/EICHER_LR_27052009.zip target=NEW> For more details click here.</a>",,,Limited Review Report,-,27052009123300,-,-,False,,,,Automobiles - 4 Wheelers,INE066A01013,Eicher Motors Limited,2009-05-27 12:33:00,EICHERMOT
05-May-2009 20:29:00,,-,"Eicher Motors Ltd has informed the Exchange that Mr M J Subbaiah was nominated by ICICI Bank Limited (ICICI Bank) as Director on the Board of the Company. ICICI Bank has withdrawn its nomination consequent to which Mr M J Subbaiah ceased to be a Nominee Director of ICICI Bank. Further, considering the immense expertise and experience of Mr M J Subbaiah, the Board of Directors of the Company in their meeting held on April 30, 2009 decided to appoint him as an Additional, Independent and Non-Executive Director of the Company w.e.f. April 30, 2009 on the Board of the Company.",,,Appointment,-,05052009202900,-,-,False,,,,Automobiles - 4 Wheelers,INE066A01013,Eicher Motors Limited,2009-05-05 20:29:00,EICHERMOT
29-Apr-2009 12:13:00,,-,"Eicher Motors Ltd has submitted to the Exchange the Disclosure under Securities and Exchange Board of India [Prohibition of Insider Trading Regulations, 1992 [Regulation 13(3) and (6)] submitted by Eicher Goodearth Investments Limited. A copy of the same shall be available on the NSE website (http://www.nseindia.com) under: Corporates > Latest Announcements and on the Extranet Server (/Common/Corporate Announcements).<a href=/content/corporate/Eichermoter_DIS_29042009.zip target=NEW> For more details click here.</a>",,,Disclosure under the SEBI(Prohibition of Insider Trading),-,29042009121300,-,-,False,,,,Automobiles - 4 Wheelers,INE066A01013,Eicher Motors Limited,2009-04-29 12:13:00,EICHERMOT
28-Apr-2009 12:15:00,,-,"Eicher Motors Ltd has informed the Exchange that the Company has extinguished and physically destroyed 1233 share certificates consisting of 1,83,289 fully paid up equity shares of Rs. 10/- each, in terms of regulation 12 (1) of Securities and Exchange Board of India (Buy Back of Securities) Regulations, 1998 (Buyback Regulations). Further, the Company has also extinguished 12,25,680 equity shares of Rs. 10/- each (in dematerialized form) in terms of Regulations 12 (2) of Buyback Regulations.",,,Extinguishment,-,28042009121500,-,-,False,,,,Automobiles - 4 Wheelers,INE066A01013,Eicher Motors Limited,2009-04-28 12:15:00,EICHERMOT
21-Apr-2009 11:27:00,,-,"Eicher Motors Ltd has informed the Exchange that: ""The Board of Directors in its meeting held on March 28, 2009 decided among other things the following: (1) The Register of Members of Eicher Motors Limited will remain closed from May 22, 2009 to May 29, 2009 (both days inclusive) for the purpose of payment of dividend to the eligible Shareholders. (2) The Annual General Meeting has been fixed for May 29, 2009.""",,,AGM/Book Closure,-,21042009112700,-,-,False,,,,Automobiles - 4 Wheelers,INE066A01013,Eicher Motors Limited,2009-04-21 11:27:00,EICHERMOT
15-Apr-2009 18:49:00,,-,"JM Financial Consultants Pvt Ltd. has informed the Exchange regarding Proposed Buy-back of equity shares of Eicher Motors Limited from shareholders under the tender offer route in accordance with SEBI (BuyBack of Securities) Regulations (Buy-Back Regulations"") with reference to the regulation 19(7) of Buy-Back Regulations. Further Company has submitted a copy of post offer public announcement (the ""Public Announcement"") with regard to this Buy-back which was published on April 11, 2009 in the news paper. A copy of the same shall be available on the NSE website (http://www.nseindia.com) under: Corporates > Latest Announcements and on the Extranet Server (/Common/Corporate Announcements).<a href=/content/corporate/eicher_PA_15042009.zip target=NEW> For more details click here.</a>",,,Post offer Public announcement,-,15042009184900,-,-,False,,,,Automobiles - 4 Wheelers,INE066A01013,Eicher Motors Limited,2009-04-15 18:49:00,EICHERMOT
01-Apr-2009 14:02:00,,-,Eicher Motors Ltd has submitted to the Exchange information pursuant to clause 20 of the Listing Agreement. The details of the same shall be available on the NSE website (http://www.nseindia.com) under: Corporates > Latest Announcements and on the Extranet Server (/Common/Corporate Announcements).<a href=/content/corporate/EICHER_Clause20_01042009.zip target=NEW> For more details click here.</a>,,,Updates,-,01042009140200,-,-,False,,,,Automobiles - 4 Wheelers,INE066A01013,Eicher Motors Limited,2009-04-01 14:02:00,EICHERMOT
30-Mar-2009 10:19:00,,-,"Eicher Motors Ltd has informed the Exchange that ""Mr. Rajesh Arora, Company Secretary has been transferred to VE Commercial Vehicles Limited, a subsidiary company of Eicher Motors Limited. Consequently, Mr. Rajesh Arora has resigned from the post of Company Secretary and Compliance Officer of Eicher Motors Limited. In view of the above, the Board of Directors of the Company in its meeting held on March 28, 2009 approved appointment of Ms. Shaila Aggarwal as Company Secretary as well as Compliance Officer of the Company.""",,,Appointment/Resignation,-,30032009101900,-,-,False,,,,Automobiles - 4 Wheelers,INE066A01013,Eicher Motors Limited,2009-03-30 10:19:00,EICHERMOT
30-Mar-2009 09:56:00,,-,"Eicher Motors Ltd has informed the Exchange that ""The Company has received a proposal from, the promoter Company M/s. Eicher Goodearth Investments Limited (EGIL)  vide which EGIL is going ahead with a restructuring of its operations through a Composite Scheme of Arrangement proposed under Sections 391, 394 of the Companies Act, 1956. As part of this restructuring scheme, EGIL has also proposed to rationalize its equity holding in Our Company. Under the proposed Scheme EGIL is planning to demerge its investment business undertaking into, another Company of its promoters i.e. Eicher Goodearth Private Limited and consequent to this demerger, residual EGIL, which would primarily be holding equity investment in our Company, is proposed to be merged with Eicher Motor Limited (EML)."" The details of the same shall be available on the NSE website (http://www.nseindia.com) under: Corporates > Latest Announcements and on the Extranet Server (/Common/Corporate Announcements).<a href=/content/corporate/Eicher_Scheme_30032009.zip target=NEW> For more details click here.</a>",,,Scheme of Arrangement,-,30032009095600,-,-,False,,,,Automobiles - 4 Wheelers,INE066A01013,Eicher Motors Limited,2009-03-30 09:56:00,EICHERMOT
30-Mar-2009 09:04:00,,-,"Eicher Motors Ltd has informed the Exchange that the Board of Directors at its meeting held on March 28, 2009 has recommended 50% dividend on the equity share capital (Rupees 5 per share) subject to the approval of the shareholders.",,,Dividend,-,30032009090400,-,-,False,,,,Automobiles - 4 Wheelers,INE066A01013,Eicher Motors Limited,2009-03-30 09:04:00,EICHERMOT
13-Mar-2009 14:49:00,,-,"JM Financial Consultants Pvt Ltd. has submitted to the Exchange a copy of Corrigendum Public Announcement with regards to the Proposed Buy-back of equity shares of Eicher Motors Limited from shareholders under the tender offer route in accordance with SEBI (BuyBack of Securities) Regulations, which was published on March 10, 2009 in newpapers. A copy of the same shall be available on the NSE website (http://www.nseindia.com) under: Corporates > Latest Announcements and on the Extranet Server (/Common/Corporate Announcements).<a href=/content/corporate/EICHERMOT_Corrigendum_13032009.zip target=NEW> For more details click here.</a>",,,Corrigendum,-,13032009144900,-,-,False,,,,Automobiles - 4 Wheelers,INE066A01013,Eicher Motors Limited,2009-03-13 14:49:00,EICHERMOT
05-Feb-2009 11:30:00,,-,"JM Financial Consultants Private Limited has informed the Exchange regarding the Public Notice cum Public Announcement (""Announcement"") made in compliance  with the Securities and Exchange Board of India (Buy-back of Securities) Regulations, 1998 as amended. The Offer and Buy-Back price : Eicher Motors Ltd (the ""Company"" or""EML"") hereby announces the Buy-back of up to 14,08,969 fully paid-up equity shares of the face value Rs. 10 each (""Equity Shares"") from the existing owners of Equity Shares (the ""Buy-back"") through the Tender Offer route in accordance with section 77A of the Companies Act, 1956 as amended to date (hereinafter referred to as ""Act"") and the Securities and Exchange Board of India (Buy Back of Securities) Regulations, 1998 as amended up to date (hereinafter referred to as ""Buy-Back Regulations"") at a price of Rs. 691.68 per Equity Share (""Buy Back Price"")  payable in cash, for an amount aggregating up to Rs. 97.46 crores (""Offer Size""). The Offer Size represents up to 21.28% of the aggregate of the Company's total paid-up equity capital and free reserves as on March 31, 2008. The buyback would not be more than 25% of its paid-up equity capital as provided under section 77A of the Companies Act, 1956. The Date of Opening of the Buyback : March 12, 2009. The date of closing of the Buyback : March 26, 2009. Last date of communicating rejection/acceptance and payment of consideration for accepted tenders and/or the unaccepted equity shares/share certificates will be dispatched/credited : April 08, 2009. A copy of the Public Announcement - Buyback of shares shall be available on the NSE website   (http://www.nseindia.com) under: Corporates > Latest Announcements and on the Extranet Server (/Common/Corporate Announcements).<a href=/content/corporate/eicher_buyback_04022009.zip target=NEW> For more details click here.</a>",,,Public Announcement - Buyback of Shares,-,05022009113000,-,-,False,,,,Automobiles - 4 Wheelers,INE066A01013,Eicher Motors Limited,2009-02-05 11:30:00,EICHERMOT
21-Jan-2009 11:30:00,,-,"Eicher Motors Ltd has informed the Exchange that the company shall submit audited financial results for the accounting year ended on December 31, 2008 within three months of end of the accounting year.",,,Publish Audited Results,-,21012009113000,-,-,False,,,,Automobiles - 4 Wheelers,INE066A01013,Eicher Motors Limited,2009-01-21 11:30:00,EICHERMOT
29-Dec-2008 14:54:00,,-,"Eicher Motors Ltd had informed the Exchange regarding the Notice under Section 192A of the Companies Act, 1956 read with the Companies (Passing of the Resolutions by Postal Ballot) Rules, 2001. The Company has now informed the Exchange that the special resolution under Section 77A, 77AA, 77B and all other applicable provisions of the Companies Act, 1956 read with Securities and Exchange Board of India (Buyback of Securities) Regulation, 1998 for Buy-Back of 1,408,969 Equity Shares of the Company at a fixed price of Rs.691.68 per equity share has been approved by the shareholders with requisite majority through postal ballot.",,,Results of Postal Ballot,-,29122008145400,-,-,False,,,,Automobiles - 4 Wheelers,INE066A01013,Eicher Motors Limited,2008-12-29 14:54:00,EICHERMOT
02-Dec-2008 17:06:00,,-,"Eicher Motors Ltd has informed the Exchange that as per section 192A of the Companies Act, 1956 read with the Companies (Passing of the Resolutions by Postal Ballot) Rules, 2001, the approval of the shareholders for the following resolution is required to be obtained by means of a postal ballot for buy-back of Company's own shares: (1) Special Resolution under Section 77A, 77AA, 77B and all other applicable provisions of the Companies Act, 1956 read with Securities and Exchange Board of India (Buy-back of Securities) Regulation, 1998 for Buy-back of shares. The Company has appointed Mr. Vijay Gupta, Practicing Chartered Accountant, M/s. VKGN & Associates, New Delhi, as Scrutinizer for conducting the postal ballot process. The duly completed Postal Ballot forms should reach the Scrutinizer at the Registered Office of the Company on or before December 27, 2008. The Scrutinizer will submit his report addressed to the Chairman of the Company after completion of scrutiny in a fair and transparent manner and the result of the postal ballot will be announced by the Chairman of the Company on December 29, 2008. A copy of the Postal Ballot notice shall be available on the NSE website   (http://www.nseindia.com) under: Corporates > Latest Announcements and on the Extranet Server (/Common/Corporate Announcements).<a href=/content/corporate/Eichermot_PB_02122008.zip target=NEW> For more details click here.</a>",,,Postal Ballot,-,02122008170600,-,-,False,,,,Automobiles - 4 Wheelers,INE066A01013,Eicher Motors Limited,2008-12-02 17:06:00,EICHERMOT
20-Nov-2008 19:42:00,,-,"Eicher Motors Ltd had informed the Exchange that the Board of Directors in its meeting held on November 20, 2008 had considered and approved the Buy Back of 1,408,969 Equity Shares of the Company at a price not exceeding Rs. 691.68 per equity share and the total aggregate amount to be expended by the Company for the Buy-back not exceeding Rs. 97.46 crores in accordance with Section 77A, 77AA, 77B of the Companies Act, 1956"". The Company has now informed the Exchange that ""We wish to clarify that the price of buy-back of share is fixed i.e. Rs.691 .68 per equity share.Accordingly, please note that the line relating to price i.e. ""at a price not exceeding Rs.691.68 per equity share"" should be read as ""at a fixed price of Rs.691.68 per equity share"".",,,Updates,-,20112008194200,-,-,False,,,,Automobiles - 4 Wheelers,INE066A01013,Eicher Motors Limited,2008-11-20 19:42:00,EICHERMOT
20-Nov-2008 18:54:00,,-,"Eicher Motors Ltd has informed the Exchange that ""Subject to the approval of the shareholders by means of a postal ballot under Section 192A of the Companies Act, 1956 read with the Companies (Passing of the Resolutions by Postal Ballot) Rules, 2001, we wish to inform you that the Board of Directors in its meeting held on November 20, 2008 had considered and approved the Buy Back of 1,408,969 Equity Shares of the Company at a price not exceeding Rs. 691.68 per equity share and the total aggregate amount to be expended by the Company for the Buy-back not exceeding Rs. 97.46 crores in accordance with Section 77A, 77AA, 77B of the Companies Act, 1956"".",,,Outcome of Board Meeting,-,20112008185400,-,-,False,,,,Automobiles - 4 Wheelers,INE066A01013,Eicher Motors Limited,2008-11-20 18:54:00,EICHERMOT
20-Nov-2008 18:09:00,,-,"Eicher Motors Ltd has informed the Exchange that ""Mr. P.N. Vijay, Independent Director has resigned from the Board of Directors of the Company with effect from November 20, 2008.""",,,Resignation,-,20112008180900,-,-,False,,,,Automobiles - 4 Wheelers,INE066A01013,Eicher Motors Limited,2008-11-20 18:09:00,EICHERMOT
30-Oct-2008 19:44:00,,-,"Eicher Motors Ltd has informed the Exchange that upon request of promoter and principal shareholders of the Company, i.e. Eicher Goodearth Investments Limited (EGIL) vide letter dated October 27, 2008, the Board of Directors of Eicher Motors Limited (EML) took up the matter as an additional item in the Board Meeting held on October 29, 2008 and passed the attached resolution granting in principal approval for the buy back of its shares through Tender Offer route, in the same proportion as sale of promoter holding to Volvo (ratio of promoter shares sold to volvo to the total holding of shares by Promoter) at the same price of Rs. 691.68 per share. The further details of the same shall be available on the NSE website (http://www.nseindia.com) under Corporates > Latest Announcements and on the Extranet Server (/Common/Corporate Announcements)<a href=/content/corporate/EicherMotor_Up_30102008.zip target=NEW> For more details click here.</a>",,,Buy back,-,30102008194400,-,-,False,,,,Automobiles - 4 Wheelers,INE066A01013,Eicher Motors Limited,2008-10-30 19:44:00,EICHERMOT
30-Oct-2008 19:05:00,,-,"Eicher Motors Ltd has informed the Exchange that the Board of Directors of the Company has decided to change the Accounting Year of the Company from Financial Year to Calendar Year. Accordingly the current accounting year would end on December 31, 2008. In this regard, the Company has submitted to the Exchange a resolution passed by the Board of Directors. A copy of the same shall be available on the NSE website (http://www.nseindia.com) under Corporates > Latest Announcements and on the Extranet Server (/Common/Corporate Announcements)<a href=/content/corporate/EicherMOtor_ChangeAc_30102008.zip target=NEW> For more details click here.</a>",,,Change in Accounting Year,-,30102008190500,-,-,False,,,,Automobiles - 4 Wheelers,INE066A01013,Eicher Motors Limited,2008-10-30 19:05:00,EICHERMOT
16-Sep-2008 15:07:00,,-,"Eicher Motors Ltd has informed the Exchange that the auditor's have conducted the limited review of the Unaudited financial results for the quarter ended June 30, 2008. A copy of the same shall be available on the NSE website (http://www.nseindia.com) under: Corporates > Latest Announcements and on the Extranet Server (/Common/Corporate Announcements).<a href=/content/corporate/Eichermot_LR_16092008.zip target=NEW> For more details click here.</a>",,,Limited Review Report,-,16092008150700,-,-,False,,,,Automobiles - 4 Wheelers,INE066A01013,Eicher Motors Limited,2008-09-16 15:07:00,EICHERMOT
22-Aug-2008 15:40:00,,-,"Eicher Motors Ltd had informed the Exchange that the company has signed the definitive agreements with AB Volvo, Sweden for formation of a Joint Venture company ( ""JVC"" ) through transfer of the existing Commercial Vehicle Business along with related Components and Design Services Business ( ""CV Business"" ) to a step down subsidiary of the Company. For the aforesaid transaction, the approval of the shareholders was obtained through postal ballot on March 15, 2008.  The company has now informed that pursuant to receipt of all regulatory approvals, the closing under the definitive agreements referred above has occurred on August 22, 2008 and consequently the company has now transferred the CV Business to VECV, the Joint Venture Company with effect from July 01, 2008 by way of a ""slump sale"" (as defined under Section 2{42 C} of the Income Tax Act, 1961) on a 'going concern' basis.",,,Updates,-,22082008154000,-,-,False,,,,Automobiles - 4 Wheelers,INE066A01013,Eicher Motors Limited,2008-08-22 15:40:00,EICHERMOT
09-Jun-2008 09:46:00,,-,"Eicher Motors Ltd has informed the Exchange that: ""The present shareholding of Eicher Goodearth Limited (EGL), in the Company is 1,63,08,372 equity shares representing 58.05% of the total paid equity capital of the Company. We wish to inform you that we have received a letter from Eicher Goodearth Investments Limited regarding change of name from Eicher Goodearth Limited to Eicher Goodearth Investments Limited"".",,,Updates,-,09062008094600,-,-,False,,,,Automobiles - 4 Wheelers,INE066A01013,Eicher Motors Limited,2008-06-09 09:46:00,EICHERMOT
28-May-2008 15:14:00,,-,"Eicher Motors Ltd has informed the Exchange that: ""This is further to our letter dated 26th May, 2008 and with reference to articles relating to Joint Venture of Eicher Motors Limited with AB Volvo, Sweden published in various news papers on 27th May, 2008. In this regard, we would like to clarify that there have been wrong reporting in a few newspapers with respect to the announcement made by the promoters of the Company, Eicher Goodearth Investments Limited (EGIL). We have been informed by EGIL that they have requested to those who have misquoted the statement of the promoters to carry a suitable corrigendum"". The details of the same shall be available on the NSE website (http://www.nseindia.com) under: Corporates > Latest Announcements and on the Extranet Server (/Common/Corporate Announcements).<a href=/content/corporate/eicher_clari_28052008.zip target=NEW> For more details click here.</a>",,,News Clarification,-,28052008151400,-,-,False,,,,Automobiles - 4 Wheelers,INE066A01013,Eicher Motors Limited,2008-05-28 15:14:00,EICHERMOT
26-May-2008 11:52:00,,-,"Eicher Motors Ltd has informed the Exchange regarding a press release issued by M/s. Eicher Goodearth Investments Limited, dated May 26, 2008, titled ""Eicher Motors Limited and AB Volvo sign definitive agreements to formalize Joint Venture"". A copy of the press release shall be available on the NSE website (http://www.nseindia.com) under: Corporates > Latest Announcements and on the Extranet Server (/Common/Corporate Announcements).<a href=/content/corporate/Eicher_PR_26052208.zip target=NEW> For more details click here.</a>",,,Press Release,-,26052008115200,-,-,False,,,,Automobiles - 4 Wheelers,INE066A01013,Eicher Motors Limited,2008-05-26 11:52:00,EICHERMOT
26-May-2008 11:48:00,,-,"Eicher Motors Ltd has informed the Exchange that: ""The Company has signed the definitive agreements with M/s Aktiebolager Volvo (PUBL), Sweden (""Volvo"") including the followings: (i) Business Purchase Agreement, (ii) Joint Venture Agreement, (iii) Non-compete Agreement"".",,,Signing of agreement,-,26052008114800,-,-,False,,,,Automobiles - 4 Wheelers,INE066A01013,Eicher Motors Limited,2008-05-26 11:48:00,EICHERMOT
26-May-2008 09:33:00,,-,"Eicher Motors Ltd has informed the Exchange vide its letter dated May 24, 2008, that: ""The Board of Directors in its meeting held on May 24, 2008 have approved draft of definitive agreements to be executed with M/s. AB Volvo, Gothenburg, Sweeden (""Volvo"") to carry Commercial Vehicles Business (along with Components and Engineering Design Services Business) through EML's step down subsidiary, namely, Eicher Motors India Limited (JV Company) and authorized Mr. Siddhartha Lal, Managing Director for execution of the same. The definitive agreements are proposed to be executed on May 26, 2008"".",,,Agreement,-,26052008093300,-,-,False,,,,Automobiles - 4 Wheelers,INE066A01013,Eicher Motors Limited,2008-05-26 09:33:00,EICHERMOT
29-Apr-2008 20:20:00,,-,"Eicher Motors Ltd has informed the Exchange that the Board of Directors in its meeting held on April 28, 2008 decided among other things the following: The Register of Members of Eicher Motors Limited will remain closed from May 28, 2008 to June 04, 2008 (both days inclusive) for the purpose of payment of dividend to the eligible shareholders.",,,Book Closure (Purpose Revised),-,29042008202000,-,-,False,,,,Automobiles - 4 Wheelers,INE066A01013,Eicher Motors Limited,2008-04-29 20:20:00,EICHERMOT
28-Apr-2008 18:53:00,,-,"Eicher Motors Ltd has informed the Exchange that the Board, at its meeting held on April 28, 2008 has recommended 50% dividend on the equity capital, subject to the approval of the shareholders.",,,Dividend,-,28042008185300,-,-,False,,,,Automobiles - 4 Wheelers,INE066A01013,Eicher Motors Limited,2008-04-28 18:53:00,EICHERMOT
28-Apr-2008 17:32:00,,-,Eicher Motors Ltd has submitted to the Exchange information pursuant to Clause-20 of the Listing Agreement. The copy of the same shall be available on the NSE website (http://www.nseindia.com) under Corporates > Latest Announcements and on the Extranet Server (/Common/Corporate Announcements).<a href=/content/corporate/eichermot_UP_28042008.zip target=NEW> For more details click here.</a>,,,Updates,-,28042008173200,-,-,False,,,,Automobiles - 4 Wheelers,INE066A01013,Eicher Motors Limited,2008-04-28 17:32:00,EICHERMOT
28-Apr-2008 16:21:00,,-,"Eicher Motors Ltd has informed the Exchange that the Board of Directors in its meeting held on April 28, 2008 decided among other things the following: 1) The Register of Members of Eicher Motors Limited will remain closed from May 28, 2008 to June 04, 2008 (both days inclusive). 2) The Annual General Meeting has been fixed for June 04, 2008.",,,AGM/Book Closure,-,28042008162100,-,-,False,,,,Automobiles - 4 Wheelers,INE066A01013,Eicher Motors Limited,2008-04-28 16:21:00,EICHERMOT
28-Apr-2008 15:38:00,,-,"Eicher Motors Ltd has informed the Exchange that the Board of Directors in its meeting held on April 28, 2008 appointed Mr. Prateek Jalan as an Additional Director on the Board of Directors of the Company. He would be treated as an Independent Director.",,,Appointment,-,28042008153800,-,-,False,,,,Automobiles - 4 Wheelers,INE066A01013,Eicher Motors Limited,2008-04-28 15:38:00,EICHERMOT
17-Apr-2008 13:46:00,,-,"Eicher Motors Ltd has informed the Exchange that ""Eicher Motors Ltd (EML) had the following two Wholly Owned Subsidiaries in USA: 1) Design Intent Engineering Inc., (""DIE"") 2) Hoff & Associates Inc., (""HOFF""). Both the companies were incorporated under the Laws of the State of Michigan, U.S.A. and engaged in a similar business of providing services in Engineering Design Services. The Company had decided to merge HOFF with DIE to consolidate the investment of the Company in a single entity. Accordingly, HOFF merged with DIE and the name of the merged entity has been changed to Eicher Engineering Solutions, Inc, so that the Company to be recognized as part of Eicher Group of Companies.""",,,Merger,-,17042008134600,-,-,False,,,,Automobiles - 4 Wheelers,INE066A01013,Eicher Motors Limited,2008-04-17 13:46:00,EICHERMOT
16-Apr-2008 14:29:00,,-,"Eicher Motors Ltd has informed the Exchange that : ""The present shareholding of Eicher Limited (EL), Eicher Goodearth Limited (EGL), Eicher Goodearth Holdings Private Limited (EGHPL) and  Eicher Holdings Private Limited (EHPL) in the Company are under :  1) Name of shareholder :- Eicher Limited, No. of Shares :- 92,79,835, %age held :- 33.03.  2) Name of shareholder :- Eicher Goodearth Limited, No. of Shares :- 69,50,429, %age held :- 24.74.  3) Name of shareholder :- Eicher Goodearth Holdings Private Limited, No of Shares :- 56,388, % age held :- 0.20.  4) Name of shareholder :- Eicher Holdings Private Limited, No. of shares :- 21,720, % age held :- 0.08.  Total No. of Shares :- 1,63,08,372, Total % held :- 58.05.  EL, EGHPL and EHPL have been merged with EGL pursuant to Composite Scheme of Arrangement approved by the High Court of Delhi vide order dated 4th March, 2008. Pursuant the said order, all the assets and liabilities, licences, permission, approvals or consents held by EL, EGHPL and EHPL are to be vested in EGL. Upon filing the Court order with the Register of Companies, New Delhi on 3rd April, 2008, EL, EGHPL and EHPL, got dissolved without winding up. Consequent to above, equity shares aggregating to 33.31% of the paid up equity capital of the Company held by EL, EGHPL and EHPL are to be transferred and vested in EGL. With transfer of these shares, EGL, shareholding in the Company would increase to 58.05% of the paid up equity capital of the Company and it shall become direct subsidiary of EGL.""",,,Updates,-,16042008142900,-,-,False,,,,Automobiles - 4 Wheelers,INE066A01013,Eicher Motors Limited,2008-04-16 14:29:00,EICHERMOT
17-Mar-2008 09:52:00,,-,"Eicher Motors Ltd had informed the Exchange regarding Notice under Section 192A of the Companies Act, 1956 read with the Companies (Passing the Resolution by Postal Ballot) Rules, 2001. The Company has now informed the Exchange that the resolution for transfer of Company's Commercial Vehicle Business (located at Pithampur, Madhya Pradesh); Components Business (located at Thane, Maharashtra; Dewas, Madhya Pradesh; and Gurgaon, Haryana) and Engineering Design Services Business (located at Gurgaon, Haryana) along with assets belonging to Commercial vehicle Business situated at Corporate Office at New Delhi, Investment in Design Intent Engineering. Inc, U.S.A. and Investment in Hoff & Associates, Inc. U.S.A. to a new company proposed to be incorporated as a subsidiary of the Company in the National Capital Territory of Delhi has been approved by the shareholders with requisite majority through postal ballot. A copy of the results of Postal Ballot shall be available on the NSE website (http://www.nseindia.com) under: Corporates > Latest Announcements and on the Extranet Server (/Common/Corporate Announcements).<a href=/content/corporate/eichermot_RPB_17032008.zip target=NEW> For more details click here.</a>",,,Results of Postal Ballot,-,17032008095200,-,-,False,,,,Automobiles - 4 Wheelers,INE066A01013,Eicher Motors Limited,2008-03-17 09:52:00,EICHERMOT
25-Feb-2008 17:05:00,,-,"Eicher Motors Ltd has informed the Exchange that the auditor's have conducted the limited review of the unaudited financial results for the quarter ended December 31, 2007. The details of the limited review report shall be available on the NSE website (http://www.nseindia.com) under: Corporates > Latest Announcements and on the Extranet Server (/Common/Corporate Announcements).<a href=/content/corporate/eicher_LR_25022008.zip target=NEW> For more details click here.</a>",,,Limited Review Report,-,25022008170500,-,-,False,,,,Automobiles - 4 Wheelers,INE066A01013,Eicher Motors Limited,2008-02-25 17:05:00,EICHERMOT
18-Feb-2008 13:58:00,,-,"Eicher Motors Ltd has informed the Exchange that as per section 192A of the Companies Act, 1956 read with the Companies (Passing of the Resolutions by Postal Ballot) Rules, 2001, the approval of the shareholders for the following resolution is required to be obtained by means of a postal ballot: Ordinary Resolution under Section 293 (1) (a) of the Companies Act, 1956 for transfer of ""Undertaking"" of the Company to new subsidiary of the Company. The Company has appointed Mr. Vijay Gupta, Practicing Chartered Accountant, M/s. VKGN & Associates, New Delhi, as Scrutinizer for conducting the postal ballot process. The duly completed Postal Ballot forms should reach the Scrutinizer at the Registered Office of the Company on or before March 12, 2008. The Scrutinizer will submit his report addressed to the Chairman of the Company after completion of scrutiny in a fair and transparent manner and the result of the postal ballot will be announced by the Chairman of the Company on March 15, 2008. A copy of the Postal Ballot notice shall be available on the NSE website   (http://www.nseindia.com) under: Corporates > Latest Announcements and on the Extranet Server (/Common/Corporate Announcements).<a href=/content/corporate/eicher_PB_18022008.zip target=NEW> For more details click here.</a>",,,Postal Ballot,-,18022008135800,-,-,False,,,,Automobiles - 4 Wheelers,INE066A01013,Eicher Motors Limited,2008-02-18 13:58:00,EICHERMOT
29-Jan-2008 20:31:00,,-,"Eicher Motors Ltd has informed the Exchange that ""The Board of Directors of the Company has at their meeting held on January 29, 2008 approved transfer of Company's Commercial Vehicle Division (including Components and Engineering Design Services) on a ""slump sales"" and on a going concern basis, to new subsidiary of the Company to be incorporated, subject to the approval of the shareholders by means of a postal ballot.""",,,Updates,-,29012008203100,-,-,False,,,,Automobiles - 4 Wheelers,INE066A01013,Eicher Motors Limited,2008-01-29 20:31:00,EICHERMOT
10-Dec-2007 13:01:00,,-,"Eicher Motors Ltd has informed the Exchange that the Board of Directors in its Board Meeting held on December 10, 2007 reviewed a proposal received from M/s AB Volvo, Gothenburg, Sweden ('Volvo') to jointly develop Commercial Vehicles Business including Components and Engineering Design Services (CV Business). After discussion the Board of Directors of the Company has unanimously accorded its approval and authorised Mr. Siddhartha Lal, Managing Director to execute a Letter of Intent ('LOI') with M/s AB Volvo, Sweden. The company has submitted to the Exchange the salient features of Letter of Intent which shall be available on the NSE website (http://www.nseindia.com) under: Corporates > Latest Announcements and on the Extranet Server (/Common/Corporate Announcements).<a href=/content/corporate/EML_LOI.zip target=NEW> For more details click here.</a>",,,Miscellaneous,-,10122007130100,-,-,False,,,,Automobiles - 4 Wheelers,INE066A01013,Eicher Motors Limited,2007-12-10 13:01:00,EICHERMOT
10-Dec-2007 12:26:00,,-,"Eicher Motors Ltd has informed the Exchange regarding a press release dated December 10, 2007, titled ""Eicher Motors Limited and AB Volvo sign Letter of Intent to form Joint Venture"". A copy of the press release shall be available on the NSE website (http://www.nseindia.com) under: Corporates > Latest Announcements and on the Extranet Server (/Common/Corporate Announcements).<a href=/content/corporate/EicherMotors_PR_10122007.zip target=NEW> For more details click here.</a>",,,Press Release,-,10122007122600,-,-,False,,,,Automobiles - 4 Wheelers,INE066A01013,Eicher Motors Limited,2007-12-10 12:26:00,EICHERMOT
28-Nov-2007 13:24:00,,-,"Eicher Motors Ltd has informed the Exchange that the members of the Compensation Committee of the Company in its meeting held on October 22, 2007 had granted approval for further grant stock options to the eligible employees of the Company under the Employee Stock Option Plan 2006 (""ESOP 2006""). The details of the same shall be available on the NSE website (http://www.nseindia.com) under: Corporates > Latest Announcements and on the Extranet Server (/Common/Corporate Announcements).<a href=/content/corporate/Eicher_ANN_28112007.zip target=NEW> For more details click here.</a>",,,Grant of Stock Options,-,28112007132400,-,-,False,,,,Automobiles - 4 Wheelers,INE066A01013,Eicher Motors Limited,2007-11-28 13:24:00,EICHERMOT
22-Oct-2007 19:08:00,,-,"Eicher Motors Ltd has informed the Exchange vide notes to Accounts in the Unaudited Financial Results for the quarter ended September 30,2007 (taken on record by the Board of the Directors of the Company at its meeting held on October 22, 2007) that: ""Pursuant to Notification No. CE (NT)-11/95 dated March 16, 1995 issued by the Central Government, unutilised MODVAT balance amounting to Rs.8.21 crores standing to the credit of the Company as on March 16, 1995 was to lapse. On a writ petition filed by the Company, the Hon'ble Supreme Court struck down the aforesaid notification. Subsequently, section 37 of the Central Excise Act, 1944 was amended by the Finance Act, 1999 with retrospective effect from March 16, 1995 to validate the said notification. The Company has challenged the aforesaid amendment before the Delhi High Court. Pending disposal of the case, no provision is considered necessary in respect of above matters estimated at Rs.5.42 crores (net of tax)"".",,,Miscellaneous,-,22102007190800,-,-,False,,,,Automobiles - 4 Wheelers,INE066A01013,Eicher Motors Limited,2007-10-22 19:08:00,EICHERMOT
22-Oct-2007 15:20:00,,-,"Eicher Motors Ltd has informed the Exchange that the Board of Directors of the Company in its meeting held on October 22, 2007 approved appointment of Mr. Rajesh Arora as Company Secretary as well as Compliance Officer of the Company.",,,Appointment of Company Secretary and Compliance Officer,-,22102007152000,-,-,False,,,,Automobiles - 4 Wheelers,INE066A01013,Eicher Motors Limited,2007-10-22 15:20:00,EICHERMOT
05-Oct-2007 12:25:00,,-,"Eicher Motors Ltd has informed the Exchange that ""this is with reference to the press report in the HT dated 4th Oct 2007 titled ""Volvo poised to buy Eicher"" "". In this regard, Company  has issued press note on October 05, 2007. A copy of the press note shall be available on the NSE website   (http://www.nseindia.com) under: Corporates > Latest Announcements and on the Extranet Server (/Common/Corporate Announcements).<a href=/content/corporate/EicherMotors_PressNote.zip target=NEW> For more details click here.</a>",,,Press Note,-,05102007122500,-,-,False,,,,Automobiles - 4 Wheelers,INE066A01013,Eicher Motors Limited,2007-10-05 12:25:00,EICHERMOT
30-Jul-2007 15:11:00,,-,"News Verification : The media had reports that the promoters of Eicher Motors Ltd may sell their majority holding in the company along with management control to a leading global commercial vehicle manufacturer. The Exchange, in order to verify the accuracy or otherwise of the information reported in the media and to inform the market place so that the interest of the investors is safeguarded, had written to the officials of the company. Eicher Motors Ltd has vide its letter inter-alia stated,"" The article is speculative and we deny the contents of the report.""",,,News Verification,-,30072007151100,-,-,False,,,,Automobiles - 4 Wheelers,INE066A01013,Eicher Motors Limited,2007-07-30 15:11:00,EICHERMOT
24-Jul-2007 14:43:00,,-,"Eicher Motors Ltd has informed the Exchange that ""The Board of Directors of the Company in their meeting held on July 24, 2007 deliberated and authorized the Managing Director and the Chief Financial Officer of the Company to undertake necessary steps for actively evaluating opportunities of strategic partnership and alternatives on structures"".",,,Miscellaneous,-,24072007144300,-,-,False,,,,Automobiles - 4 Wheelers,INE066A01013,Eicher Motors Limited,2007-07-24 14:43:00,EICHERMOT
16-Jul-2007 17:03:00,,-,"News Verification : The media had reports on July 14, 2007 that  Hyundai Motor Company may acquire a stake in the company. The Exchange, in order to verify the accuracy or otherwise of the information reported in the media and to inform the market place so that the interest of the investors is safeguarded, had written to the officials of the company. Eicher Motors Ltd has vide its letter inter-alia stated,"" There are no discussions going on with Hyundai Motors and we are also not aware of any visit of their delegation to India.""",,,News Verification,-,16072007170300,-,-,False,,,,Automobiles - 4 Wheelers,INE066A01013,Eicher Motors Limited,2007-07-16 17:03:00,EICHERMOT
16-Jul-2007 14:26:00,,-,"Eicher Motors Ltd has informed the Exchange that ""Mr Inder Mohan Singh, Company Secretary has resigned from Eicher Motors Limited with effect from July 14, 2007"".",,,Resignation,-,16072007142600,-,-,False,,,,Automobiles - 4 Wheelers,INE066A01013,Eicher Motors Limited,2007-07-16 14:26:00,EICHERMOT
03-May-2007 19:47:00,,-,"Eicher Motors Ltd has informed the Exchange that: ""The Board of Directors in its meeting held on May 03, 2007 decided among other things the following: 1) The Register of Members of Eicher Motors Limited will remain closed from 22nd June, 2007 to 29th June, 2007 (both days inclusive). 2) The Annual General Meeting has been fixed for 29th June, 2007"".",,,AGM/Book Closure,-,03052007194700,-,-,False,,,,Automobiles - 4 Wheelers,INE066A01013,Eicher Motors Limited,2007-05-03 19:47:00,EICHERMOT
03-May-2007 19:30:00,,-,"Eicher Motors Ltd has informed the Exchange that the Board of Directors of the Company in its meeting held on May 03, 2007 have reviewed and approved the audited results for the year ended March 31, 2007. The details of the same shall be available on the NSE website   (http://www.nseindia.com) under: Corporates > Latest Announcements and on the Extranet Server (/Common/Corporate Announcements).<a href=/content/corporate/Eicher_PR_03052007.zip target=NEW> For more details click here.</a>",,,Miscellaneous,-,03052007193000,-,-,False,,,,Automobiles - 4 Wheelers,INE066A01013,Eicher Motors Limited,2007-05-03 19:30:00,EICHERMOT
26-Apr-2007 09:55:00,,-,"Eicher Motors Ltd has informed the Exchange that ""Eicher Motors Limited has acquired 100% equity shares of Hoff and Associates, Plymouth, Michigan USA along with its two 100% owned subsidiaries in Beijing and Shanghai, China. A professional services organization founded in 1990, Hoff and Associates delivers comprehensive engineering solutions. Utilizing sophisticated computerized design, modeling, and analysis tools, Hoff and Associates has achieved significant success addressing the needs of aerospace, automotive, semiconductor, medical, marine and plastics industries. Eicher Motors Limited has paid a total consideration of US$ 3.5 million to acquire the 100% equity shares from the shareholders of Hoff and Associates. Hoff and Associates reported a consolidated turnover of US$ 5.2 million in the year ended December 31, 2006.""",,,Acquisition,-,26042007095500,-,-,False,,,,Automobiles - 4 Wheelers,INE066A01013,Eicher Motors Limited,2007-04-26 09:55:00,EICHERMOT
23-Mar-2007 14:59:00,,-,"Eicher Motors Ltd has informed the Exchange that the auditor's have conducted the limited review of the unaudited financial results for the quarter ended December 31, 2006. The details of the limited review report shall be available on the NSE website (http://www.nseindia.com) under: Corporates > Latest Announcements and on the Extranet Server (/Common/Corporate Announcements).<a href=/content/corporate/eicher_LR.zip target=NEW> For more details click here.</a>",,,Limited Review Report,-,23032007145900,-,-,False,,,,Automobiles - 4 Wheelers,INE066A01013,Eicher Motors Limited,2007-03-23 14:59:00,EICHERMOT
12-Mar-2007 09:16:00,,-,"Eicher Motors Ltd has informed the Exchange that ""The Board of Director in its meting held on March 10, 2007 has declared an interim Dividend of 290% on the equity shares for the Financial Year 2006-2007. This includes one time special dividend of 250%. The Interim Dividend shall be paid to those members whose names appear on the Register of Members of the Company on the Record Date i.e. March 20,2007"".",,,Interim Dividend,-,12032007091600,-,-,False,,,,Automobiles - 4 Wheelers,INE066A01013,Eicher Motors Limited,2007-03-12 09:16:00,EICHERMOT
05-Mar-2007 19:01:00,,-,"Eicher Motors Ltd has informed the Exchange that ""the Company has fixed March 20, 2007 as 'Record Date"" to determine the equity shareholders who would be eligible to receive the Interim Dividend if declared by the Board of Directors at its meeting scheduled on March 10, 2007"".",,,Record Date,-,05032007190100,-,-,False,,,,Automobiles - 4 Wheelers,INE066A01013,Eicher Motors Limited,2007-03-05 19:01:00,EICHERMOT
01-Dec-2006 18:17:00,,-,"Eicher Motors Ltd has informed the Exchange that the auditor's have conducted the limited review of the unaudited financial results for the quarter and half year ended September 30, 2006. The details of the limited review report shall be available on the NSE website (http://www.nseindia.com) under: Corporates > Latest Announcements and on the Extranet Server (/Common/CorporateAnnouncements).<a href=/content/corporate/Eicher_011206.zip target=NEW> For more details click here.</a>",,,Limited Review Report,-,01122006181700,-,-,False,,,,Automobiles - 4 Wheelers,INE066A01013,Eicher Motors Limited,2006-12-01 18:17:00,EICHERMOT
06-Sep-2006 00:00:00,,-,"Eicher Motors Ltd has informed the Exchange that the auditor's have conducted the limited review of the unaudited financial results for the quarter ended June 30, 2006. The details of the limited review report shall be available on the NSE website (http://www.nseindia.com) under: Corporates > Latest Announcements and on the Extranet Server (/Common/CorporateAnnouncements).",,,Limited Review Report,-,06092006000000,-,-,False,,,,Automobiles - 4 Wheelers,INE066A01013,Eicher Motors Limited,2006-09-06 00:00:00,EICHERMOT
29-Aug-2006 00:00:00,,-,Eicher Motors Ltd has informed the Exchange that the resolution for sale of the Company's Royal Enfield Business Unit on a going concern basis by way of a slump sale in favour of new subsidiary company which is proposed to be incorporated in the National Capital Territory of Delhi has been approved by the shareholders with requisite majority through postal ballot.,,,Miscellaneous,-,29082006000000,-,-,False,,,,Automobiles - 4 Wheelers,INE066A01013,Eicher Motors Limited,2006-08-29 00:00:00,EICHERMOT
28-Jul-2006 00:00:00,,-,"Eicher Motors Ltd has informed the Exchange that pursuant to Section 192A of the Companies Act, 1956 read with the Companies (Passing of the Resolutions by Postal Ballot) Rules, 2001, the following resolutions are proposed to be passed by means of postal ballot: 1) Ordinary resolution under section 293(1)(a) of the Companies Act,1956 for sale of the Company's Royal Enfield Business Unit on a going concern by way of a slump sale in favour of a new Company which is proposed to be incorporated as a subsidiary of the Company in the National Capital Territory of Delhi. The company has appointed Mr. Vijay Gupta, Practicing Chartered Accountant, M/s. VKGN & Associates, as Scrutinizer for conducting the Postal Ballot process. The duly completed Postal Ballot Form should reach the scrutinizer on or before August 26, 2006. The results of the Postal Ballot will be announced by the Chairman of the Company on August 29, 2006. A copy of the postal ballot notice shall be available on the NSE website (http://www.nseindia.com) under: Corporates > Latest Announcements and on the Extranet Server (/Common/CorporateAnnouncements).",,,Postal Ballot,-,28072006000000,-,-,False,,,,Automobiles - 4 Wheelers,INE066A01013,Eicher Motors Limited,2006-07-28 00:00:00,EICHERMOT
10-Jul-2006 00:00:00,,-,"Eicher Motors Ltd has informed the Exchange that the Board of Directors of the Company has, at their meeting held on July 10, 2006 approved transfer of Royal Enfield Business Unit by way of a slump sale and on a going concern basis to a new company proposed to be incorporated as a subsidiary of the Company in the National Capital Territory of Delhi, subject to the approval of the shareholders by means of a postal ballot. The Board further authorised to make efforts to explore opportunities for inviting strategic and financial investors in the subsidiary Company to exploit the growth potential of Royal Enfield Business.",,,Outcome of Board Meeting,-,10072006000000,-,-,False,,,,Automobiles - 4 Wheelers,INE066A01013,Eicher Motors Limited,2006-07-10 00:00:00,EICHERMOT
02-May-2006 00:00:00,,-,"Eicher Motors Ltd has informed the Exchange that the Board of Directors in its meeting held on April 29, 2006 approved the following:- (1) Appointment of Mr. Siddhartha Lal as Additional Director. He has also been appointed as the Managing Director of the Company for a period of five years with effect from May 01, 2006. Mr. S. Sandilya, Chairman and Whole-Time Director, on attaining the age of superannuation on April 30, 2006, relinquishes the position of Whole-Time Director of the Company. Mr. S. Sandilya would continue to be the Chairman of the Board and the Company in a Non-Executive capacity.",,,Appointment/Others,-,02052006000000,-,-,False,,,,Automobiles - 4 Wheelers,INE066A01013,Eicher Motors Limited,2006-05-02 00:00:00,EICHERMOT
02-May-2006 00:00:00,,-,"Eicher Motors Ltd has informed the Exchange that the Register of Members of the Company will remain closed from June 26, 2006 to July 05, 2006 (both days inclusive). Further, the Annual General Meeting has been fixed for July 05, 2006 for consideration of the routine items including declaration of dividend.",,,AGM/Book Closure,-,02052006000000,-,-,False,,,,Automobiles - 4 Wheelers,INE066A01013,Eicher Motors Limited,2006-05-02 00:00:00,EICHERMOT
29-Apr-2006 00:00:00,,-,"Eicher Motors Ltd has informed the Exchange that the board at its meeting held on April 29, 2006 has recommended 40% dividend on the equity capital, subject to approval of the shareholders.",,,Dividend,-,29042006000000,-,-,False,,,,Automobiles - 4 Wheelers,INE066A01013,Eicher Motors Limited,2006-04-29 00:00:00,EICHERMOT
20-Feb-2006 00:00:00,,-,"Eicher Motors Ltd has informed the Exchange regarding a press release, dated, February 20, 2006, titled, ""Siddhartha Lal to be the New Managing Director Designate of Eicher Motors; Ms. S. Sandilya to continue as the Chairman."" The details of the press release shall be available on the NSE website (http://www.nseindia.com) under: Corporates > Latest Announcements and on the Extranet Server (/Common/Corporate Announcements).",,,Press Release,-,20022006000000,-,-,False,,,,Automobiles - 4 Wheelers,INE066A01013,Eicher Motors Limited,2006-02-20 00:00:00,EICHERMOT
19-Dec-2005 00:00:00,,-,"Eicher Motors Ltd has informed the Exchange that Fidelity International Limited (FIL) and its direct and indirect subsidiaries and FMR Corp. and its direct and indirect subsidiaries has acquired 462,000 shares aggregating to 1.64% of the total share capital of Eicher Motors Ltd. on December 06, 2005.The mode of acquisition is Market purchase and the shareholding of Fidelity International Limited (FIL) and its direct and indirect subsidiaries and FMR Corp. and its direct and indirect subsidiaries after the said acquisition is 2,365,677 shares aggregating to 8.42% of the total share capital of Eicher Motors Ltd.",,,Reg.13-SEBI(Prohibition of Insider Trading Regulations)1992,-,19122005000000,-,-,False,,,,Automobiles - 4 Wheelers,INE066A01013,Eicher Motors Limited,2005-12-19 00:00:00,EICHERMOT
08-Dec-2005 00:00:00,,-,"Fidelity International Limited has informed the Exchange that Fidelity International Limited (FIL) and its direct and indirect subsidiaries and FMR Corp. and its direct and indirect subsidiaries has acquired 462,000 shares aggregating to 1.64% of the total share capital of Eicher Motors Ltd. on December 06, 2005.The mode of acquisition is Market purchase and the shareholding of Fidelity International Limited (FIL) and its direct and indirect subsidiaries and FMR Corp. and its direct and indirect subsidiaries after the said acquisition is 2,365,677 shares aggregating to 8.42% of the total share capital of Eicher Motors Ltd.",,,Reg.13-SEBI(Prohibition of Insider Trading Regulations)1992,-,08122005000000,-,-,False,,,,Automobiles - 4 Wheelers,INE066A01013,Eicher Motors Limited,2005-12-08 00:00:00,EICHERMOT
10-Oct-2005 00:00:00,,-,"Eicher Motors Ltd has informed the Exchange that Franklin Templeton Mutual Fund, through its scheme Franklin India Prima Fund (FIPF) has sold 5,02,090 shares aggregating to 1.79% of the total share capital of Eicher Motors Ltd. on September 27, 2005. The details of the shareholding of Franklin Templeton Mutual Fund under its various schemes after the said sale is as follows: (1) Franklin India Prima Fund (FIPF) - 6,97,958 shares (2.48%); (2) Franklin India Taxshield 96 (FIT96) - 48,206 shares (0.17%); (3) FT India Balanced Fund (FTIBF) - 40,796 shares (0.15%); (4) Templeton India Pension Plan (TIPP) - 23,896 shares (0.09%); (5) Franklin India Taxshield 97 (FIT97) - 16,364 shares (0.06%); (6) Aggregate shareholding of Franklin Templeton Mutual Fund under its various schemes is 8,27,220 shares aggregating to 2.94% of the total share capital of Eicher Motors Ltd.",,,"Reg.7(3) of SEBI (Substantial Acq of shares &Takeovers),1997",-,10102005000000,-,-,False,,,,Automobiles - 4 Wheelers,INE066A01013,Eicher Motors Limited,2005-10-10 00:00:00,EICHERMOT
29-Sep-2005 00:00:00,,-,"Fidelity International has informed the Exchange that FMR Corp and its direct and indirect subsidiaries and Fidelity International Limited (""FIL"") and its direct and indirect subsidiaries have acquired 500,000 shares aggregating to 1.78% of the total paid up capital of Eicher Motors Limited on September 27, 2005. The mode of acquisition is through Open Market and the shareholding of FMR Corp and its direct and indirect subsidiaries and Fidelity International Limited (""FIL"") and its direct and indirect subsidiaries after the said acquisition is 1,507,049 shares aggregating to 5.36% of the total paid up capital of Eicher Motors Limited.",,,Disc under Reg Subs Acq &Takeover & SEBI Insider Trading Reg,-,29092005000000,-,-,False,,,,Automobiles - 4 Wheelers,INE066A01013,Eicher Motors Limited,2005-09-29 00:00:00,EICHERMOT
29-Sep-2005 00:00:00,,-,"Eicher Motors Ltd has informed the Exchange that FMR Corp and its direct and indirect subsidiaries and Fidelity International Limited (""FIL"") and its direct and indirect subsidiaries have acquired 500,000 shares aggregating to 1.78% of the total paid up capital of Eicher Motors Limited on September 27, 2005. The mode of acquisition is through Open Market and the shareholding of FMR Corp and its direct and indirect subsidiaries and Fidelity International Limited (""FIL"") and its direct and indirect subsidiaries after the said acquisition is 1,507,049 shares aggregating to 5.36% of the total paid up capital of Eicher Motors Limited.",,,"Reg.7(3) of SEBI (Substantial Acq of shares &Takeovers),1997",-,29092005000000,-,-,False,,,,Automobiles - 4 Wheelers,INE066A01013,Eicher Motors Limited,2005-09-29 00:00:00,EICHERMOT
28-Sep-2005 00:00:00,,-,"Eicher Motors Ltd has informed the Exchange that Franklin Templeton Mutual Fund-through its various schemes has sold 1, 00,000 shares aggregating to 0.36% of the total share capital of Eicher Motors Ltd. on September 09, 2005.The shareholding of Franklin Templeton Mutual Fund-through its various schemes after the said sale is 16,81,320 shares amounting to 5.98% of the total paid-up capital of Eicher Motors Ltd.",,,Disc under SEBI(Subs Acqui. of shares &takeovers) Reg 1997,-,28092005000000,-,-,False,,,,Automobiles - 4 Wheelers,INE066A01013,Eicher Motors Limited,2005-09-28 00:00:00,EICHERMOT
13-Sep-2005 00:00:00,,-,"Eicher Motors Ltd has informed the Exchange that the auditor's have conducted the limited review of the unaudited financial results for the quarter ended June 30, 2005 and the details of the same shall be available on the NSE website (http://www.nseindia.com) under: Corporates > Latest Announcements and on the Extranet Server (/Common/CorporateAnnouncements).",,,Limited Review Report,-,13092005000000,-,-,False,,,,Automobiles - 4 Wheelers,INE066A01013,Eicher Motors Limited,2005-09-13 00:00:00,EICHERMOT
30-Jun-2005 00:00:00,,-,"Eicher Motors Ltd has informed the Exchange that the Company has acquired 100% of the shares of Design Intent Engineering Inc., USA (""DESIGN"") for a total consideration of USD 2.5 million. DESIGN, a company incorporated and existing under the Laws of the State of Michigan, U.S.A. is engaged in the business of providing computer aided engineering and design services to tier I and II suppliers and OEMs. This acquisition will provide a strong platform for growth in the engineering services business that has tremendous potential and synergies with the Company's Commercial Vehicles Business.",,,Acquisition of shares,-,30062005000000,-,-,False,,,,Automobiles - 4 Wheelers,INE066A01013,Eicher Motors Limited,2005-06-30 00:00:00,EICHERMOT
30-Jun-2005 00:00:00,,-,"Eicher Motors Ltd had informed the Exchange regarding the approval of the Board of Directors for sale of its tractors, engines and gears divisions at Mandideep, Alwar and Parwanoo, respectively, to TAFE Motors and Tractors Limited (TMTL), a wholly owned subsidiary of Tractors and Farm Equipment Limited, by way of a ""Slump sale""  (as defined under Section 2 (42 C) of the Income Tax Act, 1961 ) on a 'going concern' basis.Subsequent to the approval of Board of Directors, the Company has entered into Business Purchase Agreement on May 27, 2005 with TMTL. The aforesaid transaction has also been approved by the shareholders with requisite majority through postal ballot on June 28, 2005. In this regard, the Company has now informed the Exchange that Closing under the Business Purchase Agreement dated May 27, 2005 has occurred on June 30, 2005 and TMTL has dicharged its obligation to pay the consideration payable on Closing in terms of the said Business Purchase Agreement.",,,Miscellaneous,-,30062005000000,-,-,False,,,,Automobiles - 4 Wheelers,INE066A01013,Eicher Motors Limited,2005-06-30 00:00:00,EICHERMOT
28-Jun-2005 00:00:00,,-,"Eicher Motors Ltd has informed the Exchange that the following resolutions have been approved by the shareholders with requisite majority through postal ballot: 1. Ordinary Resolution under Section 293(1)(a) of the Companies Act, 1956 for sale of the Company's Tractors division at Mandideep, Gears division at Parwanoo and Engine division at Alwar (""Tractors and allied divisions"") on a slump sale basis to TAFE MOTORS AND TRACTORS LIMITED (TMTL). 2. Special Resolution under Section 17 and 18 of the Companies Act, 1956 for insersion of new Sub Clause 30 in the Other Objects (Clause III.C) of Memorandum of Association of the Company.",,,Results of Postal Ballot,-,28062005000000,-,-,False,,,,Automobiles - 4 Wheelers,INE066A01013,Eicher Motors Limited,2005-06-28 00:00:00,EICHERMOT
27-Jun-2005 00:00:00,,-,"Eicher Motors Ltd has informed the Exchange that the BOD's in its meeting held on June 25, 2005, decided among other things the following: (1) The Register of Members of the Company will remain closed from August 09, 2005 to August 17, 2005 (both days inclusive); (2) The AGM has been fixed for August 17, 2005 for consideration of the routine items including declaration of dividend.",,,AGM/Book Closure,-,27062005000000,-,-,False,,,,Automobiles - 4 Wheelers,INE066A01013,Eicher Motors Limited,2005-06-27 00:00:00,EICHERMOT
25-Jun-2005 00:00:00,,-,"Eicher Motors Ltd has informed the Exchange that the Board of Directors in their meeting held on June 25, 2005 has recommended 40% dividend on the equity capital, subject to approval of shareholders.",,,Dividend,-,25062005000000,-,-,False,,,,Automobiles - 4 Wheelers,INE066A01013,Eicher Motors Limited,2005-06-25 00:00:00,EICHERMOT
03-Jun-2005 00:00:00,,-,"Eicher Motors Ltd has informed the Exchange that pursuant to Section 192A of the Companies Act, 1956 read with the Companies (Passing of the Resolutions by Postal Ballot) Rules, 2001, the following resolutions are proposed to be passed by means of postal ballot: 1) Ordinary resolution under section 293(1)(a) of the Companies Act,1956 to enable it to sell the Company's Tractors Division at Mandideep, Gears division at Parwanoo and Engine Division at Alwar (""Tractors and allied divisions"") on a ""slump sale"" (as defined under Section 2 {42 C} of the Income Tax Act,1961) and 'going-concern' basis to TAFE MOTORS AND TRACTORS LIMITED (TMTL). This is in line with the company's strategy of focusing on select businesses in which it could attain a strong market position.  In order to achieve a higher growth trajectory in the Commercial Vehicles (CV) business, the company proposes to divest its Tractors and allied divisions. 2) Special resolution under section 17 and 18 of the Companies Act, 1956 for insertion of new sub-clause 30 in the other objects (clause III.C) after the existing sub-clause 29 of the Memorandum of Association of the Company.  The company has appointed Mr. Vijay Gupta, Practising Chartered Accountant, M/s. VKGN & Associates, as Scrutinizer for conducting the Postal Ballot process. The duly completed Postal Ballot Form should reach the scrutinizer on or before June 27, 2005. The results of the Postal Ballot will be announced by the Chairman of the Company on June 28, 2005.  A copy of the postal ballot notice shall be available on the NSE website (http://www.nseindia.com) under: Corporates > Latest Announcements and on the Extranet Server (/Common/CorporateAnnouncements).",,,Postal Ballot,-,03062005000000,-,-,False,,,,Automobiles - 4 Wheelers,INE066A01013,Eicher Motors Limited,2005-06-03 00:00:00,EICHERMOT
27-May-2005 00:00:00,,-,"Eicher Motors Ltd has informed the Exchange that further to the resolution of the Board of Directors dated May 25, 2005, the Company has on May 27, 2005, entered into definitive agreements with TMTL in connection with the slump sale, on a 'going concern' basis, of the tractors, engines and gears divisions of the Company at Mandideep, Alwar and Parwanoo, respectively.",,,Miscellaneous,-,27052005000000,-,-,False,,,,Automobiles - 4 Wheelers,INE066A01013,Eicher Motors Limited,2005-05-27 00:00:00,EICHERMOT
25-May-2005 00:00:00,,-,"Eicher Motors Ltd has informed the Exchange that the BODs of the company has, at its meeting held on May 25, 2005:  1) Subject to approval of the shareholders of the Company, approved the slump sale (as defined in section 2(42C) of the Income Tax Act, 1961), on a 'going concern' basis, of the tractors, engines and gears divisions of the Company at Mandideep, Alwar and Parwanoo, respectively, to TAFE Motors and Tractors Limited, a wholly owned subsidiary of Tractors and Farm Equipment Limited, for a total consideration of Rs.310 crores (the ""Transaction)  (a) Approved the agreed drafts of the agreements for the transaction and authorized certain officers of the company to execute necessary documents in this regard;  (b) Resolved to seek approval of the shareholders of the company pursuant to section 293(1)(a) of the Companies Act, 1956, as amended, by way of a postal ballot, for the proposed Transaction; 2) The Board also approved the investment upto USD 2.5 million, subject to compliance with applicable laws, for acquisition of a US based company engaged in computer aided engineering and design services. The Board further authorized certain officers of the company to execute necessary agreements in this regard. Pursuant to the proposed acquisition, the said company would become a wholly owned subsidiary of the company.",,,Outcome of Board Meeting,-,25052005000000,-,-,False,,,,Automobiles - 4 Wheelers,INE066A01013,Eicher Motors Limited,2005-05-25 00:00:00,EICHERMOT
04-Apr-2005 00:00:00,,-,"Eicher Motors Ltd has informed the Exchange that the auditor's have conducted the limited review for the un-audited financial results for the quarter ended December 31, 2004 and the details of the same are available on the NSE website (http://www.nseindia.com) under Corporates > Latest Announcements and on the Extranet Server (/Common/CorporateAnnouncements).",,,Limited Review Report,-,04042005000000,-,-,False,,,,Automobiles - 4 Wheelers,INE066A01013,Eicher Motors Limited,2005-04-04 00:00:00,EICHERMOT
28-Feb-2005 00:00:00,,-,"Eicher Motors Ltd has informed the Exchange that the BODs of the company, met on February 25,2005 and they have, upon receipt of a proposal from Tractors and Farm Equipment Limited(TAFE), granted in-principle approval for exploring opportunities for sale of company's Tractors and Engine Businesses consisting of its units at Mandideep, Parwanoo and Alwar on a slump sale basis to TAFE. The BODs of the company has authorised certain persons to enter into further discussions and negotiations in relation to this proposed sale. The progress of the transaction would be subject to due diligence of the businesses, and approval by the BODs and shareholders of both companies.",,,Outcome of Board Meeting,-,28022005000000,-,-,False,,,,Automobiles - 4 Wheelers,INE066A01013,Eicher Motors Limited,2005-02-28 00:00:00,EICHERMOT
08-Dec-2004 00:00:00,,-,"Eicher Motors Ltd has informed the Exchange that the auditor's have conducted the limited review of the unaudited financial results for the quarter and half year ended September 30, 2004 and found the same to be in order subject to certain observations. The auditor's observations are: Pursuant to Notification No. CE(NT) - 11/95 dated March 16, 1995 issued by the Central Government, unutilized MODVAT balance amounting to Rs.821 lacs standing to the credit of the Company as on March 16, 1995 was to lapse. On a writ petition filed by the Company, the Hon'ble Supreme Court struck down the aforesaid notification. Subsequently, section 37 of the Central Excise Act, 1944 was amended by the Finance Act, 1999 with retrospective effect from March 16, 1995 to validate the said notification. The Company has challenged the aforesaid amendment before the Delhi High Court. Pending disposal of the case, no provision is considered necessary in respect of the MODVAT balance of Rs.821 lacs lying unutilized as on March 16, 1995.",,,Limited Review Report,-,08122004000000,-,-,False,,,,Automobiles - 4 Wheelers,INE066A01013,Eicher Motors Limited,2004-12-08 00:00:00,EICHERMOT
04-Nov-2004 00:00:00,,-,"Arisaig Partners (Asia) Pte Ltd C/o Arisaig India Fund Limited has informed the Exchange that they have acquired 6,698 shares amounting to 0.02% of the total paid up capital of Eicher Motors Limited. The shareholding of Arisaig Partners (Asia) Pte Ltd C/o Arisaig India Fund Limited after acquisition is 1,404,830 shares amounting to 5.00% of the total paid up capital Eicher Motors Limited. The mode of acquisition is through open market and the date of acquisition is November 01, 2004.  ",,,"Reg.7(1) of SEBI (Substantial Acq of shares &Takeovers),1997",-,04112004000000,-,-,False,,,,Automobiles - 4 Wheelers,INE066A01013,Eicher Motors Limited,2004-11-04 00:00:00,EICHERMOT
04-Nov-2004 00:00:00,,-,"Eicher Motors Ltd has informed the Exchange that the Company has received an intimation from M/s Arisaig Partners (Asia) Pte. Ltd. c/o Arisaig India Fund Ltd. (acquirer) that they have acquired 6,698 shares amounting to 0.02% of the Paid up capital of Eicher Motors Ltd. The date of acquisition is November 01, 2004 and the mode of acquisition is through open market. The shareholding of the acquirer after the said acquisition is 1,404,830 shares amounting to 5.00% of the total paidup capital of Eicher Motors Ltd.",,,"Reg.7(3) of SEBI (Substantial Acq of shares &Takeovers),1997",-,04112004000000,-,-,False,,,,Automobiles - 4 Wheelers,INE066A01013,Eicher Motors Limited,2004-11-04 00:00:00,EICHERMOT
