an_dt,attFileSize,attchmntFile,attchmntText,bflag,csvName,desc,difference,dt,exchdisstime,fileSize,hasXbrl,old_new,orgid,seq_id,smIndustry,sm_isin,sm_name,sort_date,symbol
31-Aug-2026 13:20:00,3.10 MB,https://nsearchives.nseindia.com/corporate/MARUTI_31082026131802_Proceedings_of_45thAGM.pdf,Maruti Suzuki India Limited has informed the Exchange about Shareholders meeting,,,Shareholders meeting,00:00:01,31082026132000,31-Aug-2026 13:20:01,3.10 MB,True,,,106762171,Automobiles - 4 Wheelers,INE585B01010,Maruti Suzuki India Limited,2026-08-31 13:20:00,MARUTI
14-Aug-2026 12:12:33,2.52 MB,https://nsearchives.nseindia.com/corporate/MARUTI_14082026120414_Newspaper_Intimation_14082026.pdf,Maruti Suzuki India Limited has informed the Exchange about Copy of Newspaper Publication,,,Copy of Newspaper Publication,00:00:02,14082026121233,14-Aug-2026 12:12:35,2.52 MB,True,,,106743771,Automobiles - 4 Wheelers,INE585B01010,Maruti Suzuki India Limited,2026-08-14 12:12:33,MARUTI
09-Aug-2026 11:08:01,2.26 MB,https://nsearchives.nseindia.com/corporate/MARUTIASHISH_09082026110710_STxIntimation_NP_9Aug2026.pdf,Maruti Suzuki India Limited has informed the Exchange about Copy of Newspaper Publication,,,Copy of Newspaper Publication,00:00:01,09082026110801,09-Aug-2026 11:08:02,2.26 MB,True,,,106733607,Automobiles - 4 Wheelers,INE585B01010,Maruti Suzuki India Limited,2026-08-09 11:08:01,MARUTI
08-Aug-2026 22:11:06,512.26 KB,https://nsearchives.nseindia.com/corporate/MARUTIASHISH_08082026220927_STxIntimation_PR_8Aug2026.pdf,"Maruti Suzuki India Limited has informed the Exchange regarding a press release dated August 08, 2026, titled ""Maruti Suzuki Annual Integrated Report 2025-26 The Next Million, New Momentum: Every Engine of Growth in Motion"".",,,Press Release,00:00:01,08082026221106,08-Aug-2026 22:11:07,512.26 KB,True,,,106733553,Automobiles - 4 Wheelers,INE585B01010,Maruti Suzuki India Limited,2026-08-08 22:11:06,MARUTI
08-Aug-2026 21:46:00,529.08 KB,https://nsearchives.nseindia.com/corporate/MARUTIASHISH_08082026214409_STxIntimation_WebLink.pdf,Maruti Suzuki India Limited has informed the Exchange about Issuance of letter providing Web-link of the Annual Report for the financial year 2025-26,,,General Updates,00:00:01,08082026214600,08-Aug-2026 21:46:01,529.08 KB,True,,,106733548,Automobiles - 4 Wheelers,INE585B01010,Maruti Suzuki India Limited,2026-08-08 21:46:00,MARUTI
08-Aug-2026 21:38:43,763.59 KB,https://nsearchives.nseindia.com/corporate/MARUTIASHISH_08082026213558_STxIntimation_BRSR_8Aug2026.pdf,Maruti Suzuki India Limited has informed the Exchange about Business Responsibility and Sustainability Report (BRSR) for the financial year 2025-26,,,General Updates,00:00:01,08082026213843,08-Aug-2026 21:38:44,763.59 KB,True,,,106733547,Automobiles - 4 Wheelers,INE585B01010,Maruti Suzuki India Limited,2026-08-08 21:38:43,MARUTI
08-Aug-2026 21:20:29,18.44 MB,https://nsearchives.nseindia.com/corporate/MARUTIASHISH_08082026211830_STxIntimation_AGMNotice_AR2026_8Aug2026.pdf,Maruti Suzuki India Limited has informed the Exchange about Shareholders meeting,,,Shareholders meeting,00:00:01,08082026212029,08-Aug-2026 21:20:30,18.44 MB,True,,,106733541,Automobiles - 4 Wheelers,INE585B01010,Maruti Suzuki India Limited,2026-08-08 21:20:29,MARUTI
06-Aug-2026 17:32:57,1.46 MB,https://nsearchives.nseindia.com/corporate/MARUTIASHISH_06082026173039_STxIntimation_Transcript_6Aug2026.pdf,Maruti Suzuki India Limited has informed the Exchange about Transcript,,,Analysts/Institutional Investor Meet/Con. Call Updates,00:00:00,06082026173257,06-Aug-2026 17:32:57,1.46 MB,True,,,106729066,Automobiles - 4 Wheelers,INE585B01010,Maruti Suzuki India Limited,2026-08-06 17:32:57,MARUTI
05-Aug-2026 11:48:36,1.51 MB,https://nsearchives.nseindia.com/corporate/MARUTIASHISH_05082026114206_SMC_ConsolidatedResults_5August2026.pdf,Maruti Suzuki India Limited has informed the Exchange about Reference to the Consolidated financial results issued by Suzuki Motor Corporation in Japan,,,General Updates,00:00:01,05082026114836,05-Aug-2026 11:48:37,1.51 MB,True,,,106725791,Automobiles - 4 Wheelers,INE585B01010,Maruti Suzuki India Limited,2026-08-05 11:48:36,MARUTI
01-Aug-2026 17:14:05,445.93 KB,https://nsearchives.nseindia.com/corporate/MARUTIASHISH_01082026171243_STxIntimation_Prod_July2026.pdf,Maruti Suzuki India Limited has informed the Exchange about Maruti Suzuki Production Volume: July 2026,,,General Updates,00:00:02,01082026171405,01-Aug-2026 17:14:07,445.93 KB,True,,,106720942,Automobiles - 4 Wheelers,INE585B01010,Maruti Suzuki India Limited,2026-08-01 17:14:05,MARUTI
01-Aug-2026 13:39:31,401.74 KB,https://nsearchives.nseindia.com/corporate/MARUTIASHISH_01082026133250_STxIntimation_Sales_July2026.pdf,"Maruti Suzuki India Limited has informed the Exchange regarding a press release dated August 01, 2026, titled ""Maruti Suzuki sales in July 2026"".",,,Press Release,00:00:01,01082026133931,01-Aug-2026 13:39:32,401.74 KB,True,,,106720652,Automobiles - 4 Wheelers,INE585B01010,Maruti Suzuki India Limited,2026-08-01 13:39:31,MARUTI
01-Aug-2026 11:13:36,1.60 MB,https://nsearchives.nseindia.com/corporate/MARUTIASHISH_01082026111236_STxIntimation_NP_1Aug2026.pdf,Maruti Suzuki India Limited has informed the Exchange about Copy of Newspaper Publication,,,Copy of Newspaper Publication,00:00:00,01082026111336,01-Aug-2026 11:13:36,1.60 MB,True,,,106720507,Automobiles - 4 Wheelers,INE585B01010,Maruti Suzuki India Limited,2026-08-01 11:13:36,MARUTI
31-Jul-2026 22:34:31,243.35 KB,https://nsearchives.nseindia.com/corporate/MARUTIASHISH_31072026222949_STxIntimation_AudioRecording_31July2026.pdf,Maruti Suzuki India Limited has informed the Exchange about Audio recording of the investors' call held on 31st July 2026.,,,General Updates,00:00:00,31072026223431,31-Jul-2026 22:34:31,243.35 KB,True,,,106720264,Automobiles - 4 Wheelers,INE585B01010,Maruti Suzuki India Limited,2026-07-31 22:34:31,MARUTI
31-Jul-2026 16:58:56,577.59 KB,https://nsearchives.nseindia.com/corporate/MARUTI_31072026165807_STxIntimation_InvestorPresentation_Q1_FY2026_27.pdf,Maruti Suzuki India Limited has informed the Exchange about Investor Presentation,,,Investor Presentation,00:00:01,31072026165856,31-Jul-2026 16:58:57,577.59 KB,True,,,106719378,Automobiles - 4 Wheelers,INE585B01010,Maruti Suzuki India Limited,2026-07-31 16:58:56,MARUTI
31-Jul-2026 16:50:56,387.35 KB,https://nsearchives.nseindia.com/corporate/MARUTI_31072026164958_STxIntimation_PressRelease_Results_Q1_FY2026_27.pdf,"Maruti Suzuki India Limited has informed the Exchange regarding a press release dated July 31, 2026, titled ""Maruti Suzuki announces Financial Results for Quarter 1 (April-June), FY 2026-27.""",,,Press Release,00:00:01,31072026165056,31-Jul-2026 16:50:57,387.35 KB,True,,,106719354,Automobiles - 4 Wheelers,INE585B01010,Maruti Suzuki India Limited,2026-07-31 16:50:56,MARUTI
31-Jul-2026 16:39:44,10.76 MB,https://nsearchives.nseindia.com/corporate/MARUTI_31072026163813_QuickResults_Q1_FY2026_27.pdf,"Maruti Suzuki India Limited has submitted to the Exchange, the financial results for the period ended Jun 30, 2026.",,,Outcome of Board Meeting,00:00:01,31072026163944,31-Jul-2026 16:39:45,10.76 MB,True,,,106719319,Automobiles - 4 Wheelers,INE585B01010,Maruti Suzuki India Limited,2026-07-31 16:39:44,MARUTI
30-Jul-2026 18:46:13,1.72 MB,https://nsearchives.nseindia.com/corporate/MARUTIASHISH_30072026184500_CCI_30072026.pdf,"Maruti Suzuki India Limited has informed the Exchange about Intimation under Regulation 30 of the Securities and Exchange Board of India (Listing Obligations and Disclosure Requirements) Regulations, 2015",,,General Updates,00:00:00,30072026184613,30-Jul-2026 18:46:13,1.72 MB,True,,,106717804,Automobiles - 4 Wheelers,INE585B01010,Maruti Suzuki India Limited,2026-07-30 18:46:13,MARUTI
30-Jul-2026 13:34:30,2.34 MB,https://nsearchives.nseindia.com/corporate/MARUTIASHISH_30072026133341_STxIntimation_Hansalpur_ProductionCommencement_30July2026.pdf,"Maruti Suzuki India Limited has informed the Exchange about Commencement of the commercial production at the fourth plant in Hansalpur, Gujarat",,,Commencement of commercial production/operations,00:00:01,30072026133430,30-Jul-2026 13:34:31,2.34 MB,True,,,106716996,Automobiles - 4 Wheelers,INE585B01010,Maruti Suzuki India Limited,2026-07-30 13:34:30,MARUTI
28-Jul-2026 15:35:42,1.40 MB,https://nsearchives.nseindia.com/corporate/MARUTI_28072026153415_STxIntimation_EarningsCall_Q1FY2026_27.pdf,Maruti Suzuki India Limited has informed the Exchange about Schedule of meet,,,Analysts/Institutional Investor Meet/Con. Call Updates,00:00:01,28072026153542,28-Jul-2026 15:35:43,1.40 MB,True,,,106713612,Automobiles - 4 Wheelers,INE585B01010,Maruti Suzuki India Limited,2026-07-28 15:35:42,MARUTI
24-Jul-2026 20:37:33,2.09 MB,https://nsearchives.nseindia.com/corporate/MARUTIASHISH_24072026203435_STxIntimation_BrezzaTurbo_24July2026.pdf,"Maruti Suzuki India Limited has informed the Exchange regarding a press release dated July 24, 2026, titled ""Maruti Suzuki Launches New Brezza Turbo Boosterjet with Powerpacked Performance"".",,,Press Release,00:00:02,24072026203733,24-Jul-2026 20:37:35,2.09 MB,True,,,106710482,Automobiles - 4 Wheelers,INE585B01010,Maruti Suzuki India Limited,2026-07-24 20:37:33,MARUTI
21-Jul-2026 15:11:00,1.75 MB,https://nsearchives.nseindia.com/corporate/MARUTIASHISH_21072026150928_StxIntimation_PriceIncrease_21July2026.pdf,Maruti Suzuki India Limited has informed the Exchange about Advance intimation regarding price increase,,,General Updates,00:00:01,21072026151100,21-Jul-2026 15:11:01,1.75 MB,True,,,106704908,Automobiles - 4 Wheelers,INE585B01010,Maruti Suzuki India Limited,2026-07-21 15:11:00,MARUTI
15-Jul-2026 12:29:23,3.31 MB,https://nsearchives.nseindia.com/corporate/MARUTI_15072026122833_Stock_intmation_NP_15072026.pdf,Maruti Suzuki India Limited has informed the Exchange about Copy of Newspaper Publication,,,Copy of Newspaper Publication,00:00:01,15072026122923,15-Jul-2026 12:29:24,3.31 MB,True,,,106698349,Automobiles - 4 Wheelers,INE585B01010,Maruti Suzuki India Limited,2026-07-15 12:29:23,MARUTI
14-Jul-2026 19:32:54,1.78 MB,https://nsearchives.nseindia.com/corporate/MARUTIASHISH_14072026193002_StxIntimation_Brezza_14July2026.pdf,"Maruti Suzuki India Limited has informed the Exchange regarding a press release dated July 14, 2026, titled ""A New Era of Supremacy and Excitement with The New Brezza: Bookings Now Open"".",,,Press Release,00:00:01,14072026193254,14-Jul-2026 19:32:55,1.78 MB,True,,,106697620,Automobiles - 4 Wheelers,INE585B01010,Maruti Suzuki India Limited,2026-07-14 19:32:54,MARUTI
10-Jul-2026 15:53:31,1.84 MB,https://nsearchives.nseindia.com/corporate/MARUTIASHISH_10072026155210_STxIntimation_TDSCommunication_10July2026.pdf,Maruti Suzuki India Limited has informed the Exchange about Communication on deduction of Tax at Source,,,General Updates,00:00:01,10072026155331,10-Jul-2026 15:53:32,1.84 MB,True,,,106693600,Automobiles - 4 Wheelers,INE585B01010,Maruti Suzuki India Limited,2026-07-10 15:53:31,MARUTI
07-Jul-2026 15:59:03,1.63 MB,https://nsearchives.nseindia.com/corporate/MARUTIASHISH_07072026155722_STxIntimation_OIO_7July2026.pdf,Maruti Suzuki India Limited has informed the Exchange about Action(s) taken or orders passed,,,Action(s) taken or orders passed,00:00:01,07072026155903,07-Jul-2026 15:59:04,1.63 MB,True,,,106689065,Automobiles - 4 Wheelers,INE585B01010,Maruti Suzuki India Limited,2026-07-07 15:59:03,MARUTI
02-Jul-2026 17:44:25,1.78 MB,https://nsearchives.nseindia.com/corporate/MARUTIASHISH_02072026174311_StxIntimation_Kharkhoda_2July2026.pdf,"Maruti Suzuki India Limited has informed the Exchange regarding a press release dated July 02, 2026, titled ""Maruti Suzuki s Kharkhoda vehicle manufacturing facility inaugurated by Hon ble Prime Minister Shri Narendra Modi and Prime Minister of Japan H.E. Ms. Sanae Takaichi"".",,,Press Release,00:00:01,02072026174425,02-Jul-2026 17:44:26,1.78 MB,True,,,106684707,Automobiles - 4 Wheelers,INE585B01010,Maruti Suzuki India Limited,2026-07-02 17:44:25,MARUTI
01-Jul-2026 18:21:31,1.47 MB,https://nsearchives.nseindia.com/corporate/MARUTIASHISH_01072026181956_STxIntimation_Prod_June2026.pdf,Maruti Suzuki India Limited has informed the Exchange about Maruti Suzuki Production volume: June 2026,,,General Updates,00:00:01,01072026182131,01-Jul-2026 18:21:32,1.47 MB,True,,,106683616,Automobiles - 4 Wheelers,INE585B01010,Maruti Suzuki India Limited,2026-07-01 18:21:31,MARUTI
01-Jul-2026 12:14:22,1.46 MB,https://nsearchives.nseindia.com/corporate/MARUTIASHISH_01072026121233_StxIntimation_Sales_June2026.pdf,"Maruti Suzuki India Limited has informed the Exchange regarding a press release dated July 01, 2026, titled ""Maruti Suzuki sales in June 2026"".",,,Press Release,00:00:01,01072026121422,01-Jul-2026 12:14:23,1.46 MB,True,,,106683005,Automobiles - 4 Wheelers,INE585B01010,Maruti Suzuki India Limited,2026-07-01 12:14:22,MARUTI
30-Jun-2026 18:29:34,5.01 MB,https://nsearchives.nseindia.com/corporate/MARUTI_30062026182840_Reply_Rumour_Verification.pdf,The Exchange has sought clarification from Maruti Suzuki India Limited with respect to recent news item captioned Maruti Suzuki onboards 5 startups to co-create solutions across multiple biz areas.  The response from the Company is attached.,,,News Verification,00:00:01,30062026182934,30-Jun-2026 18:29:35,5.01 MB,True,,,106681951,Automobiles - 4 Wheelers,INE585B01010,Maruti Suzuki India Limited,2026-06-30 18:29:34,MARUTI
30-Jun-2026 18:03:35,1.60 MB,https://nsearchives.nseindia.com/corporate/MARUTI_30062026180159_StxIntimation_IncomeTax_29June2026.pdf,Maruti Suzuki India Limited has informed the Exchange about Action(s) taken or orders passed,,,Action(s) taken or orders passed,00:00:02,30062026180335,30-Jun-2026 18:03:37,1.60 MB,True,,,106681845,Automobiles - 4 Wheelers,INE585B01010,Maruti Suzuki India Limited,2026-06-30 18:03:35,MARUTI
30-Jun-2026 14:02:28,0 Bytes,-,The Exchange has sought clarification from Maruti Suzuki India Limited with respect to recent news item captioned Maruti Suzuki onboards 5 startups to co-create solutions across multiple biz areas.  The response from the Company is awaited.,,,News Verification,00:00:01,30062026140228,30-Jun-2026 14:02:29,0 Bytes,True,,,106681183,Automobiles - 4 Wheelers,INE585B01010,Maruti Suzuki India Limited,2026-06-30 14:02:28,MARUTI
29-Jun-2026 18:53:39,1.58 MB,https://nsearchives.nseindia.com/corporate/MARUTIASHISH_29062026185241_StxIntimation_WBGST_29June2026.pdf,"Maruti Suzuki India Limited has informed the Exchange about Intimation under Regulation 30 of SEBI (Listing Obligations & Disclosure Requirements) Regulations, 2015",,,General Updates,00:00:01,29062026185339,29-Jun-2026 18:53:40,1.58 MB,True,,,106680040,Automobiles - 4 Wheelers,INE585B01010,Maruti Suzuki India Limited,2026-06-29 18:53:39,MARUTI
19-Jun-2026 14:57:59,1.48 MB,https://nsearchives.nseindia.com/corporate/MARUTI_19062026145332_StxIntimation_TWClosure.pdf,"Maruti Suzuki India Limited has informed the Exchange regarding the Trading Window closure pursuant to SEBI (Prohibition of Insider Trading) Regulations, 2015",,,Trading Window,00:00:01,19062026145759,19-Jun-2026 14:58:00,1.48 MB,True,,,106667853,Automobiles - 4 Wheelers,INE585B01010,Maruti Suzuki India Limited,2026-06-19 14:57:59,MARUTI
18-Jun-2026 16:02:35,3.04 MB,https://nsearchives.nseindia.com/corporate/MARUTI_18062026160146_NP_Intimation_18062026.pdf,Maruti Suzuki India Limited has informed the Exchange about copy of notice published in newspapers regarding transfer of equity shares of the Company to IEPF,,,Copy of Newspaper Publication,00:00:01,18062026160235,18-Jun-2026 16:02:36,3.04 MB,True,,,106666778,Automobiles - 4 Wheelers,INE585B01010,Maruti Suzuki India Limited,2026-06-18 16:02:35,MARUTI
16-Jun-2026 18:32:33,77.77 KB,https://nsearchives.nseindia.com/corporate/team_bbodade_06052026165538_MARUTI.pdf,"Suzuki Motor Corporation has Submitted to the Exchange a copy of Disclosure under Regulation 31(4) of the Securities and Exchange Board of India (Substantial Acquisition of Shares and Takeovers) Regulations, 2011.",,,Disclosure under SEBI Takeover Regulations,00:00:01,16062026183233,16-Jun-2026 18:32:34,77.77 KB,True,,,106611348,Automobiles - 4 Wheelers,INE585B01010,Maruti Suzuki India Limited,2026-06-16 18:32:33,MARUTI
16-Jun-2026 11:56:03,2.79 MB,https://nsearchives.nseindia.com/corporate/MARUTI_16062026115216_Intimation_NP_16_06_2026.pdf,Maruti Suzuki India Limited has informed the Exchange about Copy of Newspaper Publication,,,Copy of Newspaper Publication,00:00:01,16062026115603,16-Jun-2026 11:56:04,2.79 MB,True,,,106664254,Automobiles - 4 Wheelers,INE585B01010,Maruti Suzuki India Limited,2026-06-16 11:56:03,MARUTI
04-Jun-2026 14:42:35,2.06 MB,https://nsearchives.nseindia.com/corporate/MARUTIASHISH_04062026143506_StxIntimation_FlexFuel.pdf,"Maruti Suzuki India Limited has informed the Exchange regarding a press release dated Jun 04, 2026, titled India Goes Flex: Maruti Suzuki launches India's 1st Flex Fuel car",,,Press Release,00:00:01,04062026144235,04-Jun-2026 14:42:36,2.06 MB,True,,,106654809,Automobiles - 4 Wheelers,INE585B01010,Maruti Suzuki India Limited,2026-06-04 14:42:35,MARUTI
01-Jun-2026 18:02:21,1.42 MB,https://nsearchives.nseindia.com/corporate/MARUTIASHISH_01062026180047_StxIntimation_Prod_May2026.pdf,Maruti Suzuki India Limited has informed the Exchange about Maruti Suzuki Production Volume: May 2026,,,General Updates,00:00:01,01062026180221,01-Jun-2026 18:02:22,1.42 MB,True,,,106651360,Automobiles - 4 Wheelers,INE585B01010,Maruti Suzuki India Limited,2026-06-01 18:02:21,MARUTI
01-Jun-2026 11:37:08,1.45 MB,https://nsearchives.nseindia.com/corporate/MARUTIASHISH_01062026113619_STxIntimation_Sales_May_2026.pdf,"Maruti Suzuki India Limited has informed the Exchange regarding a press release dated Jun 01, 2026, titled ""Maruti Suzuki sales in May 2026"".",,,Press Release,00:00:01,01062026113708,01-Jun-2026 11:37:09,1.45 MB,True,,,106650722,Automobiles - 4 Wheelers,INE585B01010,Maruti Suzuki India Limited,2026-06-01 11:37:08,MARUTI
27-May-2026 18:22:16,1.64 MB,https://nsearchives.nseindia.com/corporate/MARUTI_27052026182102_CCI_Disclosure_27052026.pdf,"Maruti Suzuki India Limited has informed the Exchange about Intimation under Regulation 30 of the Securities and Exchange Board of India (Listing Obligations and Disclosure Requirements) Regulations, 2015",,,General Updates,00:00:01,27052026182216,27-May-2026 18:22:17,1.64 MB,True,,,106643930,Automobiles - 4 Wheelers,INE585B01010,Maruti Suzuki India Limited,2026-05-27 18:22:16,MARUTI
26-May-2026 15:57:36,1.49 MB,https://nsearchives.nseindia.com/corporate/MARUTI_26052026155419_STxIntimation_InvestorCall_2June2026.pdf,Maruti Suzuki India Limited has informed the Exchange about Schedule of meet,,,Analysts/Institutional Investor Meet/Con. Call Updates,00:00:01,26052026155736,26-May-2026 15:57:37,1.49 MB,True,,,106641319,Automobiles - 4 Wheelers,INE585B01010,Maruti Suzuki India Limited,2026-05-26 15:57:36,MARUTI
26-May-2026 15:48:33,1.48 MB,https://nsearchives.nseindia.com/corporate/MARUTI_26052026154647_STxIntimation_InvestorCall_1June2026.pdf,Maruti Suzuki India Limited has informed the Exchange about Schedule of meet,,,Analysts/Institutional Investor Meet/Con. Call Updates,00:00:02,26052026154833,26-May-2026 15:48:35,1.48 MB,True,,,106641301,Automobiles - 4 Wheelers,INE585B01010,Maruti Suzuki India Limited,2026-05-26 15:48:33,MARUTI
25-May-2026 17:56:03,1.65 MB,https://nsearchives.nseindia.com/corporate/MARUTI_25052026175231_CCI_25052026.pdf,"Maruti Suzuki India Limited has informed the Exchange about Intimation under Regulation 30 of the Securities and Exchange Board of India (Listing Obligations and Disclosure Requirements) Regulations, 2015",,,General Updates,00:00:02,25052026175603,25-May-2026 17:56:05,1.65 MB,True,,,106639571,Automobiles - 4 Wheelers,INE585B01010,Maruti Suzuki India Limited,2026-05-25 17:56:03,MARUTI
22-May-2026 20:19:46,248.46 KB,https://nsearchives.nseindia.com/corporate/MARUTIASHISH_22052026201623_STxIntimation_Recall_26_SuperCarryVehicle.pdf,Maruti Suzuki India Limited has informed the Exchange about Recall of 26 Super Carry vehicles,,,General Updates,00:00:01,22052026201946,22-May-2026 20:19:47,248.46 KB,True,,,106637050,Automobiles - 4 Wheelers,INE585B01010,Maruti Suzuki India Limited,2026-05-22 20:19:46,MARUTI
21-May-2026 18:18:15,1.68 MB,https://nsearchives.nseindia.com/corporate/MARUTIASHISH_21052026181748_StxIntimation_AdvancePriceIncrease_21May2026.pdf,Maruti Suzuki India Limited has informed the Exchange about Advance intimation regarding price increase,,,General Updates,00:00:01,21052026181815,21-May-2026 18:18:16,1.68 MB,True,,,106634271,Automobiles - 4 Wheelers,INE585B01010,Maruti Suzuki India Limited,2026-05-21 18:18:15,MARUTI
18-May-2026 10:25:51,612.05 KB,https://nsearchives.nseindia.com/corporate/MARUTI_18052026102031_STxIntimation_Kharkhoda_18May2026.pdf,Maruti Suzuki India Limited has informed the Exchange about Commencement of the commercial production at second plant in Kharkhoda,,,Commencement of commercial production/operations,00:00:01,18052026102551,18-May-2026 10:25:52,612.05 KB,True,,,106627041,Automobiles - 4 Wheelers,INE585B01010,Maruti Suzuki India Limited,2026-05-18 10:25:51,MARUTI
14-May-2026 11:53:03,801.05 KB,https://nsearchives.nseindia.com/corporate/MARUTI_14052026114859_STxIntimation_SMC_results_14May2025.pdf,Maruti Suzuki India Limited has informed the Exchange about Consolidated financial results issued by Suzuki Motor Corporation in Japan,,,General Updates,00:00:01,14052026115303,14-May-2026 11:53:04,801.05 KB,True,,,106622027,Automobiles - 4 Wheelers,INE585B01010,Maruti Suzuki India Limited,2026-05-14 11:53:03,MARUTI
13-May-2026 17:57:38,1.49 MB,https://nsearchives.nseindia.com/corporate/MARUTIASHISH_13052026175604_StxIntimation_InvestorMeet_18_19_May_2026.pdf,Maruti Suzuki India Limited has informed the Exchange about Schedule of meet,,,Analysts/Institutional Investor Meet/Con. Call Updates,00:00:01,13052026175738,13-May-2026 17:57:39,1.49 MB,True,,,106620867,Automobiles - 4 Wheelers,INE585B01010,Maruti Suzuki India Limited,2026-05-13 17:57:38,MARUTI
11-May-2026 17:23:01,1.63 MB,https://nsearchives.nseindia.com/corporate/MARUTI_11052026172142_STxIntimation_CCI_11May2026.pdf,"Maruti Suzuki India Limited has informed the Exchange about Intimation under Regulation 30 of the Securities and Exchange Board of India (Listing Obligations and Disclosure Requirements) Regulations, 2015",,,General Updates,00:00:01,11052026172301,11-May-2026 17:23:02,1.63 MB,True,,,106617066,Automobiles - 4 Wheelers,INE585B01010,Maruti Suzuki India Limited,2026-05-11 17:23:01,MARUTI
04-May-2026 22:43:19,274.72 KB,https://nsearchives.nseindia.com/corporate/MARUTIASHISH_04052026223858_Transcript_4May2026.pdf,Maruti Suzuki India Limited has informed the Exchange about Transcript,,,Analysts/Institutional Investor Meet/Con. Call Updates,00:00:01,04052026224319,04-May-2026 22:43:20,274.72 KB,True,,,106608801,Automobiles - 4 Wheelers,INE585B01010,Maruti Suzuki India Limited,2026-05-04 22:43:19,MARUTI
01-May-2026 18:52:02,1.45 MB,https://nsearchives.nseindia.com/corporate/MARUTI_01052026185021_Production_April_2026.pdf,Maruti Suzuki India Limited has informed the Exchange about Maruti Suzuki Production volume: April 2026,,,General Updates,00:00:01,01052026185202,01-May-2026 18:52:03,1.45 MB,True,,,106607032,Automobiles - 4 Wheelers,INE585B01010,Maruti Suzuki India Limited,2026-05-01 18:52:02,MARUTI
01-May-2026 14:40:50,1.45 MB,https://nsearchives.nseindia.com/corporate/MARUTI_01052026143605_Sales_April_2026.pdf,"Maruti Suzuki India Limited has informed the Exchange regarding a press release dated May 01, 2026, titled ""Maruti Suzuki sales in April 2026"".",,,Press Release,00:00:01,01052026144050,01-May-2026 14:40:51,1.45 MB,True,,,106606850,Automobiles - 4 Wheelers,INE585B01010,Maruti Suzuki India Limited,2026-05-01 14:40:50,MARUTI
29-Apr-2026 16:19:51,1.52 MB,https://nsearchives.nseindia.com/corporate/MARUTI_29042026161801_StxIntimation_NP_Q4_202526.pdf,Maruti Suzuki India Limited has informed the Exchange about Copy of Newspaper Publication,,,Copy of Newspaper Publication,00:00:01,29042026161951,29-Apr-2026 16:19:52,1.52 MB,True,,,106604195,Automobiles - 4 Wheelers,INE585B01010,Maruti Suzuki India Limited,2026-04-29 16:19:51,MARUTI
28-Apr-2026 21:51:53,242.89 KB,https://nsearchives.nseindia.com/corporate/MARUTIASHISH_28042026214802_STxIntimation_AudioRecording_Q4_FY202526.pdf,Maruti Suzuki India Limited has informed the Exchange about audio recording of the investors' call held on 28th April 2026,,,General Updates,00:00:02,28042026215153,28-Apr-2026 21:51:55,242.89 KB,True,,,106603308,Automobiles - 4 Wheelers,INE585B01010,Maruti Suzuki India Limited,2026-04-28 21:51:53,MARUTI
28-Apr-2026 14:59:57,22.54 MB,https://nsearchives.nseindia.com/corporate/MARUTI_28042026145921_STxIntimation_QuickResults_31Mar2026.pdf,Maruti Suzuki India Limited has informed the Exchange that Record date for the purpose of Dividend  is 07-Aug-2026.,,,Record Date,00:00:02,28042026145957,28-Apr-2026 14:59:59,22.54 MB,True,,,106602507,Automobiles - 4 Wheelers,INE585B01010,Maruti Suzuki India Limited,2026-04-28 14:59:57,MARUTI
28-Apr-2026 14:56:58,615.57 KB,https://nsearchives.nseindia.com/corporate/MARUTI_28042026145617_StxIntimation_InvstPresentation_31Mar2026.pdf,Maruti Suzuki India Limited has informed the Exchange about Investor Presentation,,,Investor Presentation,00:00:00,28042026145658,28-Apr-2026 14:56:58,615.57 KB,True,,,106602500,Automobiles - 4 Wheelers,INE585B01010,Maruti Suzuki India Limited,2026-04-28 14:56:58,MARUTI
28-Apr-2026 14:54:05,443.96 KB,https://nsearchives.nseindia.com/corporate/MARUTI_28042026145344_StxIntimation_PressRelease_31Mar2026.pdf,"Maruti Suzuki India Limited has informed the Exchange regarding a press release dated April 28, 2026, titled ""Press Release on the annual financial results for the year ended on 31st March 2026"".",,,Press Release,00:00:01,28042026145405,28-Apr-2026 14:54:06,443.96 KB,True,,,106602494,Automobiles - 4 Wheelers,INE585B01010,Maruti Suzuki India Limited,2026-04-28 14:54:05,MARUTI
28-Apr-2026 14:51:12,22.54 MB,https://nsearchives.nseindia.com/corporate/MARUTI_28042026144519_STxIntimation_QuickResults_31Mar2026.pdf,"Maruti Suzuki India Limited has informed the Exchange that Board of Directors at its meeting held on April 28, 2026, recommended Final Dividend of Rs. 140 per equity share.",,,Dividend,00:00:01,28042026145112,28-Apr-2026 14:51:13,22.54 MB,True,,,106602490,Automobiles - 4 Wheelers,INE585B01010,Maruti Suzuki India Limited,2026-04-28 14:51:12,MARUTI
28-Apr-2026 14:41:09,22.54 MB,https://nsearchives.nseindia.com/corporate/MARUTI_28042026144002_STxIntimation_QuickResults_31Mar2026.pdf,"Maruti Suzuki India Limited has submitted to the Exchange, the financial results for the period ended March 31, 2026.",,,Outcome of Board Meeting,00:00:01,28042026144109,28-Apr-2026 14:41:10,22.54 MB,True,,,106602480,Automobiles - 4 Wheelers,INE585B01010,Maruti Suzuki India Limited,2026-04-28 14:41:09,MARUTI
24-Apr-2026 18:15:47,1.67 MB,https://nsearchives.nseindia.com/corporate/MARUTIASHISH_24042026181344_CCI_24042026.pdf,"Maruti Suzuki India Limited has informed the Exchange about Intimation under Regulation 30 of the Securities and Exchange Board of India (Listing Obligations and Disclosure Requirements) Regulations, 2015",,,General Updates,00:00:01,24042026181547,24-Apr-2026 18:15:48,1.67 MB,True,,,106599768,Automobiles - 4 Wheelers,INE585B01010,Maruti Suzuki India Limited,2026-04-24 18:15:47,MARUTI
23-Apr-2026 15:37:44,1.37 MB,https://nsearchives.nseindia.com/corporate/MARUTI_23042026153142_StxIntimation_EarningsCall.pdf,Maruti Suzuki India Limited has informed the Exchange about Schedule of meet,,,Analysts/Institutional Investor Meet/Con. Call Updates,00:00:02,23042026153744,23-Apr-2026 15:37:46,1.37 MB,True,,,106598108,Automobiles - 4 Wheelers,INE585B01010,Maruti Suzuki India Limited,2026-04-23 15:37:44,MARUTI
16-Apr-2026 10:52:06,2.65 MB,https://nsearchives.nseindia.com/corporate/MARUTIASHISH_16042026104935_StxIntimation_SpecialWindow_16042026.pdf,Maruti Suzuki India Limited has informed the Exchange about Copy of Newspaper Publication,,,Copy of Newspaper Publication,00:00:01,16042026105206,16-Apr-2026 10:52:07,2.65 MB,True,,,106591166,Automobiles - 4 Wheelers,INE585B01010,Maruti Suzuki India Limited,2026-04-16 10:52:06,MARUTI
01-Apr-2026 19:11:12,1.45 MB,https://nsearchives.nseindia.com/corporate/MARUTIASHISH_01042026190946_STxIntimation_Prod_1April2026.pdf,Maruti Suzuki India Limited has informed the Exchange about Maruti Suzuki Production Volume: March 2026,,,General Updates,00:00:01,01042026191112,01-Apr-2026 19:11:13,1.45 MB,True,,,106577573,Automobiles - 4 Wheelers,INE585B01010,Maruti Suzuki India Limited,2026-04-01 19:11:12,MARUTI
01-Apr-2026 14:52:50,1.42 MB,https://nsearchives.nseindia.com/corporate/MARUTIASHISH_01042026145042_STxIntimation_Sales_1April2026.pdf,"Maruti Suzuki India Limited has informed the Exchange regarding a press release dated April 01, 2026, titled ""Maruti Suzuki sales in March 2026 and FY 2025-26"".",,,Press Release,00:00:01,01042026145250,01-Apr-2026 14:52:51,1.42 MB,True,,,106577179,Automobiles - 4 Wheelers,INE585B01010,Maruti Suzuki India Limited,2026-04-01 14:52:50,MARUTI
31-Mar-2026 17:39:58,1.55 MB,https://nsearchives.nseindia.com/corporate/MARUTIASHISH_31032026173800_STxIntimation_HaryanaGSTAuthority_31March2026.pdf,"Maruti Suzuki India Limited has informed the Exchange about Intimation under Regulation 30 of SEBI (Listing Obligations & Disclosure Requirements) Regulations, 2015",,,General Updates,00:00:01,31032026173958,31-Mar-2026 17:39:59,1.55 MB,True,,,106576081,Automobiles - 4 Wheelers,INE585B01010,Maruti Suzuki India Limited,2026-03-31 17:39:58,MARUTI
27-Mar-2026 15:39:26,1.50 MB,https://nsearchives.nseindia.com/corporate/MARUTIASHISH_27032026153652_STxIntimiation_TWClosure_27March2026.pdf,"Maruti Suzuki India Limited has informed the Exchange regarding the Trading Window closure pursuant to SEBI (Prohibition of Insider Trading) Regulations, 2015",,,Trading Window,00:00:01,27032026153926,27-Mar-2026 15:39:27,1.50 MB,True,,,106571496,Automobiles - 4 Wheelers,INE585B01010,Maruti Suzuki India Limited,2026-03-27 15:39:26,MARUTI
25-Mar-2026 18:45:25,5.06 MB,https://nsearchives.nseindia.com/corporate/MARUTIASHISH_25032026184315_CCI_Intimation_25032026_Signed.pdf,"Maruti Suzuki India Limited has informed the Exchange about Intimation under Regulation 30 of the Securities and Exchange Board of India (Listing Obligations and Disclosure Requirements) Regulations, 2015",,,General Updates,00:00:01,25032026184525,25-Mar-2026 18:45:26,5.06 MB,True,,,106568424,Automobiles - 4 Wheelers,INE585B01010,Maruti Suzuki India Limited,2026-03-25 18:45:25,MARUTI
24-Mar-2026 14:29:29,264.68 KB,https://nsearchives.nseindia.com/corporate/MARUTIASHISH_24032026142831_StxIntimation_ChangeinSMP_24Mar2026.pdf,Maruti Suzuki India Limited has informed the Exchange about change in Management,,,Change in Management,00:00:01,24032026142929,24-Mar-2026 14:29:30,264.68 KB,True,,,106565349,Automobiles - 4 Wheelers,INE585B01010,Maruti Suzuki India Limited,2026-03-24 14:29:29,MARUTI
24-Mar-2026 14:25:16,290.88 KB,https://nsearchives.nseindia.com/corporate/MARUTIASHISH_24032026142443_StxIntimation_CapacityAddition_24March2026.pdf,Maruti Suzuki India Limited has informed the Exchange about Capacity addition,,,Capacity addition,00:00:02,24032026142516,24-Mar-2026 14:25:18,290.88 KB,True,,,106565344,Automobiles - 4 Wheelers,INE585B01010,Maruti Suzuki India Limited,2026-03-24 14:25:16,MARUTI
17-Mar-2026 14:03:28,307.70 KB,https://nsearchives.nseindia.com/corporate/MARUTIASHISH_17032026135930_STxIntimation_DraftAssessOrder_16March2026.pdf,Maruti Suzuki India Limited has informed the Exchange about Pendency of Litigation(s)/dispute(s) or the outcome impacting the Company,,,Pendency of Litigation(s)/dispute(s) or the outcome impacting the Company,00:00:00,17032026140328,17-Mar-2026 14:03:28,307.70 KB,True,,,106559220,Automobiles - 4 Wheelers,INE585B01010,Maruti Suzuki India Limited,2026-03-17 14:03:28,MARUTI
17-Mar-2026 10:29:31,5.12 MB,https://nsearchives.nseindia.com/corporate/MARUTIASHISH_17032026102744_StxIntimation_InvestorPresentation_17March2026.pdf,Maruti Suzuki India Limited has informed the Exchange about Investor Presentation,,,Analysts/Institutional Investor Meet/Con. Call Updates,00:00:01,17032026102931,17-Mar-2026 10:29:32,5.12 MB,True,,,106558942,Automobiles - 4 Wheelers,INE585B01010,Maruti Suzuki India Limited,2026-03-17 10:29:31,MARUTI
12-Mar-2026 16:34:05,252.21 KB,https://nsearchives.nseindia.com/corporate/MARUTIASHISH_12032026162910_StxIntimation_InvestorMeet_17Mar2026.pdf,Maruti Suzuki India Limited has informed the Exchange about Schedule of meet,,,Analysts/Institutional Investor Meet/Con. Call Updates,00:00:01,12032026163405,12-Mar-2026 16:34:06,252.21 KB,True,,,106555938,Automobiles - 4 Wheelers,INE585B01010,Maruti Suzuki India Limited,2026-03-12 16:34:05,MARUTI
01-Mar-2026 19:24:00,393.31 KB,https://nsearchives.nseindia.com/corporate/MARUTIASHISH_01032026192147_StxIntimation_Prod_Feb_2026.pdf,Maruti Suzuki India Limited has informed the Exchange about Maruti Suzuki Production Volume: February 2026,,,General Updates,00:00:01,01032026192400,01-Mar-2026 19:24:01,393.31 KB,True,,,106547737,Automobiles - 4 Wheelers,INE585B01010,Maruti Suzuki India Limited,2026-03-01 19:24:00,MARUTI
01-Mar-2026 10:58:31,376.85 KB,https://nsearchives.nseindia.com/corporate/MARUTIASHISH_01032026105606_STxIntimation_Sales_Feb_2026.pdf,"Maruti Suzuki India Limited has informed the Exchange regarding a press release dated March 01, 2026, titled ""Maruti Suzuki sales in February 2026"".",,,Press Release,00:00:01,01032026105831,01-Mar-2026 10:58:32,376.85 KB,True,,,106547597,Automobiles - 4 Wheelers,INE585B01010,Maruti Suzuki India Limited,2026-03-01 10:58:31,MARUTI
27-Feb-2026 18:18:04,277.03 KB,https://nsearchives.nseindia.com/corporate/MARUTIASHISH_27022026181508_CCI_27022026.pdf,"Maruti Suzuki India Limited has informed the Exchange about Intimation under Regulation 30 of the Securities and Exchange Board of India (Listing Obligations and Disclosure Requirements) Regulations, 2015",,,General Updates,00:00:01,27022026181804,27-Feb-2026 18:18:05,277.03 KB,True,,,106546838,Automobiles - 4 Wheelers,INE585B01010,Maruti Suzuki India Limited,2026-02-27 18:18:04,MARUTI
20-Feb-2026 12:42:00,3.37 MB,https://nsearchives.nseindia.com/corporate/MARUTIASHISH_20022026124019_StxIntimation_NPs_19Feb2026.pdf,Maruti Suzuki India Limited has informed the Exchange about Copy of Newspaper Publication,,,Copy of Newspaper Publication,00:00:01,20022026124200,20-Feb-2026 12:42:01,3.37 MB,True,,,106540958,Automobiles - 4 Wheelers,INE585B01010,Maruti Suzuki India Limited,2026-02-20 12:42:00,MARUTI
17-Feb-2026 14:26:39,458.99 KB,https://nsearchives.nseindia.com/corporate/MARUTIASHISH_17022026142510_Press_Release_India_Goes_Electric_with_Maruti_Suzuki_e_VITARA_final.pdf,Maruti Suzuki India Limited has informed the Exchange about India Goes Electric with Maruti Suzuki e VITARA,,,General Updates,00:00:00,17022026142639,17-Feb-2026 14:26:39,458.99 KB,True,,,106537906,Automobiles - 4 Wheelers,INE585B01010,Maruti Suzuki India Limited,2026-02-17 14:26:39,MARUTI
10-Feb-2026 12:11:28,1.58 MB,https://nsearchives.nseindia.com/corporate/MARUTIASHISH_10022026120506_STxIntimation_InvestorMeet_23_24Feb2026.pdf,Maruti Suzuki India Limited has informed the Exchange about Schedule of meet,,,Analysts/Institutional Investor Meet/Con. Call Updates,00:00:00,10022026121128,10-Feb-2026 12:11:28,1.58 MB,True,,,106527765,Automobiles - 4 Wheelers,INE585B01010,Maruti Suzuki India Limited,2026-02-10 12:11:28,MARUTI
04-Feb-2026 21:53:57,272.05 KB,https://nsearchives.nseindia.com/corporate/MARUTIASHISH_04022026214853_InvestorMeet04022026.pdf,Maruti Suzuki India Limited has informed the Exchange about Schedule of meet,,,Analysts/Institutional Investor Meet/Con. Call Updates,00:00:01,04022026215357,04-Feb-2026 21:53:58,272.05 KB,True,,,106520522,Automobiles - 4 Wheelers,INE585B01010,Maruti Suzuki India Limited,2026-02-04 21:53:57,MARUTI
02-Feb-2026 21:00:29,244.73 KB,https://nsearchives.nseindia.com/corporate/MARUTIASHISH_02022026205924_Transcript_02022026.pdf,Maruti Suzuki India Limited has informed the Exchange about Transcript,,,Analysts/Institutional Investor Meet/Con. Call Updates,00:00:00,02022026210029,02-Feb-2026 21:00:29,244.73 KB,True,,,106516650,Automobiles - 4 Wheelers,INE585B01010,Maruti Suzuki India Limited,2026-02-02 21:00:29,MARUTI
02-Feb-2026 17:08:52,393.84 KB,https://nsearchives.nseindia.com/corporate/MARUTIASHISH_02022026170542_StxIntimation_Prod_Jan2026.pdf,Maruti Suzuki India Limited has informed the Exchange about Maruti Suzuki Production Volume: January 2026,,,General Updates,00:00:01,02022026170852,02-Feb-2026 17:08:53,393.84 KB,True,,,106516137,Automobiles - 4 Wheelers,INE585B01010,Maruti Suzuki India Limited,2026-02-02 17:08:52,MARUTI
02-Feb-2026 09:38:34,378.70 KB,https://nsearchives.nseindia.com/corporate/MARUTIASHISH_02022026093555_StxIntimation_Sales_Jan2026.pdf,"Maruti Suzuki India Limited has informed the Exchange regarding a press release dated February 02, 2026, titled ""Maruti Suzuki sales in January 2026"".",,,Press Release,00:00:02,02022026093834,02-Feb-2026 09:38:36,378.70 KB,True,,,106515373,Automobiles - 4 Wheelers,INE585B01010,Maruti Suzuki India Limited,2026-02-02 09:38:34,MARUTI
29-Jan-2026 12:57:33,1.51 MB,https://nsearchives.nseindia.com/corporate/MARUTIASHISH_29012026125548_STxIntimation_NewspaperPublication_Q3FY2025_26.pdf,Maruti Suzuki India Limited has informed the Exchange about Copy of Newspaper Publication,,,Copy of Newspaper Publication,00:00:01,29012026125733,29-Jan-2026 12:57:34,1.51 MB,True,,,106511021,Automobiles - 4 Wheelers,INE585B01010,Maruti Suzuki India Limited,2026-01-29 12:57:33,MARUTI
28-Jan-2026 20:28:31,267.84 KB,https://nsearchives.nseindia.com/corporate/MARUTIASHISH_28012026202453_STxIntimation_AudioRecording.pdf,Maruti Suzuki India Limited has informed the Exchange about audio recording of the investors' call held on 28th January 2026,,,General Updates,00:00:01,28012026202831,28-Jan-2026 20:28:32,267.84 KB,True,,,106510306,Automobiles - 4 Wheelers,INE585B01010,Maruti Suzuki India Limited,2026-01-28 20:28:31,MARUTI
28-Jan-2026 14:23:37,552.01 KB,https://nsearchives.nseindia.com/corporate/MARUTIASHISH_28012026142218_InvestorPresentation_Q3_FY2025_26.pdf,Maruti Suzuki India Limited has informed the Exchange about Investor Presentation,,,Investor Presentation,00:00:01,28012026142337,28-Jan-2026 14:23:38,552.01 KB,True,,,106509472,Automobiles - 4 Wheelers,INE585B01010,Maruti Suzuki India Limited,2026-01-28 14:23:37,MARUTI
28-Jan-2026 14:19:17,380.66 KB,https://nsearchives.nseindia.com/corporate/MARUTIASHISH_28012026141812_PressRelease_Q3_FY2025_26.pdf,"Maruti Suzuki India Limited has informed the Exchange regarding a press release dated January 28, 2026, titled ""Maruti Suzuki India Limited Financial Results Q3 and 9M FY 2025-26"".",,,Press Release,00:00:01,28012026141917,28-Jan-2026 14:19:18,380.66 KB,True,,,106509468,Automobiles - 4 Wheelers,INE585B01010,Maruti Suzuki India Limited,2026-01-28 14:19:17,MARUTI
28-Jan-2026 14:11:41,11.37 MB,https://nsearchives.nseindia.com/corporate/MARUTIASHISH_28012026141045_Results_Q3_FY2025-26.pdf,"Maruti Suzuki India Limited has submitted to the Exchange, the financial results for the period ended December 31, 2025.",,,Outcome of Board Meeting,00:00:01,28012026141141,28-Jan-2026 14:11:42,11.37 MB,True,,,106509452,Automobiles - 4 Wheelers,INE585B01010,Maruti Suzuki India Limited,2026-01-28 14:11:41,MARUTI
27-Jan-2026 18:52:28,4.91 MB,https://nsearchives.nseindia.com/corporate/MARUTIASHISH_27012026185035_CCI_27012026.pdf,"Maruti Suzuki India Limited has informed the Exchange about Intimation under Regulation 30 of the Securities and Exchange Board of India (Listing Obligations and Disclosure Requirements) Regulations, 2015",,,General Updates,00:00:01,27012026185228,27-Jan-2026 18:52:29,4.91 MB,True,,,106508540,Automobiles - 4 Wheelers,INE585B01010,Maruti Suzuki India Limited,2026-01-27 18:52:28,MARUTI
23-Jan-2026 21:45:11,277.85 KB,https://nsearchives.nseindia.com/corporate/MARUTIASHISH_23012026213825_StxIntimation_Reg30_FinalOrder_23Jan2026.pdf,Maruti Suzuki India Limited has informed the Exchange about Pendency of Litigation(s)/dispute(s) or the outcome impacting the Company,,,Pendency of Litigation(s)/dispute(s) or the outcome impacting the Company,00:00:01,23012026214511,23-Jan-2026 21:45:12,277.85 KB,True,,,106506807,Automobiles - 4 Wheelers,INE585B01010,Maruti Suzuki India Limited,2026-01-23 21:45:11,MARUTI
21-Jan-2026 15:37:39,1.51 MB,https://nsearchives.nseindia.com/corporate/MARUTIASHISH_21012026153159_STxIntimation_EarningsCall.pdf,Maruti Suzuki India Limited has informed the Exchange about Schedule of meet,,,Analysts/Institutional Investor Meet/Con. Call Updates,00:00:01,21012026153739,21-Jan-2026 15:37:40,1.51 MB,True,,,106503495,Automobiles - 4 Wheelers,INE585B01010,Maruti Suzuki India Limited,2026-01-21 15:37:39,MARUTI
16-Jan-2026 14:46:35,1.81 MB,https://nsearchives.nseindia.com/corporate/MARUTIASHISH_16012026143911_Press_Release_16012026.pdf,"Maruti Suzuki India Limited has informed the Exchange regarding a press release dated January 16, 2026, titled ""Maruti Suzuki commences exports of VICTORIS, badged as  Across "".",,,Press Release,00:00:01,16012026144635,16-Jan-2026 14:46:36,1.81 MB,True,,,106498989,Automobiles - 4 Wheelers,INE585B01010,Maruti Suzuki India Limited,2026-01-16 14:46:35,MARUTI
12-Jan-2026 13:28:00,1.67 MB,https://nsearchives.nseindia.com/corporate/MARUTIASHISH_12012026132516_STxIntimation_PressReleaseIOCL.pdf,"Maruti Suzuki India Limited has informed the Exchange regarding a press release dated January 12, 2026, titled ""Maruti Suzuki collaborates with Indian Oil Corporation Limited to further expand nationwide service reach"".",,,Press Release,00:00:01,12012026132800,12-Jan-2026 13:28:01,1.67 MB,True,,,106494513,Automobiles - 4 Wheelers,INE585B01010,Maruti Suzuki India Limited,2026-01-12 13:28:00,MARUTI
12-Jan-2026 10:02:42,2.33 MB,https://nsearchives.nseindia.com/corporate/MARUTIASHISH_12012026100147_STxIntimation_CapacityAddition_12Jan2026.pdf,Maruti Suzuki India Limited has informed the Exchange about Board Approval for Land acquisition for Capacity Expansion,,,Capacity addition,00:00:01,12012026100242,12-Jan-2026 10:02:43,2.33 MB,True,,,106494166,Automobiles - 4 Wheelers,INE585B01010,Maruti Suzuki India Limited,2026-01-12 10:02:42,MARUTI
01-Jan-2026 20:55:25,340.48 KB,https://nsearchives.nseindia.com/corporate/MARUTIASHISH_01012026205211_StxIntimation_Prod_Dec2025.pdf,Maruti Suzuki India Limited has informed the Exchange about Maruti Suzuki Production Volume: December 2025,,,General Updates,00:00:01,01012026205525,01-Jan-2026 20:55:26,340.48 KB,True,,,106485396,Automobiles - 4 Wheelers,INE585B01010,Maruti Suzuki India Limited,2026-01-01 20:55:25,MARUTI
01-Jan-2026 12:25:23,385.47 KB,https://nsearchives.nseindia.com/corporate/MARUTIASHISH_01012026122331_StxIntimation_Sales_Dec_2025.pdf,"Maruti Suzuki India Limited has informed the Exchange regarding a press release dated January 01, 2026, titled ""Maruti Suzuki sales in December 2025"".",,,Press Release,00:00:01,01012026122523,01-Jan-2026 12:25:24,385.47 KB,True,,,106485112,Automobiles - 4 Wheelers,INE585B01010,Maruti Suzuki India Limited,2026-01-01 12:25:23,MARUTI
29-Dec-2025 17:57:48,297.67 KB,https://nsearchives.nseindia.com/corporate/MARUTIASHISH_29122025175310_STxIntimation_InvestorCall_8to9Jan2025.pdf,Maruti Suzuki India Limited has informed the Exchange about Schedule of meet,,,Analysts/Institutional Investor Meet/Con. Call Updates,00:00:01,29122025175748,29-Dec-2025 17:57:49,297.67 KB,True,,,106481413,Automobiles - 4 Wheelers,INE585B01010,Maruti Suzuki India Limited,2025-12-29 17:57:48,MARUTI
28-Dec-2025 14:07:40,297.60 KB,https://nsearchives.nseindia.com/corporate/MARUTIASHISH_28122025140718_STxIntimation_InvestorCall_5to7Jan2026.pdf,Maruti Suzuki India Limited has informed the Exchange about Schedule of meet,,,Analysts/Institutional Investor Meet/Con. Call Updates,00:00:01,28122025140740,28-Dec-2025 14:07:41,297.60 KB,True,,,106480067,Automobiles - 4 Wheelers,INE585B01010,Maruti Suzuki India Limited,2025-12-28 14:07:40,MARUTI
25-Dec-2025 16:17:04,1.55 MB,https://nsearchives.nseindia.com/corporate/MARUTIASHISH_25122025161520_TradingWindow_Dec25.pdf,"Maruti Suzuki India Limited has informed the Exchange regarding the Trading Window closure pursuant to SEBI (Prohibition of Insider Trading) Regulations, 2015",,,Trading Window,00:00:02,25122025161704,25-Dec-2025 16:17:06,1.55 MB,True,,,106477391,Automobiles - 4 Wheelers,INE585B01010,Maruti Suzuki India Limited,2025-12-25 16:17:04,MARUTI
23-Dec-2025 18:47:28,1.72 MB,https://nsearchives.nseindia.com/corporate/MARUTIASHISH_23122025184609_Reg30_23122025.pdf,"Maruti Suzuki India Limited has informed the Exchange about Intimation under Regulation 30 of the SEBI (Listing Obligations and Disclosure Requirements) Regulations, 2015",,,General Updates,00:00:01,23122025184728,23-Dec-2025 18:47:29,1.72 MB,True,,,106475509,Automobiles - 4 Wheelers,INE585B01010,Maruti Suzuki India Limited,2025-12-23 18:47:28,MARUTI
18-Dec-2025 18:38:39,1.71 MB,https://nsearchives.nseindia.com/corporate/MARUTIASHISH_18122025183643_CCI_18122025.pdf,"Maruti Suzuki India Limited has informed the Exchange about Intimation under Regulation 30 of the Securities and Exchange Board of India (Listing Obligations and Disclosure Requirements) Regulations, 2015",,,General Updates,00:00:00,18122025183839,18-Dec-2025 18:38:39,1.71 MB,True,,,106471609,Automobiles - 4 Wheelers,INE585B01010,Maruti Suzuki India Limited,2025-12-18 18:38:39,MARUTI
18-Dec-2025 18:10:34,1.71 MB,https://nsearchives.nseindia.com/corporate/MARUTIASHISH_18122025180905_Reg30_18122025.pdf,"Maruti Suzuki India Limited has informed the Exchange about Intimation under Regulation 30 of the SEBI (Listing Obligations and Disclosure Requirements) Regulations, 2015",,,General Updates,00:00:01,18122025181034,18-Dec-2025 18:10:35,1.71 MB,True,,,106471567,Automobiles - 4 Wheelers,INE585B01010,Maruti Suzuki India Limited,2025-12-18 18:10:34,MARUTI
17-Dec-2025 17:27:21,5.14 MB,https://nsearchives.nseindia.com/corporate/MARUTIASHISH_17122025172605_CCI_17122025.pdf,"Maruti Suzuki India Limited has informed the Exchange about Intimation under Regulation 30 of the Securities and Exchange Board of India (Listing Obligations and Disclosure Requirements) Regulations, 2015",,,General Updates,00:00:01,17122025172721,17-Dec-2025 17:27:22,5.14 MB,True,,,106470488,Automobiles - 4 Wheelers,INE585B01010,Maruti Suzuki India Limited,2025-12-17 17:27:21,MARUTI
17-Dec-2025 14:02:14,1.81 MB,https://nsearchives.nseindia.com/corporate/MARUTIASHISH_17122025140059_PR_17122025.pdf,"Maruti Suzuki India Limited has informed the Exchange regarding a press release dated December 17, 2025, titled ""Maruti Suzuki ushers in inclusive mobility with WagonR Swivel seat: A step towardsproviding accessible mobility for senior citizens and persons with disabilities"".",,,Press Release,00:00:01,17122025140214,17-Dec-2025 14:02:15,1.81 MB,True,,,106470314,Automobiles - 4 Wheelers,INE585B01010,Maruti Suzuki India Limited,2025-12-17 14:02:14,MARUTI
10-Dec-2025 13:58:47,1.73 MB,https://nsearchives.nseindia.com/corporate/MARUTIASHISH_10122025135512_StxIntimation_NSEESGRating_10Dec2025.pdf,Maruti Suzuki India Limited has informed the Exchange about ESG rating by NSE Sustainability Ratings and Analytics Limited,,,General Updates,00:00:01,10122025135847,10-Dec-2025 13:58:48,1.73 MB,True,,,106465029,Automobiles - 4 Wheelers,INE585B01010,Maruti Suzuki India Limited,2025-12-10 13:58:47,MARUTI
02-Dec-2025 21:09:45,1.79 MB,https://nsearchives.nseindia.com/corporate/MARUTIASHISH_02122025210237_StxIntimation_PR_OneIndiaOneCharging_2Dec2025.pdf,"Maruti Suzuki India Limited has informed the Exchange regarding a press release dated December 02, 2025, titled ""India Goes Electric with Maruti Suzuki. One India, One EV Charging platform.""",,,Press Release,00:00:01,02122025210945,02-Dec-2025 21:09:46,1.79 MB,True,,,106459449,Automobiles - 4 Wheelers,INE585B01010,Maruti Suzuki India Limited,2025-12-02 21:09:45,MARUTI
01-Dec-2025 17:49:31,1.56 MB,https://nsearchives.nseindia.com/corporate/MARUTIASHISH_01122025174833_StxIntimation_Prod_Nov2025.pdf,Maruti Suzuki India Limited has informed the Exchange about Maruti Suzuki Production Volume: November 2025,,,General Updates,00:00:01,01122025174931,01-Dec-2025 17:49:32,1.56 MB,True,,,106458362,Automobiles - 4 Wheelers,INE585B01010,Maruti Suzuki India Limited,2025-12-01 17:49:31,MARUTI
01-Dec-2025 14:11:04,1.49 MB,https://nsearchives.nseindia.com/corporate/MARUTIASHISH_01122025140911_SalesPRNov.pdf,"Maruti Suzuki India Limited has informed the Exchange regarding a press release dated December 01, 2025, titled ""Maruti Suzuki sales in November 2025"".",,,Press Release,00:00:01,01122025141104,01-Dec-2025 14:11:05,1.49 MB,True,,,106458167,Automobiles - 4 Wheelers,INE585B01010,Maruti Suzuki India Limited,2025-12-01 14:11:04,MARUTI
01-Dec-2025 00:21:53,235.11 KB,https://nsearchives.nseindia.com/corporate/MARUTIASHISH_01122025002026_StockExIntimation_EffectivnessofScheme.pdf,"Maruti Suzuki India Limited has informed the Exchange about Intimation under Regulation 30 of the Securities and Exchange Board of India (Listing Obligations and Disclosure Requirements) Regulations, 2015 -Effectiveness of the Scheme of Amalgamation ( Scheme )",,,General Updates,00:00:01,01122025002153,01-Dec-2025 00:21:54,235.11 KB,True,,,106457790,Automobiles - 4 Wheelers,INE585B01010,Maruti Suzuki India Limited,2025-12-01 00:21:53,MARUTI
27-Nov-2025 15:17:38,3.00 MB,https://nsearchives.nseindia.com/corporate/MARUTIASHISH_27112025151411_StxIntimation_NP_27112025.pdf,Maruti Suzuki India Limited has informed the Exchange about Copy of Newspaper Publication,,,Copy of Newspaper Publication,00:00:00,27112025151738,27-Nov-2025 15:17:38,3.00 MB,True,,,106455876,Automobiles - 4 Wheelers,INE585B01010,Maruti Suzuki India Limited,2025-11-27 15:17:38,MARUTI
21-Nov-2025 15:55:49,1.91 MB,https://nsearchives.nseindia.com/corporate/MARUTIASHISH_21112025154746_StxIntimation_CreditRting_21nov2025.pdf,Maruti Suzuki India Limited has informed the Exchange about Credit Rating,,,Credit Rating,00:00:01,21112025155549,21-Nov-2025 15:55:50,1.91 MB,True,,,106451916,Automobiles - 4 Wheelers,INE585B01010,Maruti Suzuki India Limited,2025-11-21 15:55:49,MARUTI
17-Nov-2025 17:33:37,5.13 MB,https://nsearchives.nseindia.com/corporate/MARUTIASHISH_17112025172954_STxIntimation_CCI_17Nov2025.pdf,"Maruti Suzuki India Limited has informed the Exchange about Intimation under Regulation 30 of the Securities and Exchange Board of India (Listing Obligations and Disclosure Requirements) Regulations, 2015",,,General Updates,00:00:01,17112025173337,17-Nov-2025 17:33:38,5.13 MB,True,,,106447702,Automobiles - 4 Wheelers,INE585B01010,Maruti Suzuki India Limited,2025-11-17 17:33:37,MARUTI
14-Nov-2025 19:50:09,211.02 KB,https://nsearchives.nseindia.com/corporate/MARUTIASHISH_14112025194945_Stxintimation_Recall_of_39506_Grand_Vitara_vehicles.pdf,"Maruti Suzuki India Limited has informed the Exchange about Recall of 39,506 Grand Vitara vehicles",,,General Updates,00:00:00,14112025195009,14-Nov-2025 19:50:09,211.02 KB,True,,,106445499,Automobiles - 4 Wheelers,INE585B01010,Maruti Suzuki India Limited,2025-11-14 19:50:09,MARUTI
13-Nov-2025 11:46:04,1.77 MB,https://nsearchives.nseindia.com/corporate/MARUTIASHISH_13112025114530_StxIntimation_20_21_Nov_2025.pdf,Maruti Suzuki India Limited has informed the Exchange about Schedule of meet,,,Analysts/Institutional Investor Meet/Con. Call Updates,00:00:01,13112025114604,13-Nov-2025 11:46:05,1.77 MB,True,,,106441146,Automobiles - 4 Wheelers,INE585B01010,Maruti Suzuki India Limited,2025-11-13 11:46:04,MARUTI
12-Nov-2025 17:16:08,1.74 MB,https://nsearchives.nseindia.com/corporate/MARUTIASHISH_12112025171435_StxIntimation_InvestorMeet_17_18_19Nov2025.pdf,Maruti Suzuki India Limited has informed the Exchange about Schedule of meet,,,Analysts/Institutional Investor Meet/Con. Call Updates,00:00:01,12112025171608,12-Nov-2025 17:16:09,1.74 MB,True,,,106439654,Automobiles - 4 Wheelers,INE585B01010,Maruti Suzuki India Limited,2025-11-12 17:16:08,MARUTI
07-Nov-2025 23:09:36,239.37 KB,https://nsearchives.nseindia.com/corporate/MARUTIASHISH_07112025230738_Intimation_ESG_rating_7Nov2025.pdf,Maruti Suzuki India Limited has informed the Exchange about ESG rating by MSCI ESG Research LLC,,,General Updates,00:00:01,07112025230936,07-Nov-2025 23:09:37,239.37 KB,True,,,106433174,Automobiles - 4 Wheelers,INE585B01010,Maruti Suzuki India Limited,2025-11-07 23:09:36,MARUTI
06-Nov-2025 18:48:02,3.29 MB,https://nsearchives.nseindia.com/corporate/MARUTIASHISH_06112025184630_STX_disclosure_Approval_Order_Disclosure_06112025.pdf,Maruti Suzuki India Limited has informed the Exchange about Issuance of Order by the Hon'ble National Company Law Tribunal Principal Bench (New Delhi) (NCLT) sanctioning the scheme of amalgamation.,,,General Updates,00:00:00,06112025184802,06-Nov-2025 18:48:02,3.29 MB,True,,,106430448,Automobiles - 4 Wheelers,INE585B01010,Maruti Suzuki India Limited,2025-11-06 18:48:02,MARUTI
06-Nov-2025 17:02:24,1.71 MB,https://nsearchives.nseindia.com/corporate/MARUTIASHISH_06112025170048_STxIntimation_InvtMeeting_11Nov2025.pdf,Maruti Suzuki India Limited has informed the Exchange about Schedule of meet,,,Analysts/Institutional Investor Meet/Con. Call Updates,00:00:01,06112025170224,06-Nov-2025 17:02:25,1.71 MB,True,,,106430011,Automobiles - 4 Wheelers,INE585B01010,Maruti Suzuki India Limited,2025-11-06 17:02:24,MARUTI
04-Nov-2025 10:17:50,1.70 MB,https://nsearchives.nseindia.com/corporate/MARUTIASHISH_04112025101704_StxIntimation_InvstCall_12Nov2025.pdf,Maruti Suzuki India Limited has informed the Exchange about Schedule of meet,,,Analysts/Institutional Investor Meet/Con. Call Updates,00:00:02,04112025101750,04-Nov-2025 10:17:52,1.70 MB,True,,,106425735,Automobiles - 4 Wheelers,INE585B01010,Maruti Suzuki India Limited,2025-11-04 10:17:50,MARUTI
03-Nov-2025 21:56:56,238.93 KB,https://nsearchives.nseindia.com/corporate/MARUTIASHISH_03112025215634_STxIntimation_Transcript31Oct2025.pdf,Maruti Suzuki India Limited has informed the Exchange about Transcript,,,Analysts/Institutional Investor Meet/Con. Call Updates,00:00:01,03112025215656,03-Nov-2025 21:56:57,238.93 KB,True,,,106425370,Automobiles - 4 Wheelers,INE585B01010,Maruti Suzuki India Limited,2025-11-03 21:56:56,MARUTI
02-Nov-2025 10:22:43,272.62 KB,https://nsearchives.nseindia.com/corporate/MARUTIASHISH_02112025102003_Investor_Meeting_5_Nov_2025.pdf,Maruti Suzuki India Limited has informed the Exchange about Schedule of meet,,,Analysts/Institutional Investor Meet/Con. Call Updates,00:00:01,02112025102243,02-Nov-2025 10:22:44,272.62 KB,True,,,106423920,Automobiles - 4 Wheelers,INE585B01010,Maruti Suzuki India Limited,2025-11-02 10:22:43,MARUTI
01-Nov-2025 22:33:49,307.99 KB,https://nsearchives.nseindia.com/corporate/MARUTIASHISH_01112025223026_StxIntimation_Prod_Oct2025.pdf,Maruti Suzuki India Limited has informed the Exchange about Maruti Suzuki Production Volume: October 2025,,,General Updates,00:00:01,01112025223349,01-Nov-2025 22:33:50,307.99 KB,True,,,106423847,Automobiles - 4 Wheelers,INE585B01010,Maruti Suzuki India Limited,2025-11-01 22:33:49,MARUTI
01-Nov-2025 14:42:03,368.75 KB,https://nsearchives.nseindia.com/corporate/MARUTIASHISH_01112025143835_StxIntimation_Sales_Oct_2025.pdf,"Maruti Suzuki India Limited has informed the Exchange regarding a press release dated November 01, 2025, titled ""Maruti Suzuki sales in October 2025"".",,,Press Release,00:00:01,01112025144203,01-Nov-2025 14:42:04,368.75 KB,True,,,106423517,Automobiles - 4 Wheelers,INE585B01010,Maruti Suzuki India Limited,2025-11-01 14:42:03,MARUTI
01-Nov-2025 11:04:36,1.79 MB,https://nsearchives.nseindia.com/corporate/MARUTIASHISH_01112025110335_STxIntimation_NP_30Sep2025.pdf,Maruti Suzuki India Limited has informed the Exchange about Copy of Newspaper Publication,,,Copy of Newspaper Publication,00:00:01,01112025110436,01-Nov-2025 11:04:37,1.79 MB,True,,,106423371,Automobiles - 4 Wheelers,INE585B01010,Maruti Suzuki India Limited,2025-11-01 11:04:36,MARUTI
31-Oct-2025 22:44:47,207.34 KB,https://nsearchives.nseindia.com/corporate/MARUTIASHISH_31102025224351_StxIntimation_AudioRecording_30Sep2025.pdf,Maruti Suzuki India Limited has informed the Exchange about Audio recording of the investors' call held on 31st October 2025,,,General Updates,00:00:01,31102025224447,31-Oct-2025 22:44:48,207.34 KB,True,,,106423144,Automobiles - 4 Wheelers,INE585B01010,Maruti Suzuki India Limited,2025-10-31 22:44:47,MARUTI
31-Oct-2025 14:43:40,418.36 KB,https://nsearchives.nseindia.com/corporate/MARUTIASHISH_31102025144157_StxIntimation_Investor_Presentation_30_09_2025.pdf,Maruti Suzuki India Limited has informed the Exchange about Investor Presentation,,,Investor Presentation,00:00:01,31102025144340,31-Oct-2025 14:43:41,418.36 KB,True,,,106422279,Automobiles - 4 Wheelers,INE585B01010,Maruti Suzuki India Limited,2025-10-31 14:43:40,MARUTI
31-Oct-2025 14:38:03,324.75 KB,https://nsearchives.nseindia.com/corporate/MARUTIASHISH_31102025143752_StxIntimation_Press_Release_Financial_Results_30_09_2025.pdf,"Maruti Suzuki India Limited has informed the Exchange regarding a press release dated October 31, 2025, titled ""Maruti Suzuki India Limited Financial Results Q2 and H1 FY 2025-26"".",,,Press Release,00:00:02,31102025143803,31-Oct-2025 14:38:05,324.75 KB,True,,,106422270,Automobiles - 4 Wheelers,INE585B01010,Maruti Suzuki India Limited,2025-10-31 14:38:03,MARUTI
31-Oct-2025 14:19:05,16.12 MB,https://nsearchives.nseindia.com/corporate/MARUTIASHISH_31102025141548_Stxintimation_FinancialReults_30Sep2025.pdf,"Maruti Suzuki India Limited has submitted to the Exchange, the financial results for the period ended September 30, 2025.",,,Outcome of Board Meeting,00:00:01,31102025141905,31-Oct-2025 14:19:06,16.12 MB,True,,,106422241,Automobiles - 4 Wheelers,INE585B01010,Maruti Suzuki India Limited,2025-10-31 14:19:05,MARUTI
27-Oct-2025 17:21:48,228.14 KB,https://nsearchives.nseindia.com/corporate/MARUTIASHISH_27102025172005_Schedule_of_Conference_call.pdf,Maruti Suzuki India Limited has informed the Exchange about Schedule of meet,,,Analysts/Institutional Investor Meet/Con. Call Updates,00:00:00,27102025172148,27-Oct-2025 17:21:48,228.14 KB,True,,,106416916,Automobiles - 4 Wheelers,INE585B01010,Maruti Suzuki India Limited,2025-10-27 17:21:48,MARUTI
17-Oct-2025 15:12:36,1.72 MB,https://nsearchives.nseindia.com/corporate/MARUTIASHISH_17102025150852_StxIntimationWBGST.pdf,"Maruti Suzuki India Limited has informed the Exchange about Intimation under Regulation 30 of SEBI (Listing Obligations & DisclosureRequirements) Regulations, 2015",,,General Updates,00:00:01,17102025151236,17-Oct-2025 15:12:37,1.72 MB,True,,,106411144,Automobiles - 4 Wheelers,INE585B01010,Maruti Suzuki India Limited,2025-10-17 15:12:36,MARUTI
10-Oct-2025 18:17:14,221.63 KB,https://nsearchives.nseindia.com/corporate/MARUTIASHISH_10102025181632_StxIntimation_ITAT_10Oct2025.pdf,"Maruti Suzuki India Limited has informed the Exchange about Intimation under Regulation 30 of SEBI (Listing Obligations & Disclosure Requirements) Regulations, 2015",,,General Updates,00:00:01,10102025181714,10-Oct-2025 18:17:15,221.63 KB,True,,,106404316,Automobiles - 4 Wheelers,INE585B01010,Maruti Suzuki India Limited,2025-10-10 18:17:14,MARUTI
01-Oct-2025 17:03:19,1.66 MB,https://nsearchives.nseindia.com/corporate/MARUTIASHISH_01102025165711_Prod_September2025.pdf,Maruti Suzuki India Limited has informed the Exchange about Maruti Suzuki Production Volume: September 2025,,,General Updates,00:00:01,01102025170319,01-Oct-2025 17:03:20,1.66 MB,True,,,106395481,Automobiles - 4 Wheelers,INE585B01010,Maruti Suzuki India Limited,2025-10-01 17:03:19,MARUTI
01-Oct-2025 16:16:37,1.61 MB,https://nsearchives.nseindia.com/corporate/MARUTIASHISH_01102025161308_PR_Sales_Sep_2025.pdf,"Maruti Suzuki India Limited has informed the Exchange regarding a press release dated October 01, 2025, titled ""Maruti Suzuki sales in September 2025"".",,,Press Release,00:00:01,01102025161637,01-Oct-2025 16:16:38,1.61 MB,True,,,106395406,Automobiles - 4 Wheelers,INE585B01010,Maruti Suzuki India Limited,2025-10-01 16:16:37,MARUTI
30-Sep-2025 10:35:53,3.12 MB,https://nsearchives.nseindia.com/corporate/MARUTIASHISH_30092025103349_Intimation_regarding_NP_Publication_30092025.pdf,Maruti Suzuki India Limited has informed the Exchange about Copy of Newspaper Publication,,,Copy of Newspaper Publication,00:00:01,30092025103553,30-Sep-2025 10:35:54,3.12 MB,True,,,106392418,Automobiles - 4 Wheelers,INE585B01010,Maruti Suzuki India Limited,2025-09-30 10:35:53,MARUTI
26-Sep-2025 17:06:33,322.65 KB,https://nsearchives.nseindia.com/corporate/MARUTIASHISH_26092025170346_IntimationTradingWindowClosureQ2_FY2025_26.pdf,"Maruti Suzuki India Limited has informed the Exchange regarding the Trading Window closure pursuant to SEBI (Prohibition of Insider Trading) Regulations, 2015",,,Trading Window,00:00:01,26092025170633,26-Sep-2025 17:06:34,322.65 KB,True,,,106387217,Automobiles - 4 Wheelers,INE585B01010,Maruti Suzuki India Limited,2025-09-26 17:06:33,MARUTI
19-Sep-2025 09:51:43,179.01 KB,https://nsearchives.nseindia.com/corporate/MARUTIASHISH_19092025094928_Intimation_CCI_Matter_19092025.pdf,"Maruti Suzuki India Limited has informed the Exchange about Intimation under Regulation 30 of the Securities and Exchange Board of India (Listing Obligations and Disclosure Requirements) Regulations, 2015",,,General Updates,00:00:01,19092025095143,19-Sep-2025 09:51:44,179.01 KB,True,,,106377737,Automobiles - 4 Wheelers,INE585B01010,Maruti Suzuki India Limited,2025-09-19 09:51:43,MARUTI
19-Sep-2025 09:35:09,270.75 KB,https://nsearchives.nseindia.com/corporate/MARUTIASHISH_19092025093438_Investor_Meeting_25_Sep_2025.pdf,Maruti Suzuki India Limited has informed the Exchange about Schedule of meet,,,Analysts/Institutional Investor Meet/Con. Call Updates,00:00:01,19092025093509,19-Sep-2025 09:35:10,270.75 KB,True,,,106377706,Automobiles - 4 Wheelers,INE585B01010,Maruti Suzuki India Limited,2025-09-19 09:35:09,MARUTI
18-Sep-2025 17:08:40,5.20 MB,https://nsearchives.nseindia.com/corporate/MARUTIASHISH_18092025170740_Intimation_CCI_Matter_18092025.pdf,"Maruti Suzuki India Limited has informed the Exchange about Intimation under Regulation 30 of The Securities and Exchange Board of India (Listing Obligations and Disclosure Requirements) Regulations, 2015",,,General Updates,00:00:01,18092025170840,18-Sep-2025 17:08:41,5.20 MB,True,,,106377086,Automobiles - 4 Wheelers,INE585B01010,Maruti Suzuki India Limited,2025-09-18 17:08:40,MARUTI
18-Sep-2025 13:52:37,3.81 MB,https://nsearchives.nseindia.com/corporate/MARUTIASHISH_18092025135149_Price_Reduction_18_09_2025.pdf,Maruti Suzuki India Limited has informed the Exchange about Intimation regarding reduction in automobile prices due to GST revision,,,General Updates,00:00:01,18092025135237,18-Sep-2025 13:52:38,3.81 MB,True,,,106376891,Automobiles - 4 Wheelers,INE585B01010,Maruti Suzuki India Limited,2025-09-18 13:52:37,MARUTI
15-Sep-2025 17:32:09,1.82 MB,https://nsearchives.nseindia.com/corporate/MARUTIASHISH_15092025172609_StxIntimation_VictoriousPrice.pdf,"Maruti Suzuki India Limited has informed the Exchange regarding a press release dated September 15, 2025, titled ""Maruti Suzuki announces introductory prices for the VICTORIS, starting at Rs. 10 49 900"".",,,Press Release,00:00:02,15092025173209,15-Sep-2025 17:32:11,1.82 MB,True,,,106373769,Automobiles - 4 Wheelers,INE585B01010,Maruti Suzuki India Limited,2025-09-15 17:32:09,MARUTI
15-Sep-2025 13:35:12,1.76 MB,https://nsearchives.nseindia.com/corporate/MARUTIASHISH_15092025132958_STxIntimation_ESGRating.pdf,Maruti Suzuki India Limited has informed the Exchange about ESG rating by Crisil ESG Ratings & Analytics Limited,,,General Updates,00:00:01,15092025133512,15-Sep-2025 13:35:13,1.76 MB,True,,,106373536,Automobiles - 4 Wheelers,INE585B01010,Maruti Suzuki India Limited,2025-09-15 13:35:12,MARUTI
14-Sep-2025 09:26:56,275.87 KB,https://nsearchives.nseindia.com/corporate/MARUTIASHISH_14092025092621_Investor_Meeting_18_19_Sep_2025.pdf,Maruti Suzuki India Limited has informed the Exchange about Schedule of meet,,,Analysts/Institutional Investor Meet/Con. Call Updates,00:00:00,14092025092656,14-Sep-2025 09:26:56,275.87 KB,True,,,106373113,Automobiles - 4 Wheelers,INE585B01010,Maruti Suzuki India Limited,2025-09-14 09:26:56,MARUTI
09-Sep-2025 12:47:54,3.39 MB,https://nsearchives.nseindia.com/corporate/MARUTIASHISH_09092025124413_SMC_TechnologyStrategy2025.pdf,Maruti Suzuki India Limited has informed the Exchange about Technology Strategy Briefing 2025,,,General Updates,00:00:02,09092025124754,09-Sep-2025 12:47:56,3.39 MB,True,,,106368766,Automobiles - 4 Wheelers,INE585B01010,Maruti Suzuki India Limited,2025-09-09 12:47:54,MARUTI
08-Sep-2025 17:22:29,1.64 MB,https://nsearchives.nseindia.com/corporate/MARUTIASHISH_08092025171838_Investor_Meeting_11_Sep_2025_signed.pdf,Maruti Suzuki India Limited has informed the Exchange about Schedule of meet,,,Analysts/Institutional Investor Meet/Con. Call Updates,00:00:01,08092025172229,08-Sep-2025 17:22:30,1.64 MB,True,,,106367796,Automobiles - 4 Wheelers,INE585B01010,Maruti Suzuki India Limited,2025-09-08 17:22:29,MARUTI
03-Sep-2025 13:24:17,1021.19 KB,https://nsearchives.nseindia.com/corporate/MARUTIASHISH_03092025131959_StxIntimation_VICTORIS.pdf,"Maruti Suzuki India Limited has informed the Exchange regarding a press release dated September 03, 2025, titled ""Maruti Suzuki launches the All-New VICTORIS, the SUV that s  Got It All "".",,,Press Release,00:00:01,03092025132417,03-Sep-2025 13:24:18,1021.19 KB,True,,,106361396,Automobiles - 4 Wheelers,INE585B01010,Maruti Suzuki India Limited,2025-09-03 13:24:17,MARUTI
01-Sep-2025 16:01:32,1.78 MB,https://nsearchives.nseindia.com/corporate/MARUTIASHISH_01092025155710_Intimation_Production_Aug_2025.pdf,Maruti Suzuki India Limited has informed the Exchange about Maruti Suzuki Production volume: August 2025,,,General Updates,00:00:01,01092025160132,01-Sep-2025 16:01:33,1.78 MB,True,,,106358291,Automobiles - 4 Wheelers,INE585B01010,Maruti Suzuki India Limited,2025-09-01 16:01:32,MARUTI
01-Sep-2025 14:59:15,1.76 MB,https://nsearchives.nseindia.com/corporate/MARUTIASHISH_01092025145627_PR_Sales_Aug_2025.pdf,"Maruti Suzuki India Limited has informed the Exchange regarding a press release dated September 01, 2025, titled ""Maruti Suzuki sales in August 2025"".",,,Press Release,00:00:02,01092025145915,01-Sep-2025 14:59:17,1.76 MB,True,,,106358190,Automobiles - 4 Wheelers,INE585B01010,Maruti Suzuki India Limited,2025-09-01 14:59:15,MARUTI
01-Sep-2025 13:56:56,10.88 MB,https://nsearchives.nseindia.com/corporate/MARUTIASHISH_01092025135104_SrcutinizersReport_VotingResults_AGM2025.pdf,"Maruti Suzuki India Limited has submitted the Exchange a copy Srutinizers report of  Annual General Meeting held on August 28, 2025. Further, the company has informed the Exchange regarding voting results.",,,Shareholders meeting,00:00:01,01092025135656,01-Sep-2025 13:56:57,10.88 MB,True,,,106358122,Automobiles - 4 Wheelers,INE585B01010,Maruti Suzuki India Limited,2025-09-01 13:56:56,MARUTI
30-Aug-2025 16:49:21,1.75 MB,https://nsearchives.nseindia.com/corporate/MARUTIASHISH_30082025164906_NewspaperAdvt_100DaysCampaign.pdf,Maruti Suzuki India Limited has informed the Exchange about Copy of Newspaper Publication,,,Copy of Newspaper Publication,00:00:00,30082025164921,30-Aug-2025 16:49:21,1.75 MB,True,,,106357095,Automobiles - 4 Wheelers,INE585B01010,Maruti Suzuki India Limited,2025-08-30 16:49:21,MARUTI
28-Aug-2025 13:37:51,6.14 MB,https://nsearchives.nseindia.com/corporate/MARUTI_28082025133136_Proceedings_44thAGM.pdf,"Maruti Suzuki India Limited has informed the Exchange regarding Proceedings of Annual General Meeting held on August 28, 2025",,,Shareholders meeting,00:00:01,28082025133751,28-Aug-2025 13:37:52,6.14 MB,True,,,106353980,Automobiles - 4 Wheelers,INE585B01010,Maruti Suzuki India Limited,2025-08-28 13:37:51,MARUTI
26-Aug-2025 18:38:31,272.99 KB,https://nsearchives.nseindia.com/corporate/MARUTIASHISH_26082025183815_Investor_Meeting_1_2_Sep_2025.pdf,Maruti Suzuki India Limited has informed the Exchange about Schedule of meet,,,Analysts/Institutional Investor Meet/Con. Call Updates,00:00:01,26082025183831,26-Aug-2025 18:38:32,272.99 KB,True,,,106352640,Automobiles - 4 Wheelers,INE585B01010,Maruti Suzuki India Limited,2025-08-26 18:38:31,MARUTI
26-Aug-2025 15:26:59,683.38 KB,https://nsearchives.nseindia.com/corporate/MARUTIASHISH_26082025152224_PressRelease_NarendraModi.pdf,"Maruti Suzuki India Limited has informed the Exchange regarding a press release dated August 26, 2025, titled ""Hon ble Prime Minister Shri Narendra Modi commemorates two historic firsts in India"".",,,Press Release,00:00:02,26082025152659,26-Aug-2025 15:27:01,683.38 KB,True,,,106352196,Automobiles - 4 Wheelers,INE585B01010,Maruti Suzuki India Limited,2025-08-26 15:26:59,MARUTI
22-Aug-2025 15:29:17,245.33 KB,https://nsearchives.nseindia.com/corporate/MARUTI_22082025152735_CCI_StxIntimation_22Aug2025.pdf,"Maruti Suzuki India Limited has informed the Exchange about Intimation under Regulation 30 of the Securities and Exchange Board of India (Listing Obligations and Disclosure Requirements) Regulations, 2015",,,General Updates,00:00:01,22082025152917,22-Aug-2025 15:29:18,245.33 KB,True,,,106349027,Automobiles - 4 Wheelers,INE585B01010,Maruti Suzuki India Limited,2025-08-22 15:29:17,MARUTI
12-Aug-2025 18:21:14,4.90 MB,https://nsearchives.nseindia.com/corporate/MARUTIASHISH_12082025181736_StxIntimation_CCI_12Aug2025.pdf,"Maruti Suzuki India Limited has informed the Exchange about Intimation under Regulation 30 of the Securities and Exchange Board of India (Listing Obligations and Disclosure Requirements) Regulations, 2015",,,General Updates,00:00:01,12082025182114,12-Aug-2025 18:21:15,4.90 MB,True,,,106337127,Automobiles - 4 Wheelers,INE585B01010,Maruti Suzuki India Limited,2025-08-12 18:21:14,MARUTI
10-Aug-2025 12:27:50,552.98 KB,https://nsearchives.nseindia.com/corporate/MARUTIASHISH_10082025122258_STxIntimation_PhantomBlaq.pdf,"Maruti Suzuki India Limited has informed the Exchange regarding a press release dated August 10, 2025, titled ""Maruti Suzuki Celebrates 10 Years of NEXA, Unveils Grand Vitara PHANTOM BLAQ Edition"".",,,Press Release,00:00:01,10082025122750,10-Aug-2025 12:27:51,552.98 KB,True,,,106333992,Automobiles - 4 Wheelers,INE585B01010,Maruti Suzuki India Limited,2025-08-10 12:27:50,MARUTI
10-Aug-2025 11:13:55,15.70 MB,https://nsearchives.nseindia.com/corporate/MARUTIASHISH_10082025110936_STxIntimation_NewspaperAdvt_10082025.pdf,"Maruti Suzuki India Limited has informed the Exchange about Newspaper advertisement for Notice of hearing of the petition in relation to the scheme of amalgamation of Suzuki Motor Gujarat Private Limited, a wholly owned subsidiary (Transferor Company), into and with Maruti Suzuki India Limited (Transferee Company)",,,Copy of Newspaper Publication,00:00:01,10082025111355,10-Aug-2025 11:13:56,15.70 MB,True,,,106333981,Automobiles - 4 Wheelers,INE585B01010,Maruti Suzuki India Limited,2025-08-10 11:13:55,MARUTI
06-Aug-2025 22:52:51,209.37 KB,https://nsearchives.nseindia.com/corporate/MARUTIASHISH_06082025224719_STxIntimation_Transcript31July2025.pdf,Maruti Suzuki India Limited has informed the Exchange about Transcript,,,Analysts/Institutional Investor Meet/Con. Call Updates,00:00:01,06082025225251,06-Aug-2025 22:52:52,209.37 KB,True,,,106328833,Automobiles - 4 Wheelers,INE585B01010,Maruti Suzuki India Limited,2025-08-06 22:52:51,MARUTI
06-Aug-2025 13:22:09,3.80 MB,https://nsearchives.nseindia.com/corporate/MARUTIASHISH_06082025132056_STxIntimation_NP_06Aug2025.pdf,Maruti Suzuki India Limited has informed the Exchange about Copy of Newspaper Publication,,,Copy of Newspaper Publication,00:00:01,06082025132209,06-Aug-2025 13:22:10,3.80 MB,True,,,106327397,Automobiles - 4 Wheelers,INE585B01010,Maruti Suzuki India Limited,2025-08-06 13:22:09,MARUTI
05-Aug-2025 21:56:48,432.29 KB,https://nsearchives.nseindia.com/corporate/MARUTIASHISH_05082025215507_STxIntimation_Weblink.pdf,Maruti Suzuki India Limited has informed the Exchange about Web   link of the Annual Report for the financial year 2024   25,,,General Updates,00:00:00,05082025215648,05-Aug-2025 21:56:48,432.29 KB,True,,,106326623,Automobiles - 4 Wheelers,INE585B01010,Maruti Suzuki India Limited,2025-08-05 21:56:48,MARUTI
05-Aug-2025 21:14:19,635.99 KB,https://nsearchives.nseindia.com/corporate/MARUTIASHISH_05082025211028_STXintimation_BRSR_2025.pdf,Maruti Suzuki India Limited has informed the Exchange about Business Responsibility and Sustainability Report (BRSR) for the financial year 2024-25,,,General Updates,00:00:01,05082025211419,05-Aug-2025 21:14:20,635.99 KB,True,,,106326582,Automobiles - 4 Wheelers,INE585B01010,Maruti Suzuki India Limited,2025-08-05 21:14:19,MARUTI
05-Aug-2025 20:51:39,27.62 MB,https://nsearchives.nseindia.com/corporate/MARUTIASHISH_05082025205113_STxIntimation_Notice_AR_05Aug2025.pdf,Maruti Suzuki India Limited has informed the Exchange about Shareholders meeting,,,Shareholders meeting,00:00:01,05082025205139,05-Aug-2025 20:51:40,27.62 MB,True,,,106326556,Automobiles - 4 Wheelers,INE585B01010,Maruti Suzuki India Limited,2025-08-05 20:51:39,MARUTI
04-Aug-2025 17:33:37,1.95 MB,https://nsearchives.nseindia.com/corporate/MARUTIASHISH_04082025172704_STxIntimation_OIO_4Aug2025.pdf,Maruti Suzuki India Limited has informed the Exchange about Action(s) taken or orders passed,,,Action(s) taken or orders passed,00:00:01,04082025173337,04-Aug-2025 17:33:38,1.95 MB,True,,,106324183,Automobiles - 4 Wheelers,INE585B01010,Maruti Suzuki India Limited,2025-08-04 17:33:37,MARUTI
01-Aug-2025 22:48:00,248.07 KB,https://nsearchives.nseindia.com/corporate/MARUTIASHISH_01082025224444_Intimation_GujaratGST_1Aug2025.pdf,"Maruti Suzuki India Limited has informed the Exchange about Intimation under Regulation 30 of SEBI (Listing Obligations & Disclosure Requirements) Regulations, 2015",,,General Updates,00:00:01,01082025224800,01-Aug-2025 22:48:01,248.07 KB,True,,,106322158,Automobiles - 4 Wheelers,INE585B01010,Maruti Suzuki India Limited,2025-08-01 22:48:00,MARUTI
01-Aug-2025 18:31:33,1.77 MB,https://nsearchives.nseindia.com/corporate/MARUTIASHISH_01082025182545_Production_July_2025.pdf,Maruti Suzuki India Limited has informed the Exchange about Maruti Suzuki Production volume: July 2025,,,General Updates,00:00:01,01082025183133,01-Aug-2025 18:31:34,1.77 MB,True,,,106321764,Automobiles - 4 Wheelers,INE585B01010,Maruti Suzuki India Limited,2025-08-01 18:31:33,MARUTI
01-Aug-2025 17:40:16,6.06 MB,https://nsearchives.nseindia.com/corporate/MARUTIASHISH_01082025173855_Newspaper_Publication_FS_30June2025.pdf,Maruti Suzuki India Limited has informed the Exchange about Copy of published results,,,Copy of Newspaper Publication,00:00:01,01082025174016,01-Aug-2025 17:40:17,6.06 MB,True,,,106321597,Automobiles - 4 Wheelers,INE585B01010,Maruti Suzuki India Limited,2025-08-01 17:40:16,MARUTI
01-Aug-2025 14:05:03,1.76 MB,https://nsearchives.nseindia.com/corporate/MARUTIASHISH_01082025140130_Sales_July_2025.pdf,"Maruti Suzuki India Limited has informed the Exchange regarding a press release dated August 01, 2025, titled ""Maruti Suzuki sales in July 2025"".",,,Press Release,00:00:00,01082025140503,01-Aug-2025 14:05:03,1.76 MB,True,,,106321002,Automobiles - 4 Wheelers,INE585B01010,Maruti Suzuki India Limited,2025-08-01 14:05:03,MARUTI
31-Jul-2025 22:07:39,237.86 KB,https://nsearchives.nseindia.com/corporate/MARUTIASHISH_31072025220724_Audio_Recording_31stJuly2025.pdf,Maruti Suzuki India Limited has informed the Exchange about Audio recording of the investors' call held on 31st July 2025,,,General Updates,00:00:01,31072025220739,31-Jul-2025 22:07:40,237.86 KB,True,,,106320200,Automobiles - 4 Wheelers,INE585B01010,Maruti Suzuki India Limited,2025-07-31 22:07:39,MARUTI
31-Jul-2025 19:02:03,3.13 MB,https://nsearchives.nseindia.com/corporate/MARUTIASHISH_31072025185951_Newspaper_initimation_30June2025.pdf,Maruti Suzuki India Limited has informed the Exchange about Copy of Newspaper Publication,,,Copy of Newspaper Publication,00:00:00,31072025190203,31-Jul-2025 19:02:03,3.13 MB,True,,,106319897,Automobiles - 4 Wheelers,INE585B01010,Maruti Suzuki India Limited,2025-07-31 19:02:03,MARUTI
31-Jul-2025 15:16:15,411.50 KB,https://nsearchives.nseindia.com/corporate/MARUTIASHISH_31072025151502_Investor_Presentation_30_06_2025.pdf,Maruti Suzuki India Limited has informed the Exchange about Investor Presentation,,,Investor Presentation,00:00:01,31072025151615,31-Jul-2025 15:16:16,411.50 KB,True,,,106319180,Automobiles - 4 Wheelers,INE585B01010,Maruti Suzuki India Limited,2025-07-31 15:16:15,MARUTI
31-Jul-2025 15:09:08,340.19 KB,https://nsearchives.nseindia.com/corporate/MARUTIASHISH_31072025150734_Press_Release_Financial_Results_30_06_2025.pdf,"Maruti Suzuki India Limited has informed the Exchange regarding a press release dated July 31, 2025, titled ""Maruti Suzuki Financial Results: Quarter 1 (April-June), FY 2025-26"".",,,Press Release,00:00:01,31072025150908,31-Jul-2025 15:09:09,340.19 KB,True,,,106319162,Automobiles - 4 Wheelers,INE585B01010,Maruti Suzuki India Limited,2025-07-31 15:09:08,MARUTI
31-Jul-2025 14:58:41,1.87 MB,https://nsearchives.nseindia.com/corporate/MARUTIASHISH_31072025145652_Results_30June2025.pdf,"Maruti Suzuki India Limited has submitted to the Exchange, the financial results for the period ended Jun 30, 2025.",,,Outcome of Board Meeting,00:00:02,31072025145841,31-Jul-2025 14:58:43,1.87 MB,True,,,106319141,Automobiles - 4 Wheelers,INE585B01010,Maruti Suzuki India Limited,2025-07-31 14:58:41,MARUTI
31-Jul-2025 12:04:48,292.75 KB,https://nsearchives.nseindia.com/corporate/MARUTIASHISH_31072025120333_14_Outcome_Amendment_to_MOA.pdf,Maruti Suzuki India Limited has informed the Exchange regarding the Amendment to AOA/MOA of the company.,,,Amendment to AOA/MOA,00:00:02,31072025120448,31-Jul-2025 12:04:50,292.75 KB,True,,,106318782,Automobiles - 4 Wheelers,INE585B01010,Maruti Suzuki India Limited,2025-07-31 12:04:48,MARUTI
31-Jul-2025 12:00:16,283.17 KB,https://nsearchives.nseindia.com/corporate/MARUTIASHISH_31072025115958_13_Outcome_Changes_in_Directorate_31072025.pdf,"Maruti Suzuki India Limited has informed the Exchange regarding Appointment of Mr Kenichiro Toyofuku as Whole-time Director designated as Director (Sustainability) of the Company w.e.f. December 05, 2025.",,,Appointment,00:00:01,31072025120016,31-Jul-2025 12:00:17,283.17 KB,True,,,106318774,Automobiles - 4 Wheelers,INE585B01010,Maruti Suzuki India Limited,2025-07-31 12:00:16,MARUTI
31-Jul-2025 11:55:01,305.71 KB,https://nsearchives.nseindia.com/corporate/MARUTIASHISH_31072025115329_12_Outcome_Appointment_of_Statutory_Auditor_31072025.pdf,"Maruti Suzuki India Limited has informed the Exchange regarding Appointment of Price Waterhouse Chartered Accountants LLP as Statutory Auditors of the Company w.e.f. August 28, 2025.",,,Appointment,00:00:01,31072025115501,31-Jul-2025 11:55:02,305.71 KB,True,,,106318766,Automobiles - 4 Wheelers,INE585B01010,Maruti Suzuki India Limited,2025-07-31 11:55:01,MARUTI
25-Jul-2025 13:12:51,1.66 MB,https://nsearchives.nseindia.com/corporate/MARUTIASHISH_25072025131045_STxIntimation_6AirbagsinFronx_25July2025.pdf,Maruti Suzuki India Limited has informed the Exchange about Standardization of 6 Airbags in Fronx,,,General Updates,00:00:01,25072025131251,25-Jul-2025 13:12:52,1.66 MB,True,,,106311684,Automobiles - 4 Wheelers,INE585B01010,Maruti Suzuki India Limited,2025-07-25 13:12:51,MARUTI
24-Jul-2025 17:58:58,3.82 MB,https://nsearchives.nseindia.com/corporate/MARUTIASHISH_24072025175658_STxIntimation_Newspaper_AGMNotice.pdf,Maruti Suzuki India Limited has informed the Exchange about Copy of Newspaper Publication,,,Copy of Newspaper Publication,00:00:01,24072025175858,24-Jul-2025 17:58:59,3.82 MB,True,,,106310815,Automobiles - 4 Wheelers,INE585B01010,Maruti Suzuki India Limited,2025-07-24 17:58:58,MARUTI
23-Jul-2025 21:52:32,212.21 KB,https://nsearchives.nseindia.com/corporate/MARUTIASHISH_23072025214922_CCI_StxIntimation_23July2025.pdf,"Maruti Suzuki India Limited has informed the Exchange about Intimation under Regulation 30 of the Securities and Exchange Board of India (Listing Obligations and Disclosure Requirements) Regulations, 2015",,,General Updates,00:00:01,23072025215232,23-Jul-2025 21:52:33,212.21 KB,True,,,106309660,Automobiles - 4 Wheelers,INE585B01010,Maruti Suzuki India Limited,2025-07-23 21:52:32,MARUTI
23-Jul-2025 16:23:09,1.62 MB,https://nsearchives.nseindia.com/corporate/MARUTIASHISH_23072025161606_Schedule_of_Conference_call.pdf,Maruti Suzuki India Limited has informed the Exchange about Schedule of meet,,,Analysts/Institutional Investor Meet/Con. Call Updates,00:00:01,23072025162309,23-Jul-2025 16:23:10,1.62 MB,True,,,106309128,Automobiles - 4 Wheelers,INE585B01010,Maruti Suzuki India Limited,2025-07-23 16:23:09,MARUTI
23-Jul-2025 15:17:01,1.65 MB,https://nsearchives.nseindia.com/corporate/MARUTIASHISH_23072025151247_STxIntimation_XL6.pdf,Maruti Suzuki India Limited has informed the Exchange about Introduction of 6 Airbags in XL6,,,General Updates,00:00:01,23072025151701,23-Jul-2025 15:17:02,1.65 MB,True,,,106309013,Automobiles - 4 Wheelers,INE585B01010,Maruti Suzuki India Limited,2025-07-23 15:17:01,MARUTI
16-Jul-2025 17:51:42,1.70 MB,https://nsearchives.nseindia.com/corporate/MARUTI_16072025174723_Standardization_of_6_Airbags.pdf,Maruti Suzuki India Limited has informed the Exchange about Standardization of 6 Airbags in Ertiga & Baleno,,,General Updates,00:00:01,16072025175142,16-Jul-2025 17:51:43,1.70 MB,False,,,106301910,Automobiles - 4 Wheelers,INE585B01010,Maruti Suzuki India Limited,2025-07-16 17:51:42,MARUTI
15-Jul-2025 16:58:39,4.54 MB,https://nsearchives.nseindia.com/corporate/MARUTIASHISH_15072025165403_STxIntimation_CCImatter_15July2025.pdf,"Maruti Suzuki India Limited has informed the Exchange about Intimation under Regulation 30 of the Securities and Exchange Board of India (Listing Obligations and Disclosure Requirements) Regulations, 2015",,,General Updates,00:00:01,15072025165839,15-Jul-2025 16:58:40,4.54 MB,False,,,106300505,Automobiles - 4 Wheelers,INE585B01010,Maruti Suzuki India Limited,2025-07-15 16:58:39,MARUTI
11-Jul-2025 19:03:19,2.10 MB,https://nsearchives.nseindia.com/corporate/MARUTIASHISH_11072025185839_STxintimation_TDScommunication_signed.pdf,Maruti Suzuki India Limited has informed the Exchange about Communication on deduction of Tax at Source,,,General Updates,00:00:01,11072025190319,11-Jul-2025 19:03:20,2.10 MB,False,,,106297453,Automobiles - 4 Wheelers,INE585B01010,Maruti Suzuki India Limited,2025-07-11 19:03:19,MARUTI
01-Jul-2025 18:58:25,1.62 MB,https://nsearchives.nseindia.com/corporate/MARUTIASHISH_01072025185423_Prod_June2025.pdf,Maruti Suzuki India Limited has informed the Exchange about Maruti Suzuki Production volume: June 2025,,,General Updates,00:00:01,01072025185825,01-Jul-2025 18:58:26,1.62 MB,False,,,106287024,Automobiles - 4 Wheelers,INE585B01010,Maruti Suzuki India Limited,2025-07-01 18:58:25,MARUTI
01-Jul-2025 16:25:08,1.62 MB,https://nsearchives.nseindia.com/corporate/MARUTIASHISH_01072025162026_Sales_June_2025.pdf,"Maruti Suzuki India Limited has informed the Exchange regarding a press release dated July 01, 2025, titled ""Maruti Suzuki sales in June 2025"".",,,Press Release,00:00:01,01072025162508,01-Jul-2025 16:25:09,1.62 MB,False,,,106286744,Automobiles - 4 Wheelers,INE585B01010,Maruti Suzuki India Limited,2025-07-01 16:25:08,MARUTI
26-Jun-2025 19:46:58,76.57 KB,https://nsearchives.nseindia.com/corporate/team_bbodade_28042025151220_MARUTI.pdf," . Suzuki Motor Corporation has Submitted to the Exchange a copy of Disclosure under Regulation 31(4) of the Securities and Exchange Board of India (Substantial Acquisition of Shares and Takeovers) Regulations, 2011.",,,Disclosure under SEBI Takeover Regulations,00:00:01,26062025194658,26-Jun-2025 19:46:59,76.57 KB,False,,,106213699,Automobiles - 4 Wheelers,INE585B01010,Maruti Suzuki India Limited,2025-06-26 19:46:58,MARUTI
20-Jun-2025 18:04:13,4.53 MB,https://nsearchives.nseindia.com/corporate/MARUTI_20062025180327_STxIntimation_NewspaperAdvt_IEPF_19June2025.pdf,Maruti Suzuki India Limited has informed the Exchange about copy of notice published in newspapers regarding transfer of equity shares of the Company to IEPF,,,Copy of Newspaper Publication,00:00:01,20062025180413,20-Jun-2025 18:04:14,4.53 MB,False,,,106274190,Automobiles - 4 Wheelers,INE585B01010,Maruti Suzuki India Limited,2025-06-20 18:04:13,MARUTI
20-Jun-2025 17:10:06,1.65 MB,https://nsearchives.nseindia.com/corporate/MARUTI_20062025170709_STxIntimation_TWClosure.pdf,"Maruti Suzuki India Limited has informed the Exchange regarding the Trading Window closure pursuant to SEBI (Prohibition of Insider Trading) Regulations, 2015",,,Trading Window,00:00:01,20062025171006,20-Jun-2025 17:10:07,1.65 MB,False,,,106274080,Automobiles - 4 Wheelers,INE585B01010,Maruti Suzuki India Limited,2025-06-20 17:10:06,MARUTI
19-Jun-2025 17:46:30,7.65 MB,https://nsearchives.nseindia.com/corporate/MARUTI_19062025174546_STXIntimation_ScrutinizersReport_VR_PB_19June2025.pdf,"Maruti Suzuki India Limited has submitted the Exchange a copy Srutinizers report of  Postal Ballot. Further, the company has informed the Exchange regarding voting results.",,,Shareholders meeting,00:00:02,19062025174630,19-Jun-2025 17:46:32,7.65 MB,False,,,106273068,Automobiles - 4 Wheelers,INE585B01010,Maruti Suzuki India Limited,2025-06-19 17:46:30,MARUTI
17-Jun-2025 18:05:43,1.67 MB,https://nsearchives.nseindia.com/corporate/MARUTIASHISH_17062025180403_Investor_Meeting_20June2025.pdf,Maruti Suzuki India Limited has informed the Exchange about Schedule of meet,,,Analysts/Institutional Investor Meet/Con. Call Updates,00:00:00,17062025180543,17-Jun-2025 18:05:43,1.67 MB,False,,,106271149,Automobiles - 4 Wheelers,INE585B01010,Maruti Suzuki India Limited,2025-06-17 18:05:43,MARUTI
17-Jun-2025 12:00:01,1.87 MB,https://nsearchives.nseindia.com/corporate/MARUTI_17062025115735_STxIntimation_GrandVitara_17June2025.pdf,"Maruti Suzuki India Limited has informed the Exchange regarding a press release dated Jun 17, 2025, titled ""Maruti Suzuki equips 2025 Grand Vitara S-CNG with 6 airbags and new premium features"".",,,Press Release,00:00:01,17062025120001,17-Jun-2025 12:00:02,1.87 MB,False,,,106270852,Automobiles - 4 Wheelers,INE585B01010,Maruti Suzuki India Limited,2025-06-17 12:00:01,MARUTI
12-Jun-2025 18:32:45,1.66 MB,https://nsearchives.nseindia.com/corporate/MARUTIASHISH_12062025183121_Intimation_ESG_rating_12June2025.pdf,Maruti Suzuki India Limited has informed the Exchange about ESG rating assigned by NSE Sustainability Ratings & Analytics Limited,,,General Updates,00:00:01,12062025183245,12-Jun-2025 18:32:46,1.66 MB,False,,,106268138,Automobiles - 4 Wheelers,INE585B01010,Maruti Suzuki India Limited,2025-06-12 18:32:45,MARUTI
11-Jun-2025 18:33:51,2.68 MB,https://nsearchives.nseindia.com/corporate/MARUTIASHISH_11062025182821_Intimation_First_Motion_Order_11_June_2025.pdf,"Maruti Suzuki India Limited has informed the Exchange about First motion order passed by Hon ble NCLT, Principal Bench (New Delhi) in relation to the scheme of amalgamation of Suzuki Motor Gujarat Private Limited, a wholly owned subsidiary (Transferor Company), into and with Maruti Suzuki India Limited (Transferee Company)",,,General Updates,00:00:01,11062025183351,11-Jun-2025 18:33:52,2.68 MB,False,,,106267215,Automobiles - 4 Wheelers,INE585B01010,Maruti Suzuki India Limited,2025-06-11 18:33:51,MARUTI
04-Jun-2025 10:15:38,750.15 KB,https://nsearchives.nseindia.com/corporate/MARUTI_04062025101327_PressRelease_SolarPower_4June2025.pdf,"Maruti Suzuki India Limited has informed the Exchange regarding a press release dated Jun 04, 2025, titled ""Maruti Suzuki expands solar capacity by 30MWp with new projects atKharkhoda and Manesar"".",,,Press Release,00:00:01,04062025101538,04-Jun-2025 10:15:39,750.15 KB,False,,,106261564,Automobiles - 4 Wheelers,INE585B01010,Maruti Suzuki India Limited,2025-06-04 10:15:38,MARUTI
02-Jun-2025 19:31:34,307.36 KB,https://nsearchives.nseindia.com/corporate/MARUTIASHISH_02062025192851_ProductionIntimation_May2025.pdf,Maruti Suzuki India Limited has informed the Exchange about Maruti Suzuki Production volume: May 2025,,,General Updates,00:00:01,02062025193134,02-Jun-2025 19:31:35,307.36 KB,False,,,106260155,Automobiles - 4 Wheelers,INE585B01010,Maruti Suzuki India Limited,2025-06-02 19:31:34,MARUTI
02-Jun-2025 08:35:19,315.60 KB,https://nsearchives.nseindia.com/corporate/MARUTIASHISH_02062025083231_Salesintimation_May2025.pdf,"Maruti Suzuki India Limited has informed the Exchange regarding a press release dated Jun 02, 2025, titled ""Maruti Suzuki sales in May 2025"".",,,Press Release,00:00:01,02062025083519,02-Jun-2025 08:35:20,315.60 KB,False,,,106259388,Automobiles - 4 Wheelers,INE585B01010,Maruti Suzuki India Limited,2025-06-02 08:35:19,MARUTI
25-May-2025 15:23:17,211.73 KB,https://nsearchives.nseindia.com/corporate/MARUTIASHISH_25052025151805_CCI_StxIntimation_25_May_2025.pdf,"Maruti Suzuki India Limited has informed the Exchange about Intimation under Regulation 30 of the Securities and Exchange Board of India (Listing Obligations and Disclosure Requirements) Regulations, 2015",,,General Updates,00:00:00,25052025152317,25-May-2025 15:23:17,211.73 KB,False,,,106247757,Automobiles - 4 Wheelers,INE585B01010,Maruti Suzuki India Limited,2025-05-25 15:23:17,MARUTI
21-May-2025 18:13:20,320.44 KB,https://nsearchives.nseindia.com/corporate/MARUTI_21052025181138_Investor_Meeting_3_4June_2025.pdf,Maruti Suzuki India Limited has informed the Exchange about Schedule of meet,,,Analysts/Institutional Investor Meet/Con. Call Updates,00:00:02,21052025181320,21-May-2025 18:13:22,320.44 KB,False,,,106242073,Automobiles - 4 Wheelers,INE585B01010,Maruti Suzuki India Limited,2025-05-21 18:13:20,MARUTI
17-May-2025 12:23:22,2.39 MB,https://nsearchives.nseindia.com/corporate/MARUTIASHISH_17052025122310_NP_initmation_PB_17May2025.pdf,Maruti Suzuki India Limited has informed the Exchange about Newspaper Notice - Postal Ballot/E-Voting,,,Copy of Newspaper Publication,00:00:01,17052025122322,17-May-2025 12:23:23,2.39 MB,False,,,106236525,Automobiles - 4 Wheelers,INE585B01010,Maruti Suzuki India Limited,2025-05-17 12:23:22,MARUTI
16-May-2025 15:19:34,,https://nsearchives.nseindia.com/corporate/MARUTIASHISH_16052025151844_STxinitimation_PostalBallot_16May2025.pdf,Maruti Suzuki India Limited has informed the Exchange regarding Notice of Postal Ballot,,,Shareholders meeting,00:00:00,16052025151934,16-May-2025 15:19:34,-,False,,,106235248,Automobiles - 4 Wheelers,INE585B01010,Maruti Suzuki India Limited,2025-05-16 15:19:34,MARUTI
15-May-2025 16:39:47,,https://nsearchives.nseindia.com/corporate/MARUTI_15052025163359_Investor_Meeting_20May_2025.pdf,Maruti Suzuki India Limited has informed the Exchange about Schedule of meet,,,Analysts/Institutional Investor Meet/Con. Call Updates,00:00:01,15052025163947,15-May-2025 16:39:48,-,False,,,106233357,Automobiles - 4 Wheelers,INE585B01010,Maruti Suzuki India Limited,2025-05-15 16:39:47,MARUTI
14-May-2025 13:40:22,,https://nsearchives.nseindia.com/corporate/MARUTIASHISH_14052025133650_Stxintimation_CCI_14May2025.pdf,"Maruti Suzuki India Limited has informed the Exchange about Intimation under Regulation 30 of the Securities and Exchange Board of India (Listing Obligations and Disclosure Requirements) Regulations, 2015",,,General Updates,00:00:00,14052025134022,14-May-2025 13:40:22,-,False,,,106230979,Automobiles - 4 Wheelers,INE585B01010,Maruti Suzuki India Limited,2025-05-14 13:40:22,MARUTI
12-May-2025 17:19:35,,https://nsearchives.nseindia.com/corporate/MARUTI_ROSA_53329_KMP_Doc.zip,MARUTI SUZUKI INDIA LIMITED has informed the Exchange about Resignation of Statutory Auditor,,,Resignation of Statutory Auditor,00:00:01,12052025171935,12-May-2025 17:19:36,-,False,,,106228274,Automobiles - 4 Wheelers,INE585B01010,Maruti Suzuki India Limited,2025-05-12 17:19:35,MARUTI
12-May-2025 16:21:58,,https://nsearchives.nseindia.com/corporate/MARUTI_12052025162119_STxintimation_ChangeinAuditors_SMG.pdf,Maruti Suzuki India Limited has informed the Exchange about Change in Statutory Auditors of wholly owned material subsidiary of the Company.,,,General Updates,00:00:01,12052025162158,12-May-2025 16:21:59,-,False,,,106228159,Automobiles - 4 Wheelers,INE585B01010,Maruti Suzuki India Limited,2025-05-12 16:21:58,MARUTI
12-May-2025 12:52:56,,https://nsearchives.nseindia.com/corporate/MARUTI_12052025125005_SMC_ConsoleResults.pdf,Maruti Suzuki India Limited has informed the Exchange about Consolidated financial results issued by Suzuki Motor Corporation in Japan,,,General Updates,00:00:00,12052025125256,12-May-2025 12:52:56,-,False,,,106227800,Automobiles - 4 Wheelers,INE585B01010,Maruti Suzuki India Limited,2025-05-12 12:52:56,MARUTI
12-May-2025 12:25:56,,https://nsearchives.nseindia.com/corporate/MARUTI_12052025122342_STxintimation_ChangeinAuditors.pdf,Maruti Suzuki India Limited has informed the Exchange regarding Change in Auditors of the company.,,,Change in Auditors,00:00:00,12052025122556,12-May-2025 12:25:56,-,False,,,106227737,Automobiles - 4 Wheelers,INE585B01010,Maruti Suzuki India Limited,2025-05-12 12:25:56,MARUTI
01-May-2025 17:27:11,,https://nsearchives.nseindia.com/corporate/MARUTIASHISH_01052025172102_Production_April_2025.pdf,Maruti Suzuki India Limited has informed the Exchange about Maruti Suzuki Production volume: April 2025,,,General Updates,00:00:01,01052025172711,01-May-2025 17:27:12,-,False,,,106217609,Automobiles - 4 Wheelers,INE585B01010,Maruti Suzuki India Limited,2025-05-01 17:27:11,MARUTI
01-May-2025 13:45:36,,https://nsearchives.nseindia.com/corporate/MARUTIASHISH_01052025134348_Sales_April_2025.pdf,"Maruti Suzuki India Limited has informed the Exchange regarding a press release dated May 01, 2025, titled ""Maruti Suzuki sales in April 2025"".",,,Press Release,00:00:00,01052025134536,01-May-2025 13:45:36,-,False,,,106217503,Automobiles - 4 Wheelers,INE585B01010,Maruti Suzuki India Limited,2025-05-01 13:45:36,MARUTI
01-May-2025 09:55:55,,https://nsearchives.nseindia.com/corporate/MARUTIASHISH_01052025095249_Transcript_25Apr2025.pdf,Maruti Suzuki India Limited has informed the Exchange about Transcript,,,Analysts/Institutional Investor Meet/Con. Call Updates,00:00:00,01052025095555,01-May-2025 09:55:55,-,False,,,106217407,Automobiles - 4 Wheelers,INE585B01010,Maruti Suzuki India Limited,2025-05-01 09:55:55,MARUTI
30-Apr-2025 12:30:07,,https://nsearchives.nseindia.com/corporate/MARUTI_30042025122343_Intimation_CCI_Matter_30042025.pdf,"Maruti Suzuki India Limited has informed the Exchange about Intimation under Regulation 30 of the Securities and Exchange Board of India (Listing Obligations and Disclosure Requirements) Regulations, 2015",,,General Updates,00:00:00,30042025123007,30-Apr-2025 12:30:07,-,False,,,106216212,Automobiles - 4 Wheelers,INE585B01010,Maruti Suzuki India Limited,2025-04-30 12:30:07,MARUTI
26-Apr-2025 12:52:28,,https://nsearchives.nseindia.com/corporate/MARUTIASHISH_26042025124858_PusblishedResults_Q4_2024_25.pdf,Maruti Suzuki India Limited has informed the Exchange about Copy of Newspaper Publication,,,Copy of Newspaper Publication,00:00:00,26042025125228,26-Apr-2025 12:52:28,-,False,,,106212889,Automobiles - 4 Wheelers,INE585B01010,Maruti Suzuki India Limited,2025-04-26 12:52:28,MARUTI
25-Apr-2025 23:33:17,,https://nsearchives.nseindia.com/corporate/MARUTIASHISH_25042025233023_Audio_Recording.pdf,Maruti Suzuki India Limited has informed the Exchange about the Audio recording of the investors' call held on 25th April 2025.,,,General Updates,00:00:00,25042025233317,25-Apr-2025 23:33:17,-,False,,,106212754,Automobiles - 4 Wheelers,INE585B01010,Maruti Suzuki India Limited,2025-04-25 23:33:17,MARUTI
25-Apr-2025 14:48:28,,https://nsearchives.nseindia.com/corporate/MARUTI_25042025144601_3_Results_Q4_25.pdf,Maruti Suzuki India Limited has informed the Exchange that Record date for the purpose of Dividend  is 01-Aug-2025.,,,Record Date,00:00:00,25042025144828,25-Apr-2025 14:48:28,-,False,,,106211890,Automobiles - 4 Wheelers,INE585B01010,Maruti Suzuki India Limited,2025-04-25 14:48:28,MARUTI
25-Apr-2025 14:43:22,,https://nsearchives.nseindia.com/corporate/MARUTI_25042025144238_6_Submission_of_Code_of_Fair_Disclosure_25042025.pdf,"Maruti Suzuki India Limited has informed the Exchange regarding 'Amendment in ""Code of Practices and Procedures for Fair Disclosure of Unpublished Price Sensitive Information'.",,,Updates,00:00:00,25042025144322,25-Apr-2025 14:43:22,-,False,,,106211884,Automobiles - 4 Wheelers,INE585B01010,Maruti Suzuki India Limited,2025-04-25 14:43:22,MARUTI
25-Apr-2025 14:34:20,,https://nsearchives.nseindia.com/corporate/MARUTI_25042025143259_Presentation_signed.pdf,Maruti Suzuki India Limited has informed the Exchange about Investor Presentation,,,Investor Presentation,00:00:01,25042025143420,25-Apr-2025 14:34:21,-,False,,,106211872,Automobiles - 4 Wheelers,INE585B01010,Maruti Suzuki India Limited,2025-04-25 14:34:20,MARUTI
25-Apr-2025 14:28:52,,https://nsearchives.nseindia.com/corporate/MARUTI_25042025142830_PR_signed.pdf,"Maruti Suzuki India Limited has informed the Exchange regarding a press release dated April 25, 2025, titled ""Press Release on the annual financial results for the year ended on 31st March 2025"".",,,Press Release,00:00:00,25042025142852,25-Apr-2025 14:28:52,-,False,,,106211863,Automobiles - 4 Wheelers,INE585B01010,Maruti Suzuki India Limited,2025-04-25 14:28:52,MARUTI
25-Apr-2025 14:19:50,,https://nsearchives.nseindia.com/corporate/MARUTI_25042025141524_3_Results_Q4_25.pdf,"Maruti Suzuki India Limited has informed the Exchange that Board of Directors at its meeting held on April 25, 2025, recommended Final Dividend of Rs. 135 per equity share.",,,Dividend,00:00:00,25042025141950,25-Apr-2025 14:19:50,-,False,,,106211854,Automobiles - 4 Wheelers,INE585B01010,Maruti Suzuki India Limited,2025-04-25 14:19:50,MARUTI
25-Apr-2025 14:13:01,,https://nsearchives.nseindia.com/corporate/MARUTI_25042025140411_3_Results_Q4_25.pdf,"Maruti Suzuki India Limited has informed the Exchange regarding Outcome of Board Meeting held on April 25, 2025.",,,Outcome of Board Meeting,00:00:01,25042025141301,25-Apr-2025 14:13:02,-,False,,,106211850,Automobiles - 4 Wheelers,INE585B01010,Maruti Suzuki India Limited,2025-04-25 14:13:01,MARUTI
25-Apr-2025 12:24:19,,https://nsearchives.nseindia.com/corporate/MARUTIASHISH_25042025122349_2_Appointment_of_Secretarial_Auditor_25042025.pdf,Maruti Suzuki India Limited has informed the Exchange about Appointment of Secretarial Auditors,,,General Updates,00:00:01,25042025122419,25-Apr-2025 12:24:20,-,False,,,106211658,Automobiles - 4 Wheelers,INE585B01010,Maruti Suzuki India Limited,2025-04-25 12:24:19,MARUTI
25-Apr-2025 12:09:38,,https://nsearchives.nseindia.com/corporate/MARUTIASHISH_25042025120919_1_Changes_in_Directorate_25042025.pdf,Maruti Suzuki India Limited has informed the Exchange regarding Change in Director(s) of the company.,,,Change in Director(s),00:00:01,25042025120938,25-Apr-2025 12:09:39,-,False,,,106211640,Automobiles - 4 Wheelers,INE585B01010,Maruti Suzuki India Limited,2025-04-25 12:09:38,MARUTI
18-Apr-2025 17:51:49,,https://nsearchives.nseindia.com/corporate/MARUTIASHISH_18042025174913_Initimation_Conference_Call_25_April_2025.pdf,Maruti Suzuki India Limited has informed the Exchange about Schedule of meet,,,Analysts/Institutional Investor Meet/Con. Call Updates,00:00:01,18042025175149,18-Apr-2025 17:51:50,-,False,,,106205739,Automobiles - 4 Wheelers,INE585B01010,Maruti Suzuki India Limited,2025-04-18 17:51:49,MARUTI
15-Apr-2025 11:35:56,,https://nsearchives.nseindia.com/corporate/MARUTIASHISH_15042025113448_Intimation_CCI_Matter_15042025.pdf,"Maruti Suzuki India Limited has informed the Exchange about Intimation under Regulation 30 of the Securities and Exchange Board of India (Listing Obligations and Disclosure Requirements) Regulations, 2015",,,General Updates,00:00:00,15042025113556,15-Apr-2025 11:35:56,-,False,,,106202036,Automobiles - 4 Wheelers,INE585B01010,Maruti Suzuki India Limited,2025-04-15 11:35:56,MARUTI
14-Apr-2025 15:15:41,,https://nsearchives.nseindia.com/corporate/MARUTI_14042025151255_Intimation_CCI_Matter.pdf,"Maruti Suzuki India Limited has informed the Exchange about  Intimation under Regulation 30 of the Securities and Exchange Board of India (Listing Obligations and Disclosure Requirements) Regulations, 2015",,,General Updates,00:00:01,14042025151541,14-Apr-2025 15:15:42,-,False,,,106201566,Automobiles - 4 Wheelers,INE585B01010,Maruti Suzuki India Limited,2025-04-14 15:15:41,MARUTI
08-Apr-2025 11:41:58,,https://nsearchives.nseindia.com/corporate/MARUTI_08042025113509_PressRelease_GrandVitara_6Airbags_signed.pdf,"Maruti Suzuki India Limited has informed the Exchange regarding a press release dated April 08, 2025, titled ""Maruti Suzuki Grand Vitara updated with 6 Airbags as standard & new premium features"".",,,Press Release,00:00:01,08042025114158,08-Apr-2025 11:41:59,-,False,,,106197002,Automobiles - 4 Wheelers,INE585B01010,Maruti Suzuki India Limited,2025-04-08 11:41:58,MARUTI
02-Apr-2025 16:44:50,,https://nsearchives.nseindia.com/corporate/MARUTI_02042025164302_Advance_intimation_on_price_increase_2Apr2025.pdf,Maruti Suzuki India Limited has informed the Exchange about Advance intimation regarding Price Increase,,,General Updates,00:00:01,02042025164450,02-Apr-2025 16:44:51,-,False,,,106192132,Automobiles - 4 Wheelers,INE585B01010,Maruti Suzuki India Limited,2025-04-02 16:44:50,MARUTI
01-Apr-2025 18:29:00,,https://nsearchives.nseindia.com/corporate/MARUTI_01042025182516_Production_Mar_2025.pdf,Maruti Suzuki India Limited has informed the Exchange about Maruti Suzuki Production volume: March 2025,,,General Updates,00:00:01,01042025182900,01-Apr-2025 18:29:01,-,False,,,106191265,Automobiles - 4 Wheelers,INE585B01010,Maruti Suzuki India Limited,2025-04-01 18:29:00,MARUTI
01-Apr-2025 13:57:44,,https://nsearchives.nseindia.com/corporate/MARUTI_01042025135414_Sales_Mar_2025_signed.pdf,"Maruti Suzuki India Limited has informed the Exchange regarding a press release dated April 01, 2025, titled ""Maruti Suzuki sales in March 2025 and FY 2024-25"".",,,Press Release,00:00:01,01042025135744,01-Apr-2025 13:57:45,-,False,,,106190906,Automobiles - 4 Wheelers,INE585B01010,Maruti Suzuki India Limited,2025-04-01 13:57:44,MARUTI
27-Mar-2025 16:51:45,,https://nsearchives.nseindia.com/corporate/MARUTI_27032025165101_TWClosure_initimation_Q4_FY_2024_25_signed.pdf,"Maruti Suzuki India Limited has informed the Exchange regarding the Trading Window closure pursuant to SEBI (Prohibition of Insider Trading) Regulations, 2015",,,Trading Window,00:00:01,27032025165145,27-Mar-2025 16:51:46,-,False,,,106185871,Automobiles - 4 Wheelers,INE585B01010,Maruti Suzuki India Limited,2025-03-27 16:51:45,MARUTI
26-Mar-2025 16:45:07,,https://nsearchives.nseindia.com/corporate/MARUTI_26032025163830_Cessation_as_SMP.pdf,Maruti Suzuki India Limited has informed the Exchange about change in Management,,,Change in Management,00:00:01,26032025164507,26-Mar-2025 16:45:08,-,False,,,106183650,Automobiles - 4 Wheelers,INE585B01010,Maruti Suzuki India Limited,2025-03-26 16:45:07,MARUTI
26-Mar-2025 13:34:05,,https://nsearchives.nseindia.com/corporate/MARUTI_26032025133330_Intimation_Capacity_addition.pdf,Maruti Suzuki India Limited has informed the Exchange about Capacity addition,,,Capacity addition,00:00:01,26032025133405,26-Mar-2025 13:34:06,-,False,,,106182925,Automobiles - 4 Wheelers,INE585B01010,Maruti Suzuki India Limited,2025-03-26 13:34:05,MARUTI
26-Mar-2025 13:31:25,,https://nsearchives.nseindia.com/corporate/MARUTI_26032025133035_Intimation_AppointmentofSMP_Mr_T_Sahoo.pdf,Maruti Suzuki India Limited has informed the Exchange about change in Management,,,Change in Management,00:00:01,26032025133125,26-Mar-2025 13:31:26,-,False,,,106182920,Automobiles - 4 Wheelers,INE585B01010,Maruti Suzuki India Limited,2025-03-26 13:31:25,MARUTI
26-Mar-2025 13:27:12,,https://nsearchives.nseindia.com/corporate/MARUTI_26032025132556_Intimation_AppofWTD_Mr_S_Kakkar.pdf,"Maruti Suzuki India Limited has informed the Exchange regarding Appointment of Mr Sunil Kakkar as Other of the company w.e.f. April 01, 2025.",,,Appointment,00:00:01,26032025132712,26-Mar-2025 13:27:13,-,False,,,106182913,Automobiles - 4 Wheelers,INE585B01010,Maruti Suzuki India Limited,2025-03-26 13:27:12,MARUTI
25-Mar-2025 21:11:46,,https://nsearchives.nseindia.com/corporate/MARUTIASHISH_25032025210355_Draft_intimation_Assessment_Order_IT_Authority.pdf,Maruti Suzuki India Limited has informed the Exchange about Pendency of Litigation(s)/dispute(s) or the outcome impacting the Company,,,Pendency of Litigation(s)/dispute(s) or the outcome impacting the Company,00:00:01,25032025211146,25-Mar-2025 21:11:47,-,False,,,106182035,Automobiles - 4 Wheelers,INE585B01010,Maruti Suzuki India Limited,2025-03-25 21:11:46,MARUTI
25-Mar-2025 13:22:55,,https://nsearchives.nseindia.com/corporate/MARUTIASHISH_25032025131810_PostalBallot_Results_Signed.pdf,"Maruti Suzuki India Limited has submitted the Exchange a copy Srutinizers report of  Postal Ballot. Further, the company has informed the Exchange regarding voting results.",,,Shareholders meeting,00:00:01,25032025132255,25-Mar-2025 13:22:56,-,False,,,106181015,Automobiles - 4 Wheelers,INE585B01010,Maruti Suzuki India Limited,2025-03-25 13:22:55,MARUTI
19-Mar-2025 11:20:29,,https://nsearchives.nseindia.com/corporate/MARUTIASHISH_19032025111837_Intimation_OIO_Customs_18_3_2025_signed.pdf,"Maruti Suzuki India Limited has informed the Exchange about  Intimation under Regulation 30 of SEBI (Listing Obligations & Disclosure Requirements) Regulations, 2015",,,General Updates,00:00:01,19032025112029,19-Mar-2025 11:20:30,-,False,,,106175497,Automobiles - 4 Wheelers,INE585B01010,Maruti Suzuki India Limited,2025-03-19 11:20:29,MARUTI
17-Mar-2025 09:48:17,,https://nsearchives.nseindia.com/corporate/MARUTI_17032025094409_AdvanceintimationPriceIncrease_Apr2025.pdf,Maruti Suzuki India Limited has informed the Exchange about Advance intimation regarding Price Increase,,,General Updates,00:00:00,17032025094817,17-Mar-2025 09:48:17,-,False,,,106173368,Automobiles - 4 Wheelers,INE585B01010,Maruti Suzuki India Limited,2025-03-17 09:48:17,MARUTI
04-Mar-2025 09:47:11,,https://nsearchives.nseindia.com/corporate/MARUTI_04032025094450_PR_Supercarryvehicle_signed.pdf,"Maruti Suzuki India Limited has informed the Exchange regarding a press release dated March 04, 2025, titled ""Maruti Suzuki Super Carry becomes first model in its segment*to introduceElectronic Stability Program (ESP?)"".",,,Press Release,00:00:01,04032025094711,04-Mar-2025 09:47:12,-,False,,,106164641,Automobiles - 4 Wheelers,INE585B01010,Maruti Suzuki India Limited,2025-03-04 09:47:11,MARUTI
01-Mar-2025 12:37:46,,https://nsearchives.nseindia.com/corporate/MARUTIASHISH_01032025123603_Prod_Feb_2025_signed.pdf,Maruti Suzuki India Limited has informed the Exchange about Maruti Suzuki Production volume: February 2025,,,General Updates,00:00:01,01032025123746,01-Mar-2025 12:37:47,-,False,,,106163349,Automobiles - 4 Wheelers,INE585B01010,Maruti Suzuki India Limited,2025-03-01 12:37:46,MARUTI
01-Mar-2025 12:11:14,,https://nsearchives.nseindia.com/corporate/MARUTIASHISH_01032025120821_Sales_Feb_2025_signed.pdf,"Maruti Suzuki India Limited has informed the Exchange regarding a press release dated March 01, 2025, titled ""Maruti Suzuki sales in February 2025"".",,,Press Release,00:00:01,01032025121114,01-Mar-2025 12:11:15,-,False,,,106163335,Automobiles - 4 Wheelers,INE585B01010,Maruti Suzuki India Limited,2025-03-01 12:11:14,MARUTI
28-Feb-2025 16:59:08,,https://nsearchives.nseindia.com/corporate/MARUTIASHISH_28022025165657_Investor_Meeting_7_Mar_2025.pdf,Maruti Suzuki India Limited has informed the Exchange about Schedule of meet,,,Analysts/Institutional Investor Meet/Con. Call Updates,00:00:01,28022025165908,28-Feb-2025 16:59:09,-,False,,,106162695,Automobiles - 4 Wheelers,INE585B01010,Maruti Suzuki India Limited,2025-02-28 16:59:08,MARUTI
28-Feb-2025 16:52:43,,https://nsearchives.nseindia.com/corporate/MARUTIASHISH_28022025164806_Investor_Meeting_5_6_Mar_2025.pdf,Maruti Suzuki India Limited has informed the Exchange about Schedule of meet,,,Analysts/Institutional Investor Meet/Con. Call Updates,00:00:01,28022025165243,28-Feb-2025 16:52:44,-,False,,,106162680,Automobiles - 4 Wheelers,INE585B01010,Maruti Suzuki India Limited,2025-02-28 16:52:43,MARUTI
28-Feb-2025 16:20:44,,https://nsearchives.nseindia.com/corporate/MARUTI_28022025161320_Intimation_Alto_K10_6_air_bag.pdf,"Maruti Suzuki India Limited has informed the Exchange regarding a press release dated February 28, 2025, titled ""Smarter technologies, safer journeys: Maruti Suzuki Alto K10 now with 6airbags across all variants"".",,,Press Release,00:00:01,28022025162044,28-Feb-2025 16:20:45,-,False,,,106162640,Automobiles - 4 Wheelers,INE585B01010,Maruti Suzuki India Limited,2025-02-28 16:20:44,MARUTI
25-Feb-2025 09:29:54,,https://nsearchives.nseindia.com/corporate/MARUTI_25022025092241_Final_intimation_Commercial_Production.pdf,Maruti Suzuki India Limited has informed the Exchange about Commencement of commercial production/operations,,,Commencement of commercial production/operations,00:00:01,25022025092954,25-Feb-2025 09:29:55,-,False,,,106159952,Automobiles - 4 Wheelers,INE585B01010,Maruti Suzuki India Limited,2025-02-25 09:29:54,MARUTI
20-Feb-2025 07:12:10,,https://nsearchives.nseindia.com/corporate/MARUTI_20022025070748_Final_new_MTP_signed.pdf,Maruti Suzuki India Limited has informed the Exchange about Announcement - New Mid-Term Management Plan,,,General Updates,00:00:00,20022025071210,20-Feb-2025 07:12:10,-,False,,,106156722,Automobiles - 4 Wheelers,INE585B01010,Maruti Suzuki India Limited,2025-02-20 07:12:10,MARUTI
18-Feb-2025 16:36:29,,https://nsearchives.nseindia.com/corporate/MARUTI_18022025163602_NP_intimation_PB_18_Feb_2025.pdf,Maruti Suzuki India Limited has informed the Exchange about Copy of Newspaper Publication,,,Copy of Newspaper Publication,00:00:01,18022025163629,18-Feb-2025 16:36:30,-,False,,,106155325,Automobiles - 4 Wheelers,INE585B01010,Maruti Suzuki India Limited,2025-02-18 16:36:29,MARUTI
17-Feb-2025 17:26:16,,https://nsearchives.nseindia.com/corporate/MARUTI_17022025172205_Notice_of_postal_ballot_signed_2025.pdf,Maruti Suzuki India Limited has informed the Exchange regarding Notice of Postal Ballot,,,Shareholders meeting,00:00:01,17022025172616,17-Feb-2025 17:26:17,-,False,,,106154250,Automobiles - 4 Wheelers,INE585B01010,Maruti Suzuki India Limited,2025-02-17 17:26:16,MARUTI
11-Feb-2025 17:03:42,,https://nsearchives.nseindia.com/corporate/MARUTI_11022025165850_1_Stx_Intimation_Scheme.pdf,Maruti Suzuki India Limited has informed the Exchange regarding 'Scheme of Amalgamation'.,,,Updates,00:00:01,11022025170342,11-Feb-2025 17:03:43,-,False,,,106146385,Automobiles - 4 Wheelers,INE585B01010,Maruti Suzuki India Limited,2025-02-11 17:03:42,MARUTI
07-Feb-2025 16:40:13,,https://nsearchives.nseindia.com/corporate/MARUTI_07022025163525_CCI_14Feb2025.pdf,"Maruti Suzuki India Limited has informed the Exchange about Intimation under Regulation 30 of the Securities and Exchange Board of India (Listing Obligations and Disclosure Requirements) Regulations, 2015",,,General Updates,00:00:01,07022025164013,07-Feb-2025 16:40:14,-,False,,,106141937,Automobiles - 4 Wheelers,INE585B01010,Maruti Suzuki India Limited,2025-02-07 16:40:13,MARUTI
07-Feb-2025 15:53:31,,https://nsearchives.nseindia.com/corporate/MARUTI_07022025154947_Investor_Meeting_14Feb2024.pdf,Maruti Suzuki India Limited has informed the Exchange about Schedule of meet,,,Analysts/Institutional Investor Meet/Con. Call Updates,00:00:01,07022025155331,07-Feb-2025 15:53:32,-,False,,,106141773,Automobiles - 4 Wheelers,INE585B01010,Maruti Suzuki India Limited,2025-02-07 15:53:31,MARUTI
04-Feb-2025 20:42:02,,https://nsearchives.nseindia.com/corporate/MARUTIASHISH_04022025203538_Investor_Meeting_signed.pdf,Maruti Suzuki India Limited has informed the Exchange about Schedule of meet,,,Analysts/Institutional Investor Meet/Con. Call Updates,00:00:01,04022025204202,04-Feb-2025 20:42:03,-,False,,,106136977,Automobiles - 4 Wheelers,INE585B01010,Maruti Suzuki India Limited,2025-02-04 20:42:02,MARUTI
04-Feb-2025 20:17:56,,https://nsearchives.nseindia.com/corporate/MARUTIASHISH_04022025201649_Intimation_Transacript_of_investors_call.pdf,Maruti Suzuki India Limited has informed the Exchange about Transcript,,,Analysts/Institutional Investor Meet/Con. Call Updates,00:00:01,04022025201756,04-Feb-2025 20:17:57,-,False,,,106136951,Automobiles - 4 Wheelers,INE585B01010,Maruti Suzuki India Limited,2025-02-04 20:17:56,MARUTI
01-Feb-2025 15:12:15,,https://nsearchives.nseindia.com/corporate/MARUTI_01022025150810_Production_Jan_2025.pdf,Maruti Suzuki India Limited has informed the Exchange about Maruti Suzuki Production volume: January 2025,,,General Updates,00:00:00,01022025151215,01-Feb-2025 15:12:15,-,False,,,106133365,Automobiles - 4 Wheelers,INE585B01010,Maruti Suzuki India Limited,2025-02-01 15:12:15,MARUTI
01-Feb-2025 11:59:42,,https://nsearchives.nseindia.com/corporate/MARUTI_01022025115546_Sales_Jan_2025.pdf,"Maruti Suzuki India Limited has informed the Exchange regarding a press release dated February 01, 2025, titled ""Maruti Suzuki sales in January 2025"".",,,Press Release,00:00:01,01022025115942,01-Feb-2025 11:59:43,-,False,,,106133165,Automobiles - 4 Wheelers,INE585B01010,Maruti Suzuki India Limited,2025-02-01 11:59:42,MARUTI
30-Jan-2025 14:02:54,,https://nsearchives.nseindia.com/corporate/MARUTI_30012025140026_Newspaper_intimation_Q3_FY2024_25.pdf,Maruti Suzuki India Limited has informed the Exchange about Copy of Newspaper Publication,,,Copy of Newspaper Publication,00:00:01,30012025140254,30-Jan-2025 14:02:55,-,False,,,106130182,Automobiles - 4 Wheelers,INE585B01010,Maruti Suzuki India Limited,2025-01-30 14:02:54,MARUTI
29-Jan-2025 21:37:54,,https://nsearchives.nseindia.com/corporate/MARUTIASHISH_29012025213340_Integrated_Results.pdf,"Integrated Filing (Financial) for the quarter ended on 31st December, 2024",,,Integrated Filing- Financial,00:00:01,29012025213754,29-Jan-2025 21:37:55,-,False,,,106129396,Automobiles - 4 Wheelers,INE585B01010,Maruti Suzuki India Limited,2025-01-29 21:37:54,MARUTI
29-Jan-2025 19:33:03,,https://nsearchives.nseindia.com/corporate/MARUTIASHISH_29012025192851_Audio_Recording_signed.pdf,"Maruti Suzuki India Limited has informed the Exchange about audio recording of the investors' call held on 29th January, 2025",,,General Updates,00:00:01,29012025193303,29-Jan-2025 19:33:04,-,False,,,106129257,Automobiles - 4 Wheelers,INE585B01010,Maruti Suzuki India Limited,2025-01-29 19:33:03,MARUTI
29-Jan-2025 14:07:22,,https://nsearchives.nseindia.com/corporate/MARUTI_29012025140506_Investor_Presentation.pdf,"Maruti Suzuki India Limited has informed the Exchange about Investor Presentation on the financial results for the quarter ended on 31st December, 2024",,,General Updates,00:00:00,29012025140722,29-Jan-2025 14:07:22,-,False,,,106128555,Automobiles - 4 Wheelers,INE585B01010,Maruti Suzuki India Limited,2025-01-29 14:07:22,MARUTI
29-Jan-2025 13:51:47,,https://nsearchives.nseindia.com/corporate/MARUTI_29012025134959_Press_Release.pdf,"Maruti Suzuki India Limited has informed the Exchange regarding a press release dated January 29, 2025, titled ""Press release on the financial results for the quarter ended on 31st December, 2024"".",,,Press Release,00:00:01,29012025135147,29-Jan-2025 13:51:48,-,False,,,106128537,Automobiles - 4 Wheelers,INE585B01010,Maruti Suzuki India Limited,2025-01-29 13:51:47,MARUTI
29-Jan-2025 13:38:42,,https://nsearchives.nseindia.com/corporate/Results_29012025133842.pdf," Maruti Suzuki India Limited has submitted to the Exchange, the financial results for the period ended December 31, 2024.",,,Financial Result Updates,00:00:00,29012025133842,29-Jan-2025 13:38:42,-,False,,,168752,Automobiles - 4 Wheelers,INE585B01010,Maruti Suzuki India Limited,2025-01-29 13:38:42,MARUTI
29-Jan-2025 12:43:29,,https://nsearchives.nseindia.com/corporate/MARUTI_29012025123930_Outcome_for_Amalgamation.pdf,"Maruti Suzuki India Limited has informed the Exchange regarding  Board meeting held on January 29, 2025, regarding amalgamation of Suzuki Motor Gujarat Private Limited, a wholly owned subsidiary with Maruti Suzuki India Limited",,,Outcome of Board Meeting,00:00:01,29012025124329,29-Jan-2025 12:43:30,-,False,,,106128440,Automobiles - 4 Wheelers,INE585B01010,Maruti Suzuki India Limited,2025-01-29 12:43:29,MARUTI
29-Jan-2025 12:34:25,,https://nsearchives.nseindia.com/corporate/MARUTI_29012025123345_Outcome_Changes_in_Directorate_29012025.pdf,Maruti Suzuki India Limited has informed the Exchange regarding Change in Director(s) of the company.,,,Change in Director(s),00:00:01,29012025123425,29-Jan-2025 12:34:26,-,False,,,106128429,Automobiles - 4 Wheelers,INE585B01010,Maruti Suzuki India Limited,2025-01-29 12:34:25,MARUTI
28-Jan-2025 14:04:34,,https://nsearchives.nseindia.com/corporate/MARUTI_28012025135828_Order_28012025.pdf,Maruti Suzuki India Limited has informed the Exchange about Action(s) taken or orders passed,,,Action(s) taken or orders passed,00:00:00,28012025140434,28-Jan-2025 14:04:34,-,False,,,106126932,Automobiles - 4 Wheelers,INE585B01010,Maruti Suzuki India Limited,2025-01-28 14:04:34,MARUTI
24-Jan-2025 15:41:06,,https://nsearchives.nseindia.com/corporate/MARUTIASHISH_24012025153633_Initimation_Conference_Call_29_Jan_2025.pdf,Maruti Suzuki India Limited has informed the Exchange about Schedule of meet,,,Analysts/Institutional Investor Meet/Con. Call Updates,00:00:01,24012025154106,24-Jan-2025 15:41:07,-,False,,,106123840,Automobiles - 4 Wheelers,INE585B01010,Maruti Suzuki India Limited,2025-01-24 15:41:06,MARUTI
23-Jan-2025 14:59:14,,https://nsearchives.nseindia.com/corporate/MARUTIASHISH_23012025145609_Advance_intimation_price_increase_1Feb25.pdf,Maruti Suzuki India Limited has informed the Exchange about Advance intimation regarding Price Increase,,,General Updates,00:00:00,23012025145914,23-Jan-2025 14:59:14,-,False,,,106122359,Automobiles - 4 Wheelers,INE585B01010,Maruti Suzuki India Limited,2025-01-23 14:59:14,MARUTI
17-Jan-2025 13:30:12,,https://nsearchives.nseindia.com/corporate/MARUTIASHISH_17012025132819_UnveilofeVitara_17012025.pdf,"Maruti Suzuki India Limited has informed the Exchange regarding a press release dated January 17, 2025, titled ""Maruti Suzuki unveils its first electric SUV - e VITARA"".",,,Press Release,00:00:01,17012025133012,17-Jan-2025 13:30:13,-,False,,,106116865,Automobiles - 4 Wheelers,INE585B01010,Maruti Suzuki India Limited,2025-01-17 13:30:12,MARUTI
07-Jan-2025 16:18:44,,https://nsearchives.nseindia.com/corporate/MARUTIASHISH_07012025161655_EforMe_Signed.pdf,"Maruti Suzuki India Limited has informed the Exchange regarding a press release dated January 07, 2025, titled ""Maruti Suzuki Unveils  e For Me : A Vision for India s Electric Future"".",,,Press Release,00:00:01,07012025161844,07-Jan-2025 16:18:45,-,False,,,106106942,Automobiles - 4 Wheelers,INE585B01010,Maruti Suzuki India Limited,2025-01-07 16:18:44,MARUTI
01-Jan-2025 20:25:58,,https://nsearchives.nseindia.com/corporate/MARUTIASHISH_01012025202156_Prod_Dec_2024.pdf,Maruti Suzuki India Limited has informed the Exchange about Maruti Suzuki Production volume: December 2024,,,General Updates,00:00:00,01012025202558,01-Jan-2025 20:25:58,-,False,,,106102381,Automobiles - 4 Wheelers,INE585B01010,Maruti Suzuki India Limited,2025-01-01 20:25:58,MARUTI
01-Jan-2025 13:55:21,,https://nsearchives.nseindia.com/corporate/MARUTIASHISH_01012025134618_Sales_Dec_2024.pdf,"Maruti Suzuki India Limited has informed the Exchange regarding a press release dated January 01, 2025, titled ""Maruti Suzuki sales in December 2024"".",,,Press Release,00:00:01,01012025135521,01-Jan-2025 13:55:22,-,False,,,106102028,Automobiles - 4 Wheelers,INE585B01010,Maruti Suzuki India Limited,2025-01-01 13:55:21,MARUTI
27-Dec-2024 15:13:38,,https://nsearchives.nseindia.com/corporate/MARUTI_27122024150827_Demise.pdf,"Maruti Suzuki India Limited has informed the Exchange regarding Demise of Mr Osamu Suzuki, Non- Executive Director of the company on December 25, 2024.",,,Demise,00:00:01,27122024151338,27-Dec-2024 15:13:39,-,False,,,106096968,Automobiles - 4 Wheelers,INE585B01010,Maruti Suzuki India Limited,2024-12-27 15:13:38,MARUTI
25-Dec-2024 17:55:18,,https://nsearchives.nseindia.com/corporate/MARUTIASHISH_25122024175503_TW_Closure_Q3_FY_2024_25.pdf,"Maruti Suzuki India Limited has informed the Exchange regarding the Trading Window closure pursuant to SEBI (Prohibition of Insider Trading) Regulations, 2015",,,Trading Window,00:00:01,25122024175518,25-Dec-2024 17:55:19,-,False,,,106094413,Automobiles - 4 Wheelers,INE585B01010,Maruti Suzuki India Limited,2024-12-25 17:55:18,MARUTI
20-Dec-2024 10:14:20,,https://nsearchives.nseindia.com/corporate/MARUTI_20122024101420_EVx_signed_MediaRelease.pdf,"Maruti Suzuki India Limited has informed the Exchange regarding a press release dated December 20, 2024, titled ""Maruti Suzuki teases its first eBorn Electric SUV; Signals robust EV ecosystem for seamless ownership experience"".",,,Press Release,00:00:01,20122024101420,20-Dec-2024 10:14:21,-,False,,,106090321,Automobiles - 4 Wheelers,INE585B01010,Maruti Suzuki India Limited,2024-12-20 10:14:20,MARUTI
17-Dec-2024 14:18:10,,https://nsearchives.nseindia.com/corporate/MARUTI_17122024141810_PressRelease_signed.pdf,Maruti Suzuki India Limited has informed the Exchange about Maruti Suzuki achieves a historic production milestone of 2 million units in a calendar year,,,General Updates,00:00:00,17122024141810,17-Dec-2024 14:18:10,-,False,,,106087464,Automobiles - 4 Wheelers,INE585B01010,Maruti Suzuki India Limited,2024-12-17 14:18:10,MARUTI
06-Dec-2024 11:58:37,,https://nsearchives.nseindia.com/corporate/MARUTI_06122024115838_Advance_intimation_Price_Increase_Jan_25.pdf,Maruti Suzuki India Limited has informed the Exchange about Advance intimation regarding Price Increase,,,General Updates,00:00:01,06122024115837,06-Dec-2024 11:58:38,-,False,,,106078764,Automobiles - 4 Wheelers,INE585B01010,Maruti Suzuki India Limited,2024-12-06 11:58:37,MARUTI
05-Dec-2024 16:13:12,,https://nsearchives.nseindia.com/corporate/MARUTI_05122024161312_CCI_Intimation_5_12_24.pdf,"Maruti Suzuki India Limited has informed the Exchange about Intimation under Regulation 30 of the Securities and Exchange Board of India (Listing Obligations and Disclosure Requirements) Regulations, 2015",,,General Updates,00:00:01,05122024161312,05-Dec-2024 16:13:13,-,False,,,106077936,Automobiles - 4 Wheelers,INE585B01010,Maruti Suzuki India Limited,2024-12-05 16:13:12,MARUTI
02-Dec-2024 14:35:50,,https://nsearchives.nseindia.com/corporate/MARUTI_02122024143550_Production_Nov_2024_signed.pdf,Maruti Suzuki India Limited has informed the Exchange about Maruti Suzuki Production volume: November 2024,,,General Updates,00:00:01,02122024143550,02-Dec-2024 14:35:51,-,False,,,106074567,Automobiles - 4 Wheelers,INE585B01010,Maruti Suzuki India Limited,2024-12-02 14:35:50,MARUTI
01-Dec-2024 13:30:44,,https://nsearchives.nseindia.com/corporate/MARUTI_01122024133044_Sales_Nov_2024.pdf,"Maruti Suzuki India Limited has informed the Exchange regarding a press release dated December 01, 2024, titled ""Maruti Suzuki sales in November 2024"".",,,Press Release,00:00:00,01122024133044,01-Dec-2024 13:30:44,-,False,,,106074198,Automobiles - 4 Wheelers,INE585B01010,Maruti Suzuki India Limited,2024-12-01 13:30:44,MARUTI
13-Nov-2024 17:00:24,,https://nsearchives.nseindia.com/corporate/MARUTI_13112024170024_Investor_Meeting_20_21_Nov_2024.pdf,Maruti Suzuki India Limited has informed the Exchange about Schedule of meet,,,Analysts/Institutional Investor Meet/Con. Call Updates,00:00:01,13112024170024,13-Nov-2024 17:00:25,-,False,,,106057470,Automobiles - 4 Wheelers,INE585B01010,Maruti Suzuki India Limited,2024-11-13 17:00:24,MARUTI
11-Nov-2024 13:00:57,,https://nsearchives.nseindia.com/corporate/MARUTI_11112024130057_Dzire_PR_11_11_2024.pdf,"Maruti Suzuki India Limited has informed the Exchange regarding a press release dated November 11, 2024, titled ""Maruti Suzuki Launches All-New Dzire: Unmatched Style, Unrivalled Performance"".",,,Press Release,00:00:01,11112024130057,11-Nov-2024 13:00:58,-,False,,,106052906,Automobiles - 4 Wheelers,INE585B01010,Maruti Suzuki India Limited,2024-11-11 13:00:57,MARUTI
08-Nov-2024 12:21:50,,https://nsearchives.nseindia.com/corporate/MARUTI_08112024122150_SMC_Results_H1_2024_25.pdf,Maruti Suzuki India Limited has informed the Exchange regarding 'Consolidated Financial Results issued by Suzuki Motor Corporation in Japan'.,,,Updates,00:00:01,08112024122150,08-Nov-2024 12:21:51,-,False,,,106050255,Automobiles - 4 Wheelers,INE585B01010,Maruti Suzuki India Limited,2024-11-08 12:21:50,MARUTI
07-Nov-2024 14:48:08,,https://nsearchives.nseindia.com/corporate/MARUTI_07112024144808_Investor_meeting_initimation_12_13_Nov_24.pdf,Maruti Suzuki India Limited has informed the Exchange about Schedule of meet,,,Analysts/Institutional Investor Meet/Con. Call Updates,00:00:01,07112024144808,07-Nov-2024 14:48:09,-,False,,,106048713,Automobiles - 4 Wheelers,INE585B01010,Maruti Suzuki India Limited,2024-11-07 14:48:08,MARUTI
05-Nov-2024 21:10:33,,https://nsearchives.nseindia.com/corporate/MARUTI_05112024211033_Transcript_initimation_Q2_FY_2024_25.pdf,Maruti Suzuki India Limited has informed the Exchange about Transcript,,,Analysts/Institutional Investor Meet/Con. Call Updates,00:00:00,05112024211033,05-Nov-2024 21:10:33,-,False,,,106045999,Automobiles - 4 Wheelers,INE585B01010,Maruti Suzuki India Limited,2024-11-05 21:10:33,MARUTI
04-Nov-2024 20:06:59,,https://nsearchives.nseindia.com/corporate/MARUTI_04112024200659_SMC_PR_eVitara.pdf,"Maruti Suzuki India Limited has informed the Exchange regarding a press release dated November 04, 2024, titled ""Suzuki Unveils Its First Battery EV, the e VITARA in Europe"".",,,Press Release,00:00:01,04112024200659,04-Nov-2024 20:07:00,-,False,,,106044176,Automobiles - 4 Wheelers,INE585B01010,Maruti Suzuki India Limited,2024-11-04 20:06:59,MARUTI
04-Nov-2024 12:18:13,,https://nsearchives.nseindia.com/corporate/MARUTI_04112024121813_Prod_Oct_2024.pdf,Maruti Suzuki India Limited has informed the Exchange regarding 'Maruti Suzuki Production volume: October 2024'.,,,Updates,00:00:01,04112024121813,04-Nov-2024 12:18:14,-,False,,,106043342,Automobiles - 4 Wheelers,INE585B01010,Maruti Suzuki India Limited,2024-11-04 12:18:13,MARUTI
04-Nov-2024 10:35:01,,https://nsearchives.nseindia.com/corporate/MARUTI_04112024103501_Press_Release_Swift_04112024.pdf,"Maruti Suzuki India Limited has informed the Exchange regarding a press release dated November 04, 2024, titled ""All-New Dzire set to revolutionise the sedan segment; Pre-bookings now open"".",,,Press Release,00:00:00,04112024103501,04-Nov-2024 10:35:01,-,False,,,106043148,Automobiles - 4 Wheelers,INE585B01010,Maruti Suzuki India Limited,2024-11-04 10:35:01,MARUTI
01-Nov-2024 12:08:15,,https://nsearchives.nseindia.com/corporate/MARUTI_01112024120815_SalesPR_Oct_2024.pdf,"Maruti Suzuki India Limited has informed the Exchange regarding a press release dated November 01, 2024, titled ""Maruti Suzuki sales in October 2024"".",,,Press Release,00:00:01,01112024120815,01-Nov-2024 12:08:16,-,False,,,106042485,Automobiles - 4 Wheelers,INE585B01010,Maruti Suzuki India Limited,2024-11-01 12:08:15,MARUTI
30-Oct-2024 13:39:31,,https://nsearchives.nseindia.com/corporate/MARUTI_30102024133931_Newspaper_intimation_Q2_signed.pdf,Maruti Suzuki India Limited has informed the Exchange about Copy of Newspaper Publication,,,Copy of Newspaper Publication,00:00:00,30102024133931,30-Oct-2024 13:39:31,-,False,,,106040344,Automobiles - 4 Wheelers,INE585B01010,Maruti Suzuki India Limited,2024-10-30 13:39:31,MARUTI
30-Oct-2024 11:23:04,,https://nsearchives.nseindia.com/corporate/MARUTI_30102024112304_SMC_PressRelease_30102024_signed.pdf,"Maruti Suzuki India Limited has informed the Exchange regarding a press release dated October 30, 2024, titled ""Suzuki and Toyota to Deepen Collaboration in the Field of Electrified Vehicles"".",,,Press Release,00:00:00,30102024112304,30-Oct-2024 11:23:04,-,False,,,106039967,Automobiles - 4 Wheelers,INE585B01010,Maruti Suzuki India Limited,2024-10-30 11:23:04,MARUTI
30-Oct-2024 00:24:11,,https://nsearchives.nseindia.com/corporate/MARUTI_30102024002411_AudioRecording.pdf,"Maruti Suzuki India Limited has informed the Exchange about audio recording of the investors' call held on 29th October, 2024.",,,General Updates,00:00:00,30102024002411,30-Oct-2024 00:24:11,-,False,,,106039792,Automobiles - 4 Wheelers,INE585B01010,Maruti Suzuki India Limited,2024-10-30 00:24:11,MARUTI
29-Oct-2024 13:48:39,,https://nsearchives.nseindia.com/corporate/MARUTI_29102024134839_Presentation_signed.pdf,"Maruti Suzuki India Limited has informed the Exchange about Investor Presentation on the financial results for the quarter ended on 30th September, 2024.",,,General Updates,00:00:01,29102024134839,29-Oct-2024 13:48:40,-,False,,,106038572,Automobiles - 4 Wheelers,INE585B01010,Maruti Suzuki India Limited,2024-10-29 13:48:39,MARUTI
29-Oct-2024 13:34:54,,https://nsearchives.nseindia.com/corporate/MARUTI_29102024133454_PR_signed.pdf,"Maruti Suzuki India Limited has informed the Exchange regarding a press release dated October 29, 2024, titled ""Press release on the financial results for the quarter ended on 30th September, 2024."".",,,Press Release,00:00:01,29102024133454,29-Oct-2024 13:34:55,-,False,,,106038555,Automobiles - 4 Wheelers,INE585B01010,Maruti Suzuki India Limited,2024-10-29 13:34:54,MARUTI
29-Oct-2024 13:21:23,,https://nsearchives.nseindia.com/corporate/QuickResults_Signed_29102024132123.pdf," Maruti Suzuki India Limited has submitted to the Exchange, the financial results for the period ended September 30, 2024.",,,Financial Result Updates,00:00:01,29102024132123,29-Oct-2024 13:21:24,-,False,,,166278,Automobiles - 4 Wheelers,INE585B01010,Maruti Suzuki India Limited,2024-10-29 13:21:23,MARUTI
29-Oct-2024 12:36:36,,https://nsearchives.nseindia.com/corporate/MARUTI_29102024123637_Amalgamation_Intimation.pdf,"Maruti Suzuki India Limited has informed the Exchange regarding Outcome of Board Meeting held on October 29, 2024, regarding amalgamation of Suzuki Motor Gujarat Private Limited, a wholly owned subsidiary with Maruti Suzuki India Limited",,,Outcome of Board Meeting,00:00:01,29102024123636,29-Oct-2024 12:36:37,-,False,,,106038451,Automobiles - 4 Wheelers,INE585B01010,Maruti Suzuki India Limited,2024-10-29 12:36:36,MARUTI
23-Oct-2024 17:47:16,,https://nsearchives.nseindia.com/corporate/MARUTI_23102024174716_Reg30_23102024.pdf,Maruti Suzuki India Limited has informed the Exchange about Action(s) taken or orders passed,,,Action(s) taken or orders passed,00:00:01,23102024174716,23-Oct-2024 17:47:17,-,False,,,106032213,Automobiles - 4 Wheelers,INE585B01010,Maruti Suzuki India Limited,2024-10-23 17:47:16,MARUTI
23-Oct-2024 17:32:45,,https://nsearchives.nseindia.com/corporate/MARUTI_23102024173245_Earnings_Call_Intimation_29_Oct_2024.pdf,Maruti Suzuki India Limited has informed the Exchange about Schedule of meet,,,Analysts/Institutional Investor Meet/Con. Call Updates,00:00:01,23102024173245,23-Oct-2024 17:32:46,-,False,,,106032172,Automobiles - 4 Wheelers,INE585B01010,Maruti Suzuki India Limited,2024-10-23 17:32:45,MARUTI
14-Oct-2024 18:14:26,,https://nsearchives.nseindia.com/corporate/MARUTI_14102024181426_Baleno_Regal_Intimation.pdf,"Maruti Suzuki India Limited has informed the Exchange regarding a press release dated October 14, 2024, titled ""Maruti Suzuki Introduces Baleno Regal Edition: Indulgent Comfort, Distinct Styling"".",,,Press Release,00:00:00,14102024181426,14-Oct-2024 18:14:26,-,False,,,106022052,Automobiles - 4 Wheelers,INE585B01010,Maruti Suzuki India Limited,2024-10-14 18:14:26,MARUTI
10-Oct-2024 20:58:11,,https://nsearchives.nseindia.com/corporate/MARUTI_10102024205811_ESG_intimation_letter_10Oct2024.pdf,Maruti Suzuki India Limited has informed the Exchange about General Updates,,,General Updates,00:00:01,10102024205811,10-Oct-2024 20:58:12,-,False,,,106019434,Automobiles - 4 Wheelers,INE585B01010,Maruti Suzuki India Limited,2024-10-10 20:58:11,MARUTI
08-Oct-2024 17:49:54,,https://nsearchives.nseindia.com/corporate/MARUTI_08102024174954_IntimationCustomsOIOsigned.pdf,Maruti Suzuki India Limited has informed the Exchange about General Updates,,,General Updates,00:00:01,08102024174954,08-Oct-2024 17:49:55,-,False,,,106016474,Automobiles - 4 Wheelers,INE585B01010,Maruti Suzuki India Limited,2024-10-08 17:49:54,MARUTI
08-Oct-2024 14:26:51,,https://nsearchives.nseindia.com/corporate/MARUTI_08102024142651_Intimation_GrandVitara_signed.pdf,"Maruti Suzuki India Limited has informed the Exchange regarding a press release dated October 08, 2024, titled ""Maruti Suzuki launches Grand Vitara Dominion Edition: Where distinctive style meets dominance"".",,,Press Release,00:00:01,08102024142651,08-Oct-2024 14:26:52,-,False,,,106016056,Automobiles - 4 Wheelers,INE585B01010,Maruti Suzuki India Limited,2024-10-08 14:26:51,MARUTI
03-Oct-2024 14:10:38,,https://nsearchives.nseindia.com/corporate/MARUTI_03102024141039_Production_Sep_2024_signed.pdf,Maruti Suzuki India Limited has informed the Exchange about General Updates,,,General Updates,00:00:01,03102024141038,03-Oct-2024 14:10:39,-,False,,,106011665,Automobiles - 4 Wheelers,INE585B01010,Maruti Suzuki India Limited,2024-10-03 14:10:38,MARUTI
01-Oct-2024 17:18:50,,https://nsearchives.nseindia.com/corporate/MARUTI_01102024171850_Sales_September_2024_signed.pdf,"Maruti Suzuki India Limited has informed the Exchange regarding a press release dated October 01, 2024, titled ""Maruti Suzuki sales in September 2024"".",,,Press Release,00:00:00,01102024171850,01-Oct-2024 17:18:50,-,False,,,106010174,Automobiles - 4 Wheelers,INE585B01010,Maruti Suzuki India Limited,2024-10-01 17:18:50,MARUTI
26-Sep-2024 16:28:09,,https://nsearchives.nseindia.com/corporate/MARUTI_26092024162809_IntimationTradingWindowClosureQ2_signed.pdf,"Maruti Suzuki India Limited has informed the Exchange regarding the Trading Window closure pursuant to SEBI (Prohibition of Insider Trading) Regulations, 2015",,,Trading Window,00:00:01,26092024162809,26-Sep-2024 16:28:10,-,False,,,106001342,Automobiles - 4 Wheelers,INE585B01010,Maruti Suzuki India Limited,2024-09-26 16:28:09,MARUTI
25-Sep-2024 10:04:28,,https://nsearchives.nseindia.com/corporate/MARUTI_25092024100428_Intimation_LegalMetrology.pdf,Maruti Suzuki India Limited has informed the Exchange about General Updates,,,General Updates,00:00:01,25092024100428,25-Sep-2024 10:04:29,-,False,,,105998308,Automobiles - 4 Wheelers,INE585B01010,Maruti Suzuki India Limited,2024-09-25 10:04:28,MARUTI
23-Sep-2024 16:13:40,,https://nsearchives.nseindia.com/corporate/MARUTI_23092024161341_Schedule_of_investor_meeting_signed.pdf,Maruti Suzuki India Limited has informed the Exchange about Schedule of meet,,,Analysts/Institutional Investor Meet/Con. Call Updates,00:00:01,23092024161340,23-Sep-2024 16:13:41,-,False,,,105996119,Automobiles - 4 Wheelers,INE585B01010,Maruti Suzuki India Limited,2024-09-23 16:13:40,MARUTI
17-Sep-2024 17:23:59,,https://nsearchives.nseindia.com/corporate/MARUTI_17092024172359_Investor_Meeting_23_Sep_2024.pdf,Maruti Suzuki India Limited has informed the Exchange about Schedule of meet,,,Analysts/Institutional Investor Meet/Con. Call Updates,00:00:02,17092024172359,17-Sep-2024 17:24:01,-,False,,,105990759,Automobiles - 4 Wheelers,INE585B01010,Maruti Suzuki India Limited,2024-09-17 17:23:59,MARUTI
12-Sep-2024 23:57:05,,https://nsearchives.nseindia.com/corporate/MARUTI_12092024235705_Investor_Meeting_18_Sep_2024.pdf,Maruti Suzuki India Limited has informed the Exchange about Schedule of meet,,,Analysts/Institutional Investor Meet/Con. Call Updates,00:00:01,12092024235705,12-Sep-2024 23:57:06,-,False,,,105987354,Automobiles - 4 Wheelers,INE585B01010,Maruti Suzuki India Limited,2024-09-12 23:57:05,MARUTI
12-Sep-2024 11:50:41,,https://nsearchives.nseindia.com/corporate/MARUTI_12092024115041_Intimation_SCNG_signed.pdf,"Maruti Suzuki India Limited has informed the Exchange regarding a press release dated September 12, 2024, titled ""Maruti Suzuki launches the Epic New Swift S-CNG; most fuel-efficient hatchback in its segment^"".",,,Press Release,00:00:01,12092024115041,12-Sep-2024 11:50:42,-,False,,,105986410,Automobiles - 4 Wheelers,INE585B01010,Maruti Suzuki India Limited,2024-09-12 11:50:41,MARUTI
03-Sep-2024 16:22:44,,https://nsearchives.nseindia.com/corporate/MARUTI_03092024162244_CCI_3_Sep_2024_signed.pdf,"Maruti Suzuki India Limited has informed the Exchange regarding 'Intimation under Regulation 30 of the Securities and Exchange Board of India (Listing Obligations and Disclosure Requirements) Regulations, 2015'.",,,Updates,00:00:01,03092024162244,03-Sep-2024 16:22:45,-,False,,,105975686,Automobiles - 4 Wheelers,INE585B01010,Maruti Suzuki India Limited,2024-09-03 16:22:44,MARUTI
02-Sep-2024 16:52:34,,https://nsearchives.nseindia.com/corporate/MARUTI_02092024165234_Production_August_2024_signed.pdf,Maruti Suzuki India Limited has informed the Exchange regarding 'Maruti Suzuki Production volume: August 2024'.,,,Updates,00:00:01,02092024165234,02-Sep-2024 16:52:35,-,False,,,105974107,Automobiles - 4 Wheelers,INE585B01010,Maruti Suzuki India Limited,2024-09-02 16:52:34,MARUTI
02-Sep-2024 10:07:30,,https://nsearchives.nseindia.com/corporate/MARUTI_02092024100730_Price_increase_2_Sep_2024_signed.pdf,Maruti Suzuki India Limited has informed the Exchange regarding 'Price revision for select variants of Alto K10 and S-Presso'.,,,Updates,00:00:01,02092024100730,02-Sep-2024 10:07:31,-,False,,,105973435,Automobiles - 4 Wheelers,INE585B01010,Maruti Suzuki India Limited,2024-09-02 10:07:30,MARUTI
01-Sep-2024 11:53:58,,https://nsearchives.nseindia.com/corporate/MARUTI_01092024115358_Sales_August_2024_signed.pdf,"Maruti Suzuki India Limited has informed the Exchange regarding a press release dated September 01, 2024, titled ""Maruti Suzuki sales in August 2024"".",,,Press Release,00:00:01,01092024115358,01-Sep-2024 11:53:59,-,False,,,105973237,Automobiles - 4 Wheelers,INE585B01010,Maruti Suzuki India Limited,2024-09-01 11:53:58,MARUTI
29-Aug-2024 12:58:06,,https://nsearchives.nseindia.com/corporate/MARUTI_29082024125806_VR_ScrutinizierReport_AGM2024_Signed.pdf,"Maruti Suzuki India Limited has submitted the Exchange a copy Srutinizers report of  Annual General Meeting held on August 27, 2024. Further, the company has informed the Exchange regarding voting results.",,,Shareholders meeting,00:00:00,29082024125806,29-Aug-2024 12:58:06,-,False,,,105969484,Automobiles - 4 Wheelers,INE585B01010,Maruti Suzuki India Limited,2024-08-29 12:58:06,MARUTI
28-Aug-2024 10:15:53,,https://nsearchives.nseindia.com/corporate/MARUTI_28082024101553_Changes_in_Directors_Cessation.pdf,Maruti Suzuki India Limited has informed the Exchange regarding Change in Director(s) of the company.,,,Change in Director(s),00:00:01,28082024101553,28-Aug-2024 10:15:54,-,False,,,105967528,Automobiles - 4 Wheelers,INE585B01010,Maruti Suzuki India Limited,2024-08-28 10:15:53,MARUTI
27-Aug-2024 18:18:08,,https://nsearchives.nseindia.com/corporate/MARUTI_27082024181808_KarnatakaGSTIntimation_27Aug2024_signed.pdf,"Maruti Suzuki India Limited has informed the Exchange regarding 'Intimation under Regulation 30 of SEBI (Listing Obligations & Disclosure Requirements) Regulations, 2015'.",,,Updates,00:00:01,27082024181808,27-Aug-2024 18:18:09,-,False,,,105966970,Automobiles - 4 Wheelers,INE585B01010,Maruti Suzuki India Limited,2024-08-27 18:18:08,MARUTI
27-Aug-2024 13:36:53,,https://nsearchives.nseindia.com/corporate/MARUTI_27082024133653_AGM_Proceedings_2024_Signed.pdf,"Maruti Suzuki India Limited has informed the Exchange regarding Proceedings of Annual General Meeting held on August 27, 2024",,,Shareholders meeting,00:00:01,27082024133653,27-Aug-2024 13:36:54,-,False,,,105966576,Automobiles - 4 Wheelers,INE585B01010,Maruti Suzuki India Limited,2024-08-27 13:36:53,MARUTI
25-Aug-2024 17:36:48,,https://nsearchives.nseindia.com/corporate/MARUTI_25082024173648_CustomsIntimation_25August2024_signed.pdf,"Maruti Suzuki India Limited has informed the Exchange regarding 'Intimation under Regulation 30 of SEBI (Listing Obligations & Disclosure Requirements) Regulations, 2015'.",,,Updates,00:00:01,25082024173648,25-Aug-2024 17:36:49,-,False,,,105965116,Automobiles - 4 Wheelers,INE585B01010,Maruti Suzuki India Limited,2024-08-25 17:36:48,MARUTI
24-Aug-2024 17:00:05,,https://nsearchives.nseindia.com/corporate/MARUTI_24082024170005_CustomsIntimationOIO24Aug2024_Signed.pdf,"Maruti Suzuki India Limited has informed the Exchange regarding 'Intimation Under Regulation 30 Of SEBI (Listing Obligations & Disclosure Requirements) Regulations, 2015 '.",,,Updates,00:00:01,24082024170005,24-Aug-2024 17:00:06,-,False,,,105964860,Automobiles - 4 Wheelers,INE585B01010,Maruti Suzuki India Limited,2024-08-24 17:00:05,MARUTI
17-Aug-2024 19:37:50,,https://nsearchives.nseindia.com/corporate/MARUTI_17082024193750_IntimationonDeferredTaxLiability_signed.pdf,"Maruti Suzuki India Limited has informed the Exchange regarding 'Intimation under Regulation 30 of SEBI (Listing Obligations & Disclosure Requirements) Regulations, 2015 '.",,,Updates,00:00:01,17082024193750,17-Aug-2024 19:37:51,-,False,,,105958048,Automobiles - 4 Wheelers,INE585B01010,Maruti Suzuki India Limited,2024-08-17 19:37:50,MARUTI
14-Aug-2024 15:50:20,,https://nsearchives.nseindia.com/corporate/MARUTI_14082024155020_HaryanaGSTAuthority_signed.pdf,"Maruti Suzuki India Limited has informed the Exchange regarding 'Intimation under Regulation 30 of SEBI (Listing Obligations & Disclosure Requirements) Regulations, 2015'.",,,Updates,00:00:01,14082024155020,14-Aug-2024 15:50:21,-,False,,,105954431,Automobiles - 4 Wheelers,INE585B01010,Maruti Suzuki India Limited,2024-08-14 15:50:20,MARUTI
14-Aug-2024 11:08:14,,https://nsearchives.nseindia.com/corporate/MARUTI_14082024110814_CustomsIntimation_14Aug2024_signed.pdf,"Maruti Suzuki India Limited has informed the Exchange regarding 'Intimation under Regulation 30 of SEBI (Listing Obligations & Disclosure Requirements) Regulations, 2015'.",,,Updates,00:00:01,14082024110814,14-Aug-2024 11:08:15,-,False,,,105953727,Automobiles - 4 Wheelers,INE585B01010,Maruti Suzuki India Limited,2024-08-14 11:08:14,MARUTI
13-Aug-2024 17:43:59,,https://nsearchives.nseindia.com/corporate/MARUTI_13082024174359_OrderInOriginal_13_Aug_2024_signed.pdf,"Maruti Suzuki India Limited has informed the Exchange regarding 'Intimation under Regulation 30 of SEBI (Listing Obligations & Disclosure Requirements) Regulations, 2015'.",,,Updates,00:00:01,13082024174359,13-Aug-2024 17:44:00,-,False,,,105952496,Automobiles - 4 Wheelers,INE585B01010,Maruti Suzuki India Limited,2024-08-13 17:43:59,MARUTI
07-Aug-2024 21:44:52,,https://nsearchives.nseindia.com/corporate/MARUTI_07082024214452_Recall_2555_AltoK10_signed.pdf,"Maruti Suzuki India Limited has informed the Exchange regarding 'Recall of 2,555 Alto K10 vehicles'.",,,Updates,00:00:01,07082024214452,07-Aug-2024 21:44:53,-,False,,,105944218,Automobiles - 4 Wheelers,INE585B01010,Maruti Suzuki India Limited,2024-08-07 21:44:52,MARUTI
06-Aug-2024 19:55:39,,https://nsearchives.nseindia.com/corporate/MARUTI_06082024195539_Transcript_Q1_FY_2025.pdf,Maruti Suzuki India Limited has informed the Exchange about Transcript,,,Analysts/Institutional Investor Meet/Con. Call Updates,00:00:01,06082024195539,06-Aug-2024 19:55:40,-,False,,,105942018,Automobiles - 4 Wheelers,INE585B01010,Maruti Suzuki India Limited,2024-08-06 19:55:39,MARUTI
05-Aug-2024 12:45:00,,https://nsearchives.nseindia.com/corporate/MARUTI_05082024124500_Newspaper_publication_AGM_Notice_2024_signed.pdf,Maruti Suzuki India Limited has informed the Exchange about Copy of Newspaper Publication,,,Copy of Newspaper Publication,00:00:00,05082024124500,05-Aug-2024 12:45:00,-,False,,,105939034,Automobiles - 4 Wheelers,INE585B01010,Maruti Suzuki India Limited,2024-08-05 12:45:00,MARUTI
04-Aug-2024 10:46:20,,https://nsearchives.nseindia.com/corporate/MARUTI_04082024104620_BRSR_2024_For_STx_signed.pdf,Maruti Suzuki India Limited has informed the Exchange regarding 'Business Responsibility and Sustainability Report (BRSR) for the financial year 2023-24'.,,,Updates,00:00:01,04082024104620,04-Aug-2024 10:46:21,-,False,,,105938510,Automobiles - 4 Wheelers,INE585B01010,Maruti Suzuki India Limited,2024-08-04 10:46:20,MARUTI
04-Aug-2024 10:31:02,,https://nsearchives.nseindia.com/corporate/MARUTI_04082024103102_MSIL_AR_AGM_Notice_2024_signed.pdf,Maruti Suzuki India Limited has informed the Exchange regarding 'Notice of 43rd Annual General Meeting and Annual Report for the financial year 2023-24'.,,,Updates,00:00:01,04082024103102,04-Aug-2024 10:31:03,-,False,,,105938508,Automobiles - 4 Wheelers,INE585B01010,Maruti Suzuki India Limited,2024-08-04 10:31:02,MARUTI
04-Aug-2024 10:10:28,,https://nsearchives.nseindia.com/corporate/MARUTI_04082024101028_MSIL_AR_AGM_Notice_2024_signed.pdf,Maruti Suzuki India Limited has informed the Exchange about Shareholders meeting,,,Shareholders meeting,00:00:01,04082024101028,04-Aug-2024 10:10:29,-,False,,,105938504,Automobiles - 4 Wheelers,INE585B01010,Maruti Suzuki India Limited,2024-08-04 10:10:28,MARUTI
01-Aug-2024 18:15:20,,https://nsearchives.nseindia.com/corporate/MARUTI_01082024181520_Production_July_2024_signed.pdf,Maruti Suzuki India Limited has informed the Exchange regarding 'Maruti Suzuki Production volume: July 2024'.,,,Updates,00:00:00,01082024181520,01-Aug-2024 18:15:20,-,False,,,105935360,Automobiles - 4 Wheelers,INE585B01010,Maruti Suzuki India Limited,2024-08-01 18:15:20,MARUTI
01-Aug-2024 15:43:45,,https://nsearchives.nseindia.com/corporate/MARUTI_01082024154345_Sales_July_2024.pdf,"Maruti Suzuki India Limited has informed the Exchange regarding a press release dated August 01, 2024, titled ""Maruti Suzuki sales in July 2024"".",,,Press Release,00:00:00,01082024154345,01-Aug-2024 15:43:45,-,False,,,105934865,Automobiles - 4 Wheelers,INE585B01010,Maruti Suzuki India Limited,2024-08-01 15:43:45,MARUTI
01-Aug-2024 13:05:27,,https://nsearchives.nseindia.com/corporate/MARUTI_01082024130528_Newspaper_Publication_FR_Q1_2024_signed.pdf,Maruti Suzuki India Limited has informed the Exchange about Copy of Newspaper Publication,,,Copy of Newspaper Publication,00:00:02,01082024130527,01-Aug-2024 13:05:29,-,False,,,105934547,Automobiles - 4 Wheelers,INE585B01010,Maruti Suzuki India Limited,2024-08-01 13:05:27,MARUTI
31-Jul-2024 20:52:53,,https://nsearchives.nseindia.com/corporate/MARUTI_31072024205253_Covering_audio_recording_signed.pdf,"Maruti Suzuki India Limited has informed the Exchange regarding 'Audio recording of the investors' call held on 31st July, 2024'.",,,Updates,00:00:00,31072024205253,31-Jul-2024 20:52:53,-,False,,,105933760,Automobiles - 4 Wheelers,INE585B01010,Maruti Suzuki India Limited,2024-07-31 20:52:53,MARUTI
31-Jul-2024 15:39:03,,https://nsearchives.nseindia.com/corporate/MARUTI_31072024153903_Investor_Presentation_signed.pdf,Maruti Suzuki India Limited has informed the Exchange about Investor Presentation,,,Investor Presentation,00:00:01,31072024153903,31-Jul-2024 15:39:04,-,False,,,105932927,Automobiles - 4 Wheelers,INE585B01010,Maruti Suzuki India Limited,2024-07-31 15:39:03,MARUTI
31-Jul-2024 15:35:59,,https://nsearchives.nseindia.com/corporate/MARUTI_31072024153559_Press_Release_signed.pdf,"Maruti Suzuki India Limited has informed the Exchange regarding a press release dated July 31, 2024, titled ""Maruti Suzuki Financial Results: Quarter 1 (April-June), FY 2024-25"".",,,Press Release,00:00:01,31072024153559,31-Jul-2024 15:36:00,-,False,,,105932919,Automobiles - 4 Wheelers,INE585B01010,Maruti Suzuki India Limited,2024-07-31 15:35:59,MARUTI
31-Jul-2024 15:30:31,,https://nsearchives.nseindia.com/corporate/MARUTI_31072024153031_Change_in_Directorate_signed.pdf,Maruti Suzuki India Limited has informed the Exchange regarding Change in Director(s) of the company.,,,Change in Director(s),00:00:00,31072024153031,31-Jul-2024 15:30:31,-,False,,,105932902,Automobiles - 4 Wheelers,INE585B01010,Maruti Suzuki India Limited,2024-07-31 15:30:31,MARUTI
31-Jul-2024 15:23:46,,https://nsearchives.nseindia.com/corporate/QuickResults_signed_31072024152346.pdf," Maruti Suzuki India Limited has submitted to the Exchange, the financial results for the period ended June 30, 2024.",,,Financial Result Updates,00:00:00,31072024152346,31-Jul-2024 15:23:46,-,False,,,164040,Automobiles - 4 Wheelers,INE585B01010,Maruti Suzuki India Limited,2024-07-31 15:23:46,MARUTI
26-Jul-2024 18:53:09,,https://nsearchives.nseindia.com/corporate/MARUTI_26072024185309_Intimation_Income_Tax_signed.pdf,"Maruti Suzuki India Limited has informed the Exchange regarding 'Intimation under Regulation 30 of SEBI (Listing Obligations & Disclosure Requirements Regulations, 2015'.",,,Updates,00:00:01,26072024185309,26-Jul-2024 18:53:10,-,False,,,105927862,Automobiles - 4 Wheelers,INE585B01010,Maruti Suzuki India Limited,2024-07-26 18:53:09,MARUTI
25-Jul-2024 15:23:54,,https://nsearchives.nseindia.com/corporate/MARUTI_25072024152354_Initimation_Investor_Call_31_July_2024_signed.pdf,Maruti Suzuki India Limited has informed the Exchange about Schedule of meet,,,Analysts/Institutional Investor Meet/Con. Call Updates,00:00:01,25072024152354,25-Jul-2024 15:23:55,-,False,,,105925884,Automobiles - 4 Wheelers,INE585B01010,Maruti Suzuki India Limited,2024-07-25 15:23:54,MARUTI
24-Jul-2024 16:55:39,,https://nsearchives.nseindia.com/corporate/MARUTI_24072024165539_CCI_Intimation_signed.pdf,"Maruti Suzuki India Limited has informed the Exchange regarding 'Intimation under Regulation 30 of the Securities and Exchange Board of India (Listing Obligations and Disclosure Requirements) Regulations, 2015'.",,,Updates,00:00:01,24072024165539,24-Jul-2024 16:55:40,-,False,,,105924465,Automobiles - 4 Wheelers,INE585B01010,Maruti Suzuki India Limited,2024-07-24 16:55:39,MARUTI
19-Jul-2024 17:10:56,,https://nsearchives.nseindia.com/corporate/MARUTI_19072024171056_IntimationofCyberattack_19July2024_signed.pdf,"Maruti Suzuki India Limited has informed the Exchange regarding 'Intimation under Regulation 30 of SEBI (Listing Obligations and DisclosureRequirements) Regulations, 2015'.",,,Updates,00:00:01,19072024171056,19-Jul-2024 17:10:57,-,False,,,105919773,Automobiles - 4 Wheelers,INE585B01010,Maruti Suzuki India Limited,2024-07-19 17:10:56,MARUTI
19-Jul-2024 14:04:30,,https://nsearchives.nseindia.com/corporate/MARUTI_19072024140430_IEPF_newspaper_advertisment_signed.pdf,Maruti Suzuki India Limited has informed the Exchange about Copy of Newspaper Publication,,,Copy of Newspaper Publication,00:00:00,19072024140430,19-Jul-2024 14:04:30,-,False,,,105919453,Automobiles - 4 Wheelers,INE585B01010,Maruti Suzuki India Limited,2024-07-19 14:04:30,MARUTI
17-Jul-2024 08:58:20,,https://nsearchives.nseindia.com/corporate/MARUTI_17072024085820_SMC_Tech_Strategy_Press_Release_signed.pdf,"Maruti Suzuki India Limited has informed the Exchange regarding a press release dated July 17, 2024, titled ""Suzuki Announces Technology Strategy for 10 Years Ahead"".",,,Press Release,00:00:01,17072024085820,17-Jul-2024 08:58:21,-,False,,,105916801,Automobiles - 4 Wheelers,INE585B01010,Maruti Suzuki India Limited,2024-07-17 08:58:20,MARUTI
11-Jul-2024 17:46:13,,https://nsearchives.nseindia.com/corporate/MARUTI_11072024174613_Intimation_CESTAT_order_11_July_2024_signed.pdf,"Maruti Suzuki India Limited has informed the Exchange regarding 'Intimation under Regulation 30 of SEBI (Listing Obligations & Disclosure Requirements) Regulations, 2015'.",,,Updates,00:00:01,11072024174613,11-Jul-2024 17:46:14,-,False,,,105911417,Automobiles - 4 Wheelers,INE585B01010,Maruti Suzuki India Limited,2024-07-11 17:46:13,MARUTI
08-Jul-2024 23:56:25,,https://nsearchives.nseindia.com/corporate/MARUTI_08072024235625_TDScommunicationfinalsigned.pdf,Maruti Suzuki India Limited has informed the Exchange regarding 'Communication on deduction of Tax at Source'.,,,Updates,00:00:00,08072024235625,08-Jul-2024 23:56:25,-,False,,,105907617,Automobiles - 4 Wheelers,INE585B01010,Maruti Suzuki India Limited,2024-07-08 23:56:25,MARUTI
05-Jul-2024 12:00:30,,https://nsearchives.nseindia.com/corporate/MARUTI_05072024120030_NewspaperintimationIEPF5July.pdf,Maruti Suzuki India Limited has informed the Exchange about Copy of Newspaper Publication,,,Copy of Newspaper Publication,00:00:01,05072024120030,05-Jul-2024 12:00:31,-,False,,,105904581,Automobiles - 4 Wheelers,INE585B01010,Maruti Suzuki India Limited,2024-07-05 12:00:30,MARUTI
01-Jul-2024 18:36:29,,https://nsearchives.nseindia.com/corporate/MARUTI_01072024183629_Production_June_2024.pdf,"Maruti Suzuki India Limited has informed the Exchange regarding 'Maruti Suzuki Production volume: June, 2024'.",,,Updates,00:00:01,01072024183629,01-Jul-2024 18:36:30,-,False,,,105900167,Automobiles - 4 Wheelers,INE585B01010,Maruti Suzuki India Limited,2024-07-01 18:36:29,MARUTI
01-Jul-2024 14:09:42,,https://nsearchives.nseindia.com/corporate/MARUTI_01072024140942_NSEBSESALESPR01072024.pdf,"Maruti Suzuki India Limited has informed the Exchange regarding a press release dated July 01, 2024, titled ""Maruti Suzuki sales in June 2024"".",,,Press Release,00:00:00,01072024140942,01-Jul-2024 14:09:42,-,False,,,105899717,Automobiles - 4 Wheelers,INE585B01010,Maruti Suzuki India Limited,2024-07-01 14:09:42,MARUTI
26-Jun-2024 10:44:06,,https://nsearchives.nseindia.com/corporate/MARUTI_26062024104406_IntimationTradingWindowClosureQ1_signed.pdf,"Maruti Suzuki India Limited has informed the Exchange regarding the Trading Window closure pursuant to SEBI (Prohibition of Insider Trading) Regulations, 2015",,,Trading Window,00:00:00,26062024104406,26-Jun-2024 10:44:06,-,False,,,105891677,Automobiles - 4 Wheelers,INE585B01010,Maruti Suzuki India Limited,2024-06-26 10:44:06,MARUTI
24-Jun-2024 17:53:34,,https://nsearchives.nseindia.com/corporate/MARUTI_24062024175334_SCN_GST_Gujarat_24062024.pdf,"Maruti Suzuki India Limited has informed the Exchange regarding 'Intimation under Regulation 30 of SEBI (Listing Obligations & Disclosure Requirements) Regulations, 2015'.",,,Updates,00:00:01,24062024175334,24-Jun-2024 17:53:35,-,False,,,105889730,Automobiles - 4 Wheelers,INE585B01010,Maruti Suzuki India Limited,2024-06-24 17:53:34,MARUTI
21-Jun-2024 17:10:36,,https://nsearchives.nseindia.com/corporate/MARUTI_21062024171036_FronxVelocityVariantsigned.pdf,"Maruti Suzuki India Limited has informed the Exchange regarding a press release dated Jun 21, 2024, titled ""Maruti Suzuki FRONX Velocity Edition now available across all variants"".",,,Press Release,00:00:01,21062024171036,21-Jun-2024 17:10:37,-,False,,,105888056,Automobiles - 4 Wheelers,INE585B01010,Maruti Suzuki India Limited,2024-06-21 17:10:36,MARUTI
19-Jun-2024 17:28:29,,https://nsearchives.nseindia.com/corporate/MARUTI_19062024172829_Schedule_of_Investor_Meet.pdf,Maruti Suzuki India Limited has informed the Exchange about Schedule of meet,,,Analysts/Institutional Investor Meet/Con. Call Updates,00:00:01,19062024172829,19-Jun-2024 17:28:30,-,False,,,105885710,Automobiles - 4 Wheelers,INE585B01010,Maruti Suzuki India Limited,2024-06-19 17:28:29,MARUTI
01-Jun-2024 17:42:35,,https://nsearchives.nseindia.com/corporate/MARUTI_01062024174235_Production_May2024.pdf,Maruti Suzuki India Limited has informed the Exchange regarding 'Maruti Suzuki Production volume: May 2024'.,,,Updates,00:00:01,01062024174235,01-Jun-2024 17:42:36,-,False,,,105871871,Automobiles - 4 Wheelers,INE585B01010,Maruti Suzuki India Limited,2024-06-01 17:42:35,MARUTI
01-Jun-2024 13:49:30,,https://nsearchives.nseindia.com/corporate/MARUTI_01062024134930_Press_release_sales_01062024.pdf,"Maruti Suzuki India Limited has informed the Exchange regarding a press release dated Jun 01, 2024, titled ""Maruti Suzuki sales in May 2024"".",,,Press Release,00:00:01,01062024134930,01-Jun-2024 13:49:31,-,False,,,105871667,Automobiles - 4 Wheelers,INE585B01010,Maruti Suzuki India Limited,2024-06-01 13:49:30,MARUTI
01-Jun-2024 09:49:46,,https://nsearchives.nseindia.com/corporate/MARUTI_01062024094946_Price_reduction_01062024.pdf,Maruti Suzuki India Limited has informed the Exchange regarding 'Price reduction'.,,,Updates,00:00:01,01062024094946,01-Jun-2024 09:49:47,-,False,,,105871463,Automobiles - 4 Wheelers,INE585B01010,Maruti Suzuki India Limited,2024-06-01 09:49:46,MARUTI
16-May-2024 16:03:54,,https://nsearchives.nseindia.com/corporate/MARUTI_16052024160355_Intimation.pdf,"Maruti Suzuki India Limited has informed the Exchange regarding 'Intimation under Regulation 30 of SEBI (Listing Obligations & Disclosure Requirements)Regulations, 2015'.",,,Updates,00:00:09,16052024160354,16-May-2024 16:04:03,-,False,,,105849238,Automobiles - 4 Wheelers,INE585B01010,Maruti Suzuki India Limited,2024-05-16 16:03:54,MARUTI
13-May-2024 16:21:12,,https://nsearchives.nseindia.com/corporate/MARUTI_13052024162112_Fronx_intimation_signed.pdf,Maruti Suzuki India Limited has informed the Exchange regarding 'Introduction of 2 new variants in FRONX'.,,,Updates,00:00:05,13052024162112,13-May-2024 16:21:17,-,False,,,105844008,Automobiles - 4 Wheelers,INE585B01010,Maruti Suzuki India Limited,2024-05-13 16:21:12,MARUTI
13-May-2024 14:50:02,,https://nsearchives.nseindia.com/corporate/MARUTI_13052024145002_SMC_results_signed.pdf,Maruti Suzuki India Limited has informed the Exchange regarding 'Consolidated financial results issued by Suzuki Motor Corporation in Japan'.,,,Updates,00:00:06,13052024145002,13-May-2024 14:50:08,-,False,,,105843782,Automobiles - 4 Wheelers,INE585B01010,Maruti Suzuki India Limited,2024-05-13 14:50:02,MARUTI
09-May-2024 12:55:20,,https://nsearchives.nseindia.com/corporate/MARUTI_09052024125520_IntimationSwiftlaunch_signed.pdf,"Maruti Suzuki India Limited has informed the Exchange regarding a press release dated May 09, 2024, titled ""Maruti Suzuki launches Epic New Swift with all-new Z-Series engine"".",,,Press Release,00:00:06,09052024125520,09-May-2024 12:55:26,-,False,,,105839827,Automobiles - 4 Wheelers,INE585B01010,Maruti Suzuki India Limited,2024-05-09 12:55:20,MARUTI
03-May-2024 21:22:06,,https://nsearchives.nseindia.com/corporate/MARUTI_03052024212206_Covering_Transcript_Q4_FY_2024_signed.pdf,Maruti Suzuki India Limited has informed the Exchange about Transcript,,,Analysts/Institutional Investor Meet/Con. Call Updates,00:00:05,03052024212206,03-May-2024 21:22:11,-,False,,,105834044,Automobiles - 4 Wheelers,INE585B01010,Maruti Suzuki India Limited,2024-05-03 21:22:06,MARUTI
01-May-2024 17:31:40,,https://nsearchives.nseindia.com/corporate/MARUTI_01052024173140_ProductionApril2024_signed.pdf,Maruti Suzuki India Limited has informed the Exchange regarding 'Maruti Suzuki Production volume: April 2024'.,,,Updates,00:00:04,01052024173140,01-May-2024 17:31:44,-,False,,,105831083,Automobiles - 4 Wheelers,INE585B01010,Maruti Suzuki India Limited,2024-05-01 17:31:40,MARUTI
01-May-2024 14:41:17,,https://nsearchives.nseindia.com/corporate/MARUTI_01052024144117_SalesApril2024_signed.pdf,"Maruti Suzuki India Limited has informed the Exchange regarding a press release dated May 01, 2024, titled ""Maruti Suzuki sales in April 2024"".",,,Press Release,00:00:05,01052024144117,01-May-2024 14:41:22,-,False,,,105830978,Automobiles - 4 Wheelers,INE585B01010,Maruti Suzuki India Limited,2024-05-01 14:41:17,MARUTI
01-May-2024 10:10:53,,https://nsearchives.nseindia.com/corporate/MARUTI_01052024101053_IntimationofEpicnewSwift_signed.pdf,"Maruti Suzuki India Limited has informed the Exchange regarding a press release dated May 01, 2024, titled ""Maruti Suzuki commences pre-bookings for the much-awaited Epic New Swift"".",,,Press Release,00:00:05,01052024101053,01-May-2024 10:10:58,-,False,,,105830830,Automobiles - 4 Wheelers,INE585B01010,Maruti Suzuki India Limited,2024-05-01 10:10:53,MARUTI
30-Apr-2024 12:08:36,,https://nsearchives.nseindia.com/corporate/MARUTI_30042024120836_DelhiGSTauthority_Signed.pdf,"Maruti Suzuki India Limited has informed the Exchange regarding 'Intimation under Regulation 30 of SEBI (Listing Obligations & Disclosure Requirements) Regulations, 2015'.",,,Updates,00:00:20,30042024120836,30-Apr-2024 12:08:56,-,False,,,105829378,Automobiles - 4 Wheelers,INE585B01010,Maruti Suzuki India Limited,2024-04-30 12:08:36,MARUTI
27-Apr-2024 11:14:48,,https://nsearchives.nseindia.com/corporate/MARUTI_27042024111448_Newspaperintimation26Apr2024.pdf,Maruti Suzuki India Limited has informed the Exchange about Copy of Newspaper Publication,,,Copy of Newspaper Publication,00:00:05,27042024111448,27-Apr-2024 11:14:53,-,False,,,105827198,Automobiles - 4 Wheelers,INE585B01010,Maruti Suzuki India Limited,2024-04-27 11:14:48,MARUTI
26-Apr-2024 23:19:13,,https://nsearchives.nseindia.com/corporate/MARUTI_26042024231913_Audio_Recording_26042024signed.pdf,"Maruti Suzuki India Limited has informed the Exchange regarding 'Audio recording of the investors' call held on 26th April, 2024'.",,,Updates,00:00:07,26042024231913,26-Apr-2024 23:19:20,-,False,,,105827178,Automobiles - 4 Wheelers,INE585B01010,Maruti Suzuki India Limited,2024-04-26 23:19:13,MARUTI
26-Apr-2024 16:16:51,,https://nsearchives.nseindia.com/corporate/MARUTI_26042024161651_Book_Closure_26042024signed.pdf,Maruti Suzuki India Limited has informed the Exchange that Register of Members & Share Transfer Books of the Company will remain closed from 03-Aug-2024 to 27-Aug-2024 for the purpose of Dividend.,,,Book Closure,00:00:05,26042024161651,26-Apr-2024 16:16:56,-,False,,,105826489,Automobiles - 4 Wheelers,INE585B01010,Maruti Suzuki India Limited,2024-04-26 16:16:51,MARUTI
26-Apr-2024 16:04:25,,https://nsearchives.nseindia.com/corporate/MARUTI_26042024160425_Finalquickresultssigned.pdf,"Maruti Suzuki India Limited has informed the Exchange that Board of Directors at its meeting held on April 26, 2024, recommended Final Dividend of 125 per equity share.",,,Dividend,00:00:06,26042024160425,26-Apr-2024 16:04:31,-,False,,,105826466,Automobiles - 4 Wheelers,INE585B01010,Maruti Suzuki India Limited,2024-04-26 16:04:25,MARUTI
26-Apr-2024 15:58:07,,https://nsearchives.nseindia.com/corporate/MARUTI_26042024155807_Presentation26042024finalsigned.pdf,Maruti Suzuki India Limited has informed the Exchange about Investor Presentation,,,Investor Presentation,00:00:06,26042024155807,26-Apr-2024 15:58:13,-,False,,,105826453,Automobiles - 4 Wheelers,INE585B01010,Maruti Suzuki India Limited,2024-04-26 15:58:07,MARUTI
26-Apr-2024 15:53:43,,https://nsearchives.nseindia.com/corporate/MARUTI_26042024155343_PressReleasefinal26042024signed.pdf,"Maruti Suzuki India Limited has informed the Exchange regarding a press release dated April 26, 2024, titled ""Maruti Suzuki announces Financial Results for FY2023-24"".",,,Press Release,00:00:09,26042024155343,26-Apr-2024 15:53:52,-,False,,,105826443,Automobiles - 4 Wheelers,INE585B01010,Maruti Suzuki India Limited,2024-04-26 15:53:43,MARUTI
26-Apr-2024 15:48:37,,https://nsearchives.nseindia.com/corporate/Finalquickresultssigned_26042024154837.pdf,"Maruti Suzuki India Limited has submitted to the Exchange, the financial results for the period ended March 31, 2024.",,,Financial Result Updates,00:00:04,26042024154837,26-Apr-2024 15:48:41,-,False,,,161185,Automobiles - 4 Wheelers,INE585B01010,Maruti Suzuki India Limited,2024-04-26 15:48:37,MARUTI
25-Apr-2024 12:38:10,,https://nsearchives.nseindia.com/corporate/MARUTI_25042024123810_Intimation_Legal_Metrology_Department_signed.pdf,"Maruti Suzuki India Limited has informed the Exchange regarding 'Intimation under Regulation 30 of SEBI (Listing Obligations & Disclosure Requirements) Regulations, 2015'.",,,Updates,00:00:06,25042024123810,25-Apr-2024 12:38:16,-,False,,,105824771,Automobiles - 4 Wheelers,INE585B01010,Maruti Suzuki India Limited,2024-04-25 12:38:10,MARUTI
23-Apr-2024 16:09:40,,https://nsearchives.nseindia.com/corporate/MARUTI_23042024160941_Initimation_Investor_ConCall_signed.pdf,Maruti Suzuki India Limited has informed the Exchange about Schedule of meet,,,Analysts/Institutional Investor Meet/Con. Call Updates,00:00:06,23042024160940,23-Apr-2024 16:09:46,-,False,,,105822481,Automobiles - 4 Wheelers,INE585B01010,Maruti Suzuki India Limited,2024-04-23 16:09:40,MARUTI
22-Apr-2024 18:55:49,,https://nsearchives.nseindia.com/corporate/MARUTI_22042024185549_Intimation_Reg_30_Karnataka_Rajasthan_GST_signed.pdf,"Maruti Suzuki India Limited has informed the Exchange regarding 'Intimation under Regulation 30 of SEBI (Listing Obligations & Disclosure Requirements)Regulations, 2015'.",,,Updates,00:00:06,22042024185549,22-Apr-2024 18:55:55,-,False,,,105821609,Automobiles - 4 Wheelers,INE585B01010,Maruti Suzuki India Limited,2024-04-22 18:55:49,MARUTI
17-Apr-2024 12:57:00,,https://nsearchives.nseindia.com/corporate/MARUTI_17042024125700_Disclosure_Reg30_CustomOrder_17042024.pdf,"Maruti Suzuki India Limited has informed the Exchange regarding 'Intimation under Regulation 30 of SEBI (Listing Obligations & Disclosure Requirements) Regulations, 2015'.",,,Updates,00:00:06,17042024125700,17-Apr-2024 12:57:06,-,False,,,105817491,Automobiles - 4 Wheelers,INE585B01010,Maruti Suzuki India Limited,2024-04-17 12:57:00,MARUTI
16-Apr-2024 12:26:59,,https://nsearchives.nseindia.com/corporate/MARUTI_16042024122659_MARUTI.pdf,"Suzuki Motor Corporation��has Submitted to the Exchange a copy of Disclosure under Regulation 31(4) of the Securities and Exchange Board of India��(Substantial Acquisition of Shares and Takeovers) Regulations, 2011.��",,,Disclosure under SEBI Takeover Regulations,00:00:24,16042024122659,16-Apr-2024 12:27:23,-,False,,,105815641,Automobiles - 4 Wheelers,INE585B01010,Maruti Suzuki India Limited,2024-04-16 12:26:59,MARUTI
10-Apr-2024 13:24:38,,https://nsearchives.nseindia.com/corporate/MARUTI_10042024132438_PriceIncreaseintimation_10042024signed.pdf,Maruti Suzuki India Limited has informed the Exchange regarding 'Maruti Suzuki announces price increase for Swift & selected variants of Grand Vitara'.,,,Updates,00:00:05,10042024132438,10-Apr-2024 13:24:43,-,False,,,105811804,Automobiles - 4 Wheelers,INE585B01010,Maruti Suzuki India Limited,2024-04-10 13:24:38,MARUTI
09-Apr-2024 11:43:36,,https://nsearchives.nseindia.com/corporate/MARUTI_09042024114336_Press_Release_09042024.pdf,"Maruti Suzuki India Limited has informed the Exchange regarding a press release dated April 09, 2024, titled ""Maruti Suzuki expands manufacturing capability at Manesar plant: A new assembly line brings 100,000 units additional capacity"".",,,Press Release,00:00:06,09042024114336,09-Apr-2024 11:43:42,-,False,,,105810566,Automobiles - 4 Wheelers,INE585B01010,Maruti Suzuki India Limited,2024-04-09 11:43:36,MARUTI
08-Apr-2024 17:47:33,,https://nsearchives.nseindia.com/corporate/MARUTI_08042024174733_CCIdisclosuresigned.pdf,"Maruti Suzuki India Limited has informed the Exchange regarding 'Intimation under Regulation 30 of the Securities and Exchange Board of India (Listing Obligations and Disclosure Requirements) Regulations, 2015'.",,,Updates,00:00:05,08042024174733,08-Apr-2024 17:47:38,-,False,,,105809827,Automobiles - 4 Wheelers,INE585B01010,Maruti Suzuki India Limited,2024-04-08 17:47:33,MARUTI
01-Apr-2024 22:32:00,,https://nsearchives.nseindia.com/corporate/MARUTI_01042024223200_IncomeTaxIntimation_01042024signed.pdf,"Maruti Suzuki India Limited has informed the Exchange regarding 'Intimation under Regulation 30 of SEBI (Listing Obligations & Disclosure Requirements) Regulations, 2015'.",,,Updates,00:00:08,01042024223200,01-Apr-2024 22:32:08,-,False,,,105802832,Automobiles - 4 Wheelers,INE585B01010,Maruti Suzuki India Limited,2024-04-01 22:32:00,MARUTI
01-Apr-2024 18:05:19,,https://nsearchives.nseindia.com/corporate/MARUTI_01042024180519_ProductionMar24signed.pdf,Maruti Suzuki India Limited has informed the Exchange regarding 'Maruti Suzuki Production volume: March 2024'.,,,Updates,00:00:05,01042024180519,01-Apr-2024 18:05:24,-,False,,,105802598,Automobiles - 4 Wheelers,INE585B01010,Maruti Suzuki India Limited,2024-04-01 18:05:19,MARUTI
01-Apr-2024 14:32:28,,https://nsearchives.nseindia.com/corporate/MARUTI_01042024143228_SalesMarch2024signed.pdf,"Maruti Suzuki India Limited has informed the Exchange regarding a press release dated April 01, 2024, titled ""Maruti Suzuki sales in March 2024 and FY 2023-24"".",,,Press Release,00:00:05,01042024143228,01-Apr-2024 14:32:33,-,False,,,105802190,Automobiles - 4 Wheelers,INE585B01010,Maruti Suzuki India Limited,2024-04-01 14:32:28,MARUTI
27-Mar-2024 14:51:46,,https://nsearchives.nseindia.com/corporate/MARUTI_27032024145146_Letter_to_Stock_Exchange_SMP_final_signed.pdf,Maruti Suzuki India Limited has informed the Exchange about change in Management,,,Change in Management,00:00:07,27032024145146,27-Mar-2024 14:51:53,-,False,,,105795182,Automobiles - 4 Wheelers,INE585B01010,Maruti Suzuki India Limited,2024-03-27 14:51:46,MARUTI
23-Mar-2024 11:28:29,,https://nsearchives.nseindia.com/corporate/MARUTI_23032024112829_Press_Release_ALPL_23_03_2024.pdf,"Maruti Suzuki India Limited has informed the Exchange regarding a press release dated March 23, 2024, titled ""Maruti Suzuki takes up stake in machine learning & artificial intelligence-based startup"".",,,Press Release,00:00:05,23032024112829,23-Mar-2024 11:28:34,-,False,,,105792078,Automobiles - 4 Wheelers,INE585B01010,Maruti Suzuki India Limited,2024-03-23 11:28:29,MARUTI
22-Mar-2024 19:37:57,,https://nsearchives.nseindia.com/corporate/MARUTI_22032024193757_Acquisition_22_03_2024.pdf,Maruti Suzuki India Limited has informed the Exchange about Acquisition,,,Acquisition,00:00:06,22032024193757,22-Mar-2024 19:38:03,-,False,,,105791835,Automobiles - 4 Wheelers,INE585B01010,Maruti Suzuki India Limited,2024-03-22 19:37:57,MARUTI
22-Mar-2024 18:00:01,,https://nsearchives.nseindia.com/corporate/MARUTI_22032024180001_Recall_22_03_2024.pdf,"Maruti Suzuki India Limited has informed the Exchange regarding 'Recall of 11,851 units of Baleno and 4,190 units of WagonR'.",,,Updates,00:00:16,22032024180001,22-Mar-2024 18:00:17,-,False,,,105791676,Automobiles - 4 Wheelers,INE585B01010,Maruti Suzuki India Limited,2024-03-22 18:00:01,MARUTI
20-Mar-2024 17:09:11,,https://nsearchives.nseindia.com/corporate/MARUTI_20032024170911_Newspaper_intimation_Yamaguchi_20_03_2024.pdf,Maruti Suzuki India Limited has informed the Exchange about Copy of Newspaper Publication,,,Copy of Newspaper Publication,00:00:09,20032024170911,20-Mar-2024 17:09:20,-,False,,,105788982,Automobiles - 4 Wheelers,INE585B01010,Maruti Suzuki India Limited,2024-03-20 17:09:11,MARUTI
18-Mar-2024 19:19:40,,https://nsearchives.nseindia.com/corporate/MARUTI_18032024191940_FinalResultsforuploadsigned.pdf,"Maruti Suzuki India Limited has submitted the Exchange a copy Srutinizers report of  Postal Ballot. Further, the company has informed the Exchange regarding voting results.",,,Shareholders meeting,00:00:06,18032024191940,18-Mar-2024 19:19:46,-,False,,,105786825,Automobiles - 4 Wheelers,INE585B01010,Maruti Suzuki India Limited,2024-03-18 19:19:40,MARUTI
18-Mar-2024 18:44:42,,https://nsearchives.nseindia.com/corporate/MARUTI_18032024184442_Disclosure_under_Reg30_SCN_18_03_2024.pdf,"Maruti Suzuki India Limited has informed the Exchange regarding 'Intimation under Regulation 30 of SEBI (Listing Obligations and Disclosure Requirements) Regulations, 2015'.",,,Updates,00:00:05,18032024184442,18-Mar-2024 18:44:47,-,False,,,105786774,Automobiles - 4 Wheelers,INE585B01010,Maruti Suzuki India Limited,2024-03-18 18:44:42,MARUTI
14-Mar-2024 18:05:32,,https://nsearchives.nseindia.com/corporate/MARUTI_14032024180532_Reg_30_Custom_order_14_03_2024.pdf,"Maruti Suzuki India Limited has informed the Exchange regarding 'Intimation under Regulation 30 of SEBI (Listing Obligations & Disclosure Requirements) Regulations, 2015'.",,,Updates,00:00:05,14032024180532,14-Mar-2024 18:05:37,-,False,,,105784044,Automobiles - 4 Wheelers,INE585B01010,Maruti Suzuki India Limited,2024-03-14 18:05:32,MARUTI
12-Mar-2024 17:30:04,,https://nsearchives.nseindia.com/corporate/MARUTI_12032024173004_IntimationTradingWindowClosureQ4signed.pdf,"Maruti Suzuki India Limited has informed the Exchange regarding the Trading Window closure pursuant to SEBI (Prohibition of Insider Trading) Regulations, 2015",,,Trading Window,00:00:29,12032024173004,12-Mar-2024 17:30:33,-,False,,,105781726,Automobiles - 4 Wheelers,INE585B01010,Maruti Suzuki India Limited,2024-03-12 17:30:04,MARUTI
11-Mar-2024 17:45:26,,https://nsearchives.nseindia.com/corporate/MARUTI_11032024174526_CCIintimation11032024signed.pdf,"Maruti Suzuki India Limited has informed the Exchange regarding 'Intimation under Regulation 30 of the Securities and Exchange Board of India (Listing Obligations and Disclosure Requirements) Regulations, 2015'.",,,Updates,00:00:06,11032024174526,11-Mar-2024 17:45:32,-,False,,,105780602,Automobiles - 4 Wheelers,INE585B01010,Maruti Suzuki India Limited,2024-03-11 17:45:26,MARUTI
07-Mar-2024 17:44:15,,https://nsearchives.nseindia.com/corporate/MARUTI_07032024174416_Concall_Intimation_18032024_signed.pdf,Maruti Suzuki India Limited has informed the Exchange about Schedule of meet,,,Analysts/Institutional Investor Meet/Con. Call Updates,00:00:06,07032024174415,07-Mar-2024 17:44:21,-,False,,,105778790,Automobiles - 4 Wheelers,INE585B01010,Maruti Suzuki India Limited,2024-03-07 17:44:15,MARUTI
07-Mar-2024 17:31:17,,https://nsearchives.nseindia.com/corporate/MARUTI_07032024173118_Concall_Intimation_14032024_signed.pdf,Maruti Suzuki India Limited has informed the Exchange about Schedule of meet,,,Analysts/Institutional Investor Meet/Con. Call Updates,00:00:05,07032024173117,07-Mar-2024 17:31:22,-,False,,,105778776,Automobiles - 4 Wheelers,INE585B01010,Maruti Suzuki India Limited,2024-03-07 17:31:17,MARUTI
07-Mar-2024 16:56:20,,https://nsearchives.nseindia.com/corporate/MARUTI_07032024165620_Order_DCDRC_07032024_signed.pdf,"Maruti Suzuki India Limited has informed the Exchange regarding 'Intimation under Regulation 30 of SEBI (Listing Obligations & Disclosure Requirements) Regulations, 2015'.",,,Updates,00:00:05,07032024165620,07-Mar-2024 16:56:25,-,False,,,105778730,Automobiles - 4 Wheelers,INE585B01010,Maruti Suzuki India Limited,2024-03-07 16:56:20,MARUTI
06-Mar-2024 18:15:05,,https://nsearchives.nseindia.com/corporate/MARUTI_06032024181505_Cancellationofinvestorconcall_11032024_signed.pdf,Maruti Suzuki India Limited has informed the Exchange about Cancellation of Investor Meeting,,,Analysts/Institutional Investor Meet/Con. Call Updates,00:00:11,06032024181505,06-Mar-2024 18:15:16,-,False,,,105777693,Automobiles - 4 Wheelers,INE585B01010,Maruti Suzuki India Limited,2024-03-06 18:15:05,MARUTI
06-Mar-2024 12:09:23,,https://nsearchives.nseindia.com/corporate/MARUTI_06032024120923_Concall_Intimation_11032024_signed.pdf,Maruti Suzuki India Limited has informed the Exchange about Schedule of meet,,,Analysts/Institutional Investor Meet/Con. Call Updates,00:00:06,06032024120923,06-Mar-2024 12:09:29,-,False,,,105777282,Automobiles - 4 Wheelers,INE585B01010,Maruti Suzuki India Limited,2024-03-06 12:09:23,MARUTI
01-Mar-2024 16:20:18,,https://nsearchives.nseindia.com/corporate/MARUTI_01032024162018_ProdFeb2024.pdf,Maruti Suzuki India Limited has informed the Exchange regarding 'Maruti Suzuki Production volume: February 2024'.,,,Updates,00:00:05,01032024162018,01-Mar-2024 16:20:23,-,False,,,105773990,Automobiles - 4 Wheelers,INE585B01010,Maruti Suzuki India Limited,2024-03-01 16:20:18,MARUTI
01-Mar-2024 15:08:49,,https://nsearchives.nseindia.com/corporate/MARUTI_01032024150849_SalesFeb2024signed.pdf,"Maruti Suzuki India Limited has informed the Exchange regarding a press release dated March 01, 2024, titled ""Maruti Suzuki sales in February 2024"".",,,Press Release,00:00:07,01032024150849,01-Mar-2024 15:08:56,-,False,,,105773891,Automobiles - 4 Wheelers,INE585B01010,Maruti Suzuki India Limited,2024-03-01 15:08:49,MARUTI
28-Feb-2024 18:33:53,,https://nsearchives.nseindia.com/corporate/MARUTI_28022024183353_Custom_intimation_final_signed.pdf,"Maruti Suzuki India Limited has informed the Exchange regarding 'Intimation under Regulation 30 of SEBI (Listing Obligations & Disclosure Requirements) Regulations, 2015'.",,,Updates,00:00:05,28022024183353,28-Feb-2024 18:33:58,-,False,,,105771861,Automobiles - 4 Wheelers,INE585B01010,Maruti Suzuki India Limited,2024-02-28 18:33:53,MARUTI
28-Feb-2024 14:33:18,,https://nsearchives.nseindia.com/corporate/MARUTI_28022024143318_PH_Court_Intimation_signed.pdf,"Maruti Suzuki India Limited has informed the Exchange regarding 'Intimation under Regulation 30 of SEBI (Listing Obligations & Disclosure Requirements) Regulations, 2015'.",,,Updates,00:00:04,28022024143318,28-Feb-2024 14:33:22,-,False,,,105771533,Automobiles - 4 Wheelers,INE585B01010,Maruti Suzuki India Limited,2024-02-28 14:33:18,MARUTI
21-Feb-2024 09:59:55,,https://nsearchives.nseindia.com/corporate/MARUTI_21022024095955_Inquiry_21_02_2024.pdf,"Maruti Suzuki India Limited has informed the Exchange regarding 'Intimation under Regulation 30 of SEBI (Listing Obligations & Disclosure Requirements) Regulations, 2015'.",,,Updates,00:00:06,21022024095955,21-Feb-2024 10:00:01,-,False,,,105765469,Automobiles - 4 Wheelers,INE585B01010,Maruti Suzuki India Limited,2024-02-21 09:59:55,MARUTI
15-Feb-2024 12:38:30,,https://nsearchives.nseindia.com/corporate/MARUTI_15022024123830_Concall_Intimation_20022024signed.pdf,Maruti Suzuki India Limited has informed the Exchange about Schedule of meet,,,Analysts/Institutional Investor Meet/Con. Call Updates,00:00:05,15022024123830,15-Feb-2024 12:38:35,-,False,,,105760902,Automobiles - 4 Wheelers,INE585B01010,Maruti Suzuki India Limited,2024-02-15 12:38:30,MARUTI
14-Feb-2024 11:02:56,,https://nsearchives.nseindia.com/corporate/MARUTI_14022024110256_NP_Advt_Intimation_PB_2024.pdf,Maruti Suzuki India Limited has informed the Exchange about Copy of Newspaper Publication,,,Copy of Newspaper Publication,00:00:04,14022024110256,14-Feb-2024 11:03:00,-,False,,,105758927,Automobiles - 4 Wheelers,INE585B01010,Maruti Suzuki India Limited,2024-02-14 11:02:56,MARUTI
13-Feb-2024 17:35:55,,https://nsearchives.nseindia.com/corporate/MARUTI_13022024173555_Reg30SMGintimationsigned.pdf,"Maruti Suzuki India Limited has informed the Exchange regarding 'Intimation under Regulation 30 of SEBI (Listing Obligations & Disclosure Requirements) Regulations, 2015'.",,,Updates,00:00:09,13022024173555,13-Feb-2024 17:36:04,-,False,,,105758116,Automobiles - 4 Wheelers,INE585B01010,Maruti Suzuki India Limited,2024-02-13 17:35:55,MARUTI
13-Feb-2024 16:43:02,,https://nsearchives.nseindia.com/corporate/MARUTI_13022024164302_PostalBallotNoticesigned.pdf,Maruti Suzuki India Limited has informed the Exchange regarding Notice of Postal Ballot,,,Shareholders meeting,00:00:06,13022024164302,13-Feb-2024 16:43:08,-,False,,,105757954,Automobiles - 4 Wheelers,INE585B01010,Maruti Suzuki India Limited,2024-02-13 16:43:02,MARUTI
13-Feb-2024 11:28:06,,https://nsearchives.nseindia.com/corporate/MARUTI_13022024112806_Intimationsigned.pdf,"Maruti Suzuki India Limited has informed the Exchange regarding 'Intimation under Regulation 30 of SEBI (Listing Obligations & Disclosure Requirements) Regulations, 2015'.",,,Updates,00:00:07,13022024112806,13-Feb-2024 11:28:13,-,False,,,105757429,Automobiles - 4 Wheelers,INE585B01010,Maruti Suzuki India Limited,2024-02-13 11:28:06,MARUTI
08-Feb-2024 21:30:44,,https://nsearchives.nseindia.com/corporate/MARUTI_08022024213044_Concall_Intimation_08022024signed.pdf,Maruti Suzuki India Limited has informed the Exchange about Schedule of meet,,,Analysts/Institutional Investor Meet/Con. Call Updates,00:00:05,08022024213044,08-Feb-2024 21:30:49,-,False,,,105752825,Automobiles - 4 Wheelers,INE585B01010,Maruti Suzuki India Limited,2024-02-08 21:30:44,MARUTI
06-Feb-2024 18:32:51,,https://nsearchives.nseindia.com/corporate/MARUTI_06022024183251_TranscriptQ3signed.pdf,Maruti Suzuki India Limited has informed the Exchange about Transcript,,,Analysts/Institutional Investor Meet/Con. Call Updates,00:00:07,06022024183251,06-Feb-2024 18:32:58,-,False,,,105749086,Automobiles - 4 Wheelers,INE585B01010,Maruti Suzuki India Limited,2024-02-06 18:32:51,MARUTI
02-Feb-2024 18:58:19,,https://nsearchives.nseindia.com/corporate/MARUTI_02022024185819_Reg30SMGCustomssigned.pdf,"Maruti Suzuki India Limited has informed the Exchange regarding 'Intimation under Regulation 30 of SEBI (Listing Obligations & Disclosure Requirements) Regulations, 2015'.",,,Updates,00:00:07,02022024185819,02-Feb-2024 18:58:26,-,False,,,105745148,Automobiles - 4 Wheelers,INE585B01010,Maruti Suzuki India Limited,2024-02-02 18:58:19,MARUTI
02-Feb-2024 16:56:38,,https://nsearchives.nseindia.com/corporate/MARUTI_02022024165638_IntimationCCI02022024signed.pdf,"Maruti Suzuki India Limited has informed the Exchange regarding 'Intimation under Regulation 30 of the Securities and Exchange Board of India (Listing Obligations and Disclosure Requirements) Regulations, 2015'.",,,Updates,00:00:07,02022024165638,02-Feb-2024 16:56:45,-,False,,,105744732,Automobiles - 4 Wheelers,INE585B01010,Maruti Suzuki India Limited,2024-02-02 16:56:38,MARUTI
01-Feb-2024 18:05:11,,https://nsearchives.nseindia.com/corporate/MARUTI_01022024180511_Newspaperintimationsignedforupload.pdf,Maruti Suzuki India Limited has informed the Exchange about Copy of Newspaper Publication,,,Copy of Newspaper Publication,00:00:12,01022024180511,01-Feb-2024 18:05:23,-,False,,,105743083,Automobiles - 4 Wheelers,INE585B01010,Maruti Suzuki India Limited,2024-02-01 18:05:11,MARUTI
01-Feb-2024 16:39:55,,https://nsearchives.nseindia.com/corporate/MARUTI_01022024163955_IntimationProdJan24.pdf,Maruti Suzuki India Limited has informed the Exchange regarding 'Maruti Suzuki Production volume: January 2024'.,,,Updates,00:00:06,01022024163955,01-Feb-2024 16:40:01,-,False,,,105742812,Automobiles - 4 Wheelers,INE585B01010,Maruti Suzuki India Limited,2024-02-01 16:39:55,MARUTI
01-Feb-2024 14:46:52,,https://nsearchives.nseindia.com/corporate/MARUTI_01022024144652_SalesJan2024.pdf,"Maruti Suzuki India Limited has informed the Exchange regarding a press release dated February 01, 2024, titled ""Maruti Suzuki sales in January 2024"".",,,Press Release,00:00:04,01022024144652,01-Feb-2024 14:46:56,-,False,,,105742435,Automobiles - 4 Wheelers,INE585B01010,Maruti Suzuki India Limited,2024-02-01 14:46:52,MARUTI
31-Jan-2024 22:43:14,,https://nsearchives.nseindia.com/corporate/MARUTI_31012024224314_IntimationQ3signed.pdf,"Maruti Suzuki India Limited has informed the Exchange regarding 'Audio recording of the investors' call held on 31st January, 2024'.",,,Updates,00:00:05,31012024224314,31-Jan-2024 22:43:19,-,False,,,105741629,Automobiles - 4 Wheelers,INE585B01010,Maruti Suzuki India Limited,2024-01-31 22:43:14,MARUTI
31-Jan-2024 17:45:30,,https://nsearchives.nseindia.com/corporate/MARUTI_31012024174530_Customsintimation31012024.pdf,"Maruti Suzuki India Limited has informed the Exchange regarding 'Intimation under Regulation 30 of SEBI (Listing Obligations & Disclosure Requirements) Regulations, 2015'.",,,Updates,00:00:07,31012024174530,31-Jan-2024 17:45:37,-,False,,,105741161,Automobiles - 4 Wheelers,INE585B01010,Maruti Suzuki India Limited,2024-01-31 17:45:30,MARUTI
31-Jan-2024 13:53:51,,https://nsearchives.nseindia.com/corporate/MARUTI_31012024135351_Presentationforupload.pdf,Maruti Suzuki India Limited has informed the Exchange about Investor Presentation,,,Investor Presentation,00:00:07,31012024135351,31-Jan-2024 13:53:58,-,False,,,105740565,Automobiles - 4 Wheelers,INE585B01010,Maruti Suzuki India Limited,2024-01-31 13:53:51,MARUTI
31-Jan-2024 13:50:36,,https://nsearchives.nseindia.com/corporate/MARUTI_31012024135036_PressReleaseforupload.pdf,"Maruti Suzuki India Limited has informed the Exchange regarding a press release dated January 31, 2024, titled ""Maruti Suzuki Financial Results Q3 and 9M FY 2023-24"".",,,Press Release,00:00:05,31012024135036,31-Jan-2024 13:50:41,-,False,,,105740554,Automobiles - 4 Wheelers,INE585B01010,Maruti Suzuki India Limited,2024-01-31 13:50:36,MARUTI
31-Jan-2024 13:46:37,,https://nsearchives.nseindia.com/corporate/MARUTI_31012024134637_WTDOutcomeNSEBSEforupload.pdf,Maruti Suzuki India Limited has informed the Exchange regarding Change in Director(s) of the company.,,,Change in Director(s),00:00:07,31012024134637,31-Jan-2024 13:46:44,-,False,,,105740548,Automobiles - 4 Wheelers,INE585B01010,Maruti Suzuki India Limited,2024-01-31 13:46:37,MARUTI
31-Jan-2024 13:42:33,,https://nsearchives.nseindia.com/corporate/FinalResultsNSEBSE_31012024134233.pdf,"Maruti Suzuki India Limited has submitted to the Exchange, the financial results for the period ended December 31, 2023.",,,Financial Result Updates,00:00:04,31012024134233,31-Jan-2024 13:42:37,-,False,,,159430,Automobiles - 4 Wheelers,INE585B01010,Maruti Suzuki India Limited,2024-01-31 13:42:33,MARUTI
26-Jan-2024 13:57:49,,https://nsearchives.nseindia.com/corporate/MARUTI_26012024135749_ConcallIntimationSigned.pdf,Maruti Suzuki India Limited has informed the Exchange about Schedule of meet,,,Analysts/Institutional Investor Meet/Con. Call Updates,00:00:06,26012024135749,26-Jan-2024 13:57:55,-,False,,,105736726,Automobiles - 4 Wheelers,INE585B01010,Maruti Suzuki India Limited,2024-01-26 13:57:49,MARUTI
19-Jan-2024 16:59:28,,https://nsearchives.nseindia.com/corporate/MARUTI_19012024165928_ODRSTxIntimation.pdf,Maruti Suzuki India Limited has informed the Exchange regarding 'Awareness about Online Dispute Resolution Mechanism introduced by the Securities and Exchange Board of India (SEBI)'.,,,Updates,00:00:08,19012024165928,19-Jan-2024 16:59:36,-,False,,,105730354,Automobiles - 4 Wheelers,INE585B01010,Maruti Suzuki India Limited,2024-01-19 16:59:28,MARUTI
18-Jan-2024 17:02:49,,https://nsearchives.nseindia.com/corporate/MARUTI_18012024170249_Reg30closingletterintimation.pdf,"Maruti Suzuki India Limited has informed the Exchange regarding 'Intimation under Regulation 30 of SEBI (Listing Obligations & Disclosure Requirements) Regulations, 2015'.",,,Updates,00:00:08,18012024170249,18-Jan-2024 17:02:57,-,False,,,105729062,Automobiles - 4 Wheelers,INE585B01010,Maruti Suzuki India Limited,2024-01-18 17:02:49,MARUTI
16-Jan-2024 11:11:36,,https://nsearchives.nseindia.com/corporate/MARUTI_16012024111136_PriceIncreaseIntimation16012024.pdf,Maruti Suzuki India Limited has informed the Exchange regarding 'Maruti Suzuki announces price increase'.,,,Updates,00:00:04,16012024111136,16-Jan-2024 11:11:40,-,False,,,105726399,Automobiles - 4 Wheelers,INE585B01010,Maruti Suzuki India Limited,2024-01-16 11:11:36,MARUTI
15-Jan-2024 17:47:30,,https://nsearchives.nseindia.com/corporate/MARUTI_15012024174730_Reg30Intimation15012024.pdf,"Maruti Suzuki India Limited has informed the Exchange regarding 'Intimation under Regulation 30 of SEBI (Listing Obligations & Disclosure Requirements) Regulations, 2015'.",,,Updates,00:00:06,15012024174730,15-Jan-2024 17:47:36,-,False,,,105725709,Automobiles - 4 Wheelers,INE585B01010,Maruti Suzuki India Limited,2024-01-15 17:47:30,MARUTI
12-Jan-2024 17:22:10,,https://nsearchives.nseindia.com/corporate/MARUTI_12012024172210_AdequacyYamaguchisan.pdf,"MARUTI:The Exchange has sought clarification from Maruti Suzuki India Limited with respect to announcement dated 26-Dec-2023, regarding Appointment of Mr. Kazunari Yamaguchi as Non- Executive Director of the company w.e.f. January 02, 2024. On basis of above the Company was required to clarify following: 1. Affirmation that the person appointed as Director is not debarred from holding the office by virtue of any SEBI Order or any other authority. The response of the Company is enclosed.",,,Reply to Clarification Sought,00:00:07,12012024172210,12-Jan-2024 17:22:17,-,False,,,105724024,Automobiles - 4 Wheelers,INE585B01010,Maruti Suzuki India Limited,2024-01-12 17:22:10,MARUTI
11-Jan-2024 18:13:26,,https://nsearchives.nseindia.com/corporate/MARUTI_11012024181326_SNCIntimationFinal.pdf,"Maruti Suzuki India Limited has informed the Exchange regarding 'Intimation under Regulation 30 of SEBI (Listing Obligations & Disclosure Requirements) Regulations, 2015'.",,,Updates,00:00:16,11012024181326,11-Jan-2024 18:13:42,-,False,,,105722940,Automobiles - 4 Wheelers,INE585B01010,Maruti Suzuki India Limited,2024-01-11 18:13:26,MARUTI
10-Jan-2024 18:21:39,,-,"MARUTI: The Exchange has sought clarification from Maruti Suzuki India Limited with respect to announcement dated 26-Dec-2023, regarding Appointment of Mr. Kazunari Yamaguchi as Non- Executive Director of the company w.e.f. January 02, 2024. On basis of above the Company is required to clarify following: 1.��Affirmation that the person appointed as Director is not debarred from holding the office by virtue of any SEBI Order or any other authority. The response of the Company is awaited.",,,Clarification,00:00:10,10012024182139,10-Jan-2024 18:21:49,-,False,,,105721737,Automobiles - 4 Wheelers,INE585B01010,Maruti Suzuki India Limited,2024-01-10 18:21:39,MARUTI
10-Jan-2024 12:08:39,,https://nsearchives.nseindia.com/corporate/MARUTI_10012024120839_IntimationVibrantGujarat10012024.pdf,"Maruti Suzuki India Limited has informed the Exchange regarding a press release dated January 10, 2024, titled ""Maruti Suzuki plans more investments in Gujarat with a New Greenfield Plant and a fourth line in SMG"".",,,Press Release,00:00:06,10012024120839,10-Jan-2024 12:08:45,-,False,,,105721158,Automobiles - 4 Wheelers,INE585B01010,Maruti Suzuki India Limited,2024-01-10 12:08:39,MARUTI
09-Jan-2024 10:33:36,,https://nsearchives.nseindia.com/corporate/MARUTI_09012024103336_IntimationReg30SMG08012024.pdf,"Maruti Suzuki India Limited has informed the Exchange regarding 'Intimation under Regulation 30 of SEBI (Listing Obligations & Disclosure Requirements) Regulations, 2015'.",,,Updates,00:00:08,09012024103336,09-Jan-2024 10:33:44,-,False,,,105719705,Automobiles - 4 Wheelers,INE585B01010,Maruti Suzuki India Limited,2024-01-09 10:33:36,MARUTI
04-Jan-2024 10:16:04,,https://nsearchives.nseindia.com/corporate/MARUTI_04012024101604_IntimationReg30.pdf,"Maruti Suzuki India Limited has informed the Exchange regarding 'Intimation under Regulation 30 of SEBI (Listing Obligations & Disclosure Requirements) Regulations, 2015'.",,,Updates,00:00:07,04012024101604,04-Jan-2024 10:16:11,-,False,,,105715437,Automobiles - 4 Wheelers,INE585B01010,Maruti Suzuki India Limited,2024-01-04 10:16:04,MARUTI
03-Jan-2024 17:14:10,,https://nsearchives.nseindia.com/corporate/MARUTI_03012024171410_IntimationReg30.pdf,"Maruti Suzuki India Limited has informed the Exchange regarding 'Intimation under Regulation 30 of SEBI (Listing Obligations & Disclosure Requirements) Regulations, 2015'.",,,Updates,00:00:06,03012024171410,03-Jan-2024 17:14:16,-,False,,,105714913,Automobiles - 4 Wheelers,INE585B01010,Maruti Suzuki India Limited,2024-01-03 17:14:10,MARUTI
02-Jan-2024 18:48:05,,https://nsearchives.nseindia.com/corporate/MARUTI_02012024184805_IntimationReg30.pdf,"Maruti Suzuki India Limited has informed the Exchange regarding 'Intimation under Regulation 30 of SEBI (Listing Obligations & Disclosure Requirements) Regulations, 2015'.",,,Updates,00:00:06,02012024184805,02-Jan-2024 18:48:11,-,False,,,105714000,Automobiles - 4 Wheelers,INE585B01010,Maruti Suzuki India Limited,2024-01-02 18:48:05,MARUTI
02-Jan-2024 17:19:32,,https://nsearchives.nseindia.com/corporate/MARUTI_02012024171932_IntimationProdDecember2023.pdf,Maruti Suzuki India Limited has informed the Exchange regarding 'Maruti Suzuki Production volume: December 2023'.,,,Updates,00:00:15,02012024171932,02-Jan-2024 17:19:47,-,False,,,105713839,Automobiles - 4 Wheelers,INE585B01010,Maruti Suzuki India Limited,2024-01-02 17:19:32,MARUTI
01-Jan-2024 18:31:41,,https://nsearchives.nseindia.com/corporate/MARUTI_01012024183141_Contact_Details.pdf,Maruti Suzuki India Limited has informed the Exchange regarding 'Contact details of Key Managerial Personnel'.,,,Updates,00:00:07,01012024183141,01-Jan-2024 18:31:48,-,False,,,105712905,Automobiles - 4 Wheelers,INE585B01010,Maruti Suzuki India Limited,2024-01-01 18:31:41,MARUTI
01-Jan-2024 12:40:11,,https://nsearchives.nseindia.com/corporate/MARUTI_01012024124011_SalesDecember2023.pdf,"Maruti Suzuki India Limited has informed the Exchange regarding a press release dated January 01, 2024, titled ""Maruti Suzuki sales in December 2023"".",,,Press Release,00:00:05,01012024124011,01-Jan-2024 12:40:16,-,False,,,105712451,Automobiles - 4 Wheelers,INE585B01010,Maruti Suzuki India Limited,2024-01-01 12:40:11,MARUTI
26-Dec-2023 14:29:01,,https://nsearchives.nseindia.com/corporate/MARUTI_26122023142901_IntimationYamaguchisan26122023signed.pdf,"Maruti Suzuki India Limited has informed the Exchange regarding Appointment of Mr Kazunari Yamaguchi as Non- Executive Director of the company w.e.f. January 02, 2024.",,,Appointment,00:00:05,26122023142901,26-Dec-2023 14:29:06,-,False,,,105705278,Automobiles - 4 Wheelers,INE585B01010,Maruti Suzuki India Limited,2023-12-26 14:29:01,MARUTI
21-Dec-2023 17:54:46,,https://nsearchives.nseindia.com/corporate/MARUTI_21122023175446_FINAL_RESIGN_YAMASHITA.pdf,Maruti Suzuki India Limited has informed the Exchange regarding Change in Director(s) of the company.,,,Change in Director(s),00:00:04,21122023175446,21-Dec-2023 17:54:50,-,False,,,105702617,Automobiles - 4 Wheelers,INE585B01010,Maruti Suzuki India Limited,2023-12-21 17:54:46,MARUTI
21-Dec-2023 16:15:05,,https://nsearchives.nseindia.com/corporate/MARUTI_21122023161505_IntimationCCI.pdf,"Maruti Suzuki India Limited has informed the Exchange regarding 'Intimation under Regulation 30 of the Securities and Exchange Board of India (Listing Obligations and Disclosure Requirements) Regulations, 2015'.",,,Updates,00:00:06,21122023161505,21-Dec-2023 16:15:11,-,False,,,105702447,Automobiles - 4 Wheelers,INE585B01010,Maruti Suzuki India Limited,2023-12-21 16:15:05,MARUTI
17-Dec-2023 09:08:26,,https://nsearchives.nseindia.com/corporate/MARUTI_17122023090826_RoySir.pdf,"Maruti Suzuki India Limited has informed the Exchange regarding Demise of Mr P K Roy, Other of the company on December 16, 2023.",,,Demise,00:00:05,17122023090826,17-Dec-2023 09:08:31,-,False,,,105698791,Automobiles - 4 Wheelers,INE585B01010,Maruti Suzuki India Limited,2023-12-17 09:08:26,MARUTI
13-Dec-2023 18:21:36,,https://nsearchives.nseindia.com/corporate/MARUTI_13122023182136_IntimationTradingWindowClosureQ3.pdf,"Maruti Suzuki India Limited has informed the Exchange regarding the Trading Window closure pursuant to SEBI (Prohibition of Insider Trading) Regulations, 2015",,,Trading Window,00:00:07,13122023182136,13-Dec-2023 18:21:43,-,False,,,105695972,Automobiles - 4 Wheelers,INE585B01010,Maruti Suzuki India Limited,2023-12-13 18:21:36,MARUTI
07-Dec-2023 17:40:46,,https://nsearchives.nseindia.com/corporate/MARUTI_07122023174046_Reg30_GST_Order_07122023.pdf,"Maruti Suzuki India Limited has informed the Exchange regarding 'Intimation under Regulation 30 of SEBI (Listing Obligations & Disclosure Requirements) Regulations, 2015'.",,,Updates,00:00:11,07122023174046,07-Dec-2023 17:40:57,-,False,,,105691688,Automobiles - 4 Wheelers,INE585B01010,Maruti Suzuki India Limited,2023-12-07 17:40:46,MARUTI
06-Dec-2023 10:39:53,,https://nsearchives.nseindia.com/corporate/MARUTI_06122023103953_LegibleFRQ2FY202324_06122023.pdf,"Maruti Suzuki India Limited has informed the Exchange regarding 'Un-audited financial results for the quarter ended on 30th September, 2023'.",,,Updates,00:00:06,06122023103953,06-Dec-2023 10:39:59,-,False,,,105690432,Automobiles - 4 Wheelers,INE585B01010,Maruti Suzuki India Limited,2023-12-06 10:39:53,MARUTI
01-Dec-2023 18:09:41,,https://nsearchives.nseindia.com/corporate/MARUTI_01122023180941_ProductionNov01122023.pdf,Maruti Suzuki India Limited has informed the Exchange regarding 'Maruti Suzuki Production volume: November 2023'.,,,Updates,00:00:06,01122023180941,01-Dec-2023 18:09:47,-,False,,,105687931,Automobiles - 4 Wheelers,INE585B01010,Maruti Suzuki India Limited,2023-12-01 18:09:41,MARUTI
01-Dec-2023 17:54:25,,https://nsearchives.nseindia.com/corporate/MARUTI_01122023175425_Investormeetintimation.pdf,Maruti Suzuki India Limited has informed the Exchange about Schedule of meet,,,Analysts/Institutional Investor Meet/Con. Call Updates,00:00:04,01122023175425,01-Dec-2023 17:54:29,-,False,,,105687885,Automobiles - 4 Wheelers,INE585B01010,Maruti Suzuki India Limited,2023-12-01 17:54:25,MARUTI
01-Dec-2023 13:42:04,,https://nsearchives.nseindia.com/corporate/MARUTI_01122023134204_Sales01122023.pdf,"Maruti Suzuki India Limited has informed the Exchange regarding a press release dated December 01, 2023, titled ""Maruti Suzuki sales in November 2023"".",,,Press Release,00:00:09,01122023134204,01-Dec-2023 13:42:13,-,False,,,105687632,Automobiles - 4 Wheelers,INE585B01010,Maruti Suzuki India Limited,2023-12-01 13:42:04,MARUTI
27-Nov-2023 13:29:34,,https://nsearchives.nseindia.com/corporate/MARUTI_27112023132934_Advanceintimation27112023.pdf,"Maruti Suzuki India Limited has informed the Exchange regarding 'Advance intimation regarding Price Increase in January, 2024'.",,,Updates,00:00:07,27112023132934,27-Nov-2023 13:29:41,-,False,,,105684108,Automobiles - 4 Wheelers,INE585B01010,Maruti Suzuki India Limited,2023-11-27 13:29:34,MARUTI
24-Nov-2023 09:19:27,,https://nsearchives.nseindia.com/corporate/MARUTI_24112023091927_Outcome24112023.pdf,"Maruti Suzuki India Limited has informed the Exchange regarding  Board meeting held on November 24, 2023.",,,Outcome of Board Meeting,00:00:06,24112023091927,24-Nov-2023 09:19:33,-,False,,,105682829,Automobiles - 4 Wheelers,INE585B01010,Maruti Suzuki India Limited,2023-11-24 09:19:27,MARUTI
21-Nov-2023 16:37:09,,https://nsearchives.nseindia.com/corporate/MARUTI_21112023163710_IntimationTradingWindow24112023.pdf,"Maruti Suzuki India Limited has informed the Exchange regarding the Trading Window closure pursuant to SEBI (Prohibition of Insider Trading) Regulations, 2015",,,Trading Window,00:00:06,21112023163709,21-Nov-2023 16:37:15,-,False,,,105680409,Automobiles - 4 Wheelers,INE585B01010,Maruti Suzuki India Limited,2023-11-21 16:37:09,MARUTI
18-Nov-2023 18:58:28,,https://nsearchives.nseindia.com/corporate/MARUTI_18112023185828_VotingResultsScrutinizersReport.pdf,"Maruti Suzuki India Limited has submitted the Exchange a copy Srutinizers report of  Postal Ballot. Further, the company has informed the Exchange regarding voting results.",,,Shareholders meeting,00:00:07,18112023185828,18-Nov-2023 18:58:35,-,False,,,105679043,Automobiles - 4 Wheelers,INE585B01010,Maruti Suzuki India Limited,2023-11-18 18:58:28,MARUTI
02-Nov-2023 22:04:22,,https://nsearchives.nseindia.com/corporate/MARUTI_02112023220422_Transcript.pdf,Maruti Suzuki India Limited has informed the Exchange about Transcript,,,Analysts/Institutional Investor Meet/Con. Call Updates,00:00:04,02112023220422,02-Nov-2023 22:04:26,-,False,,,105663079,Automobiles - 4 Wheelers,INE585B01010,Maruti Suzuki India Limited,2023-11-02 22:04:22,MARUTI
02-Nov-2023 20:56:58,,https://nsearchives.nseindia.com/corporate/MARUTI_02112023205658_CCI02112023.pdf,"Maruti Suzuki India Limited has informed the Exchange regarding 'Intimation under Regulation 30 of the Securities and Exchange Board of India (Listing Obligations and Disclosure Requirements) Regulations, 2015'.",,,Updates,00:00:11,02112023205658,02-Nov-2023 20:57:09,-,False,,,105663046,Automobiles - 4 Wheelers,INE585B01010,Maruti Suzuki India Limited,2023-11-02 20:56:58,MARUTI
02-Nov-2023 17:11:23,,https://nsearchives.nseindia.com/corporate/MARUTI_02112023171123_ProductionOct2023.pdf,Maruti Suzuki India Limited has informed the Exchange regarding 'Maruti Suzuki Production volume: October 2023'.,,,Updates,00:00:05,02112023171123,02-Nov-2023 17:11:28,-,False,,,105662546,Automobiles - 4 Wheelers,INE585B01010,Maruti Suzuki India Limited,2023-11-02 17:11:23,MARUTI
01-Nov-2023 22:40:14,,https://nsearchives.nseindia.com/corporate/MARUTI_01112023224014_Investormeetintimation.pdf,Maruti Suzuki India Limited has informed the Exchange about Schedule of meet,,,Analysts/Institutional Investor Meet/Con. Call Updates,00:00:05,01112023224014,01-Nov-2023 22:40:19,-,False,,,105661550,Automobiles - 4 Wheelers,INE585B01010,Maruti Suzuki India Limited,2023-11-01 22:40:14,MARUTI
01-Nov-2023 15:48:04,,https://nsearchives.nseindia.com/corporate/MARUTI_01112023154804_SCNIntimation.pdf,"Maruti Suzuki India Limited has informed the Exchange regarding 'Intimation under Regulation 30 of SEBI (Listing Obligations & Disclosure Requirements) Regulations, 2015'.",,,Updates,00:00:08,01112023154804,01-Nov-2023 15:48:12,-,False,,,105660702,Automobiles - 4 Wheelers,INE585B01010,Maruti Suzuki India Limited,2023-11-01 15:48:04,MARUTI
01-Nov-2023 13:03:29,,https://nsearchives.nseindia.com/corporate/MARUTI_01112023130329_SalesintimationOctober.pdf,"Maruti Suzuki India Limited has informed the Exchange regarding a press release dated November 01, 2023, titled ""Maruti Suzuki sales in October 2023"".",,,Press Release,00:00:08,01112023130329,01-Nov-2023 13:03:37,-,False,,,105660401,Automobiles - 4 Wheelers,INE585B01010,Maruti Suzuki India Limited,2023-11-01 13:03:29,MARUTI
28-Oct-2023 13:24:25,,https://nsearchives.nseindia.com/corporate/MARUTI_28102023132425_Newspaperintimation.pdf,Maruti Suzuki India Limited has informed the Exchange about Copy of Newspaper Publication,,,Copy of Newspaper Publication,00:00:07,28102023132425,28-Oct-2023 13:24:32,-,False,,,105656181,Automobiles - 4 Wheelers,INE585B01010,Maruti Suzuki India Limited,2023-10-28 13:24:25,MARUTI
28-Oct-2023 06:56:47,,https://nsearchives.nseindia.com/corporate/MARUTI_28102023065647_IntimationQ2.pdf,"Maruti Suzuki India Limited has informed the Exchange regarding 'Audio recording of the investors'' call held on 27th October, 2023'.",,,Updates,00:00:07,28102023065647,28-Oct-2023 06:56:54,-,False,,,105656083,Automobiles - 4 Wheelers,INE585B01010,Maruti Suzuki India Limited,2023-10-28 06:56:47,MARUTI
27-Oct-2023 13:53:06,,https://nsearchives.nseindia.com/corporate/MARUTI_27102023135306_Presentation.pdf,Maruti Suzuki India Limited has informed the Exchange about Investor Presentation,,,Investor Presentation,00:00:06,27102023135306,27-Oct-2023 13:53:12,-,False,,,105655151,Automobiles - 4 Wheelers,INE585B01010,Maruti Suzuki India Limited,2023-10-27 13:53:06,MARUTI
27-Oct-2023 13:48:07,,https://nsearchives.nseindia.com/corporate/MARUTI_27102023134807_Pressrelease.pdf,"Maruti Suzuki India Limited has informed the Exchange regarding a press release dated October 27, 2023, titled ""Maruti Suzuki Financial Results Q2 and H1 FY 2023-24"".",,,Press Release,00:00:09,27102023134807,27-Oct-2023 13:48:16,-,False,,,105655144,Automobiles - 4 Wheelers,INE585B01010,Maruti Suzuki India Limited,2023-10-27 13:48:07,MARUTI
27-Oct-2023 13:44:34,,https://nsearchives.nseindia.com/corporate/Resultsoutcomefinal_27102023134434.pdf,"Maruti Suzuki India Limited has submitted to the Exchange, the financial results for the period ended September 30, 2023.",,,Financial Result Updates,00:00:06,27102023134434,27-Oct-2023 13:44:40,-,False,,,156928,Automobiles - 4 Wheelers,INE585B01010,Maruti Suzuki India Limited,2023-10-27 13:44:34,MARUTI
24-Oct-2023 14:27:29,,https://nsearchives.nseindia.com/corporate/MARUTI_24102023142729_Intimation24102023.pdf,Maruti Suzuki India Limited has informed the Exchange about Investor Presentation,,,Investor Presentation,00:00:04,24102023142729,24-Oct-2023 14:27:33,-,False,,,105652195,Automobiles - 4 Wheelers,INE585B01010,Maruti Suzuki India Limited,2023-10-24 14:27:29,MARUTI
21-Oct-2023 15:47:22,,https://nsearchives.nseindia.com/corporate/MARUTI_21102023154722_Intimation.pdf,Maruti Suzuki India Limited has informed the Exchange about Schedule of meet,,,Analysts/Institutional Investor Meet/Con. Call Updates,20:19:09,21102023154722,22-Oct-2023 12:06:31,-,False,,,105650763,Automobiles - 4 Wheelers,INE585B01010,Maruti Suzuki India Limited,2023-10-21 15:47:22,MARUTI
19-Oct-2023 12:29:47,,https://nsearchives.nseindia.com/corporate/MARUTI_19102023122947_Investormeetintimation.pdf,Maruti Suzuki India Limited has informed the Exchange about Schedule of meet,,,Analysts/Institutional Investor Meet/Con. Call Updates,00:00:12,19102023122947,19-Oct-2023 12:29:59,-,False,,,105648456,Automobiles - 4 Wheelers,INE585B01010,Maruti Suzuki India Limited,2023-10-19 12:29:47,MARUTI
18-Oct-2023 17:34:13,,https://nsearchives.nseindia.com/corporate/MARUTI_18102023173413_Intimation.pdf,"Maruti Suzuki India Limited has informed the Exchange regarding 'Intimation under Regulation 30 of SEBI (Listing Obligations & Disclosure Requirements) Regulations, 2015'.",,,Updates,00:00:08,18102023173413,18-Oct-2023 17:34:21,-,False,,,105647659,Automobiles - 4 Wheelers,INE585B01010,Maruti Suzuki India Limited,2023-10-18 17:34:13,MARUTI
18-Oct-2023 16:07:28,,https://nsearchives.nseindia.com/corporate/MARUTI_18102023160728_NewspaperIntimation.pdf,Maruti Suzuki India Limited has informed the Exchange about Copy of Newspaper Publication,,,Copy of Newspaper Publication,00:00:10,18102023160728,18-Oct-2023 16:07:38,-,False,,,105647517,Automobiles - 4 Wheelers,INE585B01010,Maruti Suzuki India Limited,2023-10-18 16:07:28,MARUTI
17-Oct-2023 17:20:06,,https://nsearchives.nseindia.com/corporate/MARUTI_17102023172006_IntimationPBN17102023.pdf,Maruti Suzuki India Limited has informed the Exchange regarding Notice of Postal Ballot,,,Shareholders meeting,00:00:16,17102023172006,17-Oct-2023 17:20:22,-,False,,,105646380,Automobiles - 4 Wheelers,INE585B01010,Maruti Suzuki India Limited,2023-10-17 17:20:06,MARUTI
17-Oct-2023 10:06:59,,https://nsearchives.nseindia.com/corporate/MARUTI_17102023100659_12.pdf,Maruti Suzuki India Limited has informed the Exchange about Memorandum of Understanding/Agreements,,,Memorandum of Understanding/Agreements,00:00:10,17102023100659,17-Oct-2023 10:07:09,-,False,,,105645845,Automobiles - 4 Wheelers,INE585B01010,Maruti Suzuki India Limited,2023-10-17 10:06:59,MARUTI
17-Oct-2023 10:04:56,,https://nsearchives.nseindia.com/corporate/MARUTI_17102023100456_11.pdf,Maruti Suzuki India Limited has informed the Exchange about Acquisition,,,Acquisition,00:00:04,17102023100456,17-Oct-2023 10:05:00,-,False,,,105645844,Automobiles - 4 Wheelers,INE585B01010,Maruti Suzuki India Limited,2023-10-17 10:04:56,MARUTI
17-Oct-2023 10:02:41,,https://nsearchives.nseindia.com/corporate/MARUTI_17102023100241_10.pdf,"Maruti Suzuki India Limited has informed the Exchange regarding  Board meeting held on October 17, 2023.",,,Outcome of Board Meeting,00:00:06,17102023100241,17-Oct-2023 10:02:47,-,False,,,105645843,Automobiles - 4 Wheelers,INE585B01010,Maruti Suzuki India Limited,2023-10-17 10:02:41,MARUTI
11-Oct-2023 17:05:03,,https://nsearchives.nseindia.com/corporate/MARUTI_11102023170503_Intimation.pdf,"Maruti Suzuki India Limited has informed the Exchange regarding a press release dated October 11, 2023, titled ""Maruti Suzuki commences export of India-manufactured Jimny 5-Door"".",,,Press Release,00:00:15,11102023170503,11-Oct-2023 17:05:18,-,False,,,105641678,Automobiles - 4 Wheelers,INE585B01010,Maruti Suzuki India Limited,2023-10-11 17:05:03,MARUTI
09-Oct-2023 19:59:18,,https://nsearchives.nseindia.com/corporate/MARUTI_09102023195919_CustomsIntimation.pdf,"Maruti Suzuki India Limited has informed the Exchange regarding 'Intimation under Regulation 30 of SEBI (Listing Obligations & Disclosure Requirements) Regulations, 2015'.",,,Updates,00:00:06,09102023195918,09-Oct-2023 19:59:24,-,False,,,105639666,Automobiles - 4 Wheelers,INE585B01010,Maruti Suzuki India Limited,2023-10-09 19:59:18,MARUTI
09-Oct-2023 13:45:31,,https://nsearchives.nseindia.com/corporate/MARUTI_09102023134531_Finalintimation.pdf,"Maruti Suzuki India Limited has informed the Exchange regarding 'Presentation for shareholders, analysts and proxy advisors'.",,,Updates,00:00:07,09102023134531,09-Oct-2023 13:45:38,-,False,,,105639137,Automobiles - 4 Wheelers,INE585B01010,Maruti Suzuki India Limited,2023-10-09 13:45:31,MARUTI
04-Oct-2023 17:48:07,,https://nsearchives.nseindia.com/corporate/MARUTI_04102023174807_Intimation.pdf,"Maruti Suzuki India Limited has informed the Exchange regarding 'Intimation under Regulation 30 of SEBI (Listing Obligations & Disclosure Requirements) Regulations, 2015'.",,,Updates,00:00:08,04102023174807,04-Oct-2023 17:48:15,-,False,,,105635759,Automobiles - 4 Wheelers,INE585B01010,Maruti Suzuki India Limited,2023-10-04 17:48:07,MARUTI
03-Oct-2023 18:03:56,,https://nsearchives.nseindia.com/corporate/MARUTI_03102023180356_Intimation.pdf,"Maruti Suzuki India Limited has informed the Exchange regarding 'Intimation under Regulation 30 of SEBI (Listing Obligations & Disclosure Requirements) Regulations, 2015'.",,,Updates,00:00:06,03102023180356,03-Oct-2023 18:04:02,-,False,,,105634765,Automobiles - 4 Wheelers,INE585B01010,Maruti Suzuki India Limited,2023-10-03 18:03:56,MARUTI
03-Oct-2023 15:44:44,,https://nsearchives.nseindia.com/corporate/MARUTI_03102023154444_Production.pdf,Maruti Suzuki India Limited has informed the Exchange regarding 'Maruti Suzuki Production volume: September 2023'.,,,Updates,00:00:05,03102023154444,03-Oct-2023 15:44:49,-,False,,,105634550,Automobiles - 4 Wheelers,INE585B01010,Maruti Suzuki India Limited,2023-10-03 15:44:44,MARUTI
02-Oct-2023 13:36:28,,https://nsearchives.nseindia.com/corporate/MARUTI_02102023133628_Sales.pdf,"Maruti Suzuki India Limited has informed the Exchange regarding a press release dated October 01, 2023, titled ""Maruti Suzuki sales in September 2023"".",,,Press Release,00:00:06,02102023133628,02-Oct-2023 13:36:34,-,False,,,105633883,Automobiles - 4 Wheelers,INE585B01010,Maruti Suzuki India Limited,2023-10-02 13:36:28,MARUTI
29-Sep-2023 19:22:17,,https://nsearchives.nseindia.com/corporate/MARUTI_29092023192217_Intimation.pdf,"Maruti Suzuki India Limited has informed the Exchange regarding 'Intimation under Regulation 30 of SEBI (Listing Obligations and Disclosure Requirements) Regulations, 2015'.",,,Updates,00:00:05,29092023192217,29-Sep-2023 19:22:22,-,False,,,105632062,Automobiles - 4 Wheelers,INE585B01010,Maruti Suzuki India Limited,2023-09-29 19:22:17,MARUTI
19-Sep-2023 12:24:40,,https://nsearchives.nseindia.com/corporate/MARUTI_19092023122440_Intimation.pdf,Maruti Suzuki India Limited has informed the Exchange about Copy of Newspaper Publication,,,Copy of Newspaper Publication,00:00:05,19092023122440,19-Sep-2023 12:24:45,-,False,,,105621452,Automobiles - 4 Wheelers,INE585B01010,Maruti Suzuki India Limited,2023-09-19 12:24:40,MARUTI
16-Sep-2023 00:27:06,,https://nsearchives.nseindia.com/corporate/MARUTI_16092023002706_IntimationTradingWindowClosureQ2.pdf,"Maruti Suzuki India Limited has informed the Exchange regarding the Trading Window closure pursuant to SEBI (Prohibition of Insider Trading) Regulations, 2015",,,Trading Window,00:00:09,16092023002706,16-Sep-2023 00:27:15,-,False,,,105620218,Automobiles - 4 Wheelers,INE585B01010,Maruti Suzuki India Limited,2023-09-16 00:27:06,MARUTI
01-Sep-2023 17:30:29,,https://nsearchives.nseindia.com/corporate/MARUTI_01092023173029_Production_August_2023.pdf,"Maruti Suzuki India Limited has informed the Exchange regarding 'Maruti Suzuki Production Volume: August, 2023'.",,,Updates,00:01:09,01092023173029,01-Sep-2023 17:31:38,-,False,,,105606835,Automobiles - 4 Wheelers,INE585B01010,Maruti Suzuki India Limited,2023-09-01 17:30:29,MARUTI
01-Sep-2023 13:14:27,,https://nsearchives.nseindia.com/corporate/MARUTI_01092023131427_PR_Sales_August_2023.pdf,"Maruti Suzuki India Limited has informed the Exchange regarding a press release dated September 01, 2023, titled ""Maruti Suzuki sales in August, 2023"".",,,Press Release,00:00:08,01092023131427,01-Sep-2023 13:14:35,-,False,,,105606433,Automobiles - 4 Wheelers,INE585B01010,Maruti Suzuki India Limited,2023-09-01 13:14:27,MARUTI
31-Aug-2023 18:11:36,,https://nsearchives.nseindia.com/corporate/MARUTI_31082023181136_Scrutinizer_report_Votingresults.pdf,"Maruti Suzuki India Limited has submitted the Exchange a copy Srutinizers report of  Annual General Meeting held on August 29, 2023. Further, the company has informed the Exchange regarding voting results.",,,Shareholders meeting,00:00:02,31082023181136,31-Aug-2023 18:11:38,-,False,,,105605425,Automobiles - 4 Wheelers,INE585B01010,Maruti Suzuki India Limited,2023-08-31 18:11:36,MARUTI
29-Aug-2023 17:41:04,,https://nsearchives.nseindia.com/corporate/MARUTI_29082023174104_Proceedings_of_42nd_AGM.pdf,"Maruti Suzuki India Limited has informed the Exchange regarding Proceedings of Annual General Meeting held on August 29, 2023",,,Shareholders meeting,00:00:05,29082023174104,29-Aug-2023 17:41:09,-,False,,,105603041,Automobiles - 4 Wheelers,INE585B01010,Maruti Suzuki India Limited,2023-08-29 17:41:04,MARUTI
29-Aug-2023 12:34:51,,https://nsearchives.nseindia.com/corporate/MARUTI_29082023123451_BMOutcome.pdf,Maruti Suzuki India Limited has informed the Exchange about change in Chief Financial Officer,,,Change in Management,00:00:06,29082023123451,29-Aug-2023 12:34:57,-,False,,,105602599,Automobiles - 4 Wheelers,INE585B01010,Maruti Suzuki India Limited,2023-08-29 12:34:51,MARUTI
24-Aug-2023 13:44:02,,https://nsearchives.nseindia.com/corporate/MARUTI_24082023134402_CancellationofInvestorMeetingSigned.pdf,Maruti Suzuki India Limited has informed the Exchange about Cancellation of investor meeting,,,Analysts/Institutional Investor Meet/Con. Call Updates,00:00:04,24082023134402,24-Aug-2023 13:44:06,-,False,,,105598514,Automobiles - 4 Wheelers,INE585B01010,Maruti Suzuki India Limited,2023-08-24 13:44:02,MARUTI
22-Aug-2023 23:50:30,,https://nsearchives.nseindia.com/corporate/MARUTI_22082023235030_Intimation.pdf,"Maruti Suzuki India Limited has informed the Exchange regarding the Trading Window closure pursuant to SEBI (Prohibition of Insider Trading) Regulations, 2015",,,Trading Window,00:00:10,22082023235030,22-Aug-2023 23:50:40,-,False,,,105596947,Automobiles - 4 Wheelers,INE585B01010,Maruti Suzuki India Limited,2023-08-22 23:50:30,MARUTI
21-Aug-2023 19:43:32,,https://nsearchives.nseindia.com/corporate/MARUTI_21082023194332_Intimation_of_Investor_Meet_21082023.pdf,Maruti Suzuki India Limited has informed the Exchange about Schedule of meet,,,Analysts/Institutional Investor Meet/Con. Call Updates,00:00:38,21082023194332,21-Aug-2023 19:44:10,-,False,,,105595411,Automobiles - 4 Wheelers,INE585B01010,Maruti Suzuki India Limited,2023-08-21 19:43:32,MARUTI
06-Aug-2023 11:16:27,,https://nsearchives.nseindia.com/corporate/MARUTI_06082023111627_Newspaper.pdf,Maruti Suzuki India Limited has informed the Exchange about Copy of Newspaper Publication,,,Copy of Newspaper Publication,12:59:02,06082023111627,07-Aug-2023 00:15:29,-,False,,,105579192,Automobiles - 4 Wheelers,INE585B01010,Maruti Suzuki India Limited,2023-08-06 11:16:27,MARUTI
05-Aug-2023 19:26:39,,https://nsearchives.nseindia.com/corporate/MARUTI_05082023192639_BRSR.pdf,Maruti Suzuki India Limited has informed the Exchange regarding 'Business Responsibility and Sustainability Report (BRSR) for the financial year 2022-23'.,,,Updates,28:40:20,05082023192639,07-Aug-2023 00:06:59,-,False,,,105579073,Automobiles - 4 Wheelers,INE585B01010,Maruti Suzuki India Limited,2023-08-05 19:26:39,MARUTI
05-Aug-2023 19:06:52,,https://nsearchives.nseindia.com/corporate/MARUTI_05082023190652_AnnualReport.pdf,"Maruti Suzuki India Limited has informed the Exchange regarding Notice of Annual General Meeting to be held on August 29, 2023",,,Shareholders meeting,28:58:49,05082023190652,07-Aug-2023 00:05:41,-,False,,,105579052,Automobiles - 4 Wheelers,INE585B01010,Maruti Suzuki India Limited,2023-08-05 19:06:52,MARUTI
04-Aug-2023 15:55:45,,https://nsearchives.nseindia.com/corporate/MARUTI_04082023155545_Transcript.pdf,Maruti Suzuki India Limited has informed the Exchange about Transcript,,,Analysts/Institutional Investor Meet/Con. Call Updates,00:00:14,04082023155545,04-Aug-2023 15:55:59,-,False,,,105577345,Automobiles - 4 Wheelers,INE585B01010,Maruti Suzuki India Limited,2023-08-04 15:55:45,MARUTI
03-Aug-2023 16:29:01,,https://nsearchives.nseindia.com/corporate/MARUTI_03082023162901_Intimation.pdf,"Maruti Suzuki India Limited has informed the Exchange regarding the Trading Window closure pursuant to SEBI (Prohibition of Insider Trading) Regulations, 2015",,,Trading Window,00:00:12,03082023162901,03-Aug-2023 16:29:13,-,False,,,105575848,Automobiles - 4 Wheelers,INE585B01010,Maruti Suzuki India Limited,2023-08-03 16:29:01,MARUTI
02-Aug-2023 23:16:47,,https://nsearchives.nseindia.com/corporate/MARUTI_02082023231647_Invicto.pdf,Maruti Suzuki India Limited has informed the Exchange regarding 'Maruti Suzuki Invicto is now equipped with 'Rear Seat Belt Reminder''.,,,Updates,00:00:13,02082023231647,02-Aug-2023 23:17:00,-,False,,,105575064,Automobiles - 4 Wheelers,INE585B01010,Maruti Suzuki India Limited,2023-08-02 23:16:47,MARUTI
01-Aug-2023 21:35:48,,https://nsearchives.nseindia.com/corporate/MARUTI_01082023213548_Intimation.pdf,Maruti Suzuki India Limited has informed the Exchange about Copy of Newspaper Publication,,,Copy of Newspaper Publication,00:00:14,01082023213548,01-Aug-2023 21:36:02,-,False,,,105573285,Automobiles - 4 Wheelers,INE585B01010,Maruti Suzuki India Limited,2023-08-01 21:35:48,MARUTI
01-Aug-2023 17:54:57,,https://nsearchives.nseindia.com/corporate/MARUTI_01082023175457_Production.pdf,Maruti Suzuki India Limited has informed the Exchange regarding 'Maruti Suzuki Production volume: July 2023'.,,,Updates,00:00:14,01082023175457,01-Aug-2023 17:55:11,-,False,,,105572972,Automobiles - 4 Wheelers,INE585B01010,Maruti Suzuki India Limited,2023-08-01 17:54:57,MARUTI
01-Aug-2023 15:24:10,,https://nsearchives.nseindia.com/corporate/MARUTI_01082023152410_Sales.pdf,"Maruti Suzuki India Limited has informed the Exchange regarding a press release dated August 01, 2023, titled ""Maruti Suzuki sales in July 2023"".",,,Press Release,00:00:31,01082023152410,01-Aug-2023 15:24:41,-,False,,,105572643,Automobiles - 4 Wheelers,INE585B01010,Maruti Suzuki India Limited,2023-08-01 15:24:10,MARUTI
31-Jul-2023 23:58:12,,https://nsearchives.nseindia.com/corporate/MARUTI_31072023235812_Intimation.pdf,"Maruti Suzuki India Limited has informed the Exchange regarding 'Audio recording of the investors' call held on 31st July, 2023'.",,,Updates,00:00:15,31072023235812,31-Jul-2023 23:58:27,-,False,,,105572050,Automobiles - 4 Wheelers,INE585B01010,Maruti Suzuki India Limited,2023-07-31 23:58:12,MARUTI
31-Jul-2023 16:07:14,,https://nsearchives.nseindia.com/corporate/MARUTI_31072023160714_IntimationPresentation.pdf,Maruti Suzuki India Limited has informed the Exchange about Investor Presentation,,,Investor Presentation,00:00:21,31072023160714,31-Jul-2023 16:07:35,-,False,,,105571139,Automobiles - 4 Wheelers,INE585B01010,Maruti Suzuki India Limited,2023-07-31 16:07:14,MARUTI
31-Jul-2023 16:04:15,,https://nsearchives.nseindia.com/corporate/MARUTI_31072023160415_PressReleaseIntimation.pdf,"Maruti Suzuki India Limited has informed the Exchange regarding a press release dated July 31, 2023, titled ""Press Release on the financial results for the quarter ended 30th June, 2023"".",,,Press Release,00:00:15,31072023160415,31-Jul-2023 16:04:30,-,False,,,105571128,Automobiles - 4 Wheelers,INE585B01010,Maruti Suzuki India Limited,2023-07-31 16:04:15,MARUTI
31-Jul-2023 15:59:11,,https://nsearchives.nseindia.com/corporate/MARUTI_31072023155911_ChangeinDirectorIntimation.pdf,Maruti Suzuki India Limited has informed the Exchange regarding Change in Director(s) of the company.,,,Change in Director(s),00:00:14,31072023155911,31-Jul-2023 15:59:25,-,False,,,105571120,Automobiles - 4 Wheelers,INE585B01010,Maruti Suzuki India Limited,2023-07-31 15:59:11,MARUTI
31-Jul-2023 15:54:36,,https://nsearchives.nseindia.com/corporate/MARUTI_31072023155436_SMGIntimation.pdf,Maruti Suzuki India Limited has informed the Exchange about Acquisition,,,Acquisition,00:00:22,31072023155436,31-Jul-2023 15:54:58,-,False,,,105571112,Automobiles - 4 Wheelers,INE585B01010,Maruti Suzuki India Limited,2023-07-31 15:54:36,MARUTI
31-Jul-2023 15:51:57,,https://nsearchives.nseindia.com/corporate/BMOutcomeResults_31072023155157.pdf,"Maruti Suzuki India Limited has submitted to the Exchange, the financial results for the period ended June 30, 2023.",,,Financial Result Updates,00:00:10,31072023155157,31-Jul-2023 15:52:07,-,False,,,155074,Automobiles - 4 Wheelers,INE585B01010,Maruti Suzuki India Limited,2023-07-31 15:51:57,MARUTI
26-Jul-2023 10:45:22,,https://nsearchives.nseindia.com/corporate/MARUTI_26072023104522_Intimation.pdf,Maruti Suzuki India Limited has informed the Exchange about Schedule of meet,,,Analysts/Institutional Investor Meet/Con. Call Updates,00:00:07,26072023104522,26-Jul-2023 10:45:29,-,False,,,105565925,Automobiles - 4 Wheelers,INE585B01010,Maruti Suzuki India Limited,2023-07-26 10:45:22,MARUTI
24-Jul-2023 18:24:05,,https://nsearchives.nseindia.com/corporate/MARUTI_24072023182405_FinalRecall.pdf,"Maruti Suzuki India Limited has informed the Exchange regarding 'Recall of 87,599 vehicles'.",,,Updates,00:00:07,24072023182405,24-Jul-2023 18:24:12,-,False,,,105564108,Automobiles - 4 Wheelers,INE585B01010,Maruti Suzuki India Limited,2023-07-24 18:24:05,MARUTI
17-Jul-2023 16:47:11,,https://nsearchives.nseindia.com/corporate/MARUTI_17072023164711_Intimation.pdf,Maruti Suzuki India Limited has informed the Exchange regarding 'Maruti Suzuki Grand Vitara is now equipped with  Acoustic Vehicle Alerting System -AVAS'.,,,Updates,00:00:23,17072023164711,17-Jul-2023 16:47:34,-,False,,,105557596,Automobiles - 4 Wheelers,INE585B01010,Maruti Suzuki India Limited,2023-07-17 16:47:11,MARUTI
15-Jul-2023 10:07:34,,https://nsearchives.nseindia.com/corporate/MARUTI_15072023100734_Intimation.pdf,Maruti Suzuki India Limited has informed the Exchange about Copy of Newspaper Publication,,,Copy of Newspaper Publication,00:00:11,15072023100734,15-Jul-2023 10:07:45,-,False,,,105556516,Automobiles - 4 Wheelers,INE585B01010,Maruti Suzuki India Limited,2023-07-15 10:07:34,MARUTI
12-Jul-2023 11:37:08,,https://nsearchives.nseindia.com/corporate/MARUTI_12072023113709_Fronx.pdf,"Maruti Suzuki India Limited has informed the Exchange regarding a press release dated July 12, 2023, titled ""Maruti Suzuki introduces S-CNG technology in its Sporty SUV FRONX at NEXA"".",,,Press Release,00:00:16,12072023113708,12-Jul-2023 11:37:24,-,False,,,105553131,Automobiles - 4 Wheelers,INE585B01010,Maruti Suzuki India Limited,2023-07-12 11:37:08,MARUTI
08-Jul-2023 13:52:38,,https://nsearchives.nseindia.com/corporate/MARUTI_08072023135238_TDS.pdf,Maruti Suzuki India Limited has informed the Exchange regarding 'Communication on deduction of tax at source'.,,,Updates,00:00:08,08072023135238,08-Jul-2023 13:52:46,-,False,,,105550178,Automobiles - 4 Wheelers,INE585B01010,Maruti Suzuki India Limited,2023-07-08 13:52:38,MARUTI
05-Jul-2023 13:13:02,,https://nsearchives.nseindia.com/corporate/MARUTI_05072023131302_Invicto.pdf,"Maruti Suzuki India Limited has informed the Exchange regarding a press release dated July 05, 2023, titled ""Maruti Suzuki Launches the INVICTO: A New Era of Luxury, Starting at Rs. 24.79 lakh"".",,,Press Release,00:00:11,05072023131302,05-Jul-2023 13:13:13,-,False,,,105547019,Automobiles - 4 Wheelers,INE585B01010,Maruti Suzuki India Limited,2023-07-05 13:13:02,MARUTI
03-Jul-2023 13:30:17,,https://nsearchives.nseindia.com/corporate/MARUTI_03072023133017_Production_June2023.pdf,Maruti Suzuki India Limited has informed the Exchange regarding 'Maruti Suzuki Production Volume: June 2023'.,,,Updates,00:00:10,03072023133017,03-Jul-2023 13:30:27,-,False,,,105545022,Automobiles - 4 Wheelers,INE585B01010,Maruti Suzuki India Limited,2023-07-03 13:30:17,MARUTI
01-Jul-2023 12:49:35,,https://nsearchives.nseindia.com/corporate/MARUTI_01072023124935_Sales.pdf,"Maruti Suzuki India Limited has informed the Exchange regarding a press release dated July 01, 2023, titled ""Maruti Suzuki sales in June 2023"".",,,Press Release,00:00:07,01072023124935,01-Jul-2023 12:49:42,-,False,,,105544363,Automobiles - 4 Wheelers,INE585B01010,Maruti Suzuki India Limited,2023-07-01 12:49:35,MARUTI
29-Jun-2023 16:00:16,,https://nsearchives.nseindia.com/corporate/MARUTI_29062023160016_Intimation.pdf,Maruti Suzuki India Limited has informed the Exchange about Copy of Newspaper Publication,,,Copy of Newspaper Publication,00:00:04,29062023160016,29-Jun-2023 16:00:20,-,False,,,105542000,Automobiles - 4 Wheelers,INE585B01010,Maruti Suzuki India Limited,2023-06-29 16:00:16,MARUTI
19-Jun-2023 13:08:43,,https://nsearchives.nseindia.com/corporate/MARUTI_19062023130843_Invicto.pdf,"Maruti Suzuki India Limited has informed the Exchange regarding a press release dated Jun 19, 2023, titled ""Maruti Suzuki commences bookings for its upcoming premium 3-Row UV-  INVICTO "".",,,Press Release,00:00:02,19062023130843,19-Jun-2023 13:08:45,-,False,,,105533242,Automobiles - 4 Wheelers,INE585B01010,Maruti Suzuki India Limited,2023-06-19 13:08:43,MARUTI
13-Jun-2023 12:34:15,,https://nsearchives.nseindia.com/corporate/MARUTI_13062023123415_MSIL1.pdf,"Suzuki Motor Corporation has Submitted to the Exchange a copy of Disclosure under Regulation 31(4) of the Securities and Exchange Board of India (Substantial Acquisition of Shares and Takeovers) Regulations, 2011.",,,Disclosure under SEBI Takeover Regulations,00:00:08,13062023123415,13-Jun-2023 12:34:23,-,False,,,105479844,Automobiles - 4 Wheelers,INE585B01010,Maruti Suzuki India Limited,2023-06-13 12:34:15,MARUTI
13-Jun-2023 09:07:15,,https://nsearchives.nseindia.com/corporate/MARUTI_13062023090715_MPV.pdf,Maruti Suzuki India Limited has informed the Exchange regarding 'Introduction of new Multi-Purpose Vehicle (MPV)'.,,,Updates,00:00:05,13062023090715,13-Jun-2023 09:07:20,-,False,,,105528985,Automobiles - 4 Wheelers,INE585B01010,Maruti Suzuki India Limited,2023-06-13 09:07:15,MARUTI
09-Jun-2023 14:59:00,,https://nsearchives.nseindia.com/corporate/MARUTI_09062023145900_H1.pdf,"Maruti Suzuki India Limited has informed the Exchange regarding a press release dated Jun 09, 2023, titled ""Maruti Suzuki launches the All-New Tour H1   India s favourite entry-level commercial hatchback"".",,,Press Release,00:00:05,09062023145900,09-Jun-2023 14:59:05,-,False,,,105527299,Automobiles - 4 Wheelers,INE585B01010,Maruti Suzuki India Limited,2023-06-09 14:59:00,MARUTI
07-Jun-2023 10:25:33,,https://nsearchives.nseindia.com/corporate/MARUTI_07062023102533_Jimny.pdf,"Maruti Suzuki India Limited has informed the Exchange regarding a press release dated Jun 07, 2023, titled ""Take the Road Less Travelled with the Iconic Jimny!"".",,,Press Release,00:00:04,07062023102533,07-Jun-2023 10:25:37,-,False,,,105525216,Automobiles - 4 Wheelers,INE585B01010,Maruti Suzuki India Limited,2023-06-07 10:25:33,MARUTI
06-Jun-2023 11:53:36,,https://nsearchives.nseindia.com/corporate/MARUTI_06062023115336_Concall.pdf,Maruti Suzuki India Limited has informed the Exchange about Schedule of meet,,,Analysts/Institutional Investor Meet/Con. Call Updates,00:00:04,06062023115336,06-Jun-2023 11:53:40,-,False,,,105524405,Automobiles - 4 Wheelers,INE585B01010,Maruti Suzuki India Limited,2023-06-06 11:53:36,MARUTI
05-Jun-2023 17:35:11,,https://nsearchives.nseindia.com/corporate/MARUTI_05062023173511_IntimationTradingWindowClosureQ1.pdf,"Maruti Suzuki India Limited has informed the Exchange regarding the Trading Window closure pursuant to SEBI (Prohibition of Insider Trading) Regulations, 2015",,,Trading Window,00:00:03,05062023173511,05-Jun-2023 17:35:14,-,False,,,105523753,Automobiles - 4 Wheelers,INE585B01010,Maruti Suzuki India Limited,2023-06-05 17:35:11,MARUTI
01-Jun-2023 15:58:47,,https://nsearchives.nseindia.com/corporate/MARUTI_01062023155848_Production.pdf,Maruti Suzuki India Limited has informed the Exchange regarding 'Maruti Suzuki Production Volume: May 2023'.,,,Updates,00:00:04,01062023155847,01-Jun-2023 15:58:51,-,False,,,105521249,Automobiles - 4 Wheelers,INE585B01010,Maruti Suzuki India Limited,2023-06-01 15:58:47,MARUTI
01-Jun-2023 12:23:53,,https://nsearchives.nseindia.com/corporate/MARUTI_01062023122353_Sales_May2023.pdf,"Maruti Suzuki India Limited has informed the Exchange regarding a press release dated Jun 01, 2023, titled ""Maruti Suzuki sales in May 2023"".",,,Press Release,00:00:05,01062023122353,01-Jun-2023 12:23:58,-,False,,,105520969,Automobiles - 4 Wheelers,INE585B01010,Maruti Suzuki India Limited,2023-06-01 12:23:53,MARUTI
30-May-2023 17:34:57,,https://nsearchives.nseindia.com/corporate/MARUTI_30052023173457_ASCR.pdf,"Annual Secretarial Compliance Report for the financial year ended on 31 March, 2023",,,Annual Secretarial Compliance Report,00:00:14,30052023173457,30-May-2023 17:35:11,-,False,,,105517941,Automobiles - 4 Wheelers,INE585B01010,Maruti Suzuki India Limited,2023-05-30 17:34:57,MARUTI
29-May-2023 14:37:54,,https://nsearchives.nseindia.com/corporate/MARUTI_29052023143754_Concall.pdf,Maruti Suzuki India Limited has informed the Exchange about Schedule of meet,,,Analysts/Institutional Investor Meet/Con. Call Updates,00:00:05,29052023143754,29-May-2023 14:37:59,-,False,,,105514792,Automobiles - 4 Wheelers,INE585B01010,Maruti Suzuki India Limited,2023-05-29 14:37:54,MARUTI
28-May-2023 19:46:52,,https://nsearchives.nseindia.com/corporate/MARUTI_28052023194652_FinalASCRMSIL2023.pdf,"Maruti Suzuki India Limited has informed the Exchange regarding 'Annual Secretarial Compliance Report for the financial year ended on 31 March, 2023'.",,,Updates,00:00:04,28052023194652,28-May-2023 19:46:56,-,False,,,105514232,Automobiles - 4 Wheelers,INE585B01010,Maruti Suzuki India Limited,2023-05-28 19:46:52,MARUTI
23-May-2023 17:30:44,,https://nsearchives.nseindia.com/corporate/MARUTI_23052023173045_Concall.pdf,Maruti Suzuki India Limited has informed the Exchange about Schedule of meet,,,Analysts/Institutional Investor Meet/Con. Call Updates,00:00:19,23052023173044,23-May-2023 17:31:03,-,False,,,105507123,Automobiles - 4 Wheelers,INE585B01010,Maruti Suzuki India Limited,2023-05-23 17:30:44,MARUTI
22-May-2023 12:30:13,,https://nsearchives.nseindia.com/corporate/MARUTI_22052023123013_Concall.pdf,Maruti Suzuki India Limited has informed the Exchange about Schedule of meet,,,Analysts/Institutional Investor Meet/Con. Call Updates,00:00:11,22052023123013,22-May-2023 12:30:24,-,False,,,105504986,Automobiles - 4 Wheelers,INE585B01010,Maruti Suzuki India Limited,2023-05-22 12:30:13,MARUTI
17-May-2023 15:52:40,,https://nsearchives.nseindia.com/corporate/MARUTI_17052023155240_RTA.pdf,Maruti Suzuki India Limited has informed the Exchange regarding 'Contact details of Company s Registrar and Share Transfer Agent (RTA)'.,,,Updates,00:00:14,17052023155240,17-May-2023 15:52:54,-,False,,,105499846,Automobiles - 4 Wheelers,INE585B01010,Maruti Suzuki India Limited,2023-05-17 15:52:40,MARUTI
04-May-2023 16:22:40,,https://nsearchives.nseindia.com/corporate/MARUTI_04052023162241_Transcript.pdf,Maruti Suzuki India Limited has informed the Exchange about Transcript,,,Analysts/Institutional Investor Meet/Con. Call Updates,00:00:05,04052023162240,04-May-2023 16:22:45,-,False,,,105486275,Automobiles - 4 Wheelers,INE585B01010,Maruti Suzuki India Limited,2023-05-04 16:22:40,MARUTI
01-May-2023 20:33:26,,https://nsearchives.nseindia.com/corporate/MARUTI_01052023203326_Production.pdf,Maruti Suzuki India Limited has informed the Exchange regarding 'Maruti Suzuki Production Volume: April 2023 '.,,,Updates,00:00:03,01052023203326,01-May-2023 20:33:29,-,False,,,105483113,Automobiles - 4 Wheelers,INE585B01010,Maruti Suzuki India Limited,2023-05-01 20:33:26,MARUTI
01-May-2023 12:20:02,,https://nsearchives.nseindia.com/corporate/MARUTI_01052023122002_Sales.pdf,"Maruti Suzuki India Limited has informed the Exchange regarding a press release dated May 01, 2023, titled ""Maruti Suzuki sales in April 2023"".",,,Press Release,00:00:04,01052023122002,01-May-2023 12:20:06,-,False,,,105482922,Automobiles - 4 Wheelers,INE585B01010,Maruti Suzuki India Limited,2023-05-01 12:20:02,MARUTI
28-Apr-2023 17:13:53,,https://nsearchives.nseindia.com/corporate/MARUTI_28042023171353_Book_Closure.pdf,Maruti Suzuki India Limited has informed the Exchange that Register of Members & Share Transfer Books of the Company will remain closed from 04-Aug-2023 to 29-Aug-2023 for the purpose of Dividend.,,,Book Closure,00:00:05,28042023171353,28-Apr-2023 17:13:58,-,False,,,105481718,Automobiles - 4 Wheelers,INE585B01010,Maruti Suzuki India Limited,2023-04-28 17:13:53,MARUTI
28-Apr-2023 15:15:45,,https://nsearchives.nseindia.com/corporate/MARUTI_28042023151545_RevisequickresultsNSE.pdf,"Maruti Suzuki India Limited has informed the Exchange regarding 'Audited Financial Results for the year ended on 31st March, 2023 in Machine-readable Form.'.",,,Updates,00:00:08,28042023151545,28-Apr-2023 15:15:53,-,False,,,105481530,Automobiles - 4 Wheelers,INE585B01010,Maruti Suzuki India Limited,2023-04-28 15:15:45,MARUTI
27-Apr-2023 19:25:10,,https://nsearchives.nseindia.com/corporate/MARUTI_27042023192510_Intimation.pdf,Maruti Suzuki India Limited has informed the Exchange about Copy of Newspaper Publication,,,Copy of Newspaper Publication,00:00:06,27042023192510,27-Apr-2023 19:25:16,-,False,,,105480592,Automobiles - 4 Wheelers,INE585B01010,Maruti Suzuki India Limited,2023-04-27 19:25:10,MARUTI
26-Apr-2023 22:42:59,,https://nsearchives.nseindia.com/corporate/MARUTI_26042023224300_AudioRecording.pdf,"Maruti Suzuki India Limited has informed the Exchange regarding 'Audio recording of the investors' call held on 26th April, 2023'.",,,Updates,00:00:05,26042023224259,26-Apr-2023 22:43:04,-,False,,,105479419,Automobiles - 4 Wheelers,INE585B01010,Maruti Suzuki India Limited,2023-04-26 22:42:59,MARUTI
26-Apr-2023 19:28:32,,https://nsearchives.nseindia.com/corporate/MARUTI_26042023192832_RPTH2FY202223.pdf,Maruti Suzuki India Limited has informed the Exchange about related Party Transactions,,,Related Party Transactions,00:00:03,26042023192832,26-Apr-2023 19:28:35,-,False,,,105479309,Automobiles - 4 Wheelers,INE585B01010,Maruti Suzuki India Limited,2023-04-26 19:28:32,MARUTI
26-Apr-2023 14:59:03,,https://nsearchives.nseindia.com/corporate/MARUTI_26042023145903_Presentation.pdf,Maruti Suzuki India Limited has informed the Exchange about Investor Presentation,,,Investor Presentation,00:00:04,26042023145903,26-Apr-2023 14:59:07,-,False,,,105478958,Automobiles - 4 Wheelers,INE585B01010,Maruti Suzuki India Limited,2023-04-26 14:59:03,MARUTI
26-Apr-2023 14:54:53,,https://nsearchives.nseindia.com/corporate/MARUTI_26042023145453_PressreleasefinalNSEBSE.pdf,"Maruti Suzuki India Limited has informed the Exchange regarding a press release dated April 26, 2023, titled ""Maruti Suzuki announces Financial Results for FY2022-23"".",,,Press Release,00:00:02,26042023145453,26-Apr-2023 14:54:55,-,False,,,105478955,Automobiles - 4 Wheelers,INE585B01010,Maruti Suzuki India Limited,2023-04-26 14:54:53,MARUTI
26-Apr-2023 14:49:51,,https://nsearchives.nseindia.com/corporate/MARUTI_26042023144951_Toriisaninitimation.pdf,Maruti Suzuki India Limited has informed the Exchange regarding Change in Director(s) of the company.,,,Change in Director(s),00:00:04,26042023144951,26-Apr-2023 14:49:55,-,False,,,105478951,Automobiles - 4 Wheelers,INE585B01010,Maruti Suzuki India Limited,2023-04-26 14:49:51,MARUTI
26-Apr-2023 14:45:35,,https://nsearchives.nseindia.com/corporate/MARUTI_26042023144535_Capacityaddition.pdf,Maruti Suzuki India Limited has informed the Exchange regarding 'Capacity Addition'.,,,Updates,00:00:04,26042023144535,26-Apr-2023 14:45:39,-,False,,,105478944,Automobiles - 4 Wheelers,INE585B01010,Maruti Suzuki India Limited,2023-04-26 14:45:35,MARUTI
26-Apr-2023 14:42:06,,https://nsearchives.nseindia.com/corporate/MARUTI_26042023144206_FinalquickresultsNSEBSE31032023.pdf,"Maruti Suzuki India Limited has informed the Exchange that Board of Directors at its meeting held on April 26, 2023, recommended Final Dividend of Rs. 90 per equity share.",,,Dividend,00:00:07,26042023144206,26-Apr-2023 14:42:13,-,False,,,105478942,Automobiles - 4 Wheelers,INE585B01010,Maruti Suzuki India Limited,2023-04-26 14:42:06,MARUTI
26-Apr-2023 14:39:55,,https://nsearchives.nseindia.com/corporate/FinalquickresultsNSEBSE31032023_26042023143955.pdf,"Maruti Suzuki India Limited has submitted to the Exchange, the financial results for the period ended March 31, 2023.",,,Financial Result Updates,00:00:04,26042023143955,26-Apr-2023 14:39:59,-,False,,,152540,Automobiles - 4 Wheelers,INE585B01010,Maruti Suzuki India Limited,2023-04-26 14:39:55,MARUTI
24-Apr-2023 12:18:56,,https://nsearchives.nseindia.com/corporate/MARUTI_24042023121856_Intimationsigned.pdf,Maruti Suzuki India Limited has informed the Exchange regarding 'An SUV that matches your stride'.,,,Updates,00:00:05,24042023121856,24-Apr-2023 12:19:01,-,False,,,105476324,Automobiles - 4 Wheelers,INE585B01010,Maruti Suzuki India Limited,2023-04-24 12:18:56,MARUTI
21-Apr-2023 18:21:07,,https://nsearchives.nseindia.com/corporate/MARUTI_21042023182107_Intimation.pdf,"Maruti Suzuki India Limited has informed the Exchange regarding 'Recall of 7,213 vehicles'.",,,Updates,00:00:04,21042023182107,21-Apr-2023 18:21:11,-,False,,,105475252,Automobiles - 4 Wheelers,INE585B01010,Maruti Suzuki India Limited,2023-04-21 18:21:07,MARUTI
18-Apr-2023 18:12:51,,https://nsearchives.nseindia.com/corporate/MARUTI_18042023181251_Investor_concall_18_04_2023.pdf,Maruti Suzuki India Limited has informed the Exchange about Schedule of meet,,,Analysts/Institutional Investor Meet/Con. Call Updates,00:00:08,18042023181251,18-Apr-2023 18:12:59,-,False,,,105471981,Automobiles - 4 Wheelers,INE585B01010,Maruti Suzuki India Limited,2023-04-18 18:12:51,MARUTI
18-Apr-2023 17:58:11,,https://nsearchives.nseindia.com/corporate/MARUTI_18042023175811_CCI_signed.pdf,"Maruti Suzuki India Limited has informed the Exchange regarding 'Intimation under Regulation 30 of the Securities and Exchange Board of India (Listing Obligations and Disclosure Requirements) Regulations, 2015'.",,,Updates,00:00:05,18042023175811,18-Apr-2023 17:58:16,-,False,,,105471959,Automobiles - 4 Wheelers,INE585B01010,Maruti Suzuki India Limited,2023-04-18 17:58:11,MARUTI
17-Apr-2023 11:03:04,,https://nsearchives.nseindia.com/corporate/MARUTI_17042023110304_InitimationSigned.pdf,"Maruti Suzuki India Limited has informed the Exchange regarding a press release dated April 17, 2023, titled ""Maruti Suzuki introduces new, more powerful Super Carry"".",,,Press Release,00:00:05,17042023110304,17-Apr-2023 11:03:09,-,False,,,105470401,Automobiles - 4 Wheelers,INE585B01010,Maruti Suzuki India Limited,2023-04-17 11:03:04,MARUTI
03-Apr-2023 11:25:02,,https://nsearchives.nseindia.com/corporate/MARUTI_03042023112502_Production.pdf,Maruti Suzuki India Limited has informed the Exchange regarding 'Maruti Suzuki Production Volume: March 2023'.,,,Updates,00:00:04,03042023112502,03-Apr-2023 11:25:06,-,False,,,105460661,Automobiles - 4 Wheelers,INE585B01010,Maruti Suzuki India Limited,2023-04-03 11:25:02,MARUTI
01-Apr-2023 18:40:34,,https://nsearchives.nseindia.com/corporate/MARUTI_01042023184034_PriceIncrease.pdf,Maruti Suzuki India Limited has informed the Exchange regarding 'Price Increase'.,,,Updates,00:00:03,01042023184034,01-Apr-2023 18:40:37,-,False,,,105460135,Automobiles - 4 Wheelers,INE585B01010,Maruti Suzuki India Limited,2023-04-01 18:40:34,MARUTI
01-Apr-2023 12:49:05,,https://nsearchives.nseindia.com/corporate/MARUTI_01042023124905_Sales.pdf,"Maruti Suzuki India Limited has informed the Exchange regarding a press release dated April 01, 2023, titled ""Maruti Suzuki sales in March 2023 and FY 2022-23"".",,,Press Release,00:00:04,01042023124905,01-Apr-2023 12:49:09,-,False,,,105459908,Automobiles - 4 Wheelers,INE585B01010,Maruti Suzuki India Limited,2023-04-01 12:49:05,MARUTI
23-Mar-2023 12:21:01,,https://nsearchives.nseindia.com/corporate/MARUTI_23032023122101_Priceincrease.pdf,"Maruti Suzuki India Limited has informed the Exchange regarding 'Advance intimation regarding Price Increase in April, 2023'.",,,Updates,00:00:05,23032023122101,23-Mar-2023 12:21:06,-,False,,,105452008,Automobiles - 4 Wheelers,INE585B01010,Maruti Suzuki India Limited,2023-03-23 12:21:01,MARUTI
17-Mar-2023 14:37:16,,https://nsearchives.nseindia.com/corporate/MARUTI_17032023143716_Release.pdf,"Maruti Suzuki India Limited has informed the Exchange regarding a press release dated March 17, 2023, titled ""Maruti Suzuki introduces All New Brezza S-CNG"".",,,Press Release,00:00:07,17032023143716,17-Mar-2023 14:37:23,-,False,,,105448394,Automobiles - 4 Wheelers,INE585B01010,Maruti Suzuki India Limited,2023-03-17 14:37:16,MARUTI
10-Mar-2023 15:14:12,,https://nsearchives.nseindia.com/corporate/MARUTI_10032023151412_Tradingwindowclosure.pdf,"Maruti Suzuki India Limited has informed the Exchange regarding the Trading Window closure pursuant to SEBI (Prohibition of Insider Trading) Regulations, 2015",,,Trading Window,00:00:09,10032023151412,10-Mar-2023 15:14:21,-,False,,,105443829,Automobiles - 4 Wheelers,INE585B01010,Maruti Suzuki India Limited,2023-03-10 15:14:12,MARUTI
01-Mar-2023 18:30:05,,https://nsearchives.nseindia.com/corporate/MARUTI_01032023183005_Production.pdf,"Maruti Suzuki India Limited has informed the Exchange regarding 'Maruti Suzuki Production Volume: February, 2023'.",,,Updates,00:00:03,01032023183005,01-Mar-2023 18:30:08,-,False,,,105438582,Automobiles - 4 Wheelers,INE585B01010,Maruti Suzuki India Limited,2023-03-01 18:30:05,MARUTI
01-Mar-2023 12:58:01,,https://nsearchives.nseindia.com/corporate/MARUTI_01032023125801_Sales.pdf,"Maruti Suzuki India Limited has informed the Exchange regarding a press release dated March 01, 2023, titled ""Maruti Suzuki sales in February 2023"".",,,Press Release,00:00:11,01032023125801,01-Mar-2023 12:58:12,-,False,,,105438288,Automobiles - 4 Wheelers,INE585B01010,Maruti Suzuki India Limited,2023-03-01 12:58:01,MARUTI
24-Feb-2023 13:47:49,,https://nsearchives.nseindia.com/corporate/MARUTI_24022023134749_Priceincreaseignis.pdf,Maruti Suzuki India Limited has informed the Exchange regarding 'Price Increase (Ignis)'.,,,Updates,00:00:02,24022023134749,24-Feb-2023 13:47:51,-,False,,,105435379,Automobiles - 4 Wheelers,INE585B01010,Maruti Suzuki India Limited,2023-02-24 13:47:49,MARUTI
20-Feb-2023 12:53:06,,https://nsearchives.nseindia.com/corporate/MARUTI_20022023125306_Presentation.pdf,Maruti Suzuki India Limited has informed the Exchange about Presentation,,,Analysts/Institutional Investor Meet/Con. Call Updates,00:00:05,20022023125306,20-Feb-2023 12:53:11,-,False,,,105431812,Automobiles - 4 Wheelers,INE585B01010,Maruti Suzuki India Limited,2023-02-20 12:53:06,MARUTI
17-Feb-2023 11:30:53,,https://nsearchives.nseindia.com/corporate/MARUTI_17022023113053_Concall.pdf,Maruti Suzuki India Limited has informed the Exchange about Schedule of meet,,,Analysts/Institutional Investor Meet/Con. Call Updates,00:00:06,17022023113053,17-Feb-2023 11:30:59,-,False,,,105430545,Automobiles - 4 Wheelers,INE585B01010,Maruti Suzuki India Limited,2023-02-17 11:30:53,MARUTI
14-Feb-2023 17:39:11,,https://nsearchives.nseindia.com/corporate/MARUTI_14022023173911_Ciazindualtone14022022.pdf,Maruti Suzuki India Limited has informed the Exchange regarding 'Introduction of new dual-tone colour options (Ciaz)'.,,,Updates,00:00:04,14022023173911,14-Feb-2023 17:39:15,-,False,,,105427565,Automobiles - 4 Wheelers,INE585B01010,Maruti Suzuki India Limited,2023-02-14 17:39:11,MARUTI
13-Feb-2023 13:21:21,,https://nsearchives.nseindia.com/corporate/MARUTI_13022023132121_InvestorConcall.pdf,Maruti Suzuki India Limited has informed the Exchange about Schedule of meet,,,Analysts/Institutional Investor Meet/Con. Call Updates,00:00:03,13022023132121,13-Feb-2023 13:21:24,-,False,,,105425441,Automobiles - 4 Wheelers,INE585B01010,Maruti Suzuki India Limited,2023-02-13 13:21:21,MARUTI
10-Feb-2023 13:18:12,,https://nsearchives.nseindia.com/corporate/MARUTI_10022023131812_Pressrelease.pdf,"Maruti Suzuki India Limited has informed the Exchange regarding a press release dated February 10, 2023, titled ""Maruti Suzuki launches the All-new Tour S"".",,,Press Release,00:00:06,10022023131812,10-Feb-2023 13:18:18,-,False,,,105423572,Automobiles - 4 Wheelers,INE585B01010,Maruti Suzuki India Limited,2023-02-10 13:18:12,MARUTI
07-Feb-2023 09:46:10,,https://nsearchives.nseindia.com/corporate/MARUTI_07022023094610_InvestorConCall.pdf,Maruti Suzuki India Limited has informed the Exchange about Schedule of meet,,,Analysts/Institutional Investor Meet/Con. Call Updates,00:00:06,07022023094610,07-Feb-2023 09:46:16,-,False,,,105419582,Automobiles - 4 Wheelers,INE585B01010,Maruti Suzuki India Limited,2023-02-07 09:46:10,MARUTI
01-Feb-2023 21:19:16,,https://nsearchives.nseindia.com/corporate/MARUTI_01022023211916_JanuaryProduction2023.pdf,Maruti Suzuki India Limited has informed the Exchange regarding 'Maruti Suzuki Production Volume: January 2023'.,,,Updates,00:00:04,01022023211916,01-Feb-2023 21:19:20,-,False,,,105414599,Automobiles - 4 Wheelers,INE585B01010,Maruti Suzuki India Limited,2023-02-01 21:19:16,MARUTI
01-Feb-2023 12:29:24,,https://nsearchives.nseindia.com/corporate/MARUTI_01022023122924_JanuarySales.pdf,"Maruti Suzuki India Limited has informed the Exchange regarding a press release dated February 01, 2023, titled ""Maruti Suzuki sales in January, 2023"".",,,Press Release,00:00:09,01022023122924,01-Feb-2023 12:29:33,-,False,,,105413892,Automobiles - 4 Wheelers,INE585B01010,Maruti Suzuki India Limited,2023-02-01 12:29:24,MARUTI
31-Jan-2023 12:37:53,,https://nsearchives.nseindia.com/corporate/MARUTI_31012023123753_TranscriptofInvestorsCall.pdf,Maruti Suzuki India Limited has informed the Exchange about Transcript,,,Analysts/Institutional Investor Meet/Con. Call Updates,00:00:10,31012023123753,31-Jan-2023 12:38:03,-,False,,,105412558,Automobiles - 4 Wheelers,INE585B01010,Maruti Suzuki India Limited,2023-01-31 12:37:53,MARUTI
26-Jan-2023 14:14:55,,https://nsearchives.nseindia.com/corporate/MARUTI_26012023141455_GrowthstrategyforFY2030.pdf,Maruti Suzuki India Limited has informed the Exchange regarding 'Announcement of Growth Strategy for FY2030 by Suzuki Motor Corporation'.,,,Updates,00:00:05,26012023141455,26-Jan-2023 14:15:00,-,False,,,105409527,Automobiles - 4 Wheelers,INE585B01010,Maruti Suzuki India Limited,2023-01-26 14:14:55,MARUTI
25-Jan-2023 09:50:39,,https://nsearchives.nseindia.com/corporate/MARUTI_25012023095039_PublishedFinancialResultsQ3FY2023.pdf,Maruti Suzuki India Limited has informed the Exchange about Copy of Newspaper Publication,,,Copy of Newspaper Publication,00:00:10,25012023095039,25-Jan-2023 09:50:49,-,False,,,105408479,Automobiles - 4 Wheelers,INE585B01010,Maruti Suzuki India Limited,2023-01-25 09:50:39,MARUTI
24-Jan-2023 23:34:29,,https://nsearchives.nseindia.com/corporate/MARUTI_24012023233429_AudioRecording.pdf,"Maruti Suzuki India Limited has informed the Exchange regarding 'Audio recording of the investors' call held on 24th January, 2023.'.",,,Updates,00:00:03,24012023233429,24-Jan-2023 23:34:32,-,False,,,105408368,Automobiles - 4 Wheelers,INE585B01010,Maruti Suzuki India Limited,2023-01-24 23:34:29,MARUTI
24-Jan-2023 12:56:09,,https://nsearchives.nseindia.com/corporate/QuickResults31122022Final_24012023125609.pdf,"Maruti Suzuki India Limited has submitted to the Exchange, the financial results for the period ended December 31, 2022.",,,Financial Result Updates,00:00:08,24012023125609,24-Jan-2023 12:56:17,-,False,,,150683,Automobiles - 4 Wheelers,INE585B01010,Maruti Suzuki India Limited,2023-01-24 12:56:09,MARUTI
23-Jan-2023 18:25:49,,https://nsearchives.nseindia.com/corporate/MARUTI_23012023182549_Recallof11177vehicles.pdf,"Maruti Suzuki India Limited has informed the Exchange regarding 'Recall of 11,177 vehicles'.",,,Updates,00:00:03,23012023182549,23-Jan-2023 18:25:52,-,False,,,105406731,Automobiles - 4 Wheelers,INE585B01010,Maruti Suzuki India Limited,2023-01-23 18:25:49,MARUTI
19-Jan-2023 10:45:32,,https://nsearchives.nseindia.com/corporate/MARUTI_19012023104532_MarutiSuzukicommencesexportsofGrandVitara.pdf,"Maruti Suzuki India Limited has informed the Exchange regarding a press release dated January 19, 2023, titled ""Maruti Suzuki commences exports of Grand Vitara"".",,,Press Release,00:00:05,19012023104532,19-Jan-2023 10:45:37,-,False,,,105403910,Automobiles - 4 Wheelers,INE585B01010,Maruti Suzuki India Limited,2023-01-19 10:45:32,MARUTI
18-Jan-2023 16:32:34,,https://nsearchives.nseindia.com/corporate/MARUTI_18012023163234_IntimationofInvestorCallon24012023.pdf,Maruti Suzuki India Limited has informed the Exchange about Schedule of meet,,,Analysts/Institutional Investor Meet/Con. Call Updates,00:00:02,18012023163234,18-Jan-2023 16:32:36,-,False,,,105403293,Automobiles - 4 Wheelers,INE585B01010,Maruti Suzuki India Limited,2023-01-18 16:32:34,MARUTI
18-Jan-2023 07:36:58,,https://nsearchives.nseindia.com/corporate/MARUTI_18012023073658_PressReleaserecall17362vehicles.pdf,"Maruti Suzuki India Limited has informed the Exchange regarding 'Recall of 17,362 vehicles'.",,,Updates,00:00:03,18012023073658,18-Jan-2023 07:37:01,-,False,,,105402843,Automobiles - 4 Wheelers,INE585B01010,Maruti Suzuki India Limited,2023-01-18 07:36:58,MARUTI
16-Jan-2023 09:32:39,,https://nsearchives.nseindia.com/corporate/MARUTI_16012023093239_IntimationPriceIncreaseinJan2023.pdf,Maruti Suzuki India Limited has informed the Exchange regarding 'Price Increase'.,,,Updates,00:00:08,16012023093239,16-Jan-2023 09:32:47,-,False,,,105401030,Automobiles - 4 Wheelers,INE585B01010,Maruti Suzuki India Limited,2023-01-16 09:32:39,MARUTI
12-Jan-2023 10:22:09,,https://nsearchives.nseindia.com/corporate/MARUTI_12012023102209_Pressreleaseautoexpo12012023.pdf,"Maruti Suzuki India Limited has informed the Exchange regarding a press release dated January 12, 2023, titled ""Maruti Suzuki further strengthens its SUV line-up"".",,,Press Release,00:00:07,12012023102209,12-Jan-2023 10:22:16,-,False,,,105399036,Automobiles - 4 Wheelers,INE585B01010,Maruti Suzuki India Limited,2023-01-12 10:22:09,MARUTI
11-Jan-2023 08:55:40,,https://nsearchives.nseindia.com/corporate/MARUTI_11012023085540_Pressreleaseautoexpo.pdf,"Maruti Suzuki India Limited has informed the Exchange regarding a press release dated January 11, 2023, titled ""Global premiere of Concept Electric SUV  eVX "".",,,Press Release,00:00:05,11012023085540,11-Jan-2023 08:55:45,-,False,,,105397926,Automobiles - 4 Wheelers,INE585B01010,Maruti Suzuki India Limited,2023-01-11 08:55:40,MARUTI
06-Jan-2023 10:18:22,,https://nsearchives.nseindia.com/corporate/MARUTI_06012023101822_PressRelease.pdf,"Maruti Suzuki India Limited has informed the Exchange regarding a press release dated January 06, 2023, titled ""Maruti Suzuki Grand Vitara S-CNG now available at NEXA"".",,,Press Release,00:00:03,06012023101822,06-Jan-2023 10:18:25,-,False,,,105394620,Automobiles - 4 Wheelers,INE585B01010,Maruti Suzuki India Limited,2023-01-06 10:18:22,MARUTI
02-Jan-2023 16:11:02,,https://nsearchives.nseindia.com/corporate/MARUTI_02012023161102_MarutiSuzukiProductionVolumeDecember2022.pdf,Maruti Suzuki India Limited has informed the Exchange regarding 'Maruti Suzuki Production Volume: December 2022'.,,,Updates,00:00:04,02012023161102,02-Jan-2023 16:11:06,-,False,,,105391485,Automobiles - 4 Wheelers,INE585B01010,Maruti Suzuki India Limited,2023-01-02 16:11:02,MARUTI
01-Jan-2023 12:20:56,,https://nsearchives.nseindia.com/corporate/MARUTI_01012023122056_MarutiSuzukisalesinDecember2022.pdf,"Maruti Suzuki India Limited has informed the Exchange regarding a press release dated January 01, 2023, titled ""Maruti Suzuki sales in December 2022"".",,,Press Release,00:00:03,01012023122056,01-Jan-2023 12:20:59,-,False,,,105390963,Automobiles - 4 Wheelers,INE585B01010,Maruti Suzuki India Limited,2023-01-01 12:20:56,MARUTI
13-Dec-2022 16:10:16,,"https://nsearchives.nseindia.com/corporate/MARUTI_13122022161015_ScheduleofInvestorMeeting15thDecember,2022.pdf",Maruti Suzuki India Limited has informed the Exchange about Schedule of Analysts/Institutional Investor Meet/Con. Call ,,,Schedule of Analysts/Institutional Investor Meet/Con. Call,00:00:13,13122022161016,13-Dec-2022 16:10:29,-,False,,,5130293,Automobiles - 4 Wheelers,INE585B01010,Maruti Suzuki India Limited,2022-12-13 16:10:16,MARUTI
12-Dec-2022 20:15:36,,https://nsearchives.nseindia.com/corporate/MARUTI_12122022201536_AlignedtoGovernmentscleanandgreeninitiativesMarutiSuzukiunveilsIndiasfirstmass.pdf,"Maruti Suzuki India Limited has informed the Exchange about press release dated 12-Dec-2022 titled Aligned to Government���s clean and green initiatives, Maruti Suzuki unveils India���s first mass segment Flex Fuel prototype car.",,,Press Release,00:00:05,12122022201536,12-Dec-2022 20:15:41,-,False,,,5130130,Automobiles - 4 Wheelers,INE585B01010,Maruti Suzuki India Limited,2022-12-12 20:15:36,MARUTI
07-Dec-2022 13:34:24,,"https://nsearchives.nseindia.com/corporate/MARUTI_07122022133424_Disclosuretostockexchanges,071222.pdf","Maruti Suzuki India Limited has informed the Exchange about Intimation under Regulation 30 of the Securities and Exchange Board of India (Listing Obligations and Disclosure Requirements) Regulations, 2015.",,,General updates,00:00:04,07122022133424,07-Dec-2022 13:34:28,-,False,,,5128728,Automobiles - 4 Wheelers,INE585B01010,Maruti Suzuki India Limited,2022-12-07 13:34:24,MARUTI
06-Dec-2022 13:28:09,,https://nsearchives.nseindia.com/corporate/MARUTI_06122022132809_Recallof9125vehiclesofCiazBrezzaErtigaXL6andGrandVitara.pdf,"Maruti Suzuki India Limited has informed the Exchange about Recall of 9,125 vehicles of Ciaz, Brezza, Ertiga, XL6 and Grand Vitara.",,,General updates,00:00:07,06122022132809,06-Dec-2022 13:28:16,-,False,,,5128376,Automobiles - 4 Wheelers,INE585B01010,Maruti Suzuki India Limited,2022-12-06 13:28:09,MARUTI
05-Dec-2022 13:21:54,,https://nsearchives.nseindia.com/corporate/MARUTI_05122022132154_TradingWindowClosure_Financials_Q3.pdf,Maruti Suzuki India Limited has informed the Exchange about Closure of trading window,,,Closure of trading window,00:00:04,05122022132154,05-Dec-2022 13:21:58,-,False,,,5128003,Automobiles - 4 Wheelers,INE585B01010,Maruti Suzuki India Limited,2022-12-05 13:21:54,MARUTI
02-Dec-2022 15:16:39,,"https://nsearchives.nseindia.com/corporate/MARUTI_02122022151639_ProductioninNovember,2022.pdf",Maruti Suzuki India Limited has informed the Exchange about Maruti Suzuki Production Volume: November 2022,,,General updates,00:00:03,02122022151639,02-Dec-2022 15:16:42,-,False,,,5127503,Automobiles - 4 Wheelers,INE585B01010,Maruti Suzuki India Limited,2022-12-02 15:16:39,MARUTI
02-Dec-2022 13:59:03,,"https://nsearchives.nseindia.com/corporate/MARUTI_02122022135903_IntimationofPriceIncreaseinJan,2023.pdf","Maruti Suzuki India Limited has informed the Exchange about Advance intimation regarding Price Increase in January, 2023.",,,General updates,00:00:03,02122022135903,02-Dec-2022 13:59:06,-,False,,,5127516,Automobiles - 4 Wheelers,INE585B01010,Maruti Suzuki India Limited,2022-12-02 13:59:03,MARUTI
01-Dec-2022 14:36:12,,https://nsearchives.nseindia.com/corporate/MARUTI_01122022143612_MarutiSuzukisalesinNovember2022.pdf,Maruti Suzuki India Limited has informed the Exchange about press release dated 01-Dec-2022 titled Maruti Suzuki sales in November 2022.,,,Press Release,00:00:03,01122022143612,01-Dec-2022 14:36:15,-,False,,,5127126,Automobiles - 4 Wheelers,INE585B01010,Maruti Suzuki India Limited,2022-12-01 14:36:12,MARUTI
24-Nov-2022 14:45:21,,https://nsearchives.nseindia.com/corporate/MARUTI_24112022144521_InvestorPresentation.pdf,Maruti Suzuki India Limited has informed the Exchange about Investor Presentation,,,Investor Presentation,00:00:07,24112022144521,24-Nov-2022 14:45:28,-,False,,,5124765,Automobiles - 4 Wheelers,INE585B01010,Maruti Suzuki India Limited,2022-11-24 14:45:21,MARUTI
22-Nov-2022 18:51:54,,https://nsearchives.nseindia.com/corporate/MARUTI_22112022185154_ScheduleofInvestorMeetingon24.11.2022.pdf,Maruti Suzuki India Limited has informed the Exchange about Schedule of Analysts/Institutional Investor Meet/Con. Call ,,,Schedule of Analysts/Institutional Investor Meet/Con. Call,00:00:05,22112022185154,22-Nov-2022 18:51:59,-,False,,,5124064,Automobiles - 4 Wheelers,INE585B01010,Maruti Suzuki India Limited,2022-11-22 18:51:54,MARUTI
22-Nov-2022 12:26:57,,"https://nsearchives.nseindia.com/corporate/MARUTI_22112022122657_MarutiSuzukiNewEeco.MorePower,MoreFuelEfficientandMoreStyle.pdf","Maruti Suzuki India Limited has informed the Exchange about press release dated 22-Nov-2022 titled Maruti Suzuki New Eeco. More Power, More Fuel-Efficient and More Style.",,,Press Release,00:00:04,22112022122657,22-Nov-2022 12:27:01,-,False,,,5123716,Automobiles - 4 Wheelers,INE585B01010,Maruti Suzuki India Limited,2022-11-22 12:26:57,MARUTI
18-Nov-2022 16:29:15,,https://nsearchives.nseindia.com/corporate/MARUTI_18112022162915_Intimation_AllNewAltoK10nowavailablewithSCNGtechnology.pdf,"Maruti Suzuki India Limited has informed the Exchange about press release dated 18-Nov-2022 titled India���s favourite hatchback, All-New Alto K10 now available with S-CNG technology",,,Press Release,00:00:05,18112022162915,18-Nov-2022 16:29:20,-,False,,,5122702,Automobiles - 4 Wheelers,INE585B01010,Maruti Suzuki India Limited,2022-11-18 16:29:15,MARUTI
11-Nov-2022 18:18:42,,https://nsearchives.nseindia.com/corporate/MARUTI_11112022181842_Reg239_30.09.2022.pdf,Maruti Suzuki India Limited has informed the Exchange about related party transaction for the period ended September 2022,,,Related Party Transaction,00:00:02,11112022181842,11-Nov-2022 18:18:44,-,False,,,5117974,Automobiles - 4 Wheelers,INE585B01010,Maruti Suzuki India Limited,2022-11-11 18:18:42,MARUTI
11-Nov-2022 13:53:15,,https://nsearchives.nseindia.com/corporate/MARUTI_11112022135315_Intimation_InvstMeet_11.11.2022.pdf,Maruti Suzuki India Limited has informed the Exchange about Schedule of Analysts/Institutional Investor Meet/Con. Call ,,,Schedule of Analysts/Institutional Investor Meet/Con. Call,00:00:06,11112022135315,11-Nov-2022 13:53:21,-,False,,,5117380,Automobiles - 4 Wheelers,INE585B01010,Maruti Suzuki India Limited,2022-11-11 13:53:15,MARUTI
08-Nov-2022 12:22:03,,https://nsearchives.nseindia.com/corporate/MARUTI_08112022122203_SMCResults_H1_2022.pdf,Maruti Suzuki India Limited has informed the Exchange about Consolidated financial results issued by Suzuki Motor Corporation in Japan,,,General updates,00:00:07,08112022122203,08-Nov-2022 12:22:10,-,False,,,5114802,Automobiles - 4 Wheelers,INE585B01010,Maruti Suzuki India Limited,2022-11-08 12:22:03,MARUTI
03-Nov-2022 17:03:36,,"https://nsearchives.nseindia.com/corporate/MARUTI_03112022170336_Disclosureoftranscriptofinvestorscallheldon28Oct,2022.pdf",Maruti Suzuki India Limited has informed the Exchange about Transcript of Analysts/Institutional Investor Meet/Con. Call ,,,Transcript of Analysts/Institutional Investor Meet/Con. Call,00:00:05,03112022170336,03-Nov-2022 17:03:41,-,False,,,5112255,Automobiles - 4 Wheelers,INE585B01010,Maruti Suzuki India Limited,2022-11-03 17:03:36,MARUTI
02-Nov-2022 14:17:24,,https://nsearchives.nseindia.com/corporate/MARUTI_02112022141724_Intimation_InvstMeet_03112022.pdf,Maruti Suzuki India Limited has informed the Exchange about Schedule of Analysts/Institutional Investor Meet/Con. Call ,,,Schedule of Analysts/Institutional Investor Meet/Con. Call,00:00:05,02112022141724,02-Nov-2022 14:17:29,-,False,,,5111355,Automobiles - 4 Wheelers,INE585B01010,Maruti Suzuki India Limited,2022-11-02 14:17:24,MARUTI
01-Nov-2022 16:39:09,,https://nsearchives.nseindia.com/corporate/MARUTI_01112022163909_MarutiSuzukiProductionVolumeOctober2022.pdf,Maruti Suzuki India Limited has informed the Exchange about Maruti Suzuki Production Volume: October 2022,,,General updates,00:00:02,01112022163909,01-Nov-2022 16:39:11,-,False,,,5110829,Automobiles - 4 Wheelers,INE585B01010,Maruti Suzuki India Limited,2022-11-01 16:39:09,MARUTI
01-Nov-2022 11:59:30,,https://nsearchives.nseindia.com/corporate/MARUTI_01112022115930_MarutiSuzukisalesinOctober2022.pdf,Maruti Suzuki India Limited has informed the Exchange about press release dated 01-Nov-2022 titled Maruti Suzuki sales in October 2022.,,,Press Release,00:00:05,01112022115930,01-Nov-2022 11:59:35,-,False,,,5110562,Automobiles - 4 Wheelers,INE585B01010,Maruti Suzuki India Limited,2022-11-01 11:59:30,MARUTI
31-Oct-2022 15:39:03,,https://nsearchives.nseindia.com/corporate/MARUTI_31102022153903_MarutiSuzukiIndiaLimitedExpandsGreenCarsPortfoliotoNEXA.pdf,Maruti Suzuki India Limited has informed the Exchange about press release dated 31-Oct-2022 titled Maruti Suzuki India Limited Expands Green Cars Portfolio to NEXA.,,,Press Release,00:00:03,31102022153903,31-Oct-2022 15:39:06,-,False,,,5110103,Automobiles - 4 Wheelers,INE585B01010,Maruti Suzuki India Limited,2022-10-31 15:39:03,MARUTI
29-Oct-2022 19:41:45,,"https://nsearchives.nseindia.com/corporate/MARUTI_29102022194145_MarutiSuzukitorecall9,925vehiclesofWagonR,CelerioandIgnis.pdf","Maruti Suzuki India Limited has informed the Exchange about Maruti Suzuki to recall 9,925 units of Wagon R, Celerio and Ignis.",,,General updates,00:00:04,29102022194145,29-Oct-2022 19:41:49,-,False,,,5109856,Automobiles - 4 Wheelers,INE585B01010,Maruti Suzuki India Limited,2022-10-29 19:41:45,MARUTI
29-Oct-2022 12:14:12,,https://nsearchives.nseindia.com/corporate/MARUTI_29102022121412_IntimationforpublishedresultsforQ2FY202223.pdf,Maruti Suzuki India Limited has informed the Exchange about Newspaper Advertisements,,,Newspaper Advertisements,00:00:09,29102022121412,29-Oct-2022 12:14:21,-,False,,,5109688,Automobiles - 4 Wheelers,INE585B01010,Maruti Suzuki India Limited,2022-10-29 12:14:12,MARUTI
29-Oct-2022 11:32:15,,https://nsearchives.nseindia.com/corporate/MARUTI_29102022113215_InitmationofAudioRecording_Q2_FY2022_23.pdf,"Maruti Suzuki India Limited has informed the Exchange about Audio recording of the investors' call held on 28th October, 2022.",,,General updates,00:00:08,29102022113215,29-Oct-2022 11:32:23,-,False,,,5109690,Automobiles - 4 Wheelers,INE585B01010,Maruti Suzuki India Limited,2022-10-29 11:32:15,MARUTI
28-Oct-2022 14:01:57,,https://nsearchives.nseindia.com/corporate/MARUTI_28102022140157_FinancialResultsQ2Final.pdf,Maruti Suzuki India Limited  has informed the Exchange about Board Meeting held on 28-Oct-2022 to consider financial statements for the period ended September 2022,,,Outcome of Board Meeting,00:00:33,28102022140157,28-Oct-2022 14:02:30,-,False,,,5109302,Automobiles - 4 Wheelers,INE585B01010,Maruti Suzuki India Limited,2022-10-28 14:01:57,MARUTI
19-Oct-2022 15:44:02,,"https://nsearchives.nseindia.com/corporate/MARUTI_19102022154401_IntimationofInvestorConCallon28thOct,2022.pdf",Maruti Suzuki India Limited has informed the Exchange about Schedule of Analysts/Institutional Investor Meet/Con. Call ,,,Schedule of Analysts/Institutional Investor Meet/Con. Call,00:00:15,19102022154402,19-Oct-2022 15:44:17,-,False,,,5106246,Automobiles - 4 Wheelers,INE585B01010,Maruti Suzuki India Limited,2022-10-19 15:44:02,MARUTI
14-Oct-2022 14:49:09,,https://nsearchives.nseindia.com/corporate/MARUTI_14102022144909_InitmationtoStxFinal.pdf,Maruti Suzuki India Limited has informed the Exchange about press release dated 14-Oct-2022 titled Maruti Suzuki S-Presso now also available with S-CNG technology.,,,Press Release,00:00:09,14102022144909,14-Oct-2022 14:49:18,-,False,,,5104490,Automobiles - 4 Wheelers,INE585B01010,Maruti Suzuki India Limited,2022-10-14 14:49:09,MARUTI
03-Oct-2022 15:23:36,,https://nsearchives.nseindia.com/corporate/MARUTI_03102022152336_InitmationofproductionfiguresforSep2022.pdf,Maruti Suzuki India Limited has informed the Exchange about Maruti Suzuki Production Volume: September 2022.,,,General updates,00:00:04,03102022152336,03-Oct-2022 15:23:40,-,False,,,5100426,Automobiles - 4 Wheelers,INE585B01010,Maruti Suzuki India Limited,2022-10-03 15:23:36,MARUTI
01-Oct-2022 16:29:48,,https://nsearchives.nseindia.com/corporate/MARUTI_01102022162948_IntimationofSalesforSep2022.pdf,Maruti Suzuki India Limited has informed the Exchange about press release dated 01-Oct-2022 titled Maruti Suzuki sales in September 2022.,,,Press Release,00:00:04,01102022162948,01-Oct-2022 16:29:52,-,False,,,5099955,Automobiles - 4 Wheelers,INE585B01010,Maruti Suzuki India Limited,2022-10-01 16:29:48,MARUTI
26-Sep-2022 12:06:12,,https://nsearchives.nseindia.com/corporate/MARUTI_26092022120612_IntimationoflaunchofGrandVitara_signed.pdf,Maruti Suzuki India Limited has informed the Exchange about press release dated 26-Sep-2022 titled Maruti Suzuki Grand Vitara set to Rule Every Road,,,Press Release,00:00:08,26092022120612,26-Sep-2022 12:06:20,-,False,,,5094776,Automobiles - 4 Wheelers,INE585B01010,Maruti Suzuki India Limited,2022-09-26 12:06:12,MARUTI
16-Sep-2022 18:57:06,,https://nsearchives.nseindia.com/corporate/MARUTI_16092022185706_MarutiSuzukitorecall5002SuperCarryVehiclesSeptember162022.pdf,Maruti Suzuki India Limited has informed the Exchange about Maruti Suzuki to recall 5002 Super Carry Vehicles,,,General updates,00:00:04,16092022185706,16-Sep-2022 18:57:10,-,False,,,5092028,Automobiles - 4 Wheelers,INE585B01010,Maruti Suzuki India Limited,2022-09-16 18:57:06,MARUTI
09-Sep-2022 15:45:03,,https://nsearchives.nseindia.com/corporate/MARUTI_09092022154503_TradingWindow_Financials_Covering_Q2.pdf,Maruti Suzuki India Limited has informed the Exchange about Closure of trading window,,,Closure of trading window,00:00:08,09092022154503,09-Sep-2022 15:45:11,-,False,,,5089415,Automobiles - 4 Wheelers,INE585B01010,Maruti Suzuki India Limited,2022-09-09 15:45:03,MARUTI
09-Sep-2022 14:01:45,,"https://nsearchives.nseindia.com/corporate/MARUTI_09092022140145_Disclosuretostockexchage,CCImatter,090922Final.pdf","Maruti Suzuki India Limited has informed the Exchange about Intimation under Regulation 30 of the Securities and Exchange Board of India (Listing Obligations and Disclosure Requirements) Regulations, 2015",,,General updates,00:00:09,09092022140145,09-Sep-2022 14:01:54,-,False,,,5089354,Automobiles - 4 Wheelers,INE585B01010,Maruti Suzuki India Limited,2022-09-09 14:01:45,MARUTI
02-Sep-2022 17:49:09,,https://nsearchives.nseindia.com/corporate/MARUTI_02092022174909_MSILAGMVotingResultandScrutinizerReport2022Final.pdf,Maruti Suzuki India Limited has informed the Exchange about Voting results and  Scrutinizer report of Annual General Meeting held on 31-Aug-2022,,,Annual General Meeting,00:00:03,02092022174909,02-Sep-2022 17:49:12,-,False,,,5085626,Automobiles - 4 Wheelers,INE585B01010,Maruti Suzuki India Limited,2022-09-02 17:49:09,MARUTI
01-Sep-2022 23:03:03,,"https://nsearchives.nseindia.com/corporate/MARUTI_01092022230303_Intimation_Prod_Aug,2022.pdf","Maruti Suzuki India Limited has informed the Exchange about Production in August, 2022.",,,General updates,00:00:05,01092022230303,01-Sep-2022 23:03:08,-,False,,,5085133,Automobiles - 4 Wheelers,INE585B01010,Maruti Suzuki India Limited,2022-09-01 23:03:03,MARUTI
01-Sep-2022 13:38:21,,https://nsearchives.nseindia.com/corporate/MARUTI_01092022133821_InitmationofSalesforAug2022.pdf,"Maruti Suzuki India Limited has informed the Exchange about press release dated 01-Sep-2022 titled Maruti Suzuki sales in August, 2022",,,Press Release,00:00:03,01092022133821,01-Sep-2022 13:38:24,-,False,,,5084686,Automobiles - 4 Wheelers,INE585B01010,Maruti Suzuki India Limited,2022-09-01 13:38:21,MARUTI
01-Sep-2022 11:02:54,,https://nsearchives.nseindia.com/corporate/MARUTI_01092022110254_IntimationofoutcomeofAGMtoSEs_2022.pdf,Maruti Suzuki India Limited has informed the Exchange about  Proceedings of Annual General Meeting held on 31-Aug-2022,,,Annual General Meeting,00:00:02,01092022110254,01-Sep-2022 11:02:56,-,False,,,5084574,Automobiles - 4 Wheelers,INE585B01010,Maruti Suzuki India Limited,2022-09-01 11:02:54,MARUTI
28-Aug-2022 20:03:33,,https://nsearchives.nseindia.com/corporate/MARUTI_28082022200333_NSEBSESUZUKIPARTNERSHIP.pdf,Maruti Suzuki India Limited has informed the Exchange about press release dated 28-Aug-2022 titled Maruti Suzuki commemorates ���40 years of Suzuki���s partnership with the people of India���,,,Press Release,00:00:03,28082022200333,28-Aug-2022 20:03:36,-,False,,,5083020,Automobiles - 4 Wheelers,INE585B01010,Maruti Suzuki India Limited,2022-08-28 20:03:33,MARUTI
24-Aug-2022 08:29:03,,https://nsearchives.nseindia.com/corporate/MARUTI_24082022082903_IntimationforrecallofDzireTourS.pdf,Maruti Suzuki India Limited has informed the Exchange about Maruti Suzuki to recall 166 Dzire Tour S vehicles.,,,General updates,00:00:05,24082022082903,24-Aug-2022 08:29:08,-,False,,,5081110,Automobiles - 4 Wheelers,INE585B01010,Maruti Suzuki India Limited,2022-08-24 08:29:03,MARUTI
18-Aug-2022 18:45:03,,https://nsearchives.nseindia.com/corporate/MARUTI_18082022184503_AddlinfoonRPT202122.pdf,Maruti Suzuki India Limited has informed the Exchange about Additional information on Related Party Transactions.,,,General updates,00:00:03,18082022184503,18-Aug-2022 18:45:06,-,False,,,5079475,Automobiles - 4 Wheelers,INE585B01010,Maruti Suzuki India Limited,2022-08-18 18:45:03,MARUTI
18-Aug-2022 12:58:33,,https://nsearchives.nseindia.com/corporate/MARUTI_18082022125833_IntimationforlaunchofAltoK10.pdf,Maruti Suzuki India Limited has informed the Exchange about press release dated 18-Aug-2022 titled Introducing the Maruti Suzuki All-New Alto K10,,,Press Release,00:00:08,18082022125833,18-Aug-2022 12:58:41,-,False,,,5079190,Automobiles - 4 Wheelers,INE585B01010,Maruti Suzuki India Limited,2022-08-18 12:58:33,MARUTI
12-Aug-2022 15:17:24,,https://nsearchives.nseindia.com/corporate/MARUTI_12082022151724_IntimationforlaunchofSwiftCNG.pdf,"Maruti Suzuki India Limited has informed the Exchange about press release dated 12-Aug-2022 titled Designed to thrill, Maruti Suzuki Swift now also available with S-CNG Technology",,,Press Release,00:00:15,12082022151724,12-Aug-2022 15:17:39,-,False,,,5076498,Automobiles - 4 Wheelers,INE585B01010,Maruti Suzuki India Limited,2022-08-12 15:17:24,MARUTI
10-Aug-2022 14:44:45,,https://nsearchives.nseindia.com/corporate/MARUTI_10082022144445_InitmationforadvancebookingofAltoK10.pdf,Maruti Suzuki India Limited has informed the Exchange about press release dated 10-Aug-2022 titled Maruti Suzuki All-New Alto K10,,,Press Release,00:00:09,10082022144445,10-Aug-2022 14:44:54,-,False,,,5074480,Automobiles - 4 Wheelers,INE585B01010,Maruti Suzuki India Limited,2022-08-10 14:44:45,MARUTI
09-Aug-2022 13:23:00,,https://nsearchives.nseindia.com/corporate/MARUTI_09082022132300_InitmationofNewspaperAdvtforNoticeofAGM.pdf,Maruti Suzuki India Limited has informed the Exchange about Newspaper Advertisements,,,Newspaper Advertisements,00:00:03,09082022132300,09-Aug-2022 13:23:03,-,False,,,5073373,Automobiles - 4 Wheelers,INE585B01010,Maruti Suzuki India Limited,2022-08-09 13:23:00,MARUTI
08-Aug-2022 21:23:04,,https://nsearchives.nseindia.com/corporate/MARUTI_08082022212303_41stAnnualReportofMSIL.pdf,"Maruti Suzuki India Limited has informed the Exchange about Revised Annual Report for the financial year 2021-22. This has reference to the Annual Report for the year 2021-22 submitted by us on 06th August, 2022. It was observed that there was some misalignment in couple of lines, between the description of particulars and the corresponding amount appearing on page no. 222 and 295 of the Annual Report, which has now been rectified. Please find attached the revised Annual Report for the financial year 2021-22.Kindly take the same on record.",,,General updates,00:00:05,08082022212304,08-Aug-2022 21:23:09,-,False,,,5073191,Automobiles - 4 Wheelers,INE585B01010,Maruti Suzuki India Limited,2022-08-08 21:23:04,MARUTI
08-Aug-2022 15:13:45,,https://nsearchives.nseindia.com/corporate/MARUTI_08082022151345_Reply_to_NSE_on_media_release.pdf,MARUTI : The Exchange has sought clarification from Maruti Suzuki India Limited with respect to recent news item captioned Maruti couldnt produce 51K units due to chip crunch in June qtr: CFO.  The response from the Company is attached.,,,News Verification,00:00:07,08082022151345,08-Aug-2022 15:13:52,-,False,,,5072678,Automobiles - 4 Wheelers,INE585B01010,Maruti Suzuki India Limited,2022-08-08 15:13:45,MARUTI
05-Aug-2022 18:43:18,,-,MARUTI : The Exchange has sought clarification from Maruti Suzuki India Limited with respect to recent news item captioned Maruti couldnt produce 51K units due to chip crunch in June qtr: CFO.  The response from the Company is awaited.,,,News Verification,00:00:04,05082022184318,05-Aug-2022 18:43:22,-,False,,,5071654,Automobiles - 4 Wheelers,INE585B01010,Maruti Suzuki India Limited,2022-08-05 18:43:18,MARUTI
02-Aug-2022 09:29:18,,https://nsearchives.nseindia.com/corporate/MARUTI_02082022092918_IntimationofTranscriptonInvestorCall.pdf,Maruti Suzuki India Limited has informed the Exchange about Transcript of Analysts/Institutional Investor Meet/Con. Call ,,,Transcript of Analysts/Institutional Investor Meet/Con. Call,00:00:04,02082022092918,02-Aug-2022 09:29:22,-,False,,,5068376,Automobiles - 4 Wheelers,INE585B01010,Maruti Suzuki India Limited,2022-08-02 09:29:18,MARUTI
01-Aug-2022 20:23:15,,https://nsearchives.nseindia.com/corporate/MARUTI_01082022202315_Intimation_Prod_July2022.pdf,Maruti Suzuki India Limited has informed the Exchange about Maruti Suzuki Production Volume: July 2022,,,General updates,00:00:03,01082022202315,01-Aug-2022 20:23:18,-,False,,,5068307,Automobiles - 4 Wheelers,INE585B01010,Maruti Suzuki India Limited,2022-08-01 20:23:15,MARUTI
01-Aug-2022 13:36:45,,https://nsearchives.nseindia.com/corporate/MARUTI_01082022133645_InitmationofSalesforJuly2022.pdf,"Maruti Suzuki India Limited has informed the Exchange about press release dated 01-Aug-2022 titled Maruti Suzuki sales in July, 2022",,,Press Release,00:00:07,01082022133645,01-Aug-2022 13:36:52,-,False,,,5067747,Automobiles - 4 Wheelers,INE585B01010,Maruti Suzuki India Limited,2022-08-01 13:36:45,MARUTI
28-Jul-2022 13:22:03,,https://nsearchives.nseindia.com/corporate/MARUTI_28072022132203_IntimationfornewspaperadvtofBookClosure.pdf,Maruti Suzuki India Limited has informed the Exchange about Newspaper Advertisements,,,Newspaper Advertisements,00:00:17,28072022132203,28-Jul-2022 13:22:20,-,False,,,5065612,Automobiles - 4 Wheelers,INE585B01010,Maruti Suzuki India Limited,2022-07-28 13:22:03,MARUTI
28-Jul-2022 13:11:48,,https://nsearchives.nseindia.com/corporate/MARUTI_28072022131148_IntimationforpublishedresultsforQ1FY202223.pdf,Maruti Suzuki India Limited has informed the Exchange about Newspaper Advertisements,,,Newspaper Advertisements,00:00:02,28072022131148,28-Jul-2022 13:11:50,-,False,,,5065587,Automobiles - 4 Wheelers,INE585B01010,Maruti Suzuki India Limited,2022-07-28 13:11:48,MARUTI
27-Jul-2022 23:24:42,,https://nsearchives.nseindia.com/corporate/MARUTI_27072022232442_IntimationforaudiorecordingonFinancialResults_Q1_2022_23.pdf,"Maruti Suzuki India Limited has informed the Exchange about Audio recording of the investors' call held on 27th July, 2022",,,General updates,00:00:03,27072022232442,27-Jul-2022 23:24:45,-,False,,,5065444,Automobiles - 4 Wheelers,INE585B01010,Maruti Suzuki India Limited,2022-07-27 23:24:42,MARUTI
27-Jul-2022 14:24:18,,https://nsearchives.nseindia.com/corporate/MARUTI_27072022142418_FinalresultsQ1FY202223.pdf,Maruti Suzuki India Limited  has informed the Exchange about Board Meeting held on 27-Jul-2022 to consider financial statements for the period ended June 2022,,,Outcome of Board Meeting,00:00:06,27072022142418,27-Jul-2022 14:24:24,-,False,,,5064940,Automobiles - 4 Wheelers,INE585B01010,Maruti Suzuki India Limited,2022-07-27 14:24:18,MARUTI
22-Jul-2022 19:06:57,,"https://nsearchives.nseindia.com/corporate/MARUTI_22072022190657_IntimationofInvestorConCallon27July,2022.pdf",Maruti Suzuki India Limited has informed the Exchange about Schedule of Analysts/Institutional Investor Meet/Con. Call ,,,Schedule of Analysts/Institutional Investor Meet/Con. Call,00:00:04,22072022190657,22-Jul-2022 19:07:01,-,False,,,5063125,Automobiles - 4 Wheelers,INE585B01010,Maruti Suzuki India Limited,2022-07-22 19:06:57,MARUTI
22-Jul-2022 18:04:48,,https://nsearchives.nseindia.com/corporate/MARUTI_22072022180447_IntimationofoutcomeofCCIhearingdt22.07.2022.pdf,"Maruti Suzuki India Limited has informed the Exchange about Intimation under Regulation 30 of the Securities and Exchange Board of India (Listing Obligations and Disclosure Requirements) Regulations, 2015 ",,,General updates,00:00:04,22072022180448,22-Jul-2022 18:04:52,-,False,,,5063028,Automobiles - 4 Wheelers,INE585B01010,Maruti Suzuki India Limited,2022-07-22 18:04:48,MARUTI
22-Jul-2022 17:28:09,,https://nsearchives.nseindia.com/corporate/MARUTI_22072022172809_IntimationforpriceincreaseinErtigawef22.07.2022.pdf,Maruti Suzuki India Limited has informed the Exchange about Addition of new features in Ertiga,,,General updates,00:00:03,22072022172809,22-Jul-2022 17:28:12,-,False,,,5062996,Automobiles - 4 Wheelers,INE585B01010,Maruti Suzuki India Limited,2022-07-22 17:28:09,MARUTI
20-Jul-2022 12:53:09,,https://nsearchives.nseindia.com/corporate/MARUTI_20072022125309_PressReleaseMSILUnveilofVitara20.07.2022.pdf,Maruti Suzuki India Limited has informed the Exchange about press release dated 20-Jul-2022 titled Global Unveil of Maruti Suzuki Grand Vitara ,,,Press Release,00:00:07,20072022125309,20-Jul-2022 12:53:16,-,False,,,5061429,Automobiles - 4 Wheelers,INE585B01010,Maruti Suzuki India Limited,2022-07-20 12:53:09,MARUTI
18-Jul-2022 10:23:42,,https://nsearchives.nseindia.com/corporate/MARUTI_18072022102342_PressReleaseMSILSPresso18.07.2022.pdf,Maruti Suzuki India Limited has informed the Exchange about press release dated 18-Jul-2022 titled Maruti Suzuki bold and mini-SUV S-PRESSO now with a new refined engine and enhanced fuel-efficiency,,,Press Release,00:00:05,18072022102342,18-Jul-2022 10:23:47,-,False,,,5060334,Automobiles - 4 Wheelers,INE585B01010,Maruti Suzuki India Limited,2022-07-18 10:23:42,MARUTI
11-Jul-2022 10:20:06,,https://nsearchives.nseindia.com/corporate/MARUTI_11072022102006_PressReleaseMSILGrandVitara11.07.2022.pdf,"Maruti Suzuki India Limited has informed the Exchange about press release dated 11-Jul-2022 titled Grand Vitara ��� A New Breed of SUVs, set to revolutionize the Indian SUV segment. Pre-bookings open at NEXA.",,,Press Release,00:00:09,11072022102006,11-Jul-2022 10:20:15,-,False,,,5057430,Automobiles - 4 Wheelers,INE585B01010,Maruti Suzuki India Limited,2022-07-11 10:20:06,MARUTI
08-Jul-2022 14:39:09,,https://nsearchives.nseindia.com/corporate/MARUTI_08072022143909_Intimationforbookclosure2022STx.pdf,Maruti Suzuki India Limited has informed the Exchange that Register of Members & Share Transfer Books of the Company will remain closed from 05-Aug-2022 to 31-Aug-2022 for the purpose of Dividend.,,,Book Closure,00:00:07,08072022143909,08-Jul-2022 14:39:16,-,False,,,5056837,Automobiles - 4 Wheelers,INE585B01010,Maruti Suzuki India Limited,2022-07-08 14:39:09,MARUTI
07-Jul-2022 17:52:12,,https://nsearchives.nseindia.com/corporate/MARUTI_07072022175212_Intimationforpublicationofnewspaperadvt.pdf,Maruti Suzuki India Limited has informed the Exchange about Newspaper Advertisements ,,,Newspaper Advertisements,00:00:03,07072022175212,07-Jul-2022 17:52:15,-,False,,,5056506,Automobiles - 4 Wheelers,INE585B01010,Maruti Suzuki India Limited,2022-07-07 17:52:12,MARUTI
01-Jul-2022 16:05:21,,"https://nsearchives.nseindia.com/corporate/MARUTI_01072022160521_Intimation_Prod_June,2022.pdf","Maruti Suzuki India Limited has informed the Exchange about Maruti Suzuki Production Volume: June, 2022",,,General updates,00:00:02,01072022160521,01-Jul-2022 16:05:23,-,False,,,5054232,Automobiles - 4 Wheelers,INE585B01010,Maruti Suzuki India Limited,2022-07-01 16:05:21,MARUTI
01-Jul-2022 13:13:24,,https://nsearchives.nseindia.com/corporate/MARUTI_01072022131324_PressReleaseSalesJune2022.pdf,"Maruti Suzuki India Limited has informed the Exchange about press release dated 01-Jul-2022 titled Maruti Suzuki sales in June, 2022",,,Press Release,00:00:03,01072022131324,01-Jul-2022 13:13:27,-,False,,,5054120,Automobiles - 4 Wheelers,INE585B01010,Maruti Suzuki India Limited,2022-07-01 13:13:24,MARUTI
30-Jun-2022 13:19:03,,https://nsearchives.nseindia.com/corporate/MARUTI_30062022131903_PressReleaseLaunchofBrezza_30062022.pdf,"Maruti Suzuki India Limited has informed the Exchange about press release dated 30-Jun-2022 titled India���s most admired SUV, now in a Hot and Techy avatar",,,Press Release,00:00:08,30062022131903,30-Jun-2022 13:19:11,-,False,,,5052961,Automobiles - 4 Wheelers,INE585B01010,Maruti Suzuki India Limited,2022-06-30 13:19:03,MARUTI
28-Jun-2022 16:31:39,,https://nsearchives.nseindia.com/corporate/MARUTI_28062022163139_Intimation_EECOCareAmbulance_280602022.pdf,Maruti Suzuki India Limited has informed the Exchange about Introduction of EECO CARE Ambulance Shell,,,General updates,00:00:03,28062022163139,28-Jun-2022 16:31:42,-,False,,,5051471,Automobiles - 4 Wheelers,INE585B01010,Maruti Suzuki India Limited,2022-06-28 16:31:39,MARUTI
24-Jun-2022 10:31:59,,https://nsearchives.nseindia.com/corporate/MARUTI_24062022103159_FinalPressReleaseMSIL24062022.pdf,Maruti Suzuki India Limited has informed the Exchange about press release dated 24-Jun-2022 titled Toyota and Suzuki to Deepen Collaboration in the Fields of Development and Production in India,,,Press Release,00:00:13,24062022103159,24-Jun-2022 10:32:12,-,False,,,5049992,Automobiles - 4 Wheelers,INE585B01010,Maruti Suzuki India Limited,2022-06-24 10:31:59,MARUTI
20-Jun-2022 12:34:30,,https://nsearchives.nseindia.com/corporate/MARUTI_20062022123430_Intimation_InvstMeet_20062022.pdf,Maruti Suzuki India Limited has informed the Exchange about Schedule of Analysts/Institutional Investor Meet/Con. Call ,,,Schedule of Analysts/Institutional Investor Meet/Con. Call,00:00:03,20062022123430,20-Jun-2022 12:34:33,-,False,,,5048498,Automobiles - 4 Wheelers,INE585B01010,Maruti Suzuki India Limited,2022-06-20 12:34:30,MARUTI
20-Jun-2022 10:30:43,,https://nsearchives.nseindia.com/corporate/MARUTI_20062022103043_PressReleaseMSIL20062022NewBrezza.pdf,Maruti Suzuki India Limited has informed the Exchange about press release dated 20-Jun-2022 titled Maruti Suzuki announces bookings open for the All-New Hot and Techy Brezza,,,Press Release,00:00:05,20062022103043,20-Jun-2022 10:30:48,-,False,,,5048423,Automobiles - 4 Wheelers,INE585B01010,Maruti Suzuki India Limited,2022-06-20 10:30:43,MARUTI
07-Jun-2022 10:36:32,,https://nsearchives.nseindia.com/corporate/MARUTI_07062022103632_Intimation_InvstMeet_08062022.pdf,Maruti Suzuki India Limited has informed the Exchange about Schedule of Analysts/Institutional Investor Meet/Con. Call ,,,Schedule of Analysts/Institutional Investor Meet/Con. Call,00:00:10,07062022103632,07-Jun-2022 10:36:42,-,False,,,5043529,Automobiles - 4 Wheelers,INE585B01010,Maruti Suzuki India Limited,2022-06-07 10:36:32,MARUTI
06-Jun-2022 14:35:54,,https://nsearchives.nseindia.com/corporate/MARUTI_06062022143554_IntimationfortradingwindowclosureforQ1202223.pdf,Maruti Suzuki India Limited has informed the Exchange about Closure of trading window,,,Closure of trading window,00:00:03,06062022143554,06-Jun-2022 14:35:57,-,False,,,5043202,Automobiles - 4 Wheelers,INE585B01010,Maruti Suzuki India Limited,2022-06-06 14:35:54,MARUTI
01-Jun-2022 17:25:55,,https://nsearchives.nseindia.com/corporate/MARUTI_01062022172555_PressReleaseProdFiguresMay2022.pdf,"Maruti Suzuki India Limited has informed the Exchange about Production in May, 2022",,,General updates,00:00:03,01062022172555,01-Jun-2022 17:25:58,-,False,,,5041710,Automobiles - 4 Wheelers,INE585B01010,Maruti Suzuki India Limited,2022-06-01 17:25:55,MARUTI
01-Jun-2022 13:21:01,,"https://nsearchives.nseindia.com/corporate/MARUTI_01062022132101_PressReleaseSalesMay,2022.pdf","Maruti Suzuki India Limited has informed the Exchange about press release dated 01-Jun-2022 titled Maruti Suzuki sales in May, 2022",,,Press Release,00:00:07,01062022132101,01-Jun-2022 13:21:08,-,False,,,5041452,Automobiles - 4 Wheelers,INE585B01010,Maruti Suzuki India Limited,2022-06-01 13:21:01,MARUTI
30-May-2022 15:36:00,,https://nsearchives.nseindia.com/corporate/MARUTI_30052022153559_AnnualSecCompReportMSIL2022Final.pdf,"Maruti Suzuki India Limited has informed the Exchange about Annual Secretarial Compliance Report for the financial year ended on 31 March, 2022",,,General updates,00:00:12,30052022153600,30-May-2022 15:36:12,-,False,,,5039415,Automobiles - 4 Wheelers,INE585B01010,Maruti Suzuki India Limited,2022-05-30 15:36:00,MARUTI
24-May-2022 15:39:20,,https://nsearchives.nseindia.com/corporate/MARUTI_24052022153920_Disclosure_Newspaper_GeneralNotice_TakeuchiSan.pdf,"Maruti Suzuki India Limited has informed the Exchange about Newspaper Advertisement published in the 'Financial Express' and in 'Jansatta' under Section 201(2) of the Companies Act, 2013.Kindly take the same on record.",,,Newspaper Advertisements,00:00:10,24052022153920,24-May-2022 15:39:30,-,False,,,5034841,Automobiles - 4 Wheelers,INE585B01010,Maruti Suzuki India Limited,2022-05-24 15:39:20,MARUTI
23-May-2022 16:23:49,,https://nsearchives.nseindia.com/corporate/MARUTI_23052022162345_PressReleaseMSILInvstMeet24052022.pdf,Maruti Suzuki India Limited has informed the Exchange about Schedule of Analysts/Institutional Investor Meet/Con. Call ,,,Schedule of Analysts/Institutional Investor Meet/Con. Call,00:00:04,23052022162349,23-May-2022 16:23:53,-,False,,,5034099,Automobiles - 4 Wheelers,INE585B01010,Maruti Suzuki India Limited,2022-05-23 16:23:49,MARUTI
23-May-2022 15:50:39,,https://nsearchives.nseindia.com/corporate/MARUTI_23052022155039_Disclosure_Acqs_Sociograph.pdf,Maruti Suzuki India Limited has informed the Exchange about Agreement with Sociograph Solutions Private Limited.,,,Agreements/Contracts/Arrangements/ MOU's PARA B,00:00:03,23052022155039,23-May-2022 15:50:42,-,False,,,5034078,Automobiles - 4 Wheelers,INE585B01010,Maruti Suzuki India Limited,2022-05-23 15:50:39,MARUTI
17-May-2022 13:34:14,,https://nsearchives.nseindia.com/corporate/MARUTI_17052022133407_VotingResults_ScrutinizersReport_PB_2022_MSIL.pdf,Maruti Suzuki India Limited has informed the Exchange about Voting results and  Scrutinizer report of Postal Ballot,,,Postal Ballot,00:00:09,17052022133414,17-May-2022 13:34:23,-,False,,,5030596,Automobiles - 4 Wheelers,INE585B01010,Maruti Suzuki India Limited,2022-05-17 13:34:14,MARUTI
13-May-2022 17:38:39,,https://nsearchives.nseindia.com/corporate/MARUTI_13052022173833_DisclosureunderReg239Mar2022.pdf,Maruti Suzuki India Limited has informed the Exchange about related party transaction for the period ended March 2022.,,,Related Party Transaction,00:00:03,13052022173839,13-May-2022 17:38:42,-,False,,,5029321,Automobiles - 4 Wheelers,INE585B01010,Maruti Suzuki India Limited,2022-05-13 17:38:39,MARUTI
13-May-2022 16:34:30,,https://nsearchives.nseindia.com/corporate/MARUTI_13052022163425_PressReleaseKharkodaLandInvestment_13052022.pdf,Maruti Suzuki India Limited has informed the Exchange about press release dated 13-May-2022 titled Maruti Suzuki finalises land site for new manufacturing plant in Haryana,,,Press Release,00:00:03,13052022163430,13-May-2022 16:34:33,-,False,,,5029258,Automobiles - 4 Wheelers,INE585B01010,Maruti Suzuki India Limited,2022-05-13 16:34:30,MARUTI
12-May-2022 18:46:31,,https://nsearchives.nseindia.com/corporate/MARUTI_12052022184630_IntimationTradingWindowClosureQ1FY202223.pdf,Maruti Suzuki India Limited has informed the Exchange about Closure of trading window,,,Closure of trading window,00:00:04,12052022184631,12-May-2022 18:46:35,-,False,,,5028798,Automobiles - 4 Wheelers,INE585B01010,Maruti Suzuki India Limited,2022-05-12 18:46:31,MARUTI
12-May-2022 17:27:30,,https://nsearchives.nseindia.com/corporate/MARUTI_12052022172729_CCIIntimation_NCLATcase_12.05.2022.pdf,"Maruti Suzuki India Limited has informed the Exchange about Intimation under Regulation 30 of the Securities and Exchange Board of India (Listing Obligations and Disclosure Requirements) Regulations, 2015",,,General updates,00:00:04,12052022172730,12-May-2022 17:27:34,-,False,,,5028673,Automobiles - 4 Wheelers,INE585B01010,Maruti Suzuki India Limited,2022-05-12 17:27:30,MARUTI
11-May-2022 12:13:45,,https://nsearchives.nseindia.com/corporate/MARUTI_11052022121339_SMCResults_March2022.pdf,Maruti Suzuki India Limited has informed the Exchange about press release dated 11-May-2022 titled Consolidated Financial Results issued by Suzuki Motor Corporation in Japan.,,,Press Release,00:00:03,11052022121345,11-May-2022 12:13:48,-,False,,,5027770,Automobiles - 4 Wheelers,INE585B01010,Maruti Suzuki India Limited,2022-05-11 12:13:45,MARUTI
05-May-2022 18:53:09,,https://nsearchives.nseindia.com/corporate/MARUTI_05052022185300_NSEBSECONCALLTRANSCRIPT.pdf,Maruti Suzuki India Limited has informed the Exchange about Transcript of Analysts/Institutional Investor Meet/Con. Call ,,,Transcript of Analysts/Institutional Investor Meet/Con. Call,00:00:03,05052022185309,05-May-2022 18:53:12,-,False,,,5025582,Automobiles - 4 Wheelers,INE585B01010,Maruti Suzuki India Limited,2022-05-05 18:53:09,MARUTI
02-May-2022 09:45:32,,https://nsearchives.nseindia.com/corporate/MARUTI_02052022094532_IntimationNewspaperPublicationResults31032022.pdf,Maruti Suzuki India Limited has informed the Exchange about Newspaper Advertisements,,,Newspaper Advertisements,00:00:09,02052022094532,02-May-2022 09:45:41,-,False,,,5023958,Automobiles - 4 Wheelers,INE585B01010,Maruti Suzuki India Limited,2022-05-02 09:45:32,MARUTI
01-May-2022 18:13:42,,https://nsearchives.nseindia.com/corporate/MARUTI_01052022181342_PressReleaseMSIL01052022AprilProd.pdf,"Maruti Suzuki India Limited has informed the Exchange about Production in April, 2022",,,General updates,00:00:04,01052022181342,01-May-2022 18:13:46,-,False,,,5023943,Automobiles - 4 Wheelers,INE585B01010,Maruti Suzuki India Limited,2022-05-01 18:13:42,MARUTI
01-May-2022 13:22:42,,https://nsearchives.nseindia.com/corporate/MARUTI_01052022132242_PressReleaseMSIL01052022AprSalesFigure.pdf,Maruti Suzuki India Limited has informed the Exchange about press release dated 01-May-2022 titled Maruti Suzuki sales in April 2022,,,Press Release,00:00:05,01052022132242,01-May-2022 13:22:47,-,False,,,5023939,Automobiles - 4 Wheelers,INE585B01010,Maruti Suzuki India Limited,2022-05-01 13:22:42,MARUTI
30-Apr-2022 13:51:37,,https://nsearchives.nseindia.com/corporate/MARUTI_30042022135130_Intimation_AudioCall_Q4.pdf,"Maruti Suzuki India Limited has informed the Exchange about Audio recording of the investors' call held on 29th April, 2022",,,General updates,00:00:03,30042022135137,30-Apr-2022 13:51:40,-,False,,,5023734,Automobiles - 4 Wheelers,INE585B01010,Maruti Suzuki India Limited,2022-04-30 13:51:37,MARUTI
29-Apr-2022 14:48:44,,https://nsearchives.nseindia.com/corporate/QuickResultsNSEBSEQ42022_29042022144844.pdf,"Maruti Suzuki India Limited has submitted to the Exchange, the financial results for the period ended March 31, 2022.",,,Financial Result Updates,00:01:27,29042022144844,29-Apr-2022 14:50:11,-,False,,,148464,Automobiles - 4 Wheelers,INE585B01010,Maruti Suzuki India Limited,2022-04-29 14:48:44,MARUTI
27-Apr-2022 10:13:30,,https://nsearchives.nseindia.com/corporate/MARUTI_27042022101330_IntimationInst.ConCallQ42022.pdf,Maruti Suzuki India Limited has informed the Exchange about Schedule of Analysts/Institutional Investor Meet/Con. Call ,,,Schedule of Analysts/Institutional Investor Meet/Con. Call,00:00:10,27042022101330,27-Apr-2022 10:13:40,-,False,,,5022308,Automobiles - 4 Wheelers,INE585B01010,Maruti Suzuki India Limited,2022-04-27 10:13:30,MARUTI
21-Apr-2022 13:15:06,,https://nsearchives.nseindia.com/corporate/MARUTI_21042022131504_PressReleaseLaunchofXL6_21042022.pdf,Maruti Suzuki India Limited has informed the Exchange about press release dated 21-Apr-2022 titled NEXA Launches the All-New XL6 - ���Time to Indulge���,,,Press Release,00:00:05,21042022131506,21-Apr-2022 13:15:11,-,False,,,5020527,Automobiles - 4 Wheelers,INE585B01010,Maruti Suzuki India Limited,2022-04-21 13:15:06,MARUTI
18-Apr-2022 09:25:21,,https://nsearchives.nseindia.com/corporate/MARUTI_18042022092519_Intimationforpriceincrease18042022.pdf,Maruti Suzuki India Limited has informed the Exchange about Price Increase,,,General updates,00:00:03,18042022092521,18-Apr-2022 09:25:24,-,False,,,5019443,Automobiles - 4 Wheelers,INE585B01010,Maruti Suzuki India Limited,2022-04-18 09:25:21,MARUTI
15-Apr-2022 10:47:05,,https://nsearchives.nseindia.com/corporate/MARUTI_15042022104703_PressReleaseNextGenErtiga.pdf,Maruti Suzuki India Limited has informed the Exchange about press release dated 15-Apr-2022 titled Maruti Suzuki Next-Gen Ertiga arrives at ARENA showrooms,,,Press Release,00:00:02,15042022104705,15-Apr-2022 10:47:07,-,False,,,5019063,Automobiles - 4 Wheelers,INE585B01010,Maruti Suzuki India Limited,2022-04-15 10:47:05,MARUTI
12-Apr-2022 15:46:18,,https://nsearchives.nseindia.com/corporate/MARUTI_12042022154617_DisclosureAddlinfofireatRohtak.pdf,Maruti Suzuki India Limited has informed the Exchange about Fire incident at Rohtak R&D centre,,,General updates,00:00:05,12042022154618,12-Apr-2022 15:46:23,-,False,,,5018096,Automobiles - 4 Wheelers,INE585B01010,Maruti Suzuki India Limited,2022-04-12 15:46:18,MARUTI
12-Apr-2022 10:16:56,,https://nsearchives.nseindia.com/corporate/MARUTI_12042022101654_PressReleaseNewspaperAdvPBFinal.pdf,Maruti Suzuki India Limited has informed the Exchange about Newspaper Advertisements regarding Postal Ballot/ E-Voting,,,Newspaper Advertisements,00:00:03,12042022101656,12-Apr-2022 10:16:59,-,False,,,5017869,Automobiles - 4 Wheelers,INE585B01010,Maruti Suzuki India Limited,2022-04-12 10:16:56,MARUTI
11-Apr-2022 21:40:49,,https://nsearchives.nseindia.com/corporate/MARUTI_11042022214044_CoveringPressReleaseAccidentatRohtak.pdf,Maruti Suzuki India Limited has informed the Exchange about Fire incident at Rohtak R&D centre,,,General updates,00:00:19,11042022214049,11-Apr-2022 21:41:08,-,False,,,5017846,Automobiles - 4 Wheelers,INE585B01010,Maruti Suzuki India Limited,2022-04-11 21:40:49,MARUTI
11-Apr-2022 15:51:15,,https://nsearchives.nseindia.com/corporate/MARUTI_11042022155106_SEIntimationPBEmailtoShareholders11042022.pdf,Maruti Suzuki India Limited has informed the Exchange about Notice of Postal Ballot,,,Postal Ballot,00:00:03,11042022155115,11-Apr-2022 15:51:18,-,False,,,5017563,Automobiles - 4 Wheelers,INE585B01010,Maruti Suzuki India Limited,2022-04-11 15:51:15,MARUTI
11-Apr-2022 10:40:03,,https://nsearchives.nseindia.com/corporate/MARUTI_11042022101946_FinalSEIntimationPressReleaseXL6.pdf,Maruti Suzuki India Limited has informed the Exchange about press release dated 11-Apr-2022 titled The All-New XL6. Bookings now open at NEXA,,,Press Release,00:00:10,11042022104003,11-Apr-2022 10:40:13,-,False,,,5017371,Automobiles - 4 Wheelers,INE585B01010,Maruti Suzuki India Limited,2022-04-11 10:40:03,MARUTI
08-Apr-2022 17:33:10,,https://nsearchives.nseindia.com/corporate/MARUTI_08042022173301_SEIntimationRTANameChange.pdf,Maruti Suzuki India Limited has informed the Exchange about Change in the name of Registrar & Share Transfer Agent,,,General updates,00:00:17,08042022173310,08-Apr-2022 17:33:27,-,False,,,5016966,Automobiles - 4 Wheelers,INE585B01010,Maruti Suzuki India Limited,2022-04-08 17:33:10,MARUTI
07-Apr-2022 18:33:49,,https://nsearchives.nseindia.com/corporate/AN_O07042022183349.xlsx,Promoter/Promoter Group of Maruti Suzuki India Limited has submitted a disclosure under Regulation 31(4) of SEBI Takeover Regulations for the year ended 31-Mar-2022,,,Disclosure under SEBI Takeover Regulations,00:00:08,07042022183349,07-Apr-2022 18:33:57,-,False,,,200004518,Automobiles - 4 Wheelers,INE585B01010,Maruti Suzuki India Limited,2022-04-07 18:33:49,MARUTI
07-Apr-2022 10:06:45,,https://nsearchives.nseindia.com/corporate/MARUTI_07042022100642_PressReleaseMSIL07042022NewErtiga.pdf,Maruti Suzuki India Limited has informed the Exchange about press release dated 07-Apr-2022 titled Introducing Next-Gen Ertiga. Pre-book now and inspire togetherness again!!,,,Press Release,00:00:11,07042022100645,07-Apr-2022 10:06:56,-,False,,,5016026,Automobiles - 4 Wheelers,INE585B01010,Maruti Suzuki India Limited,2022-04-07 10:06:45,MARUTI
06-Apr-2022 16:27:58,,https://nsearchives.nseindia.com/corporate/MARUTI_06042022162754_PressReleaseMSIL06042022EccoRecall.pdf,"Maruti Suzuki India Limited has informed the Exchange about press release dated 06-Apr-2022 titled Maruti Suzuki to proactively recall 19,731 units of EECO",,,Press Release,00:00:18,06042022162758,06-Apr-2022 16:28:16,-,False,,,5015762,Automobiles - 4 Wheelers,INE585B01010,Maruti Suzuki India Limited,2022-04-06 16:27:58,MARUTI
06-Apr-2022 10:52:17,,https://nsearchives.nseindia.com/corporate/MARUTI_06042022105211_Intimationforpricehike06042022.pdf,"Maruti Suzuki India Limited has informed the Exchange about Advance intimation regarding Price Increase in April, 2022",,,General updates,00:00:11,06042022105217,06-Apr-2022 10:52:28,-,False,,,5015533,Automobiles - 4 Wheelers,INE585B01010,Maruti Suzuki India Limited,2022-04-06 10:52:17,MARUTI
01-Apr-2022 16:58:13,,https://nsearchives.nseindia.com/corporate/MARUTI_01042022165807_PressReleaseMSIL01042022MarProduction.pdf,"Maruti Suzuki India Limited has informed the Exchange about Production in March, 2022",,,General updates,00:00:24,01042022165813,01-Apr-2022 16:58:37,-,False,,,5014353,Automobiles - 4 Wheelers,INE585B01010,Maruti Suzuki India Limited,2022-04-01 16:58:13,MARUTI
01-Apr-2022 12:11:52,,https://nsearchives.nseindia.com/corporate/MARUTI_01042022121149_PressReleaseMSIL01042022FebDomesticSalesFigure.pdf,Maruti Suzuki India Limited has informed the Exchange about press release dated 01-Apr-2022 titled Maruti Suzuki records highest ever exports in a fiscal year,,,Press Release,00:00:02,01042022121152,01-Apr-2022 12:11:54,-,False,,,5014101,Automobiles - 4 Wheelers,INE585B01010,Maruti Suzuki India Limited,2022-04-01 12:11:52,MARUTI
01-Apr-2022 12:06:09,,https://nsearchives.nseindia.com/corporate/MARUTI_01042022120513_PressReleaseMSIL01042022FebSalesFigure.pdf,Maruti Suzuki India Limited has informed the Exchange about press release dated 01-Apr-2022 titled Maruti Suzuki sales in March 2022 and FY 2021-22,,,Press Release,00:00:09,01042022120609,01-Apr-2022 12:06:18,-,False,,,5014098,Automobiles - 4 Wheelers,INE585B01010,Maruti Suzuki India Limited,2022-04-01 12:06:09,MARUTI
24-Mar-2022 13:09:20,,https://nsearchives.nseindia.com/corporate/MARUTI_24032022130917_NSEBSEOUTCOMEMARCH2022.pdf,Maruti Suzuki India Limited  has informed the Exchange about the appointment of Mr. Kenichi Ayukawa as a Whole-time Director designated as Executive Vice-Chairman.,,,Appointment,00:00:05,24032022130920,24-Mar-2022 13:09:25,-,False,,,5010251,Automobiles - 4 Wheelers,INE585B01010,Maruti Suzuki India Limited,2022-03-24 13:09:20,MARUTI
24-Mar-2022 13:06:00,,https://nsearchives.nseindia.com/corporate/MARUTI_24032022130555_NSEBSEOUTCOMEMARCH2022.pdf,Maruti Suzuki India Limited  has informed the Exchange about the appointment of Managing Director and Whole-time Director.,,,Appointment,00:00:17,24032022130600,24-Mar-2022 13:06:17,-,False,,,5010224,Automobiles - 4 Wheelers,INE585B01010,Maruti Suzuki India Limited,2022-03-24 13:06:00,MARUTI
20-Mar-2022 08:20:30,,https://nsearchives.nseindia.com/corporate/MARUTI_20032022082026_NSEBSESMCMOU.pdf,Maruti Suzuki India Limited has informed the Exchange about press release dated 20-Mar-2022 titled Suzuki Signs MOU with the State of Gujarat,,,Press Release,00:00:05,20032022082030,20-Mar-2022 08:20:35,-,False,,,5009024,Automobiles - 4 Wheelers,INE585B01010,Maruti Suzuki India Limited,2022-03-20 08:20:30,MARUTI
16-Mar-2022 18:36:46,,https://nsearchives.nseindia.com/corporate/MARUTI_16032022183644_ReplytoadvisoryNSEBSE16032022.pdf,"Maruti Suzuki India Limited has informed the Exchange about Disclosure under Regulation 30 of the Securities and Exchange Board of India (Listing Obligations and Disclosure Requirements) Regulations, 2015 ",,,General updates,00:00:03,16032022183646,16-Mar-2022 18:36:49,-,False,,,5008399,Automobiles - 4 Wheelers,INE585B01010,Maruti Suzuki India Limited,2022-03-16 18:36:46,MARUTI
11-Mar-2022 11:09:47,,https://nsearchives.nseindia.com/corporate/MARUTI_11032022110942_PressReleaseMSILInvstMeet11032022.pdf,Maruti Suzuki India Limited has informed the Exchange about Schedule of Analysts/Institutional Investor Meet/Con. Call ,,,Schedule of Analysts/Institutional Investor Meet/Con. Call,00:00:05,11032022110947,11-Mar-2022 11:09:52,-,False,,,5007114,Automobiles - 4 Wheelers,INE585B01010,Maruti Suzuki India Limited,2022-03-11 11:09:47,MARUTI
08-Mar-2022 12:21:05,,https://nsearchives.nseindia.com/corporate/MARUTI_08032022122104_PressReleaseDzireCNG08032022.pdf,"Maruti Suzuki India Limited has informed the Exchange about press release dated 08-Mar-2022 titled Your favorite sedan - Maruti Suzuki Dzire, now also available with S-CNG Technology. Further, strengthens Maruti Suzuki���s S-CNG - Green vehicles��� portfolio",,,Press Release,00:00:24,08032022122105,08-Mar-2022 12:21:29,-,False,,,5006202,Automobiles - 4 Wheelers,INE585B01010,Maruti Suzuki India Limited,2022-03-08 12:21:05,MARUTI
07-Mar-2022 10:57:30,,https://nsearchives.nseindia.com/corporate/MARUTI_07032022105726_IntimationTradingWindowClosureQ4.pdf,Maruti Suzuki India Limited has informed the Exchange about Closure of trading window,,,Closure of trading window,00:00:08,07032022105730,07-Mar-2022 10:57:38,-,False,,,5005876,Automobiles - 4 Wheelers,INE585B01010,Maruti Suzuki India Limited,2022-03-07 10:57:30,MARUTI
03-Mar-2022 13:33:12,,https://nsearchives.nseindia.com/corporate/MARUTI_03032022133244_PressReleaseMSILInvstMeet03032022.pdf,Maruti Suzuki India Limited has informed the Exchange about Schedule of Analysts/Institutional Investor Meet/Con. Call ,,,Schedule of Analysts/Institutional Investor Meet/Con. Call,00:00:15,03032022133312,03-Mar-2022 13:33:27,-,False,,,5004730,Automobiles - 4 Wheelers,INE585B01010,Maruti Suzuki India Limited,2022-03-03 13:33:12,MARUTI
02-Mar-2022 09:03:00,,https://nsearchives.nseindia.com/corporate/MARUTI_02032022090254_PressReleaseMSIL03032022FebProduction.pdf,"Maruti Suzuki India Limited has informed the Exchange about Production in February, 2022",,,General updates,00:00:20,02032022090300,02-Mar-2022 09:03:20,-,False,,,5004176,Automobiles - 4 Wheelers,INE585B01010,Maruti Suzuki India Limited,2022-03-02 09:03:00,MARUTI
01-Mar-2022 13:14:30,,https://nsearchives.nseindia.com/corporate/MARUTI_01032022131413_PressReleaseMSIL01032022FebSalesFigure.pdf,Maruti Suzuki India Limited has informed the Exchange about press release dated 01-Mar-2022 titled Maruti Suzuki sales in February 2022,,,Press Release,00:00:07,01032022131430,01-Mar-2022 13:14:37,-,False,,,5003990,Automobiles - 4 Wheelers,INE585B01010,Maruti Suzuki India Limited,2022-03-01 13:14:30,MARUTI
25-Feb-2022 19:05:32,,https://nsearchives.nseindia.com/corporate/MARUTI_25022022190532_CorrigendumPressReleaseMSIL25022022WagonR.pdf,"Maruti Suzuki India Limited has informed the Exchange about Corrigendum to the Press Release dated 25 February, 2022",,,General updates,00:00:07,25022022190532,25-Feb-2022 19:05:39,-,False,,,5003354,Automobiles - 4 Wheelers,INE585B01010,Maruti Suzuki India Limited,2022-02-25 19:05:32,MARUTI
25-Feb-2022 18:12:12,,https://nsearchives.nseindia.com/corporate/MARUTI_25022022181212_PressReleaseMSIL25022022WagonR.pdf,Maruti Suzuki India Limited has informed the Exchange about press release dated 25-Feb-2022 titled #Dilsestrong Presenting the New WagonR,,,Press Release,00:00:06,25022022181212,25-Feb-2022 18:12:18,-,False,,,5003338,Automobiles - 4 Wheelers,INE585B01010,Maruti Suzuki India Limited,2022-02-25 18:12:12,MARUTI
23-Feb-2022 12:50:48,,https://nsearchives.nseindia.com/corporate/MARUTI_23022022125046_PressReleaseMSIL23022022.pdf,Maruti Suzuki India Limited has informed the Exchange about press release dated 23-Feb-2022 titled ���Tech Goes Bold��� Global Premier of Maruti Suzuki New Age Baleno,,,Press Release,00:00:06,23022022125048,23-Feb-2022 12:50:54,-,False,,,5002447,Automobiles - 4 Wheelers,INE585B01010,Maruti Suzuki India Limited,2022-02-23 12:50:48,MARUTI
17-Feb-2022 11:15:11,,https://nsearchives.nseindia.com/corporate/MARUTI_17022022111511_PressReleaseOnboardingMMFSL17022022.pdf,"Maruti Suzuki India Limited has informed the Exchange regarding a press release dated February 17, 2022, titled ""Maruti Suzuki Subscribe expands further. Partners with Quiklyz by Mahindra Finance"".",,,Press Release,00:00:11,17022022111511,17-Feb-2022 11:15:22,-,False,,,105245158,Automobiles - 4 Wheelers,INE585B01010,Maruti Suzuki India Limited,2022-02-17 11:15:11,MARUTI
07-Feb-2022 10:45:35,,https://nsearchives.nseindia.com/corporate/MARUTI_07022022104535_PressReleaseBalenoLaunchFinalSTX.pdf,"Maruti Suzuki India Limited has informed the Exchange regarding a press release dated February 07, 2022, titled ""Maruti Suzuki announces bookings open for the  New Age Baleno "".",,,Press Release,01:20:05,07022022104535,07-Feb-2022 12:05:40,-,False,,,105231689,Automobiles - 4 Wheelers,INE585B01010,Maruti Suzuki India Limited,2022-02-07 10:45:35,MARUTI
04-Feb-2022 12:12:27,,https://nsearchives.nseindia.com/corporate/MARUTI_04022022121227_ResultsSMCConsole04022022.pdf,"Maruti Suzuki India Limited has informed the Exchange regarding a press release dated February 04, 2022, titled ""Consolidated Financial Results issued by Suzuki Motor Corporation in Japan"".",,,Press Release,00:00:07,04022022121227,04-Feb-2022 12:12:34,-,False,,,105229592,Automobiles - 4 Wheelers,INE585B01010,Maruti Suzuki India Limited,2022-02-04 12:12:27,MARUTI
02-Feb-2022 09:31:09,,https://nsearchives.nseindia.com/corporate/MARUTI_02022022093109_ProductionFiguresJan2020.pdf,"Maruti Suzuki India Limited has informed the Exchange regarding 'Production in January, 2022'.",,,Updates,00:00:06,02022022093109,02-Feb-2022 09:31:15,-,False,,,105225833,Automobiles - 4 Wheelers,INE585B01010,Maruti Suzuki India Limited,2022-02-02 09:31:09,MARUTI
01-Feb-2022 13:07:10,,https://nsearchives.nseindia.com/corporate/MARUTI_01022022130710_PressReleaseMSIL01022022JanSalesFigure.pdf,"Maruti Suzuki India Limited has informed the Exchange regarding a press release dated February 01, 2022, titled ""Maruti Suzuki sales in January, 2022"".",,,Press Release,00:00:10,01022022130710,01-Feb-2022 13:07:20,-,False,,,105224751,Automobiles - 4 Wheelers,INE585B01010,Maruti Suzuki India Limited,2022-02-01 13:07:10,MARUTI
26-Jan-2022 16:30:42,,https://nsearchives.nseindia.com/corporate/MARUTI_26012022163042_NSEBSEADVJAN22.pdf,Maruti Suzuki India Limited has informed the Exchange about Copy of Newspaper Publication,,,Copy of Newspaper Publication,00:00:08,26012022163042,26-Jan-2022 16:30:50,-,False,,,105218859,Automobiles - 4 Wheelers,INE585B01010,Maruti Suzuki India Limited,2022-01-26 16:30:42,MARUTI
25-Jan-2022 13:53:10,,https://nsearchives.nseindia.com/corporate/NSEBSEFRDEC21_25012022135310.pdf,"Maruti Suzuki India Limited has submitted to the Exchange, the financial results for the period ended December 31, 2021.",,,Financial Result Updates,00:01:55,25012022135310,25-Jan-2022 13:55:05,-,False,,,146682,Automobiles - 4 Wheelers,INE585B01010,Maruti Suzuki India Limited,2022-01-25 13:53:10,MARUTI
18-Jan-2022 12:49:51,,https://nsearchives.nseindia.com/corporate/MARUTI_18012022124951_NSEBSECONCALL25012022.pdf,Maruti Suzuki India Limited has informed the Exchange about Schedule of meet,,,Analysts/Institutional Investor Meet/Con. Call Updates,00:00:07,18012022124951,18-Jan-2022 12:49:58,-,False,,,105209997,Automobiles - 4 Wheelers,INE585B01010,Maruti Suzuki India Limited,2022-01-18 12:49:51,MARUTI
17-Jan-2022 15:08:09,,https://nsearchives.nseindia.com/corporate/MARUTI_17012022150809_NSEBSEPRCELERIOCNG.pdf,"Maruti Suzuki India Limited has informed the Exchange regarding a press release dated January 17, 2022, titled ""Maruti Suzuki launches All-New Celerio with S-CNG Technology"".",,,Press Release,00:00:08,17012022150809,17-Jan-2022 15:08:17,-,False,,,105208509,Automobiles - 4 Wheelers,INE585B01010,Maruti Suzuki India Limited,2022-01-17 15:08:09,MARUTI
15-Jan-2022 09:00:49,,https://nsearchives.nseindia.com/corporate/MARUTI_15012022090049_NSEBSEPRICEINCREASEJAN22.pdf,Maruti Suzuki India Limited has informed the Exchange regarding 'Maruti Suzuki announces Price Increase'.,,,Updates,00:00:07,15012022090049,15-Jan-2022 09:00:56,-,False,,,105207599,Automobiles - 4 Wheelers,INE585B01010,Maruti Suzuki India Limited,2022-01-15 09:00:49,MARUTI
12-Jan-2022 17:13:46,,https://nsearchives.nseindia.com/corporate/MARUTI_12012022171346_NSEBSECONCALLJAN.pdf,Maruti Suzuki India Limited has informed the Exchange about Schedule of meet,,,Analysts/Institutional Investor Meet/Con. Call Updates,00:00:04,12012022171346,12-Jan-2022 17:13:50,-,False,,,105204177,Automobiles - 4 Wheelers,INE585B01010,Maruti Suzuki India Limited,2022-01-12 17:13:46,MARUTI
03-Jan-2022 17:07:08,,https://nsearchives.nseindia.com/corporate/MARUTI_03012022170708_NSEBSEPRODUCTIONDECEMBER21.pdf,"Maruti Suzuki India Limited has informed the Exchange regarding 'Production in December, 2021'.",,,Updates,00:00:05,03012022170708,03-Jan-2022 17:07:13,-,False,,,105193682,Automobiles - 4 Wheelers,INE585B01010,Maruti Suzuki India Limited,2022-01-03 17:07:08,MARUTI
03-Jan-2022 16:36:49,,https://nsearchives.nseindia.com/corporate/MARUTI_03012022163649_NSEBSEPRJAN03.pdf,"Maruti Suzuki India Limited has informed the Exchange regarding a press release dated January 03, 2022, titled ""Maruti Suzuki exports 205,450 vehicles in 2021; highest ever in a calendar year"".",,,Press Release,00:00:03,03012022163649,03-Jan-2022 16:36:52,-,False,,,105193658,Automobiles - 4 Wheelers,INE585B01010,Maruti Suzuki India Limited,2022-01-03 16:36:49,MARUTI
01-Jan-2022 15:01:18,,https://nsearchives.nseindia.com/corporate/MARUTI_01012022150118_NSEBSESALESDEC21.pdf,"Maruti Suzuki India Limited has informed the Exchange regarding a press release dated January 01, 2022, titled ""Maruti Suzuki sales in December 2021"".",,,Press Release,00:00:05,01012022150118,01-Jan-2022 15:01:23,-,False,,,105192665,Automobiles - 4 Wheelers,INE585B01010,Maruti Suzuki India Limited,2022-01-01 15:01:18,MARUTI
17-Dec-2021 10:51:03,,https://nsearchives.nseindia.com/corporate/MARUTI_17122021105103_NSEBSECCIFINALCLARI.pdf,"MARUTI: The Exchange had sought clarification from Maruti Suzuki India Limited with respect to announcement dated 23-Nov-2021, regarding 'Order passed by the National Company Law Appellate Tribunal (NCLAT) '. On basis of above the Company was required to clarify following: 1. Expected financial implications, if any, due to compensation, penalty etc; 2. Quantum of claims, if any The response of the Company is attached.",,,Reply to Clarification Sought,00:00:06,17122021105103,17-Dec-2021 10:51:09,-,False,,,105177002,Automobiles - 4 Wheelers,INE585B01010,Maruti Suzuki India Limited,2021-12-17 10:51:03,MARUTI
15-Dec-2021 11:07:09,,https://nsearchives.nseindia.com/corporate/MARUTI_15122021110709_NSEBSECONCALLDEC.pdf,Maruti Suzuki India Limited has informed the Exchange about Schedule of meet,,,Analysts/Institutional Investor Meet/Con. Call Updates,00:00:07,15122021110709,15-Dec-2021 11:07:16,-,False,,,105174321,Automobiles - 4 Wheelers,INE585B01010,Maruti Suzuki India Limited,2021-12-15 11:07:09,MARUTI
13-Dec-2021 10:34:32,,https://nsearchives.nseindia.com/corporate/MARUTI_13122021103432_NSEBSECONCALLDEC21.pdf,Maruti Suzuki India Limited has informed the Exchange about Schedule of meet,,,Analysts/Institutional Investor Meet/Con. Call Updates,00:00:08,13122021103432,13-Dec-2021 10:34:40,-,False,,,105171533,Automobiles - 4 Wheelers,INE585B01010,Maruti Suzuki India Limited,2021-12-13 10:34:32,MARUTI
10-Dec-2021 13:22:05,,-,"MARUTI: The Exchange has sought clarification from Maruti Suzuki India Limited with respect to announcement dated 23-Nov-2021, regarding 'Order passed by the National Company Law Appellate Tribunal (NCLAT) '. On basis of above the Company is required to clarify following: 1. Expected financial implications, if any, due to compensation, penalty etc; 2. Quantum of claims, if any The response of the Company is awaited.",,,Clarification,00:00:10,10122021132205,10-Dec-2021 13:22:15,-,False,,,105169982,Automobiles - 4 Wheelers,INE585B01010,Maruti Suzuki India Limited,2021-12-10 13:22:05,MARUTI
08-Dec-2021 12:08:37,,https://nsearchives.nseindia.com/corporate/MARUTI_08122021120837_NSEBSEDECTW2021.pdf,"Maruti Suzuki India Limited has informed the Exchange regarding the Trading Window closure pursuant to SEBI (Prohibition of Insider Trading) Regulations, 2015",,,Trading Window,00:00:06,08122021120837,08-Dec-2021 12:08:43,-,False,,,105167488,Automobiles - 4 Wheelers,INE585B01010,Maruti Suzuki India Limited,2021-12-08 12:08:37,MARUTI
02-Dec-2021 16:51:55,,https://nsearchives.nseindia.com/corporate/MARUTI_02122021165155_NSEBSEEXHIBITION.pdf,Maruti Suzuki India Limited has informed the Exchange about ENGIMACH exhibition participation,,,Analysts/Institutional Investor Meet/Con. Call Updates,00:00:05,02122021165155,02-Dec-2021 16:52:00,-,False,,,105161873,Automobiles - 4 Wheelers,INE585B01010,Maruti Suzuki India Limited,2021-12-02 16:51:55,MARUTI
02-Dec-2021 12:01:27,,https://nsearchives.nseindia.com/corporate/MARUTI_02122021120127_NSEBSEPRICEHIKEJAN22.pdf,Maruti Suzuki India Limited has informed the Exchange regarding 'Advance Intimation regarding Price Increase'.,,,Updates,00:00:05,02122021120127,02-Dec-2021 12:01:32,-,False,,,105161724,Automobiles - 4 Wheelers,INE585B01010,Maruti Suzuki India Limited,2021-12-02 12:01:27,MARUTI
01-Dec-2021 18:27:01,,https://nsearchives.nseindia.com/corporate/MARUTI_01122021182701_NSEBSEPRODUCTIONNOVEMBER21.pdf,"Maruti Suzuki India Limited has informed the Exchange regarding 'Production in November, 2021'.",,,Updates,00:00:03,01122021182701,01-Dec-2021 18:27:04,-,False,,,105160484,Automobiles - 4 Wheelers,INE585B01010,Maruti Suzuki India Limited,2021-12-01 18:27:01,MARUTI
01-Dec-2021 14:55:21,,https://nsearchives.nseindia.com/corporate/MARUTI_01122021145521_NSEBSESALESFINALNOV.pdf,"Maruti Suzuki India Limited has informed the Exchange regarding a press release dated December 01, 2021, titled ""Maruti Suzuki sales in November 2021"".",,,Press Release,00:00:04,01122021145521,01-Dec-2021 14:55:25,-,False,,,105160331,Automobiles - 4 Wheelers,INE585B01010,Maruti Suzuki India Limited,2021-12-01 14:55:21,MARUTI
30-Nov-2021 16:24:46,,https://nsearchives.nseindia.com/corporate/MARUTI_30112021162446_NSEBSEDECEMBER21IMPACTPRODUCTION.pdf,Maruti Suzuki India Limited has informed the Exchange regarding 'Impact on Vehicle Production in Haryana and Gujarat Plants in December  2021 owing to Electronic Components Supply Constraint'.,,,Updates,00:00:03,30112021162446,30-Nov-2021 16:24:49,-,False,,,105158989,Automobiles - 4 Wheelers,INE585B01010,Maruti Suzuki India Limited,2021-11-30 16:24:46,MARUTI
30-Nov-2021 14:08:35,,https://nsearchives.nseindia.com/corporate/MARUTI_30112021140835_NSEBSEPRICENOVEMBER21.pdf,Maruti Suzuki India Limited has informed the Exchange regarding 'Price Increase'.,,,Updates,00:00:08,30112021140835,30-Nov-2021 14:08:43,-,False,,,105158911,Automobiles - 4 Wheelers,INE585B01010,Maruti Suzuki India Limited,2021-11-30 14:08:35,MARUTI
23-Nov-2021 13:36:27,,https://nsearchives.nseindia.com/corporate/MARUTI_23112021133626_NSEBSEFINALMSTI.pdf,"Maruti Suzuki India Limited has informed the Exchange regarding a press release dated November 23, 2021, titled ""Maruti Suzuki and Toyota Tsusho Group s Vehicle Scrapping and Recycling unit commences operations in India"".",,,Press Release,00:00:04,23112021133627,23-Nov-2021 13:36:31,-,False,,,105151886,Automobiles - 4 Wheelers,INE585B01010,Maruti Suzuki India Limited,2021-11-23 13:36:27,MARUTI
23-Nov-2021 11:21:15,,https://nsearchives.nseindia.com/corporate/MARUTI_23112021112115_NSEBSECCIFINAL.pdf,Maruti Suzuki India Limited has informed the Exchange regarding 'Order passed by the National Company Law Appellate Tribunal (NCLAT) '.,,,Updates,00:00:04,23112021112115,23-Nov-2021 11:21:19,-,False,,,105151814,Automobiles - 4 Wheelers,INE585B01010,Maruti Suzuki India Limited,2021-11-23 11:21:15,MARUTI
11-Nov-2021 13:12:01,,https://nsearchives.nseindia.com/corporate/MARUTI_11112021131201_NSEBSESMCPR2021.PDF,"Maruti Suzuki India Limited has informed the Exchange regarding a press release dated November 11, 2021, titled ""Consolidated Financial Results issued by Suzuki Motor Corporation in Japan"".",,,Press Release,00:00:48,11112021131201,11-Nov-2021 13:12:49,-,False,,,105139277,Automobiles - 4 Wheelers,INE585B01010,Maruti Suzuki India Limited,2021-11-11 13:12:01,MARUTI
10-Nov-2021 17:55:51,,https://nsearchives.nseindia.com/corporate/MARUTI_10112021175551_NSEBSEPRODUCTIONOCT21.pdf,"Maruti Suzuki India Limited has informed the Exchange regarding 'Production in October, 2021'.",,,Updates,00:00:06,10112021175551,10-Nov-2021 17:55:57,-,False,,,105137928,Automobiles - 4 Wheelers,INE585B01010,Maruti Suzuki India Limited,2021-11-10 17:55:51,MARUTI
10-Nov-2021 15:58:29,,https://nsearchives.nseindia.com/corporate/MARUTI_10112021155829_NSEBSECORRIGENDEM.PDF,"Maruti Suzuki India Limited has informed the Exchange regarding Corrigendum to CORRIGENDUM TO THE PRESS RELEASE DATED 10TH NOVEMBER, 2021",,,Corrigendum,00:00:04,10112021155829,10-Nov-2021 15:58:33,-,False,,,105137783,Automobiles - 4 Wheelers,INE585B01010,Maruti Suzuki India Limited,2021-11-10 15:58:29,MARUTI
10-Nov-2021 13:16:28,,https://nsearchives.nseindia.com/corporate/MARUTI_10112021131628_NSEBSECELERIO.pdf,"Maruti Suzuki India Limited has informed the Exchange regarding a press release dated November 10, 2021, titled ""Maruti Suzuki launches India s most fuel-efficient petrol car*: All-New Celerio  Drive Your Style "".",,,Press Release,00:00:05,10112021131628,10-Nov-2021 13:16:33,-,False,,,105137650,Automobiles - 4 Wheelers,INE585B01010,Maruti Suzuki India Limited,2021-11-10 13:16:28,MARUTI
09-Nov-2021 22:14:31,,https://nsearchives.nseindia.com/corporate/MARUTI_09112021221431_NSEBSECONCALLNOV.pdf,Maruti Suzuki India Limited has informed the Exchange about Schedule of meet,,,Analysts/Institutional Investor Meet/Con. Call Updates,00:00:06,09112021221431,09-Nov-2021 22:14:37,-,False,,,105136635,Automobiles - 4 Wheelers,INE585B01010,Maruti Suzuki India Limited,2021-11-09 22:14:31,MARUTI
02-Nov-2021 10:48:12,,https://nsearchives.nseindia.com/corporate/MARUTI_02112021104812_NSEBSECELARIOFINAL.pdf,"Maruti Suzuki India Limited has informed the Exchange regarding a press release dated November 02, 2021, titled ""Maruti Suzuki announces bookings open for India s Most Fuel-Efficient Petrol Car-The All-New Celerio "".",,,Press Release,00:00:07,02112021104812,02-Nov-2021 10:48:19,-,False,,,105129979,Automobiles - 4 Wheelers,INE585B01010,Maruti Suzuki India Limited,2021-11-02 10:48:12,MARUTI
01-Nov-2021 12:29:45,,https://nsearchives.nseindia.com/corporate/MARUTI_01112021122945_NSEBSESALESNOV21.pdf,"Maruti Suzuki India Limited has informed the Exchange regarding a press release dated November 01, 2021, titled ""Maruti Suzuki sales in October, 2021"".",,,Press Release,00:00:05,01112021122945,01-Nov-2021 12:29:50,-,False,,,105128163,Automobiles - 4 Wheelers,INE585B01010,Maruti Suzuki India Limited,2021-11-01 12:29:45,MARUTI
30-Oct-2021 12:55:23,,https://nsearchives.nseindia.com/corporate/MARUTI_30102021125523_NSEBSEOCTPI.pdf,Maruti Suzuki India Limited has informed the Exchange regarding 'IMPACT ON VEHICLE PRODUCTION IN HARYANA AND GUJARAT PLANTS '.,,,Updates,00:00:05,30102021125523,30-Oct-2021 12:55:28,-,False,,,105127159,Automobiles - 4 Wheelers,INE585B01010,Maruti Suzuki India Limited,2021-10-30 12:55:23,MARUTI
28-Oct-2021 12:47:55,,https://nsearchives.nseindia.com/corporate/MARUTI_28102021124755_NSEBSECUTTINGQ2FINAL.pdf,Maruti Suzuki India Limited has informed the Exchange about Copy of Newspaper Publication,,,Copy of Newspaper Publication,00:00:07,28102021124755,28-Oct-2021 12:48:02,-,False,,,105124421,Automobiles - 4 Wheelers,INE585B01010,Maruti Suzuki India Limited,2021-10-28 12:47:55,MARUTI
27-Oct-2021 13:51:02,,https://nsearchives.nseindia.com/corporate/NSEBSEFR30SEP2021_27102021135102.pdf,"Maruti Suzuki India Limited has submitted to the Exchange, the financial results for the period ended September 30, 2021.",,,Financial Result Updates,00:01:59,27102021135102,27-Oct-2021 13:53:01,-,False,,,144799,Automobiles - 4 Wheelers,INE585B01010,Maruti Suzuki India Limited,2021-10-27 13:51:02,MARUTI
25-Oct-2021 11:18:04,,https://nsearchives.nseindia.com/corporate/MARUTI_25102021111804_NSEBSEQ2CALL.pdf,Maruti Suzuki India Limited has informed the Exchange about Schedule of meet,,,Analysts/Institutional Investor Meet/Con. Call Updates,00:00:10,25102021111804,25-Oct-2021 11:18:14,-,False,,,105119550,Automobiles - 4 Wheelers,INE585B01010,Maruti Suzuki India Limited,2021-10-25 11:18:04,MARUTI
08-Oct-2021 19:38:19,,https://nsearchives.nseindia.com/corporate/MARUTI_08102021193819_NSEBSEPROFINAL.pdf,"Maruti Suzuki India Limited has informed the Exchange regarding 'Production in September, 2021'.",,,Updates,00:00:07,08102021193819,08-Oct-2021 19:38:26,-,False,,,105103961,Automobiles - 4 Wheelers,INE585B01010,Maruti Suzuki India Limited,2021-10-08 19:38:19,MARUTI
01-Oct-2021 12:00:03,,https://nsearchives.nseindia.com/corporate/MARUTI_01102021120003_NSEBSECONCALL.pdf,Maruti Suzuki India Limited has informed the Exchange about Analysts/Institutional Investor Meet/Con. Call Updates,,,Analysts/Institutional Investor Meet/Con. Call Updates,00:00:06,01102021120003,01-Oct-2021 12:00:09,-,False,,,105095361,Automobiles - 4 Wheelers,INE585B01010,Maruti Suzuki India Limited,2021-10-01 12:00:03,MARUTI
01-Oct-2021 11:27:45,,https://nsearchives.nseindia.com/corporate/MARUTI_01102021112745_NSEBSESALESOCT21.pdf,"Maruti Suzuki India Limited has informed the Exchange regarding a press release dated October 01, 2021, titled ""Maruti Suzuki sales in September 2021"".",,,Press Release,00:00:04,01102021112745,01-Oct-2021 11:27:49,-,False,,,105095326,Automobiles - 4 Wheelers,INE585B01010,Maruti Suzuki India Limited,2021-10-01 11:27:45,MARUTI
30-Sep-2021 18:35:47,,https://nsearchives.nseindia.com/corporate/MARUTI_30092021183547_NSEBSEPRODUCTIONSHORTAGE.pdf,"Maruti Suzuki India Limited has informed the Exchange regarding 'Impact on Vehicle Production in Haryana and Gujarat Plants in October, 2021 owing to Electronic Components Supply Constraint'.",,,Updates,00:00:04,30092021183547,30-Sep-2021 18:35:51,-,False,,,105093857,Automobiles - 4 Wheelers,INE585B01010,Maruti Suzuki India Limited,2021-09-30 18:35:47,MARUTI
11-Sep-2021 19:30:27,,https://nsearchives.nseindia.com/corporate/MARUTI_11092021193027_NSEBSETWSEP21.pdf,"Maruti Suzuki India Limited has informed the Exchange regarding the Trading Window closure pursuant to SEBI (Prohibition of Insider Trading) Regulations, 2015",,,Trading Window,00:00:03,11092021193027,11-Sep-2021 19:30:30,-,False,,,105070331,Automobiles - 4 Wheelers,INE585B01010,Maruti Suzuki India Limited,2021-09-11 19:30:27,MARUTI
08-Sep-2021 07:40:06,,https://nsearchives.nseindia.com/corporate/MARUTI_08092021074006_NSEBSEPRODUCTIONAUGUST2021.pdf,"Maruti Suzuki India Limited has informed the Exchange regarding 'Production in August, 2021'.",,,Updates,00:00:04,08092021074006,08-Sep-2021 07:40:10,-,False,,,105066497,Automobiles - 4 Wheelers,INE585B01010,Maruti Suzuki India Limited,2021-09-08 07:40:06,MARUTI
06-Sep-2021 19:44:35,,https://nsearchives.nseindia.com/corporate/MARUTI_06092021194435_NSEBSECONCALLVINEET.pdf,Maruti Suzuki India Limited has informed the Exchange about Analysts/Institutional Investor Meet/Con. Call Updates,,,Analysts/Institutional Investor Meet/Con. Call Updates,00:00:03,06092021194435,06-Sep-2021 19:44:38,-,False,,,105063998,Automobiles - 4 Wheelers,INE585B01010,Maruti Suzuki India Limited,2021-09-06 19:44:35,MARUTI
06-Sep-2021 08:57:09,,https://nsearchives.nseindia.com/corporate/MARUTI_06092021085709_NSEBSEPRICEINCREASE.pdf,Maruti Suzuki India Limited has informed the Exchange regarding 'Maruti Suzuki announces Price Increase'.,,,Updates,00:00:04,06092021085709,06-Sep-2021 08:57:13,-,False,,,105062775,Automobiles - 4 Wheelers,INE585B01010,Maruti Suzuki India Limited,2021-09-06 08:57:09,MARUTI
03-Sep-2021 13:02:00,,https://nsearchives.nseindia.com/corporate/MARUTI_03092021130200_NSEBSEPR03092021.pdf,"Maruti Suzuki India Limited has informed the Exchange regarding a press release dated September 03, 2021, titled ""Maruti Suzuki to proactively recall 181,754 units of some petrol variants of Ciaz, Ertiga,Vitara Brezza, S-Cross and XL6"".",,,Press Release,00:00:13,03092021130200,03-Sep-2021 13:02:13,-,False,,,105061106,Automobiles - 4 Wheelers,INE585B01010,Maruti Suzuki India Limited,2021-09-03 13:02:00,MARUTI
01-Sep-2021 12:36:46,,https://nsearchives.nseindia.com/corporate/MARUTI_01092021123646_NSEBSESALES01092021.pdf,"Maruti Suzuki India Limited has informed the Exchange regarding a press release dated September 01, 2021, titled ""Maruti Suzuki sales in August 2021"".",,,Press Release,00:00:05,01092021123646,01-Sep-2021 12:36:51,-,False,,,105057479,Automobiles - 4 Wheelers,INE585B01010,Maruti Suzuki India Limited,2021-09-01 12:36:46,MARUTI
31-Aug-2021 16:18:55,,https://nsearchives.nseindia.com/corporate/MARUTI_31082021161855_NSEBSE31082021.pdf,Maruti Suzuki India Limited has informed the Exchange regarding 'IMPACT ON VEHICLE PRODUCTION IN HARYANA AND GUJARAT PLANTS IN SEPTEMBER OWING TO ELECTRONIC COMPONENTS SUPPLY CONSTRAINT'.,,,Updates,00:00:04,31082021161855,31-Aug-2021 16:18:59,-,False,,,105056096,Automobiles - 4 Wheelers,INE585B01010,Maruti Suzuki India Limited,2021-08-31 16:18:55,MARUTI
30-Aug-2021 10:40:36,,https://nsearchives.nseindia.com/corporate/MARUTI_30082021104036_NSEBSEPI30082021.pdf,Maruti Suzuki India Limited has informed the Exchange regarding 'Advance Intimation regarding Price Increase'.,,,Updates,00:00:05,30082021104036,30-Aug-2021 10:40:41,-,False,,,105054091,Automobiles - 4 Wheelers,INE585B01010,Maruti Suzuki India Limited,2021-08-30 10:40:36,MARUTI
26-Aug-2021 18:38:01,,https://nsearchives.nseindia.com/corporate/MARUTI_26082021183801_NSEBSEAUD26082021.pdf,Maruti Suzuki India Limited has informed the Exchange regarding 'Appointment of M/s Deloitte Haskins & Sells LLP as Auditors'.,,,Updates,00:00:07,26082021183801,26-Aug-2021 18:38:08,-,False,,,105050740,Automobiles - 4 Wheelers,INE585B01010,Maruti Suzuki India Limited,2021-08-26 18:38:01,MARUTI
26-Aug-2021 17:17:22,,https://nsearchives.nseindia.com/corporate/MARUTI_26082021171722_NSEBSESR26082021.pdf,"Maruti Suzuki India Limited has submitted the Exchange a copy Srutinizers report of  Annual General Meeting held on August 24, 2021. Further, the company has informed the Exchange regarding voting results.",,,Shareholders meeting,00:00:06,26082021171722,26-Aug-2021 17:17:28,-,False,,,105050655,Automobiles - 4 Wheelers,INE585B01010,Maruti Suzuki India Limited,2021-08-26 17:17:22,MARUTI
24-Aug-2021 13:21:24,,https://nsearchives.nseindia.com/corporate/MARUTI_24082021132124_NSEBSEAGM24082021.pdf,"Maruti Suzuki India Limited has informed the Exchange regarding Proceedings of Annual General Meeting held on August 24, 2021",,,Shareholders meeting,00:00:07,24082021132124,24-Aug-2021 13:21:31,-,False,,,105047184,Automobiles - 4 Wheelers,INE585B01010,Maruti Suzuki India Limited,2021-08-24 13:21:24,MARUTI
24-Aug-2021 08:05:38,,https://nsearchives.nseindia.com/corporate/MARUTI_24082021080538_NSEBSECCI24082021.pdf,"Maruti Suzuki India Limited has informed the Exchange regarding 'Intimation under Regulation 30 of the SEBI (LODR) Regulations, 2015 - Order passed by the Competition Commission of India (CCI)'.",,,Updates,00:00:04,24082021080538,24-Aug-2021 08:05:42,-,False,,,105046464,Automobiles - 4 Wheelers,INE585B01010,Maruti Suzuki India Limited,2021-08-24 08:05:38,MARUTI
13-Aug-2021 13:20:21,,https://nsearchives.nseindia.com/corporate/MARUTI_13082021132021_NSEBSECONCALL13082021.pdf,Maruti Suzuki India Limited has informed the Exchange about Analysts/Institutional Investor Meet/Con. Call Updates,,,Analysts/Institutional Investor Meet/Con. Call Updates,00:00:04,13082021132021,13-Aug-2021 13:20:25,-,False,,,105035951,Automobiles - 4 Wheelers,INE585B01010,Maruti Suzuki India Limited,2021-08-13 13:20:21,MARUTI
09-Aug-2021 14:02:30,,https://nsearchives.nseindia.com/corporate/MARUTI_09082021140230_NSEBSECONCALL09082021.pdf,Maruti Suzuki India Limited has informed the Exchange about Analysts/Institutional Investor Meet/Con. Call Updates,,,Analysts/Institutional Investor Meet/Con. Call Updates,00:00:12,09082021140230,09-Aug-2021 14:02:42,-,False,,,105027970,Automobiles - 4 Wheelers,INE585B01010,Maruti Suzuki India Limited,2021-08-09 14:02:30,MARUTI
05-Aug-2021 17:02:36,,https://nsearchives.nseindia.com/corporate/MARUTI_05082021170236_NSEBSEPROD05082021.pdf,"Maruti Suzuki India Limited has informed the Exchange regarding 'Production in July, 2021'.",,,Updates,00:00:05,05082021170236,05-Aug-2021 17:02:41,-,False,,,105023823,Automobiles - 4 Wheelers,INE585B01010,Maruti Suzuki India Limited,2021-08-05 17:02:36,MARUTI
05-Aug-2021 12:39:34,,https://nsearchives.nseindia.com/corporate/MARUTI_05082021123934_NSEBSESMC05082021.pdf,"Maruti Suzuki India Limited has informed the Exchange regarding a press release dated August 05, 2021, titled ""Suzuki Announces Financial Results for FY2021 First Quarter (April to June 2021)"".",,,Press Release,00:00:07,05082021123934,05-Aug-2021 12:39:41,-,False,,,105023543,Automobiles - 4 Wheelers,INE585B01010,Maruti Suzuki India Limited,2021-08-05 12:39:34,MARUTI
04-Aug-2021 14:32:12,,https://nsearchives.nseindia.com/corporate/MARUTI_04082021143212_NSEBSESMG04082021.pdf,Maruti Suzuki India Limited has informed the Exchange regarding 'Car plant in Gujarat to have partial production impact in August owing to semiconductor shortage'.,,,Updates,00:00:07,04082021143212,04-Aug-2021 14:32:19,-,False,,,105021670,Automobiles - 4 Wheelers,INE585B01010,Maruti Suzuki India Limited,2021-08-04 14:32:12,MARUTI
03-Aug-2021 17:23:42,,https://nsearchives.nseindia.com/corporate/MARUTI_03082021172342_NSEBSEADV03082021.pdf,Maruti Suzuki India Limited has informed the Exchange about Copy of Newspaper Publication,,,Copy of Newspaper Publication,00:00:05,03082021172342,03-Aug-2021 17:23:47,-,False,,,105020001,Automobiles - 4 Wheelers,INE585B01010,Maruti Suzuki India Limited,2021-08-03 17:23:42,MARUTI
02-Aug-2021 12:39:50,,https://nsearchives.nseindia.com/corporate/MARUTI_02082021123950_NSEBSE02082021pdf.pdf,"Maruti Suzuki India Limited has informed the Exchange regarding a press release dated August 02, 2021, titled ""Maruti Suzuki Annual Integrated Report 2020-21 - Leading with Responsibility. Delivering Excellence."".",,,Press Release,00:00:06,02082021123950,02-Aug-2021 12:39:56,-,False,,,105017563,Automobiles - 4 Wheelers,INE585B01010,Maruti Suzuki India Limited,2021-08-02 12:39:50,MARUTI
01-Aug-2021 10:48:10,,https://nsearchives.nseindia.com/corporate/MARUTI_01082021104810_NSEBSESALES01082021.pdf,"Maruti Suzuki India Limited has informed the Exchange regarding a press release dated August 01, 2021, titled ""Maruti Suzuki sales in July 2021"".",,,Press Release,00:00:05,01082021104810,01-Aug-2021 10:48:15,-,False,,,105016667,Automobiles - 4 Wheelers,INE585B01010,Maruti Suzuki India Limited,2021-08-01 10:48:10,MARUTI
30-Jul-2021 15:49:03,,https://nsearchives.nseindia.com/corporate/MARUTI_30072021154903_NSEBSEADV30072021.pdf,Maruti Suzuki India Limited has informed the Exchange about Copy of Newspaper Publication,,,Copy of Newspaper Publication,00:00:06,30072021154903,30-Jul-2021 15:49:09,-,False,,,105015316,Automobiles - 4 Wheelers,INE585B01010,Maruti Suzuki India Limited,2021-07-30 15:49:03,MARUTI
29-Jul-2021 20:43:31,,https://nsearchives.nseindia.com/corporate/MARUTI_29072021204331_NSEBSEADV29072021.pdf,Maruti Suzuki India Limited has informed the Exchange about Copy of Newspaper Publication,,,Copy of Newspaper Publication,00:00:04,29072021204331,29-Jul-2021 20:43:35,-,False,,,105013680,Automobiles - 4 Wheelers,INE585B01010,Maruti Suzuki India Limited,2021-07-29 20:43:31,MARUTI
28-Jul-2021 15:22:55,,https://nsearchives.nseindia.com/corporate/NSEBSEFR28072021_28072021152255.pdf,"Maruti Suzuki India Limited has submitted to the Exchange, the financial results for the period ended June 30, 2021.",,,Financial Result Updates,00:01:17,28072021152255,28-Jul-2021 15:24:12,-,False,,,142992,Automobiles - 4 Wheelers,INE585B01010,Maruti Suzuki India Limited,2021-07-28 15:22:55,MARUTI
20-Jul-2021 14:06:23,,https://nsearchives.nseindia.com/corporate/MARUTI_20072021140623_NSEBSECONCALL20072021.pdf,Maruti Suzuki India Limited has informed the Exchange about Analysts/Institutional Investor Meet/Con. Call Updates,,,Analysts/Institutional Investor Meet/Con. Call Updates,00:00:10,20072021140623,20-Jul-2021 14:06:33,-,False,,,105001566,Automobiles - 4 Wheelers,INE585B01010,Maruti Suzuki India Limited,2021-07-20 14:06:23,MARUTI
12-Jul-2021 09:05:06,,https://nsearchives.nseindia.com/corporate/MARUTI_12072021090506_NSEBSE12072021.pdf,Maruti Suzuki India Limited has informed the Exchange regarding 'Price Increase'.,,,Updates,00:00:05,12072021090506,12-Jul-2021 09:05:11,-,False,,,104989402,Automobiles - 4 Wheelers,INE585B01010,Maruti Suzuki India Limited,2021-07-12 09:05:06,MARUTI
09-Jul-2021 16:01:03,,https://nsearchives.nseindia.com/corporate/MARUTI_09072021160103_NSEBSEPR09072021.pdf,"Maruti Suzuki India Limited has informed the Exchange regarding a press release dated July 09, 2021, titled ""Finance your car online, from anywhere with Maruti Suzuki Smart Finance"".",,,Press Release,00:00:10,09072021160103,09-Jul-2021 16:01:13,-,False,,,104988221,Automobiles - 4 Wheelers,INE585B01010,Maruti Suzuki India Limited,2021-07-09 16:01:03,MARUTI
05-Jul-2021 18:56:11,,https://nsearchives.nseindia.com/corporate/MARUTI_05072021185611_NSEBSEPROD05072021.pdf,"Maruti Suzuki India Limited has informed the Exchange regarding 'Production in June, 2021'.",,,Updates,00:00:03,05072021185611,05-Jul-2021 18:56:14,-,False,,,104981683,Automobiles - 4 Wheelers,INE585B01010,Maruti Suzuki India Limited,2021-07-05 18:56:11,MARUTI
01-Jul-2021 12:04:31,,https://nsearchives.nseindia.com/corporate/MARUTI_01072021120431_NSEBSESALES01072021.pdf,"Maruti Suzuki India Limited has informed the Exchange regarding a press release dated July 01, 2021, titled ""Maruti Suzuki sales in June 2021"".",,,Press Release,00:00:11,01072021120431,01-Jul-2021 12:04:42,-,False,,,104977456,Automobiles - 4 Wheelers,INE585B01010,Maruti Suzuki India Limited,2021-07-01 12:04:31,MARUTI
28-Jun-2021 17:51:16,,https://nsearchives.nseindia.com/corporate/MARUTI_28062021175116_NSEBSERD28062021.pdf,Maruti Suzuki India Limited has informed the Exchange that Register of Members & Share Transfer Books of the Company will remain closed from 07-Aug-2021 to 24-Aug-2021 for the purpose of Dividend.,,,Book Closure,00:00:05,28062021175116,28-Jun-2021 17:51:21,-,False,,,104970765,Automobiles - 4 Wheelers,INE585B01010,Maruti Suzuki India Limited,2021-06-28 17:51:16,MARUTI
28-Jun-2021 16:00:53,,https://nsearchives.nseindia.com/corporate/MARUTI_28062021160053_NSEBSECONCALL28062021.pdf,Maruti Suzuki India Limited has informed the Exchange about Analysts/Institutional Investor Meet/Con. Call Updates,,,Analysts/Institutional Investor Meet/Con. Call Updates,00:00:07,28062021160053,28-Jun-2021 16:01:00,-,False,,,104970636,Automobiles - 4 Wheelers,INE585B01010,Maruti Suzuki India Limited,2021-06-28 16:00:53,MARUTI
28-Jun-2021 11:16:25,,https://nsearchives.nseindia.com/corporate/MARUTI_28062021111625_NSEBSEPR28062021.pdf,"Maruti Suzuki India Limited has informed the Exchange regarding a press release dated Jun 28, 2021, titled ""Maruti Suzuki expands  Subscription  services to Jaipur, Indore, Mangalore and Mysore"".",,,Press Release,00:00:06,28062021111625,28-Jun-2021 11:16:31,-,False,,,104969867,Automobiles - 4 Wheelers,INE585B01010,Maruti Suzuki India Limited,2021-06-28 11:16:25,MARUTI
21-Jun-2021 12:31:56,,https://nsearchives.nseindia.com/corporate/MARUTI_21062021123156_NSEBSENEWS21062021.pdf,Maruti Suzuki India Limited has informed the Exchange about Copy of Newspaper Publication,,,Copy of Newspaper Publication,00:00:17,21062021123156,21-Jun-2021 12:32:13,-,False,,,104959417,Automobiles - 4 Wheelers,INE585B01010,Maruti Suzuki India Limited,2021-06-21 12:31:56,MARUTI
21-Jun-2021 10:48:58,,https://nsearchives.nseindia.com/corporate/MARUTI_21062021104858_NSEBSE21062021.pdf,Maruti Suzuki India Limited has informed the Exchange regarding 'Advance Intimation regarding Price Increase'.,,,Updates,00:00:06,21062021104858,21-Jun-2021 10:49:04,-,False,,,104959371,Automobiles - 4 Wheelers,INE585B01010,Maruti Suzuki India Limited,2021-06-21 10:48:58,MARUTI
18-Jun-2021 14:48:00,,https://nsearchives.nseindia.com/corporate/MARUTI_18062021144800_NSEBSE18062021.pdf,Maruti Suzuki India Limited has informed the Exchange regarding 'Implementation of Reduced GST rate on Eeco Ambulance'.,,,Updates,00:00:13,18062021144800,18-Jun-2021 14:48:13,-,False,,,104957478,Automobiles - 4 Wheelers,INE585B01010,Maruti Suzuki India Limited,2021-06-18 14:48:00,MARUTI
12-Jun-2021 18:55:38,,https://nsearchives.nseindia.com/corporate/MARUTI_12062021185538_NSEBSENEWS12062021.pdf,Maruti Suzuki India Limited has informed the Exchange about Copy of Newspaper Publication,,,Copy of Newspaper Publication,00:00:07,12062021185538,12-Jun-2021 18:55:45,-,False,,,104948313,Automobiles - 4 Wheelers,INE585B01010,Maruti Suzuki India Limited,2021-06-12 18:55:38,MARUTI
08-Jun-2021 16:28:24,,https://nsearchives.nseindia.com/corporate/MARUTI_08062021162824_NSEBSETW08062021.pdf,"Maruti Suzuki India Limited has informed the Exchange regarding the Trading Window closure pursuant to SEBI (Prohibition of Insider Trading) Regulations, 2015",,,Trading Window,00:00:06,08062021162824,08-Jun-2021 16:28:30,-,False,,,104941295,Automobiles - 4 Wheelers,INE585B01010,Maruti Suzuki India Limited,2021-06-08 16:28:24,MARUTI
06-Jun-2021 18:14:24,,https://nsearchives.nseindia.com/corporate/MARUTI_06062021181424_MARUTI.pdf,"Maruti Suzuki India Limited has informed the Exchange regarding 'Production in May, 2021'.",,,Updates,00:00:04,06062021181424,06-Jun-2021 18:14:28,-,False,,,104938206,Automobiles - 4 Wheelers,INE585B01010,Maruti Suzuki India Limited,2021-06-06 18:14:24,MARUTI
02-Jun-2021 15:00:56,,https://nsearchives.nseindia.com/corporate/MARUTI_02062021150056_NSEBSECONCALL02062021.pdf,Maruti Suzuki India Limited has informed the Exchange about Analysts/Institutional Investor Meet/Con. Call Updates,,,Analysts/Institutional Investor Meet/Con. Call Updates,00:00:06,02062021150056,02-Jun-2021 15:01:02,-,False,,,104933208,Automobiles - 4 Wheelers,INE585B01010,Maruti Suzuki India Limited,2021-06-02 15:00:56,MARUTI
01-Jun-2021 13:15:53,,https://nsearchives.nseindia.com/corporate/MARUTI_01062021131553_NSEBSESALES01062021.pdf,"Maruti Suzuki India Limited has informed the Exchange regarding a press release dated Jun 01, 2021, titled ""Maruti Suzuki Sales in May 2021"".",,,Press Release,00:00:05,01062021131553,01-Jun-2021 13:15:58,-,False,,,104931256,Automobiles - 4 Wheelers,INE585B01010,Maruti Suzuki India Limited,2021-06-01 13:15:53,MARUTI
24-May-2021 15:11:15,,https://nsearchives.nseindia.com/corporate/MARUTI_24052021151115_NSEBSERPT24052021.pdf,Maruti Suzuki India Limited has informed the Exchange about related Party Transactions,,,Related Party Transactions,00:00:12,24052021151115,24-May-2021 15:11:27,-,False,,,104919374,Automobiles - 4 Wheelers,INE585B01010,Maruti Suzuki India Limited,2021-05-24 15:11:15,MARUTI
09-May-2021 12:34:22,,https://nsearchives.nseindia.com/corporate/MARUTI_09052021123422_NSEBSEPR09052021.pdf,"Maruti Suzuki India Limited has informed the Exchange regarding a press release dated May 09, 2021, titled ""Maruti Suzuki boosting manufacturing of Oxygen PSA generator plants"".",,,Press Release,00:00:10,09052021123422,09-May-2021 12:34:32,-,False,,,104900067,Automobiles - 4 Wheelers,INE585B01010,Maruti Suzuki India Limited,2021-05-09 12:34:22,MARUTI
08-May-2021 19:29:46,,https://nsearchives.nseindia.com/corporate/MARUTI_08052021192946_NSEBSESD08052021.pdf,Maruti Suzuki India Limited has informed the Exchange regarding 'Maruti Suzuki shutdown extension'.,,,Updates,00:00:05,08052021192946,08-May-2021 19:29:51,-,False,,,104900043,Automobiles - 4 Wheelers,INE585B01010,Maruti Suzuki India Limited,2021-05-08 19:29:46,MARUTI
05-May-2021 16:30:43,,https://nsearchives.nseindia.com/corporate/MARUTI_05052021163043_NSEBSEPROD05052021.pdf,"Maruti Suzuki India Limited has informed the Exchange regarding 'Production in April, 2021'.",,,Updates,00:00:13,05052021163043,05-May-2021 16:30:56,-,False,,,104894902,Automobiles - 4 Wheelers,INE585B01010,Maruti Suzuki India Limited,2021-05-05 16:30:43,MARUTI
01-May-2021 13:00:48,,https://nsearchives.nseindia.com/corporate/MARUTI_01052021130047_NSEBSESALES01052021.pdf,"Maruti Suzuki India Limited has informed the Exchange regarding a press release dated May 01, 2021, titled ""Maruti Suzuki Sales in April 2021"".",,,Press Release,00:00:08,01052021130048,01-May-2021 13:00:56,-,False,,,104889932,Automobiles - 4 Wheelers,INE585B01010,Maruti Suzuki India Limited,2021-05-01 13:00:48,MARUTI
30-Apr-2021 10:57:28,,https://nsearchives.nseindia.com/corporate/MARUTI_30042021105728_NSEBSE30042021.pdf,Maruti Suzuki India Limited has informed the Exchange regarding 'Introduction of New version of RPAS System in all Variants of Super Carry'.,,,Updates,00:00:08,30042021105728,30-Apr-2021 10:57:36,-,False,,,104888586,Automobiles - 4 Wheelers,INE585B01010,Maruti Suzuki India Limited,2021-04-30 10:57:28,MARUTI
29-Apr-2021 04:04:39,,https://nsearchives.nseindia.com/corporate/MARUTI_29042021161705_NSEBSELCD29042021_034.pdf,"Maruti Suzuki India Limited has submitted to the Exchange Annual Disclosure as per SEBI Circular dated November 26, 2018.",,,Annual Disclosure,12:13:04,29042021040439,29-Apr-2021 16:17:43,-,False,,,104886643,Automobiles - 4 Wheelers,INE585B01010,Maruti Suzuki India Limited,2021-04-29 04:04:39,MARUTI
28-Apr-2021 23:38:52,,https://nsearchives.nseindia.com/corporate/MARUTI_28042021233852_NSEBSEADV28042021.pdf,Maruti Suzuki India Limited has informed the Exchange about Copy of Newspaper Publication,,,Copy of Newspaper Publication,00:00:06,28042021233852,28-Apr-2021 23:38:58,-,False,,,104885288,Automobiles - 4 Wheelers,INE585B01010,Maruti Suzuki India Limited,2021-04-28 23:38:52,MARUTI
28-Apr-2021 15:03:02,,https://nsearchives.nseindia.com/corporate/MARUTI_28042021150302_NSEBSESD28042021.pdf,"Maruti Suzuki India Limited has informed the Exchange regarding a press release dated April 28, 2021, titled ""MARUTI SUZUKI WILL SHUT DOWN ITS FACTORIES IN HARYANA TO MAKE OXYGEN AVAILABLE FOR MEDICAL NEEDS; SAME DECISION BY SUZUKI MOTOR GUJARAT"".",,,Press Release,00:00:12,28042021150302,28-Apr-2021 15:03:14,-,False,,,104884480,Automobiles - 4 Wheelers,INE585B01010,Maruti Suzuki India Limited,2021-04-28 15:03:02,MARUTI
27-Apr-2021 14:07:00,,https://nsearchives.nseindia.com/corporate/NSEBSEFR27APR2021_27042021140700.pdf,"Maruti Suzuki India Limited has submitted to the Exchange, the financial results for the period ended March 31, 2021.",,,Financial Result Updates,00:02:02,27042021140700,27-Apr-2021 14:09:02,-,False,,,140799,Automobiles - 4 Wheelers,INE585B01010,Maruti Suzuki India Limited,2021-04-27 14:07:00,MARUTI
23-Apr-2021 15:23:36,,https://nsearchives.nseindia.com/corporate/MARUTI_23042021152336_MARUTI314.pdf,"Promoter/Member of the Promoter Group of the Company has informed the Exchange regarding disclosure under Regulation 31(4) of SEBI SAST Regulations 2011 as at March 31, 2021",,,Disclosure under SEBI Takeover Regulations,00:00:06,23042021152336,23-Apr-2021 15:23:42,-,False,,,104877789,Automobiles - 4 Wheelers,INE585B01010,Maruti Suzuki India Limited,2021-04-23 15:23:36,MARUTI
21-Apr-2021 13:06:09,,https://nsearchives.nseindia.com/corporate/MARUTI_21042021130609_NSEBSE21042021.pdf,Maruti Suzuki India Limited has informed the Exchange regarding 'Introduction of New version of RPAS System in Eeco Cargo Variants'.,,,Updates,00:00:03,21042021130609,21-Apr-2021 13:06:12,-,False,,,104874378,Automobiles - 4 Wheelers,INE585B01010,Maruti Suzuki India Limited,2021-04-21 13:06:09,MARUTI
19-Apr-2021 17:59:25,,https://nsearchives.nseindia.com/corporate/MARUTI_19042021175925_NSEBSECONCALL19042021.pdf,Maruti Suzuki India Limited has informed the Exchange about Analysts/Institutional Investor Meet/Con. Call Updates,,,Analysts/Institutional Investor Meet/Con. Call Updates,00:00:05,19042021175925,19-Apr-2021 17:59:30,-,False,,,104870804,Automobiles - 4 Wheelers,INE585B01010,Maruti Suzuki India Limited,2021-04-19 17:59:25,MARUTI
17-Apr-2021 17:44:07,,https://nsearchives.nseindia.com/corporate/MARUTI_17042021174407_NSEBSEADV17042021.pdf,Maruti Suzuki India Limited has informed the Exchange about Copy of Newspaper Publication,,,Copy of Newspaper Publication,00:00:05,17042021174407,17-Apr-2021 17:44:12,-,False,,,104869450,Automobiles - 4 Wheelers,INE585B01010,Maruti Suzuki India Limited,2021-04-17 17:44:07,MARUTI
16-Apr-2021 12:59:49,,https://nsearchives.nseindia.com/corporate/MARUTI_16042021125949_NSEBSE16042021.pdf,Maruti Suzuki India Limited has informed the Exchange regarding 'Price Increase'.,,,Updates,00:00:05,16042021125949,16-Apr-2021 12:59:54,-,False,,,104867688,Automobiles - 4 Wheelers,INE585B01010,Maruti Suzuki India Limited,2021-04-16 12:59:49,MARUTI
12-Apr-2021 12:51:40,,https://nsearchives.nseindia.com/corporate/MARUTI_12042021125140_SUZUKI.pdf,"Promoter/Member of the Promoter Group of the Company has informed the Exchange regarding disclosure under Regulation 30 of SEBI SAST Regulations, 2011 as on March 31, 2021",,,Disclosure under SEBI Takeover Regulations,00:00:05,12042021125140,12-Apr-2021 12:51:45,-,False,,,104859509,Automobiles - 4 Wheelers,INE585B01010,Maruti Suzuki India Limited,2021-04-12 12:51:40,MARUTI
06-Apr-2021 13:31:43,,https://nsearchives.nseindia.com/corporate/MARUTI_06042021133143_press.pdf,"Maruti Suzuki India Limited has informed the Exchange regarding a press release dated April 02, 2021, titled Suzuki's Gujarat Plant C in India Starts Operation.",,,Press Release,00:00:05,06042021133143,06-Apr-2021 13:31:48,-,False,,,104850155,Automobiles - 4 Wheelers,INE585B01010,Maruti Suzuki India Limited,2021-04-06 13:31:43,MARUTI
05-Apr-2021 19:32:22,,https://nsearchives.nseindia.com/corporate/MARUTI_05042021193222_NSEBSEPROD05042021.pdf,"Maruti Suzuki India Limited has informed the Exchange regarding 'Production in March, 2021'.",,,Updates,00:00:04,05042021193222,05-Apr-2021 19:32:26,-,False,,,104847984,Automobiles - 4 Wheelers,INE585B01010,Maruti Suzuki India Limited,2021-04-05 19:32:22,MARUTI
01-Apr-2021 11:13:12,,https://nsearchives.nseindia.com/corporate/MARUTI_01042021111312_NSEBSESALES01042021.pdf,"Maruti Suzuki India Limited has informed the Exchange regarding a press release dated April 01, 2021, titled ""Maruti Suzuki sales in March 2021 and FY 2020-21"".",,,Press Release,00:00:06,01042021111312,01-Apr-2021 11:13:18,-,False,,,104844178,Automobiles - 4 Wheelers,INE585B01010,Maruti Suzuki India Limited,2021-04-01 11:13:12,MARUTI
22-Mar-2021 16:00:09,,https://nsearchives.nseindia.com/corporate/MARUTI_22032021160008_NSEBSEPRICEINsigned.pdf,"Maruti Suzuki India Limited has informed the Exchange regarding 'Price increase in April, 2021'.",,,Updates,00:00:05,22032021160009,22-Mar-2021 16:00:14,-,False,,,104826940,Automobiles - 4 Wheelers,INE585B01010,Maruti Suzuki India Limited,2021-03-22 16:00:09,MARUTI
19-Mar-2021 15:57:06,,https://nsearchives.nseindia.com/corporate/MARUTI_19032021155706_NSEBSECONCALL19032021.pdf,Maruti Suzuki India Limited has informed the Exchange about Analysts/Institutional Investor Meet/Con. Call Updates,,,Analysts/Institutional Investor Meet/Con. Call Updates,00:00:06,19032021155706,19-Mar-2021 15:57:12,-,False,,,104824086,Automobiles - 4 Wheelers,INE585B01010,Maruti Suzuki India Limited,2021-03-19 15:57:06,MARUTI
18-Mar-2021 18:20:04,,https://nsearchives.nseindia.com/corporate/MARUTI_18032021182004_NSEBSEPB18032021.pdf,"Maruti Suzuki India Limited has submitted the Exchange a copy Srutinizers report of  Postal Ballot. Further, the company has informed the Exchange regarding voting results.",,,Shareholders meeting,00:00:05,18032021182004,18-Mar-2021 18:20:09,-,False,,,104822018,Automobiles - 4 Wheelers,INE585B01010,Maruti Suzuki India Limited,2021-03-18 18:20:04,MARUTI
10-Mar-2021 15:15:48,,https://nsearchives.nseindia.com/corporate/MARUTI_10032021151548_NSEBSECONCALL10032021.pdf,Maruti Suzuki India Limited has informed the Exchange about Analysts/Institutional Investor Meet/Con. Call Updates,,,Analysts/Institutional Investor Meet/Con. Call Updates,00:00:05,10032021151548,10-Mar-2021 15:15:53,-,False,,,104809920,Automobiles - 4 Wheelers,INE585B01010,Maruti Suzuki India Limited,2021-03-10 15:15:48,MARUTI
09-Mar-2021 22:59:07,,https://nsearchives.nseindia.com/corporate/MARUTI_09032021225907_NSEBSETW09032021.pdf,"Maruti Suzuki India Limited has informed the Exchange regarding the Trading Window closure pursuant to SEBI (Prohibition of Insider Trading) Regulations, 2015",,,Trading Window,00:00:04,09032021225907,09-Mar-2021 22:59:11,-,False,,,104808215,Automobiles - 4 Wheelers,INE585B01010,Maruti Suzuki India Limited,2021-03-09 22:59:07,MARUTI
05-Mar-2021 17:57:06,,https://nsearchives.nseindia.com/corporate/MARUTI_05032021175706_NSEBSEPROD05032021.pdf,"Maruti Suzuki India Limited has informed the Exchange regarding 'Production in February, 2021'.",,,Updates,00:00:09,05032021175706,05-Mar-2021 17:57:15,-,False,,,104802863,Automobiles - 4 Wheelers,INE585B01010,Maruti Suzuki India Limited,2021-03-05 17:57:06,MARUTI
03-Mar-2021 17:38:05,,https://nsearchives.nseindia.com/corporate/MARUTI_03032021173805_NSEBSECONCALL03032021.pdf,Maruti Suzuki India Limited has informed the Exchange about Analysts/Institutional Investor Meet/Con. Call Updates,,,Analysts/Institutional Investor Meet/Con. Call Updates,00:00:05,03032021173805,03-Mar-2021 17:38:10,-,False,,,104798316,Automobiles - 4 Wheelers,INE585B01010,Maruti Suzuki India Limited,2021-03-03 17:38:05,MARUTI
01-Mar-2021 14:08:45,,https://nsearchives.nseindia.com/corporate/MARUTI_01032021140845_NSEBSECONCALL01032020.pdf,Maruti Suzuki India Limited has informed the Exchange about Analysts/Institutional Investor Meet/Con. Call Updates,,,Analysts/Institutional Investor Meet/Con. Call Updates,00:00:03,01032021140845,01-Mar-2021 14:08:48,-,False,,,104792016,Automobiles - 4 Wheelers,INE585B01010,Maruti Suzuki India Limited,2021-03-01 14:08:45,MARUTI
01-Mar-2021 10:05:13,,https://nsearchives.nseindia.com/corporate/MARUTI_01032021100513_NSEBSESALES01032021.pdf,"Maruti Suzuki India Limited has informed the Exchange regarding a press release dated March 01, 2021, titled ""Maruti Suzuki Sales in February 2021"".",,,Press Release,00:00:03,01032021100513,01-Mar-2021 10:05:16,-,False,,,104791324,Automobiles - 4 Wheelers,INE585B01010,Maruti Suzuki India Limited,2021-03-01 10:05:13,MARUTI
24-Feb-2021 19:12:13,,https://nsearchives.nseindia.com/corporate/MARUTI_24022021191213_NSEBSESMC24022021.pdf,"Maruti Suzuki India Limited has informed the Exchange regarding a press release dated February 24, 2021, titled ""Announcement"".",,,Press Release,00:00:05,24022021191213,24-Feb-2021 19:12:18,-,False,,,104786244,Automobiles - 4 Wheelers,INE585B01010,Maruti Suzuki India Limited,2021-02-24 19:12:13,MARUTI
24-Feb-2021 10:42:45,,https://nsearchives.nseindia.com/corporate/MARUTI_24022021104245_NSEBSEPR24022021.pdf,"Maruti Suzuki India Limited has informed the Exchange regarding a press release dated February 24, 2021, titled ""Designed to thrill, Maruti Suzuki introduces New SwiftMore Powerful, More Stylish"".",,,Press Release,00:00:02,24022021104245,24-Feb-2021 10:42:47,-,False,,,104786009,Automobiles - 4 Wheelers,INE585B01010,Maruti Suzuki India Limited,2021-02-24 10:42:45,MARUTI
18-Feb-2021 16:15:40,,https://nsearchives.nseindia.com/corporate/MARUTI_18022021161540_NSEBSECONCALL18022021.pdf,Maruti Suzuki India Limited has informed the Exchange about Analysts/Institutional Investor Meet/Con. Call Updates,,,Analysts/Institutional Investor Meet/Con. Call Updates,00:00:03,18022021161540,18-Feb-2021 16:15:43,-,False,,,104778103,Automobiles - 4 Wheelers,INE585B01010,Maruti Suzuki India Limited,2021-02-18 16:15:40,MARUTI
10-Feb-2021 14:19:11,,https://nsearchives.nseindia.com/corporate/MARUTI_10022021141911_NSEBSEADV10022021.pdf,Maruti Suzuki India Limited has informed the Exchange about Copy of Newspaper Publication,,,Copy of Newspaper Publication,00:00:05,10022021141911,10-Feb-2021 14:19:16,-,False,,,104762441,Automobiles - 4 Wheelers,INE585B01010,Maruti Suzuki India Limited,2021-02-10 14:19:11,MARUTI
09-Feb-2021 12:37:31,,https://nsearchives.nseindia.com/corporate/MARUTI_09022021123731_NSEBSEPB09022021.pdf,Maruti Suzuki India Limited has informed the Exchange regarding Notice of Postal Ballot,,,Shareholders meeting,00:00:04,09022021123731,09-Feb-2021 12:37:35,-,False,,,104759868,Automobiles - 4 Wheelers,INE585B01010,Maruti Suzuki India Limited,2021-02-09 12:37:31,MARUTI
05-Feb-2021 17:45:08,,https://nsearchives.nseindia.com/corporate/MARUTI_05022021174508_NSEBSEPROD05022021.pdf,"Maruti Suzuki India Limited has informed the Exchange regarding 'Production in January, 2021'.",,,Updates,00:00:16,05022021174508,05-Feb-2021 17:45:24,-,False,,,104754596,Automobiles - 4 Wheelers,INE585B01010,Maruti Suzuki India Limited,2021-02-05 17:45:08,MARUTI
03-Feb-2021 10:42:53,,https://nsearchives.nseindia.com/corporate/MARUTI_03022021104253_NSEBSEPR03022021.pdf,"Maruti Suzuki India Limited has informed the Exchange regarding a press release dated February 03, 2021, titled ""Maruti Suzuki Subscribe partners with ALD Automotive, expands to KochiSubscription program starts at Rs 12,513 a month, all-inclusive"".",,,Press Release,00:00:05,03022021104253,03-Feb-2021 10:42:58,-,False,,,104748546,Automobiles - 4 Wheelers,INE585B01010,Maruti Suzuki India Limited,2021-02-03 10:42:53,MARUTI
02-Feb-2021 16:25:26,,https://nsearchives.nseindia.com/corporate/MARUTI_02022021162526_NSEBSECONCALL02022021.pdf,Maruti Suzuki India Limited has informed the Exchange about Analysts/Institutional Investor Meet/Con. Call Updates,,,Analysts/Institutional Investor Meet/Con. Call Updates,00:00:04,02022021162526,02-Feb-2021 16:25:30,-,False,,,104746654,Automobiles - 4 Wheelers,INE585B01010,Maruti Suzuki India Limited,2021-02-02 16:25:26,MARUTI
01-Feb-2021 10:35:33,,https://nsearchives.nseindia.com/corporate/MARUTI_01022021103533_NSEBSESALES01022021.pdf,"Maruti Suzuki India Limited has informed the Exchange regarding a press release dated February 01, 2021, titled ""Maruti Suzuki Sales in January 2021"".",,,Press Release,00:00:03,01022021103533,01-Feb-2021 10:35:36,-,False,,,104743717,Automobiles - 4 Wheelers,INE585B01010,Maruti Suzuki India Limited,2021-02-01 10:35:33,MARUTI
29-Jan-2021 13:58:34,,https://nsearchives.nseindia.com/corporate/MARUTI_29012021135834_NSEBSEADV29012021.pdf,Maruti Suzuki India Limited has informed the Exchange about Copy of Newspaper Publication,,,Copy of Newspaper Publication,00:00:03,29012021135834,29-Jan-2021 13:58:37,-,False,,,104740845,Automobiles - 4 Wheelers,INE585B01010,Maruti Suzuki India Limited,2021-01-29 13:58:34,MARUTI
28-Jan-2021 15:35:16,,https://nsearchives.nseindia.com/corporate/MARUTI_28012021153516_NSEBSEPB.PDF,Maruti Suzuki India Limited has informed the Exchange regarding 'Postal Ballot and Cut-off/Record Date'.,,,Updates,00:00:05,28012021153516,28-Jan-2021 15:35:21,-,False,,,104738361,Automobiles - 4 Wheelers,INE585B01010,Maruti Suzuki India Limited,2021-01-28 15:35:16,MARUTI
28-Jan-2021 15:07:15,,https://nsearchives.nseindia.com/corporate/MARUTI_28012021150715_NSEBSEPB.PDF,Maruti Suzuki India Limited has informed the Exchange regarding the Amendment to AOA/MOA of the company.,,,Amendment to AOA/MOA,00:00:06,28012021150715,28-Jan-2021 15:07:21,-,False,,,104738334,Automobiles - 4 Wheelers,INE585B01010,Maruti Suzuki India Limited,2021-01-28 15:07:15,MARUTI
28-Jan-2021 13:35:15,,https://nsearchives.nseindia.com/corporate/NSEBSEFR28012021_28012021133515.zip,"Maruti Suzuki India Limited has submitted to the Exchange, the financial results for the period ended December 31, 2020.",,,Financial Result Updates,00:01:46,28012021133515,28-Jan-2021 13:37:01,-,False,,,139200,Automobiles - 4 Wheelers,INE585B01010,Maruti Suzuki India Limited,2021-01-28 13:35:15,MARUTI
23-Jan-2021 15:50:36,,https://nsearchives.nseindia.com/corporate/MARUTI_23012021155036_NSEBSECONCALL23012021.pdf,Maruti Suzuki India Limited has informed the Exchange about Analysts/Institutional Investor Meet/Con. Call Updates,,,Analysts/Institutional Investor Meet/Con. Call Updates,00:00:03,23012021155036,23-Jan-2021 15:50:39,-,False,,,104731823,Automobiles - 4 Wheelers,INE585B01010,Maruti Suzuki India Limited,2021-01-23 15:50:36,MARUTI
20-Jan-2021 11:21:48,,https://nsearchives.nseindia.com/corporate/MARUTI_20012021112148_NSEBSEPR20012021.pdf,"Maruti Suzuki India Limited has informed the Exchange regarding a press release dated January 20, 2021, titled ""Maruti Suzuki commences production and export of Jimny from India"".",,,Press Release,00:00:03,20012021112148,20-Jan-2021 11:21:51,-,False,,,104725669,Automobiles - 4 Wheelers,INE585B01010,Maruti Suzuki India Limited,2021-01-20 11:21:48,MARUTI
18-Jan-2021 18:20:33,,https://nsearchives.nseindia.com/corporate/MARUTI_18012021182033_NSEBSE18012021.pdf,Maruti Suzuki India Limited has informed the Exchange regarding 'Price Increase'.,,,Updates,00:00:04,18012021182033,18-Jan-2021 18:20:37,-,False,,,104720938,Automobiles - 4 Wheelers,INE585B01010,Maruti Suzuki India Limited,2021-01-18 18:20:33,MARUTI
16-Jan-2021 19:37:31,,https://nsearchives.nseindia.com/corporate/MARUTI_16012021193731_NSEBSEBM16012021.pdf,Maruti Suzuki India Limited has informed the Exchange about Copy of Newspaper Publication,,,Copy of Newspaper Publication,00:00:05,16012021193731,16-Jan-2021 19:37:36,-,False,,,104719560,Automobiles - 4 Wheelers,INE585B01010,Maruti Suzuki India Limited,2021-01-16 19:37:31,MARUTI
15-Jan-2021 10:30:55,,https://nsearchives.nseindia.com/corporate/MARUTI_15012021103055_NSEBSEPR15012021.pdf,"Maruti Suzuki India Limited has informed the Exchange regarding a press release dated January 15, 2021, titled ""Maruti Suzuki Smart Finance rolls out one-stop online finance facility for Maruti Suzuki ARENA customers"".",,,Press Release,00:00:05,15012021103055,15-Jan-2021 10:31:00,-,False,,,104717943,Automobiles - 4 Wheelers,INE585B01010,Maruti Suzuki India Limited,2021-01-15 10:30:55,MARUTI
06-Jan-2021 18:28:31,,https://nsearchives.nseindia.com/corporate/MARUTI_06012021182831_NSEBSEPROD06012021.pdf,"Maruti Suzuki India Limited has informed the Exchange regarding 'Production in December, 2020'.",,,Updates,00:00:04,06012021182831,06-Jan-2021 18:28:35,-,False,,,104701874,Automobiles - 4 Wheelers,INE585B01010,Maruti Suzuki India Limited,2021-01-06 18:28:31,MARUTI
01-Jan-2021 10:35:22,,https://nsearchives.nseindia.com/corporate/MARUTI_01012021103522_NSEBSESALES01012021.pdf,"Maruti Suzuki India Limited has informed the Exchange regarding a press release dated January 01, 2021, titled ""Maruti Suzuki sales in December 2020"".",,,Press Release,00:00:06,01012021103522,01-Jan-2021 10:35:28,-,False,,,104694244,Automobiles - 4 Wheelers,INE585B01010,Maruti Suzuki India Limited,2021-01-01 10:35:22,MARUTI
23-Dec-2020 15:15:19,,https://nsearchives.nseindia.com/corporate/MARUTI_23122020151519_NSEBSEPR23122020.pdf,"Maruti Suzuki India Limited has informed the Exchange regarding a press release dated December 23, 2020, titled ""Maruti Suzuki Enclave   Affordable, world-class homes for employees"".",,,Press Release,00:00:04,23122020151519,23-Dec-2020 15:15:23,-,False,,,104678840,Automobiles - 4 Wheelers,INE585B01010,Maruti Suzuki India Limited,2020-12-23 15:15:19,MARUTI
09-Dec-2020 21:03:42,,https://nsearchives.nseindia.com/corporate/MARUTI_09122020210342_NSEBSE09122020.pdf,Maruti Suzuki India Limited has informed the Exchange regarding 'Intimation regarding Price Increase in January 2021'.,,,Updates,00:00:04,09122020210342,09-Dec-2020 21:03:46,-,False,,,104655582,Automobiles - 4 Wheelers,INE585B01010,Maruti Suzuki India Limited,2020-12-09 21:03:42,MARUTI
09-Dec-2020 14:38:55,,https://nsearchives.nseindia.com/corporate/MARUTI_09122020143855_NSEBSEPR09122020.pdf,"Maruti Suzuki India Limited has informed the Exchange regarding a press release dated December 09, 2020, titled ""Maruti Suzuki launches India s first multi-financier, online car financing platform in NEXA"".",,,Press Release,00:00:03,09122020143855,09-Dec-2020 14:38:58,-,False,,,104655362,Automobiles - 4 Wheelers,INE585B01010,Maruti Suzuki India Limited,2020-12-09 14:38:55,MARUTI
09-Dec-2020 11:53:53,,https://nsearchives.nseindia.com/corporate/MARUTI_09122020115353_NSEBSETW09122020.pdf,"Maruti Suzuki India Limited has informed the Exchange regarding the Trading Window closure pursuant to SEBI (Prohibition of Insider Trading) Regulations, 2015",,,Trading Window,00:00:04,09122020115353,09-Dec-2020 11:53:57,-,False,,,104655284,Automobiles - 4 Wheelers,INE585B01010,Maruti Suzuki India Limited,2020-12-09 11:53:53,MARUTI
09-Dec-2020 11:42:42,,https://nsearchives.nseindia.com/corporate/MARUTI_09122020114242_NSEBSECONCALL09122020.pdf,Maruti Suzuki India Limited has informed the Exchange about Analysts/Institutional Investor Meet/Con. Call Updates,,,Analysts/Institutional Investor Meet/Con. Call Updates,00:00:05,09122020114242,09-Dec-2020 11:42:47,-,False,,,104655276,Automobiles - 4 Wheelers,INE585B01010,Maruti Suzuki India Limited,2020-12-09 11:42:42,MARUTI
05-Dec-2020 17:10:08,,https://nsearchives.nseindia.com/corporate/MARUTI_05122020171008_NSEBSEPROD05122020.pdf,"Maruti Suzuki India Limited has informed the Exchange regarding 'Production in November, 2020'.",,,Updates,00:00:02,05122020171008,05-Dec-2020 17:10:10,-,False,,,104649305,Automobiles - 4 Wheelers,INE585B01010,Maruti Suzuki India Limited,2020-12-05 17:10:08,MARUTI
03-Dec-2020 10:38:05,,https://nsearchives.nseindia.com/corporate/MARUTI_03122020103805_NSEBSE03122020.pdf,Maruti Suzuki India Limited has informed the Exchange regarding 'Change of model to be manufactured at Toyota Kirloskar Motor Pvt. Ltd.'.,,,Updates,00:00:08,03122020103805,03-Dec-2020 10:38:13,-,False,,,104645335,Automobiles - 4 Wheelers,INE585B01010,Maruti Suzuki India Limited,2020-12-03 10:38:05,MARUTI
01-Dec-2020 10:31:37,,https://nsearchives.nseindia.com/corporate/MARUTI_01122020103137_NSEBSESALES01122020.pdf,"Maruti Suzuki India Limited has informed the Exchange regarding a press release dated December 01, 2020, titled ""Maruti Suzuki sales in November 2020"".",,,Press Release,00:00:05,01122020103137,01-Dec-2020 10:31:42,-,False,,,104640274,Automobiles - 4 Wheelers,INE585B01010,Maruti Suzuki India Limited,2020-12-01 10:31:37,MARUTI
27-Nov-2020 16:59:03,,https://nsearchives.nseindia.com/corporate/MARUTI_27112020165903_NSEBSERPT27112020.pdf,Maruti Suzuki India Limited has informed the Exchange about related Party Transactions,,,Related Party Transactions,00:00:04,27112020165903,27-Nov-2020 16:59:07,-,False,,,104637720,Automobiles - 4 Wheelers,INE585B01010,Maruti Suzuki India Limited,2020-11-27 16:59:03,MARUTI
25-Nov-2020 16:25:57,,https://nsearchives.nseindia.com/corporate/MARUTI_25112020162557_NSEBSECONCALL25112020.pdf,Maruti Suzuki India Limited has informed the Exchange about Analysts/Institutional Investor Meet/Con. Call Updates,,,Analysts/Institutional Investor Meet/Con. Call Updates,00:00:04,25112020162557,25-Nov-2020 16:26:01,-,False,,,104633027,Automobiles - 4 Wheelers,INE585B01010,Maruti Suzuki India Limited,2020-11-25 16:25:57,MARUTI
24-Nov-2020 10:42:20,,https://nsearchives.nseindia.com/corporate/MARUTI_24112020104220_NSEBSEPR24112020.pdf,"Maruti Suzuki India Limited has informed the Exchange regarding a press release dated November 24, 2020, titled ""Maruti Suzuki Subscribe expands to Mumbai, Chennai, Ahmedabad and Gandhinagar"".",,,Press Release,00:00:04,24112020104220,24-Nov-2020 10:42:24,-,False,,,104630188,Automobiles - 4 Wheelers,INE585B01010,Maruti Suzuki India Limited,2020-11-24 10:42:20,MARUTI
12-Nov-2020 10:27:24,,https://nsearchives.nseindia.com/corporate/MARUTI_12112020102724_NSEBSEPR12112020.pdf,"Maruti Suzuki India Limited has informed the Exchange regarding a press release dated November 12, 2020, titled ""Celebrate the festivities with special editions of Maruti Suzuki Alto, Celerio and WagonR"".",,,Press Release,00:00:04,12112020102724,12-Nov-2020 10:27:28,-,False,,,104612051,Automobiles - 4 Wheelers,INE585B01010,Maruti Suzuki India Limited,2020-11-12 10:27:24,MARUTI
11-Nov-2020 12:13:29,,https://nsearchives.nseindia.com/corporate/MARUTI_11112020121329_NSEBSECONCALL11112020.pdf,Maruti Suzuki India Limited has informed the Exchange about Analysts/Institutional Investor Meet/Con. Call Updates,,,Analysts/Institutional Investor Meet/Con. Call Updates,00:00:07,11112020121329,11-Nov-2020 12:13:36,-,False,,,104609355,Automobiles - 4 Wheelers,INE585B01010,Maruti Suzuki India Limited,2020-11-11 12:13:29,MARUTI
06-Nov-2020 17:35:53,,https://nsearchives.nseindia.com/corporate/MARUTI_06112020173553_NSEBSEPROD06112020.pdf,"Maruti Suzuki India Limited has informed the Exchange regarding 'Production in October, 2020'.",,,Updates,00:00:05,06112020173553,06-Nov-2020 17:35:58,-,False,,,104601619,Automobiles - 4 Wheelers,INE585B01010,Maruti Suzuki India Limited,2020-11-06 17:35:53,MARUTI
05-Nov-2020 12:39:05,,https://nsearchives.nseindia.com/corporate/MARUTI_05112020123905_NSEBSEPR05112020.pdf,"Maruti Suzuki India Limited has informed the Exchange regarding a press release dated November 05, 2020, titled ""Maruti Suzuki to proactively recall 40,453 units of Eeco"".",,,Press Release,00:00:08,05112020123905,05-Nov-2020 12:39:13,-,False,,,104598623,Automobiles - 4 Wheelers,INE585B01010,Maruti Suzuki India Limited,2020-11-05 12:39:05,MARUTI
05-Nov-2020 12:04:05,,https://nsearchives.nseindia.com/corporate/MARUTI_05112020120405_NSEBSESMC05112020.pdf,"Maruti Suzuki India Limited has informed the Exchange regarding a press release dated November 05, 2020, titled ""Copy of the Press Release and reference to theConsolidated Financial Results issued by Suzuki Motor Corporation in Japan"".",,,Press Release,00:00:10,05112020120405,05-Nov-2020 12:04:15,-,False,,,104598601,Automobiles - 4 Wheelers,INE585B01010,Maruti Suzuki India Limited,2020-11-05 12:04:05,MARUTI
05-Nov-2020 11:37:34,,https://nsearchives.nseindia.com/corporate/MARUTI_05112020113734_NSEBSESMG05112020.pdf,Maruti Suzuki India Limited has informed the Exchange regarding 'Suzuki Motor Gujarat starts preparations to commence operations of PlantNo. 3 in April 2021'.,,,Updates,00:00:05,05112020113734,05-Nov-2020 11:37:39,-,False,,,104598587,Automobiles - 4 Wheelers,INE585B01010,Maruti Suzuki India Limited,2020-11-05 11:37:34,MARUTI
01-Nov-2020 11:01:21,,https://nsearchives.nseindia.com/corporate/MARUTI_01112020110121_NSEBSEPR01112020.pdf,"Maruti Suzuki India Limited has informed the Exchange regarding a press release dated November 01, 2020, titled ""Maruti Suzuki sales in October 2020"".",,,Press Release,00:00:06,01112020110121,01-Nov-2020 11:01:27,-,False,,,104589504,Automobiles - 4 Wheelers,INE585B01010,Maruti Suzuki India Limited,2020-11-01 11:01:21,MARUTI
30-Oct-2020 17:21:34,,https://nsearchives.nseindia.com/corporate/MARUTI_30102020172134_NSEBSEADV30102020.pdf,Maruti Suzuki India Limited has informed the Exchange about Copy of Newspaper Publication,,,Copy of Newspaper Publication,00:00:03,30102020172134,30-Oct-2020 17:21:37,-,False,,,104588519,Automobiles - 4 Wheelers,INE585B01010,Maruti Suzuki India Limited,2020-10-30 17:21:34,MARUTI
29-Oct-2020 13:59:44,,https://nsearchives.nseindia.com/corporate/NSEBSEFR29102020_29102020135944.zip,"Maruti Suzuki India Limited has submitted to the Exchange, the financial results for the period ended September 30, 2020.",,,Financial Result Updates,00:00:47,29102020135944,29-Oct-2020 14:00:31,-,False,,,137359,Automobiles - 4 Wheelers,INE585B01010,Maruti Suzuki India Limited,2020-10-29 13:59:44,MARUTI
28-Oct-2020 17:46:34,,https://nsearchives.nseindia.com/corporate/MARUTI_28102020174634_NSEBSECONCALL28102020.pdf,Maruti Suzuki India Limited has informed the Exchange about Analysts/Institutional Investor Meet/Con. Call Updates,,,Analysts/Institutional Investor Meet/Con. Call Updates,00:00:05,28102020174634,28-Oct-2020 17:46:39,-,False,,,104583508,Automobiles - 4 Wheelers,INE585B01010,Maruti Suzuki India Limited,2020-10-28 17:46:34,MARUTI
22-Oct-2020 18:50:22,,https://nsearchives.nseindia.com/corporate/MARUTI_22102020185022_NSEBSECONCALL22102020.pdf,Maruti Suzuki India Limited has informed the Exchange about Analysts/Institutional Investor Meet/Con. Call Updates,,,Analysts/Institutional Investor Meet/Con. Call Updates,00:00:04,22102020185022,22-Oct-2020 18:50:26,-,False,,,104573830,Automobiles - 4 Wheelers,INE585B01010,Maruti Suzuki India Limited,2020-10-22 18:50:22,MARUTI
20-Oct-2020 10:48:24,,https://nsearchives.nseindia.com/corporate/MARUTI_20102020104824_NSEBSEPR20102020.pdf,"Maruti Suzuki India Limited has informed the Exchange regarding a press release dated October 20, 2020, titled ""Maruti Suzuki teams with ORIX to launch  Subscribe  for Hyderabad & Punecustomers"".",,,Press Release,00:00:07,20102020104824,20-Oct-2020 10:48:31,-,False,,,104569190,Automobiles - 4 Wheelers,INE585B01010,Maruti Suzuki India Limited,2020-10-20 10:48:24,MARUTI
19-Oct-2020 10:49:18,,https://nsearchives.nseindia.com/corporate/MARUTI_19102020104918_NSEBSEPR19102020.pdf,"Maruti Suzuki India Limited has informed the Exchange regarding a press release dated October 19, 2020, titled ""Maruti Suzuki Swift Limited Edition, Bolder with more Style and Sportiness"".",,,Press Release,00:00:04,19102020104918,19-Oct-2020 10:49:22,-,False,,,104566836,Automobiles - 4 Wheelers,INE585B01010,Maruti Suzuki India Limited,2020-10-19 10:49:18,MARUTI
15-Oct-2020 13:17:27,,https://nsearchives.nseindia.com/corporate/MARUTI_15102020131727_NSEBSEBM15102020.pdf,Maruti Suzuki India Limited has informed the Exchange about Copy of Newspaper Publication,,,Copy of Newspaper Publication,00:00:05,15102020131727,15-Oct-2020 13:17:32,-,False,,,104562307,Automobiles - 4 Wheelers,INE585B01010,Maruti Suzuki India Limited,2020-10-15 13:17:27,MARUTI
07-Oct-2020 18:15:50,,https://nsearchives.nseindia.com/corporate/MARUTI_07102020181550_NSEBSEPROD07102020.pdf,"Maruti Suzuki India Limited has informed the Exchange regarding 'Production in September, 2020'.",,,Updates,00:00:04,07102020181550,07-Oct-2020 18:15:54,-,False,,,104549172,Automobiles - 4 Wheelers,INE585B01010,Maruti Suzuki India Limited,2020-10-07 18:15:50,MARUTI
01-Oct-2020 11:54:04,,https://nsearchives.nseindia.com/corporate/MARUTI_01102020115404_NSEBSESUPERCARRY01102020.pdf,Maruti Suzuki India Limited has informed the Exchange regarding 'Revision in Prices of Super Carry'.,,,Updates,01:46:44,01102020115404,01-Oct-2020 13:40:48,-,False,,,104541020,Automobiles - 4 Wheelers,INE585B01010,Maruti Suzuki India Limited,2020-10-01 11:54:04,MARUTI
01-Oct-2020 10:35:26,,https://nsearchives.nseindia.com/corporate/MARUTI_01102020103526_NSEBSESALES01102020.pdf,"Maruti Suzuki India Limited has informed the Exchange regarding a press release dated October 01, 2020, titled ""Maruti Suzuki sales in September 2020"".",,,Press Release,00:00:04,01102020103526,01-Oct-2020 10:35:30,-,False,,,104540796,Automobiles - 4 Wheelers,INE585B01010,Maruti Suzuki India Limited,2020-10-01 10:35:26,MARUTI
24-Sep-2020 10:26:05,,https://nsearchives.nseindia.com/corporate/MARUTI_24092020102605_NSEBSEPR24092020.pdf,"Maruti Suzuki India Limited has informed the Exchange regarding a press release dated September 24, 2020, titled ""Maruti Suzuki  Subscribe : A surprisingly easy way to bring home a new car Launches in Delhi, NCR and Bengaluru"".",,,Press Release,00:14:50,24092020102605,24-Sep-2020 10:40:55,-,False,,,104528409,Automobiles - 4 Wheelers,INE585B01010,Maruti Suzuki India Limited,2020-09-24 10:26:05,MARUTI
08-Sep-2020 14:22:13,,https://nsearchives.nseindia.com/corporate/MARUTI_08092020142213_NSEBSETW08092020.pdf,"Maruti Suzuki India Limited has informed the Exchange regarding the Trading Window closure pursuant to SEBI (Prohibition of Insider Trading) Regulations, 2015",,,Trading Window,00:00:04,08092020142213,08-Sep-2020 14:22:17,-,False,,,104501650,Automobiles - 4 Wheelers,INE585B01010,Maruti Suzuki India Limited,2020-09-08 14:22:13,MARUTI
07-Sep-2020 14:46:40,,https://nsearchives.nseindia.com/corporate/MARUTI_07092020144640_NSEBSEPROD07092020.pdf,"Maruti Suzuki India Limited has informed the Exchange regarding 'Production in August, 2020'.",,,Updates,00:00:04,07092020144640,07-Sep-2020 14:46:44,-,False,,,104499528,Automobiles - 4 Wheelers,INE585B01010,Maruti Suzuki India Limited,2020-09-07 14:46:40,MARUTI
07-Sep-2020 10:07:02,,https://nsearchives.nseindia.com/corporate/MARUTI_07092020100701_NSEBSECONCALL07092020.pdf,Maruti Suzuki India Limited has informed the Exchange about Analysts/Institutional Investor Meet/Con. Call Updates,,,Analysts/Institutional Investor Meet/Con. Call Updates,00:00:09,07092020100702,07-Sep-2020 10:07:11,-,False,,,104498592,Automobiles - 4 Wheelers,INE585B01010,Maruti Suzuki India Limited,2020-09-07 10:07:02,MARUTI
05-Sep-2020 18:20:19,,https://nsearchives.nseindia.com/corporate/MARUTI_05092020182019_NSEBSECONCALL05092020.pdf,Maruti Suzuki India Limited has informed the Exchange about Analysts/Institutional Investor Meet/Con. Call Updates,,,Analysts/Institutional Investor Meet/Con. Call Updates,00:00:04,05092020182019,05-Sep-2020 18:20:23,-,False,,,104498250,Automobiles - 4 Wheelers,INE585B01010,Maruti Suzuki India Limited,2020-09-05 18:20:19,MARUTI
01-Sep-2020 09:50:44,,https://nsearchives.nseindia.com/corporate/MARUTI_01092020095044_NSEBSEPR01092020.pdf,"Maruti Suzuki India Limited has informed the Exchange regarding a press release dated September 01, 2020, titled ""Maruti Suzuki sales in August 2020"".",,,Press Release,00:00:08,01092020095044,01-Sep-2020 09:50:52,-,False,,,104489375,Automobiles - 4 Wheelers,INE585B01010,Maruti Suzuki India Limited,2020-09-01 09:50:44,MARUTI
28-Aug-2020 10:16:56,,https://nsearchives.nseindia.com/corporate/MARUTI_28082020101656_NSEBSEPR28082020.pdf,"Maruti Suzuki India Limited has informed the Exchange regarding a press release dated August 28, 2020, titled ""Maruti Suzuki Subscribe now in Pune and Hyderabad"".",,,Press Release,00:00:04,28082020101656,28-Aug-2020 10:17:00,-,False,,,104484521,Automobiles - 4 Wheelers,INE585B01010,Maruti Suzuki India Limited,2020-08-28 10:16:56,MARUTI
28-Aug-2020 01:22:31,,https://nsearchives.nseindia.com/corporate/MARUTI_28082020012231_NSEBSESR28082020.pdf,"Maruti Suzuki India Limited has submitted the Exchange a copy Srutinizers report of  Annual General Meeting held on August 26, 2020. Further, the company has informed the Exchange regarding voting results.",,,Shareholders meeting,00:00:04,28082020012231,28-Aug-2020 01:22:35,-,False,,,104484489,Automobiles - 4 Wheelers,INE585B01010,Maruti Suzuki India Limited,2020-08-28 01:22:31,MARUTI
26-Aug-2020 16:55:46,,https://nsearchives.nseindia.com/corporate/MARUTI_26082020165546_NSEBSEAGM26082020.pdf,"Maruti Suzuki India Limited has informed the Exchange regarding Proceedings of Annual General Meeting held on August 26, 2020",,,Shareholders meeting,00:00:05,26082020165546,26-Aug-2020 16:55:51,-,False,,,104480953,Automobiles - 4 Wheelers,INE585B01010,Maruti Suzuki India Limited,2020-08-26 16:55:46,MARUTI
24-Aug-2020 12:10:24,,https://nsearchives.nseindia.com/corporate/MARUTI_24082020121024_NSEBSECONCALL24082020.pdf,Maruti Suzuki India Limited has informed the Exchange about Analysts/Institutional Investor Meet/Con. Call Updates,,,Analysts/Institutional Investor Meet/Con. Call Updates,00:00:05,24082020121024,24-Aug-2020 12:10:29,-,False,,,104476260,Automobiles - 4 Wheelers,INE585B01010,Maruti Suzuki India Limited,2020-08-24 12:10:24,MARUTI
20-Aug-2020 10:33:47,,https://nsearchives.nseindia.com/corporate/MARUTI_20082020103347_NSEBSEPR20082020.pdf,"Maruti Suzuki India Limited has informed the Exchange regarding a press release dated August 20, 2020, titled ""Maruti Suzuki partners with IIM-Bangalore to incubate startups"".",,,Press Release,00:00:04,20082020103347,20-Aug-2020 10:33:51,-,False,,,104470805,Automobiles - 4 Wheelers,INE585B01010,Maruti Suzuki India Limited,2020-08-20 10:33:47,MARUTI
17-Aug-2020 15:30:33,,https://nsearchives.nseindia.com/corporate/MARUTI_17082020153033_NSEBSECONCALL17082020.pdf,Maruti Suzuki India Limited has informed the Exchange about Analysts/Institutional Investor Meet/Con. Call Updates,,,Analysts/Institutional Investor Meet/Con. Call Updates,00:00:08,17082020153033,17-Aug-2020 15:30:41,-,False,,,104464588,Automobiles - 4 Wheelers,INE585B01010,Maruti Suzuki India Limited,2020-08-17 15:30:33,MARUTI
13-Aug-2020 10:38:24,,https://nsearchives.nseindia.com/corporate/MARUTI_13082020103824_NSEBSEPR13082020.pdf,"Maruti Suzuki India Limited has informed the Exchange regarding a press release dated August 13, 2020, titled ""India s favourite   The iconic Maruti Suzuki Alto celebrates with 40 Lakh delighted Indian families"".",,,Press Release,00:00:05,13082020103824,13-Aug-2020 10:38:29,-,False,,,104457632,Automobiles - 4 Wheelers,INE585B01010,Maruti Suzuki India Limited,2020-08-13 10:38:24,MARUTI
10-Aug-2020 13:47:22,,https://nsearchives.nseindia.com/corporate/MARUTI_10082020134722_NSEBSECONCALL10082020.pdf,Maruti Suzuki India Limited has informed the Exchange about Analysts/Institutional Investor Meet/Con. Call Updates,,,Analysts/Institutional Investor Meet/Con. Call Updates,00:00:04,10082020134722,10-Aug-2020 13:47:26,-,False,,,104452127,Automobiles - 4 Wheelers,INE585B01010,Maruti Suzuki India Limited,2020-08-10 13:47:22,MARUTI
07-Aug-2020 21:10:09,,https://nsearchives.nseindia.com/corporate/MARUTI_07082020211009_NSEBSEPROD07082020.pdf,"Maruti Suzuki India Limited has informed the Exchange regarding 'Production in July, 2020'.",,,Updates,00:00:03,07082020211009,07-Aug-2020 21:10:12,-,False,,,104450050,Automobiles - 4 Wheelers,INE585B01010,Maruti Suzuki India Limited,2020-08-07 21:10:09,MARUTI
06-Aug-2020 12:02:25,,https://nsearchives.nseindia.com/corporate/MARUTI_06082020120225_NSEBSEADV06082020.pdf,Maruti Suzuki India Limited has informed the Exchange about Copy of Newspaper Publication,,,Copy of Newspaper Publication,00:00:02,06082020120225,06-Aug-2020 12:02:27,-,False,,,104447315,Automobiles - 4 Wheelers,INE585B01010,Maruti Suzuki India Limited,2020-08-06 12:02:25,MARUTI
05-Aug-2020 12:44:16,,https://nsearchives.nseindia.com/corporate/MARUTI_05082020124416_NSEBSECOVID05082020.pdf,Maruti Suzuki India Limited has informed the Exchange regarding 'Disclosure of material impact of COVID-19 pandemic on Maruti Suzuki India Limited'.,,,Updates,00:00:03,05082020124416,05-Aug-2020 12:44:19,-,False,,,104445396,Automobiles - 4 Wheelers,INE585B01010,Maruti Suzuki India Limited,2020-08-05 12:44:16,MARUTI
05-Aug-2020 11:26:55,,https://nsearchives.nseindia.com/corporate/MARUTI_05082020112655_NSEBSEPR05082020.pdf,"Maruti Suzuki India Limited has informed the Exchange regarding a press release dated August 05, 2020, titled ""NEXA introduces the new S-Cross Petrol   The Refined SUV with Powerful 1.5L K15BEngine"".",,,Press Release,00:00:04,05082020112655,05-Aug-2020 11:26:59,-,False,,,104444687,Automobiles - 4 Wheelers,INE585B01010,Maruti Suzuki India Limited,2020-08-05 11:26:55,MARUTI
04-Aug-2020 17:47:38,,https://nsearchives.nseindia.com/corporate/MARUTI_04082020174738_NSEBSEPR04082020.pdf,"Maruti Suzuki India Limited has informed the Exchange regarding a press release dated August 04, 2020, titled ""Maruti Suzuki - Delivering sustainable growth through inclusive approach"".",,,Press Release,00:00:39,04082020174738,04-Aug-2020 17:48:17,-,False,,,104443688,Automobiles - 4 Wheelers,INE585B01010,Maruti Suzuki India Limited,2020-08-04 17:47:38,MARUTI
01-Aug-2020 15:58:30,,https://nsearchives.nseindia.com/corporate/MARUTI_01082020155830_NSEBSEADV01082020.pdf,Maruti Suzuki India Limited has informed the Exchange about Copy of Newspaper Publication,,,Copy of Newspaper Publication,00:00:03,01082020155830,01-Aug-2020 15:58:33,-,False,,,104439723,Automobiles - 4 Wheelers,INE585B01010,Maruti Suzuki India Limited,2020-08-01 15:58:30,MARUTI
01-Aug-2020 10:44:54,,https://nsearchives.nseindia.com/corporate/MARUTI_01082020104454_NSEBSEPR01082020.pdf,"Maruti Suzuki India Limited has informed the Exchange regarding a press release dated August 01, 2020, titled ""Maruti Suzuki sales in July 2020"".",,,Press Release,00:00:03,01082020104454,01-Aug-2020 10:44:57,-,False,,,104439564,Automobiles - 4 Wheelers,INE585B01010,Maruti Suzuki India Limited,2020-08-01 10:44:54,MARUTI
30-Jul-2020 13:50:00,,https://nsearchives.nseindia.com/corporate/MARUTI_30072020135004_NSEBSEADV30072020.pdf,Maruti Suzuki India Limited has informed the Exchange about Copy of Newspaper Publication,,,Copy of Newspaper Publication,-,30072020135000,-,-,False,,,104436271,Automobiles - 4 Wheelers,INE585B01010,Maruti Suzuki India Limited,2020-07-30 13:50:00,MARUTI
29-Jul-2020 14:09:40,,https://nsearchives.nseindia.com/corporate/NSEBSEFR29072020_29072020140940.zip,"Maruti Suzuki India Limited has submitted to the Exchange, the financial results for the period ended June 30, 2020.",,,Financial Result Updates,-,29072020140940,-,-,False,,,135350,Automobiles - 4 Wheelers,INE585B01010,Maruti Suzuki India Limited,2020-07-29 14:09:40,MARUTI
25-Jul-2020 14:46:00,,https://nsearchives.nseindia.com/corporate/MARUTI_25072020144616_NSEBSECONCALL25072020.pdf,Maruti Suzuki India Limited has informed the Exchange about Analysts/Institutional Investor Meet/Con. Call Updates,,,Analysts/Institutional Investor Meet/Con. Call Updates,-,25072020144600,-,-,False,,,104427679,Automobiles - 4 Wheelers,INE585B01010,Maruti Suzuki India Limited,2020-07-25 14:46:00,MARUTI
24-Jul-2020 10:30:00,,https://nsearchives.nseindia.com/corporate/MARUTI_24072020103027_NSEBSEPR24072020.pdf,"Maruti Suzuki India Limited has informed the Exchange regarding a press release dated July 24, 2020, titled ""NEXA commences pre-bookings for New S-Cross Petrol"".",,,Press Release,-,24072020103000,-,-,False,,,104425994,Automobiles - 4 Wheelers,INE585B01010,Maruti Suzuki India Limited,2020-07-24 10:30:00,MARUTI
23-Jul-2020 15:22:00,,https://nsearchives.nseindia.com/corporate/MARUTI_23072020152240_NSEBSEIGNIS23072020.pdf,Maruti Suzuki India Limited has informed the Exchange regarding 'Introduction of Infotainment System in Ignis Zeta MT & AMT variants'.,,,Updates,-,23072020152200,-,-,False,,,104423867,Automobiles - 4 Wheelers,INE585B01010,Maruti Suzuki India Limited,2020-07-23 15:22:00,MARUTI
18-Jul-2020 13:57:00,,https://nsearchives.nseindia.com/corporate/MARUTI_18072020135759_NSEBSENP18072020.pdf,Maruti Suzuki India Limited has informed the Exchange about Copy of Newspaper Publication,,,Copy of Newspaper Publication,-,18072020135700,-,-,False,,,104414112,Automobiles - 4 Wheelers,INE585B01010,Maruti Suzuki India Limited,2020-07-18 13:57:00,MARUTI
15-Jul-2020 10:29:00,,https://nsearchives.nseindia.com/corporate/MARUTI_15072020102916_NSEBSEPR15072020.pdf,"Maruti Suzuki India Limited has informed the Exchange regarding a press release dated July 15, 2020, titled ""Maruti Suzuki to proactively recall 134,885 units of WagonR and Baleno"".",,,Press Release,-,15072020102900,-,-,False,,,104407856,Automobiles - 4 Wheelers,INE585B01010,Maruti Suzuki India Limited,2020-07-15 10:29:00,MARUTI
11-Jul-2020 13:25:00,,https://nsearchives.nseindia.com/corporate/MARUTI_11072020132510_NSEBSEIEPF11072020.pdf,Maruti Suzuki India Limited has informed the Exchange about Copy of Newspaper Publication,,,Copy of Newspaper Publication,-,11072020132500,-,-,False,,,104402453,Automobiles - 4 Wheelers,INE585B01010,Maruti Suzuki India Limited,2020-07-11 13:25:00,MARUTI
07-Jul-2020 18:26:00,,https://nsearchives.nseindia.com/corporate/MARUTI_07072020182623_NSEBSEPROD07072020.pdf,Maruti Suzuki India Limited has informed the Exchange regarding 'Production Figures'.,,,Updates,-,07072020182600,-,-,False,,,104393833,Automobiles - 4 Wheelers,INE585B01010,Maruti Suzuki India Limited,2020-07-07 18:26:00,MARUTI
07-Jul-2020 10:25:00,,https://nsearchives.nseindia.com/corporate/MARUTI_07072020102530_NSEBSEPR07072020.pdf,"Maruti Suzuki India Limited has informed the Exchange regarding a press release dated July 07, 2020, titled ""Maruti Suzuki partners with Axis Bank for easy finance solutions"".",,,Press Release,-,07072020102500,-,-,False,,,104392720,Automobiles - 4 Wheelers,INE585B01010,Maruti Suzuki India Limited,2020-07-07 10:25:00,MARUTI
02-Jul-2020 13:40:00,,https://nsearchives.nseindia.com/corporate/MARUTI_02072020134005_NSEBSEMSS02072020.pdf,Maruti Suzuki India Limited has informed the Exchange regarding 'Maruti Suzuki Subscribe'.,,,Updates,-,02072020134000,-,-,False,,,104387025,Automobiles - 4 Wheelers,INE585B01010,Maruti Suzuki India Limited,2020-07-02 13:40:00,MARUTI
01-Jul-2020 11:06:00,,https://nsearchives.nseindia.com/corporate/MARUTI_01072020110623_NSEBSEPR01072020.pdf,"Maruti Suzuki India Limited has informed the Exchange regarding a press release dated July 01, 2020, titled ""Maruti Suzuki sales in June 2020"".",,,Press Release,-,01072020110600,-,-,False,,,104384149,Automobiles - 4 Wheelers,INE585B01010,Maruti Suzuki India Limited,2020-07-01 11:06:00,MARUTI
24-Jun-2020 10:18:00,,https://nsearchives.nseindia.com/corporate/MARUTI_24062020101839_NSEBSEPR24062020.pdf,"Maruti Suzuki India Limited has informed the Exchange regarding a press release dated Jun 24, 2020, titled ""Maruti Suzuki Rewards: A unique comprehensive loyalty rewards program for Customers"".",,,Press Release,-,24062020101800,-,-,False,,,104368707,Automobiles - 4 Wheelers,INE585B01010,Maruti Suzuki India Limited,2020-06-24 10:18:00,MARUTI
22-Jun-2020 17:48:00,,https://nsearchives.nseindia.com/corporate/MARUTI_22062020174835_NSEBSEPR22062020.pdf,"Maruti Suzuki India Limited has informed the Exchange regarding a press release dated Jun 22, 2020, titled ""Maruti Suzuki s mini SUV S-PRESSO now also in S-CNG BS6"".",,,Press Release,-,22062020174800,-,-,False,,,104364815,Automobiles - 4 Wheelers,INE585B01010,Maruti Suzuki India Limited,2020-06-22 17:48:00,MARUTI
17-Jun-2020 10:40:00,,https://nsearchives.nseindia.com/corporate/MARUTI_17062020104011_NSEBSEPR17062020.pdf,"Maruti Suzuki India Limited has informed the Exchange regarding a press release dated Jun 17, 2020, titled ""Maruti Suzuki partners with Karur Vysya Bank to offer consumers attractive financial schemes toown a new car"".",,,Press Release,-,17062020104000,-,-,False,,,104355444,Automobiles - 4 Wheelers,INE585B01010,Maruti Suzuki India Limited,2020-06-17 10:40:00,MARUTI
16-Jun-2020 14:16:00,,https://nsearchives.nseindia.com/corporate/MARUTI_16062020141637_NSEBSEPR16062020.pdf,"Maruti Suzuki India Limited has informed the Exchange regarding a press release dated Jun 16, 2020, titled ""Maruti Suzuki ties up with IndusInd Bank to offer a range of finance options for customers"".",,,Press Release,-,16062020141600,-,-,False,,,104354396,Automobiles - 4 Wheelers,INE585B01010,Maruti Suzuki India Limited,2020-06-16 14:16:00,MARUTI
12-Jun-2020 12:11:00,,https://nsearchives.nseindia.com/corporate/MARUTI_12062020121116_NSEBSEPR12062020.pdf,"Maruti Suzuki India Limited has informed the Exchange regarding a press release dated Jun 12, 2020, titled ""BS6 compliant Maruti Suzuki Celerio now also available in S-CNG"".",,,Press Release,-,12062020121100,-,-,False,,,104349389,Automobiles - 4 Wheelers,INE585B01010,Maruti Suzuki India Limited,2020-06-12 12:11:00,MARUTI
09-Jun-2020 17:29:00,,https://nsearchives.nseindia.com/corporate/MARUTI_09062020172954_NSEBSEPROD09062020.pdf,"Maruti Suzuki India Limited has informed the Exchange regarding 'Production in May, 2020'.",,,Updates,-,09062020172900,-,-,False,,,104341896,Automobiles - 4 Wheelers,INE585B01010,Maruti Suzuki India Limited,2020-06-09 17:29:00,MARUTI
09-Jun-2020 10:16:00,,https://nsearchives.nseindia.com/corporate/MARUTI_09062020101647_NSEBSEPR09062020.pdf,"Maruti Suzuki India Limited has informed the Exchange regarding a press release dated Jun 09, 2020, titled ""Maruti Suzuki partners with Mahindra Finance to bring easy car finance schemesfor customers"".",,,Press Release,-,09062020101600,-,-,False,,,104340940,Automobiles - 4 Wheelers,INE585B01010,Maruti Suzuki India Limited,2020-06-09 10:16:00,MARUTI
08-Jun-2020 19:13:00,,https://nsearchives.nseindia.com/corporate/MARUTI_08062020191302_NSEBSETW08062020.pdf,"Maruti Suzuki India Limited has informed the Exchange regarding the Trading Window closure pursuant to SEBI (Prohibition of Insider Trading) Regulations, 2015",,,Trading Window,-,08062020191300,-,-,False,,,104339726,Automobiles - 4 Wheelers,INE585B01010,Maruti Suzuki India Limited,2020-06-08 19:13:00,MARUTI
08-Jun-2020 17:06:00,,https://nsearchives.nseindia.com/corporate/MARUTI_08062020170600_NSEBSERPT08062020.pdf,"Maruti Suzuki India Limited has informed the Exchange regarding Disclosure of Related Party Transactions on a consolidated basis, for the half year ended on March 31, 2020.",,,Related Party Transactions,-,08062020170600,-,-,False,,,104339620,Automobiles - 4 Wheelers,INE585B01010,Maruti Suzuki India Limited,2020-06-08 17:06:00,MARUTI
05-Jun-2020 14:20:00,,https://nsearchives.nseindia.com/corporate/MARUTI_05062020142034_NSEBSEPR205062020.pdf,"Maruti Suzuki India Limited has informed the Exchange regarding a press release dated Jun 05, 2020, titled ""Mission Green Million: Maruti Suzuki sells over 1 lakh factory fitted CNG vehiclesHighest ever in a fiscal"".",,,Press Release,-,05062020142000,-,-,False,,,104336933,Automobiles - 4 Wheelers,INE585B01010,Maruti Suzuki India Limited,2020-06-05 14:20:00,MARUTI
05-Jun-2020 11:09:00,,https://nsearchives.nseindia.com/corporate/MARUTI_05062020110955_NSEBSEPR05062020.pdf,"Maruti Suzuki India Limited has informed the Exchange regarding a press release dated Jun 05, 2020, titled ""Strengthening Green Manufacturing: Maruti Suzuki commissions 5 MW carportstyle photovoltaic solar power plant in Gurugram"".",,,Press Release,-,05062020110900,-,-,False,,,104336690,Automobiles - 4 Wheelers,INE585B01010,Maruti Suzuki India Limited,2020-06-05 11:09:00,MARUTI
04-Jun-2020 10:31:00,,https://nsearchives.nseindia.com/corporate/MARUTI_04062020103131_NSEBSEPR04062020.pdf,"Maruti Suzuki India Limited has informed the Exchange regarding a press release dated Jun 04, 2020, titled ""Maruti Suzuki introduces  Health and Hygiene  range of Genuine Accessories"".",,,Press Release,-,04062020103100,-,-,False,,,104333551,Automobiles - 4 Wheelers,INE585B01010,Maruti Suzuki India Limited,2020-06-04 10:31:00,MARUTI
01-Jun-2020 09:43:00,,https://nsearchives.nseindia.com/corporate/MARUTI_01062020094333_NSEBSEPR01062020.pdf,"Maruti Suzuki India Limited has informed the Exchange regarding a press release dated Jun 01, 2020, titled ""Maruti Suzuki sales in May 2020"".",,,Press Release,-,01062020094300,-,-,False,,,104326697,Automobiles - 4 Wheelers,INE585B01010,Maruti Suzuki India Limited,2020-06-01 09:43:00,MARUTI
30-May-2020 10:23:00,,https://nsearchives.nseindia.com/corporate/MARUTI_30052020102306_NSEBSEPR30052020.pdf,"Maruti Suzuki India Limited has informed the Exchange regarding a press release dated May 30, 2020, titled ""Customer Service a Priority: Maruti Suzuki announces extension of free service and warranty"".",,,Press Release,-,30052020102300,-,-,False,,,104326036,Automobiles - 4 Wheelers,INE585B01010,Maruti Suzuki India Limited,2020-05-30 10:23:00,MARUTI
28-May-2020 10:24:00,,https://nsearchives.nseindia.com/corporate/MARUTI_28052020102432_NSEBSEPR28052020.pdf,"Maruti Suzuki India Limited has informed the Exchange regarding a press release dated May 28, 2020, titled ""Customers set to benefit with Maruti Suzuki and HDFC Bank alliance for consumer finance schemes"".",,,Press Release,-,28052020102400,-,-,False,,,104321220,Automobiles - 4 Wheelers,INE585B01010,Maruti Suzuki India Limited,2020-05-28 10:24:00,MARUTI
28-May-2020 09:38:00,,https://nsearchives.nseindia.com/corporate/MARUTI_28052020093832_MARUTI_28052020005151_28052020093649.zip,"Promoters of Maruti Suzuki India Limited has informed the Exchange regarding the disclosure pursuant to the provisions of Regulation 30 and 31(4) of the SEBI (Substantial Acquisition of Shares and Takeovers) Regulations, 2011 as at 31st March, 2020",,,Disclosure under SEBI Takeover Regulations,-,28052020093800,-,-,False,,,104320349,Automobiles - 4 Wheelers,INE585B01010,Maruti Suzuki India Limited,2020-05-28 09:38:00,MARUTI
26-May-2020 14:35:00,,https://nsearchives.nseindia.com/corporate/MARUTI_26052020143549_NSEBSEPR226052020.pdf,"Maruti Suzuki India Limited has informed the Exchange regarding a press release dated May 26, 2020, titled ""Maruti Suzuki partners with ICICI bank to offer customers specially curated,flexible EMI financing schemes"".",,,Press Release,-,26052020143500,-,-,False,,,104317096,Automobiles - 4 Wheelers,INE585B01010,Maruti Suzuki India Limited,2020-05-26 14:35:00,MARUTI
26-May-2020 10:31:00,,https://nsearchives.nseindia.com/corporate/MARUTI_26052020103112_NSEBSEPR26052020.pdf,"Maruti Suzuki India Limited has informed the Exchange regarding a press release dated May 26, 2020, titled ""Customer Safety in focus: Maruti Suzuki issues safety norms for True Value"".",,,Press Release,-,26052020103100,-,-,False,,,104316155,Automobiles - 4 Wheelers,INE585B01010,Maruti Suzuki India Limited,2020-05-26 10:31:00,MARUTI
25-May-2020 08:01:00,,https://nsearchives.nseindia.com/corporate/MARUTI_25052020080150_NSEBSESMGPRO.pdf,Maruti Suzuki India Limited has informed the Exchange regarding 'Restart of Production at Suzuki Motor Gujarat Pvt Limited'.,,,Updates,-,25052020080100,-,-,False,,,104315782,Automobiles - 4 Wheelers,INE585B01010,Maruti Suzuki India Limited,2020-05-25 08:01:00,MARUTI
22-May-2020 12:22:00,,https://nsearchives.nseindia.com/corporate/MARUTI_22052020122255_NSEBSEPR22MAY2020.pdf,"Maruti Suzuki India Limited has informed the Exchange regarding a press release dated May 22, 2020, titled ""Country s First Petrol BS6 compliant LCV, Maruti Suzuki Super Carry introduced in BS6 S-CNG"".",,,Press Release,-,22052020122200,-,-,False,,,104314131,Automobiles - 4 Wheelers,INE585B01010,Maruti Suzuki India Limited,2020-05-22 12:22:00,MARUTI
22-May-2020 10:34:00,,https://nsearchives.nseindia.com/corporate/MARUTI_22052020103416_NSEBSEPR22052020.pdf,"Maruti Suzuki India Limited has informed the Exchange regarding a press release dated May 22, 2020, titled ""Buy Now Pay Later: Maruti Suzuki makes car buying easier for customers"".",,,Press Release,-,22052020103400,-,-,False,,,104313402,Automobiles - 4 Wheelers,INE585B01010,Maruti Suzuki India Limited,2020-05-22 10:34:00,MARUTI
18-May-2020 14:51:00,,https://nsearchives.nseindia.com/corporate/MARUTI_18052020145151_NSEBSEPR18052020.pdf,"Maruti Suzuki India Limited has informed the Exchange regarding a press release dated May 18, 2020, titled ""Customer Safety Is Priority: Maruti Suzuki deliveries bring smiles to over 5,000 customers"".",,,Press Release,-,18052020145100,-,-,False,,,104304873,Automobiles - 4 Wheelers,INE585B01010,Maruti Suzuki India Limited,2020-05-18 14:51:00,MARUTI
17-May-2020 18:50:00,,https://nsearchives.nseindia.com/corporate/MARUTI_17052020185034_NSEBSEPR17052020.pdf,Maruti Suzuki India Limited has informed the Exchange regarding 'Restart of production in Gurgaon plant'.,,,Updates,-,17052020185000,-,-,False,,,104303744,Automobiles - 4 Wheelers,INE585B01010,Maruti Suzuki India Limited,2020-05-17 18:50:00,MARUTI
15-May-2020 17:17:00,,https://nsearchives.nseindia.com/corporate/MARUTI_15052020171700_NSEBSE15052020.pdf,"Maruti Suzuki India Limited has informed the Exchange regarding a press release dated May 15, 2020, titled ""No compromises to Safety & Unmatched Convenience: Maruti Suzuki rolls out guidelines forits workshops and service centres"".",,,Press Release,-,15052020171700,-,-,False,,,104302288,Automobiles - 4 Wheelers,INE585B01010,Maruti Suzuki India Limited,2020-05-15 17:17:00,MARUTI
14-May-2020 15:46:00,,https://nsearchives.nseindia.com/corporate/MARUTI_14052020154621_NSEBSEFR13MAY2020.pdf,"Maruti Suzuki India Limited has informed the Exchange that The ensuing annual general meeting of the Company is scheduled to be held on 26th August 2020. Register of members will remain closed from Saturday, the 15th August 2020 to Wednesday, the 26th August 2020 (both days inclusive) for the purpose of dividend payment.",,,AGM/Book Closure,-,14052020154600,-,-,False,,,104299103,Automobiles - 4 Wheelers,INE585B01010,Maruti Suzuki India Limited,2020-05-14 15:46:00,MARUTI
14-May-2020 15:45:00,,https://nsearchives.nseindia.com/corporate/MARUTI_14052020154548_NSEBSEFR13MAY2020.pdf,"Maruti Suzuki India Limited has informed the Exchange that the Company has fixed Book Closure from August 15, 2020 to August 26, 2020 for the purpose of Dividend",,,Book Closure,-,14052020154500,-,-,False,,,104299102,Automobiles - 4 Wheelers,INE585B01010,Maruti Suzuki India Limited,2020-05-14 15:45:00,MARUTI
13-May-2020 16:38:00,,https://nsearchives.nseindia.com/corporate/MARUTI_13052020163855_NSEBSEJJIMPEX.pdf,Maruti Suzuki India Limited has informed the Exchange regarding 'AGREEMENT WITH SUMITOMO CORPORATION   JAPAN &SUMITOMO CORPORATION INDIA PRIVATE LIMITED'.,,,Updates,-,13052020163800,-,-,False,,,104296773,Automobiles - 4 Wheelers,INE585B01010,Maruti Suzuki India Limited,2020-05-13 16:38:00,MARUTI
13-May-2020 16:25:00,,https://nsearchives.nseindia.com/corporate/MARUTI_13052020162530_NSEBSEBREZZA.pdf,Maruti Suzuki India Limited has informed the Exchange regarding 'Supply of another product to Toyota Kirloskar Motor Pvt. Ltd.'.,,,Updates,-,13052020162500,-,-,False,,,104296769,Automobiles - 4 Wheelers,INE585B01010,Maruti Suzuki India Limited,2020-05-13 16:25:00,MARUTI
13-May-2020 16:11:00,,https://nsearchives.nseindia.com/corporate/MARUTI_13052020161112_NSEBSEIDAPPOINTMENT.pdf,"Maruti Suzuki India Limited has informed the Exchange regarding Appointment of Mr Maheshwar Sahu as Independent Director of the company w.e.f. May 14, 2020.",,,Appointment,-,13052020161100,-,-,False,,,104296764,Automobiles - 4 Wheelers,INE585B01010,Maruti Suzuki India Limited,2020-05-13 16:11:00,MARUTI
13-May-2020 14:43:24,,https://nsearchives.nseindia.com/corporate/NSEBSEFR13MAY2020_13052020144324.zip,"Maruti Suzuki India Limited has submitted to the Exchange, the financial results for the period ended March 31, 2020.",,,Financial Result Updates,-,13052020144324,-,-,False,,,133723,Automobiles - 4 Wheelers,INE585B01010,Maruti Suzuki India Limited,2020-05-13 14:43:24,MARUTI
12-May-2020 10:34:00,,https://nsearchives.nseindia.com/corporate/MARUTI_12052020103452_NSEBSECONCALL12052020.pdf,Maruti Suzuki India Limited has informed the Exchange regarding Analysts/Institutional Investor Meet/Con. Call Updates,,,Analysts/Institutional Investor Meet/Con. Call Updates,-,12052020103400,-,-,False,,,104293668,Automobiles - 4 Wheelers,INE585B01010,Maruti Suzuki India Limited,2020-05-12 10:34:00,MARUTI
06-May-2020 18:03:00,,https://nsearchives.nseindia.com/corporate/MARUTI_06052020180343_NSEBSE06052020.pdf,Maruti Suzuki India Limited has informed the Exchange regarding 'Restart of Production Facilities'.,,,Updates,-,06052020180300,-,-,False,,,104284832,Automobiles - 4 Wheelers,INE585B01010,Maruti Suzuki India Limited,2020-05-06 18:03:00,MARUTI
06-May-2020 10:34:00,,https://nsearchives.nseindia.com/corporate/MARUTI_06052020103422_NSEBSEPR06052020.pdf,"Maruti Suzuki India Limited has informed the Exchange regarding a press release dated May 06, 2020, titled ""Customer Safety at priority: Maruti Suzuki rolls out new norms for its showrooms"".",,,Press Release,-,06052020103400,-,-,False,,,104283526,Automobiles - 4 Wheelers,INE585B01010,Maruti Suzuki India Limited,2020-05-06 10:34:00,MARUTI
04-May-2020 17:15:00,,https://nsearchives.nseindia.com/corporate/MARUTI_04052020171532_marutisuzuki.pdf,"Promoters of Maruti Suzuki India Limited has informed the Exchange regarding disclosure under regulation 30(2) of SEBI (SAST) Regulations, 2011",,,Disclosure under SEBI Takeover Regulations,-,04052020171500,-,-,False,,,104278749,Automobiles - 4 Wheelers,INE585B01010,Maruti Suzuki India Limited,2020-05-04 17:15:00,MARUTI
01-May-2020 09:06:00,,https://nsearchives.nseindia.com/corporate/MARUTI_01052020090628_NSEBSEPR01052020.pdf,"Maruti Suzuki India Limited has informed the Exchange regarding a press release dated May 01, 2020, titled ""Maruti Suzuki sales in April 2020"".",,,Press Release,-,01052020090600,-,-,False,,,104276674,Automobiles - 4 Wheelers,INE585B01010,Maruti Suzuki India Limited,2020-05-01 09:06:00,MARUTI
21-Apr-2020 12:42:00,,https://nsearchives.nseindia.com/corporate/MARUTI_21042020124239_NSEBSETW21042020.pdf,"Maruti Suzuki India Limited has informed the Exchange regarding the Trading Window closure pursuant to SEBI (Prohibition of Insider Trading) Regulations, 2015",,,Trading Window,-,21042020124200,-,-,False,,,104256721,Automobiles - 4 Wheelers,INE585B01010,Maruti Suzuki India Limited,2020-04-21 12:42:00,MARUTI
20-Apr-2020 16:55:00,,https://nsearchives.nseindia.com/corporate/MARUTI_20042020165507_NSEBSEFINALRENU.pdf,"MARUTI:The Exchange had sought clarification from Maruti Suzuki India Limited with respect to announcement dated 01-Apr-2020, regarding ""Cessation of Ms Renu Sud Karnad as Independent Director of the company w.e.f. March 31, 2020"". On basis of above the Company was required to clarify following: 1. No other material reasons other than providedThe response of the Company is attached.",,,Reply to Clarification Sought,-,20042020165500,-,-,False,,,104253957,Automobiles - 4 Wheelers,INE585B01010,Maruti Suzuki India Limited,2020-04-20 16:55:00,MARUTI
16-Apr-2020 08:37:00,,-,"MARUTI:The Exchange has sought clarification from Maruti Suzuki India Limited with respect to announcement dated 01-Apr-2020, regarding ""Cessation of Ms Renu Sud Karnad as Independent Director of the company w.e.f. March 31, 2020"". On basis of above the Company is required to clarify following: 1. No other material reasons other than providedThe response of the Company is awaited.",,,Clarification,-,16042020083700,-,-,False,,,104246512,Automobiles - 4 Wheelers,INE585B01010,Maruti Suzuki India Limited,2020-04-16 08:37:00,MARUTI
14-Apr-2020 19:30:00,,https://nsearchives.nseindia.com/corporate/MARUTI_14042020193030_NSEBSESMG14042020.pdf,Maruti Suzuki India Limited has informed the Exchange regarding 'Suzuki Motor Gujarat extends production suspension till further notice'.,,,Updates,-,14042020193000,-,-,False,,,104243760,Automobiles - 4 Wheelers,INE585B01010,Maruti Suzuki India Limited,2020-04-14 19:30:00,MARUTI
14-Apr-2020 11:00:00,,https://nsearchives.nseindia.com/corporate/MARUTI_14042020110030_NSEBSEPR14042020.pdf,"Maruti Suzuki India Limited has informed the Exchange regarding a press release dated April 14, 2020, titled ""Maruti Suzuki Cares: Gives preventive tips to customers"".",,,Press Release,-,14042020110000,-,-,False,,,104243658,Automobiles - 4 Wheelers,INE585B01010,Maruti Suzuki India Limited,2020-04-14 11:00:00,MARUTI
07-Apr-2020 20:00:00,,https://nsearchives.nseindia.com/corporate/MARUTI_07042020200000_NSEBSEPRODUCTION07042020.pdf,"Maruti Suzuki India Limited has informed the Exchange regarding 'Production in March, 2020'.",,,Updates,-,07042020200000,-,-,False,,,104232327,Automobiles - 4 Wheelers,INE585B01010,Maruti Suzuki India Limited,2020-04-07 20:00:00,MARUTI
01-Apr-2020 13:57:00,,https://nsearchives.nseindia.com/corporate/MARUTI_01042020135733_NSEBSE01042020.pdf,"Maruti Suzuki India Limited has informed the Exchange regarding Cessation of Ms Renu Sud Karnad as Independent Director of the company w.e.f. March 31, 2020.",,,Cessation,-,01042020135700,-,-,False,,,104226864,Automobiles - 4 Wheelers,INE585B01010,Maruti Suzuki India Limited,2020-04-01 13:57:00,MARUTI
01-Apr-2020 10:12:00,,https://nsearchives.nseindia.com/corporate/MARUTI_01042020101248_NSEBSEPR01042020.pdf,"Maruti Suzuki India Limited has informed the Exchange regarding a press release dated April 01, 2020, titled ""Maruti Suzuki sales in March 2020 and 2019-20"".",,,Press Release,-,01042020101200,-,-,False,,,104226490,Automobiles - 4 Wheelers,INE585B01010,Maruti Suzuki India Limited,2020-04-01 10:12:00,MARUTI
30-Mar-2020 10:41:00,,https://nsearchives.nseindia.com/corporate/MARUTI_30032020104157_NSEBSEPR30032020.pdf,"Maruti Suzuki India Limited has informed the Exchange regarding a press release dated March 30, 2020, titled ""Maruti Suzuki announces service and warranty extensions to support customers"".",,,Press Release,-,30032020104100,-,-,False,,,104219468,Automobiles - 4 Wheelers,INE585B01010,Maruti Suzuki India Limited,2020-03-30 10:41:00,MARUTI
28-Mar-2020 13:14:00,,https://nsearchives.nseindia.com/corporate/MARUTI_28032020131432_NSEBSEPR28032020.pdf,"Maruti Suzuki India Limited has informed the Exchange regarding a press release dated March 28, 2020, titled ""Maruti Suzuki mobilizes production of ventilators, masks and PPE to support India's preparationagainst COVID-19"".",,,Press Release,-,28032020131400,-,-,False,,,104217721,Automobiles - 4 Wheelers,INE585B01010,Maruti Suzuki India Limited,2020-03-28 13:14:00,MARUTI
26-Mar-2020 12:32:00,,https://nsearchives.nseindia.com/corporate/MARUTI_26032020123257_NSEBSEPR26032020.pdf,Maruti Suzuki India Limited has informed the Exchange regarding 'Suzuki Motor Gujarat extends production shutdown till 14th April 2020'.,,,Updates,-,26032020123200,-,-,False,,,104214091,Automobiles - 4 Wheelers,INE585B01010,Maruti Suzuki India Limited,2020-03-26 12:32:00,MARUTI
24-Mar-2020 15:01:00,,https://nsearchives.nseindia.com/corporate/MARUTI_24032020150140_NSEBSEPR2403202.pdf,Maruti Suzuki India Limited has informed the Exchange regarding 'Suzuki Motor Gujarat extends production shutdown till 31st March 2020'.,,,Updates,-,24032020150100,-,-,False,,,104209743,Automobiles - 4 Wheelers,INE585B01010,Maruti Suzuki India Limited,2020-03-24 15:01:00,MARUTI
23-Mar-2020 17:08:00,,https://nsearchives.nseindia.com/corporate/MARUTI_23032020170828_NSEBSEPR23032020.pdf,Maruti Suzuki India Limited has informed the Exchange regarding 'Suzuki Motor Gujarat halts production operations starting today B-shift'.,,,Updates,-,23032020170800,-,-,False,,,104206863,Automobiles - 4 Wheelers,INE585B01010,Maruti Suzuki India Limited,2020-03-23 17:08:00,MARUTI
22-Mar-2020 15:55:00,,https://nsearchives.nseindia.com/corporate/MARUTI_22032020155532_NSEBSEPR22032020.pdf,"Maruti Suzuki India Limited has informed the Exchange regarding a press release dated March 22, 2020, titled ""Maruti Suzuki halts operations at its Haryana facilities"".",,,Press Release,-,22032020155500,-,-,False,,,104204648,Automobiles - 4 Wheelers,INE585B01010,Maruti Suzuki India Limited,2020-03-22 15:55:00,MARUTI
20-Mar-2020 14:57:00,,https://nsearchives.nseindia.com/corporate/MARUTI_20032020145704_NSEBSEPR20032020.pdf,"Maruti Suzuki India Limited has informed the Exchange regarding a press release dated March 20, 2020, titled ""India s No.1 selling sedan, Maruti Suzuki Dzire in a new premium avatar"".",,,Press Release,-,20032020145700,-,-,False,,,104202884,Automobiles - 4 Wheelers,INE585B01010,Maruti Suzuki India Limited,2020-03-20 14:57:00,MARUTI
20-Mar-2020 13:32:00,,https://nsearchives.nseindia.com/corporate/MARUTI_20032020133218_NSEBSETOURS20032020.pdf,Maruti Suzuki India Limited has informed the Exchange regarding 'Maruti Suzuki introduces BS-VI compliant Tour S CNG & Tour S Optional(Petrol & CNG) Variants'.,,,Updates,-,20032020133200,-,-,False,,,104202868,Automobiles - 4 Wheelers,INE585B01010,Maruti Suzuki India Limited,2020-03-20 13:32:00,MARUTI
16-Mar-2020 19:10:00,,https://nsearchives.nseindia.com/corporate/MARUTI_16032020191030_NSEBSEPR216032020.pdf,"Maruti Suzuki India Limited has informed the Exchange regarding a press release dated March 16, 2020, titled ""Maruti Suzuki introduces Eeco BS6 S-CNG"".",,,Press Release,-,16032020191000,-,-,False,,,104190547,Automobiles - 4 Wheelers,INE585B01010,Maruti Suzuki India Limited,2020-03-16 19:10:00,MARUTI
16-Mar-2020 15:26:00,,https://nsearchives.nseindia.com/corporate/MARUTI_16032020152605_NSEBSEPR16032020.pdf,"Maruti Suzuki India Limited has informed the Exchange regarding a press release dated March 16, 2020, titled ""Maruti Suzuki expands the Commercial network portfolio with extensive Tour range"".",,,Press Release,-,16032020152600,-,-,False,,,104190256,Automobiles - 4 Wheelers,INE585B01010,Maruti Suzuki India Limited,2020-03-16 15:26:00,MARUTI
14-Mar-2020 16:21:00,,https://nsearchives.nseindia.com/corporate/MARUTI_14032020162113_NSEBSEPR14032020.pdf,"Maruti Suzuki India Limited has informed the Exchange regarding a press release dated March 14, 2020, titled ""Maruti Suzuki True Value now a one stop destination for Pre-Owned cars"".",,,Press Release,-,14032020162100,-,-,False,,,104188927,Automobiles - 4 Wheelers,INE585B01010,Maruti Suzuki India Limited,2020-03-14 16:21:00,MARUTI
06-Mar-2020 18:32:00,,https://nsearchives.nseindia.com/corporate/MARUTI_06032020183204_NSEBSETW06032020.pdf,"Maruti Suzuki India Limited has informed the Exchange regarding the Trading Window closure pursuant to SEBI (Prohibition of Insider Trading) Regulations, 2015",,,Trading Window,-,06032020183200,-,-,False,,,104175282,Automobiles - 4 Wheelers,INE585B01010,Maruti Suzuki India Limited,2020-03-06 18:32:00,MARUTI
06-Mar-2020 10:09:00,,https://nsearchives.nseindia.com/corporate/MARUTI_06032020100931_NSEBSEPRODUCTION06032020.pdf,"Maruti Suzuki India Limited has informed the Exchange regarding 'Production in February, 2020'.",,,Updates,-,06032020100900,-,-,False,,,104172640,Automobiles - 4 Wheelers,INE585B01010,Maruti Suzuki India Limited,2020-03-06 10:09:00,MARUTI
04-Mar-2020 16:30:00,,https://nsearchives.nseindia.com/corporate/MARUTI_04032020163025_NSEBSEPR04032020.pdf,"Maruti Suzuki India Limited has informed the Exchange regarding a press release dated March 04, 2020, titled ""Maruti Suzuki partners with HDB Financial Services to facilitate easy car loans for customers"".",,,Press Release,-,04032020163000,-,-,False,,,104168610,Automobiles - 4 Wheelers,INE585B01010,Maruti Suzuki India Limited,2020-03-04 16:30:00,MARUTI
02-Mar-2020 09:20:00,,https://nsearchives.nseindia.com/corporate/MARUTI_02032020092044_NSEBSEPR01032020.pdf,"Maruti Suzuki India Limited has informed the Exchange regarding a press release dated March 01, 2020, titled ""Maruti Suzuki Sales in February 2020"".",,,Press Release,-,02032020092000,-,-,False,,,104159722,Automobiles - 4 Wheelers,INE585B01010,Maruti Suzuki India Limited,2020-03-02 09:20:00,MARUTI
01-Mar-2020 10:48:00,,https://nsearchives.nseindia.com/corporate/MARUTI_01032020104818_NSEBSEPR01032020.pdf,"Maruti Suzuki India Limited has informed the Exchange regarding a press release dated March 01, 2020, titled ""Maruti Suzuki Sales in February 2020"".",,,Press Release,-,01032020104800,-,-,False,,,104159723,Automobiles - 4 Wheelers,INE585B01010,Maruti Suzuki India Limited,2020-03-01 10:48:00,MARUTI
24-Feb-2020 11:01:00,,https://nsearchives.nseindia.com/corporate/MARUTI_24022020110128_NSEBNSEBREZZA.PDF,"Maruti Suzuki India Limited has informed the Exchange regarding a press release dated February 24, 2020, titled ""Maruti Suzuki launches the all new powerful and stylish Vitara Brezza"".",,,Press Release,-,24022020110100,-,-,False,,,104146966,Automobiles - 4 Wheelers,INE585B01010,Maruti Suzuki India Limited,2020-02-24 11:01:00,MARUTI
18-Feb-2020 10:54:00,,https://nsearchives.nseindia.com/corporate/MARUTI_18022020105402_NSEBSEPR18022020.pdf,"Maruti Suzuki India Limited has informed the Exchange regarding a press release dated February 18, 2020, titled ""Maruti Suzuki launches the All New IGNIS"".",,,Press Release,-,18022020105400,-,-,False,,,104138159,Automobiles - 4 Wheelers,INE585B01010,Maruti Suzuki India Limited,2020-02-18 10:54:00,MARUTI
14-Feb-2020 10:54:00,,https://nsearchives.nseindia.com/corporate/MARUTI_14022020105452_NSEBSEPR14022020.pdf,"Maruti Suzuki India Limited has informed the Exchange regarding a press release dated February 14, 2020, titled ""BS6 compliant Maruti Suzuki WagonR now also available in S-CNG"".",,,Press Release,-,14022020105400,-,-,False,,,104131202,Automobiles - 4 Wheelers,INE585B01010,Maruti Suzuki India Limited,2020-02-14 10:54:00,MARUTI
08-Feb-2020 11:04:00,,https://nsearchives.nseindia.com/corporate/MARUTI_08022020110401_NSEBSEPR08022020.pdf,"Maruti Suzuki India Limited has informed the Exchange regarding a press release dated February 08, 2020, titled ""Suzuki Jimny showcased at Auto Expo 2020"".",,,Press Release,-,08022020110400,-,-,False,,,104114820,Automobiles - 4 Wheelers,INE585B01010,Maruti Suzuki India Limited,2020-02-08 11:04:00,MARUTI
07-Feb-2020 16:15:00,,https://nsearchives.nseindia.com/corporate/MARUTI_07022020161517_NSEBSEPRODUCTION07022020.pdf,"Maruti Suzuki India Limited has informed the Exchange regarding 'Production in January, 2020'.",,,Updates,-,07022020161500,-,-,False,,,104113801,Automobiles - 4 Wheelers,INE585B01010,Maruti Suzuki India Limited,2020-02-07 16:15:00,MARUTI
07-Feb-2020 15:04:00,,https://nsearchives.nseindia.com/corporate/MARUTI_07022020150418_NSEBSEPR207022020.pdf,"Maruti Suzuki India Limited has informed the Exchange regarding a press release dated February 07, 2020, titled ""Maruti Suzuki Ertiga S-CNG is country s first BS6 compliant CNG MPV"".",,,Press Release,-,07022020150400,-,-,False,,,104113753,Automobiles - 4 Wheelers,INE585B01010,Maruti Suzuki India Limited,2020-02-07 15:04:00,MARUTI
07-Feb-2020 12:19:00,,https://nsearchives.nseindia.com/corporate/MARUTI_07022020121946_NSEBSEPR07022020.pdf,"Maruti Suzuki India Limited has informed the Exchange regarding a press release dated February 07, 2020, titled ""Maruti Suzuki drives in the all new IGNIS"".",,,Press Release,-,07022020121900,-,-,False,,,104113626,Automobiles - 4 Wheelers,INE585B01010,Maruti Suzuki India Limited,2020-02-07 12:19:00,MARUTI
06-Feb-2020 13:18:00,,https://nsearchives.nseindia.com/corporate/MARUTI_06022020131824_NSEBSEPR06022020.pdf,"Maruti Suzuki India Limited has informed the Exchange regarding a press release dated February 06, 2020, titled ""All new powerful and stylish Vitara Brezza BS6 Petrol unveiled"".",,,Press Release,-,06022020131800,-,-,False,,,104110238,Automobiles - 4 Wheelers,INE585B01010,Maruti Suzuki India Limited,2020-02-06 13:18:00,MARUTI
05-Feb-2020 09:21:00,,https://nsearchives.nseindia.com/corporate/MARUTI_05022020092109_NSEBSEPR05022020.pdf,"Maruti Suzuki India Limited has informed the Exchange regarding a press release dated February 05, 2020, titled ""Maruti Suzuki targets sale of next 1 million green cars under"".",,,Press Release,-,05022020092100,-,-,False,,,104105058,Automobiles - 4 Wheelers,INE585B01010,Maruti Suzuki India Limited,2020-02-05 09:21:00,MARUTI
01-Feb-2020 10:43:00,,https://nsearchives.nseindia.com/corporate/MARUTI_01022020104333_NSEBSESALES01022020.pdf,"Maruti Suzuki India Limited has informed the Exchange regarding a press release dated February 01, 2020, titled ""Maruti Suzuki Sales in January 2020"".",,,Press Release,-,01022020104300,-,-,False,,,104095315,Automobiles - 4 Wheelers,INE585B01010,Maruti Suzuki India Limited,2020-02-01 10:43:00,MARUTI
29-Jan-2020 18:45:00,,https://nsearchives.nseindia.com/corporate/MARUTI_29012020184557_NSEBSENEWSPAPER29012020.pdf,Maruti Suzuki India Limited has informed the Exchange regarding 'Copy of published results'.,,,Updates,-,29012020184500,-,-,False,,,104088549,Automobiles - 4 Wheelers,INE585B01010,Maruti Suzuki India Limited,2020-01-29 18:45:00,MARUTI
29-Jan-2020 11:31:00,,https://nsearchives.nseindia.com/corporate/MARUTI_29012020113120_NSEBSEPR29012020.pdf,"Maruti Suzuki India Limited has informed the Exchange regarding a press release dated January 29, 2020, titled ""Green Mobility: Maruti Suzuki at Auto Expo   The Motor Show 2020"".",,,Press Release,-,29012020113100,-,-,False,,,104088217,Automobiles - 4 Wheelers,INE585B01010,Maruti Suzuki India Limited,2020-01-29 11:31:00,MARUTI
28-Jan-2020 19:24:00,,https://nsearchives.nseindia.com/corporate/MARUTI_28012020192355_NSEBSETOURSPR28012020_318.pdf,Maruti Suzuki India Limited has informed the Exchange regarding 'Introduction of BS-VJ compliant TOUR S (Petrol)'.,,,Updates,-,28012020192400,-,-,False,,,104085763,Automobiles - 4 Wheelers,INE585B01010,Maruti Suzuki India Limited,2020-01-28 19:24:00,MARUTI
28-Jan-2020 19:18:00,,https://nsearchives.nseindia.com/corporate/MARUTI_28012020191746_NSEBSESUPERCARRY28012020_310.pdf,Maruti Suzuki India Limited has informed the Exchange regarding 'Introduction of BS-VI compliant Super Carry (Petrol)'.,,,Updates,-,28012020191800,-,-,False,,,104085756,Automobiles - 4 Wheelers,INE585B01010,Maruti Suzuki India Limited,2020-01-28 19:18:00,MARUTI
28-Jan-2020 13:34:48,,https://nsearchives.nseindia.com/corporate/NSEBSEFR28012020_28012020133448.zip,"Maruti Suzuki India Limited has submitted to the Exchange, the financial results for the period ended December 31, 2019.",,,Financial Result Updates,-,28012020133448,-,-,False,,,132155,Automobiles - 4 Wheelers,INE585B01010,Maruti Suzuki India Limited,2020-01-28 13:34:48,MARUTI
27-Jan-2020 18:56:00,,https://nsearchives.nseindia.com/corporate/MARUTI_27012020185455_NSEBSEPR27012020_293.pdf,"Maruti Suzuki India Limited has informed the Exchange regarding a press release dated January 27, 2020, titled ""Maruti Suzuki Announces Price Increase"".",,,Press Release,-,27012020185600,-,-,False,,,104082914,Automobiles - 4 Wheelers,INE585B01010,Maruti Suzuki India Limited,2020-01-27 18:56:00,MARUTI
27-Jan-2020 11:58:00,,https://nsearchives.nseindia.com/corporate/MARUTI_27012020115743_NSEBSEPR27012020_047.pdf,"Maruti Suzuki India Limited has informed the Exchange regarding a press release dated January 27, 2020, titled ""Maruti Suzuki Alto BS6 now also available in S-CNG"".",,,Press Release,-,27012020115800,-,-,False,,,104082654,Automobiles - 4 Wheelers,INE585B01010,Maruti Suzuki India Limited,2020-01-27 11:58:00,MARUTI
25-Jan-2020 10:50:00,,https://nsearchives.nseindia.com/corporate/MARUTI_25012020104903_BSENSEPR25012020_006.pdf,"Maruti Suzuki India Limited has informed the Exchange regarding a press release dated January 25, 2020, titled ""Maruti Suzuki NEXA rolls out Stylish and Sporty Ciaz S"".",,,Press Release,-,25012020105000,-,-,False,,,104080804,Automobiles - 4 Wheelers,INE585B01010,Maruti Suzuki India Limited,2020-01-25 10:50:00,MARUTI
24-Jan-2020 12:19:00,,https://nsearchives.nseindia.com/corporate/MARUTI_24012020121853_NSEBSEPR24012020_044.pdf,"Maruti Suzuki India Limited has informed the Exchange regarding a press release dated January 24, 2020, titled ""A true symbol of Make in India, Maruti Suzuki commences exports of its blockbustermodel S-PRESSO"".",,,Press Release,-,24012020121900,-,-,False,,,104078796,Automobiles - 4 Wheelers,INE585B01010,Maruti Suzuki India Limited,2020-01-24 12:19:00,MARUTI
23-Jan-2020 18:19:00,,https://nsearchives.nseindia.com/corporate/MARUTI_23012020181641_NSEBSECONCALL23012020_255.pdf,Maruti Suzuki India Limited has informed the Exchange regarding Analysts/Institutional Investor Meet/Con. Call Updates,,,Analysts/Institutional Investor Meet/Con. Call Updates,-,23012020181900,-,-,False,,,104076290,Automobiles - 4 Wheelers,INE585B01010,Maruti Suzuki India Limited,2020-01-23 18:19:00,MARUTI
20-Jan-2020 14:22:00,,https://nsearchives.nseindia.com/corporate/MARUTI_20012020142039_NSEBSEPR20012020_095.pdf,Maruti Suzuki India Limited has informed the Exchange regarding 'Introduction of BS-VI compliant CELERlO (Petrol)'.,,,Updates,-,20012020142200,-,-,False,,,104067078,Automobiles - 4 Wheelers,INE585B01010,Maruti Suzuki India Limited,2020-01-20 14:22:00,MARUTI
17-Jan-2020 19:29:00,,https://nsearchives.nseindia.com/corporate/MARUTI_17012020192907_NSEBSEPR17012020_232.pdf,Maruti Suzuki India Limited has informed the Exchange regarding 'Introduction of BS-VI compliant EECO (Petrol)'.,,,Updates,-,17012020192900,-,-,False,,,104064148,Automobiles - 4 Wheelers,INE585B01010,Maruti Suzuki India Limited,2020-01-17 19:29:00,MARUTI
14-Jan-2020 19:10:00,,https://nsearchives.nseindia.com/corporate/MARUTI_14012020190823_NSEBSENP14012019_277.pdf,Maruti Suzuki India Limited has informed the Exchange regarding 'Newspaper Notice'.,,,Updates,-,14012020191000,-,-,False,,,104054637,Automobiles - 4 Wheelers,INE585B01010,Maruti Suzuki India Limited,2020-01-14 19:10:00,MARUTI
08-Jan-2020 13:06:00,,https://nsearchives.nseindia.com/corporate/MARUTI_08012020130509_NSEBSEPRODUCTION08012020_073.pdf,"Maruti Suzuki India Limited has informed the Exchange regarding 'Production in December, 2019'.",,,Updates,-,08012020130600,-,-,False,,,104041122,Automobiles - 4 Wheelers,INE585B01010,Maruti Suzuki India Limited,2020-01-08 13:06:00,MARUTI
01-Jan-2020 11:02:00,,https://nsearchives.nseindia.com/corporate/MARUTI_01012020110034_NSEBSESALES01012020_017.pdf,"Maruti Suzuki India Limited has informed the Exchange regarding a press release dated January 01, 2020, titled ""Maruti Suzuki Sales in December 2019"".",,,Press Release,-,01012020110200,-,-,False,,,104024978,Automobiles - 4 Wheelers,INE585B01010,Maruti Suzuki India Limited,2020-01-01 11:02:00,MARUTI
19-Dec-2019 11:26:00,,https://nsearchives.nseindia.com/corporate/MARUTI_19122019112450_NSEBSEPR19122019_040.pdf,"Maruti Suzuki India Limited has informed the Exchange regarding a press release dated December 19, 2019, titled ""Maruti Suzuki strengthens the Alto portfolio with new fully loaded Alto VXI+"".",,,Press Release,-,19122019112600,-,-,False,,,103998378,Automobiles - 4 Wheelers,INE585B01010,Maruti Suzuki India Limited,2019-12-19 11:26:00,MARUTI
19-Dec-2019 11:05:00,,https://nsearchives.nseindia.com/corporate/MARUTI_19122019110231_NSEBSE19122019_036.pdf,Maruti Suzuki India Limited has informed the Exchange regarding 'Introduction of VXI+ Variant in Alto 800'.,,,Updates,-,19122019110500,-,-,False,,,103998177,Automobiles - 4 Wheelers,INE585B01010,Maruti Suzuki India Limited,2019-12-19 11:05:00,MARUTI
18-Dec-2019 13:09:00,,https://nsearchives.nseindia.com/corporate/MARUTI_18122019130832_NSEBSEPR18122019_053.pdf,"Maruti Suzuki India Limited has informed the Exchange regarding a press release dated December 18, 2019, titled ""Maruti Suzuki WagonR celebrates two decades of iconic journey"".",,,Press Release,-,18122019130900,-,-,False,,,103995321,Automobiles - 4 Wheelers,INE585B01010,Maruti Suzuki India Limited,2019-12-18 13:09:00,MARUTI
17-Dec-2019 14:30:00,,https://nsearchives.nseindia.com/corporate/MARUTI_17122019142929_NSEBSEPR17122019_055.pdf,"Maruti Suzuki India Limited has informed the Exchange regarding a press release dated December 17, 2019, titled ""NEXA Music launches its fourth song  Whatcha Doin to Me  by Clinton Cerejoand Bianca Gomes"".",,,Press Release,-,17122019143000,-,-,False,,,103992712,Automobiles - 4 Wheelers,INE585B01010,Maruti Suzuki India Limited,2019-12-17 14:30:00,MARUTI
16-Dec-2019 11:37:00,,https://nsearchives.nseindia.com/corporate/MARUTI_16122019113649_NSEBSEPR16122019_045.pdf,"Maruti Suzuki India Limited has informed the Exchange regarding a press release dated December 16, 2019, titled ""With Over 6 Lakh Automatic Cars sold, Maruti Suzuki bets bigon AMT, AT & CVT Technology"".",,,Press Release,-,16122019113700,-,-,False,,,103989300,Automobiles - 4 Wheelers,INE585B01010,Maruti Suzuki India Limited,2019-12-16 11:37:00,MARUTI
12-Dec-2019 14:54:00,,https://nsearchives.nseindia.com/corporate/MARUTI_12122019145357_NSEBSEPR12122019_092.pdf,"Maruti Suzuki India Limited has informed the Exchange regarding a press release dated December 12, 2019, titled ""Maruti Suzuki Super Carry celebrates three glorious years in India with over 50,000delighted customers"".",,,Press Release,-,12122019145400,-,-,False,,,103982799,Automobiles - 4 Wheelers,INE585B01010,Maruti Suzuki India Limited,2019-12-12 14:54:00,MARUTI
11-Dec-2019 17:13:00,,https://nsearchives.nseindia.com/corporate/MARUTI_11122019171339_NSEBSEPR11122019_226.pdf,"Maruti Suzuki India Limited has informed the Exchange regarding a press release dated December 11, 2019, titled ""Maruti Suzuki ties-up with Federal Bank for dealer and retail car financing"".",,,Press Release,-,11122019171300,-,-,False,,,103979695,Automobiles - 4 Wheelers,INE585B01010,Maruti Suzuki India Limited,2019-12-11 17:13:00,MARUTI
10-Dec-2019 17:56:00,,https://nsearchives.nseindia.com/corporate/MARUTI_10122019175518_NSEBSERTA10122019_274.pdf,Maruti Suzuki India Limited has informed the Exchange regarding the Registrar & Share Transfer Agent Update,,,Registrar & Share Transfer Agent Update,-,10122019175600,-,-,False,,,103976485,Automobiles - 4 Wheelers,INE585B01010,Maruti Suzuki India Limited,2019-12-10 17:56:00,MARUTI
09-Dec-2019 17:29:00,,https://nsearchives.nseindia.com/corporate/MARUTI_09122019172733_NSEBSETW09122019_351.pdf,"Maruti Suzuki India Limited has informed the Exchange regarding the Trading Window closure pursuant to SEBI (Prohibition of Insider Trading) Regulations, 2015",,,Trading Window,-,09122019172900,-,-,False,,,103973201,Automobiles - 4 Wheelers,INE585B01010,Maruti Suzuki India Limited,2019-12-09 17:29:00,MARUTI
06-Dec-2019 19:29:00,,https://nsearchives.nseindia.com/corporate/MARUTI_06122019192820_NSEBSEPRODUCTION06122019_301.pdf,"Maruti Suzuki India Limited has informed the Exchange regarding 'Production in November, 2019'.",,,Updates,-,06122019192900,-,-,False,,,103970109,Automobiles - 4 Wheelers,INE585B01010,Maruti Suzuki India Limited,2019-12-06 19:29:00,MARUTI
06-Dec-2019 13:01:00,,https://nsearchives.nseindia.com/corporate/MARUTI_06122019125900_NSEBSE06122019_063.pdf,"Maruti Suzuki India Limited has informed the Exchange regarding a press release dated December 06, 2019, titled ""Maruti Suzuki to proactively recall 63,493 Petrol Smart Hybrid variants of Ciaz, Ertiga and XL6 models"".",,,Press Release,-,06122019130100,-,-,False,,,103969908,Automobiles - 4 Wheelers,INE585B01010,Maruti Suzuki India Limited,2019-12-06 13:01:00,MARUTI
04-Dec-2019 17:52:00,,https://nsearchives.nseindia.com/corporate/MARUTI_04122019175105_NSEBSE04122019_237.pdf,Maruti Suzuki India Limited has informed the Exchange regarding Change in Director(s) of the company.,,,Change in Director(s),-,04122019175200,-,-,False,,,103964666,Automobiles - 4 Wheelers,INE585B01010,Maruti Suzuki India Limited,2019-12-04 17:52:00,MARUTI
03-Dec-2019 11:13:00,,https://nsearchives.nseindia.com/corporate/MARUTI_03122019111240_NSEBSE03122019_036.pdf,Maruti Suzuki India Limited has informed the Exchange regarding 'Intimation on price increase'.,,,Updates,-,03122019111300,-,-,False,,,103961798,Automobiles - 4 Wheelers,INE585B01010,Maruti Suzuki India Limited,2019-12-03 11:13:00,MARUTI
02-Dec-2019 10:21:00,,https://nsearchives.nseindia.com/corporate/listcontract1_02122019101952_Maruti_Sales_120.pdf,"Maruti Suzuki India Limited has informed the Exchange regarding a press release dated December 01, 2019, titled ""Maruti Suzuki sales in November 2019"".",,,Press Release,-,02122019102100,-,-,False,,,103957804,Automobiles - 4 Wheelers,INE585B01010,Maruti Suzuki India Limited,2019-12-02 10:21:00,MARUTI
02-Dec-2019 08:36:00,,https://nsearchives.nseindia.com/corporate/listcontract1_02122019083554_Maruti_Press_052.pdf,"Maruti Suzuki India Limited has informed the Exchange regarding a press release dated November 30, 2019, titled ""Maruti Suzuki stands tall with 20 Million sales in India"".",,,Press Release,-,02122019083600,-,-,False,,,103957123,Automobiles - 4 Wheelers,INE585B01010,Maruti Suzuki India Limited,2019-12-02 08:36:00,MARUTI
28-Nov-2019 14:36:00,,https://nsearchives.nseindia.com/corporate/MARUTI_28112019143328_NSEBSE28112019_110.pdf,"Maruti Suzuki India Limited has informed the Exchange regarding a press release dated November 28, 2019, titled ""Maruti Suzuki s All Gujarat Institute of Driving, Technical Training and Research (AGIDTTR) trains15000 tribal youth in driving training; makes them employable"".",,,Press Release,-,28112019143600,-,-,False,,,103952998,Automobiles - 4 Wheelers,INE585B01010,Maruti Suzuki India Limited,2019-11-28 14:36:00,MARUTI
26-Nov-2019 10:36:00,,https://nsearchives.nseindia.com/corporate/MARUTI_26112019103552_NSEBSE26112019_012.pdf,"Maruti Suzuki India Limited has informed the Exchange regarding a press release dated November 26, 2019, titled ""Celebrating 15 years of leadership, Alto crosses 38 lakh sales"".",,,Press Release,-,26112019103600,-,-,False,,,103945202,Automobiles - 4 Wheelers,INE585B01010,Maruti Suzuki India Limited,2019-11-26 10:36:00,MARUTI
21-Nov-2019 17:45:00,,https://nsearchives.nseindia.com/corporate/listcontract1_21112019174337_NSEBSERPT21112019_224.pdf,"Maruti Suzuki India Limited has informed the Exchange regarding Disclosure of Related Party Transactions on a consolidated basis, for the half year ended on September 30, 2019.",,,Related Party Transactions,-,21112019174500,-,-,False,,,103936547,Automobiles - 4 Wheelers,INE585B01010,Maruti Suzuki India Limited,2019-11-21 17:45:00,MARUTI
21-Nov-2019 10:57:00,,https://nsearchives.nseindia.com/corporate/MARUTI_21112019105703_NSEBSE21112019_023.pdf,"Maruti Suzuki India Limited has informed the Exchange regarding a press release dated November 21, 2019, titled ""Maruti Suzuki Baleno drives past four glorious years; over 6.5 lakh delighted customers"".",,,Press Release,-,21112019105700,-,-,False,,,103936172,Automobiles - 4 Wheelers,INE585B01010,Maruti Suzuki India Limited,2019-11-21 10:57:00,MARUTI
20-Nov-2019 11:00:00,,https://nsearchives.nseindia.com/corporate/MARUTI_20112019110030_NSEBSE20112019_047.pdf,"Maruti Suzuki India Limited has informed the Exchange regarding a press release dated November 20, 2019, titled ""Maruti Suzuki invites startups to participate in third cohort of MAIL (Mobility &Automobile Innovation Lab) program"".",,,Press Release,-,20112019110000,-,-,False,,,103932456,Automobiles - 4 Wheelers,INE585B01010,Maruti Suzuki India Limited,2019-11-20 11:00:00,MARUTI
19-Nov-2019 11:06:00,,https://nsearchives.nseindia.com/corporate/listcontract1_19112019110444_Maruti_013.pdf,"Maruti Suzuki India Limited has informed the Exchange regarding a press release dated November 19, 2019, titled ""Maruti Suzuki S-PRESSO debuts as one of India s top 10 bestselling carswithin a month of its launch"".",,,Press Release,-,19112019110600,-,-,False,,,103929224,Automobiles - 4 Wheelers,INE585B01010,Maruti Suzuki India Limited,2019-11-19 11:06:00,MARUTI
18-Nov-2019 15:52:00,,https://nsearchives.nseindia.com/corporate/MARUTI_18112019155051_NSEBSE18112019_273.pdf,Maruti Suzuki India Limited has informed the Exchange regarding 'Introduction of BS-VI compliant WagonR 1.0 Litre (Petrol)'.,,,Updates,-,18112019155200,-,-,False,,,103926825,Automobiles - 4 Wheelers,INE585B01010,Maruti Suzuki India Limited,2019-11-18 15:52:00,MARUTI
08-Nov-2019 18:45:00,,https://nsearchives.nseindia.com/corporate/MARUTI_08112019184507_BSENSEPRO08112019_397.pdf,"Maruti Suzuki India Limited has informed the Exchange regarding 'Production in October, 2019'.",,,Updates,-,08112019184500,-,-,False,,,103909624,Automobiles - 4 Wheelers,INE585B01010,Maruti Suzuki India Limited,2019-11-08 18:45:00,MARUTI
06-Nov-2019 11:38:00,,https://nsearchives.nseindia.com/corporate/MARUTI_06112019113632_NSEBSE06112019_048.pdf,"Maruti Suzuki India Limited has informed the Exchange regarding a press release dated November 06, 2019, titled ""Maruti Suzuki and Toyota Tsusho to set upVehicle Dismantling and Recycling unit"".",,,Press Release,-,06112019113800,-,-,False,,,103902712,Automobiles - 4 Wheelers,INE585B01010,Maruti Suzuki India Limited,2019-11-06 11:38:00,MARUTI
05-Nov-2019 12:35:00,,https://nsearchives.nseindia.com/corporate/MARUTI_05112019123220_NSEBSE05112019_096.pdf,Maruti Suzuki India Limited has informed the Exchange regarding 'Introduction of New Variant in Super Carry'.,,,Updates,-,05112019123500,-,-,False,,,103899846,Automobiles - 4 Wheelers,INE585B01010,Maruti Suzuki India Limited,2019-11-05 12:35:00,MARUTI
05-Nov-2019 12:00:00,,https://nsearchives.nseindia.com/corporate/MARUTI_05112019115955_NSEBSEPR05112019_068.pdf,"Maruti Suzuki India Limited has informed the Exchange regarding a press release dated November 05, 2019, titled ""Press Release"".",,,Press Release,-,05112019120000,-,-,False,,,103899816,Automobiles - 4 Wheelers,INE585B01010,Maruti Suzuki India Limited,2019-11-05 12:00:00,MARUTI
01-Nov-2019 12:05:00,,https://nsearchives.nseindia.com/corporate/MARUTI_01112019120359_NSEBSE01112019_062.pdf,"Maruti Suzuki India Limited has informed the Exchange regarding a press release dated November 01, 2019, titled ""Maruti Suzuki sales in October 2019"".",,,Press Release,-,01112019120500,-,-,False,,,103889796,Automobiles - 4 Wheelers,INE585B01010,Maruti Suzuki India Limited,2019-11-01 12:05:00,MARUTI
25-Oct-2019 18:41:00,,https://nsearchives.nseindia.com/corporate/MARUTI_25102019184059_NSEBSENPADV25102019_379.pdf,Maruti Suzuki India Limited has informed the Exchange regarding 'Copy of published results'.,,,Updates,-,25102019184100,-,-,False,,,103878664,Automobiles - 4 Wheelers,INE585B01010,Maruti Suzuki India Limited,2019-10-25 18:41:00,MARUTI
24-Oct-2019 15:34:00,,https://nsearchives.nseindia.com/corporate/listcontract1_24102019152711_Maruti_183.pdf,"Maruti Suzuki India Limited has informed the Exchange regarding  Board meeting held on October 24, 2019.",,,Outcome of Board Meeting,-,24102019153400,-,-,False,,,103875757,Automobiles - 4 Wheelers,INE585B01010,Maruti Suzuki India Limited,2019-10-24 15:34:00,MARUTI
24-Oct-2019 13:26:39,,https://nsearchives.nseindia.com/corporate/NSEBSEFR24102019_24102019132639.zip,"Maruti Suzuki India Limited has submitted to the Exchange, the financial results for the period ended September 30, 2019.",,,Financial Result Updates,-,24102019132639,-,-,False,,,130323,Automobiles - 4 Wheelers,INE585B01010,Maruti Suzuki India Limited,2019-10-24 13:26:39,MARUTI
23-Oct-2019 15:47:00,,https://nsearchives.nseindia.com/corporate/MARUTI_23102019154720_NSEBSECONFERENCECALL23102019_185.pdf,Maruti Suzuki India Limited has informed the Exchange regarding Analysts/Institutional Investor Meet/Con. Call Updates,,,Analysts/Institutional Investor Meet/Con. Call Updates,-,23102019154700,-,-,False,,,103872379,Automobiles - 4 Wheelers,INE585B01010,Maruti Suzuki India Limited,2019-10-23 15:47:00,MARUTI
22-Oct-2019 10:42:00,,https://nsearchives.nseindia.com/corporate/MARUTI_22102019104215_NSEBSE22102019_057.pdf,"Maruti Suzuki India Limited has informed the Exchange regarding a press release dated October 22, 2019, titled ""Do not waste! Respect nature - Japan s  Mottainai Grandma  tells school children in Haryana"".",,,Press Release,-,22102019104200,-,-,False,,,103868357,Automobiles - 4 Wheelers,INE585B01010,Maruti Suzuki India Limited,2019-10-22 10:42:00,MARUTI
18-Oct-2019 19:26:00,,https://nsearchives.nseindia.com/corporate/MARUTI_18102019192539_NSEBSE18102019_287.pdf,Maruti Suzuki India Limited has informed the Exchange regarding 'Introduction of Regulatory Compliant EECO'.,,,Updates,-,18102019192600,-,-,False,,,103865629,Automobiles - 4 Wheelers,INE585B01010,Maruti Suzuki India Limited,2019-10-18 19:26:00,MARUTI
15-Oct-2019 10:53:00,,https://nsearchives.nseindia.com/corporate/MARUTI_15102019105330_NSEBSE15102019_025.pdf,"Maruti Suzuki India Limited has informed the Exchange regarding a press release dated October 15, 2019, titled ""Maruti Suzuki invests Rs. 154 crore towards CSR initiatives in FY 2018-19"".",,,Press Release,-,15102019105300,-,-,False,,,103855609,Automobiles - 4 Wheelers,INE585B01010,Maruti Suzuki India Limited,2019-10-15 10:53:00,MARUTI
14-Oct-2019 19:03:00,,https://nsearchives.nseindia.com/corporate/MARUTI_14102019185741_NSEBSENEWSPAPER14102019_298.pdf,Maruti Suzuki India Limited has informed the Exchange regarding 'Newspaper notice'.,,,Updates,-,14102019190300,-,-,False,,,103852930,Automobiles - 4 Wheelers,INE585B01010,Maruti Suzuki India Limited,2019-10-14 19:03:00,MARUTI
14-Oct-2019 11:31:00,,https://nsearchives.nseindia.com/corporate/MARUTI_14102019113128_NSEBSE14102019_043.pdf,"Maruti Suzuki India Limited has informed the Exchange regarding a press release dated October 14, 2019, titled ""Maruti Suzuki collaborates with five startupsunder its MAIL (Mobility & Automobile Innovation Lab) program"".",,,Press Release,-,14102019113100,-,-,False,,,103852516,Automobiles - 4 Wheelers,INE585B01010,Maruti Suzuki India Limited,2019-10-14 11:31:00,MARUTI
09-Oct-2019 10:49:00,,https://nsearchives.nseindia.com/corporate/MARUTI_09102019104856_NSEBSE09102019_020.pdf,"Maruti Suzuki India Limited has informed the Exchange regarding a press release dated October 09, 2019, titled ""Maruti Suzuki Ciaz continues its dominance for 5 years"".",,,Press Release,-,09102019104900,-,-,False,,,103844297,Automobiles - 4 Wheelers,INE585B01010,Maruti Suzuki India Limited,2019-10-09 10:49:00,MARUTI
07-Oct-2019 08:06:00,,https://nsearchives.nseindia.com/corporate/listcontract3_07102019080118_NSEBSEPRODUCTION05102019_032.pdf,Maruti Suzuki India Limited has informed the Exchange regarding Production in September 2019.,,,Updates,-,07102019080600,-,-,False,,,103839568,Automobiles - 4 Wheelers,INE585B01010,Maruti Suzuki India Limited,2019-10-07 08:06:00,MARUTI
04-Oct-2019 10:42:00,,https://nsearchives.nseindia.com/corporate/MARUTI_04102019104221_NSEBSE04102019_004.pdf,"Maruti Suzuki India Limited has informed the Exchange regarding a press release dated October 04, 2019, titled ""Maruti Suzuki goes greener! Over 2 lakh BS6 compliant vehicles sold"".",,,Press Release,-,04102019104200,-,-,False,,,103838069,Automobiles - 4 Wheelers,INE585B01010,Maruti Suzuki India Limited,2019-10-04 10:42:00,MARUTI
03-Oct-2019 11:02:00,,https://nsearchives.nseindia.com/corporate/MARUTI_03102019110209_NSEBSE03102019_021.pdf,"Maruti Suzuki India Limited has informed the Exchange regarding a press release dated October 03, 2019, titled ""Maruti Suzuki��s NEXA touches one million hearts"".",,,Press Release,-,03102019110200,-,-,False,,,103834192,Automobiles - 4 Wheelers,INE585B01010,Maruti Suzuki India Limited,2019-10-03 11:02:00,MARUTI
01-Oct-2019 10:25:00,,https://nsearchives.nseindia.com/corporate/MARUTI_01102019102428_NSEBSE01102019_031.pdf,"Maruti Suzuki India Limited has informed the Exchange regarding a press release dated October 01, 2019, titled ""Maruti Suzuki sales in September 2019"".",,,Press Release,-,01102019102500,-,-,False,,,103830017,Automobiles - 4 Wheelers,INE585B01010,Maruti Suzuki India Limited,2019-10-01 10:25:00,MARUTI
30-Sep-2019 12:22:00,,https://nsearchives.nseindia.com/corporate/MARUTI_30092019122232_NSEBSE30092019_182.pdf,"Maruti Suzuki India Limited has informed the Exchange regarding a press release dated September 30, 2019, titled ""Maruti Suzuki brews its Mini SUV S-PRESSO, ahead of the festive season"".",,,Press Release,-,30092019122200,-,-,False,,,103827104,Automobiles - 4 Wheelers,INE585B01010,Maruti Suzuki India Limited,2019-09-30 12:22:00,MARUTI
27-Sep-2019 13:02:00,,https://nsearchives.nseindia.com/corporate/MARUTI_27092019130239_NSEBSEBALENO_131.pdf,Maruti Suzuki India Limited has informed the Exchange regarding 'Price Reduction of Baleno RS'.,,,Updates,-,27092019130200,-,-,False,,,103823344,Automobiles - 4 Wheelers,INE585B01010,Maruti Suzuki India Limited,2019-09-27 13:02:00,MARUTI
25-Sep-2019 10:11:00,,https://nsearchives.nseindia.com/corporate/MARUTI_25092019101030_NSEBSE25092019_006.pdf,"Maruti Suzuki India Limited has informed the Exchange regarding a press release dated September 25, 2019, titled ""Maruti Suzuki cuts prices, aligns with Government to revive demand"".",,,Press Release,-,25092019101100,-,-,False,,,103815825,Automobiles - 4 Wheelers,INE585B01010,Maruti Suzuki India Limited,2019-09-25 10:11:00,MARUTI
21-Sep-2019 10:22:00,,https://nsearchives.nseindia.com/corporate/MARUTI_21092019101917_NSEBSE21092019_003.pdf,"Maruti Suzuki India Limited has informed the Exchange regarding a press release dated September 21, 2019, titled ""Maruti Suzuki��s stylish Mini SUV S-PRESSO to make customers aspire for more"".",,,Press Release,-,21092019102200,-,-,False,,,103807889,Automobiles - 4 Wheelers,INE585B01010,Maruti Suzuki India Limited,2019-09-21 10:22:00,MARUTI
19-Sep-2019 10:46:00,,https://nsearchives.nseindia.com/corporate/MARUTI_19092019104545_NSEBSE19092019_018.pdf,"Maruti Suzuki India Limited has informed the Exchange regarding a press release dated September 19, 2019, titled ""1 millionth Maruti Suzuki car exported from Gujarat��s Mundra Port"".",,,Press Release,-,19092019104600,-,-,False,,,103803862,Automobiles - 4 Wheelers,INE585B01010,Maruti Suzuki India Limited,2019-09-19 10:46:00,MARUTI
16-Sep-2019 15:38:00,,https://nsearchives.nseindia.com/corporate/MARUTI_16092019153636_NSEBSE16092019_163.pdf,"Maruti Suzuki India Limited has informed the Exchange regarding a press release dated September 16, 2019, titled ""Skilling to Employment: Maruti Suzuki��s Japan-India Institute for Manufacturing(JIM), Mehsana, Gujarat records 100% placement for the second consecutive year"".",,,Press Release,-,16092019153800,-,-,False,,,103796195,Automobiles - 4 Wheelers,INE585B01010,Maruti Suzuki India Limited,2019-09-16 15:38:00,MARUTI
11-Sep-2019 16:22:00,,https://nsearchives.nseindia.com/corporate/MARUTI_11092019161659_NSEBSE11092019_180.pdf,"Maruti Suzuki India Limited has informed the Exchange regarding the Trading Window closure pursuant to SEBI (Prohibition of Insider Trading) Regulations, 2015",,,Trading Window,-,11092019162200,-,-,False,,,103786040,Automobiles - 4 Wheelers,INE585B01010,Maruti Suzuki India Limited,2019-09-11 16:22:00,MARUTI
04-Sep-2019 12:32:00,,https://nsearchives.nseindia.com/corporate/MARUTI_04092019123042_NSEBSE04092019_085.pdf,"Maruti Suzuki India Limited has informed the Exchange regarding a press release dated September 04, 2019, titled ""Maruti Suzuki announces no production days at Gurugram and Manesar plantson 7th and 9th September 2019"".",,,Press Release,-,04092019123200,-,-,False,,,103771529,Automobiles - 4 Wheelers,INE585B01010,Maruti Suzuki India Limited,2019-09-04 12:32:00,MARUTI
03-Sep-2019 10:42:00,,https://nsearchives.nseindia.com/corporate/MARUTI_03092019104127_NSEBSE03092019_030.pdf,"Maruti Suzuki India Limited has informed the Exchange regarding a press release dated September 03, 2019, titled ""Maruti Suzuki UV��s are segment leaders with over 1 million sales"".",,,Press Release,-,03092019104200,-,-,False,,,103767776,Automobiles - 4 Wheelers,INE585B01010,Maruti Suzuki India Limited,2019-09-03 10:42:00,MARUTI
02-Sep-2019 16:20:00,,https://nsearchives.nseindia.com/corporate/MARUTI_02092019161909_NSEBSEPRO02092019_059.pdf,"Maruti Suzuki India Limited has informed the Exchange regarding 'Production in August, 2019'.",,,Updates,-,02092019162000,-,-,False,,,103766342,Automobiles - 4 Wheelers,INE585B01010,Maruti Suzuki India Limited,2019-09-02 16:20:00,MARUTI
02-Sep-2019 12:37:00,,https://nsearchives.nseindia.com/corporate/MARUTI_02092019123659_NSEBSE02092019_014.pdf,"Maruti Suzuki India Limited has informed the Exchange regarding a press release dated September 02, 2019, titled ""Maruti Suzuki celebrates over 450 new ARENA showrooms in 2 glorious years"".",,,Press Release,-,02092019123700,-,-,False,,,103766297,Automobiles - 4 Wheelers,INE585B01010,Maruti Suzuki India Limited,2019-09-02 12:37:00,MARUTI
01-Sep-2019 10:47:00,,https://nsearchives.nseindia.com/corporate/MARUTI_01092019104709_NSEBSE01092019_004.pdf,"Maruti Suzuki India Limited has informed the Exchange regarding a press release dated September 01, 2019, titled ""Maruti Suzuki sales in August 2019"".",,,Press Release,-,01092019104700,-,-,False,,,103766262,Automobiles - 4 Wheelers,INE585B01010,Maruti Suzuki India Limited,2019-09-01 10:47:00,MARUTI
29-Aug-2019 10:34:00,,https://nsearchives.nseindia.com/corporate/MARUTI_29082019103239_NSEBSE29082019_018.pdf,"Maruti Suzuki India Limited has submitted the Exchange a copy Srutinizers report of  Annual General Meeting held on August 27, 2019. Further, the company has informed the Exchange regarding voting results.",,,Shareholders meeting,-,29082019103400,-,-,False,,,103760340,Automobiles - 4 Wheelers,INE585B01010,Maruti Suzuki India Limited,2019-08-29 10:34:00,MARUTI
28-Aug-2019 12:36:00,,https://nsearchives.nseindia.com/corporate/MARUTI_28082019123259_NSEBSE28082019_079.pdf,"Maruti Suzuki India Limited has informed the Exchange regarding a press release dated August 28, 2019, titled ""Maruti Suzuki now offers car service at customers�� doorstepsLaunches ��Service on Wheels��"".",,,Press Release,-,28082019123600,-,-,False,,,103757258,Automobiles - 4 Wheelers,INE585B01010,Maruti Suzuki India Limited,2019-08-28 12:36:00,MARUTI
28-Aug-2019 12:04:00,,https://nsearchives.nseindia.com/corporate/MARUTI_28082019120421_NSEBSEAGMP28082019_063.pdf,"Maruti Suzuki India Limited has informed the Exchange regarding Proceedings of Annual General Meeting held on August 27, 2019",,,Shareholders meeting,-,28082019120400,-,-,False,,,103757244,Automobiles - 4 Wheelers,INE585B01010,Maruti Suzuki India Limited,2019-08-28 12:04:00,MARUTI
23-Aug-2019 12:51:00,,https://nsearchives.nseindia.com/corporate/MARUTI_23082019125023_NSEBSERECALL23UG_079.pdf,"Maruti Suzuki India Limited has informed the Exchange regarding a press release dated August 23, 2019, titled ""Maruti Suzuki to proactively recall 40,618 WagonR (1 litre) vehicles"".",,,Press Release,-,23082019125100,-,-,False,,,103747361,Automobiles - 4 Wheelers,INE585B01010,Maruti Suzuki India Limited,2019-08-23 12:51:00,MARUTI
21-Aug-2019 12:10:00,,https://nsearchives.nseindia.com/corporate/MARUTI_21082019120956_NSEBSE21082019_059.pdf,"Maruti Suzuki India Limited has informed the Exchange regarding a press release dated August 21, 2019, titled ""Introducing Maruti Suzuki NEXA��s new premium MPV, the XL6"".",,,Press Release,-,21082019121000,-,-,False,,,103741849,Automobiles - 4 Wheelers,INE585B01010,Maruti Suzuki India Limited,2019-08-21 12:10:00,MARUTI
20-Aug-2019 12:07:00,,https://nsearchives.nseindia.com/corporate/MARUTI_20082019120624_NSEBSE20082019_051.pdf,"Maruti Suzuki India Limited has informed the Exchange regarding a press release dated August 20, 2019, titled ""Maruti Suzuki goes greener with environment friendly BS6 compliant vehicles"".",,,Press Release,-,20082019120700,-,-,False,,,103739018,Automobiles - 4 Wheelers,INE585B01010,Maruti Suzuki India Limited,2019-08-20 12:07:00,MARUTI
20-Aug-2019 10:07:00,,https://nsearchives.nseindia.com/corporate/MARUTI_20082019100311_NSEBSE20082019_007.pdf,"Maruti Suzuki India Limited has informed the Exchange regarding a press release dated August 20, 2019, titled ""Maruti Suzuki offers 5-year, 1-lakh km warranty for a delightful car owning experience"".",,,Press Release,-,20082019100700,-,-,False,,,103738180,Automobiles - 4 Wheelers,INE585B01010,Maruti Suzuki India Limited,2019-08-20 10:07:00,MARUTI
13-Aug-2019 10:58:00,,https://nsearchives.nseindia.com/corporate/MARUTI_13082019105840_NSEBSE13082019_138.pdf,"Maruti Suzuki India Limited has informed the Exchange regarding a press release dated August 13, 2019, titled ""Maruti Suzuki��s new True Value now 250 outlets strong in two years"".",,,Press Release,-,13082019105800,-,-,False,,,103724984,Automobiles - 4 Wheelers,INE585B01010,Maruti Suzuki India Limited,2019-08-13 10:58:00,MARUTI
09-Aug-2019 18:10:00,,https://nsearchives.nseindia.com/corporate/MARUTI_09082019180706_NSEBSETOURM_472.pdf,Maruti Suzuki India Limited has informed the Exchange regarding 'Introduction of Diesel variant in Tour M'.,,,Updates,-,09082019181000,-,-,False,,,103720863,Automobiles - 4 Wheelers,INE585B01010,Maruti Suzuki India Limited,2019-08-09 18:10:00,MARUTI
09-Aug-2019 14:51:00,,https://nsearchives.nseindia.com/corporate/MARUTI_09082019144902_NSEBSE09082019_194.pdf,"Maruti Suzuki India Limited has informed the Exchange regarding a press release dated August 09, 2019, titled ""Maruti Suzuki opens bookings for its premium MPV, the XL6 at NEXA showrooms"".",,,Press Release,-,09082019145100,-,-,False,,,103720607,Automobiles - 4 Wheelers,INE585B01010,Maruti Suzuki India Limited,2019-08-09 14:51:00,MARUTI
08-Aug-2019 14:39:00,,https://nsearchives.nseindia.com/corporate/MARUTI_08082019143914_NSEBSE08082019_170.pdf,"Maruti Suzuki India Limited has informed the Exchange regarding a press release dated August 08, 2019, titled ""India��s highest selling MPV Maruti Suzuki��s Ertiga is now BSVI compliant"".",,,Press Release,-,08082019143900,-,-,False,,,103716953,Automobiles - 4 Wheelers,INE585B01010,Maruti Suzuki India Limited,2019-08-08 14:39:00,MARUTI
07-Aug-2019 18:01:00,,https://nsearchives.nseindia.com/corporate/MARUTI_07082019180126_NSEBSEPRO07082019_460.pdf,Maruti Suzuki India Limited has informed the Exchange regarding 'Production in July 2019'.,,,Updates,-,07082019180100,-,-,False,,,103713560,Automobiles - 4 Wheelers,INE585B01010,Maruti Suzuki India Limited,2019-08-07 18:01:00,MARUTI
06-Aug-2019 17:56:00,,https://nsearchives.nseindia.com/corporate/MARUTI_06082019175630_NSEBSE06082019_433.pdf,"Maruti Suzuki India Limited has informed the Exchange regarding a press release dated August 06, 2019, titled ""Maruti Suzuki announces Rs 1 Crore support for flood-affected regions"".",,,Press Release,-,06082019175600,-,-,False,,,103709835,Automobiles - 4 Wheelers,INE585B01010,Maruti Suzuki India Limited,2019-08-06 17:56:00,MARUTI
05-Aug-2019 18:58:00,,https://nsearchives.nseindia.com/corporate/MARUTI_05082019185753_NSEBSE05082019_524.pdf,Maruti Suzuki India Limited has informed the Exchange regarding 'Copy of notice published in newspaper'.,,,Updates,-,05082019185800,-,-,False,,,103706286,Automobiles - 4 Wheelers,INE585B01010,Maruti Suzuki India Limited,2019-08-05 18:58:00,MARUTI
02-Aug-2019 15:17:00,,https://nsearchives.nseindia.com/corporate/MARUTI_02082019151651_NSEBSE02082019_241.pdf,"Maruti Suzuki India Limited has informed the Exchange regarding a press release dated August 02, 2019, titled ""Maruti Suzuki presents first Integrated Report"".",,,Press Release,-,02082019151700,-,-,False,,,103701693,Automobiles - 4 Wheelers,INE585B01010,Maruti Suzuki India Limited,2019-08-02 15:17:00,MARUTI
02-Aug-2019 10:43:00,,https://nsearchives.nseindia.com/corporate/MARUTI_02082019103947_NSEBSE02082019_035.pdf,"Maruti Suzuki India Limited has informed the Exchange regarding a press release dated August 02, 2019, titled ""Maruti Suzuki releases sketch of the all new XL6 Ahead of Launch"".",,,Press Release,-,02082019104300,-,-,False,,,103701226,Automobiles - 4 Wheelers,INE585B01010,Maruti Suzuki India Limited,2019-08-02 10:43:00,MARUTI
01-Aug-2019 20:14:00,,https://nsearchives.nseindia.com/corporate/MARUTI_01082019201417_NSEBSEARE01082019_541.pdf,"Maruti Suzuki India Limited has informed the Exchange regarding 'Dear Sir,Notice of 38th Annual General Meeting and Annual Report of the Company for financial year 2018-19.'.",,,Updates,-,01082019201400,-,-,False,,,103698355,Automobiles - 4 Wheelers,INE585B01010,Maruti Suzuki India Limited,2019-08-01 20:14:00,MARUTI
01-Aug-2019 10:22:00,,https://nsearchives.nseindia.com/corporate/MARUTI_01082019102202_NSEBSE01082019_025.pdf,"Maruti Suzuki India Limited has informed the Exchange regarding a press release dated August 01, 2019, titled ""Maruti Suzuki sales in July 2019"".",,,Press Release,-,01082019102200,-,-,False,,,103697415,Automobiles - 4 Wheelers,INE585B01010,Maruti Suzuki India Limited,2019-08-01 10:22:00,MARUTI
30-Jul-2019 20:51:00,,https://nsearchives.nseindia.com/corporate/MARUTI_30072019205027_NSEBSEERTIGA_460.pdf,Maruti Suzuki India Limited has informed the Exchange regarding 'Introduction of BS-VI Compliant Ertiga (Petrol)'.,,,Updates,-,30072019205100,-,-,False,,,103691067,Automobiles - 4 Wheelers,INE585B01010,Maruti Suzuki India Limited,2019-07-30 20:51:00,MARUTI
29-Jul-2019 18:38:00,,https://nsearchives.nseindia.com/corporate/MARUTI_29072019183341_NSEBSE29072019_409.pdf,Maruti Suzuki India Limited has informed the Exchange regarding 'Copy of published results'.,,,Updates,-,29072019183800,-,-,False,,,103688085,Automobiles - 4 Wheelers,INE585B01010,Maruti Suzuki India Limited,2019-07-29 18:38:00,MARUTI
27-Jul-2019 11:43:00,,https://nsearchives.nseindia.com/corporate/MARUTI_27072019114320_NSEBSE27072019_014.pdf,"Maruti Suzuki India Limited has informed the Exchange regarding a press release dated July 27, 2019, titled ""Maruti Suzuki's Next Gen Ertiga tops the chart as market leader"".",,,Press Release,-,27072019114300,-,-,False,,,103685778,Automobiles - 4 Wheelers,INE585B01010,Maruti Suzuki India Limited,2019-07-27 11:43:00,MARUTI
26-Jul-2019 18:40:00,,https://nsearchives.nseindia.com/corporate/MARUTI_26072019183648_NSEBSEERTIGA_414.pdf,Maruti Suzuki India Limited has informed the Exchange regarding 'Introduction of CNG Variant in Ertiga and Tour M'.,,,Updates,-,26072019184000,-,-,False,,,103684390,Automobiles - 4 Wheelers,INE585B01010,Maruti Suzuki India Limited,2019-07-26 18:40:00,MARUTI
26-Jul-2019 14:31:00,,https://nsearchives.nseindia.com/corporate/MARUTI_26072019143130_NSEBSE26072019_134.pdf,Maruti Suzuki India Limited has informed the Exchange regarding Change in Director(s) of the company.,,,Change in Director(s),-,26072019143100,-,-,False,,,103684131,Automobiles - 4 Wheelers,INE585B01010,Maruti Suzuki India Limited,2019-07-26 14:31:00,MARUTI
26-Jul-2019 13:35:47,,https://nsearchives.nseindia.com/corporate/NSEBSEJULY2019_26072019133547.zip,"Maruti Suzuki India Limited has submitted to the Exchange, the financial results for the period ended June 30, 2019.",,,Financial Result Updates,-,26072019133547,-,-,False,,,128648,Automobiles - 4 Wheelers,INE585B01010,Maruti Suzuki India Limited,2019-07-26 13:35:47,MARUTI
25-Jul-2019 14:34:00,,https://nsearchives.nseindia.com/corporate/MARUTI_25072019105908_NSEBSE2572019_128.pdf,The Exchange has sought clarification from Maruti Suzuki India Limited with respect to news item captioned ��Suzuki Gujrat plant to drive fewers cars��. The response from the Company is attached.,,,News Verification,-,25072019143400,-,-,False,,,103681156,Automobiles - 4 Wheelers,INE585B01010,Maruti Suzuki India Limited,2019-07-25 14:34:00,MARUTI
24-Jul-2019 18:58:00,,https://nsearchives.nseindia.com/corporate/MARUTI_24072019185313_NSEBSE24072019_391.pdf,Maruti Suzuki India Limited has informed the Exchange regarding Analysts/Institutional Investor Meet/Con. Call Updates,,,Analysts/Institutional Investor Meet/Con. Call Updates,-,24072019185800,-,-,False,,,103678462,Automobiles - 4 Wheelers,INE585B01010,Maruti Suzuki India Limited,2019-07-24 18:58:00,MARUTI
24-Jul-2019 17:42:00,,-,The Exchange has sought clarification from Maruti Suzuki India Limited with respect to news item captioned ��Suzuki Gujrat plant to drive fewers cars��. The response from the Company is awaited.,,,News Verification,-,24072019174200,-,-,False,,,103678358,Automobiles - 4 Wheelers,INE585B01010,Maruti Suzuki India Limited,2019-07-24 17:42:00,MARUTI
23-Jul-2019 10:37:00,,https://nsearchives.nseindia.com/corporate/MARUTI_23072019103741_NSEBSE23072019_023.pdf,"Maruti Suzuki India Limited has informed the Exchange regarding a press release dated July 23, 2019, titled ""Maruti Suzuki celebrates four years of NEXA, the fastest growingauto retail channel in India"".",,,Press Release,-,23072019103700,-,-,False,,,103674893,Automobiles - 4 Wheelers,INE585B01010,Maruti Suzuki India Limited,2019-07-23 10:37:00,MARUTI
15-Jul-2019 17:43:00,,https://nsearchives.nseindia.com/corporate/MARUTI_15072019174320_NSEBSE15072019_297.pdf,"Maruti Suzuki India Limited has informed the Exchange regarding a revised press release dated July 15, 2019, titled ""Haryana��s first Japan-India Institute for Manufacturing (JIM) at Uncha Majra,Gurugram opens admissions"".",,,Press Release (Revised),-,15072019174300,-,-,False,,,103655198,Automobiles - 4 Wheelers,INE585B01010,Maruti Suzuki India Limited,2019-07-15 17:43:00,MARUTI
15-Jul-2019 12:45:00,,https://nsearchives.nseindia.com/corporate/MARUTI_15072019124539_NSEBSE15072019_099.pdf,"Maruti Suzuki India Limited has informed the Exchange regarding a press release dated July 15, 2019, titled ""Haryana��s first Japan-India Institute for Manufacturing (JIM) at Uncha Majra, Gurugram opens admissions"".",,,Press Release,-,15072019124500,-,-,False,,,103654864,Automobiles - 4 Wheelers,INE585B01010,Maruti Suzuki India Limited,2019-07-15 12:45:00,MARUTI
10-Jul-2019 13:53:00,,https://nsearchives.nseindia.com/corporate/MARUTI_10072019135243_NSEBSEIEPF10072019_100.pdf,Maruti Suzuki India Limited has informed the Exchange regarding 'Copy of notice published in newspaper regarding transfer of equity shares of the Company to Investor Education and Protection Fund(IEPF) Suspense Account.'.,,,Updates,-,10072019135300,-,-,False,,,103644340,Automobiles - 4 Wheelers,INE585B01010,Maruti Suzuki India Limited,2019-07-10 13:53:00,MARUTI
05-Jul-2019 18:40:00,,https://nsearchives.nseindia.com/corporate/MARUTI_05072019183937_NSEBSECCIORDER_267.pdf,"Maruti Suzuki India Limited has informed the Exchange regarding 'Order of the Competition Commission of India {""CCI"") under Section26 of theCompetition Act, 2002'.",,,Updates,-,05072019184000,-,-,False,,,103633790,Automobiles - 4 Wheelers,INE585B01010,Maruti Suzuki India Limited,2019-07-05 18:40:00,MARUTI
05-Jul-2019 10:06:00,,https://nsearchives.nseindia.com/corporate/MARUTI_05072019100625_NSEBSEPRODUCTION05072019_011.pdf,"Maruti Suzuki India Limited has informed the Exchange regarding 'Production in June, 2019'.",,,Updates,-,05072019100600,-,-,False,,,103633128,Automobiles - 4 Wheelers,INE585B01010,Maruti Suzuki India Limited,2019-07-05 10:06:00,MARUTI
03-Jul-2019 12:09:00,,https://nsearchives.nseindia.com/corporate/MARUTI_03072019120848_NSEBSEMUMBAIPR_058.pdf,"Maruti Suzuki India Limited has informed the Exchange regarding a press release dated July 03, 2019, titled ""Maruti Suzuki reaches out to rain-hit Mumbai"".",,,Press Release,-,03072019120900,-,-,False,,,103627884,Automobiles - 4 Wheelers,INE585B01010,Maruti Suzuki India Limited,2019-07-03 12:09:00,MARUTI
01-Jul-2019 11:10:00,,https://nsearchives.nseindia.com/corporate/MARUTI_01072019110956_Binder1_237.pdf,"Maruti Suzuki India Limited has informed the Exchange regarding a press release dated July 01, 2019, titled ""Maruti Suzuki sales in June 2019 and Quarter I, FY 2019-20"".",,,Press Release,-,01072019111000,-,-,False,,,103621519,Automobiles - 4 Wheelers,INE585B01010,Maruti Suzuki India Limited,2019-07-01 11:10:00,MARUTI
27-Jun-2019 10:59:00,,https://nsearchives.nseindia.com/corporate/MARUTI_27062019105933_NSEBSE27062019_028.pdf,"Maruti Suzuki India Limited has informed the Exchange regarding a press release dated Jun 27, 2019, titled ""Maruti Suzuki��s 'Skill on Wheels' takes world class training to vendors�� doorstep"".",,,Press Release,-,27062019105900,-,-,False,,,103614552,Automobiles - 4 Wheelers,INE585B01010,Maruti Suzuki India Limited,2019-06-27 10:59:00,MARUTI
21-Jun-2019 13:24:00,,https://nsearchives.nseindia.com/corporate/MARUTI_21062019132422_NSEBSE21062019_133.pdf,"Maruti Suzuki India Limited has informed the Exchange regarding a press release dated Jun 21, 2019, titled ""Maruti Suzuki and Bank of Baroda join hands to support Dealer Inventory Financing"".",,,Press Release,-,21062019132400,-,-,False,,,103602206,Automobiles - 4 Wheelers,INE585B01010,Maruti Suzuki India Limited,2019-06-21 13:24:00,MARUTI
20-Jun-2019 17:15:00,,https://nsearchives.nseindia.com/corporate/MARUTI_20062019171438_NSEBSE20062019_223.pdf,Maruti Suzuki India Limited has informed the Exchange regarding 'Introduction of safety compliant Dzire (Petrol and Diesel) &BS-Vl compliant (Petrol)'.,,,Updates,-,20062019171500,-,-,False,,,103598282,Automobiles - 4 Wheelers,INE585B01010,Maruti Suzuki India Limited,2019-06-20 17:15:00,MARUTI
14-Jun-2019 15:06:00,,https://nsearchives.nseindia.com/corporate/MARUTI_14062019150603_NSEBSE14062019_130.pdf,"Maruti Suzuki India Limited has informed the Exchange regarding a press release dated Jun 14, 2019, titled ""Maruti Suzuki sets up Water ATM in Naviyani village, Gujarat"".",,,Press Release,-,14062019150600,-,-,False,,,103583476,Automobiles - 4 Wheelers,INE585B01010,Maruti Suzuki India Limited,2019-06-14 15:06:00,MARUTI
14-Jun-2019 15:06:00,,https://nsearchives.nseindia.com/corporate/MARUTI_14062019150603_NSEBSE14062019_130.pdf,"Maruti Suzuki India Limited has informed the Exchange regarding a press release dated Jun 14, 2019, titled ""Maruti Suzuki sets up Water ATM in Naviyani village, Gujarat"".",,,Press Release,-,14062019150600,-,-,False,,,103583476,Automobiles - 4 Wheelers,INE585B01010,Maruti Suzuki India Limited,2019-06-14 15:06:00,MARUTI
14-Jun-2019 12:17:00,,https://nsearchives.nseindia.com/corporate/MARUTI_14062019121649_NSEBSE14062019_054.pdf,Maruti Suzuki India Limited has informed the Exchange regarding 'a) Introduction of CNG variants in New Altob) Introduction of Safety compliant Swift (Petrol and Diesel) & BS-VI compliant (Petrol)c) Introduction of BS-VI compliant WagonR (l.2 Ltr)d) Revision in prices of WagonR (l.0 Ltr)'.,,,Updates,-,14062019121700,-,-,False,,,103583412,Automobiles - 4 Wheelers,INE585B01010,Maruti Suzuki India Limited,2019-06-14 12:17:00,MARUTI
14-Jun-2019 12:17:00,,https://nsearchives.nseindia.com/corporate/MARUTI_14062019121649_NSEBSE14062019_054.pdf,Maruti Suzuki India Limited has informed the Exchange regarding 'a) Introduction of CNG variants in New Altob) Introduction of Safety compliant Swift (Petrol and Diesel) & BS-VI compliant (Petrol)c) Introduction of BS-VI compliant WagonR (l.2 Ltr)d) Revision in prices of WagonR (l.0 Ltr)'.,,,Updates,-,14062019121700,-,-,False,,,103583412,Automobiles - 4 Wheelers,INE585B01010,Maruti Suzuki India Limited,2019-06-14 12:17:00,MARUTI
11-Jun-2019 14:35:00,,https://nsearchives.nseindia.com/corporate/MARUTI_11062019143507_NSEBSE11062019_123.pdf,"Maruti Suzuki India Limited has informed the Exchange regarding a press release dated Jun 11, 2019, titled ""NEXA Music releases its second song ��This Heart of Mine�� by Nikhil D��Souza"".",,,Press Release,-,11062019143500,-,-,False,,,103573005,Automobiles - 4 Wheelers,INE585B01010,Maruti Suzuki India Limited,2019-06-11 14:35:00,MARUTI
10-Jun-2019 14:15:00,,https://nsearchives.nseindia.com/corporate/MARUTI_10062019141458_NSEBSE10062019_149.pdf,"Maruti Suzuki India Limited has informed the Exchange regarding a press release dated Jun 10, 2019, titled ""Accelerating Skill Development: Maruti Suzuki��s 2nd Japan-IndiaInstitute for Manufacturing gets accreditation from METI, Japan"".",,,Press Release,-,10062019141500,-,-,False,,,103569577,Automobiles - 4 Wheelers,INE585B01010,Maruti Suzuki India Limited,2019-06-10 14:15:00,MARUTI
10-Jun-2019 10:43:00,,https://nsearchives.nseindia.com/corporate/MARUTI_10062019104242_NSEBSE10062019_039.pdf,"Maruti Suzuki India Limited has informed the Exchange regarding a press release dated Jun 10, 2019, titled ""Maruti Suzuki��s Dzire is India��s No1 sedan for over a decade"".",,,Press Release,-,10062019104300,-,-,False,,,103569040,Automobiles - 4 Wheelers,INE585B01010,Maruti Suzuki India Limited,2019-06-10 10:43:00,MARUTI
08-Jun-2019 09:57:00,,https://nsearchives.nseindia.com/corporate/MARUTI_08062019095651_NSEBSE08062019_003.pdf,"Maruti Suzuki India Limited has informed the Exchange regarding 'Production Figures May, 2019'.",,,Updates,-,08062019095700,-,-,False,,,103567305,Automobiles - 4 Wheelers,INE585B01010,Maruti Suzuki India Limited,2019-06-08 09:57:00,MARUTI
06-Jun-2019 10:40:00,,https://nsearchives.nseindia.com/corporate/MARUTI_06062019103942_NSEBSE06062019_111.pdf,"Maruti Suzuki India Limited has informed the Exchange regarding a press release dated Jun 06, 2019, titled ""Caring for environment: Maruti Suzuki triples water savings at its dealer workshops"".",,,Press Release,-,06062019104000,-,-,False,,,103561718,Automobiles - 4 Wheelers,INE585B01010,Maruti Suzuki India Limited,2019-06-06 10:40:00,MARUTI
04-Jun-2019 10:48:00,,https://nsearchives.nseindia.com/corporate/MARUTI_04062019104710_NSEBSE04062019_016.pdf,"Maruti Suzuki India Limited has informed the Exchange regarding a press release dated Jun 04, 2019, titled ""Maruti Suzuki unveils the all-new Mobile NEXA terminal, bringing the NEXAexperience closer to customers!!"".",,,Press Release,-,04062019104800,-,-,False,,,103557859,Automobiles - 4 Wheelers,INE585B01010,Maruti Suzuki India Limited,2019-06-04 10:48:00,MARUTI
03-Jun-2019 10:41:00,,https://nsearchives.nseindia.com/corporate/MARUTI_03062019104023_NSEBSE03062019_195.pdf,"Maruti Suzuki India Limited has informed the Exchange regarding a press release dated Jun 03, 2019, titled ""India��s premium hatchback Baleno delights over 6 lakh customers in record time of 44 months"".",,,Press Release,-,03062019104100,-,-,False,,,103554725,Automobiles - 4 Wheelers,INE585B01010,Maruti Suzuki India Limited,2019-06-03 10:41:00,MARUTI
01-Jun-2019 11:56:00,,https://nsearchives.nseindia.com/corporate/MARUTI_01062019115407_NSEBSE01062019_569.pdf,"Maruti Suzuki India Limited has informed the Exchange regarding a press release dated Jun 01, 2019, titled ""Maruti Suzuki sales in May 2019"".",,,Press Release,-,01062019115600,-,-,False,,,103552788,Automobiles - 4 Wheelers,INE585B01010,Maruti Suzuki India Limited,2019-06-01 11:56:00,MARUTI
30-May-2019 13:20:00,,https://nsearchives.nseindia.com/corporate/MARUTI_30052019131938_NSEBSETRADINGWINDOW30052019_403.pdf,"Maruti Suzuki India Limited has informed the Exchange regarding the Trading Window closure pursuant to SEBI (Prohibition of Insider Trading) Regulations, 2015",,,Trading Window,-,30052019132000,-,-,False,,,103548252,Automobiles - 4 Wheelers,INE585B01010,Maruti Suzuki India Limited,2019-05-30 13:20:00,MARUTI
29-May-2019 11:49:00,,https://nsearchives.nseindia.com/corporate/MARUTI_29052019114905_NSEBSE29052019_203.pdf,"Maruti Suzuki India Limited has informed the Exchange regarding a press release dated May 29, 2019, titled ""Tapping green power: Maruti Suzuki to harnesses Solar Power for manufacturing of cars"".",,,Press Release,-,29052019114900,-,-,False,,,103543040,Automobiles - 4 Wheelers,INE585B01010,Maruti Suzuki India Limited,2019-05-29 11:49:00,MARUTI
24-May-2019 12:44:00,,https://nsearchives.nseindia.com/corporate/listcontract1_245201912166_NSEBSERPT_067.pdf,"Maruti Suzuki India Limited has submitted to the Exchange a copy of disclosure of Related Party Transactions on a consolidated basis, for the half year ended on  March 31, 2019.",,,Related Party Transactions,-,24052019124400,-,-,False,,,103533451,Automobiles - 4 Wheelers,INE585B01010,Maruti Suzuki India Limited,2019-05-24 12:44:00,MARUTI
22-May-2019 10:51:00,,https://nsearchives.nseindia.com/corporate/MARUTI_22052019105051_NSEBSE22052019_034.pdf,"Maruti Suzuki India Limited has informed the Exchange regarding a press release dated May 22, 2019, titled ""Maruti Suzuki hits double century: Over 200 new service workshops added"".",,,Press Release,-,22052019105100,-,-,False,,,103526996,Automobiles - 4 Wheelers,INE585B01010,Maruti Suzuki India Limited,2019-05-22 10:51:00,MARUTI
15-May-2019 10:37:00,,https://nsearchives.nseindia.com/corporate/MARUTI_15052019103654_BSENSE15052019_043.pdf,"Maruti Suzuki India Limited has informed the Exchange regarding a press release dated May 15, 2019, titled ""Dynamic, Youthful and Trendy - Maruti Suzuki ARENA network now 400 strong"".",,,Press Release,-,15052019103700,-,-,False,,,103510704,Automobiles - 4 Wheelers,INE585B01010,Maruti Suzuki India Limited,2019-05-15 10:37:00,MARUTI
14-May-2019 10:51:00,,https://nsearchives.nseindia.com/corporate/MARUTI_14052019105054_NSEBSE14052019_023.pdf,"Maruti Suzuki India Limited has informed the Exchange regarding a press release dated May 14, 2019, titled ""Maruti Suzuki brings ��Center of Excellence�� to ITI-Becharaji, Gujarat"".",,,Press Release,-,14052019105100,-,-,False,,,103507546,Automobiles - 4 Wheelers,INE585B01010,Maruti Suzuki India Limited,2019-05-14 10:51:00,MARUTI
09-May-2019 13:23:00,,https://nsearchives.nseindia.com/corporate/MARUTI_09052019132127_NSEBSEPROAPRIL2019_079.pdf,Maruti Suzuki India Limited has informed the Exchange regarding 'Production Figures April 2019'.,,,Updates,-,09052019132300,-,-,False,,,103497325,Automobiles - 4 Wheelers,INE585B01010,Maruti Suzuki India Limited,2019-05-09 13:23:00,MARUTI
01-May-2019 10:50:00,,https://nsearchives.nseindia.com/corporate/MARUTI_01052019104926_NSEBSE01052019_005.pdf,"Maruti Suzuki India Limited has informed the Exchange regarding a press release dated May 01, 2019, titled ""Maruti Suzuki Sales in April 2019"".",,,Press Release,-,01052019105000,-,-,False,,,103478461,Automobiles - 4 Wheelers,INE585B01010,Maruti Suzuki India Limited,2019-05-01 10:50:00,MARUTI
30-Apr-2019 10:42:00,,https://nsearchives.nseindia.com/corporate/MARUTI_30042019104112_NSEBSE30042019_083.pdf,"Maruti Suzuki India Limited has informed the Exchange regarding a press release dated April 30, 2019, titled ""More power to India��s best-selling urban MPV: Maruti Suzuki��s Ertiga gets a new diesel engine"".",,,Press Release,-,30042019104200,-,-,False,,,103476663,Automobiles - 4 Wheelers,INE585B01010,Maruti Suzuki India Limited,2019-04-30 10:42:00,MARUTI
29-Apr-2019 14:54:00,,https://nsearchives.nseindia.com/corporate/MARUTI_29042019145349_NSEBSEPUBLICATION_048.pdf,Maruti Suzuki India Limited has informed the Exchange regarding 'Copv of published results'.,,,Updates,-,29042019145400,-,-,False,,,103475309,Automobiles - 4 Wheelers,INE585B01010,Maruti Suzuki India Limited,2019-04-29 14:54:00,MARUTI
26-Apr-2019 15:49:00,,https://nsearchives.nseindia.com/corporate/MARUTI_26042019154811_NSEBSE26042019_189.pdf,"Maruti Suzuki India Limited has informed the Exchange regarding a press release dated April 26, 2019, titled ""Maruti Suzuki lays foundation stone for a Hospital and a School at Sitapur, Gujarat"".",,,Press Release,-,26042019154900,-,-,False,,,103473683,Automobiles - 4 Wheelers,INE585B01010,Maruti Suzuki India Limited,2019-04-26 15:49:00,MARUTI
26-Apr-2019 08:53:00,,https://nsearchives.nseindia.com/corporate/listcontract3_25042019201855_MARUTI_outcome_dividend_AGMBOOK_013.pdf,"Maruti Suzuki India Limited has informed the Exchange that the Company has fixed Book Closure from August 17, 2019 to August 27, 2019 for the purpose of payment of dividend",,,Book Closure,-,26042019085300,-,-,False,,,103470799,Automobiles - 4 Wheelers,INE585B01010,Maruti Suzuki India Limited,2019-04-26 08:53:00,MARUTI
25-Apr-2019 20:20:00,,https://nsearchives.nseindia.com/corporate/listcontract3_25042019201256_MARUTI_outcome_dividend_AGMBOOK_891.pdf,"Maruti Suzuki India Limited has informed the Exchange regarding Outcome of Board Meeting held on April 25, 2019.",,,Outcome of Board Meeting,-,25042019202000,-,-,False,,,103470796,Automobiles - 4 Wheelers,INE585B01010,Maruti Suzuki India Limited,2019-04-25 20:20:00,MARUTI
25-Apr-2019 20:19:00,,https://nsearchives.nseindia.com/corporate/listcontract3_25042019201713_MARUTI_outcome_dividend_AGMBOOK_890.pdf,"Maruti Suzuki India Limited has informed the Exchange that Board of Directors at its meeting held on April 25, 2019 has considered and Recommended a final dividend aggregating INR 24, 166 Million i.e INR 80 per share (Nominal value INR 5.00 per share) ( Prevision year INE 24, 166 million i.e INR 80 per share) for the financial year 2018-19",,,Dividend,-,25042019201900,-,-,False,,,103470798,Automobiles - 4 Wheelers,INE585B01010,Maruti Suzuki India Limited,2019-04-25 20:19:00,MARUTI
25-Apr-2019 14:19:46,,https://nsearchives.nseindia.com/corporate/NSEBSERESULTS25042019_25042019141946.zip,"Maruti Suzuki India Limited has submitted to the Exchange, the financial results for the period ended March 31, 2019.",,,Financial Result Updates,-,25042019141946,-,-,False,,,126648,Automobiles - 4 Wheelers,INE585B01010,Maruti Suzuki India Limited,2019-04-25 14:19:46,MARUTI
25-Apr-2019 08:41:00,,https://nsearchives.nseindia.com/corporate/MARUTI_25042019084111_NSEBSEBALENO_210.pdf,Maruti Suzuki India Limited has informed the Exchange regarding 'Increase in Ex-Showroom Price of Baleno RSPetrol variant and Diesel variants'.,,,Updates,-,25042019084100,-,-,False,,,103467708,Automobiles - 4 Wheelers,INE585B01010,Maruti Suzuki India Limited,2019-04-25 08:41:00,MARUTI
23-Apr-2019 17:12:00,,https://nsearchives.nseindia.com/corporate/MARUTI_23042019171148_NSEBSECALL_244.pdf,Maruti Suzuki India Limited has informed the Exchange regarding Analysts/Institutional Investor Meet/Con. Call Updates,,,Analysts/Institutional Investor Meet/Con. Call Updates,-,23042019171200,-,-,False,,,103463836,Automobiles - 4 Wheelers,INE585B01010,Maruti Suzuki India Limited,2019-04-23 17:12:00,MARUTI
23-Apr-2019 16:55:00,,https://nsearchives.nseindia.com/corporate/MARUTI_23042019165417_NSEBSE23042019_240.pdf,"Maruti Suzuki India Limited has informed the Exchange regarding a press release dated April 23, 2019, titled ""Maruti Suzuki launches New Alto: Drive with Pride"".",,,Press Release,-,23042019165500,-,-,False,,,103463824,Automobiles - 4 Wheelers,INE585B01010,Maruti Suzuki India Limited,2019-04-23 16:55:00,MARUTI
22-Apr-2019 10:54:00,,https://nsearchives.nseindia.com/corporate/MARUTI_22042019105245_NSEBSE22042019_053.pdf,"Maruti Suzuki India Limited has informed the Exchange regarding a press release dated April 22, 2019, titled ""Baleno now with Next Generation Smart Hybrid Technology"".",,,Press Release,-,22042019105400,-,-,False,,,103460326,Automobiles - 4 Wheelers,INE585B01010,Maruti Suzuki India Limited,2019-04-22 10:54:00,MARUTI
17-Apr-2019 15:17:00,,https://nsearchives.nseindia.com/corporate/MARUTI_17042019151652_NSEBSEPRICEINCREASE_060.pdf,Maruti Suzuki India Limited has informed the Exchange regarding 'Introduction of Additional Safety Features in Tour S'.,,,Updates,-,17042019151700,-,-,False,,,103455685,Automobiles - 4 Wheelers,INE585B01010,Maruti Suzuki India Limited,2019-04-17 15:17:00,MARUTI
16-Apr-2019 18:14:00,,https://nsearchives.nseindia.com/corporate/MARUTI_16042019181300_NSEBSENEWSPAPER_281.pdf,"Maruti Suzuki India Limited has informed the Exchange regarding 'Newspaper notice published in 'The Financial Express' and in 'Jansatta', intimating the date of upcoming Board Meeting.'.",,,Updates,-,16042019181400,-,-,False,,,103454126,Automobiles - 4 Wheelers,INE585B01010,Maruti Suzuki India Limited,2019-04-16 18:14:00,MARUTI
16-Apr-2019 10:57:00,,https://nsearchives.nseindia.com/corporate/MARUTI_16042019105635_NSEBSE16042019_081.pdf,"Maruti Suzuki India Limited has informed the Exchange regarding a press release dated April 16, 2019, titled ""Maruti Suzuki��s Ciaz leader for the third consecutive year"".",,,Press Release,-,16042019105700,-,-,False,,,103453606,Automobiles - 4 Wheelers,INE585B01010,Maruti Suzuki India Limited,2019-04-16 10:57:00,MARUTI
12-Apr-2019 16:29:00,,https://nsearchives.nseindia.com/corporate/MARUTI_12042019162527_NSEBSELATEST_128.pdf,"Maruti Suzuki India Limited has informed the Exchange regarding a press release dated April 12, 2019, titled ""Encouraging talent: Maruti Suzuki concludes the 8th edition of ��Colors of Youth��"".",,,Press Release,-,12042019162900,-,-,False,,,103446551,Automobiles - 4 Wheelers,INE585B01010,Maruti Suzuki India Limited,2019-04-12 16:29:00,MARUTI
12-Apr-2019 14:08:00,,https://nsearchives.nseindia.com/corporate/MARUTI_12042019140757_NSEBSE12042019_085.pdf,"Maruti Suzuki India Limited has informed the Exchange regarding a press release dated April 12, 2019, titled ""Maruti Suzuki��s Celerio joins the marquee club of cars with over 1-lakh annual sales"".",,,Press Release,-,12042019140800,-,-,False,,,103446466,Automobiles - 4 Wheelers,INE585B01010,Maruti Suzuki India Limited,2019-04-12 14:08:00,MARUTI
11-Apr-2019 13:45:00,,https://nsearchives.nseindia.com/corporate/MARUTI_11042019134415_NSEBSE06042019_118.pdf,Maruti Suzuki India Limited has informed the Exchange regarding 'Introduction of Additional Safety Features in Alto K 10'.,,,Updates,-,11042019134500,-,-,False,,,103443154,Automobiles - 4 Wheelers,INE585B01010,Maruti Suzuki India Limited,2019-04-11 13:45:00,MARUTI
05-Apr-2019 18:45:00,,https://nsearchives.nseindia.com/corporate/listcontract1_05042019155842_Maruti_485.pdf,"The Promoter has submitted to the Exchange a copy of Annual Disclosure under Regulation 30(1) and 30(2) of SEBI (Substantial Acquisition of Shares and Takeovers), Regulations, 2011 as on March 31, 2019.",,,Disc. under Reg.30 of SEBI (SAST) Reg.2011,-,05042019184500,-,-,False,,,103428366,Automobiles - 4 Wheelers,INE585B01010,Maruti Suzuki India Limited,2019-04-05 18:45:00,MARUTI
04-Apr-2019 16:14:00,,https://nsearchives.nseindia.com/corporate/MARUTI_04042019161228_NSEBSEPRODUCTION_303.pdf,"Maruti Suzuki India Limited has informed the Exchange regarding 'Production in March, 2019'.",,,Updates,-,04042019161400,-,-,False,,,103425049,Automobiles - 4 Wheelers,INE585B01010,Maruti Suzuki India Limited,2019-04-04 16:14:00,MARUTI
01-Apr-2019 18:42:00,,https://nsearchives.nseindia.com/corporate/MARUTI_01042019184130_NSEBSE19PRICE_593.pdf,"Maruti Suzuki India Limited has informed the Exchange regarding 'Price Change with effect from 01 April, 2019'.",,,Updates,-,01042019184200,-,-,False,,,103416024,Automobiles - 4 Wheelers,INE585B01010,Maruti Suzuki India Limited,2019-04-01 18:42:00,MARUTI
01-Apr-2019 10:22:00,,https://nsearchives.nseindia.com/corporate/MARUTI_01042019102108_NSEBSESALESMARCH_050.pdf,"Maruti Suzuki India Limited has informed the Exchange regarding a press release dated April 01, 2019, titled ""Maruti Suzuki sales in March 2019 and 2018-19"".",,,Press Release,-,01042019102200,-,-,False,,,103414601,Automobiles - 4 Wheelers,INE585B01010,Maruti Suzuki India Limited,2019-04-01 10:22:00,MARUTI
28-Mar-2019 10:42:00,,https://nsearchives.nseindia.com/corporate/MARUTI_28032019104158_NSEBSE28032019_009.pdf,"Maruti Suzuki India Limited has informed the Exchange regarding a press release dated March 28, 2019, titled ""Maruti Suzuki strengthens its performance-driven & bigger engine portfolioLaunches 1.5-litre DDiS 225 Diesel Engine with 6-speed transmission in New Ciaz"".",,,Press Release,-,28032019104200,-,-,False,,,103407882,Automobiles - 4 Wheelers,INE585B01010,Maruti Suzuki India Limited,2019-03-28 10:42:00,MARUTI
27-Mar-2019 15:09:00,,https://nsearchives.nseindia.com/corporate/MARUTI_27032019150729_NSEBSETOY_095.pdf,"Maruti Suzuki India Limited has informed the Exchange regarding Outcome of Board Meeting held on March 27, 2019.",,,Outcome of Board Meeting,-,27032019150900,-,-,False,,,103405629,Automobiles - 4 Wheelers,INE585B01010,Maruti Suzuki India Limited,2019-03-27 15:09:00,MARUTI
27-Mar-2019 15:04:00,,https://nsearchives.nseindia.com/corporate/MARUTI_27032019150325_NSEBSEOUTCOME_090.pdf,"Maruti Suzuki India Limited has informed the Exchange regarding Outcome of Board Meeting held on March 27, 2019.",,,Outcome of Board Meeting,-,27032019150400,-,-,False,,,103405625,Automobiles - 4 Wheelers,INE585B01010,Maruti Suzuki India Limited,2019-03-27 15:04:00,MARUTI
20-Mar-2019 13:54:00,,https://nsearchives.nseindia.com/corporate/MARUTI_20032019135333_NSEBSETOY20_046.pdf,"Maruti Suzuki India Limited has informed the Exchange regarding a press release dated March 20, 2019, titled ""'English' version of the press release issued by ToyotaMotor Corporation (Toyota) and Suzuki Motor Corporation (Suzuki) in Japan"".",,,Press Release,-,20032019135400,-,-,False,,,103390428,Automobiles - 4 Wheelers,INE585B01010,Maruti Suzuki India Limited,2019-03-20 13:54:00,MARUTI
19-Mar-2019 18:10:00,,https://nsearchives.nseindia.com/corporate/MARUTI_19032019181010_NSEBSE19PRICE_162.pdf,Maruti Suzuki India Limited has informed the Exchange regarding 'Introduction of EECO with additional Safety features'.,,,Updates,-,19032019181000,-,-,False,,,103387013,Automobiles - 4 Wheelers,INE585B01010,Maruti Suzuki India Limited,2019-03-19 18:10:00,MARUTI
12-Mar-2019 13:59:00,,https://nsearchives.nseindia.com/corporate/MARUTI_12032019135816_NSEBSETRADING_083.pdf,"Maruti Suzuki India Limited has informed the Exchange regarding the Trading Window closure pursuant to SEBI (Prohibition of Insider Trading) Regulations, 2015",,,Trading Window,-,12032019135900,-,-,False,,,103369046,Automobiles - 4 Wheelers,INE585B01010,Maruti Suzuki India Limited,2019-03-12 13:59:00,MARUTI
08-Mar-2019 10:34:00,,https://nsearchives.nseindia.com/corporate/MARUTI_08032019103423_NSEBSEWDPR_023.pdf,"Maruti Suzuki India Limited has informed the Exchange regarding a press release dated March 08, 2019, titled ""Maruti Suzuki celebrates International Women��s Day with exclusive offers"".",,,Press Release,-,08032019103400,-,-,False,,,103361761,Automobiles - 4 Wheelers,INE585B01010,Maruti Suzuki India Limited,2019-03-08 10:34:00,MARUTI
06-Mar-2019 14:59:00,,https://nsearchives.nseindia.com/corporate/MARUTI_06032019145825_NSEBSEPROFEB_098.pdf,"Maruti Suzuki India Limited has informed the Exchange regarding 'Production Figures - February, 2019'.",,,Updates,-,06032019145900,-,-,False,,,103355740,Automobiles - 4 Wheelers,INE585B01010,Maruti Suzuki India Limited,2019-03-06 14:59:00,MARUTI
06-Mar-2019 13:14:00,,https://nsearchives.nseindia.com/corporate/MARUTI_06032019131341_NSEBSENEXT_058.pdf,"Maruti Suzuki India Limited has informed the Exchange regarding a press release dated March 06, 2019, titled ""Big Leap in Road Safety: Delhi gets its 1st Fully Automated Driving Test Centre"".",,,Press Release,-,06032019131400,-,-,False,,,103355709,Automobiles - 4 Wheelers,INE585B01010,Maruti Suzuki India Limited,2019-03-06 13:14:00,MARUTI
06-Mar-2019 10:42:00,,https://nsearchives.nseindia.com/corporate/MARUTI_06032019104133_NSEBSE_018.pdf,"Maruti Suzuki India Limited has informed the Exchange regarding a press release dated March 06, 2019, titled ""Maruti Suzuki introduces cleaner, greener and environment friendly ��WagonR S-CNG��"".",,,Press Release,-,06032019104200,-,-,False,,,103355408,Automobiles - 4 Wheelers,INE585B01010,Maruti Suzuki India Limited,2019-03-06 10:42:00,MARUTI
01-Mar-2019 10:51:00,,https://nsearchives.nseindia.com/corporate/MARUTI_01032019105000_NSEBSE01032019_025.pdf,"Maruti Suzuki India Limited has informed the Exchange regarding a press release dated March 01, 2019, titled ""Maruti Suzuki Sales in February 2019"".",,,Press Release,-,01032019105100,-,-,False,,,103348389,Automobiles - 4 Wheelers,INE585B01010,Maruti Suzuki India Limited,2019-03-01 10:51:00,MARUTI
28-Feb-2019 13:33:00,,https://nsearchives.nseindia.com/corporate/MARUTI_28022019133150_NSEBSEREVISED_061.pdf,Maruti Suzuki India Limited has informed the Exchange regarding Corrigendum to Press Release,,,Corrigendum,-,28022019133300,-,-,False,,,103344932,Automobiles - 4 Wheelers,INE585B01010,Maruti Suzuki India Limited,2019-02-28 13:33:00,MARUTI
28-Feb-2019 12:03:00,,https://nsearchives.nseindia.com/corporate/MARUTI_28022019120236_NSEBSE28022019_038.pdf,"Maruti Suzuki India Limited has informed the Exchange regarding a press release dated February 28, 2019, titled ""Maruti Suzuki CSR initiatives get top rank: Rated ��4 Good�� by The Economic Times"".",,,Press Release,-,28022019120300,-,-,False,,,103344734,Automobiles - 4 Wheelers,INE585B01010,Maruti Suzuki India Limited,2019-02-28 12:03:00,MARUTI
27-Feb-2019 10:59:00,,https://nsearchives.nseindia.com/corporate/MARUTI_27022019105853_NSEBSE2702019_017.pdf,"Maruti Suzuki India Limited has informed the Exchange regarding a press release dated February 27, 2019, titled ""New IGNIS now with roof rails and safety features"".",,,Press Release,-,27022019105900,-,-,False,,,103341175,Automobiles - 4 Wheelers,INE585B01010,Maruti Suzuki India Limited,2019-02-27 10:59:00,MARUTI
26-Feb-2019 16:38:00,,https://nsearchives.nseindia.com/corporate/MARUTI_26022019163740_NSEBSE26022019_173.pdf,"Maruti Suzuki India Limited has informed the Exchange regarding a press release dated February 26, 2019, titled ""Delhi Police and Maruti Suzuki join hands for launch of AutomatedRed Light Violation Detection and Speed Violation Detection System"".",,,Press Release,-,26022019163800,-,-,False,,,103338697,Automobiles - 4 Wheelers,INE585B01010,Maruti Suzuki India Limited,2019-02-26 16:38:00,MARUTI
25-Feb-2019 11:36:00,,https://nsearchives.nseindia.com/corporate/MARUTI_25022019105504_NSEBSE25022019_046.pdf,"Maruti Suzuki India Limited has informed the Exchange regarding a press release dated February 25, 2019, titled ""Maruti Suzuki New True Value expands reach with 200 outlets across 132 cities in India"".",,,Press Release,-,25022019113600,-,-,False,,,103334134,Automobiles - 4 Wheelers,INE585B01010,Maruti Suzuki India Limited,2019-02-25 11:36:00,MARUTI
19-Feb-2019 10:38:00,,https://nsearchives.nseindia.com/corporate/MARUTI_19022019103658_NSEBSE19FEB_016.pdf,"Maruti Suzuki India Limited has informed the Exchange regarding a press release dated February 19, 2019, titled ""India��s No. 1 Compact SUV Vitara Brezza leads amongst utility vehicles"".",,,Press Release,-,19022019103800,-,-,False,,,103320770,Automobiles - 4 Wheelers,INE585B01010,Maruti Suzuki India Limited,2019-02-19 10:38:00,MARUTI
18-Feb-2019 10:45:00,,https://nsearchives.nseindia.com/corporate/MARUTI_18022019104412_NSEBSE18FEB_057.pdf,"Maruti Suzuki India Limited has informed the Exchange regarding a press release dated February 18, 2019, titled ""Maruti Suzuki brings in international benchmark to effectively limit use of Substancesof Concern in its�� vehicles"".",,,Press Release,-,18022019104500,-,-,False,,,103317041,Automobiles - 4 Wheelers,INE585B01010,Maruti Suzuki India Limited,2019-02-18 10:45:00,MARUTI
06-Feb-2019 13:35:00,,https://nsearchives.nseindia.com/corporate/MARUTI_06022019133441_NSEBSEPROJAN19_098.pdf,Maruti Suzuki India Limited has informed the Exchange regarding 'Production Figures'.,,,Updates,-,06022019133500,-,-,False,,,103288150,Automobiles - 4 Wheelers,INE585B01010,Maruti Suzuki India Limited,2019-02-06 13:35:00,MARUTI
01-Feb-2019 10:10:00,,https://nsearchives.nseindia.com/corporate/MARUTI_01022019100916_NSE_015.pdf,"Maruti Suzuki India Limited has informed the Exchange regarding a press release dated February 01, 2019, titled ""sales for the month of January 2019"".",,,Press Release,-,01022019101000,-,-,False,,,103274692,Automobiles - 4 Wheelers,INE585B01010,Maruti Suzuki India Limited,2019-02-01 10:10:00,MARUTI
28-Jan-2019 10:36:00,,https://nsearchives.nseindia.com/corporate/MARUTI_28012019103532_NSEBSE28012019_043.pdf,"Maruti Suzuki India Limited has informed the Exchange regarding a press release dated January 28, 2019, titled ""India��s Favourite Premium Hatchback Baleno, Now Even Bolder"".",,,Press Release,-,28012019103600,-,-,False,,,103261503,Automobiles - 4 Wheelers,INE585B01010,Maruti Suzuki India Limited,2019-01-28 10:36:00,MARUTI
25-Jan-2019 16:30:00,,https://nsearchives.nseindia.com/corporate/listcontract3_25012019160559_MARUTI_outcome_216.pdf,"Maruti Suzuki India Limited has informed the Exchange regarding Outcome of Board Meeting held on January 25, 2019.",,,Outcome of Board Meeting,-,25012019163000,-,-,False,,,103256782,Automobiles - 4 Wheelers,INE585B01010,Maruti Suzuki India Limited,2019-01-25 16:30:00,MARUTI
25-Jan-2019 14:33:59,,https://nsearchives.nseindia.com/corporate/NSEBSERESFINAL_25012019143359.zip,"Maruti Suzuki India Limited has submitted to the Exchange, the financial results for the period ended December 31, 2018.",,,Financial Result Updates,-,25012019143359,-,-,False,,,125109,Automobiles - 4 Wheelers,INE585B01010,Maruti Suzuki India Limited,2019-01-25 14:33:59,MARUTI
25-Jan-2019 13:54:00,,https://nsearchives.nseindia.com/corporate/MARUTI_25012019135351_NSEBSECONCALL_106.pdf,Maruti Suzuki India Limited has informed the Exchange regarding Analysts/Institutional Investor Meet/Con. Call Updates,,,Analysts/Institutional Investor Meet/Con. Call Updates,-,25012019135400,-,-,False,,,103256700,Automobiles - 4 Wheelers,INE585B01010,Maruti Suzuki India Limited,2019-01-25 13:54:00,MARUTI
24-Jan-2019 10:51:00,,https://nsearchives.nseindia.com/corporate/MARUTI_24012019105111_NSEBSE24012019_014.pdf,"Maruti Suzuki India Limited has informed the Exchange regarding a press release dated January 24, 2019, titled ""Maruti Suzuki partners Government of Haryana to set upState��s first Japan-India Institute for Manufacturing (JIM)"".",,,Press Release,-,24012019105100,-,-,False,,,103253041,Automobiles - 4 Wheelers,INE585B01010,Maruti Suzuki India Limited,2019-01-24 10:51:00,MARUTI
23-Jan-2019 12:45:00,,https://nsearchives.nseindia.com/corporate/MARUTI_23012019124400_NSEBSE23012019_057.pdf,"Maruti Suzuki India Limited has informed the Exchange regarding a press release dated January 23, 2019, titled ""Drive with confidence: Maruti Suzuki��s #BigNewWagonR comes with bold stance!Robust Design, Enhanced Space, Comfort and Powerful Performance"".",,,Press Release,-,23012019124500,-,-,False,,,103249839,Automobiles - 4 Wheelers,INE585B01010,Maruti Suzuki India Limited,2019-01-23 12:45:00,MARUTI
23-Jan-2019 11:24:00,,https://nsearchives.nseindia.com/corporate/MARUTI_23012019112341_Concall_029.pdf,Maruti Suzuki India Limited has informed the Exchange regarding Analysts/Institutional Investor Meet/Con. Call Updates,,,Analysts/Institutional Investor Meet/Con. Call Updates,-,23012019112400,-,-,False,,,103249561,Automobiles - 4 Wheelers,INE585B01010,Maruti Suzuki India Limited,2019-01-23 11:24:00,MARUTI
22-Jan-2019 10:49:00,,https://nsearchives.nseindia.com/corporate/MARUTI_22012019104815_NSEBSE22012019_014.pdf,"Maruti Suzuki India Limited has informed the Exchange regarding a press release dated January 22, 2019, titled ""Booking opens for India��s most loved premium hatchback - New Baleno"".",,,Press Release,-,22012019104900,-,-,False,,,103247060,Automobiles - 4 Wheelers,INE585B01010,Maruti Suzuki India Limited,2019-01-22 10:49:00,MARUTI
21-Jan-2019 16:12:00,,https://nsearchives.nseindia.com/corporate/MARUTI_21012019161122_NSEBSE21JAN2019_171.pdf,"Maruti Suzuki India Limited has informed the Exchange regarding a press release dated January 21, 2019, titled ""Maruti Suzuki dedicates a brand new Community Hall to thevillage community of Naharpur Kasan"".",,,Press Release,-,21012019161200,-,-,False,,,103244557,Automobiles - 4 Wheelers,INE585B01010,Maruti Suzuki India Limited,2019-01-21 16:12:00,MARUTI
21-Jan-2019 10:17:00,,https://nsearchives.nseindia.com/corporate/MARUTI_21012019101607_NSEBSE21JAN2019_035.pdf,"Maruti Suzuki India Limited has informed the Exchange regarding a press release dated January 21, 2019, titled ""Maruti Suzuki launches its Innovation Program"".",,,Press Release,-,21012019101700,-,-,False,,,103243014,Automobiles - 4 Wheelers,INE585B01010,Maruti Suzuki India Limited,2019-01-21 10:17:00,MARUTI
16-Jan-2019 13:24:00,,https://nsearchives.nseindia.com/corporate/MARUTI_16012019132354_NSEBSE16JAN_105.pdf,Maruti Suzuki India Limited has informed the Exchange regarding 'Newspaper Notice'.,,,Updates,-,16012019132400,-,-,False,,,103233869,Automobiles - 4 Wheelers,INE585B01010,Maruti Suzuki India Limited,2019-01-16 13:24:00,MARUTI
16-Jan-2019 13:03:00,,https://nsearchives.nseindia.com/corporate/MARUTI_16012019130243_NSEBSE16012019_089.pdf,"Maruti Suzuki India Limited has informed the Exchange regarding a press release dated January 16, 2019, titled ""NEXA Orchestrates a New Symphony with NEXA Music"".",,,Press Release,-,16012019130300,-,-,False,,,103233770,Automobiles - 4 Wheelers,INE585B01010,Maruti Suzuki India Limited,2019-01-16 13:03:00,MARUTI
14-Jan-2019 10:58:00,,https://nsearchives.nseindia.com/corporate/MARUTI_14012019105716_NSEBSE14012019_028.pdf,"Maruti Suzuki India Limited has informed the Exchange regarding a press release dated January 14, 2019, titled ""Maruti Suzuki��s #BigNewWagonR to arrive soon with strong looks, character"".",,,Press Release,-,14012019105800,-,-,False,,,103222670,Automobiles - 4 Wheelers,INE585B01010,Maruti Suzuki India Limited,2019-01-14 10:58:00,MARUTI
10-Jan-2019 10:33:00,,https://nsearchives.nseindia.com/corporate/MARUTI_10012019103242_NSEBASE10012019_010.pdf,"Maruti Suzuki India Limited has informed the Exchange regarding a press release dated January 10, 2019, titled ""Maruti Suzuki Announces Price Increase"".",,,Press Release,-,10012019103300,-,-,False,,,103216094,Automobiles - 4 Wheelers,INE585B01010,Maruti Suzuki India Limited,2019-01-10 10:33:00,MARUTI
09-Jan-2019 11:25:00,,https://nsearchives.nseindia.com/corporate/MARUTI_09012019112415_NSEBSE09012019_024.pdf,Maruti Suzuki India Limited has informed the Exchange regarding 'Production Figures'.,,,Updates,-,09012019112500,-,-,False,,,103214015,Automobiles - 4 Wheelers,INE585B01010,Maruti Suzuki India Limited,2019-01-09 11:25:00,MARUTI
01-Jan-2019 10:11:00,,https://nsearchives.nseindia.com/corporate/MARUTI_01012019101000_NSEBSE01012019_013.pdf,"Maruti Suzuki India Limited has informed the Exchange regarding a press release dated January 01, 2019, titled ""Maruti Suzuki Sales in December 2018"".",,,Press Release,-,01012019101100,-,-,False,,,103193489,Automobiles - 4 Wheelers,INE585B01010,Maruti Suzuki India Limited,2019-01-01 10:11:00,MARUTI
27-Dec-2018 13:40:00,,https://nsearchives.nseindia.com/corporate/MARUTI_27122018133701_NSEBSE27122018_045.pdf,"Maruti Suzuki India Limited has informed the Exchange regarding a press release dated December 27, 2018, titled ""Maruti Suzuki inaugurates Centre of Excellence (CoE) at Government Polytechnic, Manesar"".",,,Press Release,-,27122018134000,-,-,False,,,103181244,Automobiles - 4 Wheelers,INE585B01010,Maruti Suzuki India Limited,2018-12-27 13:40:00,MARUTI
26-Dec-2018 10:03:00,,https://nsearchives.nseindia.com/corporate/MARUTI_26122018100239_NSEBSE26122018_011.pdf,"Maruti Suzuki India Limited has informed the Exchange regarding a press release dated December 26, 2018, titled ""Maruti Suzuki to proactively recall 5900 Super Carry vehicles"".",,,Press Release,-,26122018100300,-,-,False,,,103176636,Automobiles - 4 Wheelers,INE585B01010,Maruti Suzuki India Limited,2018-12-26 10:03:00,MARUTI
25-Dec-2018 14:29:00,,https://nsearchives.nseindia.com/corporate/MARUTI_25122018142743_NSEBSE25122018_014.pdf,"Maruti Suzuki India Limited has informed the Exchange regarding a press release dated December 25, 2018, titled ""Chief Minister of Gujarat visits Maruti Suzuki JIM at Mehsana"".",,,Press Release,-,25122018142900,-,-,False,,,103175642,Automobiles - 4 Wheelers,INE585B01010,Maruti Suzuki India Limited,2018-12-25 14:29:00,MARUTI
21-Dec-2018 14:40:00,,https://nsearchives.nseindia.com/corporate/MARUTI_21122018143826_NSEBSE21212018_081.pdf,"Maruti Suzuki India Limited has informed the Exchange regarding a press release dated December 21, 2018, titled ""The all-new Swift awarded Indian Car of the Year (ICOTY) 2019"".",,,Press Release,-,21122018144000,-,-,False,,,103170518,Automobiles - 4 Wheelers,INE585B01010,Maruti Suzuki India Limited,2018-12-21 14:40:00,MARUTI
13-Dec-2018 14:02:00,,https://nsearchives.nseindia.com/corporate/MARUTI_13122018140020_NSEBSE13122018_048.pdf,"Maruti Suzuki India Limited has informed the Exchange regarding a press release dated December 13, 2018, titled ""Maruti Suzuki receives ��Commendation for Significant achievement�� at CII-ITC Sustainability Awards��18"".",,,Press Release,-,13122018140200,-,-,False,,,103147740,Automobiles - 4 Wheelers,INE585B01010,Maruti Suzuki India Limited,2018-12-13 14:02:00,MARUTI
11-Dec-2018 11:53:00,,https://nsearchives.nseindia.com/corporate/MARUTI_11122018115212_NSEBSE11122018_028.pdf,"Maruti Suzuki India Limited has informed the Exchange regarding the Trading Window closure pursuant to SEBI (Prohibition of Insider Trading) Regulations, 2015",,,Trading Window,-,11122018115300,-,-,False,,,103141616,Automobiles - 4 Wheelers,INE585B01010,Maruti Suzuki India Limited,2018-12-11 11:53:00,MARUTI
10-Dec-2018 11:11:00,,https://nsearchives.nseindia.com/corporate/MARUTI_10122018110734_NSEBSE10122018_031.pdf,"Maruti Suzuki India Limited has informed the Exchange regarding a press release dated December 10, 2018, titled ""A Green Milestone: Maruti Suzuki achieves five lakh cumulative CNG vehicle sales"".",,,Press Release,-,10122018111100,-,-,False,,,103138724,Automobiles - 4 Wheelers,INE585B01010,Maruti Suzuki India Limited,2018-12-10 11:11:00,MARUTI
05-Dec-2018 12:27:00,,https://nsearchives.nseindia.com/corporate/MARUTI_05122018122455_BSENSE05122018_046.pdf,Maruti Suzuki India Limited has informed the Exchange regarding 'Intimation on price increase'.,,,Updates,-,05122018122700,-,-,False,,,103128527,Automobiles - 4 Wheelers,INE585B01010,Maruti Suzuki India Limited,2018-12-05 12:27:00,MARUTI
05-Dec-2018 10:37:00,,https://nsearchives.nseindia.com/corporate/MARUTI_05122018102258_NSEBSE05122018_011.pdf,Maruti Suzuki India Limited has informed the Exchange regarding 'Production Figures'.,,,Updates,-,05122018103700,-,-,False,,,103128353,Automobiles - 4 Wheelers,INE585B01010,Maruti Suzuki India Limited,2018-12-05 10:37:00,MARUTI
01-Dec-2018 10:10:00,,https://nsearchives.nseindia.com/corporate/MARUTI_01122018100911_NSEBSE01122018_002.pdf,"Maruti Suzuki India Limited has informed the Exchange regarding a press release dated December 01, 2018, titled ""Maruti Suzuki Sales in November 2018"".",,,Press Release,-,01122018101000,-,-,False,,,103120392,Automobiles - 4 Wheelers,INE585B01010,Maruti Suzuki India Limited,2018-12-01 10:10:00,MARUTI
30-Nov-2018 13:27:00,,https://nsearchives.nseindia.com/corporate/MARUTI_30112018132613_NSEBSSE30112018_066.pdf,Maruti Suzuki India Limited has informed the Exchange regarding the Registrar & Share Transfer Agent Update,,,Registrar & Share Transfer Agent Update,-,30112018132700,-,-,False,,,103118898,Automobiles - 4 Wheelers,INE585B01010,Maruti Suzuki India Limited,2018-11-30 13:27:00,MARUTI
29-Nov-2018 10:36:00,,https://nsearchives.nseindia.com/corporate/MARUTI_29112018103504_NSEBSE29112018_006.pdf,"Maruti Suzuki India Limited has informed the Exchange regarding a press release dated November 29, 2018, titled ""Maruti Suzuki Baleno clocks fastest 5 lakh sales milestones"".",,,Press Release,-,29112018103600,-,-,False,,,103114558,Automobiles - 4 Wheelers,INE585B01010,Maruti Suzuki India Limited,2018-11-29 10:36:00,MARUTI
27-Nov-2018 10:45:00,,https://nsearchives.nseindia.com/corporate/MARUTI_27112018104414_NSEBSE27112018_011.pdf,"Maruti Suzuki India Limited has informed the Exchange regarding a press release dated November 27, 2018, titled ""Maruti Suzuki��s iconic brand Swift celebrates its two million sales"".",,,Press Release,-,27112018104500,-,-,False,,,103107315,Automobiles - 4 Wheelers,INE585B01010,Maruti Suzuki India Limited,2018-11-27 10:45:00,MARUTI
21-Nov-2018 12:45:00,,https://nsearchives.nseindia.com/corporate/MARUTI_21112018122510_BSENSE21112018_074.pdf,"Maruti Suzuki India Limited has informed the Exchange regarding a press release dated November 21, 2018, titled ""Coming to you: Maruti Suzuki��s #NextGenErtiga in a completely new avatar!Aspirational Design, Enhanced Comfort and Superior Performance"".",,,Press Release,-,21112018124500,-,-,False,,,103099521,Automobiles - 4 Wheelers,INE585B01010,Maruti Suzuki India Limited,2018-11-21 12:45:00,MARUTI
20-Nov-2018 11:27:00,,https://nsearchives.nseindia.com/corporate/MARUTI_20112018112639_NSEBSE20112018_107.pdf,"Maruti Suzuki India Limited has informed the Exchange regarding a press release dated November 20, 2018, titled ""Maruti Suzuki ramps up Vitara Brezza production to reduce waiting period"".",,,Press Release,-,20112018112700,-,-,False,,,103095717,Automobiles - 4 Wheelers,INE585B01010,Maruti Suzuki India Limited,2018-11-20 11:27:00,MARUTI
14-Nov-2018 10:19:00,,https://nsearchives.nseindia.com/corporate/MARUTI_14112018101425_NSEBSE14112018_032.pdf,"Maruti Suzuki India Limited has informed the Exchange regarding a press release dated November 14, 2018, titled ""Maruti Suzuki��s #NextGenErtiga will soon arrive in style"".",,,Press Release,-,14112018101900,-,-,False,,,103078691,Automobiles - 4 Wheelers,INE585B01010,Maruti Suzuki India Limited,2018-11-14 10:19:00,MARUTI
03-Nov-2018 19:10:00,,https://nsearchives.nseindia.com/corporate/MARUTI_03112018190903_FINALPROOCTOBER_274.pdf,Maruti Suzuki India Limited has informed the Exchange regarding 'Production Figures '.,,,Updates,-,03112018191000,-,-,False,,,103057469,Automobiles - 4 Wheelers,INE585B01010,Maruti Suzuki India Limited,2018-11-03 19:10:00,MARUTI
02-Nov-2018 14:44:00,,https://nsearchives.nseindia.com/corporate/MARUTI_02112018144250_NSEBSE21118_362.pdf,"Maruti Suzuki India Limited has informed the Exchange regarding a press release dated November 02, 2018, titled ""Maruti Suzuki Japan-India Institute for Manufacturing (JIM) is now ISO 29990:2010 certified"".",,,Press Release,-,02112018144400,-,-,False,,,103055813,Automobiles - 4 Wheelers,INE585B01010,Maruti Suzuki India Limited,2018-11-02 14:44:00,MARUTI
02-Nov-2018 10:57:00,,https://nsearchives.nseindia.com/corporate/MARUTI_02112018105710_NSEBSE02112018_186.pdf,"Maruti Suzuki India Limited has informed the Exchange regarding a press release dated November 02, 2018, titled ""Fastest rollout of auto retail channel: Maruti Suzuki unveils its 250th Commercial Showroom"".",,,Press Release,-,02112018105700,-,-,False,,,103055396,Automobiles - 4 Wheelers,INE585B01010,Maruti Suzuki India Limited,2018-11-02 10:57:00,MARUTI
01-Nov-2018 10:08:00,,https://nsearchives.nseindia.com/corporate/MARUTI_01112018100208_NSEBSE01112018_542.pdf,"Maruti Suzuki India Limited has informed the Exchange regarding a press release dated November 01, 2018, titled ""Maruti Suzuki Sales in October 2018"".",,,Press Release,-,01112018100800,-,-,False,,,103050877,Automobiles - 4 Wheelers,INE585B01010,Maruti Suzuki India Limited,2018-11-01 10:08:00,MARUTI
29-Oct-2018 13:27:00,,https://nsearchives.nseindia.com/corporate/MARUTI_29102018132453_NSEBSE29102018_111.pdf,"Maruti Suzuki India Limited has informed the Exchange regarding a press release dated October 29, 2018, titled ""Maruti Suzuki sets up Water ATM in Sarhaul village"".",,,Press Release,-,29102018132700,-,-,False,,,103042926,Automobiles - 4 Wheelers,INE585B01010,Maruti Suzuki India Limited,2018-10-29 13:27:00,MARUTI
26-Oct-2018 17:06:00,,https://nsearchives.nseindia.com/corporate/MARUTI_26102018170356_NSEBSE26102018_229.pdf,Maruti Suzuki India Limited has informed the Exchange regarding 'Copy of published unaudited results'.,,,Updates,-,26102018170600,-,-,False,,,103039252,Automobiles - 4 Wheelers,INE585B01010,Maruti Suzuki India Limited,2018-10-26 17:06:00,MARUTI
26-Oct-2018 11:24:00,,https://nsearchives.nseindia.com/corporate/MARUTI_26102018112114_NSEBSE26102018_949.pdf,"Maruti Suzuki India Limited has informed the Exchange regarding a press release dated October 26, 2018, titled ""Maruti Suzuki ARENA teams up with Varun Dhawan for a dynamic journey!"".",,,Press Release,-,26102018112400,-,-,False,,,103036995,Automobiles - 4 Wheelers,INE585B01010,Maruti Suzuki India Limited,2018-10-26 11:24:00,MARUTI
25-Oct-2018 13:55:00,,https://nsearchives.nseindia.com/corporate/MARUTI_25102018135340_FRNSEBSE25102018_532.pdf,"Maruti Suzuki India Limited has informed the Exchange regarding  Board meeting held on October 25, 2018.",,,Outcome of Board Meeting,-,25102018135500,-,-,False,,,103034625,Automobiles - 4 Wheelers,INE585B01010,Maruti Suzuki India Limited,2018-10-25 13:55:00,MARUTI
25-Oct-2018 13:52:09,,https://nsearchives.nseindia.com/corporate/FRNSEBSE25102018_25102018135209.zip,"Maruti Suzuki India Limited has submitted to the Exchange, the financial results for the period ended September 30, 2018.",,,Financial Result Updates,-,25102018135209,-,-,False,,,123096,Automobiles - 4 Wheelers,INE585B01010,Maruti Suzuki India Limited,2018-10-25 13:52:09,MARUTI
23-Oct-2018 14:21:00,,https://nsearchives.nseindia.com/corporate/MARUTI_23102018141541_NSEBSE23102018_068.pdf,"Maruti Suzuki India Limited has informed the Exchange regarding a press release dated October 23, 2018, titled ""Maruti Suzuki S-Cross growing strong with 100,000 cumulative sales"".",,,Press Release,-,23102018142100,-,-,False,,,103027093,Automobiles - 4 Wheelers,INE585B01010,Maruti Suzuki India Limited,2018-10-23 14:21:00,MARUTI
16-Oct-2018 14:30:00,,https://nsearchives.nseindia.com/corporate/MARUTI_16102018142821_NSEBSE16102018_484.pdf,"Maruti Suzuki India Limited has informed the Exchange regarding a press release dated October 16, 2018, titled ""Maruti Suzuki��s Japan-India Institute for Manufacturing welcomes its 2nd batch"".",,,Press Release,-,16102018143000,-,-,False,,,103012536,Automobiles - 4 Wheelers,INE585B01010,Maruti Suzuki India Limited,2018-10-16 14:30:00,MARUTI
15-Oct-2018 11:45:00,,https://nsearchives.nseindia.com/corporate/MARUTI_15102018114204_NSEBSE15102018_134.pdf,Maruti Suzuki India Limited has informed the Exchange regarding Analysts/Institutional Investor Meet/Con. Call Updates,,,Analysts/Institutional Investor Meet/Con. Call Updates,-,15102018114500,-,-,False,,,103006698,Automobiles - 4 Wheelers,INE585B01010,Maruti Suzuki India Limited,2018-10-15 11:45:00,MARUTI
11-Oct-2018 19:17:00,,https://nsearchives.nseindia.com/corporate/MARUTI_11102018191408_NSEBSE11102018_663.pdf,Maruti Suzuki India Limited has informed the Exchange regarding 'Newspaper Notice'.,,,Updates,-,11102018191700,-,-,False,,,102999850,Automobiles - 4 Wheelers,INE585B01010,Maruti Suzuki India Limited,2018-10-11 19:17:00,MARUTI
10-Oct-2018 14:20:00,,https://nsearchives.nseindia.com/corporate/MARUTI_10102018141820_BSENSE10102018_282.pdf,"Maruti Suzuki India Limited has informed the Exchange regarding a press release dated October 10, 2018, titled ""Maruti Suzuki Team sweeps medals at the India Skills Competition 2018"".",,,Press Release,-,10102018142000,-,-,False,,,102996357,Automobiles - 4 Wheelers,INE585B01010,Maruti Suzuki India Limited,2018-10-10 14:20:00,MARUTI
10-Oct-2018 10:31:00,,https://nsearchives.nseindia.com/corporate/MARUTI_10102018102930_NSEBSE10102018_207.pdf,"Maruti Suzuki India Limited has informed the Exchange regarding a press release dated October 10, 2018, titled ""Maruti Suzuki Ciaz: The best-selling premium sedan of India"".",,,Press Release,-,10102018103100,-,-,False,,,102996026,Automobiles - 4 Wheelers,INE585B01010,Maruti Suzuki India Limited,2018-10-10 10:31:00,MARUTI
09-Oct-2018 16:58:00,,https://nsearchives.nseindia.com/corporate/MARUTI_09102018150701_NSEBSE09102018_096.pdf,"Maruti Suzuki India Limited has informed the Exchange regarding a press release dated October 09, 2018, titled ""Maruti Suzuki rings in festive joy for its customers with ��Service Festival��"".",,,Press Release,-,09102018165800,-,-,False,,,102992541,Automobiles - 4 Wheelers,INE585B01010,Maruti Suzuki India Limited,2018-10-09 16:58:00,MARUTI
09-Oct-2018 10:49:00,,https://nsearchives.nseindia.com/corporate/MARUTI_09102018104654_BSENSE09102018_676.pdf,"Maruti Suzuki India Limited has informed the Exchange regarding a press release dated October 09, 2018, titled ""Maruti Suzuki flags-off Electric Vehicles for field testing"".",,,Press Release,-,09102018104900,-,-,False,,,102992227,Automobiles - 4 Wheelers,INE585B01010,Maruti Suzuki India Limited,2018-10-09 10:49:00,MARUTI
08-Oct-2018 12:30:00,,https://nsearchives.nseindia.com/corporate/MARUTI_08102018122329_NSE08102018BSE_455.pdf,Maruti Suzuki India Limited has informed the Exchange regarding 'Production figures'.,,,Updates,-,08102018123000,-,-,False,,,102988860,Automobiles - 4 Wheelers,INE585B01010,Maruti Suzuki India Limited,2018-10-08 12:30:00,MARUTI
08-Oct-2018 11:13:00,,https://nsearchives.nseindia.com/corporate/MARUTI_08102018110837_BSENSE08102018_429.pdf,"Maruti Suzuki India Limited has informed the Exchange regarding a press release dated October 08, 2018, titled ""All new Dzire scores the fastest 3-lakh sales mark in Indian automobile history"".",,,Press Release,-,08102018111300,-,-,False,,,102988823,Automobiles - 4 Wheelers,INE585B01010,Maruti Suzuki India Limited,2018-10-08 11:13:00,MARUTI
05-Oct-2018 15:37:00,,https://nsearchives.nseindia.com/corporate/MARUTI_05102018153409_NSEBSE05102018_129.pdf,"Maruti Suzuki India Limited has informed the Exchange regarding a press release dated October 05, 2018, titled ""Maruti Suzuki packs more style and substance in WagonR Limited Edition"".",,,Press Release,-,05102018153700,-,-,False,,,102984569,Automobiles - 4 Wheelers,INE585B01010,Maruti Suzuki India Limited,2018-10-05 15:37:00,MARUTI
04-Oct-2018 11:00:00,,https://nsearchives.nseindia.com/corporate/MARUTI_04102018105556_NSE04102018BSE_024.pdf,"Maruti Suzuki India Limited has informed the Exchange regarding a press release dated October 04, 2018, titled ""Maruti Suzuki excels in industrial safety, wins ��National Safety Award�� by Government of India"".",,,Press Release,-,04102018110000,-,-,False,,,102980950,Automobiles - 4 Wheelers,INE585B01010,Maruti Suzuki India Limited,2018-10-04 11:00:00,MARUTI
03-Oct-2018 12:20:00,,https://nsearchives.nseindia.com/corporate/MARUTI_03102018121145_BSENSE03102018_058.pdf,"Maruti Suzuki India Limited has informed the Exchange regarding a press release dated October 03, 2018, titled ""Maruti Suzuki to recall Super Carry vehicles"".",,,Press Release,-,03102018122000,-,-,False,,,102977630,Automobiles - 4 Wheelers,INE585B01010,Maruti Suzuki India Limited,2018-10-03 12:20:00,MARUTI
03-Oct-2018 10:49:00,,https://nsearchives.nseindia.com/corporate/MARUTI_03102018104556_NSEBSE03102018_034.pdf,"Maruti Suzuki India Limited has informed the Exchange regarding a press release dated October 03, 2018, titled ""Maruti Suzuki Eeco celebrates 5 lakh customers "".",,,Press Release,-,03102018104900,-,-,False,,,102977516,Automobiles - 4 Wheelers,INE585B01010,Maruti Suzuki India Limited,2018-10-03 10:49:00,MARUTI
01-Oct-2018 09:59:00,,https://nsearchives.nseindia.com/corporate/MARUTI_01102018095603_BSENSE01102018_502.pdf,"Maruti Suzuki India Limited has informed the Exchange regarding a press release dated October 01, 2018, titled ""Maruti Suzuki Sales in September 2018"".",,,Press Release,-,01102018095900,-,-,False,,,102973425,Automobiles - 4 Wheelers,INE585B01010,Maruti Suzuki India Limited,2018-10-01 09:59:00,MARUTI
27-Sep-2018 12:51:00,,https://nsearchives.nseindia.com/corporate/MARUTI_27092018124553_NSE27092018BSE_697.pdf,"Maruti Suzuki India Limited has informed the Exchange regarding a press release dated September 27, 2018, titled ""Maruti Suzuki CSR initiative"".",,,Press Release,-,27092018125100,-,-,False,,,102965854,Automobiles - 4 Wheelers,INE585B01010,Maruti Suzuki India Limited,2018-09-27 12:51:00,MARUTI
26-Sep-2018 14:22:00,,https://nsearchives.nseindia.com/corporate/MARUTI_26092018141842_BSENSE26092018_408.pdf,"Maruti Suzuki India Limited has informed the Exchange regarding a press release dated September 26, 2018, titled ""CSR Initiative"".",,,Press Release,-,26092018142200,-,-,False,,,102962445,Automobiles - 4 Wheelers,INE585B01010,Maruti Suzuki India Limited,2018-09-26 14:22:00,MARUTI
12-Sep-2018 18:01:00,,https://nsearchives.nseindia.com/corporate/MARUTI_12092018175950_NSEBSE12092018_463.pdf,"Maruti Suzuki India Limited has informed the Exchange regarding a press release dated September 12, 2018, titled ""Maruti Suzuki boosts Baleno production to cut down waiting, delight customers"".",,,Press Release,-,12092018180100,-,-,False,,,102935138,Automobiles - 4 Wheelers,INE585B01010,Maruti Suzuki India Limited,2018-09-12 18:01:00,MARUTI
07-Sep-2018 13:57:00,,https://nsearchives.nseindia.com/corporate/MARUTI_07092018135542_BSENSE07092018_245.pdf,"Maruti Suzuki India Limited has informed the Exchange regarding a press release dated September 07, 2018, titled ""Maruti Suzuki commences fleet testing of Electric Vehicles in India"".",,,Press Release,-,07092018135700,-,-,False,,,102924557,Automobiles - 4 Wheelers,INE585B01010,Maruti Suzuki India Limited,2018-09-07 13:57:00,MARUTI
05-Sep-2018 18:19:00,,https://nsearchives.nseindia.com/corporate/MARUTI_05092018181330_BSENSE05092018_444.pdf,Maruti Suzuki India Limited has informed the Exchange regarding 'Production in August 2018'.,,,Updates,-,05092018181900,-,-,False,,,102917278,Automobiles - 4 Wheelers,INE585B01010,Maruti Suzuki India Limited,2018-09-05 18:19:00,MARUTI
05-Sep-2018 10:30:00,,https://nsearchives.nseindia.com/corporate/MARUTI_05092018102459_NSEBSE05092018_103.pdf,"Maruti Suzuki India Limited has informed the Exchange regarding a press release dated September 05, 2018, titled ""Maruti Suzuki employees extend support to Kerala, voluntarily donate over Rs 1.82 cr"".",,,Press Release,-,05092018103000,-,-,False,,,102916758,Automobiles - 4 Wheelers,INE585B01010,Maruti Suzuki India Limited,2018-09-05 10:30:00,MARUTI
03-Sep-2018 09:01:00,,https://nsearchives.nseindia.com/corporate/listcontract1_03092018085801_MARUTI_203.pdf,"Maruti Suzuki India Limited has informed the Exchange regarding a press release dated September 01, 2018, titled ""Maruti Suzuki Sales in August 2018"".",,,Press Release,-,03092018090100,-,-,False,,,102907541,Automobiles - 4 Wheelers,INE585B01010,Maruti Suzuki India Limited,2018-09-03 09:01:00,MARUTI
28-Aug-2018 16:36:00,,https://nsearchives.nseindia.com/corporate/MARUTI_28082018163156_BSENSE28082018_244.pdf,"Maruti Suzuki India Limited has informed the Exchange regarding a press release dated August 28, 2018, titled ""Maruti Suzuki��s skill development initiative JIM (Japan India Institute for Manufacturing) awarded by CSR Times "".",,,Press Release,-,28082018163600,-,-,False,,,102897250,Automobiles - 4 Wheelers,INE585B01010,Maruti Suzuki India Limited,2018-08-28 16:36:00,MARUTI
24-Aug-2018 17:37:00,,https://nsearchives.nseindia.com/corporate/MARUTI_24082018172840_BSENSE24082018_269.pdf,"Maruti Suzuki India Limited has submitted the Exchange a copy Srutinizers report of  Annual General Meeting held on August 23, 2018. Further, the company has informed the Exchange regarding voting results.",,,Shareholders meeting,-,24082018173700,-,-,False,,,102890340,Automobiles - 4 Wheelers,INE585B01010,Maruti Suzuki India Limited,2018-08-24 17:37:00,MARUTI
24-Aug-2018 14:36:00,,https://nsearchives.nseindia.com/corporate/MARUTI_24082018143510_NSEBSE24082018_129.pdf,"Maruti Suzuki India Limited has informed the Exchange regarding a press release dated August 24, 2018, titled ""Customer delight: Maruti Suzuki launches Quick Response Team"".",,,Press Release,-,24082018143600,-,-,False,,,102890202,Automobiles - 4 Wheelers,INE585B01010,Maruti Suzuki India Limited,2018-08-24 14:36:00,MARUTI
21-Aug-2018 16:43:00,,https://nsearchives.nseindia.com/corporate/MARUTI_21082018164146_BSENSE21082018_176.pdf,"Maruti Suzuki India Limited has informed the Exchange regarding a press release dated August 21, 2018, titled ""Maruti Suzuki announces 24x7 customer assistance in flood-hit Kerala"".",,,Press Release,-,21082018164300,-,-,False,,,102882456,Automobiles - 4 Wheelers,INE585B01010,Maruti Suzuki India Limited,2018-08-21 16:43:00,MARUTI
21-Aug-2018 13:59:00,,https://nsearchives.nseindia.com/corporate/MARUTI_21082018135802_NSEBSE21082018_111.pdf,"Maruti Suzuki India Limited has informed the Exchange regarding a press release dated August 21, 2018, titled ""Maruti Suzuki and its employees donate Rs 3.5 crore for Kerala flood aid "".",,,Press Release,-,21082018135900,-,-,False,,,102882382,Automobiles - 4 Wheelers,INE585B01010,Maruti Suzuki India Limited,2018-08-21 13:59:00,MARUTI
20-Aug-2018 14:28:00,,https://nsearchives.nseindia.com/corporate/MARUTI_20082018142729_NSEBSE20082018_161.pdf,"Maruti Suzuki India Limited has informed the Exchange regarding a press release dated August 20, 2018, titled ""Maruti Suzuki rolls out the New Ciaz with new 1.5 litre Petrol Engine with new Smart Hybrid Technology installing Lithium-ion battery "".",,,Press Release,-,20082018142800,-,-,False,,,102878014,Automobiles - 4 Wheelers,INE585B01010,Maruti Suzuki India Limited,2018-08-20 14:28:00,MARUTI
16-Aug-2018 15:01:00,,https://nsearchives.nseindia.com/corporate/BSENSE16082018_16082018150159_150.zip,"Maruti Suzuki India Limited has informed the Exchange regarding a press release dated August 16, 2018, titled ""Maruti Suzuki Announces Price Increase"".",,,Press Release,-,16082018150100,-,-,False,,,102872151,Automobiles - 4 Wheelers,INE585B01010,Maruti Suzuki India Limited,2018-08-16 15:01:00,MARUTI
14-Aug-2018 17:17:00,,https://nsearchives.nseindia.com/corporate/BSENSE14082018_14082018171732_474.zip,"Maruti Suzuki India Limited has informed the Exchange regarding a press release dated August 14, 2018, titled ""Maruti Suzuki organises ��Freedom Service Camp�� to delight customers"".",,,Press Release,-,14082018171700,-,-,False,,,102868446,Automobiles - 4 Wheelers,INE585B01010,Maruti Suzuki India Limited,2018-08-14 17:17:00,MARUTI
14-Aug-2018 14:52:00,,https://nsearchives.nseindia.com/corporate/NSEBSE14082018_14082018145245_261.zip,"Maruti Suzuki India Limited has informed the Exchange regarding a press release dated August 14, 2018, titled ""Maruti Suzuki inaugurates an integrated water-supply system in Hansalpurvillage"".",,,Press Release,-,14082018145200,-,-,False,,,102868253,Automobiles - 4 Wheelers,INE585B01010,Maruti Suzuki India Limited,2018-08-14 14:52:00,MARUTI
09-Aug-2018 11:13:00,,https://nsearchives.nseindia.com/corporate/NSEBSE09082018_09082018111323_043.zip,"Maruti Suzuki India Limited has informed the Exchange regarding a press release dated August 09, 2018, titled ""Booking for New Ciaz opens at NEXA showrooms"".",,,Press Release,-,09082018111300,-,-,False,,,102857493,Automobiles - 4 Wheelers,INE585B01010,Maruti Suzuki India Limited,2018-08-09 11:13:00,MARUTI
08-Aug-2018 11:18:00,,https://nsearchives.nseindia.com/corporate/NSEBSE08082018_08082018111812_029.zip,"Maruti Suzuki India Limited has informed the Exchange regarding a press release dated August 08, 2018, titled ""On customer demand, Maruti Suzuki now launches AGS in top variants of all-new Swift"".",,,Press Release,-,08082018111800,-,-,False,,,102854547,Automobiles - 4 Wheelers,INE585B01010,Maruti Suzuki India Limited,2018-08-08 11:18:00,MARUTI
07-Aug-2018 18:45:00,,https://nsearchives.nseindia.com/corporate/BSENSE07082018_07082018184554_028.zip,Maruti Suzuki India Limited has informed the Exchange regarding 'Production in July 2018'.,,,Updates,-,07082018184500,-,-,False,,,102851484,Automobiles - 4 Wheelers,INE585B01010,Maruti Suzuki India Limited,2018-08-07 18:45:00,MARUTI
07-Aug-2018 11:20:00,,https://nsearchives.nseindia.com/corporate/NSEBSE07082018_07082018112020_668.zip,"Maruti Suzuki India Limited has informed the Exchange regarding a press release dated August 07, 2018, titled ""Maruti Suzuki inaugurates 11th Water ATM in Haryana; to tackle bad water quality faced by community"".",,,Press Release,-,07082018112000,-,-,False,,,102851067,Automobiles - 4 Wheelers,INE585B01010,Maruti Suzuki India Limited,2018-08-07 11:20:00,MARUTI
01-Aug-2018 12:28:00,,https://nsearchives.nseindia.com/corporate/BSENSE01082018_01082018122859_132.zip,"Maruti Suzuki India Limited has informed the Exchange regarding a press release dated August 01, 2018, titled ""Japan��s famed Mottainai Grandma comes to Gurugram"".",,,Press Release,-,01082018122800,-,-,False,,,102835628,Automobiles - 4 Wheelers,INE585B01010,Maruti Suzuki India Limited,2018-08-01 12:28:00,MARUTI
01-Aug-2018 12:20:00,,https://nsearchives.nseindia.com/corporate/NSEBSE01082018_01082018122057_127.zip,Maruti Suzuki India Limited has informed the Exchange regarding 'Disclosure under Regulation 30 '.,,,Updates,-,01082018122000,-,-,False,,,102835623,Automobiles - 4 Wheelers,INE585B01010,Maruti Suzuki India Limited,2018-08-01 12:20:00,MARUTI
01-Aug-2018 10:20:00,,https://nsearchives.nseindia.com/corporate/NSEBSE01082018_01082018102053_045.zip,"Maruti Suzuki India Limited has informed the Exchange regarding a press release dated August 01, 2018, titled ""Maruti Suzuki sales July 2018"".",,,Press Release,-,01082018102000,-,-,False,,,102835288,Automobiles - 4 Wheelers,INE585B01010,Maruti Suzuki India Limited,2018-08-01 10:20:00,MARUTI
30-Jul-2018 14:11:00,,https://nsearchives.nseindia.com/corporate/NSEBSE30072018_30072018141104_887.zip,Maruti Suzuki India Limited has informed the Exchange regarding 'Newspaper Notice'.,,,Updates,-,30072018141100,-,-,False,,,102827799,Automobiles - 4 Wheelers,INE585B01010,Maruti Suzuki India Limited,2018-07-30 14:11:00,MARUTI
30-Jul-2018 11:02:00,,https://nsearchives.nseindia.com/corporate/NSEBSE30072018_30072018110222_784.zip,"Maruti Suzuki India Limited has informed the Exchange regarding a press release dated July 30, 2018, titled ""Maruti Driving School network expands to 450 schools"".",,,Press Release,-,30072018110200,-,-,False,,,102827439,Automobiles - 4 Wheelers,INE585B01010,Maruti Suzuki India Limited,2018-07-30 11:02:00,MARUTI
27-Jul-2018 16:21:00,,https://nsearchives.nseindia.com/corporate/NSEBSE27072018_27072018162136_245.zip,Maruti Suzuki India Limited has informed the Exchange regarding 'Copy of published unaudited results'.,,,Updates,-,27072018162100,-,-,False,,,102823887,Automobiles - 4 Wheelers,INE585B01010,Maruti Suzuki India Limited,2018-07-27 16:21:00,MARUTI
26-Jul-2018 13:54:03,,https://nsearchives.nseindia.com/corporate/ResultsQ1_26072018135403.zip,"Maruti Suzuki India Limited has submitted to the Exchange, the financial results for the period ended June 30, 2018.",,,Financial Result Updates,-,26072018135403,-,-,False,,,121049,Automobiles - 4 Wheelers,INE585B01010,Maruti Suzuki India Limited,2018-07-26 13:54:03,MARUTI
26-Jul-2018 13:18:00,,https://nsearchives.nseindia.com/corporate/ResultsQ1_26072018131841_877.zip,"Maruti Suzuki India Limited has informed the Exchange regarding  Board meeting held on July 26, 2018.",,,Outcome of Board Meeting,-,26072018131800,-,-,False,,,102820151,Automobiles - 4 Wheelers,INE585B01010,Maruti Suzuki India Limited,2018-07-26 13:18:00,MARUTI
25-Jul-2018 11:17:00,,https://nsearchives.nseindia.com/corporate/NSEBSE25072018_1__25072018111754_367.zip,"Maruti Suzuki India Limited has informed the Exchange regarding a press release dated July 25, 2018, titled ""Maruti Suzuki releases Annual Report 2017-18"".",,,Press Release,-,25072018111700,-,-,False,,,102816231,Automobiles - 4 Wheelers,INE585B01010,Maruti Suzuki India Limited,2018-07-25 11:17:00,MARUTI
25-Jul-2018 10:01:00,,https://nsearchives.nseindia.com/corporate/NSEBSE25072018_25072018100157_350.zip,"Maruti Suzuki India Limited has informed the Exchange regarding a press release dated July 25, 2018, titled ""Important Information for Customers: Maruti Suzuki to Recall 1279 vehicles (new Swift & new Dzire)"".",,,Press Release,-,25072018100100,-,-,False,,,102815952,Automobiles - 4 Wheelers,INE585B01010,Maruti Suzuki India Limited,2018-07-25 10:01:00,MARUTI
24-Jul-2018 15:21:00,,https://nsearchives.nseindia.com/corporate/NSEBSE24072018_24072018152117_101.zip,"Maruti Suzuki India Limited has informed the Exchange regarding a press release dated July 24, 2018, titled ""Maruti Suzuki launches ��Suzuki Connect��"".",,,Press Release,-,24072018152100,-,-,False,,,102813133,Automobiles - 4 Wheelers,INE585B01010,Maruti Suzuki India Limited,2018-07-24 15:21:00,MARUTI
24-Jul-2018 11:23:00,,https://nsearchives.nseindia.com/corporate/Concall_24072018112342_998.zip,Maruti Suzuki India Limited has informed the Exchange regarding Analysts/Institutional Investor Meet/Con. Call Updates,,,Analysts/Institutional Investor Meet/Con. Call Updates,-,24072018112300,-,-,False,,,102813042,Automobiles - 4 Wheelers,INE585B01010,Maruti Suzuki India Limited,2018-07-24 11:23:00,MARUTI
23-Jul-2018 13:02:00,,https://nsearchives.nseindia.com/corporate/NSEBSE23072018_23072018130201_621.zip,"Maruti Suzuki India Limited has informed the Exchange regarding a press release dated July 23, 2018, titled ""Maruti Suzuki clocks 20 million production - A shining example of Make in India"".",,,Press Release,-,23072018130200,-,-,False,,,102809609,Automobiles - 4 Wheelers,INE585B01010,Maruti Suzuki India Limited,2018-07-23 13:02:00,MARUTI
19-Jul-2018 16:29:00,,https://nsearchives.nseindia.com/corporate/NSEBSE19072018_19072018162910_535.zip,"Maruti Suzuki India Limited has informed the Exchange regarding a press release dated July 19, 2018, titled ""Global oil brand ECSTAR now at Maruti Suzuki ARENA network"".",,,Press Release,-,19072018162900,-,-,False,,,102803831,Automobiles - 4 Wheelers,INE585B01010,Maruti Suzuki India Limited,2018-07-19 16:29:00,MARUTI
13-Jul-2018 18:21:00,,https://nsearchives.nseindia.com/corporate/NSEBSE13072018_13072018182118_286.zip,Maruti Suzuki India Limited has informed the Exchange regarding 'Newspaper Notice'.,,,Updates,-,13072018182100,-,-,False,,,102790230,Automobiles - 4 Wheelers,INE585B01010,Maruti Suzuki India Limited,2018-07-13 18:21:00,MARUTI
09-Jul-2018 16:51:00,,https://nsearchives.nseindia.com/corporate/NSEBSE09072018_09072018165124_292.zip,Maruti Suzuki India Limited has informed the Exchange regarding Newspaper Notice.,,,Updates,-,09072018165100,-,-,False,,,102777175,Automobiles - 4 Wheelers,INE585B01010,Maruti Suzuki India Limited,2018-07-09 16:51:00,MARUTI
06-Jul-2018 19:27:00,,https://nsearchives.nseindia.com/corporate/NSEBSE06072018_06072018192734_371.zip,"Maruti Suzuki India Limited has informed the Exchange regarding a press release dated July 06, 2018, titled ""PRODUCTION FIGURES"".",,,Press Release,-,06072018192700,-,-,False,,,102774241,Automobiles - 4 Wheelers,INE585B01010,Maruti Suzuki India Limited,2018-07-06 19:27:00,MARUTI
04-Jul-2018 12:57:00,,https://nsearchives.nseindia.com/corporate/NSEBSE04072018_04072018125755_401.zip,"Maruti Suzuki India Limited has informed the Exchange regarding a press release dated July 04, 2018, titled ""The first batch of ��Japan-India Institute for Manufacturing (JIM)�� inMehsana receive Certificate of Course Completion"".",,,Press Release,-,04072018125700,-,-,False,,,102767203,Automobiles - 4 Wheelers,INE585B01010,Maruti Suzuki India Limited,2018-07-04 12:57:00,MARUTI
03-Jul-2018 15:43:00,,https://nsearchives.nseindia.com/corporate/NSEBSE03072018_03072018154351_152.zip,"Maruti Suzuki India Limited has informed the Exchange regarding a press release dated July 03, 2018, titled ""Maruti Suzuki Vitara Brezza continues to dominate SUV market; clocks fastest 3 lakh sales"".",,,Press Release,-,03072018154300,-,-,False,,,102763947,Automobiles - 4 Wheelers,INE585B01010,Maruti Suzuki India Limited,2018-07-03 15:43:00,MARUTI
01-Jul-2018 10:22:00,,https://nsearchives.nseindia.com/corporate/NSEBSE01072018_01072018102250_502.zip,"Maruti Suzuki India Limited has informed the Exchange regarding a press release dated July 01, 2018, titled ""Maruti Suzuki sales in June 2018 and Quarter I, FY 2018-19"".",,,Press Release,-,01072018102200,-,-,False,,,102758579,Automobiles - 4 Wheelers,INE585B01010,Maruti Suzuki India Limited,2018-07-01 10:22:00,MARUTI
14-Jun-2018 12:08:00,,https://nsearchives.nseindia.com/corporate/NSEBSE14062018_14062018120800_046.zip,"Maruti Suzuki India Limited has informed the Exchange regarding a press release dated Jun 14, 2018, titled ""Maruti Suzuki��s unique DOJO way of skill training and enhancement"".",,,Press Release,-,14062018120800,-,-,False,,,102723009,Automobiles - 4 Wheelers,INE585B01010,Maruti Suzuki India Limited,2018-06-14 12:08:00,MARUTI
13-Jun-2018 12:12:00,,https://nsearchives.nseindia.com/corporate/NSEBSE13062018_13062018121251_055.zip,"Maruti Suzuki India Limited has informed the Exchange regarding a press release dated Jun 13, 2018, titled ""#AllNewSwift is India��s fastest car to clock sales of 1-lakh units"".",,,Press Release,-,13062018121200,-,-,False,,,102719624,Automobiles - 4 Wheelers,INE585B01010,Maruti Suzuki India Limited,2018-06-13 12:12:00,MARUTI
11-Jun-2018 14:41:00,,https://nsearchives.nseindia.com/corporate/NSEBSE11062018_11062018144137_505.zip,"Maruti Suzuki India Limited has informed the Exchange regarding a press release dated Jun 11, 2018, titled ""Maruti Suzuki inaugurates Manesar village��s Water ATM; provides access to safe drinking water"".",,,Press Release,-,11062018144100,-,-,False,,,102712960,Automobiles - 4 Wheelers,INE585B01010,Maruti Suzuki India Limited,2018-06-11 14:41:00,MARUTI
05-Jun-2018 15:28:00,,https://nsearchives.nseindia.com/corporate/NSEBSE05062018_05062018152806_863.zip,"Maruti Suzuki India Limited has informed the Exchange regarding a press release dated Jun 05, 2018, titled ""Maruti Suzuki innovations to reduce emissions and water use; cumulatively saves over 8.3lakh tonnes of CO2 "".",,,Press Release,-,05062018152800,-,-,False,,,102699687,Automobiles - 4 Wheelers,INE585B01010,Maruti Suzuki India Limited,2018-06-05 15:28:00,MARUTI
04-Jun-2018 17:49:00,,https://nsearchives.nseindia.com/corporate/NSEBSE04062018_04062018174944_510.zip,Maruti Suzuki India Limited has informed the Exchange regarding 'Production in May 2018'.,,,Updates,-,04062018174900,-,-,False,,,102696850,Automobiles - 4 Wheelers,INE585B01010,Maruti Suzuki India Limited,2018-06-04 17:49:00,MARUTI
01-Jun-2018 10:48:00,,https://nsearchives.nseindia.com/corporate/NSEBSE01062018_01062018104824_049.zip,"Maruti Suzuki India Limited has informed the Exchange regarding a press release dated Jun 01, 2018, titled ""Maruti Suzuki sales May 2018"".",,,Press Release,-,01062018104800,-,-,False,,,102692953,Automobiles - 4 Wheelers,INE585B01010,Maruti Suzuki India Limited,2018-06-01 10:48:00,MARUTI
31-May-2018 15:34:00,,https://nsearchives.nseindia.com/corporate/NSEBSE31052018_31052018153456_310.zip,"Maruti Suzuki India Limited has informed the Exchange regarding a press release dated May 31, 2018, titled ""Maruti Suzuki��s acclaimed Auto Gear Shift tech achieves new milestone, crosses 3-lakh sales"".",,,Press Release,-,31052018153400,-,-,False,,,102689967,Automobiles - 4 Wheelers,INE585B01010,Maruti Suzuki India Limited,2018-05-31 15:34:00,MARUTI
31-May-2018 10:24:00,,https://nsearchives.nseindia.com/corporate/NSEBSE31052018_31052018102414_067.zip,"Maruti Suzuki India Limited has informed the Exchange regarding a press release dated May 31, 2018, titled ""Girl from Maruti Suzuki supported school brings laurels in Board exam"".",,,Press Release,-,31052018102400,-,-,False,,,102689165,Automobiles - 4 Wheelers,INE585B01010,Maruti Suzuki India Limited,2018-05-31 10:24:00,MARUTI
25-May-2018 12:43:00,,https://nsearchives.nseindia.com/corporate/NSEBSE25052018_25052018124327_089.zip,"Maruti Suzuki India Limited has informed the Exchange regarding a press release dated May 25, 2018, titled ""Toyota and Suzuki Agree to Start Discussing Joint Projects forTechnological Development, Vehicle Production, and Market Development "".",,,Press Release,-,25052018124300,-,-,False,,,102674043,Automobiles - 4 Wheelers,INE585B01010,Maruti Suzuki India Limited,2018-05-25 12:43:00,MARUTI
09-May-2018 10:42:00,,https://nsearchives.nseindia.com/corporate/NSEBSE09052018_09052018104220_571.zip,"Maruti Suzuki India Limited has informed the Exchange regarding a press release dated May 09, 2018, titled ""India's No. 1 SUV Maruti Suzuki Vitara Brezza adds glamour with enhanced look, AGS option "".",,,Press Release,-,09052018104200,-,-,False,,,102631760,Automobiles - 4 Wheelers,INE585B01010,Maruti Suzuki India Limited,2018-05-09 10:42:00,MARUTI
04-May-2018 13:17:00,,https://nsearchives.nseindia.com/corporate/NSEBSE04052018_04052018131701_075.zip,"Maruti Suzuki India Limited has informed the Exchange regarding 'Production in April, 2018'.",,,Updates,-,04052018131700,-,-,False,,,102620847,Automobiles - 4 Wheelers,INE585B01010,Maruti Suzuki India Limited,2018-05-04 13:17:00,MARUTI
03-May-2018 16:57:00,,https://nsearchives.nseindia.com/corporate/NSEBSE03052018_03052018165744_150.zip,"Maruti Suzuki India Limited has informed the Exchange regarding a press release dated May 03, 2018, titled ""Honorable Chief Minister, Shri Nitish Kumar, unveils Bihar��s 1st state-of-the-artinstitute for driving training"".",,,Press Release,-,03052018165700,-,-,False,,,102617543,Automobiles - 4 Wheelers,INE585B01010,Maruti Suzuki India Limited,2018-05-03 16:57:00,MARUTI
01-May-2018 10:13:00,,https://nsearchives.nseindia.com/corporate/NSEBSE01052018_01052018101305_002.zip,"Maruti Suzuki India Limited has informed the Exchange regarding a press release dated May 01, 2018, titled ""Maruti Suzuki sales April 2018"".",,,Press Release,-,01052018101300,-,-,False,,,102612185,Automobiles - 4 Wheelers,INE585B01010,Maruti Suzuki India Limited,2018-05-01 10:13:00,MARUTI
27-Apr-2018 15:11:00,,https://nsearchives.nseindia.com/corporate/MARUTI_27042018151100.zip,"Maruti Suzuki India Limited has informed the Exchange that the Register of Members and Share Transfer Books of the Company shall remain closed from August 17, 2018 to August 23, 2018 (both days inclusive) for the purpose of Dividend . Further the Annual General Meeting of the Company is scheduled to be held on August 23, 2018.",,,Book Closure,-,27042018151100,-,-,False,,,102607397,Automobiles - 4 Wheelers,INE585B01010,Maruti Suzuki India Limited,2018-04-27 15:11:00,MARUTI
27-Apr-2018 14:55:29,,https://nsearchives.nseindia.com/corporate/MARUTI_27042018145529.zip,"Maruti Suzuki India Limited has submitted to the Exchange, the financial results for the period ended March 31, 2018.",,,Financial Result Updates,-,27042018145529,-,-,False,,,118910,Automobiles - 4 Wheelers,INE585B01010,Maruti Suzuki India Limited,2018-04-27 14:55:29,MARUTI
27-Apr-2018 14:28:00,,https://nsearchives.nseindia.com/corporate/MARUTI_27042018142815.zip,"Maruti Suzuki India Limited has informed the Exchange that the Board of Directors of the Company at its meeting held on April 27, 2018 has considered and recommended a final dividend aggregating INR 24,166 million i.e. INR 80 per share (Nominal value INR 5.00 per share) (Previous Year INR 22,656 million i.e. INR 75 per share) for the financial year 2017-18.",,,Dividend,-,27042018142800,-,-,False,,,102607393,Automobiles - 4 Wheelers,INE585B01010,Maruti Suzuki India Limited,2018-04-27 14:28:00,MARUTI
27-Apr-2018 14:05:00,,https://nsearchives.nseindia.com/corporate/Results2018_27042018140557_093.zip,"Maruti Suzuki India Limited has informed the Exchange regarding  Board meeting held on April 27, 2018.",,,Outcome of Board Meeting,-,27042018140500,-,-,False,,,102607388,Automobiles - 4 Wheelers,INE585B01010,Maruti Suzuki India Limited,2018-04-27 14:05:00,MARUTI
25-Apr-2018 14:48:00,,https://nsearchives.nseindia.com/corporate/NSEBSE25042018_25042018144837_137.zip,Maruti Suzuki India Limited has informed the Exchange regarding Analysts/Institutional Investor Meet/Con. Call Updates,,,Analysts/Institutional Investor Meet/Con. Call Updates,-,25042018144800,-,-,False,,,102601669,Automobiles - 4 Wheelers,INE585B01010,Maruti Suzuki India Limited,2018-04-25 14:48:00,MARUTI
18-Apr-2018 11:08:00,,https://nsearchives.nseindia.com/corporate/NSEBSE18042018_18042018110821_033.zip,"Maruti Suzuki India Limited has informed the Exchange regarding a press release dated April 18, 2018, titled ""Maruti Suzuki tops utility vehicle segment with 27.53% market share in 2017-18"".",,,Press Release,-,18042018110800,-,-,False,,,102584991,Automobiles - 4 Wheelers,INE585B01010,Maruti Suzuki India Limited,2018-04-18 11:08:00,MARUTI
11-Apr-2018 11:21:00,,https://nsearchives.nseindia.com/corporate/NSEBSE11042018_11042018112110_094.zip,Maruti Suzuki India Limited has informed the Exchange regarding 'Newspaper Notice'.,,,Updates,-,11042018112100,-,-,False,,,102566896,Automobiles - 4 Wheelers,INE585B01010,Maruti Suzuki India Limited,2018-04-11 11:21:00,MARUTI
10-Apr-2018 12:09:00,,https://nsearchives.nseindia.com/corporate/NSEBSE10042018_10042018120950_030.zip,"Maruti Suzuki India Limited has informed the Exchange regarding a press release dated April 10, 2018, titled ""Suzuki Starts Export of Model Produced at Gujarat Plant in India"".",,,Press Release,-,10042018120900,-,-,False,,,102562751,Automobiles - 4 Wheelers,INE585B01010,Maruti Suzuki India Limited,2018-04-10 12:09:00,MARUTI
05-Apr-2018 18:57:00,,https://nsearchives.nseindia.com/corporate/NSE05042018_05042018185719_668.zip,"Maruti Suzuki India Limited has submitted to the Exchange a copy of disclosure under Regulation 30(2) of SEBI (Substantial Acquisition of Shares & Takeovers) Regulations, 2011.",,,Disc. under Reg.30 of SEBI (SAST) Reg.2011,-,05042018185700,-,-,False,,,102552829,Automobiles - 4 Wheelers,INE585B01010,Maruti Suzuki India Limited,2018-04-05 18:57:00,MARUTI
05-Apr-2018 16:06:00,,https://nsearchives.nseindia.com/corporate/NSEBSE05042018_05042018160643_370.zip,Maruti Suzuki India Limited has informed the Exchange regarding 'Production in March 2018'.,,,Updates,-,05042018160600,-,-,False,,,102552633,Automobiles - 4 Wheelers,INE585B01010,Maruti Suzuki India Limited,2018-04-05 16:06:00,MARUTI
04-Apr-2018 11:40:00,,https://nsearchives.nseindia.com/corporate/Maruti_04042018114052_726.zip,"Maruti Suzuki India Limited has submitted to the Exchange a copy of disclosure under Regulation 30(1) and 30(2) of SEBI (Substantial Acquisition of Shares & Takeovers) Regulations, 2011.",,,Disc. under Reg.30 of SEBI (SAST) Reg.2011,-,04042018114000,-,-,False,,,102548567,Automobiles - 4 Wheelers,INE585B01010,Maruti Suzuki India Limited,2018-04-04 11:40:00,MARUTI
01-Apr-2018 10:02:00,,https://nsearchives.nseindia.com/corporate/nsebse01042018_01042018100228_001.zip,"Maruti Suzuki India Limited has informed the Exchange regarding a press release dated April 01, 2018, titled ""Maruti Suzuki Sales in March 2018 and 2017-18"".",,,Press Release,-,01042018100200,-,-,False,,,102541421,Automobiles - 4 Wheelers,INE585B01010,Maruti Suzuki India Limited,2018-04-01 10:02:00,MARUTI
29-Mar-2018 11:57:00,,https://nsearchives.nseindia.com/corporate/nsebse_29032018115723_597.zip,"Maruti Suzuki India Limited has informed the Exchange regarding a press release dated March 29, 2018, titled ""Toyota and Suzuki Reach Basic Agreement towards Mutual Supply of Hybrid and other Vehicles in India"".",,,Press Release,-,29032018115700,-,-,False,,,102539959,Automobiles - 4 Wheelers,INE585B01010,Maruti Suzuki India Limited,2018-03-29 11:57:00,MARUTI
21-Mar-2018 15:25:00,,https://nsearchives.nseindia.com/corporate/NSE21032018_21032018152540_260.zip,Maruti Suzuki India Limited has informed the Exchange regarding Appointment of Company Secretary and Compliance Officer.,,,Change in Company Secretary/Compliance Officer,-,21032018152500,-,-,False,,,102522630,Automobiles - 4 Wheelers,INE585B01010,Maruti Suzuki India Limited,2018-03-21 15:25:00,MARUTI
07-Mar-2018 14:55:00,,https://nsearchives.nseindia.com/corporate/NSEBSE07032018_07032018145548_329.zip,"Maruti Suzuki India Limited has informed the Exchange regarding the Trading Window closure pursuant to SEBI (Prohibition of Insider Trading) Regulations, 2015",,,Trading Window,-,07032018145500,-,-,False,,,102494031,Automobiles - 4 Wheelers,INE585B01010,Maruti Suzuki India Limited,2018-03-07 14:55:00,MARUTI
07-Mar-2018 10:21:00,,https://nsearchives.nseindia.com/corporate/nsebse07032018_07032018102123_253.zip,Maruti Suzuki India Limited has informed the Exchange regarding 'Production figures'.,,,Updates,-,07032018102100,-,-,False,,,102492736,Automobiles - 4 Wheelers,INE585B01010,Maruti Suzuki India Limited,2018-03-07 10:21:00,MARUTI
05-Mar-2018 11:03:00,,https://nsearchives.nseindia.com/corporate/nsebse05032018_05032018110303_112.zip,"Maruti Suzuki India Limited has informed the Exchange regarding a press release dated March 05, 2018, titled ""India��s most loved car Alto scales a unique feat of cumulative 35 lakh sales"".",,,Press Release,-,05032018110300,-,-,False,,,102487773,Automobiles - 4 Wheelers,INE585B01010,Maruti Suzuki India Limited,2018-03-05 11:03:00,MARUTI
01-Mar-2018 14:32:00,,https://nsearchives.nseindia.com/corporate/NSE_01032018143245_107.zip,Maruti Suzuki India Limited has informed the Exchange regarding Change in Company Secretary/ Chief Legal Officer,,,Change in Company Secretary/Compliance Officer,-,01032018143200,-,-,False,,,102484172,Automobiles - 4 Wheelers,INE585B01010,Maruti Suzuki India Limited,2018-03-01 14:32:00,MARUTI
01-Mar-2018 10:02:00,,https://nsearchives.nseindia.com/corporate/NSE_01032018100216_021.zip,"Maruti Suzuki India Limited has informed the Exchange regarding a press release dated March 01, 2018, titled ""Maruti Suzuki sales February 2018"".",,,Press Release,-,01032018100200,-,-,False,,,102482020,Automobiles - 4 Wheelers,INE585B01010,Maruti Suzuki India Limited,2018-03-01 10:02:00,MARUTI
09-Feb-2018 15:14:00,,https://nsearchives.nseindia.com/corporate/NSEBSE09022018_09022018151459_350.zip,"Maruti Suzuki India Limited has informed the Exchange regarding a press release dated February 09, 2018, titled ""Maruti Suzuki organizes a flash mob to promote seat belt usage at Auto Expo 2018"".",,,Press Release,-,09022018151400,-,-,False,,,102441669,Automobiles - 4 Wheelers,INE585B01010,Maruti Suzuki India Limited,2018-02-09 15:14:00,MARUTI
08-Feb-2018 12:29:00,,https://nsearchives.nseindia.com/corporate/NSEBSE08022018_08022018122934_704.zip,"Maruti Suzuki India Limited has informed the Exchange regarding a press release dated February 08, 2018, titled ""Maruti Suzuki��s #AllNewSwift arrives to a grand reception at Auto Expo 2018"".",,,Press Release,-,08022018122900,-,-,False,,,102438059,Automobiles - 4 Wheelers,INE585B01010,Maruti Suzuki India Limited,2018-02-08 12:29:00,MARUTI
07-Feb-2018 17:15:00,,https://nsearchives.nseindia.com/corporate/nsebse722018_07022018171554_384.zip,"Maruti Suzuki India Limited has informed the Exchange regarding a press release dated February 07, 2018, titled ""India Premiere of # e-SURVIVOR Concept"".",,,Press Release,-,07022018171500,-,-,False,,,102434706,Automobiles - 4 Wheelers,INE585B01010,Maruti Suzuki India Limited,2018-02-07 17:15:00,MARUTI
07-Feb-2018 07:55:00,,https://nsearchives.nseindia.com/corporate/NSE07022018_07022018075544_001.zip,"Maruti Suzuki India Limited has informed the Exchange regarding a press release dated February 07, 2018, titled ""Global Premiere of #ConceptFutureS"".",,,Press Release,-,07022018075500,-,-,False,,,102432260,Automobiles - 4 Wheelers,INE585B01010,Maruti Suzuki India Limited,2018-02-07 07:55:00,MARUTI
05-Feb-2018 17:08:00,,https://nsearchives.nseindia.com/corporate/05022018_05022018170836_551.zip,Maruti Suzuki India Limited has informed the Exchange regarding Monthly Business Updates for the month of Jan 2018,,,Monthly Business Updates,-,05022018170800,-,-,False,,,102427964,Automobiles - 4 Wheelers,INE585B01010,Maruti Suzuki India Limited,2018-02-05 17:08:00,MARUTI
01-Feb-2018 10:33:00,,https://nsearchives.nseindia.com/corporate/NSEBSE_01022018103313_325.zip,"Maruti Suzuki India Limited has informed the Exchange regarding a press release dated February 01, 2018, titled ""Maruti Suzuki sales January 2018"".",,,Press Release,-,01022018103300,-,-,False,,,102420644,Automobiles - 4 Wheelers,INE585B01010,Maruti Suzuki India Limited,2018-02-01 10:33:00,MARUTI
25-Jan-2018 18:59:00,,https://nsearchives.nseindia.com/corporate/NSEBSE_revised__25012018185907_013.zip,"Maruti Suzuki India Limited has informed the Exchange regarding a revised press release dated January 25, 2018, titled ""CORRECTION IN Maruti Suzuki Financial Results Q3 (Oct-Dec) 2017-18"".",,,Press Release (Revised),-,25012018185900,-,-,False,,,102408542,Automobiles - 4 Wheelers,INE585B01010,Maruti Suzuki India Limited,2018-01-25 18:59:00,MARUTI
25-Jan-2018 16:28:11,,https://nsearchives.nseindia.com/corporate/MARUTI_results_25012018162811.zip,"Maruti Suzuki India Limited has submitted to the Exchange, the financial results for the period ended December 31, 2017.",,,Financial Result Updates,-,25012018162811,-,-,False,,,117312,Automobiles - 4 Wheelers,INE585B01010,Maruti Suzuki India Limited,2018-01-25 16:28:11,MARUTI
25-Jan-2018 15:41:00,,https://nsearchives.nseindia.com/corporate/resultsQ3_25012018154117_783.zip,"Maruti Suzuki India Limited has informed the Exchange regarding Outcome of Board Meeting held on January 25, 2018.",,,Outcome of Board Meeting,-,25012018154100,-,-,False,,,102408379,Automobiles - 4 Wheelers,INE585B01010,Maruti Suzuki India Limited,2018-01-25 15:41:00,MARUTI
25-Jan-2018 15:11:00,,https://nsearchives.nseindia.com/corporate/NSEBSEconcall_25012018151152_756.zip,Maruti Suzuki India Limited has informed the Exchange regarding Analysts/Institutional Investor Meet/Con. Call Updates,,,Analysts/Institutional Investor Meet/Con. Call Updates,-,25012018151100,-,-,False,,,102408362,Automobiles - 4 Wheelers,INE585B01010,Maruti Suzuki India Limited,2018-01-25 15:11:00,MARUTI
25-Jan-2018 13:40:00,,https://nsearchives.nseindia.com/corporate/25012018_25012018134017_688.zip,Maruti Suzuki India Limited has informed the Exchange regarding Analysts/Institutional Investor Meet/Con. Call Updates,,,Analysts/Institutional Investor Meet/Con. Call Updates,-,25012018134000,-,-,False,,,102408319,Automobiles - 4 Wheelers,INE585B01010,Maruti Suzuki India Limited,2018-01-25 13:40:00,MARUTI
24-Jan-2018 14:14:00,,https://nsearchives.nseindia.com/corporate/NSE24012018_24012018141417_185.zip,"Maruti Suzuki India Limited has informed the Exchange regarding a press release dated January 24, 2018, titled ""Maruti Suzuki at Auto Expo 2018"".",,,Press Release,-,24012018141400,-,-,False,,,102404853,Automobiles - 4 Wheelers,INE585B01010,Maruti Suzuki India Limited,2018-01-24 14:14:00,MARUTI
24-Jan-2018 13:50:00,,https://nsearchives.nseindia.com/corporate/NSE24012018_24012018135004_171.zip,Maruti Suzuki India Limited has informed the Exchange regarding Analysts/Institutional Investor Meet/Con. Call Updates,,,Analysts/Institutional Investor Meet/Con. Call Updates,-,24012018135000,-,-,False,,,102404839,Automobiles - 4 Wheelers,INE585B01010,Maruti Suzuki India Limited,2018-01-24 13:50:00,MARUTI
18-Jan-2018 13:07:00,,https://nsearchives.nseindia.com/corporate/NSEBSE18012018_18012018130701_078.zip,"Maruti Suzuki India Limited has informed the Exchange regarding a press release dated January 18, 2018, titled ""India debut of Maruti Suzuki's All-New Swift at Auto Expo 2018"".",,,Press Release,-,18012018130700,-,-,False,,,102390958,Automobiles - 4 Wheelers,INE585B01010,Maruti Suzuki India Limited,2018-01-18 13:07:00,MARUTI
10-Jan-2018 17:55:00,,https://nsearchives.nseindia.com/corporate/10012018_10012018175526_233.zip,"Maruti Suzuki India Limited has informed the Exchange regarding a press release dated January 10, 2018, titled ""Maruti Suzuki Announces Price Increase"".",,,Press Release,-,10012018175500,-,-,False,,,102372734,Automobiles - 4 Wheelers,INE585B01010,Maruti Suzuki India Limited,2018-01-10 17:55:00,MARUTI
09-Jan-2018 17:28:00,,https://nsearchives.nseindia.com/corporate/09012018_09012018172805_253.zip,"Maruti Suzuki India Limited has informed the Exchange regarding a press release dated January 09, 2018, titled ""Maruti Suzuki to support Delhi police initiative to introduce Traffic Safety Management System(TSMS) in the Capital"".",,,Press Release,-,09012018172800,-,-,False,,,102369145,Automobiles - 4 Wheelers,INE585B01010,Maruti Suzuki India Limited,2018-01-09 17:28:00,MARUTI
08-Jan-2018 10:46:00,,https://nsearchives.nseindia.com/corporate/08012018_08012018104651_434.zip,"Maruti Suzuki India Limited has informed the Exchange regarding a press release dated January 08, 2018, titled ""#ConceptFutureS: Fresh design language for a new compact car segmentGlobal preview at Auto Expo"".",,,Press Release,-,08012018104600,-,-,False,,,102365523,Automobiles - 4 Wheelers,INE585B01010,Maruti Suzuki India Limited,2018-01-08 10:46:00,MARUTI
05-Jan-2018 18:15:00,,https://nsearchives.nseindia.com/corporate/NSEBSE05012018_05012018181551_255.zip,Maruti Suzuki India Limited has informed the Exchange regarding 'Production in December 2017'.,,,Updates,-,05012018181500,-,-,False,,,102363468,Automobiles - 4 Wheelers,INE585B01010,Maruti Suzuki India Limited,2018-01-05 18:15:00,MARUTI
01-Jan-2018 11:13:00,,https://nsearchives.nseindia.com/corporate/01012018_01012018111309_163.zip,"Maruti Suzuki India Limited has informed the Exchange regarding a press release dated January 01, 2018, titled ""Maruti Suzuki sales December 2017"".",,,Press Release,-,01012018111300,-,-,False,,,102353014,Automobiles - 4 Wheelers,INE585B01010,Maruti Suzuki India Limited,2018-01-01 11:13:00,MARUTI
27-Dec-2017 16:44:00,,https://nsearchives.nseindia.com/corporate/NSEBSE27122017_27122017164401_752.zip,"Maruti Suzuki India Limited has informed the Exchange regarding a press release dated December 27, 2017, titled ""Maruti Suzuki to set up 12 ��Automated Driving Test Centers�� in the Capital"".",,,Press Release,-,27122017164400,-,-,False,,,102343956,Automobiles - 4 Wheelers,INE585B01010,Maruti Suzuki India Limited,2017-12-27 16:44:00,MARUTI
06-Dec-2017 13:20:00,,https://nsearchives.nseindia.com/corporate/06122017_06122017132024_067.zip,"Maruti Suzuki India Limited has informed the Exchange regarding the Trading Window closure pursuant to SEBI (Prohibition of Insider Trading) Regulations, 2015",,,Trading Window,-,06122017132000,-,-,False,,,102300638,Automobiles - 4 Wheelers,INE585B01010,Maruti Suzuki India Limited,2017-12-06 13:20:00,MARUTI
05-Dec-2017 17:03:00,,https://nsearchives.nseindia.com/corporate/05122017_05122017170334_450.zip,Maruti Suzuki India Limited has informed the Exchange regarding 'Production in November 2017'.,,,Updates,-,05122017170300,-,-,False,,,102297490,Automobiles - 4 Wheelers,INE585B01010,Maruti Suzuki India Limited,2017-12-05 17:03:00,MARUTI
01-Dec-2017 13:23:00,,https://nsearchives.nseindia.com/corporate/NSEBSE_01122017132323_461.zip,"Maruti Suzuki India Limited has informed the Exchange regarding a press release dated December 01, 2017, titled ""Maruti Suzuki expands the Celerio family, adds bold, sporty and trendy CelerioX"".",,,Press Release,-,01122017132300,-,-,False,,,102291635,Automobiles - 4 Wheelers,INE585B01010,Maruti Suzuki India Limited,2017-12-01 13:23:00,MARUTI
01-Dec-2017 10:15:00,,https://nsearchives.nseindia.com/corporate/NSEBSE01122017_01122017101549_370.zip,"Maruti Suzuki India Limited has informed the Exchange regarding a press release dated December 01, 2017, titled ""Maruti Suzuki sales November 2017"".",,,Press Release,-,01122017101500,-,-,False,,,102290877,Automobiles - 4 Wheelers,INE585B01010,Maruti Suzuki India Limited,2017-12-01 10:15:00,MARUTI
28-Nov-2017 12:43:00,,https://nsearchives.nseindia.com/corporate/NSEBSE_28112017124334_352.zip,"Maruti Suzuki India Limited has informed the Exchange regarding a press release dated November 28, 2017, titled ""Maruti Suzuki urges all car occupants to wear seat belt"".",,,Press Release,-,28112017124300,-,-,False,,,102283455,Automobiles - 4 Wheelers,INE585B01010,Maruti Suzuki India Limited,2017-11-28 12:43:00,MARUTI
28-Nov-2017 12:14:00,,https://nsearchives.nseindia.com/corporate/NSEBSE28112017_28112017121408_340.zip,"Maruti Suzuki India Limited has informed the Exchange regarding Cessation of Mr Shigetoshi Torii as Executive Director of the company w.e.f. November 28, 2017.",,,Cessation,-,28112017121400,-,-,False,,,102283445,Automobiles - 4 Wheelers,INE585B01010,Maruti Suzuki India Limited,2017-11-28 12:14:00,MARUTI
08-Nov-2017 11:14:00,,https://nsearchives.nseindia.com/corporate/08112017_08112017111403_035.zip,"Maruti Suzuki India Limited has informed the Exchange regarding a press release dated November 08, 2017, titled ""Production in October 2017"".",,,Press Release,-,08112017111400,-,-,False,,,102235469,Automobiles - 4 Wheelers,INE585B01010,Maruti Suzuki India Limited,2017-11-08 11:14:00,MARUTI
01-Nov-2017 10:19:00,,https://nsearchives.nseindia.com/corporate/NSEBSE01112017_01112017101958_986.zip,"Maruti Suzuki India Limited has informed the Exchange regarding a press release dated November 01, 2017, titled ""Maruti Suzuki sales October 2017"".",,,Press Release,-,01112017101900,-,-,False,,,102217083,Automobiles - 4 Wheelers,INE585B01010,Maruti Suzuki India Limited,2017-11-01 10:19:00,MARUTI
27-Oct-2017 13:50:48,,https://nsearchives.nseindia.com/corporate/Maruti_Results_27102017135048.zip,"Maruti Suzuki India Limited has submitted to the Exchange, the financial results for the period ended September 30, 2017.",,,Financial Result Updates,-,27102017135048,-,-,False,,,115475,Automobiles - 4 Wheelers,INE585B01010,Maruti Suzuki India Limited,2017-10-27 13:50:48,MARUTI
27-Oct-2017 13:39:00,,https://nsearchives.nseindia.com/corporate/NSEBSE27102017_27102017133924_556.zip,"Maruti Suzuki India Limited has informed the Exchange regarding Outcome of Board Meeting held on October 27, 2017.",,,Outcome of Board Meeting,-,27102017133900,-,-,False,,,102209376,Automobiles - 4 Wheelers,INE585B01010,Maruti Suzuki India Limited,2017-10-27 13:39:00,MARUTI
24-Oct-2017 16:15:00,,https://nsearchives.nseindia.com/corporate/NSEBSE24102017_24102017161524_187.zip,Maruti Suzuki India Limited has informed the Exchange regarding Analysts/Institutional Investor Meet/Con. Call Updates,,,Analysts/Institutional Investor Meet/Con. Call Updates,-,24102017161500,-,-,False,,,102198923,Automobiles - 4 Wheelers,INE585B01010,Maruti Suzuki India Limited,2017-10-24 16:15:00,MARUTI
17-Oct-2017 12:05:00,,https://nsearchives.nseindia.com/corporate/NSEBSE17102017_17102017120510_853.zip,"Maruti Suzuki India Limited has informed the Exchange regarding a press release dated October 17, 2017, titled ""All new Dzire scores the fastest 1-lakh sales mark in Indian automobile history"".",,,Press Release,-,17102017120500,-,-,False,,,102187690,Automobiles - 4 Wheelers,INE585B01010,Maruti Suzuki India Limited,2017-10-17 12:05:00,MARUTI
05-Oct-2017 14:07:00,,https://nsearchives.nseindia.com/corporate/05102017_05102017140745_118.zip,"Maruti Suzuki India Limited has informed the Exchange regarding a press release dated October 05, 2017, titled ""Maruti Suzuki launches refreshed CELERIO to delight buyers this festive season"".",,,Press Release,-,05102017140700,-,-,False,,,102160453,Automobiles - 4 Wheelers,INE585B01010,Maruti Suzuki India Limited,2017-10-05 14:07:00,MARUTI
05-Oct-2017 12:43:00,,https://nsearchives.nseindia.com/corporate/05102017_05102017124340_085.zip,"Maruti Suzuki India Limited has informed the Exchange regarding a press release dated October 05, 2017, titled ""Production Figures"".",,,Press Release,-,05102017124300,-,-,False,,,102160433,Automobiles - 4 Wheelers,INE585B01010,Maruti Suzuki India Limited,2017-10-05 12:43:00,MARUTI
01-Oct-2017 11:12:00,,https://nsearchives.nseindia.com/corporate/BSENSE01102017_01102017111214_512.zip,"Maruti Suzuki India Limited has informed the Exchange regarding a press release dated October 01, 2017, titled ""Maruti Suzuki drives-in the all-new S-Cross "".",,,Press Release,-,01102017111200,-,-,False,,,102151718,Automobiles - 4 Wheelers,INE585B01010,Maruti Suzuki India Limited,2017-10-01 11:12:00,MARUTI
01-Oct-2017 10:21:00,,https://nsearchives.nseindia.com/corporate/NSEBSE01102017_01102017102112_511.zip,"Maruti Suzuki India Limited has informed the Exchange regarding a press release dated October 01, 2017, titled ""Maruti Suzuki sales September 2017"".",,,Press Release,-,01102017102100,-,-,False,,,102151717,Automobiles - 4 Wheelers,INE585B01010,Maruti Suzuki India Limited,2017-10-01 10:21:00,MARUTI
29-Sep-2017 14:52:00,,https://nsearchives.nseindia.com/corporate/NSEBSE_29092017_29092017145248_894.zip,"Maruti Suzuki India Limited has informed the Exchange regarding a press release dated September 29, 2017, titled ""Maruti Suzuki brings global ECSTAR brand to India"".",,,Press Release,-,29092017145200,-,-,False,,,102150033,Automobiles - 4 Wheelers,INE585B01010,Maruti Suzuki India Limited,2017-09-29 14:52:00,MARUTI
26-Sep-2017 10:35:00,,https://nsearchives.nseindia.com/corporate/NSEBSE26092017_26092017103528_037.zip,"Maruti Suzuki India Limited has informed the Exchange regarding a press release dated September 26, 2017, titled ""India��s popular car WagonR scales unique feat of cumulative two-million sales"".",,,Press Release,-,26092017103500,-,-,False,,,102138423,Automobiles - 4 Wheelers,INE585B01010,Maruti Suzuki India Limited,2017-09-26 10:35:00,MARUTI
25-Sep-2017 15:04:00,,https://nsearchives.nseindia.com/corporate/NSEBSE25091017__25092017150427_192.zip,"Maruti Suzuki India Limited has informed the Exchange regarding a press release dated September 25, 2017, titled ""All-new S-Cross set to check into NEXA showrooms this festive season  "".",,,Press Release,-,25092017150400,-,-,False,,,102135629,Automobiles - 4 Wheelers,INE585B01010,Maruti Suzuki India Limited,2017-09-25 15:04:00,MARUTI
06-Sep-2017 10:43:00,,https://nsearchives.nseindia.com/corporate/Evotingproceedings_06092017104320_015.zip,"Maruti Suzuki India Limited has informed the Exchange regarding Proceedings of  Annual General Meeting held on September 05, 2017. Further, the company has informed the Exchange regarding voting results.",,,Shareholders meeting,-,06092017104300,-,-,False,,,102086877,Automobiles - 4 Wheelers,INE585B01010,Maruti Suzuki India Limited,2017-09-06 10:43:00,MARUTI
04-Sep-2017 18:22:00,,https://nsearchives.nseindia.com/corporate/4092017_04092017182206_685.zip,Maruti Suzuki India Limited has informed the Exchange regarding 'Production in August 2017'.,,,Updates,-,04092017182200,-,-,False,,,102079680,Automobiles - 4 Wheelers,INE585B01010,Maruti Suzuki India Limited,2017-09-04 18:22:00,MARUTI
01-Sep-2017 10:08:00,,https://nsearchives.nseindia.com/corporate/NSEBSE01092017_01092017100858_026.zip,"Maruti Suzuki India Limited has informed the Exchange regarding a press release dated September 01, 2017, titled ""Maruti Suzuki sales August 2017"".",,,Press Release,-,01092017100800,-,-,False,,,102073482,Automobiles - 4 Wheelers,INE585B01010,Maruti Suzuki India Limited,2017-09-01 10:08:00,MARUTI
30-Aug-2017 12:27:00,,https://nsearchives.nseindia.com/corporate/NSEBSE30082017_30082017122747_269.zip,"Maruti Suzuki India Limited has informed the Exchange regarding a press release dated August 30, 2017, titled ""Maruti Suzuki to rebrand its sales channel, introducing ""Maruti Suzuki ARENA"""".",,,Press Release,-,30082017122700,-,-,False,,,102067849,Automobiles - 4 Wheelers,INE585B01010,Maruti Suzuki India Limited,2017-08-30 12:27:00,MARUTI
14-Aug-2017 15:08:00,,https://nsearchives.nseindia.com/corporate/MARUTI_14082017150825.zip,"Maruti Suzuki India Limited has informed the Exchange that the Company has fixed August 29, 2017 as the cut-off / record date for the purpose of determining the members entitled to avail the facility of remote e-voting as well as voting at Annual General Meeting of the Company to be held on 5th September, 2017.",,,Updates,-,14082017150800,-,-,False,,,102032598,Automobiles - 4 Wheelers,INE585B01010,Maruti Suzuki India Limited,2017-08-14 15:08:00,MARUTI
10-Aug-2017 14:08:00,,https://nsearchives.nseindia.com/corporate/10082017_10082017140833_902.zip,"Maruti Suzuki India Limited has informed the Exchange regarding a press release dated August 10, 2017, titled ""New True Value   Transforming buying experience of a pre-owned car"".",,,Press Release,-,10082017140800,-,-,False,,,102024377,Automobiles - 4 Wheelers,INE585B01010,Maruti Suzuki India Limited,2017-08-10 14:08:00,MARUTI
04-Aug-2017 17:05:00,,https://nsearchives.nseindia.com/corporate/NSEBSE04082017_04082017170502_057.zip,Maruti Suzuki India Limited has informed the Exchange regarding Production in July 2017.,,,Updates,-,04082017170500,-,-,False,,,102008679,Automobiles - 4 Wheelers,INE585B01010,Maruti Suzuki India Limited,2017-08-04 17:05:00,MARUTI
03-Aug-2017 09:54:00,,https://nsearchives.nseindia.com/corporate/nsebse_03082017095428_050.zip,"Maruti Suzuki India Limited has informed the Exchange regarding a press release dated August 03, 2017, titled ""Maruti Suzuki now expands Auto Gear Shift portfolio in IGNIS on Alpha trim"".",,,Press Release,-,03082017095400,-,-,False,,,102002507,Automobiles - 4 Wheelers,INE585B01010,Maruti Suzuki India Limited,2017-08-03 09:54:00,MARUTI
01-Aug-2017 10:23:00,,https://nsearchives.nseindia.com/corporate/NSEBSE01082017_01082017102345_842.zip,"Maruti Suzuki India Limited has informed the Exchange regarding a press release dated August 01, 2017, titled ""Maruti Suzuki sales July 2017."".",,,Press Release,-,01082017102300,-,-,False,,,101996544,Automobiles - 4 Wheelers,INE585B01010,Maruti Suzuki India Limited,2017-08-01 10:23:00,MARUTI
27-Jul-2017 14:20:00,,https://nsearchives.nseindia.com/corporate/MARUTI_27072017141843.zip,"Maruti Suzuki India Limited has informed the Exchange regarding Outcome of Board Meeting held on July 27, 2017.",,,Outcome of Board Meeting,-,27072017142000,-,-,False,,,101985219,Automobiles - 4 Wheelers,INE585B01010,Maruti Suzuki India Limited,2017-07-27 14:20:00,MARUTI
27-Jul-2017 13:32:48,,https://nsearchives.nseindia.com/corporate/resultsQ1_27072017133248.zip,"Maruti Suzuki India Limited has submitted to the Exchange, the financial results for the period ended June 30, 2017.",,,Financial Result Updates,-,27072017133248,-,-,False,,,113846,Automobiles - 4 Wheelers,INE585B01010,Maruti Suzuki India Limited,2017-07-27 13:32:48,MARUTI
26-Jul-2017 15:59:00,,https://nsearchives.nseindia.com/corporate/NSEBSE26072017_26072017155911_261.zip,"Maruti Suzuki India Limited has informed the Exchange regarding a press release dated July 26, 2017, titled ""NEXA now set to redefine car service in India"".",,,Press Release,-,26072017155900,-,-,False,,,101981382,Automobiles - 4 Wheelers,INE585B01010,Maruti Suzuki India Limited,2017-07-26 15:59:00,MARUTI
25-Jul-2017 11:51:00,,https://nsearchives.nseindia.com/corporate/NSEBSE25072017_25072017115155_803.zip,Maruti Suzuki India Limited has informed the Exchange regarding Analysts/Institutional Investor Meet/Con. Call Updates,,,Analysts/Institutional Investor Meet/Con. Call Updates,-,25072017115100,-,-,False,,,101977087,Automobiles - 4 Wheelers,INE585B01010,Maruti Suzuki India Limited,2017-07-25 11:51:00,MARUTI
12-Jul-2017 17:45:00,,https://nsearchives.nseindia.com/corporate/NSEBSE12072107_12072017174511_248.zip,"Maruti Suzuki India Limited has informed the Exchange that Pursuant to Regulation 30 and 47 of SEBI (Listing Obligations and Disclosure Requirements) Regulations, 2015, we hereby inform that a notice has been published in 'The Financial Express' (English newspaper) and 'Jansatta' (Hindi newspaper) on July 12, 2017, intimating the date of upcoming Board Meeting. The said notices have also been placed on the Company's website at www.marutisuzuki.com for the reference of all the investors.",,,Others,-,12072017174500,-,-,False,,,101943190,Automobiles - 4 Wheelers,INE585B01010,Maruti Suzuki India Limited,2017-07-12 17:45:00,MARUTI
07-Jul-2017 12:31:00,,https://nsearchives.nseindia.com/corporate/approvalintimation07072017_07072017123100_026.zip,"Maruti Suzuki India Limited has informed the Exchange that the National Company Law Tribunal ( NCLT ) vide its order dated June 27, 2017 has approved the scheme of amalgamation of Maruti Suzuki India Limited ( Amalgamated Company ) and seven of its wholly owned subsidiary companies, i.e., (i) Maruti Insurance Business Agency Limited; (ii) Maruti Insurance Distribution Services Limited; (iii) Maruti Insurance Agency Network Limited; (iv) Maruti Insurance Agency Solutions Limited; (v) Maruti Insurance Agency Services Limited; (vi) Maruti Insurance Agency Logistics Limited and (vii) Maruti Insurance Broker Limited ( Amalgamating Companies ).",,,Amalgamation/Merger,-,07072017123100,-,-,False,,,101931131,Automobiles - 4 Wheelers,INE585B01010,Maruti Suzuki India Limited,2017-07-07 12:31:00,MARUTI
04-Jul-2017 11:37:00,,https://nsearchives.nseindia.com/corporate/NSEBSE04072017_04072017113740_762.zip,"Maruti Suzuki India Limited has informed the Exchange regarding ""A"", the production figures of the Company for the month of June 2017.",,,Updates,-,04072017113700,-,-,False,,,101920232,Automobiles - 4 Wheelers,INE585B01010,Maruti Suzuki India Limited,2017-07-04 11:37:00,MARUTI
01-Jul-2017 10:56:00,,https://nsearchives.nseindia.com/corporate/NSEBSE_01072017_01072017105625_006.zip,"Maruti Suzuki India Limited has informed the Exchange regarding a press release dated July 01, 2017, titled ""Maruti Suzuki passes on GST benefits on vehicles to customers"".",,,Press Release,-,01072017105600,-,-,False,,,101913640,Automobiles - 4 Wheelers,INE585B01010,Maruti Suzuki India Limited,2017-07-01 10:56:00,MARUTI
01-Jul-2017 10:30:00,,https://nsearchives.nseindia.com/corporate/NseBse01072017_01072017103014_003.zip,"Maruti Suzuki India Limited has informed the Exchange regarding a press release dated July 01, 2017, titled ""Maruti Suzuki sales in 1st Quarter, 2017-18 and June 2017"".",,,Press Release,-,01072017103000,-,-,False,,,101913638,Automobiles - 4 Wheelers,INE585B01010,Maruti Suzuki India Limited,2017-07-01 10:30:00,MARUTI
07-Jun-2017 12:03:00,,https://nsearchives.nseindia.com/corporate/NSEBSE07062017_07062017120322_435.zip,"Maruti Suzuki India Limited has informed the Exchange regarding the Trading Window closure pursuant to SEBI (Prohibition of Insider Trading) Regulations, 2015",,,Trading Window,-,07062017120300,-,-,False,,,101848772,Automobiles - 4 Wheelers,INE585B01010,Maruti Suzuki India Limited,2017-06-07 12:03:00,MARUTI
07-Jun-2017 11:05:00,,https://nsearchives.nseindia.com/corporate/NSEBSE07062017_07062017110519_409.zip,Maruti Suzuki India Limited has informed the Exchange regarding Production in May 2017.,,,Updates,-,07062017110500,-,-,False,,,101848755,Automobiles - 4 Wheelers,INE585B01010,Maruti Suzuki India Limited,2017-06-07 11:05:00,MARUTI
01-Jun-2017 10:52:00,,https://nsearchives.nseindia.com/corporate/01062017_01062017105220_436.zip,"Maruti Suzuki India Limited has informed the Exchange regarding a press release dated Jun 01, 2017, titled ""Maruti Suzuki sales May 2017."".",,,Press Release,-,01062017105200,-,-,False,,,101832287,Automobiles - 4 Wheelers,INE585B01010,Maruti Suzuki India Limited,2017-06-01 10:52:00,MARUTI
25-May-2017 16:11:00,,https://nsearchives.nseindia.com/corporate/PressRelease25052017_25052017161140_045.zip,"Maruti Suzuki India Limited has informed the Exchange regarding a press release dated May 25, 2017, titled ""Maruti Suzuki to start 15 Automobile Skill Enhancement Centres by August"".",,,Press Release,-,25052017161100,-,-,False,,,101810453,Automobiles - 4 Wheelers,INE585B01010,Maruti Suzuki India Limited,2017-05-25 16:11:00,MARUTI
16-May-2017 12:37:00,,https://nsearchives.nseindia.com/corporate/16052017DZIRE_16052017123738_244.zip,"Maruti Suzuki India Limited has informed the Exchange regarding a press release dated May 16, 2017, titled ""All-new Dzire is here to redefine the market"".",,,Press Release,-,16052017123700,-,-,False,,,101780200,Automobiles - 4 Wheelers,INE585B01010,Maruti Suzuki India Limited,2017-05-16 12:37:00,MARUTI
08-May-2017 11:27:00,,https://nsearchives.nseindia.com/corporate/NSEBSE8052017_08052017112746_826.zip,"Maruti Suzuki India Limited has informed the Exchange regarding Demise of Mr Amal Ganguli, Independent Director of the company on May 08, 2017.",,,Demise,-,08052017112700,-,-,False,,,101756236,Automobiles - 4 Wheelers,INE585B01010,Maruti Suzuki India Limited,2017-05-08 11:27:00,MARUTI
05-May-2017 15:39:00,,https://nsearchives.nseindia.com/corporate/NSE552017_05052017153921_145.zip,"Maruti Suzuki India Limited has informed the Exchange regarding a press release dated May 05, 2017, titled ""Maruti Suzuki opens bookings for the all new DZIRE"".",,,Press Release,-,05052017153900,-,-,False,,,101751962,Automobiles - 4 Wheelers,INE585B01010,Maruti Suzuki India Limited,2017-05-05 15:39:00,MARUTI
04-May-2017 10:37:00,,https://nsearchives.nseindia.com/corporate/NSE04052017_04052017103723_476.zip,"Maruti Suzuki India Limited has informed the Exchange regarding a press release dated May 04, 2017, titled ""Production in April 2017"".",,,Press Release,-,04052017103700,-,-,False,,,101747174,Automobiles - 4 Wheelers,INE585B01010,Maruti Suzuki India Limited,2017-05-04 10:37:00,MARUTI
01-May-2017 11:01:00,,https://nsearchives.nseindia.com/corporate/NSE01052017_01052017110140_292.zip,"Maruti Suzuki India Limited has informed the Exchange regarding a press release dated May 01, 2017, titled ""Maruti Suzuki sales April 2017"".",,,Press Release,-,01052017110100,-,-,False,,,101736948,Automobiles - 4 Wheelers,INE585B01010,Maruti Suzuki India Limited,2017-05-01 11:01:00,MARUTI
27-Apr-2017 13:52:00,,https://nsearchives.nseindia.com/corporate/Maruti_27042017135205.zip,"Maruti Suzuki India Limited has informed the Exchange thatthe Register of Members and Share Transfer Books of the Company shall remain closed from August 29, 2017 to September 5, 2017 (both days inclusive) for the purpose of Dividend payment.",,,Book Closure,-,27042017135200,-,-,False,,,101730617,Automobiles - 4 Wheelers,INE585B01010,Maruti Suzuki India Limited,2017-04-27 13:52:00,MARUTI
27-Apr-2017 13:38:00,,https://nsearchives.nseindia.com/corporate/Maruti_27042017133811.zip,"Maruti Suzuki India Limited has informed the Exchange that the Board of Directors of the Company at its meeting held on April 27, 2017 has considered and recommended a final dividend aggregating Rs 22,656 million i.e. Rs. 75 per share (Nominal Value Rs. 5.00 per share) (Previous Year Rs. 10,573 million i.e. Rs 35 per share-) for the financial year 2016-17.",,,Dividend,-,27042017133800,-,-,False,,,101730615,Automobiles - 4 Wheelers,INE585B01010,Maruti Suzuki India Limited,2017-04-27 13:38:00,MARUTI
27-Apr-2017 13:31:49,,https://nsearchives.nseindia.com/corporate/FinancialResults1617_27042017133149.zip,"Maruti Suzuki India Limited has submitted to the Exchange, the financial results for the period ended March 31, 2017.",,,Financial Result Updates,-,27042017133149,-,-,False,,,112011,Automobiles - 4 Wheelers,INE585B01010,Maruti Suzuki India Limited,2017-04-27 13:31:49,MARUTI
22-Apr-2017 18:19:00,,https://nsearchives.nseindia.com/corporate/0092_001_22042017181919_573.zip,Maruti Suzuki India Limited has informed the Exchange regarding Analysts/Institutional Investor Meet/Con. Call Updates,,,Analysts/Institutional Investor Meet/Con. Call Updates,-,22042017181900,-,-,False,,,101715605,Automobiles - 4 Wheelers,INE585B01010,Maruti Suzuki India Limited,2017-04-22 18:19:00,MARUTI
21-Apr-2017 15:45:00,,https://nsearchives.nseindia.com/corporate/PressRelease27042017_21042017154547_264.zip,"Maruti Suzuki India Limited has informed the Exchange regarding a press release dated April 21, 2017, titled ""Maruti Suzuki introduces sketch of the all new #DZIREGlobal debut in May 2017"".",,,Press Release,-,21042017154500,-,-,False,,,101713934,Automobiles - 4 Wheelers,INE585B01010,Maruti Suzuki India Limited,2017-04-21 15:45:00,MARUTI
07-Apr-2017 17:45:00,,https://nsearchives.nseindia.com/corporate/ProductionMarch17_07042017174538_563.zip,Maruti Suzuki India Limited has informed the Exchange regarding Monthly Business Updates for the month of March 2017,,,Monthly Business Updates,-,07042017174500,-,-,False,,,101676401,Automobiles - 4 Wheelers,INE585B01010,Maruti Suzuki India Limited,2017-04-07 17:45:00,MARUTI
05-Apr-2017 12:34:00,,https://nsearchives.nseindia.com/corporate/Disclosures_05042017123427_445.zip,"Suzuki Motor Corporation has submitted to the Exchange vide letter dated April 04, 2017 a copy of disclosure under Regulation 30(1) and 30(2) of SEBI (Substantial Acquisition of Shares & Takeovers) Regulations, 2011.",,,Disc. under Reg.30 of SEBI (SAST) Reg.2011,-,05042017123400,-,-,False,,,101666960,Automobiles - 4 Wheelers,INE585B01010,Maruti Suzuki India Limited,2017-04-05 12:34:00,MARUTI
01-Apr-2017 11:17:00,,https://nsearchives.nseindia.com/corporate/NSE01042017_01042017111705_027.zip,"Maruti Suzuki India Limited has informed the Exchange regarding a press release dated April 01, 2017, titled ""Maruti Suzuki surpasses 1.5 million mark in total sales in 2016-17"".",,,Press Release,-,01042017111700,-,-,False,,,101659487,Automobiles - 4 Wheelers,INE585B01010,Maruti Suzuki India Limited,2017-04-01 11:17:00,MARUTI
31-Mar-2017 09:57:00,,https://nsearchives.nseindia.com/corporate/NSE31032017_31032017095720_082.zip,"Maruti Suzuki India Limited has informed the Exchange regarding a press release dated March 31, 2017, titled ""Popular sedan Ciaz now to be sold exclusively through NEXA"".",,,Press Release,-,31032017095700,-,-,False,,,101656762,Automobiles - 4 Wheelers,INE585B01010,Maruti Suzuki India Limited,2017-03-31 09:57:00,MARUTI
27-Mar-2017 14:27:00,,https://nsearchives.nseindia.com/corporate/NSE27032017_27032017142711_438.zip,"Maruti Suzuki India Limited has informed the Exchange regarding a press release dated March 27, 2017, titled ""Maruti Suzuki Vitara Brezza emerges the most popular SUV"".",,,Press Release,-,27032017142700,-,-,False,,,101644731,Automobiles - 4 Wheelers,INE585B01010,Maruti Suzuki India Limited,2017-03-27 14:27:00,MARUTI
08-Mar-2017 10:51:00,,https://nsearchives.nseindia.com/corporate/NSE_08032017105116_388.zip,"Maruti Suzuki India Limited has informed the Exchange that the Trading window shall remain closed from March 15, 2017 to April 29, 2017 (both days inclusive).",,,Trading Window,-,08032017105100,-,-,False,,,101594510,Automobiles - 4 Wheelers,INE585B01010,Maruti Suzuki India Limited,2017-03-08 10:51:00,MARUTI
03-Mar-2017 19:15:00,,https://nsearchives.nseindia.com/corporate/NSE_03032017191524_139.zip,"Maruti Suzuki India Limited has informed the Exchange regarding a press release dated March 03, 2017, titled ""Maruti Suzuki forays into high performance segment with Baleno RS"".",,,Press Release,-,03032017191500,-,-,False,,,101582062,Automobiles - 4 Wheelers,INE585B01010,Maruti Suzuki India Limited,2017-03-03 19:15:00,MARUTI
03-Mar-2017 15:39:00,,https://nsearchives.nseindia.com/corporate/PressRelease03032017_03032017153914_988.zip,Maruti Suzuki India Limited has informed the Exchange regarding Monthly Business Updates for the month of February 2017,,,Monthly Business Updates,-,03032017153900,-,-,False,,,101581946,Automobiles - 4 Wheelers,INE585B01010,Maruti Suzuki India Limited,2017-03-03 15:39:00,MARUTI
02-Mar-2017 11:15:00,,https://nsearchives.nseindia.com/corporate/PressRelease02032017_02032017111547_521.zip,"Maruti Suzuki India Limited has informed the Exchange regarding a press release dated March 02, 2017, titled ""Maruti Suzuki Vitara Brezza records another milestone; sells over 100,000 units"".",,,Press Release,-,02032017111500,-,-,False,,,101577921,Automobiles - 4 Wheelers,INE585B01010,Maruti Suzuki India Limited,2017-03-02 11:15:00,MARUTI
01-Mar-2017 10:08:00,,https://nsearchives.nseindia.com/corporate/PressReleaseSales01032017_01032017100831_104.zip,Maruti Suzuki India Limited has informed the Exchange regarding Monthly Business Updates for the month of February 2017,,,Monthly Business Updates,-,01032017100800,-,-,False,,,101573017,Automobiles - 4 Wheelers,INE585B01010,Maruti Suzuki India Limited,2017-03-01 10:08:00,MARUTI
27-Feb-2017 11:00:00,,https://nsearchives.nseindia.com/corporate/NEAPS_27022017110049_848.zip,"Maruti Suzuki India Limited has informed the Exchange regarding a press release dated February 27, 2017, titled ""Maruti Suzuki opens online booking for high-performance car Baleno Rs"".",,,Press Release,-,27022017110000,-,-,False,,,101565381,Automobiles - 4 Wheelers,INE585B01010,Maruti Suzuki India Limited,2017-02-27 11:00:00,MARUTI
21-Feb-2017 11:42:00,,https://nsearchives.nseindia.com/corporate/neaps_21022017114249_378.zip,"Maruti Suzuki India Limited has informed the Exchange regarding a press release dated February 21, 2017, titled ""Maruti Suzuki inaugurates 4th Water ATM in Manesar, extends reach to 7000 households"".",,,Press Release,-,21022017114200,-,-,False,,,101554347,Automobiles - 4 Wheelers,INE585B01010,Maruti Suzuki India Limited,2017-02-21 11:42:00,MARUTI
20-Feb-2017 10:44:00,,https://nsearchives.nseindia.com/corporate/NSE_20022017104420_014.zip,"Maruti Suzuki India Limited has informed the Exchange regarding a revised press release dated February 20, 2017, titled ""Sales of Maruti Suzuki Smart Hybrid Vehicles Surpass one lakh units"".",,,Press Release (Revised),-,20022017104400,-,-,False,,,101549913,Automobiles - 4 Wheelers,INE585B01010,Maruti Suzuki India Limited,2017-02-20 10:44:00,MARUTI
20-Feb-2017 10:29:00,,https://nsearchives.nseindia.com/corporate/neaps_20022017102907_011.zip,"Maruti Suzuki India Limited has informed the Exchange regarding a press release dated February 20, 2017, titled ""sales of Maruti Suzuki Smart Hybrid Vehicles Surpass One lakh units"".",,,Press Release,-,20022017102900,-,-,False,,,101548803,Automobiles - 4 Wheelers,INE585B01010,Maruti Suzuki India Limited,2017-02-20 10:29:00,MARUTI
15-Feb-2017 16:01:00,,https://nsearchives.nseindia.com/corporate/NSE15022017_15022017160149_363.zip,"Maruti Suzuki India Limited has informed the Exchange regarding a press release dated February 15, 2017, titled ""Maruti Suzuki launches Ertiga Limited Edition"".",,,Press Release,-,15022017160100,-,-,False,,,101537156,Automobiles - 4 Wheelers,INE585B01010,Maruti Suzuki India Limited,2017-02-15 16:01:00,MARUTI
03-Feb-2017 17:56:00,,https://nsearchives.nseindia.com/corporate/NSE03022017_03022017175604_630.zip,Maruti Suzuki India Limited has informed the Exchange regarding Monthly Business Updates for the month of January 2017,,,Monthly Business Updates,-,03022017175600,-,-,False,,,101502131,Automobiles - 4 Wheelers,INE585B01010,Maruti Suzuki India Limited,2017-02-03 17:56:00,MARUTI
01-Feb-2017 10:00:00,,https://nsearchives.nseindia.com/corporate/NSE01022017_01022017100016_455.zip,"Maruti Suzuki India Limited has informed the Exchange regarding a press release dated February 01, 2017, titled ""Maruti Suzuki sales January 2017"".",,,Press Release,-,01022017100000,-,-,False,,,101491097,Automobiles - 4 Wheelers,INE585B01010,Maruti Suzuki India Limited,2017-02-01 10:00:00,MARUTI
30-Jan-2017 17:17:00,,https://nsearchives.nseindia.com/corporate/NSE30012017_30012017171753_437.zip,"Maruti Suzuki India Limited has informed the Exchange regarding a press release dated January 30, 2017, titled ""Maruti Suzuki NEXA marks another milestone: 200th showroom inaugurated"".",,,Press Release,-,30012017171700,-,-,False,,,101485749,Automobiles - 4 Wheelers,INE585B01010,Maruti Suzuki India Limited,2017-01-30 17:17:00,MARUTI
27-Jan-2017 17:02:00,,https://nsearchives.nseindia.com/corporate/Pressrelease_27012017170202_460.zip,"Maruti Suzuki India Limited has informed the Exchange regarding a press release dated January 27, 2017, titled ""Maruti Suzuki Announces Price Increase"".",,,Press Release,-,27012017170200,-,-,False,,,101481073,Automobiles - 4 Wheelers,INE585B01010,Maruti Suzuki India Limited,2017-01-27 17:02:00,MARUTI
27-Jan-2017 14:31:00,,https://nsearchives.nseindia.com/corporate/NSE27012017_27012017143103_309.zip,"Maruti Suzuki India Limited has informed the Exchange regarding a press release dated January 27, 2017, titled ""Maruti Suzuki expands best-selling WagonR family with a VXi+ variant"".",,,Press Release,-,27012017143100,-,-,False,,,101480984,Automobiles - 4 Wheelers,INE585B01010,Maruti Suzuki India Limited,2017-01-27 14:31:00,MARUTI
25-Jan-2017 15:22:00,,https://nsearchives.nseindia.com/corporate/Revisedpresentation_25012017152236_889.zip,Maruti Suzuki India Limited has informed the Exchange regarding Investor Presentation,,,Investor Presentation,-,25012017152200,-,-,False,,,101476604,Automobiles - 4 Wheelers,INE585B01010,Maruti Suzuki India Limited,2017-01-25 15:22:00,MARUTI
25-Jan-2017 12:55:13,,https://nsearchives.nseindia.com/corporate/outcome_25012017125513.zip,"Maruti Suzuki India Limited has submitted to the Exchange, the financial results for the period ended December 31, 2016.",,,Financial Result Updates,-,25012017125513,-,-,False,,,110445,Automobiles - 4 Wheelers,INE585B01010,Maruti Suzuki India Limited,2017-01-25 12:55:13,MARUTI
23-Jan-2017 14:52:00,,https://nsearchives.nseindia.com/corporate/1374_001_23012017145256_324.zip,Maruti Suzuki India Limited has informed the Exchange regarding Analysts/Institutional Investor Meet/Con. Call Updates,,,Analysts/Institutional Investor Meet/Con. Call Updates,-,23012017145200,-,-,False,,,101468086,Automobiles - 4 Wheelers,INE585B01010,Maruti Suzuki India Limited,2017-01-23 14:52:00,MARUTI
13-Jan-2017 16:42:00,,https://nsearchives.nseindia.com/corporate/NSE13012017_13012017164204_725.zip,"Maruti Suzuki India Limited has informed the Exchange regarding a press release dated January 13, 2017, titled ""Maruti Suzuki unveils# IGNIS- India's first premium urban compact vehicle for the Millennials"".",,,Press Release,-,13012017164200,-,-,False,,,101442553,Automobiles - 4 Wheelers,INE585B01010,Maruti Suzuki India Limited,2017-01-13 16:42:00,MARUTI
09-Jan-2017 08:58:00,,https://nsearchives.nseindia.com/corporate/nse_09012017085808_114.zip,Maruti Suzuki India Limited has submitted to the Exchange a copy of the production figures of the Company for the month of December 2016.,,,Updates,-,09012017085800,-,-,False,,,101424772,Automobiles - 4 Wheelers,INE585B01010,Maruti Suzuki India Limited,2017-01-09 08:58:00,MARUTI
01-Jan-2017 10:09:00,,https://nsearchives.nseindia.com/corporate/01012017_01012017100916_112.zip,"Maruti Suzuki India Limited has informed the Exchange regarding a press release dated January 01, 2017, titled ""Maruti Suzuki sales December 2016"".",,,Press Release,-,01012017100900,-,-,False,,,101403551,Automobiles - 4 Wheelers,INE585B01010,Maruti Suzuki India Limited,2017-01-01 10:09:00,MARUTI
22-Dec-2016 17:47:00,,https://nsearchives.nseindia.com/corporate/neaps_22122016174738_480.zip,"Maruti Suzuki India Limited has informed the Exchange that Pursuant to the resolution passed by the board through circulation on December 22, 2016, Mr. Toshiaki Hasuike has ceased to be a whole-time Director designated as Joint Managing Director with effect from the close of business hours of 19th November 2016. However, he continues as a non-executive director.",,,Cessation,-,22122016174700,-,-,False,,,101377512,Automobiles - 4 Wheelers,INE585B01010,Maruti Suzuki India Limited,2016-12-22 17:47:00,MARUTI
21-Dec-2016 15:05:00,,https://nsearchives.nseindia.com/corporate/PressRelease21122016_21122016150530_147.zip,"Maruti Suzuki India Limited has informed the Exchange regarding a press release dated December 21, 2016, titled ""Vitara Brezza is Indian Car of the Year 2017"".",,,Press Release,-,21122016150500,-,-,False,,,101373338,Automobiles - 4 Wheelers,INE585B01010,Maruti Suzuki India Limited,2016-12-21 15:05:00,MARUTI
12-Dec-2016 12:02:00,,https://nsearchives.nseindia.com/corporate/nse_12122016120212_574.zip,"Maruti Suzuki India Limited has informed the Exchange that In terms of the Company's Code of Internal Procedures and Conduct for Prevention of Insider Trading in Securities of the Company"" Trading Window"" shall remain closed from December 15, 2016 to January 27, 2017(both days inclusive).",,,Trading Window,-,12122016120200,-,-,False,,,101345558,Automobiles - 4 Wheelers,INE585B01010,Maruti Suzuki India Limited,2016-12-12 12:02:00,MARUTI
09-Dec-2016 11:15:00,,https://nsearchives.nseindia.com/corporate/0252_001_09122016111511_056.zip,"Maruti Suzuki India Limited has informed the Exchange regarding a press release dated December 09, 2016, titled ""Maruti Suzuki collaborates with Ola to create a pool of skilled drivers and promote entrepreneurship."".",,,Press Release,-,09122016111500,-,-,False,,,101341943,Automobiles - 4 Wheelers,INE585B01010,Maruti Suzuki India Limited,2016-12-09 11:15:00,MARUTI
06-Dec-2016 15:08:00,,https://nsearchives.nseindia.com/corporate/0170_001_06122016150829_163.zip,Maruti Suzuki India Limited has informed the Exchange regarding the production figures of the Company for the month of November 2016.,,,Updates,-,06122016150800,-,-,False,,,101329591,Automobiles - 4 Wheelers,INE585B01010,Maruti Suzuki India Limited,2016-12-06 15:08:00,MARUTI
06-Dec-2016 14:29:00,,https://nsearchives.nseindia.com/corporate/PressRelease06122016_06122016142957_140.zip,"Maruti Suzuki India Limited has informed the Exchange regarding a press release dated December 06, 2016, titled ""Maruti Suzuki receives CII-ITC Sustainability Award for CSR"".",,,Press Release,-,06122016142900,-,-,False,,,101329578,Automobiles - 4 Wheelers,INE585B01010,Maruti Suzuki India Limited,2016-12-06 14:29:00,MARUTI
01-Dec-2016 09:49:00,,https://nsearchives.nseindia.com/corporate/neaps_01122016094903_040.zip,"Maruti Suzuki India Limited has informed the Exchange regarding a press release dated December 01, 2016, titled ""Maruti Suzuki Sales November 2016"".",,,Press Release,-,01122016094900,-,-,False,,,101315483,Automobiles - 4 Wheelers,INE585B01010,Maruti Suzuki India Limited,2016-12-01 09:49:00,MARUTI
29-Nov-2016 15:06:00,,https://nsearchives.nseindia.com/corporate/PressRelease29112016_29112016150634_160.zip,"Maruti Suzuki India Limited has informed the Exchange regarding a press release dated November 29, 2016, titled ""10000 tribal youth benefit from Maruti Suzuki and Gujarat government's driving training initiative"".",,,Press Release,-,29112016150600,-,-,False,,,101308090,Automobiles - 4 Wheelers,INE585B01010,Maruti Suzuki India Limited,2016-11-29 15:06:00,MARUTI
25-Nov-2016 13:52:00,,https://nsearchives.nseindia.com/corporate/PressRelease25112016_25112016135203_119.zip,"Maruti Suzuki India Limited has informed the Exchange regarding a press release dated November 25, 2016, titled ""Maruti Suzuki presents ""Wagon R Felicity"" limited edition"".",,,Press Release,-,25112016135200,-,-,False,,,101300479,Automobiles - 4 Wheelers,INE585B01010,Maruti Suzuki India Limited,2016-11-25 13:52:00,MARUTI
15-Nov-2016 10:30:00,,https://nsearchives.nseindia.com/corporate/NSE15112016_15112016103014_228.zip,"Maruti Suzuki India Limited has informed the Exchange regarding a press release dated November 15, 2016",,,Press Release,-,15112016103000,-,-,False,,,101262003,Automobiles - 4 Wheelers,INE585B01010,Maruti Suzuki India Limited,2016-11-15 10:30:00,MARUTI
09-Nov-2016 12:33:00,,https://nsearchives.nseindia.com/corporate/PressRelease_09112016123344_114.zip,"Maruti Suzuki India Limited has informed the Exchange regarding a press release dated November 09, 2016, titled ""Maruti Suzuki MD Kenichi Ayukawa is awarded 'Best CEO- Multinational Company' at Forbes India Leadership Awards (FILA 2016). "".",,,Press Release,-,09112016123300,-,-,False,,,101252387,Automobiles - 4 Wheelers,INE585B01010,Maruti Suzuki India Limited,2016-11-09 12:33:00,MARUTI
04-Nov-2016 14:54:00,,https://nsearchives.nseindia.com/corporate/4200_001_04112016145434_233.zip,Maruti Suzuki India Limited has informed the Exchange regarding production figures of the Company for the month of October 2016.,,,Updates,-,04112016145400,-,-,False,,,101239091,Automobiles - 4 Wheelers,INE585B01010,Maruti Suzuki India Limited,2016-11-04 14:54:00,MARUTI
01-Nov-2016 10:15:00,,https://nsearchives.nseindia.com/corporate/4113_001_01112016101511_248.zip,"Maruti Suzuki India Limited has informed the Exchange regarding a press release dated November 01, 2016 titled "" Maruti Suzuki sales October 2016 "".",,,Press Release,-,01112016101500,-,-,False,,,101223761,Automobiles - 4 Wheelers,INE585B01010,Maruti Suzuki India Limited,2016-11-01 10:15:00,MARUTI
27-Oct-2016 13:04:35,,https://nsearchives.nseindia.com/corporate/Results_27102016130435.zip,"Maruti Suzuki India Limited has submitted to the Exchange, the financial results for the period ended September 30, 2016.",,,Financial Result Updates,-,27102016130435,-,-,False,,,108851,Automobiles - 4 Wheelers,INE585B01010,Maruti Suzuki India Limited,2016-10-27 13:04:35,MARUTI
21-Oct-2016 16:56:00,,https://nsearchives.nseindia.com/corporate/3785_001_21102016165636_392.zip,Maruti Suzuki India Limited has informed the Exchange regarding Schedule of Conference Call.,,,Analysts/Institutional Investor Meet/Con. Call Updates,-,21102016165600,-,-,False,,,101199621,Automobiles - 4 Wheelers,INE585B01010,Maruti Suzuki India Limited,2016-10-21 16:56:00,MARUTI
04-Oct-2016 16:27:00,,https://nsearchives.nseindia.com/corporate/3254_001_04102016162703_263.zip,Maruti Suzuki India Limited has informed the Exchange regarding the production figures of the company for the month of September 2016.,,,Updates,-,04102016162700,-,-,False,,,101151585,Automobiles - 4 Wheelers,INE585B01010,Maruti Suzuki India Limited,2016-10-04 16:27:00,MARUTI
04-Oct-2016 11:45:00,,https://nsearchives.nseindia.com/corporate/3241_001_04102016114513_076.zip,"Maruti Suzuki India Limited has informed the Exchange regarding a press release dated October 4, 2016 titled ""Domestic sales of Baleno reach one lakh units"".",,,Press Release,-,04102016114500,-,-,False,,,101151438,Automobiles - 4 Wheelers,INE585B01010,Maruti Suzuki India Limited,2016-10-04 11:45:00,MARUTI
01-Oct-2016 12:19:00,,https://nsearchives.nseindia.com/corporate/3201_001_01102016121921_128.zip,"Maruti Suzuki India Limited has informed the Exchange regarding Press release dated October 01, 2016 title ""Maruti Suzuki sales September 2016.""",,,Press Release,-,01102016121900,-,-,False,,,101142495,Automobiles - 4 Wheelers,INE585B01010,Maruti Suzuki India Limited,2016-10-01 12:19:00,MARUTI
23-Sep-2016 11:01:00,,https://nsearchives.nseindia.com/corporate/NEAPS23_23092016110130_080.zip,"Maruti Suzuki India Limited has informed the Exchange regarding a press release dated September 23, 2016 titled ""Maruti Suzuki cumulative exports cross 15 lakh vehicles"".",,,Press Release,-,23092016110100,-,-,False,,,101114532,Automobiles - 4 Wheelers,INE585B01010,Maruti Suzuki India Limited,2016-09-23 11:01:00,MARUTI
21-Sep-2016 11:50:00,,https://nsearchives.nseindia.com/corporate/nse_21092016115042_096.zip,"Maruti Suzuki India Limited has submitted to the Exchange a copy of the Notice of the Annual General Meeting of the Company will be held September 08, 2016.",,,Annual General Meeting Updates,-,21092016115000,-,-,False,,,101110016,Automobiles - 4 Wheelers,INE585B01010,Maruti Suzuki India Limited,2016-09-21 11:50:00,MARUTI
15-Sep-2016 11:30:00,,https://nsearchives.nseindia.com/corporate/2649_001_15092016113040_099.zip,"Maruti Suzuki India Limited has informed the Exchange regarding a press release dated September 15, 2016, titled ""Maruti Suzuki partners with Uber to create safe drivers and promote micro-entrepreneurship"".",,,Press Release,-,15092016113000,-,-,False,,,101093879,Automobiles - 4 Wheelers,INE585B01010,Maruti Suzuki India Limited,2016-09-15 11:30:00,MARUTI
09-Sep-2016 16:46:00,,https://nsearchives.nseindia.com/corporate/MARUTI_6445_reply_09092016164658.zip,"The Exchange has sought clarification from Maruti Suzuki India Limited with respect to recent news item captioned ""Maruti Suzuki India to consider stock split proposal"". The Exchange, in order to verify the accuracy or otherwise of the information reported in the media and to inform the market place so that the interest of the investors is safeguarded, had written to the company. Maruti Suzuki India Limited has submitted their response.",,,News Verification,-,09092016164600,-,-,False,,,101080655,Automobiles - 4 Wheelers,INE585B01010,Maruti Suzuki India Limited,2016-09-09 16:46:00,MARUTI
09-Sep-2016 13:49:00,,https://nsearchives.nseindia.com/corporate/2457_001_09092016134907_474.zip,"Maruti Suzuki India Limited has informed the Exchange that We hereby intimate that in the Annual General Meeting held on September 08, 2016, the Shareholders approved the appointment of M/s Deloitte Haskins & Sells LLP as auditors of the Company.",,,Updates,-,09092016134900,-,-,False,,,101080569,Automobiles - 4 Wheelers,INE585B01010,Maruti Suzuki India Limited,2016-09-09 13:49:00,MARUTI
09-Sep-2016 13:24:00,,https://nsearchives.nseindia.com/corporate/2458_001_09092016132402_446.zip,"Maruti Suzuki India Limited has submitted to the Exchange a copy of voting results of Annual General Meeting of the Company held on September 08, 2016.",,,"Regulation 44(3) of SEBI (LODR), Reg., 2015",-,09092016132400,-,-,False,,,101080556,Automobiles - 4 Wheelers,INE585B01010,Maruti Suzuki India Limited,2016-09-09 13:24:00,MARUTI
09-Sep-2016 11:16:00,,-,"The Exchange has sought clarification from Maruti Suzuki India Limited with respect to recent news item captioned ""Maruti Suzuki India to consider stock split proposal"". In this regard, Exchange have advised the Company to provide clarification/confirmation on the news item in detail including the following: a) Whether such negotiations were taking place and b) Whether you/company are aware of any information that has not been announced to the Exchanges which could explain the aforesaid movement in the trading. The response from the company is awaited.",,,News Verification,-,09092016111600,-,-,False,,,101080424,Automobiles - 4 Wheelers,INE585B01010,Maruti Suzuki India Limited,2016-09-09 11:16:00,MARUTI
06-Sep-2016 07:54:00,,https://nsearchives.nseindia.com/corporate/NSE05092016_06092016075407_406.zip,Maruti Suzuki India Limited has informed the Exchange regarding the production figures of the Company for the month of August 2016.,,,Updates,-,06092016075400,-,-,False,,,101063271,Automobiles - 4 Wheelers,INE585B01010,Maruti Suzuki India Limited,2016-09-06 07:54:00,MARUTI
01-Sep-2016 14:31:00,,https://nsearchives.nseindia.com/corporate/neaps_01092016143146_383.zip,"Maruti Suzuki India Limited has informed the Exchange regarding a press release dated September 01, 2016, titled ""Maruti Suzuki commences sale of LCV Super Carry, in Gujarat"".",,,Press Release,-,01092016143100,-,-,False,,,101057177,Automobiles - 4 Wheelers,INE585B01010,Maruti Suzuki India Limited,2016-09-01 14:31:00,MARUTI
01-Sep-2016 10:11:00,,https://nsearchives.nseindia.com/corporate/pressrelease_01092016101122_115.zip,"Maruti Suzuki India Limited has informed the Exchange regarding a press release dated September 01, 2016 titled "" Maruti Suzuki sales August 2016 "".",,,Press Release,-,01092016101100,-,-,False,,,101054930,Automobiles - 4 Wheelers,INE585B01010,Maruti Suzuki India Limited,2016-09-01 10:11:00,MARUTI
30-Aug-2016 12:39:00,,https://nsearchives.nseindia.com/corporate/NSE30082016_30082016123919_019.zip,"Maruti Suzuki India Limited has informed the Exchange regarding a press release dated August 30, 2016, titled ""Maruti Suzuki presents Swift Deca limited edition model"".",,,Press Release,-,30082016123900,-,-,False,,,101048502,Automobiles - 4 Wheelers,INE585B01010,Maruti Suzuki India Limited,2016-08-30 12:39:00,MARUTI
24-Aug-2016 12:31:00,,https://nsearchives.nseindia.com/corporate/NSE24082016_24082016123102_116.zip,"Maruti Suzuki India Limited has informed the Exchange regarding a press release dated August 24, 2016 titled ""Maruti Suzuki's ""Gatimaan ki Paatshala"" a Road Safety Awareness drive in Gurgaon schools"".",,,Press Release,-,24082016123100,-,-,False,,,101023756,Automobiles - 4 Wheelers,INE585B01010,Maruti Suzuki India Limited,2016-08-24 12:31:00,MARUTI
12-Aug-2016 16:14:00,,https://nsearchives.nseindia.com/corporate/AGM_Notice_2016_12082016161455_179.zip,"Maruti Suzuki India Limited has submitted to the Exchange a copy of Notice of Annual General Meeting to be held on September 08, 2016.",,,Annual General Meeting Updates,-,12082016161400,-,-,False,,,100998245,Automobiles - 4 Wheelers,INE585B01010,Maruti Suzuki India Limited,2016-08-12 16:14:00,MARUTI
12-Aug-2016 10:31:00,,https://nsearchives.nseindia.com/corporate/Neaps_12082016103107_762.zip,"Maruti Suzuki India Limited has informed the Exchange regarding a press release dated August 12, 2016 titled ""Important milestones for Maruti Suzuki's driving training initiatives"".",,,Press Release,-,12082016103100,-,-,False,,,100996337,Automobiles - 4 Wheelers,INE585B01010,Maruti Suzuki India Limited,2016-08-12 10:31:00,MARUTI
11-Aug-2016 16:38:00,,https://nsearchives.nseindia.com/corporate/NSE_11082016163811_317.zip,"Maruti Suzuki India Limited has informed the Exchange that the Company has fixed Thursday, the September 01, 2016 as the cut-off / record date for the purpose of determining the members entitiled to avail the facility of remote e-voting as well as voting at the Annual General Meeting of the Company to be held on September 08, 2016.",,,Updates,-,11082016163800,-,-,False,,,100992024,Automobiles - 4 Wheelers,INE585B01010,Maruti Suzuki India Limited,2016-08-11 16:38:00,MARUTI
03-Aug-2016 12:58:00,,https://nsearchives.nseindia.com/corporate/neaps_03082016125825_961.zip,Maruti Suzuki India Limited has informed the Exchange regarding the production figures of the company for the month of July 2016.,,,Updates,-,03082016125800,-,-,False,,,100961449,Automobiles - 4 Wheelers,INE585B01010,Maruti Suzuki India Limited,2016-08-03 12:58:00,MARUTI
03-Aug-2016 11:54:00,,https://nsearchives.nseindia.com/corporate/NSE_03082016115415_868.zip,"Maruti Suzuki India Limited has informed the Exchange regarding a press release dated August 03, 2016 titled "" Maruti Suzuki brings NEXA experience to International Airport""",,,Press Release,-,03082016115400,-,-,False,,,100961401,Automobiles - 4 Wheelers,INE585B01010,Maruti Suzuki India Limited,2016-08-03 11:54:00,MARUTI
01-Aug-2016 15:45:00,,https://nsearchives.nseindia.com/corporate/NSE01082016_01082016154525_432.zip,Maruti Suzuki India Limited has informed the Exchange regarding the details with respect to price increase.,,,Updates,-,01082016154500,-,-,False,,,100953134,Automobiles - 4 Wheelers,INE585B01010,Maruti Suzuki India Limited,2016-08-01 15:45:00,MARUTI
01-Aug-2016 10:16:00,,https://nsearchives.nseindia.com/corporate/neaps_01082016101636_080.zip,"Maruti Suzuki India Limited has informed the Exchange regarding a press release dated August 01, 2016, titled ""Maruti Suzuki sales July 2016"".",,,Press Release,-,01082016101600,-,-,False,,,100948470,Automobiles - 4 Wheelers,INE585B01010,Maruti Suzuki India Limited,2016-08-01 10:16:00,MARUTI
28-Jul-2016 10:27:00,,https://nsearchives.nseindia.com/corporate/PressRelease28072016_28072016102727_067.zip,"Maruti Suzuki India Limited has informed the Exchange regarding a press release dated July  28, 2016  titled ""NEXA completes one year"".",,,Press Release,-,28072016102700,-,-,False,,,100941251,Automobiles - 4 Wheelers,INE585B01010,Maruti Suzuki India Limited,2016-07-28 10:27:00,MARUTI
27-Jul-2016 14:30:00,,https://nsearchives.nseindia.com/corporate/pressrelease_27072016143014_917.zip,"Maruti Suzuki India Limited has informed the Exchange has informed the Exchange regarding a press release dated July 27, 2016 titled ""Maruti Suzuki forays into Light Commercial Vehicle segment with Super Carry"".",,,Press Release,-,27072016143000,-,-,False,,,100939011,Automobiles - 4 Wheelers,INE585B01010,Maruti Suzuki India Limited,2016-07-27 14:30:00,MARUTI
26-Jul-2016 14:20:00,,https://nsearchives.nseindia.com/corporate/Maruti_pr_26072016142045.zip,"Maruti Suzuki India Limited has informed the Exchange regarding the press release dated July 26, 2016 with respect to the Unaudited Financial Results for the quarter ended June 30, 2016 along with Presentation for the Analysts and Institutional Investors.",,,Press Release,-,26072016142000,-,-,False,,,100934571,Automobiles - 4 Wheelers,INE585B01010,Maruti Suzuki India Limited,2016-07-26 14:20:00,MARUTI
26-Jul-2016 14:16:07,,https://nsearchives.nseindia.com/corporate/NEAPS2607_26072016141607.zip,"Maruti Suzuki India Limited has submitted to the Exchange the standalone financial results along with the Limited Review Report for the period ended June 30, 2016.",,,Financial Result Updates,-,26072016141607,-,-,False,,,107069,Automobiles - 4 Wheelers,INE585B01010,Maruti Suzuki India Limited,2016-07-26 14:16:07,MARUTI
25-Jul-2016 18:19:00,,https://nsearchives.nseindia.com/corporate/neaps_25072016181921_558.zip,"Maruti Suzuki India Limited has informed the Exchange regarding a conference call for the analysts and investors is scheduled to be held on July 26, 2016.",,,Analysts/Institutional Investor Meet/Con. Call Updates,-,25072016181900,-,-,False,,,100930299,Automobiles - 4 Wheelers,INE585B01010,Maruti Suzuki India Limited,2016-07-25 18:19:00,MARUTI
21-Jul-2016 16:19:00,,https://nsearchives.nseindia.com/corporate/PressRelease_21072016161952_320.zip,"Maruti Suzuki India Limited has informed the Exchange regarding Press release date July 21, 2016 title "" Maruti Suzuki Sets up Water ATM in Kasan Village.""",,,Press Release,-,21072016161900,-,-,False,,,100920987,Automobiles - 4 Wheelers,INE585B01010,Maruti Suzuki India Limited,2016-07-21 16:19:00,MARUTI
07-Jul-2016 08:48:00,,https://nsearchives.nseindia.com/corporate/neaps_07072016084817_211.zip,"Maruti Suzuki India Limited has informed the Exchange regarding a press release dated July 06, 2016 , titled ""Maruti Suzuki Ciaz races ahead, sells over one lakh units"".",,,Press Release,-,07072016084800,-,-,False,,,100871839,Automobiles - 4 Wheelers,INE585B01010,Maruti Suzuki India Limited,2016-07-07 08:48:00,MARUTI
04-Jul-2016 15:07:00,,https://nsearchives.nseindia.com/corporate/neaps_04072016150756_415.zip,Maruti Suzuki India Limited has submitted to the Exchange a copy of the production figures of the Company for the month of june 2016.,,,Press Release,-,04072016150700,-,-,False,,,100867336,Automobiles - 4 Wheelers,INE585B01010,Maruti Suzuki India Limited,2016-07-04 15:07:00,MARUTI
01-Jul-2016 10:14:00,,https://nsearchives.nseindia.com/corporate/neaps_01072016101422_049.zip,"Maruti Suzuki India Limited has informed the Exchange has informed the Exchange regarding a press release dated July 01, 2016 titled ""Maruti Suzuki sales in Quarter I (FY 2016-17) and June 2016"".",,,Press Release,-,01072016101400,-,-,False,,,100859141,Automobiles - 4 Wheelers,INE585B01010,Maruti Suzuki India Limited,2016-07-01 10:14:00,MARUTI
30-Jun-2016 16:28:00,,https://nsearchives.nseindia.com/corporate/nse_30062016162801_019.zip,"Maruti Suzuki India Limited has informed the Exchange regarding press release dated June 30, 2016 title "" Maruti Suzuki joins hands with the Government of Andhra Pradesh to set up Institute of Driving Training and Traffic Research.""",,,Press Release,-,30062016162800,-,-,False,,,100858638,Automobiles - 4 Wheelers,INE585B01010,Maruti Suzuki India Limited,2016-06-30 16:28:00,MARUTI
13-Jun-2016 09:15:00,,https://nsearchives.nseindia.com/corporate/nse13_13062016091552_033.zip,"Maruti Suzuki India Limited has informed the Exchange regarding a press release dated June 13, 2016, titled ""Maruti Suzuki resumes production after maintenance closure"".",,,Press Release,-,13062016091500,-,-,False,,,100796811,Automobiles - 4 Wheelers,INE585B01010,Maruti Suzuki India Limited,2016-06-13 09:15:00,MARUTI
08-Jun-2016 10:44:00,,https://nsearchives.nseindia.com/corporate/closureoftradingwindow_08062016104422_057.zip,"Maruti Suzuki India Limited has informed the Exchange that In terms of the Company's Code of Internal Procedures and Conduct for Preservation of Insider Trading in Securities of the Company, ""Trading Window"" shall remain closed from June 15, 2016 to July 28, 2016 (both days inclusive).",,,Trading Window,-,08062016104400,-,-,False,,,100787918,Automobiles - 4 Wheelers,INE585B01010,Maruti Suzuki India Limited,2016-06-08 10:44:00,MARUTI
03-Jun-2016 18:30:00,,https://nsearchives.nseindia.com/corporate/NSE03_03062016183003_344.zip,Maruti Suzuki India Limited has informed the Exchange regarding production figures of the company for the month of May 2016.,,,Monthly Business Updates,-,03062016183000,-,-,False,,,100770358,Automobiles - 4 Wheelers,INE585B01010,Maruti Suzuki India Limited,2016-06-03 18:30:00,MARUTI
02-Jun-2016 15:04:00,,https://nsearchives.nseindia.com/corporate/NSE2_02062016150426_790.zip,"Maruti Suzuki India Limited has informed the Exchange regarding a press release dated June 02, 2016 titled ""Maruti Suzuki facilities to close for regular maintenance from June 6th to 11th''",,,Press Release,-,02062016150400,-,-,False,,,100770074,Automobiles - 4 Wheelers,INE585B01010,Maruti Suzuki India Limited,2016-06-02 15:04:00,MARUTI
01-Jun-2016 09:36:00,,https://nsearchives.nseindia.com/corporate/NSE1_01062016093636_106.zip,"Maruti Suzuki India Limited has informed the Exchange regarding a press release dated June 01, 2016 regarding sales figures for May 2016.",,,Press Release,-,01062016093600,-,-,False,,,100761677,Automobiles - 4 Wheelers,INE585B01010,Maruti Suzuki India Limited,2016-06-01 09:36:00,MARUTI
01-Jun-2016 08:22:00,,https://nsearchives.nseindia.com/corporate/NSE31_01062016082255_086.zip,"Maruti Suzuki India Limited has informed the Exchange regarding a press release dated May 31, 2016, titled ""Resumption of production at Gurgaon facility"".",,,Press Release,-,01062016082200,-,-,False,,,100761670,Automobiles - 4 Wheelers,INE585B01010,Maruti Suzuki India Limited,2016-06-01 08:22:00,MARUTI
30-May-2016 14:40:00,,https://nsearchives.nseindia.com/corporate/PressRelease_30052016144002_646.zip,"Maruti Suzuki India Limited has informed the Exchange regarding a press release dated May 30, 2016 titled ""Temporary Production Suspension"".",,,Press Release,-,30052016144000,-,-,False,,,100756614,Automobiles - 4 Wheelers,INE585B01010,Maruti Suzuki India Limited,2016-05-30 14:40:00,MARUTI
27-May-2016 17:05:00,,https://nsearchives.nseindia.com/corporate/PressRelease_27052016170559_162.zip,"Maruti Suzuki India Limited has informed the Exchange regarding a press release dated May 27, 2016 titled "" Maruti Suzuki begins exports of super carry to south Africa, Tanzania"".",,,Press Release,-,27052016170500,-,-,False,,,100751655,Automobiles - 4 Wheelers,INE585B01010,Maruti Suzuki India Limited,2016-05-27 17:05:00,MARUTI
27-May-2016 10:52:00,,https://nsearchives.nseindia.com/corporate/PressRelease_27052016105205_822.zip,"Maruti Suzuki India Limited has informed the Exchange regarding a press release dated May 27, 2016, titled ""Maruti Suzuki to recall 75,419 Baleno cars and 1,961 DZire cars (only AGS variant)"".",,,Press Release,-,27052016105200,-,-,False,,,100750756,Automobiles - 4 Wheelers,INE585B01010,Maruti Suzuki India Limited,2016-05-27 10:52:00,MARUTI
19-May-2016 17:07:00,,https://nsearchives.nseindia.com/corporate/NSE19_19052016170724_147.zip,"Maruti Suzuki India Limited has informed the Exchange regarding a press release dated May 19, 2016 titled ""Maruti Suzuki's Service Campaign for S-Cross"".",,,Press Release,-,19052016170700,-,-,False,,,100725024,Automobiles - 4 Wheelers,INE585B01010,Maruti Suzuki India Limited,2016-05-19 17:07:00,MARUTI
18-May-2016 14:27:00,,https://nsearchives.nseindia.com/corporate/NSE_18052016142737_234.zip,"Maruti Suzuki India Limited has informed the Exchange regarding a press release dated May 18, 2016, titled ""Alto 800, India ki Pehli Sawari, now refreshed and 9% more fuel efficient"".",,,Press Release,-,18052016142700,-,-,False,,,100720553,Automobiles - 4 Wheelers,INE585B01010,Maruti Suzuki India Limited,2016-05-18 14:27:00,MARUTI
06-May-2016 12:42:00,,https://nsearchives.nseindia.com/corporate/nse6_06052016124241_155.zip,Maruti Suzuki India Limited has informed the Exchange regarding the production figures of the Company for the month of April 2016.,,,Monthly Business Updates,-,06052016124200,-,-,False,,,100684672,Automobiles - 4 Wheelers,INE585B01010,Maruti Suzuki India Limited,2016-05-06 12:42:00,MARUTI
02-May-2016 10:49:00,,https://nsearchives.nseindia.com/corporate/NSE2_02052016104914_868.zip,"Maruti Suzuki India Limited has informed the Exchange vide letter dated May 02, 2016 regarding a press release dated May 01, 2016, titled "" Maruti Suzuki sales in April"".",,,Press Release,-,02052016104900,-,-,False,,,100661344,Automobiles - 4 Wheelers,INE585B01010,Maruti Suzuki India Limited,2016-05-02 10:49:00,MARUTI
26-Apr-2016 13:16:00,,https://nsearchives.nseindia.com/corporate/maruti_26042016131637.zip,"Maruti Suzuki India Limited has informed the Exchange that the Register of Members and Share Transfer Books of the Company shall remain closed from September 02, 2016 to September 8, 2016 (both days inclusive) for the purpose of dividend and Annual General Meeting of the Company scheduled to be held on September 8, 2016.",,,AGM/Book Closure,-,26042016131600,-,-,False,,,100651228,Automobiles - 4 Wheelers,INE585B01010,Maruti Suzuki India Limited,2016-04-26 13:16:00,MARUTI
26-Apr-2016 13:03:00,,https://nsearchives.nseindia.com/corporate/maruti_26042016130341.zip,"Maruti Suzuki India Limited has informed the Exchange that the date of payment of dividend is September 14, 2016 subject to the approval of the shareholders in the ensuring annual general meeting.",,,Date of payment of dividend,-,26042016130300,-,-,False,,,100651229,Automobiles - 4 Wheelers,INE585B01010,Maruti Suzuki India Limited,2016-04-26 13:03:00,MARUTI
26-Apr-2016 12:58:00,,https://nsearchives.nseindia.com/corporate/maruti_26042016125834.zip,"Maruti Suzuki India Limited has informed the Exchange regarding a press release dated April 26, 2016 titled ""Maruti Suzuki Financial Results Q4 (Jan-Mar) and full year 2015-16"" along with Presentations.",,,Press Release,-,26042016125800,-,-,False,,,100651224,Automobiles - 4 Wheelers,INE585B01010,Maruti Suzuki India Limited,2016-04-26 12:58:00,MARUTI
26-Apr-2016 12:56:00,,https://nsearchives.nseindia.com/corporate/maruti_26042016125616.zip,"Maruti Suzuki India Limited has informed the Exchange that the Board of Directors of the Company at its meeting held on April 26, 2016 has considered and recommended a final dividend aggregating Rs 10,573 million i.e. Rs. 35 per share (Nominal Value Rs. 5.00 per share) (Previous Year Rs.7,552 million i.e. Rs 25 per share-) for the financial year 2015-16.",,,Dividend,-,26042016125600,-,-,False,,,100651222,Automobiles - 4 Wheelers,INE585B01010,Maruti Suzuki India Limited,2016-04-26 12:56:00,MARUTI
26-Apr-2016 12:48:50,,https://nsearchives.nseindia.com/corporate/ResultsQ4_26042016124850.zip,"Maruti Suzuki India Limited has submitted to the Exchange the standalone & consolidated financial results along with the Auditors Report for the period ended March 31, 2016.",,,Financial Result Updates,-,26042016124850,-,-,False,,,104889,Automobiles - 4 Wheelers,INE585B01010,Maruti Suzuki India Limited,2016-04-26 12:48:50,MARUTI
25-Apr-2016 16:33:00,,https://nsearchives.nseindia.com/corporate/NSE_25042016163331_904.zip,"Maruti Suzuki India Limited has informed the Exchange that a conference call for the analysts and investors is scheduled to be held on April 26, 2016.",,,Analysts Meet,-,25042016163300,-,-,False,,,100641018,Automobiles - 4 Wheelers,INE585B01010,Maruti Suzuki India Limited,2016-04-25 16:33:00,MARUTI
22-Apr-2016 15:26:00,,https://nsearchives.nseindia.com/corporate/Maruti_30_22042016152637.zip,"Suzuki Motor Corporation has submitted to the Exchange vide letter dated April 04, 2016 a copy of disclosure under Regulation 30(2) of SEBI (Substantial Acquisition of Shares & Takeovers) Regulations, 2011.",,,Disc. under Reg.30 of SEBI (SAST) Reg.2011,-,22042016152600,-,-,False,,,100640667,Automobiles - 4 Wheelers,INE585B01010,Maruti Suzuki India Limited,2016-04-22 15:26:00,MARUTI
06-Apr-2016 15:46:00,,https://nsearchives.nseindia.com/corporate/PRNSE6thApril2016_06042016154616_430.zip,"Maruti Suzuki India Limited has informed the Exchange regarding a press release dated April 06, 2016 titled ""Maruti Suzuki Baleno Zeta now also with Automatic Transmission"".",,,Press Release,-,06042016154600,-,-,False,,,100607611,Automobiles - 4 Wheelers,INE585B01010,Maruti Suzuki India Limited,2016-04-06 15:46:00,MARUTI
05-Apr-2016 14:28:00,,https://nsearchives.nseindia.com/corporate/NSEProductionMarch_05042016142800_294.zip,Maruti Suzuki India Limited has informed the Exchange regarding the production figures of the Company for the month of March 2016.,,,Updates,-,05042016142800,-,-,False,,,100603217,Automobiles - 4 Wheelers,INE585B01010,Maruti Suzuki India Limited,2016-04-05 14:28:00,MARUTI
01-Apr-2016 11:45:00,,https://nsearchives.nseindia.com/corporate/NSE1_01042016114519_138.zip,"Maruti Suzuki India Limited has informed the Exchange regarding a press release dated April 1, 2016 titled ""Maruti Suzuki Sales in March"".",,,Press Release,-,01042016114500,-,-,False,,,100596187,Automobiles - 4 Wheelers,INE585B01010,Maruti Suzuki India Limited,2016-04-01 11:45:00,MARUTI
22-Mar-2016 14:47:00,,https://nsearchives.nseindia.com/corporate/nse22_22032016144732_739.zip,"Maruti Suzuki India Limited has informed the Exchange regarding a press release dated March 22, 2016 titled ""Maruti Suzuki to start deliveries of Vitara Brezza from March 25th"".",,,Press Release,-,22032016144700,-,-,False,,,100572581,Automobiles - 4 Wheelers,INE585B01010,Maruti Suzuki India Limited,2016-03-22 14:47:00,MARUTI
17-Mar-2016 14:07:00,,https://nsearchives.nseindia.com/corporate/reappointment_17032016140759_156.zip,"Maruti Suzuki India Limited has informed the Exchange that the board in its meeting held March 17, 2016 approved the re-appointment of: a) Mr. Kenichi Ayukawa as Managing Director & CEO for a period of three years w.e.f. April 01, 2016 b) Mr. Toshiaki Hasuike as Joint Managing Director for a period of three years w.e.f. April 27, 2016.",,,Reappointment,-,17032016140700,-,-,False,,,100560317,Automobiles - 4 Wheelers,INE585B01010,Maruti Suzuki India Limited,2016-03-17 14:07:00,MARUTI
10-Mar-2016 17:47:00,,https://nsearchives.nseindia.com/corporate/nse10_10032016174716_075.zip,"Maruti Suzuki India Limited has informed the Exchange thatIn term of the company's code of Internal Procedures and conduct for Prevention of Insider Trading in Securities of the Company ""Trading Window"" shall remain closed from March 15,2016 to April 28, 2016.(both days inclusive)",,,Trading Window,-,10032016174700,-,-,False,,,100537889,Automobiles - 4 Wheelers,INE585B01010,Maruti Suzuki India Limited,2016-03-10 17:47:00,MARUTI
09-Mar-2016 14:31:00,,https://nsearchives.nseindia.com/corporate/NSE9_09032016143144_392.zip,"Maruti Suzuki India Limited has informed the Exchange regarding press released dated March 09, 2016 title"" Suzuki launches 'Made in India' Baleno in Japan.""",,,Press Release,-,09032016143100,-,-,False,,,100533737,Automobiles - 4 Wheelers,INE585B01010,Maruti Suzuki India Limited,2016-03-09 14:31:00,MARUTI
08-Mar-2016 16:58:00,,https://nsearchives.nseindia.com/corporate/nse8_08032016165812_003.zip,"Maruti Suzuki India Limited has informed the Exchange regarding a press release dated March 08, 2016 titled "" Maruti Suzuki Vitara Brezza storms into the SUV space "".",,,Press Release,-,08032016165800,-,-,False,,,100529922,Automobiles - 4 Wheelers,INE585B01010,Maruti Suzuki India Limited,2016-03-08 16:58:00,MARUTI
04-Mar-2016 17:24:00,,https://nsearchives.nseindia.com/corporate/nse4_04032016172454_174.zip,"Maruti Suzuki India Limited has informed the Exchange vide letter dated February 4, 2016 regarding Production in February 2016.",,,Updates,-,04032016172400,-,-,False,,,100525156,Automobiles - 4 Wheelers,INE585B01010,Maruti Suzuki India Limited,2016-03-04 17:24:00,MARUTI
03-Mar-2016 09:23:00,,https://nsearchives.nseindia.com/corporate/nse3_03032016092331_453.zip,"Maruti Suzuki India Limited has informed the Exchange regarding a press release dated March 03, 2016 titled ""Maruti Suzuki passes Infrastructure Cess to customers - Announces price increase"".",,,Press Release,-,03032016092300,-,-,False,,,100518775,Automobiles - 4 Wheelers,INE585B01010,Maruti Suzuki India Limited,2016-03-03 09:23:00,MARUTI
02-Mar-2016 12:30:00,,https://nsearchives.nseindia.com/corporate/NSE3_02032016123016_074.zip,"Maruti Suzuki India Limited has informed the Exchange regarding a press release dated March 2, 2016 titled ""Maruti Suzuki Alto touches historic 30 lakh sales milestone "". (Revised)",,,Press Release (Revised),-,02032016123000,-,-,False,,,100515684,Automobiles - 4 Wheelers,INE585B01010,Maruti Suzuki India Limited,2016-03-02 12:30:00,MARUTI
02-Mar-2016 12:10:00,,https://nsearchives.nseindia.com/corporate/NSE3_02032016121048_064.zip,"Maruti Suzuki India Limited has informed the Exchange regarding a press release dated March 02, 2016 titled ""Maruti Suzuki Alto touches historic 30 lakh sales milestone"".",,,Press Release,-,02032016121000,-,-,False,,,100515681,Automobiles - 4 Wheelers,INE585B01010,Maruti Suzuki India Limited,2016-03-02 12:10:00,MARUTI
01-Mar-2016 11:02:00,,https://nsearchives.nseindia.com/corporate/NSE2_01032016110240_684.zip,"Maruti Suzuki India Limited has informed the Exchange regarding Press Release dated March 01, 2016 title"" Maruti Suzuki Domestic Sales marginally up Production loss of over 10,000 units in February due to reservation agitation in the region.""",,,Press Release,-,01032016110200,-,-,False,,,100507953,Automobiles - 4 Wheelers,INE585B01010,Maruti Suzuki India Limited,2016-03-01 11:02:00,MARUTI
23-Feb-2016 16:47:00,,https://nsearchives.nseindia.com/corporate/nse23_23022016164732_183.zip,"Maruti Suzuki India Limited has informed the Exchange regarding a press release dated February 23, 2016 titled ""Resumption of Production"".",,,Press Release,-,23022016164700,-,-,False,,,100491235,Automobiles - 4 Wheelers,INE585B01010,Maruti Suzuki India Limited,2016-02-23 16:47:00,MARUTI
22-Feb-2016 08:08:00,,https://nsearchives.nseindia.com/corporate/NSE_22022016080858_166.zip,"Maruti Suzuki India Limited has informed the Exchange regarding a press release dated February 20, 2016, titled ""Temporary Production Suspension"".",,,Press Release,-,22022016080800,-,-,False,,,100484067,Automobiles - 4 Wheelers,INE585B01010,Maruti Suzuki India Limited,2016-02-22 08:08:00,MARUTI
09-Feb-2016 10:04:00,,https://nsearchives.nseindia.com/corporate/NSEPR_09022016100429_054.zip,"Maruti Suzuki India Limited has informed the Exchange vide letter dated February 09, 2016 regarding ""Production in January 2016"".",,,Updates,-,09022016100400,-,-,False,,,100446591,Automobiles - 4 Wheelers,INE585B01010,Maruti Suzuki India Limited,2016-02-09 10:04:00,MARUTI
04-Feb-2016 13:59:00,,https://nsearchives.nseindia.com/corporate/NSEPR_04022016135933_412.zip,"Maruti Suzuki India Limited has informed the Exchange regarding a press release dated February 04, 2016, titled ""Maruti Suzuki unveils Concept IGNIS and Concept Baleno RS for India - Launch likely in festival season"".",,,Press Release,-,04022016135900,-,-,False,,,100437298,Automobiles - 4 Wheelers,INE585B01010,Maruti Suzuki India Limited,2016-02-04 13:59:00,MARUTI
01-Feb-2016 10:42:00,,https://nsearchives.nseindia.com/corporate/NSEPR_01022016104213_011.zip,"Maruti Suzuki India Limited has informed the Exchange regarding a press release dated February 01, 2016 titled ""Maruti Suzuki Sales in January 2016"".",,,Press Release,-,01022016104200,-,-,False,,,100420817,Automobiles - 4 Wheelers,INE585B01010,Maruti Suzuki India Limited,2016-02-01 10:42:00,MARUTI
30-Jan-2016 15:21:00,,https://nsearchives.nseindia.com/corporate/Reg30_30012016152149_753.zip,Maruti Suzuki India Limited has informed the Exchange regarding Details of Key Managerial Personnel.,,,Updates,-,30012016152100,-,-,False,,,100420663,Automobiles - 4 Wheelers,INE585B01010,Maruti Suzuki India Limited,2016-01-30 15:21:00,MARUTI
28-Jan-2016 17:27:00,,https://nsearchives.nseindia.com/corporate/Maruti_OBM_28012016172733.zip,"Maruti Suzuki India Limited has informed the Exchange that the Board of Directors of the Company at their meeting held on January 28, 2016:1. Mr. Kazuhiko Ayabe has ceased to be a Whole-time Director designated as Director (Supply Chain) w.e.f. close of business hours of January 28, 2016.",,,Outcome of Board Meeting,-,28012016172700,-,-,False,,,100416504,Automobiles - 4 Wheelers,INE585B01010,Maruti Suzuki India Limited,2016-01-28 17:27:00,MARUTI
28-Jan-2016 17:16:00,,https://nsearchives.nseindia.com/corporate/Maruti_pressrelease_28012016171652.zip,"Maruti Suzuki India Limited has informed the Exchange regarding a press release dated January 28, 2016 titled ""Maruti Suzuki Financial Results Q3 (Oct-Dec) 2015-16"" along with investor presentation.",,,Press Release,-,28012016171600,-,-,False,,,100416499,Automobiles - 4 Wheelers,INE585B01010,Maruti Suzuki India Limited,2016-01-28 17:16:00,MARUTI
28-Jan-2016 17:09:02,,https://nsearchives.nseindia.com/corporate/NSE_28012016170902.zip,"Maruti Suzuki India Limited has submitted to the Exchange the standalone financial results along with the Limited Review Report for the period ended December 31, 2015.",,,Financial Result Updates,-,28012016170902,-,-,False,,,103470,Automobiles - 4 Wheelers,INE585B01010,Maruti Suzuki India Limited,2016-01-28 17:09:02,MARUTI
27-Jan-2016 15:58:00,,https://nsearchives.nseindia.com/corporate/NSE_27012016155816_197.zip,"Maruti Suzuki India Limited has informed the Exchange that a conference call for the analysts and investors is scheduled to be held on January 28, 2016.",,,Analysts Meet,-,27012016155800,-,-,False,,,100408842,Automobiles - 4 Wheelers,INE585B01010,Maruti Suzuki India Limited,2016-01-27 15:58:00,MARUTI
22-Jan-2016 16:25:00,,https://nsearchives.nseindia.com/corporate/PR_22012016162512_021.zip,"Maruti Suzuki India Limited has informed the Exchange regarding a press release dated January 22, 2016 titled ''Nexa milestone: 100th showroom inaugurated today''",,,Press Release,-,22012016162500,-,-,False,,,100404721,Automobiles - 4 Wheelers,INE585B01010,Maruti Suzuki India Limited,2016-01-22 16:25:00,MARUTI
18-Jan-2016 08:54:00,,https://nsearchives.nseindia.com/corporate/Maruti_01_18012016085426.zip,"Maruti Suzuki India Limited has informed the Exchange regarding a press release dated January 16, 2016, titled ""Maruti Suzuki Announces Price Increase"".",,,Press Release,-,18012016085400,-,-,False,,,100385640,Automobiles - 4 Wheelers,INE585B01010,Maruti Suzuki India Limited,2016-01-18 08:54:00,MARUTI
15-Jan-2016 13:46:00,,https://nsearchives.nseindia.com/corporate/Maruti_15012016134649.zip,"Maruti Suzuki India Limited has informed the Exchange regarding a press release dated January 15, 2016 titled ""Auto Expo: Vitara Brezza and Concept Ignis to shake up popular segments"".",,,Press Release,-,15012016134600,-,-,False,,,100380714,Automobiles - 4 Wheelers,INE585B01010,Maruti Suzuki India Limited,2016-01-15 13:46:00,MARUTI
14-Jan-2016 13:06:00,,https://nsearchives.nseindia.com/corporate/PR-Alto_14012016130657.zip,"Maruti Suzuki India Limited has informed the Exchange regarding a press release dated January 14, 2016 titled ""Alto now comes with driver airbag"".",,,Press Release,-,14012016130600,-,-,False,,,100380431,Automobiles - 4 Wheelers,INE585B01010,Maruti Suzuki India Limited,2016-01-14 13:06:00,MARUTI
08-Jan-2016 15:07:00,,https://nsearchives.nseindia.com/corporate/Vitara_08012016150756.zip,"Maruti Suzuki India Limited has informed the Exchange regarding a press release dated January 08, 2016 titled ""Sketch of Maruti Suzuki Vitara Brezza"".",,,Press Release,-,08012016150700,-,-,False,,,100365445,Automobiles - 4 Wheelers,INE585B01010,Maruti Suzuki India Limited,2016-01-08 15:07:00,MARUTI
07-Jan-2016 11:52:00,,https://nsearchives.nseindia.com/corporate/Maruti_pr_07012016115256.zip,"Maruti Suzuki India Limited has informed the Exchange regarding a press release dated January 07, 2016 titled ""Maruti Suzuki launches Auto Gear Shift equipped DZire Diesel"".",,,Press Release,-,07012016115200,-,-,False,,,100361724,Automobiles - 4 Wheelers,INE585B01010,Maruti Suzuki India Limited,2016-01-07 11:52:00,MARUTI
06-Jan-2016 12:38:00,,https://nsearchives.nseindia.com/corporate/pr_06012016123825_100.zip,Maruti Suzuki India Limited has informed the Exchange regarding the production figures of the Company for the month December 2015.,,,Updates,-,06012016123800,-,-,False,,,100356581,Automobiles - 4 Wheelers,INE585B01010,Maruti Suzuki India Limited,2016-01-06 12:38:00,MARUTI
01-Jan-2016 11:02:00,,https://nsearchives.nseindia.com/corporate/4629_001_01012016110230.zip,"Maruti Suzuki India Limited has informed the Exchange regarding a press release dated January 1, 2016 titled ""Maruti Suzuki Sales in December 2015"".",,,Press Release,-,01012016110200,-,-,False,,,100344065,Automobiles - 4 Wheelers,INE585B01010,Maruti Suzuki India Limited,2016-01-01 11:02:00,MARUTI
28-Dec-2015 08:04:00,,https://nsearchives.nseindia.com/corporate/PR_28122015080418_641.zip,"Maruti Suzuki India Limited has informed the Exchange regarding a press release dated December 26, 2015, titled ""Maruti Suzuki donates Rs 2 Crore for flood victims of Tamil Nadu"".",,,Press Release,-,28122015080400,-,-,False,,,100328472,Automobiles - 4 Wheelers,INE585B01010,Maruti Suzuki India Limited,2015-12-28 08:04:00,MARUTI
17-Dec-2015 17:16:00,,https://nsearchives.nseindia.com/corporate/Annex-_C_Press_Release_17122015171653.zip,"Maruti Suzuki India Limited has informed the Exchange regarding a press release dated December 17, 2015 titled ""Results: Shareholder Voting "".",,,Press Release,-,17122015171600,-,-,False,,,100310964,Automobiles - 4 Wheelers,INE585B01010,Maruti Suzuki India Limited,2015-12-17 17:16:00,MARUTI
17-Dec-2015 17:16:00,,https://nsearchives.nseindia.com/corporate/NSE_17122015171601_367.zip,Maruti Suzuki India Limited has informed the Exchange regarding the voting results of the POstal Balot along with the Scrutinizer's Report for postal Ballot.,,,Postal Ballot Updates,-,17122015171600,-,-,False,,,100310965,Automobiles - 4 Wheelers,INE585B01010,Maruti Suzuki India Limited,2015-12-17 17:16:00,MARUTI
04-Dec-2015 18:39:00,,https://nsearchives.nseindia.com/corporate/4026_001_04122015183919.zip,Maruti Suzuki India Limited has informed the Exchange regarding the production figures of the Company for the month of November 2015.,,,Updates,-,04122015183900,-,-,False,,,100279358,Automobiles - 4 Wheelers,INE585B01010,Maruti Suzuki India Limited,2015-12-04 18:39:00,MARUTI
01-Dec-2015 10:28:00,,https://nsearchives.nseindia.com/corporate/PR_01122015102851_035.zip,"Maruti Suzuki India Limited has informed the Exchange regarding a press release dated December 01, 2015 titled ""Maruti Suzuki Sales in November 2015"".",,,Press Release,-,01122015102800,-,-,False,,,100266330,Automobiles - 4 Wheelers,INE585B01010,Maruti Suzuki India Limited,2015-12-01 10:28:00,MARUTI
30-Nov-2015 15:53:00,,https://nsearchives.nseindia.com/corporate/PR_30112015155333_245.zip,"Maruti Suzuki India Limited has informed the Exchange regarding a press release dated November 30, 2015 titled ""Maruti Suzuki adds more safety features to Celerio range"".",,,Press Release,-,30112015155300,-,-,False,,,100264577,Automobiles - 4 Wheelers,INE585B01010,Maruti Suzuki India Limited,2015-11-30 15:53:00,MARUTI
24-Nov-2015 16:46:00,,https://nsearchives.nseindia.com/corporate/MARUTI_press_24112015164629.zip,"Maruti Suzuki India Limited has informed the Exchange regarding a press release dated November 24, 2015 titled ""Maruti Suzuki's best-sellers, Swift and DZire, now with added safety features"".",,,Press Release,-,24112015164600,-,-,False,,,100255885,Automobiles - 4 Wheelers,INE585B01010,Maruti Suzuki India Limited,2015-11-24 16:46:00,MARUTI
16-Nov-2015 14:46:00,,https://nsearchives.nseindia.com/corporate/maruti_postalballot_16112015144643.zip,Maruti Suzuki India Limited has submitted to the Exchange a copy of Postal ballot Notice,,,Postal Ballot Updates,-,16112015144600,-,-,False,,,100239272,Automobiles - 4 Wheelers,INE585B01010,Maruti Suzuki India Limited,2015-11-16 14:46:00,MARUTI
07-Nov-2015 16:38:00,,https://nsearchives.nseindia.com/corporate/PR_07112015163856_163.zip,"Maruti Suzuki India Limited has informed the Exchange regarding a Press Release dated November 07, 2015 titled ''WagonR now offered with Auto Gear Shift, dual airbags and ABS''",,,Press Release,-,07112015163800,-,-,False,,,100228257,Automobiles - 4 Wheelers,INE585B01010,Maruti Suzuki India Limited,2015-11-07 16:38:00,MARUTI
05-Nov-2015 15:50:00,,https://nsearchives.nseindia.com/corporate/PR_05112015155024.zip,Maruti Suzuki India Limited has informed the Exchange regarding the production figures of the Company for the month of October 2015.,,,Updates,-,05112015155000,-,-,False,,,100225116,Automobiles - 4 Wheelers,INE585B01010,Maruti Suzuki India Limited,2015-11-05 15:50:00,MARUTI
02-Nov-2015 10:35:00,,https://nsearchives.nseindia.com/corporate/PR_02112015103551.zip,"Maruti Suzuki India Limited has informed the Exchange regarding a press release dated November 02, 2015 titled ""maruti Suzuki Sales in October 2015""",,,Press Release,-,02112015103500,-,-,False,,,100214124,Automobiles - 4 Wheelers,INE585B01010,Maruti Suzuki India Limited,2015-11-02 10:35:00,MARUTI
02-Nov-2015 09:51:00,,-,"Maruti Suzuki India Limited has informed the Exchange that in continuation with the letter dated  October 27, 2015 the board has fixed November 6, 2015 as the cut-off date for the purpose of determining the members to whom the notice of postal ballot shall be sent for determining the members entitled to vote on the matter of related party transaction with Suzuki Motor Gujarat Private Limited.",,,Updates,-,02112015095100,-,-,False,,,100214112,Automobiles - 4 Wheelers,INE585B01010,Maruti Suzuki India Limited,2015-11-02 09:51:00,MARUTI
29-Oct-2015 17:35:00,,-,"Maruti Suzuki India Limited has informed the Exchange that the Company has fixed Record Date as November 6, 2015 for the purpose of determining the members to whom the notice of postal ballot shall be sent and for determining the members entitled to vote on the matter of related party transaction with Suzuki Motor Gujarat Private Ltd.",,,Record Date,-,29102015173500,-,-,False,,,100210947,Automobiles - 4 Wheelers,INE585B01010,Maruti Suzuki India Limited,2015-10-29 17:35:00,MARUTI
27-Oct-2015 14:35:00,,https://nsearchives.nseindia.com/corporate/Maruti_OBM_27102015143529.zip,"Maruti Suzuki India Limited has informed the Exchange regarding the Outcome of Board Meeting of the Company  held on October 27, 2015.",,,Outcome of Board Meeting,-,27102015143500,-,-,False,,,100204995,Automobiles - 4 Wheelers,INE585B01010,Maruti Suzuki India Limited,2015-10-27 14:35:00,MARUTI
27-Oct-2015 14:27:00,,https://nsearchives.nseindia.com/corporate/maruti_press_27102015142730.zip,"Maruti Suzuki India Limited has informed the Exchange regarding a press release dated October 27, 2015 titled ""Maruti Suzuki Financial Results Q2 (Jul-Sept) 2015-16""",,,Press Release,-,27102015142700,-,-,False,,,100204993,Automobiles - 4 Wheelers,INE585B01010,Maruti Suzuki India Limited,2015-10-27 14:27:00,MARUTI
27-Oct-2015 14:23:56,,https://nsearchives.nseindia.com/corporate/maruti_27102015142356.zip,Maruti Suzuki India Limited has submitted to the exchange the standalone financial results along with the Limited Review Report for the period ended 30-Sep-2015.,,,Financial Result Updates,-,27102015142356,-,-,False,,,101809,Automobiles - 4 Wheelers,INE585B01010,Maruti Suzuki India Limited,2015-10-27 14:23:56,MARUTI
26-Oct-2015 12:44:00,,https://nsearchives.nseindia.com/corporate/maruti.zip,"Maruti Suzuki India Limited has informed the Exchange regarding a press release dated October 26, 2015 titled ""Global launch of Premium Hatchback Baleno""",,,Press Release,-,26102015124400,-,-,False,,,100199595,Automobiles - 4 Wheelers,INE585B01010,Maruti Suzuki India Limited,2015-10-26 12:44:00,MARUTI
19-Oct-2015 16:12:00,,https://nsearchives.nseindia.com/corporate/PR_19102015161219_291.zip,"Maruti Suzuki India Limited has informed the Exchange regarding a press release dated October 19, 2015 titled ""With new variant Ciaz RS; brand Ciaz becomes even more tempting"".",,,Press Release,-,19102015161200,-,-,False,,,100190810,Automobiles - 4 Wheelers,INE585B01010,Maruti Suzuki India Limited,2015-10-19 16:12:00,MARUTI
16-Oct-2015 17:33:00,,https://nsearchives.nseindia.com/corporate/PR_16102015173305_812.zip,"Maruti Suzuki India Limited has informed the Exchange regarding a press release dated October 16, 2015 titled ""Ertiga Facelift: Smart Hybrid, SmartPlay Infotainment System and class leading fuel efficiency""",,,Press Release,-,16102015173300,-,-,False,,,100188005,Automobiles - 4 Wheelers,INE585B01010,Maruti Suzuki India Limited,2015-10-16 17:33:00,MARUTI
13-Oct-2015 15:49:00,,https://nsearchives.nseindia.com/corporate/Maruti_pr_13102015154948.zip,"Maruti Suzuki India Limited has informed the Exchange regarding a press release dated October 13, 2015 titled ""Maruti Suzuki opens bookings for Baleno, the all-new premium hatchback"".",,,Press Release,-,13102015154900,-,-,False,,,100179847,Automobiles - 4 Wheelers,INE585B01010,Maruti Suzuki India Limited,2015-10-13 15:49:00,MARUTI
09-Oct-2015 16:09:00,,https://nsearchives.nseindia.com/corporate/Proceedings_09102015160907.zip,"Maruti Suzuki India Limited has submitted to the Exchange a copy of the proceedings of the Annual General Meeting of the Company held on September 4, 2015.",,,Annual General Meeting Updates,-,09102015160900,-,-,False,,,100174393,Automobiles - 4 Wheelers,INE585B01010,Maruti Suzuki India Limited,2015-10-09 16:09:00,MARUTI
05-Oct-2015 18:26:00,,https://nsearchives.nseindia.com/corporate/PR_05102015182629_313.zip,Maruti Suzuki India Limited has informed the Exchange regarding the production figures of the Company for the month of September 2015,,,Updates,-,05102015182600,-,-,False,,,100163692,Automobiles - 4 Wheelers,INE585B01010,Maruti Suzuki India Limited,2015-10-05 18:26:00,MARUTI
05-Oct-2015 08:31:00,,https://nsearchives.nseindia.com/corporate/marutisuzuki1.zip,"Maruti Suzuki India Limited has informed the Exchange that the Board of Directors of the Company in its meeting held on October 01, 2015, approved the Contract Manufacturing Agreement and the Lease Deed proposed to be signed by the Company with Suzuki Motor Gujarat (P) Ltd. subject to this arrangement being approved by the minority shareholders of MSIL and regulatory approvals, if any. Further the Company has submitted a copy of the Contract Manufacturing Agreement and the Lease Deed.",,,Outcome of Board Meeting,-,05102015083100,-,-,False,,,100161763,Automobiles - 4 Wheelers,INE585B01010,Maruti Suzuki India Limited,2015-10-05 08:31:00,MARUTI
01-Oct-2015 10:30:00,,https://nsearchives.nseindia.com/corporate/P_01102015103014_019.zip,"Maruti Suzuki India Limited has informed the Exchange regarding a press release dated October 01, 2015 titled ""Maruti Suzuki Sales in September 2015"".",,,Press Release,-,01102015103000,-,-,False,,,100160413,Automobiles - 4 Wheelers,INE585B01010,Maruti Suzuki India Limited,2015-10-01 10:30:00,MARUTI
23-Sep-2015 16:40:00,,https://nsearchives.nseindia.com/corporate/PR_23092015164014_801.zip,"Maruti Suzuki India Limited has informed the Exchange regarding a press release dated September 23, 2015 titled ""Sales of Auto Gear Shift technology vehicles cross 50, 000 units: Maruti Suzuki"".",,,Press Release,-,23092015164000,-,-,False,,,100150805,Automobiles - 4 Wheelers,INE585B01010,Maruti Suzuki India Limited,2015-09-23 16:40:00,MARUTI
15-Sep-2015 15:48:00,,https://nsearchives.nseindia.com/corporate/AGM_15092015154817_723.zip,Maruti Suzuki India Limited has informed the Exchange copy of notices published in requisite newspapers regarding e-voting information for the Annual General Meeting ( AGM ) of the members of Maruti Suzuki India Limited.,,,Updates,-,15092015154800,-,-,False,,,100140531,Automobiles - 4 Wheelers,INE585B01010,Maruti Suzuki India Limited,2015-09-15 15:48:00,MARUTI
14-Sep-2015 08:11:00,,https://nsearchives.nseindia.com/corporate/PR_14092015081149_333.zip,"Maruti Suzuki India Limited has informed the Exchange regarding a press release dated September 12, 2015 titled ""Maruti Suzuki introduces dual airbags and ABS on base models of Ciaz"".",,,Press Release,-,14092015081100,-,-,False,,,100136903,Automobiles - 4 Wheelers,INE585B01010,Maruti Suzuki India Limited,2015-09-14 08:11:00,MARUTI
07-Sep-2015 18:14:00,,https://nsearchives.nseindia.com/corporate/NSE_07092015181433_022.zip,Maruti Suzuki India Limited has informed the Exchange that voting results of the Annual General Meeting of the Company as per the format prescribed under Clause 35A read with Clause 31(d) of the Listing Agreement.,,,Disclosure of Voting Pattern - Clause 35A,-,07092015181400,-,-,False,,,100129444,Automobiles - 4 Wheelers,INE585B01010,Maruti Suzuki India Limited,2015-09-07 18:14:00,MARUTI
07-Sep-2015 08:22:00,,https://nsearchives.nseindia.com/corporate/Maruti_01.zip,"Maruti Suzuki India Limited has submitted to the Exchange the details of voting results of the Annual General Meeting of the Company held on the September 04, 2015 as per clause 35A of Listing agreement.",,,Disclosure of Voting Pattern - Clause 35A,-,07092015082200,-,-,False,,,100127578,Automobiles - 4 Wheelers,INE585B01010,Maruti Suzuki India Limited,2015-09-07 08:22:00,MARUTI
04-Sep-2015 18:39:00,,https://nsearchives.nseindia.com/corporate/NSE_04092015183925_624.zip,Maruti Suzuki India Limited has informed the Exchange regarding the production figures of the Company for the month of August 2015.,,,Updates,-,04092015183900,-,-,False,,,100127492,Automobiles - 4 Wheelers,INE585B01010,Maruti Suzuki India Limited,2015-09-04 18:39:00,MARUTI
01-Sep-2015 13:04:00,,https://nsearchives.nseindia.com/corporate/MARUTI_presss.zip,"Maruti Suzuki India Limited has informed the Exchange regarding a press release dated September 1, 2015 titled ""Ciaz Smart Hybrid Launched At 28.09 Km/l, tops fuel efficiency chart "".",,,Press Release,-,01092015130400,-,-,False,,,100121583,Automobiles - 4 Wheelers,INE585B01010,Maruti Suzuki India Limited,2015-09-01 13:04:00,MARUTI
01-Sep-2015 10:22:00,,https://nsearchives.nseindia.com/corporate/PR_01092015102229.zip,"Maruti Suzuki India Limited has informed the Exchange regarding a press release dated September 01, 2015 titled ""Maruti Suzuki Sales in August 2015"".",,,Press Release,-,01092015102200,-,-,False,,,100118287,Automobiles - 4 Wheelers,INE585B01010,Maruti Suzuki India Limited,2015-09-01 10:22:00,MARUTI
08-Aug-2015 16:12:00,,https://nsearchives.nseindia.com/corporate/maruti_08082015161257.zip,"Maruti Suzuki India Limited has submitted to the Exchange a copy of notice of Annual General Meeting of the members of the Company to be held on  September 04, 2015.",,,Annual General Meeting Updates,-,08082015161200,-,-,False,,,100074260,Automobiles - 4 Wheelers,INE585B01010,Maruti Suzuki India Limited,2015-08-08 16:12:00,MARUTI
05-Aug-2015 12:57:00,,https://nsearchives.nseindia.com/corporate/MARUTI_press.zip,"Maruti Suzuki India Limited has informed the Exchange regarding a press release dated August 5, 2015 titled ""India gets its first premium cross-over, S-CROSS "".",,,Press Release,-,05082015125700,-,-,False,,,100067098,Automobiles - 4 Wheelers,INE585B01010,Maruti Suzuki India Limited,2015-08-05 12:57:00,MARUTI
04-Aug-2015 16:47:00,,https://nsearchives.nseindia.com/corporate/MARUTI_update_04082015164744.zip,Maruti Suzuki India Limited has informed the Exchange regarding the production figures of the Company for the month of July 2015.,,,Updates,-,04082015164700,-,-,False,,,100065749,Automobiles - 4 Wheelers,INE585B01010,Maruti Suzuki India Limited,2015-08-04 16:47:00,MARUTI
01-Aug-2015 11:29:00,,https://nsearchives.nseindia.com/corporate/Pr_01082015112939_494.zip,"Maruti Suzuki India Limited has informed the Exchange regarding a press release dated August 01, 2015 titled ""Maruti Suzuki Sales in July 2015""",,,Press Release,-,01082015112900,-,-,False,,,100060023,Automobiles - 4 Wheelers,INE585B01010,Maruti Suzuki India Limited,2015-08-01 11:29:00,MARUTI
29-Jul-2015 16:34:00,,https://nsearchives.nseindia.com/corporate/MARUTI02.zip,"Maruti Suzuki India Limited has informed the Exchange regarding a press release dated July 29, 2015 titled ""Maruti Suzuki DZire enters the 'elite 10 lakh club' "".",,,Press Release,-,29072015163400,-,-,False,,,100054357,Automobiles - 4 Wheelers,INE585B01010,Maruti Suzuki India Limited,2015-07-29 16:34:00,MARUTI
28-Jul-2015 12:51:00,,https://nsearchives.nseindia.com/corporate/MARUTI_press_28072015125106.zip,"Maruti Suzuki India Limited has informed the Exchange regarding a press release dated July 28, 2015 titled ""Maruti Suzuki financial results Q1 (April-June) 2015-16 "".",,,Press Release,-,28072015125100,-,-,False,,,100053937,Automobiles - 4 Wheelers,INE585B01010,Maruti Suzuki India Limited,2015-07-28 12:51:00,MARUTI
28-Jul-2015 12:46:06,,https://nsearchives.nseindia.com/corporate/Maruti_result.zip,Maruti Suzuki India Limited has submitted to the exchange the standalone financial results along with the Limited Review Report for the period ended 30-Jun-2015.,,,Financial Result Updates,-,28072015124606,-,-,False,,,100268,Automobiles - 4 Wheelers,INE585B01010,Maruti Suzuki India Limited,2015-07-28 12:46:06,MARUTI
23-Jul-2015 12:41:00,,https://nsearchives.nseindia.com/corporate/MARUTI_pres.zip,"Maruti Suzuki India Limited has informed the Exchange regarding a press release dated July 23, 2015 titled ""Maruti Suzuki launches NEXA: A New Premium Automotive Experience "".",,,Press Release,-,23072015124100,-,-,False,,,100052866,Automobiles - 4 Wheelers,INE585B01010,Maruti Suzuki India Limited,2015-07-23 12:41:00,MARUTI
17-Jul-2015 12:19:00,,https://nsearchives.nseindia.com/corporate/MARUTI_update_17072015121958.zip,"Maruti Suzuki India Limited has informed the Exchange regarding ""Back ground material to be shared with analysts"".",,,Updates,-,17072015121900,-,-,False,,,100051681,Automobiles - 4 Wheelers,INE585B01010,Maruti Suzuki India Limited,2015-07-17 12:19:00,MARUTI
09-Jul-2015 15:46:00,,https://nsearchives.nseindia.com/corporate/MARUTI02.zip,"Maruti Suzuki India Limited has informed the Exchange regarding a press release dated July 9, 2015, titled ""Maruti Suzuki Celerio crosses the 100,000 sales mark Auto Gear Shift and multiple fuel options power sales"".",,,Press Release,-,09072015154600,-,-,False,,,100050288,Automobiles - 4 Wheelers,INE585B01010,Maruti Suzuki India Limited,2015-07-09 15:46:00,MARUTI
08-Jul-2015 14:27:00,,https://nsearchives.nseindia.com/corporate/MARUTI_press.zip,"Maruti Suzuki India Limited has informed the Exchange regarding a press release dated July 8, 2015 titled ""Maruti Suzuki opens booking for its premium crossover S-CROSS "".",,,Press Release,-,08072015142700,-,-,False,,,100050051,Automobiles - 4 Wheelers,INE585B01010,Maruti Suzuki India Limited,2015-07-08 14:27:00,MARUTI
06-Jul-2015 14:41:00,,https://nsearchives.nseindia.com/corporate/NSE_06072015144128_127.zip,Maruti Suzuki India Limited has informed the Exchange regarding the production figures of the Company for the month of June 2015.,,,Updates,-,06072015144100,-,-,False,,,100049666,Automobiles - 4 Wheelers,INE585B01010,Maruti Suzuki India Limited,2015-07-06 14:41:00,MARUTI
06-Jul-2015 11:53:00,,https://nsearchives.nseindia.com/corporate/MARUTI_update_06072015115335.zip,Maruti Suzuki India Limited has informed the Exchange regarding the production figures of the Company for the month of June 2015.,,,Updates,-,06072015115300,-,-,False,,,100049619,Automobiles - 4 Wheelers,INE585B01010,Maruti Suzuki India Limited,2015-07-06 11:53:00,MARUTI
02-Jul-2015 16:01:00,,https://nsearchives.nseindia.com/corporate/MARUTI_07022015160101_1.zip,"Maruti Suzuki India Limited has informed the Exchange that the Company will provide the e-voting facility to its shareholders for the said AGM and therefore has fixed August 28, 2015 as the cut- off date for the purpose of determining the members entitled to vote electronically.",,,Annual General Meeting Updates,-,02072015160100,-,-,False,,,1600231,Automobiles - 4 Wheelers,INE585B01010,Maruti Suzuki India Limited,2015-07-02 16:01:00,MARUTI
02-Jul-2015 15:55:00,,https://nsearchives.nseindia.com/corporate/MARUTI_07022015155502_1.zip,"Maruti Suzuki India Limited has informed the Exchange that the Register of Members and Share Transfer Books of the Company shall remain closed from August 28, 2015 to September 4, 2015 (both days inclusive) for the purpose of dividend and Annual General Meeting of the Company scheduled to be held on September 4, 2015.",,,AGM/Book Closure,-,02072015155500,-,-,False,,,1600212,Automobiles - 4 Wheelers,INE585B01010,Maruti Suzuki India Limited,2015-07-02 15:55:00,MARUTI
01-Jul-2015 10:30:00,,https://nsearchives.nseindia.com/corporate/Maruti_pr_07012015103002_1.zip,"Maruti Suzuki India Limited has informed the Exchange regarding the press released dated July 01, 2015 titled, ""Maruti Suzuki Sales in June 2015"".",,,Press Release,-,01072015103000,-,-,False,,,1595865,Automobiles - 4 Wheelers,INE585B01010,Maruti Suzuki India Limited,2015-07-01 10:30:00,MARUTI
04-Jun-2015 18:31:00,,https://nsearchives.nseindia.com/corporate/NSE_06042015183103_2.zip,"Maruti Suzuki India Limited has informed the Exchange regarding a press release dated June 04, 2015 titled ''Maruti Suzuki's focus on lower vehicle emissions''",,,Press Release,-,04062015183100,-,-,False,,,1552952,Automobiles - 4 Wheelers,INE585B01010,Maruti Suzuki India Limited,2015-06-04 18:31:00,MARUTI
03-Jun-2015 13:19:00,,https://nsearchives.nseindia.com/corporate/MARUTI_production_06032015131902_1.zip,Maruti Suzuki India Limited has informed the Exchange regarding the production figures of the Company for the month of May 2015.,,,Updates,-,03062015131900,-,-,False,,,1548145,Automobiles - 4 Wheelers,INE585B01010,Maruti Suzuki India Limited,2015-06-03 13:19:00,MARUTI
03-Jun-2015 13:18:00,,https://nsearchives.nseindia.com/corporate/NSE_06032015131802_1.zip,Maruti Suzuki India Limited has informed the Exchange regarding the production figures of the Company for the month of May 2015. ,,,Updates,-,03062015131800,-,-,False,,,1548144,Automobiles - 4 Wheelers,INE585B01010,Maruti Suzuki India Limited,2015-06-03 13:18:00,MARUTI
03-Jun-2015 13:10:00,,https://nsearchives.nseindia.com/corporate/MARUTI02_03062015130941.zip,"Maruti Suzuki India Limited has informed the Exchange regarding a press release dated June 3, 2015 titled ""DDiS 125 makes Celerio India's most fuel efficient car @ 27.62 kmpl Global launch of Suzuki's first diesel engine"".",,,Press Release,-,03062015131000,-,-,False,,,1548042,Automobiles - 4 Wheelers,INE585B01010,Maruti Suzuki India Limited,2015-06-03 13:10:00,MARUTI
01-Jun-2015 10:46:00,,https://nsearchives.nseindia.com/corporate/NSEPR_06012015104601_2.zip,"Maruti Suzuki India Limited has informed the Exchange regarding the press released dated June 01, 2015 titled, ""Maruti Suzuki Sales in May 2015"".",,,Press Release,-,01062015104600,-,-,False,,,1543792,Automobiles - 4 Wheelers,INE585B01010,Maruti Suzuki India Limited,2015-06-01 10:46:00,MARUTI
15-May-2015 12:29:00,,https://nsearchives.nseindia.com/corporate/MARUTI_05152015122902_2.zip,"Maruti Suzuki India Limited has informed the Exchange that the Board of Directors of the Company has approved the ""Code of Practices and Procedures for Fair Disclosure of Unpublished Price Sensitive Information"" (Code of Fair Disclosure) and ""Code of Internal Procedures and Conduct for Prevention of Insider Trading"" as per the requirements of captioned Regulations .",,,Updates,-,15052015122900,-,-,False,,,1514295,Automobiles - 4 Wheelers,INE585B01010,Maruti Suzuki India Limited,2015-05-15 12:29:00,MARUTI
12-May-2015 13:32:00,,https://nsearchives.nseindia.com/corporate/MARUTI-cover_12052015133137.zip,"Maruti Suzuki India Limited has informed the Exchange regarding a press release dated May 12, 2015 titled ""Maruti Suzuki rolls out its 15 millionth vehicle"".",,,Press Release,-,12052015133200,-,-,False,,,1507197,Automobiles - 4 Wheelers,INE585B01010,Maruti Suzuki India Limited,2015-05-12 13:32:00,MARUTI
08-May-2015 12:25:00,,https://nsearchives.nseindia.com/corporate/MARUTI02_08052015122459.zip,"Maruti Suzuki India Limited has informed the Exchange regarding a press release dated May 8, 2015 titled ""Ten years of Swift - Bestseller clocks over 1.3 million sales"".",,,Press Release,-,08052015122500,-,-,False,,,1501988,Automobiles - 4 Wheelers,INE585B01010,Maruti Suzuki India Limited,2015-05-08 12:25:00,MARUTI
05-May-2015 13:17:00,,https://nsearchives.nseindia.com/corporate/MARUTI_press_05052015131702_1.zip,"Maruti Suzuki India Limited has informed the Exchange regarding a press release dated May 5, 2015 titled ""Maruti Suzuki unveils program to train over 2100 youth annually in car service and repair, To set up Automobile Skill Enhancement Centres in 45 I.T.Is countywide"".",,,Press Release,-,05052015131700,-,-,False,,,1495516,Automobiles - 4 Wheelers,INE585B01010,Maruti Suzuki India Limited,2015-05-05 13:17:00,MARUTI
05-May-2015 09:41:00,,https://nsearchives.nseindia.com/corporate/MARUTI_updates_05052015094102_1.zip,Maruti Suzuki India Limited has informed the Exchange regarding the production figures of the Company for the month of April 2015.,,,Updates,-,05052015094100,-,-,False,,,1494679,Automobiles - 4 Wheelers,INE585B01010,Maruti Suzuki India Limited,2015-05-05 09:41:00,MARUTI
02-May-2015 10:48:00,,https://nsearchives.nseindia.com/corporate/nse_05022015104801_1.zip,"Maruti Suzuki India Limited has informed the Exchange regarding a press release dated May 01, 2015, titled ""Maruti Suzuki Sales in April 2015""",,,Press Release,-,02052015104800,-,-,False,,,1491902,Automobiles - 4 Wheelers,INE585B01010,Maruti Suzuki India Limited,2015-05-02 10:48:00,MARUTI
27-Apr-2015 13:45:00,,-,"Maruti Suzuki India Limited has informed the Exchange that the Board of Directors of the Company at its Meeting held on April 27, 2015 Mr. Kazuhiko Ayabe who is the Whole-time Director designated as Director (Supply Chain) has been re-appointed as the Whole-time Director for a further period of three years with effect from April 28, 2015. ",,,Outcome of Board Meeting,-,27042015134500,-,-,False,,,1483037,Automobiles - 4 Wheelers,INE585B01010,Maruti Suzuki India Limited,2015-04-27 13:45:00,MARUTI
27-Apr-2015 13:44:00,,https://nsearchives.nseindia.com/corporate/maruti_pr_04272015134401_1.zip,"Maruti Suzuki India Limited has informed the Exchange regarding a press release April 27, 2015, titled ""Maruti Suzuki Financial Results for 2014-15 and Q4 ( Jan- Mar 2015)."".",,,Press Release,-,27042015134400,-,-,False,,,1483036,Automobiles - 4 Wheelers,INE585B01010,Maruti Suzuki India Limited,2015-04-27 13:44:00,MARUTI
27-Apr-2015 13:43:02,,https://nsearchives.nseindia.com/corporate/maruti_04272015134301_.zip,Maruti Suzuki India Limited has submitted to the exchange the standalone & consolidated financial results for the period ended 31-Mar-2015.,,,Financial Result Updates,-,27042015134302,-,-,False,,,27337,Automobiles - 4 Wheelers,INE585B01010,Maruti Suzuki India Limited,2015-04-27 13:43:02,MARUTI
27-Apr-2015 13:42:00,,-,"Maruti Suzuki India Limited has informed the Exchange that the dividend payment date is September 10, 2015 subject to the approval of the shareholders in the ensuing Annual General Meeting.",,,Date of payment of dividend,-,27042015134200,-,-,False,,,1483034,Automobiles - 4 Wheelers,INE585B01010,Maruti Suzuki India Limited,2015-04-27 13:42:00,MARUTI
27-Apr-2015 13:41:00,,-,"Maruti Suzuki India Limited has informed the Exchange that the Board of Directors of the Company at its meeting held on April 27, 2015 has considered and recommended a final dividend aggregating Rs 75,520 lacs i.e. Rs. 25 per share (Nominal Value Rs. 5.00 per share) (Previous Year Rs.36,250 lacs i.e. Rs 12 per share-) for the financial year 2014-15.",,,Dividend,-,27042015134100,-,-,False,,,1483032,Automobiles - 4 Wheelers,INE585B01010,Maruti Suzuki India Limited,2015-04-27 13:41:00,MARUTI
18-Apr-2015 15:08:00,,https://nsearchives.nseindia.com/corporate/Maruti_suzuki_04182015150801_1.zip,"Suzuki Motor Corporation has submitted to the Exchange vide letter dated April 02, 2015 a copy of disclosure under Regulation 30(2) of SEBI (Substantial Acquisition of Shares & Takeovers) Regulations, 2011.",,,Disc. under Reg.30 of SEBI (SAST) Reg.2011,-,18042015150800,-,-,False,,,1468111,Automobiles - 4 Wheelers,INE585B01010,Maruti Suzuki India Limited,2015-04-18 15:08:00,MARUTI
10-Apr-2015 15:08:00,,https://nsearchives.nseindia.com/corporate/MARUTI_PRREVISED_04102015150801_1.zip,"Maruti Suzuki India Limited has informed the Exchange regarding a revised press release April 10, 2015, titled ""Maruti Suzuki to partner with Punjab Government to set up 32 Driving Training Institutes across the State"".",,,Press Release (Revised),-,10042015150800,-,-,False,,,1456971,Automobiles - 4 Wheelers,INE585B01010,Maruti Suzuki India Limited,2015-04-10 15:08:00,MARUTI
10-Apr-2015 14:44:00,,https://nsearchives.nseindia.com/corporate/MARUTI_PR_04102015144401_1.zip,"Maruti Suzuki India Limited has informed the Exchange regarding a press release April 10, 2015, titled ""Maruti Suzuki to partner with Punjab Government to set up 32 Driving Training Institutes across the State"".",,,Press Release,-,10042015144400,-,-,False,,,1456960,Automobiles - 4 Wheelers,INE585B01010,Maruti Suzuki India Limited,2015-04-10 14:44:00,MARUTI
06-Apr-2015 16:13:00,,https://nsearchives.nseindia.com/corporate/MARUTI_pr_04062015161302_1.zip,"Maruti Suzuki India Limited has informed the Exchange regarding a press release dated April 6, 2015 titled ""Maruti Suzuki sells 23% more CNG cars in FY 2014-15"".",,,Press Release,-,06042015161300,-,-,False,,,1446379,Automobiles - 4 Wheelers,INE585B01010,Maruti Suzuki India Limited,2015-04-06 16:13:00,MARUTI
06-Apr-2015 12:29:00,,https://nsearchives.nseindia.com/corporate/MARUTI_04062015122901_1.zip,Maruti Suzuki India Limited has informed the Exchange regarding the production figures of the Company for the month of March 2015.,,,Updates,-,06042015122900,-,-,False,,,1445542,Automobiles - 4 Wheelers,INE585B01010,Maruti Suzuki India Limited,2015-04-06 12:29:00,MARUTI
01-Apr-2015 10:31:00,,https://nsearchives.nseindia.com/corporate/Maruti_Pr_04012015103102_2.zip,"Maruti Suzuki India Limited has informed the Exchange regarding a press release dated April 01, 2015, titled ""Maruti Suzuki Sales in March 2015"".",,,Press Release,-,01042015103100,-,-,False,,,1443557,Automobiles - 4 Wheelers,INE585B01010,Maruti Suzuki India Limited,2015-04-01 10:31:00,MARUTI
10-Mar-2015 17:20:00,,https://nsearchives.nseindia.com/corporate/maruti_03102015172002_2.zip,"Maruti Suzuki India Limited has informed the Exchange regarding a press release dated March 10, 2015 titled ""Maruti Suzuki to recall 33,098 vehicles ( Alto 800 and Alto K-10 )"".",,,Press Release,-,10032015172000,-,-,False,,,1402947,Automobiles - 4 Wheelers,INE585B01010,Maruti Suzuki India Limited,2015-03-10 17:20:00,MARUTI
03-Mar-2015 13:20:00,,https://nsearchives.nseindia.com/corporate/maruti_sales_03032015132002_1.zip,Maruti Suzuki India Limited has informed the Exchange regarding production figures of the Company for the month of February 2015.,,,Updates,-,03032015132000,-,-,False,,,1390444,Automobiles - 4 Wheelers,INE585B01010,Maruti Suzuki India Limited,2015-03-03 13:20:00,MARUTI
02-Mar-2015 10:34:00,,https://nsearchives.nseindia.com/corporate/Maruti_PR_03022015103402_1.zip,"Maruti Suzuki India Limited has informed the Exchange regarding a press release dated March 02, 2015, titled ""Maruti Suzuki Sales in February 2015"".",,,Press Release,-,02032015103400,-,-,False,,,1387394,Automobiles - 4 Wheelers,INE585B01010,Maruti Suzuki India Limited,2015-03-02 10:34:00,MARUTI
24-Feb-2015 09:51:00,,https://nsearchives.nseindia.com/corporate/MARUTI_PR_02242015095101_1.zip,"Maruti Suzuki India Limited has informed the Exchange regarding a press release dated February 23, 2015, titled ""Maruti Suzuki presents India's most fuel efficient car 'refreshed Swift DZire' @ 26.59 kmpl (Diesel)"".",,,Press Release,-,24022015095100,-,-,False,,,1376367,Automobiles - 4 Wheelers,INE585B01010,Maruti Suzuki India Limited,2015-02-24 09:51:00,MARUTI
06-Feb-2015 12:20:00,,https://nsearchives.nseindia.com/corporate/MARUTI_production_02062015122001_1.zip,Maruti Suzuki India Limited has informed the Exchange regarding the production figures of the Company for the month of Jaunary 2015.,,,Updates,-,06022015122000,-,-,False,,,1350278,Automobiles - 4 Wheelers,INE585B01010,Maruti Suzuki India Limited,2015-02-06 12:20:00,MARUTI
02-Feb-2015 10:32:00,,https://nsearchives.nseindia.com/corporate/marutisuzuki_press_02022015103202_1.zip,"Maruti Suzuki India Limited has informed the Exchange regarding a press release dated February 2, 2015 titled ""Maruti Suzuki Sales in January 2015"".",,,Press Release,-,02022015103200,-,-,False,,,1337077,Automobiles - 4 Wheelers,INE585B01010,Maruti Suzuki India Limited,2015-02-02 10:32:00,MARUTI
28-Jan-2015 14:30:00,,https://nsearchives.nseindia.com/corporate/MARUTI_press_01282015143001_1.zip,"Maruti Suzuki India Limited has informed the Exchange regarding a press release dated January 28, 2015 titled ""Foundation stone ceremony of vehicle manufacturing plant in Gujarat State-of-the-art facility to be set up in line with ""Make in India"".",,,Press Release,-,28012015143000,-,-,False,,,1329591,Automobiles - 4 Wheelers,INE585B01010,Maruti Suzuki India Limited,2015-01-28 14:30:00,MARUTI
27-Jan-2015 13:28:00,,https://nsearchives.nseindia.com/corporate/marutisuzuki_press_01272015132802_1.zip,"Maruti Suzuki India Limited has informed the Exchange regarding a press release dated January 27, 2015 titled ""Maruti Suzuki Financial Results Q3 (Oct-Dec) 2014-15"".",,,Press Release,-,27012015132800,-,-,False,,,1329154,Automobiles - 4 Wheelers,INE585B01010,Maruti Suzuki India Limited,2015-01-27 13:28:00,MARUTI
27-Jan-2015 13:27:03,,https://nsearchives.nseindia.com/corporate/MARUTI_31Dec14_S_01272015132702_.zip,Maruti Suzuki India Limited has submitted to the exchange the standalone financial results along with the Limited Review Report for the period ended 31-Dec-2014.,,,Financial Result Updates,-,27012015132703,-,-,False,,,25915,Automobiles - 4 Wheelers,INE585B01010,Maruti Suzuki India Limited,2015-01-27 13:27:03,MARUTI
23-Jan-2015 13:32:00,,https://nsearchives.nseindia.com/corporate/MARUTI_PR_01232015133202_1.zip,"Maruti Suzuki India Limited has informed the Exchange vide letter dated January 23, 2015 regarding a press release dated January 21, 2015, titled ""Maruti Suzuki bags NDTV-PCRA Green Award For Fuel Efficiency; Company bags four titles ast at NDTV Car & Bike Awards 2015"".",,,Press Release,-,23012015133200,-,-,False,,,1322457,Automobiles - 4 Wheelers,INE585B01010,Maruti Suzuki India Limited,2015-01-23 13:32:00,MARUTI
07-Jan-2015 09:58:00,,https://nsearchives.nseindia.com/corporate/Maruti_01072015095801_1.zip,Maruti Suzuki India Limited has informed the Exchange regarding the production figures of the Company for the month of December 2014.,,,Monthly Business Updates,-,07012015095800,-,-,False,,,1294565,Automobiles - 4 Wheelers,INE585B01010,Maruti Suzuki India Limited,2015-01-07 09:58:00,MARUTI
01-Jan-2015 11:04:00,,https://nsearchives.nseindia.com/corporate/nsejan15_01012015110401_1.zip,"Maruti Suzuki India Limited has informed the Exchange regarding a press release dated January 01, 2015 titled ""Maruti Suzuki Sales in December 2014"".",,,Press Release,-,01012015110400,-,-,False,,,1285067,Automobiles - 4 Wheelers,INE585B01010,Maruti Suzuki India Limited,2015-01-01 11:04:00,MARUTI
10-Dec-2014 17:24:00,,-,"The Exchange had sought clarification from Maruti Suzuki India Limited with respect to a news item captioned ""Maruti bags army order for 4,000 Gypsys, its largest yet"". The Company has clarified that ""The Company has received an order for supply of 4141 Gypsy vehicles from the Indian Army in the ordinary course of business. The Company sells about 12 Lac vehicles per annum with a turnover close to Rs. 45,000 Crore. Keeping in view such a large scale of operations of the Company, this particular order is approximately 0.34% of the total number of vehicles sold by the Company in a year. Further, over the last 30 years or so, the Company, from time to time, has been supplying Gypsy to Army & other para security forces. Hence, this event is neither unprecedented nor material enough to have a bearing on the operations/performance of the Company"". ",,,News Clarification,-,10122014172400,-,-,False,,,1249574,Automobiles - 4 Wheelers,INE585B01010,Maruti Suzuki India Limited,2014-12-10 17:24:00,MARUTI
08-Dec-2014 15:56:00,,-,"The Exchange has sought clarification from Maruti Suzuki India Limited with respect to recent news item captioned ""Maruti bags army order for 4,000 Gypsys, its largest yet"". In this regard, Exchange have advised the Company to provide clarification/confirmation on the news item in detail including the following: a) Whether such event/negotiations/article stated in published news were taking place? If so, you are advised to provide the said information along with the sequence of events in chronological order and the material impact of this article on the Company. b) Whether company are aware of any information that has not been announced to the Exchanges under clause 36 of the Listing Agreement. The response from the Company is awaited.",,,News Clarification,-,08122014155600,-,-,False,,,1244516,Automobiles - 4 Wheelers,INE585B01010,Maruti Suzuki India Limited,2014-12-08 15:56:00,MARUTI
05-Dec-2014 10:10:00,,https://nsearchives.nseindia.com/corporate/nseproduction_12052014101002_1.zip,Maruti Suzuki India Limited has informed the Exchange regarding production figures of the company for the month of November 2014.,,,Monthly Business Updates,-,05122014101000,-,-,False,,,1239640,Automobiles - 4 Wheelers,INE585B01010,Maruti Suzuki India Limited,2014-12-05 10:10:00,MARUTI
02-Dec-2014 15:22:00,,https://nsearchives.nseindia.com/corporate/Unauditedresultsnse_12022014152201_1.zip,"Maruti Suzuki India Limited has submitted to the Exchange a copy of un-audited financial results for the quarter ended 30th September 2014, published in the requisite newspapers as per the requirement of clause 41 of the listing agreement and a corrigendum issued in relation thereto.",,,Corrigendum,-,02122014152200,-,-,False,,,1234376,Automobiles - 4 Wheelers,INE585B01010,Maruti Suzuki India Limited,2014-12-02 15:22:00,MARUTI
01-Dec-2014 14:27:00,,https://nsearchives.nseindia.com/corporate/nsedec_12012014142701_1.zip,"Maruti Suzuki India Limited has informed the Exchange that has informed the Exchange regarding the press release dated December 01, 2014 titled ""Maruti Suzuki's Service Campaign of Ciaz"".",,,Press Release,-,01122014142700,-,-,False,,,1230660,Automobiles - 4 Wheelers,INE585B01010,Maruti Suzuki India Limited,2014-12-01 14:27:00,MARUTI
01-Dec-2014 10:29:00,,https://nsearchives.nseindia.com/corporate/MARUTI_PR_12012014102901_1.zip,"Maruti Suzuki India Limited has informed the Exchange that has informed the Exchange regarding the press release dated December 01, 2014, titled ""Maruti Suzuki Sales in November 2014"".",,,Press Release,-,01122014102900,-,-,False,,,1230320,Automobiles - 4 Wheelers,INE585B01010,Maruti Suzuki India Limited,2014-12-01 10:29:00,MARUTI
25-Nov-2014 16:45:00,,https://nsearchives.nseindia.com/corporate/nse_11252014164501_1.zip,"Maruti Suzuki India Limited has informed the Exchange regarding press release dated November 25, 2014, titled ""Maruti Suzuki's Wagon R crosses 15 lakh sales mark"".",,,Press Release,-,25112014164500,-,-,False,,,1221497,Automobiles - 4 Wheelers,INE585B01010,Maruti Suzuki India Limited,2014-11-25 16:45:00,MARUTI
07-Nov-2014 15:16:00,,https://nsearchives.nseindia.com/corporate/nseprod_11072014151601_1.zip,Maruti Suzuki India Limited has informed the Exchange regarding production figures of the company for the month of October 2014.,,,Monthly Business Updates,-,07112014151600,-,-,False,,,1191977,Automobiles - 4 Wheelers,INE585B01010,Maruti Suzuki India Limited,2014-11-07 15:16:00,MARUTI
03-Nov-2014 14:23:00,,https://nsearchives.nseindia.com/corporate/neaps_11032014142302_2.zip,"Maruti Suzuki India Limited has informed the Exchange regarding a press release dated November 03, 2014 titled ""Next generation Alto K10 comes with new looks, more space and 15% higher fuel efficiency Auto gear shift introduced, 6 trim levels including CNG"".",,,Press Release,-,03112014142300,-,-,False,,,1185742,Automobiles - 4 Wheelers,INE585B01010,Maruti Suzuki India Limited,2014-11-03 14:23:00,MARUTI
03-Nov-2014 08:34:00,,https://nsearchives.nseindia.com/corporate/nse_11032014083401_1.zip,"Maruti Suzuki India Limited has informed the Exchange regarding a press release dated November 1, 2014, titled ""Maruti Suzuki Sales in October 2014"".",,,Press Release,-,03112014083400,-,-,False,,,1184575,Automobiles - 4 Wheelers,INE585B01010,Maruti Suzuki India Limited,2014-11-03 08:34:00,MARUTI
03-Nov-2014 08:13:00,,https://nsearchives.nseindia.com/corporate/nse1_11032014081301_1.zip,"Maruti Suzuki India Limited has informed the Exchange regarding a press release dated November 1, 2014, titled ""Maruti Suzuki Sales in October 2014: Additional Information""",,,Press Release,-,03112014081300,-,-,False,,,1184562,Automobiles - 4 Wheelers,INE585B01010,Maruti Suzuki India Limited,2014-11-03 08:13:00,MARUTI
30-Oct-2014 13:31:04,,https://nsearchives.nseindia.com/corporate/MARUTI_30092014_S_LR_10302014133102_.zip,Maruti Suzuki India Limited has submitted to the exchange the standalone financial results along with the Limited Review Report for the period ended 30-Sep-2014.,,,Financial Result Updates,-,30102014133104,-,-,False,,,24461,Automobiles - 4 Wheelers,INE585B01010,Maruti Suzuki India Limited,2014-10-30 13:31:04,MARUTI
30-Oct-2014 13:28:00,,https://nsearchives.nseindia.com/corporate/MARUTI_pr_10302014132801_1.zip,"Maruti Suzuki India Limited has informed the Exchange regarding a press release dated October 30, 2014 titled "" Maruti Suzuki Financial Results Q2 (Jul-Sept) 2014-15"".",,,Press Release,-,30102014132800,-,-,False,,,1180411,Automobiles - 4 Wheelers,INE585B01010,Maruti Suzuki India Limited,2014-10-30 13:28:00,MARUTI
28-Oct-2014 13:53:00,,https://nsearchives.nseindia.com/corporate/nsePR_10282014135302_1.zip,"Maruti Suzuki India Limited has informed the Exchange regarding a press release dated  October 28, 2014, titled ""Maruti Suzuki Swift now with 10% improved fuel efficiency with refined engine""",,,Press Release,-,28102014135300,-,-,False,,,1175800,Automobiles - 4 Wheelers,INE585B01010,Maruti Suzuki India Limited,2014-10-28 13:53:00,MARUTI
27-Oct-2014 12:58:00,,-,"The Exchange had sought clarification from Maruti Suzuki India Limited with respect to a news item captioned ""MFs dig in for fight on Maruti's Gujarat plant"". The Company has clarified that ""We have already informed the Stock Exchanges in March-14 that the Board has approved that a 100% Suzuki subsidiary should make the investment in establishing new manufacturing facilities in Gujarat. The details of the Company, and how the investment would be financed were also made public. The Suzuki subsidiary would enter into an exclusive contract for manufacturing cars for MSIL and that in accordance with Section 188 of the New Company s Act, we will be putting up this proposal for shareholder voting. In pursuance of this voting, on June 06, 2014, we put up a presentation, meant for investors, highlighting the salient features of the proposed contract manufacturing arrangement in the public domain through the stock exchanges and the Company s Website. The benefits of the arrangement to MSIL were highlighted in this presentation. Subsequent to this, we met our institutional shareholders and proxy advisory firms and explained the merits of the proposed arrangement for Gujarat and answered their questions, and gave clarifications. No further information was shared and there has been no event / negotiation as referred in your email / the Business Standard article. It is also pertinent to clarify that the article in Business Standard mentions some points which are factually incorrect. For instance, the article states The Company has, however, maintained the move will only result in reducing the cost of manufacturing its cars . The fact is the Company has never stated this at all. What the Company has stated is that this arrangement will result in our making the same profit as we would have made if we had invested our money, with an additional treasury income arising from our not having to invest our money. This would mean higher returns on investment as compared to the option of the Company investing its own funds in Gujarat capacity. There is also a mention in the Business Standard article of the company ""...get (ting) into distribution instead of the complete value chain . A Car company to be successful has to carry out several functions like R&D, product development, sourcing, manufacturing, sales, service and supply of after-market parts. Manufacturing alone cannot ensure the success of a car company in the market as can be seen from the market shares in India of some car manufacturing giants of the world. For most of these companies, a limited sales and service network has been the most decisive factor for their market position. Also, there is no car company in the world to our knowledge that does the complete value chain itself. On the contrary most car companies in the world and India have a high level of outsourcing of manufacturing; generally three-fourths of the car by value is outsourced"".",,,News Clarification,-,27102014125800,-,-,False,,,1172375,Automobiles - 4 Wheelers,INE585B01010,Maruti Suzuki India Limited,2014-10-27 12:58:00,MARUTI
22-Oct-2014 11:25:00,,-,"The Exchange has sought clarification from Maruti Suzuki India Limited with respect to recent news item captioned ""MFs dig in for fight on Maruti's Gujarat plant"". In this regard, Exchange have advised the Company to provide clarification/confirmation on the news item in detail including the following:   a) Whether such event/negotiations/article stated in published news were taking place? If so, you are advised to provide the said information along with the sequence of events in chronological order and the material impact of this article on the Company. b) Whether company are aware of any information that has not been announced to the Exchanges under clause 36 of the Listing Agreement.  The response from the Company is awaited.",,,News Clarification,-,22102014112500,-,-,False,,,1168746,Automobiles - 4 Wheelers,INE585B01010,Maruti Suzuki India Limited,2014-10-22 11:25:00,MARUTI
21-Oct-2014 17:02:00,,https://nsearchives.nseindia.com/corporate/NSEpressrelease21oct2014_10212014170201_1.zip,"Maruti Suzuki India Limited has informed the Exchange regarding the press release dated October 21, 2014 titled, ""Maruti Suzuki presents 6th edition of Sustainability Report.""",,,Press Release,-,21102014170200,-,-,False,,,1168611,Automobiles - 4 Wheelers,INE585B01010,Maruti Suzuki India Limited,2014-10-21 17:02:00,MARUTI
07-Oct-2014 17:27:00,,https://nsearchives.nseindia.com/corporate/MARUTI_07102014172708.zip,Maruti Suzuki India Limited has informed the Exchange regarding the production figures of the Company for the month of September 2014.,,,Monthly Business Updates,-,07102014172700,-,-,False,,,100002350,Automobiles - 4 Wheelers,INE585B01010,Maruti Suzuki India Limited,2014-10-07 17:27:00,MARUTI
07-Oct-2014 08:10:00,,https://nsearchives.nseindia.com/corporate/MARUTI_pr_07102014081013.zip,"Maruti Suzuki India Limited has informed the Exchange regarding a press release dated October 06, 2014  titled "" Global debut of Maruti Suzuki's mid-size premium sedan Ciaz"".",,,Press Release,-,07102014081000,-,-,False,,,100001895,Automobiles - 4 Wheelers,INE585B01010,Maruti Suzuki India Limited,2014-10-07 08:10:00,MARUTI
01-Oct-2014 14:43:00,,https://nsearchives.nseindia.com/corporate/maruti01_01102014144356.zip,"Maruti Suzuki India Limited has informed the Exchange regarding a press release dated October 01, 2014 titled ""Maruti Suzuki donates Rs 2 crore to Prime Minister's National Relief Fund"".",,,Press Release,-,01102014144300,-,-,False,,,100001503,Automobiles - 4 Wheelers,INE585B01010,Maruti Suzuki India Limited,2014-10-01 14:43:00,MARUTI
01-Oct-2014 10:30:00,,https://nsearchives.nseindia.com/corporate/MARUTI_pr_01102014103009.zip,"Maruti Suzuki India Limited has informed the Exchange regarding a press release dated October 01, 2014 titled ""Maruti Suzuki Sales in September 2014"".",,,Press Release,-,01102014103000,-,-,False,,,100001395,Automobiles - 4 Wheelers,INE585B01010,Maruti Suzuki India Limited,2014-10-01 10:30:00,MARUTI
30-Sep-2014 16:11:00,,https://nsearchives.nseindia.com/corporate/MARUTI_pr_30092014161114.zip,"Maruti Suzuki India Limited has informed the Exchange regarding press release dated September 30, 2014, titled ""Maruti Suzuki to recall 69,555 vehicles (Old Dzire, Old Swift and Ritz)"".",,,Press Release,-,30092014161100,-,-,False,,,100001104,Automobiles - 4 Wheelers,INE585B01010,Maruti Suzuki India Limited,2014-09-30 16:11:00,MARUTI
16-Sep-2014 17:04:00,,https://nsearchives.nseindia.com/corporate/pressreleasense_09162014170403_1.zip,"Maruti Suzuki India Limited has informed the Exchange regarding press release dated September 16, 2014 titled ""Maruti Suzuki's Manesar facility crosses 25 Lakh production milestone"". ",,,Press Release,-,16092014170400,-,-,False,,,1113968,Automobiles - 4 Wheelers,INE585B01010,Maruti Suzuki India Limited,2014-09-16 17:04:00,MARUTI
08-Sep-2014 08:44:00,,https://nsearchives.nseindia.com/corporate/evotingresultsnse_09082014084401_1.zip,"Maruti Suzuki India Limited has submitted to the Exchange a copy of the Scrutinizer's Reports on the e-voting, poll and combined voting (e-voting and polling).Combined voting results (i.e. e-voting and polling) as per clause 35A read with 31(d) of the listing agreement.",,,Updates,-,08092014084400,-,-,False,,,1096834,Automobiles - 4 Wheelers,INE585B01010,Maruti Suzuki India Limited,2014-09-08 08:44:00,MARUTI
05-Sep-2014 10:12:00,,https://nsearchives.nseindia.com/corporate/prodNSE_09052014101201_1.zip,Maruti Suzuki India Limited has informed the Exchange regarding the production figures of the Company for the month of August 2014.,,,Monthly Business Updates,-,05092014101200,-,-,False,,,1095286,Automobiles - 4 Wheelers,INE585B01010,Maruti Suzuki India Limited,2014-09-05 10:12:00,MARUTI
02-Sep-2014 12:36:00,,https://nsearchives.nseindia.com/corporate/PR_09022014123601_1.zip,"Maruti Suzuki India Limited has informed the Exchange regarding a press release dated September 2, 2014 titled ""Maruti Suzuki opens booking for India's most Fuel Efficient sedan, Ciaz"".",,,Press Release,-,02092014123600,-,-,False,,,1088866,Automobiles - 4 Wheelers,INE585B01010,Maruti Suzuki India Limited,2014-09-02 12:36:00,MARUTI
01-Sep-2014 10:48:00,,https://nsearchives.nseindia.com/corporate/pressrelease_09012014104801_1.zip,"Maruti Suzuki India Limited has informed the Exchange regarding a press release dated September 1, 2014 titled ""Maruti Suzuki Sales in August 2014"".",,,Press Release,-,01092014104800,-,-,False,,,1085801,Automobiles - 4 Wheelers,INE585B01010,Maruti Suzuki India Limited,2014-09-01 10:48:00,MARUTI
26-Aug-2014 19:08:00,,-,"The Exchange sought clarification from Maruti Suzuki India Limited with respect to news item captioned ""Competition panel slaps Rs. 2,545 cr fine on carmakers"". The Companny has clarified that ""The Competition Commission of India (CCI) has come out with its final order late last evening with respect to the investigation against 17 car manufacturers in India. As per the order, the car manufactures are found indulging in anti competitive conduct and abuse of dominant position, which is in violation of Section 3 and 4 of the Competition Act 2002. However, at the outset the final order of CCI would not impact Maruti Suzuki India Limited at this juncture as the Delhi High Court vide its order dated 29.04.2013 and 13.08.2014 that the final order of the CCI shall not be given effect to till after expiry of 10 days from either the vacation of stay Order dated 06.02.2013 of the Madras High Court or issuance of a final order in the Writ Petition before the Madras High Court. Meanwhile after examining the final order of CCI, we shall be taking necessary legal steps as advised by our advocates.  As per the final order of CCI, it has directed Maruti Suzuki India Limited to do certain compliances in order to stop the anti-competitive activities allegedly carried out by Maruti Suzuki India Limited and has further imposed a fine of INR 471.14 Crores.  Maruti Suzuki will explore all legal options in the light of the CCI Order.   It is pertinent to note that as per the order of Delhi High Court dated 29-04-2013, the final order of CCI would apply to Maruti Suzuki after the expiry of a period of 10 days from the final order in the Writ Petition before the Madras High Court, which is still pending"". ",,,News Clarification,-,26082014190800,-,-,False,,,1079696,Automobiles - 4 Wheelers,INE585B01010,Maruti Suzuki India Limited,2014-08-26 19:08:00,MARUTI
22-Aug-2014 17:40:00,,https://nsearchives.nseindia.com/corporate/22aug_08222014174002_2.zip,"Maruti Suzuki India Limited has informed the Exchange regarding press release dated August 22, 2014, titled ""Second Awanish Kumar Dev Memorial Lecture"".",,,Press Release,-,22082014174000,-,-,False,,,1074405,Automobiles - 4 Wheelers,INE585B01010,Maruti Suzuki India Limited,2014-08-22 17:40:00,MARUTI
20-Aug-2014 10:40:00,,https://nsearchives.nseindia.com/corporate/AGMnotice_08202014104001_1.zip,"Maruti Suzuki India Limited has submitted to the Exchange a copy of the notice of Annual General meeting to be held on September 04, 2014.",,,Annual General Meeting Updates,-,20082014104000,-,-,False,,,1067987,Automobiles - 4 Wheelers,INE585B01010,Maruti Suzuki India Limited,2014-08-20 10:40:00,MARUTI
13-Aug-2014 15:08:00,,https://nsearchives.nseindia.com/corporate/MARUTI_PR_08132014150802_2.zip,"Maruti Suzuki India Limited has informed the Exchange regarding a press release dated August 13, 2014, titled ""Maruti Suzuki's celebrated K-series engine crosses 25 lakh production milestone"".",,,Press Release,-,13082014150800,-,-,False,,,1059229,Automobiles - 4 Wheelers,INE585B01010,Maruti Suzuki India Limited,2014-08-13 15:08:00,MARUTI
05-Aug-2014 20:16:00,,https://nsearchives.nseindia.com/corporate/maruti_08052014201602_1.zip,"Maruti Suzuki India Limited has submitted to the Exchange a copy of notice of Annual General Meeting of the members of the Company to be held on September 04, 2014.",,,Annual General Meeting Updates,-,05082014201600,-,-,False,,,1044754,Automobiles - 4 Wheelers,INE585B01010,Maruti Suzuki India Limited,2014-08-05 20:16:00,MARUTI
05-Aug-2014 18:08:00,,https://nsearchives.nseindia.com/corporate/productionfiguresnse_08052014180803_5.zip,Maruti Suzuki India Limited has informed the Exchange regarding the production figures of the Company for the month of July 2014.,,,Monthly Business Updates,-,05082014180800,-,-,False,,,1044703,Automobiles - 4 Wheelers,INE585B01010,Maruti Suzuki India Limited,2014-08-05 18:08:00,MARUTI
01-Aug-2014 10:32:00,,https://nsearchives.nseindia.com/corporate/1aug2014_08012014103201_1.zip,"Maruti Suzuki India Limited has informed the Exchange regarding a press release dated August 01, 2014 titled ""Maruti Suzuki Sales in July 2014"".",,,Press Release,-,01082014103200,-,-,False,,,1038230,Automobiles - 4 Wheelers,INE585B01010,Maruti Suzuki India Limited,2014-08-01 10:32:00,MARUTI
31-Jul-2014 14:00:00,,-,"Maruti Suzuki India Limited has informed the Exchange that subject to the approval of shareholders in the annual general meeting, Mr. Shigetoshi Torii has been appointed as Whole-time Director designated as Director (Production) w.e.f. July 31, 2014 and that Mr. Masayuki Kamiya has resigned as a director on the board of the company w.e.f. close of business hours of July 30, 2014 due to withdrawal of nomination by Suzuki Motor Corporation, Japan.",,,Change in Director(s),-,31072014140000,-,-,False,,,1036158,Automobiles - 4 Wheelers,INE585B01010,Maruti Suzuki India Limited,2014-07-31 14:00:00,MARUTI
31-Jul-2014 13:55:02,,https://nsearchives.nseindia.com/corporate/MARUTI_30June14_S.zip,Maruti Suzuki India Limited has submitted to the exchange the standalone financial results along with the Limited Review Report for the period ended 30-Jun-2014.,,,Financial Result Updates,-,31072014135502,-,-,False,,,23072,Automobiles - 4 Wheelers,INE585B01010,Maruti Suzuki India Limited,2014-07-31 13:55:02,MARUTI
31-Jul-2014 13:52:00,,https://nsearchives.nseindia.com/corporate/MARUTI_PR_07312014135202_1.zip,"Maruti Suzuki India Limited has informed the Exchange regarding a press release dated July 31, 2014 titled ""Maruti Suzuki financial results Q1 (April-June) 2014-15"".",,,Press Release,-,31072014135200,-,-,False,,,1036155,Automobiles - 4 Wheelers,INE585B01010,Maruti Suzuki India Limited,2014-07-31 13:52:00,MARUTI
28-Jul-2014 08:40:00,,https://nsearchives.nseindia.com/corporate/NSEPR_07282014084002_1.zip,"Maruti Suzuki India Limited has informed the Exchange regarding the press release dated July 26, 2014 title, ""Maruti Suzuki launches special customer connect across its 3500 workshop through 'Monsoon Fit Check' to help its customers enhance driving safety.""",,,Press Release,-,28072014084000,-,-,False,,,1028422,Automobiles - 4 Wheelers,INE585B01010,Maruti Suzuki India Limited,2014-07-28 08:40:00,MARUTI
23-Jul-2014 12:16:00,,https://nsearchives.nseindia.com/corporate/MARUTI_PR_07232014121603_2.zip,"Maruti Suzuki India Limited has informed the Exchange vide letter dated July 23, 2014 regarding a press release dated July 22, 2014, titled ""Two million train in safe driving at Maruti Suzuki facilities"".",,,Press Release,-,23072014121600,-,-,False,,,1022937,Automobiles - 4 Wheelers,INE585B01010,Maruti Suzuki India Limited,2014-07-23 12:16:00,MARUTI
21-Jul-2014 17:56:00,,-,"Maruti Suzuki India Limited has informed the Exchange that the Company has fixed Record Date as August 1, 2014 for the purpose of determining the members entitled to vote electronically. ",,,Record Date,-,21072014175600,-,-,False,,,1017798,Automobiles - 4 Wheelers,INE585B01010,Maruti Suzuki India Limited,2014-07-21 17:56:00,MARUTI
21-Jul-2014 17:56:00,,-,"Maruti Suzuki India Limited has informed the Exchange that the Company has fixed Book Closure from September 1, 2014 to September 4, 2014 (both days inclusive) for the purpose of determining the members entitled to receive dividend on equity shares, if declared in the ensuing (AGM) scheduled to be held on September 4, 2014. ",,,AGM/Book Closure,-,21072014175600,-,-,False,,,1017799,Automobiles - 4 Wheelers,INE585B01010,Maruti Suzuki India Limited,2014-07-21 17:56:00,MARUTI
15-Jul-2014 12:20:00,,https://nsearchives.nseindia.com/corporate/MARUTI_pr_07152014122002_1.zip,"Maruti Suzuki India Limited has informed the Exchange regarding a press release dated July 15, 2014, titled ""Maruti Suzuki launches Ertiga Limited Edition to mark sales of 150,000 units"".",,,Press Release,-,15072014122000,-,-,False,,,1007071,Automobiles - 4 Wheelers,INE585B01010,Maruti Suzuki India Limited,2014-07-15 12:20:00,MARUTI
04-Jul-2014 10:12:00,,https://nsearchives.nseindia.com/corporate/MARUTI_update_07042014101201_1.zip,Maruti Suzuki India Limited has informed the Exchange regarding production figures of the Company for the month of June 2014.,,,Updates,-,04072014101200,-,-,False,,,987094,Automobiles - 4 Wheelers,INE585B01010,Maruti Suzuki India Limited,2014-07-04 10:12:00,MARUTI
01-Jul-2014 10:24:00,,https://nsearchives.nseindia.com/corporate/MARUTI_pr_07012014102402_1.zip,"Maruti Suzuki India Limited has informed the Exchange regarding a press release being issued on July 01, 2014.",,,Press Release,-,01072014102400,-,-,False,,,982125,Automobiles - 4 Wheelers,INE585B01010,Maruti Suzuki India Limited,2014-07-01 10:24:00,MARUTI
19-Jun-2014 10:52:00,,https://nsearchives.nseindia.com/corporate/maruti_06192014105201_1.zip,"Maruti Suzuki India Limited has informed the Exchange regarding a press release dated June 19, 2014 titled ""Maruti Suzuki commissions 1MW photovoltaic Solar Power Plant @ Manesar"".",,,Press Release,-,19062014105200,-,-,False,,,964208,Automobiles - 4 Wheelers,INE585B01010,Maruti Suzuki India Limited,2014-06-19 10:52:00,MARUTI
09-Jun-2014 10:48:00,,https://nsearchives.nseindia.com/corporate/MARUTI_update_01_09062014104602.zip,"Maruti Suzuki India Limited has submitted to the Exchange a copy of corrigendum to ""Presentation Material"" on Gujarat Project.",,,Updates,-,09062014104800,-,-,False,,,944934,Automobiles - 4 Wheelers,INE585B01010,Maruti Suzuki India Limited,2014-06-09 10:48:00,MARUTI
06-Jun-2014 18:04:00,,https://nsearchives.nseindia.com/corporate/maruti_06062014180326.zip,"Maruti Suzuki India Limited has submitted to the Exchange a copy of ""Presentation Material"" regarding the Gujarat Project.",,,Updates,-,06062014180400,-,-,False,,,943880,Automobiles - 4 Wheelers,INE585B01010,Maruti Suzuki India Limited,2014-06-06 18:04:00,MARUTI
03-Jun-2014 15:28:00,,https://nsearchives.nseindia.com/corporate/Production_06032014152802_1.zip,Maruti Suzuki India Limited has informed the Exchange regarding production figures of the Company for the month of May 2014.,,,Updates,-,03062014152800,-,-,False,,,934893,Automobiles - 4 Wheelers,INE585B01010,Maruti Suzuki India Limited,2014-06-03 15:28:00,MARUTI
02-Jun-2014 10:48:00,,https://nsearchives.nseindia.com/corporate/MARUTI_PR_06022014104801_1.zip,"Maruti Suzuki India Limited has informed the Exchange regarding a press release dated June 02, 2014 titled ""Maruti Suzuki Sales in May 2014"".",,,Press Release,-,02062014104800,-,-,False,,,932331,Automobiles - 4 Wheelers,INE585B01010,Maruti Suzuki India Limited,2014-06-02 10:48:00,MARUTI
26-May-2014 14:24:00,,https://nsearchives.nseindia.com/corporate/MARUTI_pr_26052014_05262014142401_1.zip,"Maruti Suzuki India Limited has informed the Exchange regarding a press release dated May 26, 2014, titled""Maruti Suzuki introduces 'Celerio Green'with the acclaimed iGPl technology@ Rs 4.68 L Best-in-classfuel efficiency of 31.79Km/kg of CNG lowers the running cost"".",,,Press Release,-,26052014142400,-,-,False,,,921826,Automobiles - 4 Wheelers,INE585B01010,Maruti Suzuki India Limited,2014-05-26 14:24:00,MARUTI
06-May-2014 12:08:00,,https://nsearchives.nseindia.com/corporate/nseprod_05062014120802_1.zip,Maruti Suzuki India Limited has submitted to the Exchange the production figures of the company for the month of April 2014.,,,Updates,-,06052014120800,-,-,False,,,889919,Automobiles - 4 Wheelers,INE585B01010,Maruti Suzuki India Limited,2014-05-06 12:08:00,MARUTI
02-May-2014 09:32:00,,https://nsearchives.nseindia.com/corporate/SalesNSE_05022014093201_1.zip,"Maruti Suzuki India Limited has informed the Exchange regarding a Press Release dated May 01, 2014, titled ""Maruti Suzuki Sales in April 2014"".",,,Press Release,-,02052014093200,-,-,False,,,882935,Automobiles - 4 Wheelers,INE585B01010,Maruti Suzuki India Limited,2014-05-02 09:32:00,MARUTI
25-Apr-2014 13:39:00,,-,Maruti Suzuki India Limited has informed the Exchange regarding the standalone Results for the year ended on 31-MAR-2014 as follows: Net Sales of Rs. 4264476 lacs for year ending on 31-MAR-2014 against Rs. 4261256 lacs for the year ending on 31-MAR-2013. Net Profit / (Loss) of Rs. 278305 lacs for the year ending on 31-MAR-2014 against Rs. 239213 lacs for the year ending on 31-MAR-2013. ,,,"Results Update, Year  ended 31-MAR-2014 (Standalone)",-,25042014133900,-,-,False,,,,Automobiles - 4 Wheelers,INE585B01010,Maruti Suzuki India Limited,2014-04-25 13:39:00,MARUTI
25-Apr-2014 13:39:00,,-,Maruti Suzuki India Limited has informed the Exchange regarding the consolidated Results for the year ended on 31-MAR-2014 as follows: Net Sales of Rs. 4327178 lacs for year ending on 31-MAR-2014 against Rs. 4321583 lacs for the year ending on 31-MAR-2013. Net Profit / (Loss) of Rs. 285292 lacs for the year ending on 31-MAR-2014 against Rs. 246929 lacs for the year ending on 31-MAR-2013. ,,,"Results Update, Year  ended 31-MAR-2014 (Consolidated)",-,25042014133900,-,-,False,,,,Automobiles - 4 Wheelers,INE585B01010,Maruti Suzuki India Limited,2014-04-25 13:39:00,MARUTI
25-Apr-2014 13:35:00,,-,Maruti Suzuki India Limited has informed the Exchange regarding the standalone Results for the quarter ended on 31-MAR-2014 as follows: Net Sales of Rs. 1181813 lacs for the quarter ending on 31-MAR-2014 against Rs. 1061968 lacs and Rs. 1305626 lacs for the quarters ending on 31-DEC-2013 and 31-MAR-2013 respectively. Net Profit / (Loss) of Rs. 80005 lacs for the quarter ending on 31-MAR-2014 against Rs. 68115 lacs and Rs. 123962 lacs for the quarters ending on 31-DEC-2013 and 31-MAR-2013 respectively.,,,"Results Update, Quarter  ended 31-MAR-2014 (Standalone)",-,25042014133500,-,-,False,,,,Automobiles - 4 Wheelers,INE585B01010,Maruti Suzuki India Limited,2014-04-25 13:35:00,MARUTI
25-Apr-2014 13:28:00,,-,"Maruti Suzuki India Limited has informed the Exchange that the Board of Directors of the Company at its meeting held on April 25, 2014 has considered and recommended a final dividend Rs.12 per share (Nominal Value Rs. 5.00 per share) (Previous Year Rs. 8 per share of face value Rs.5/-) for the financial year 2013-14.",,,Dividend,-,25042014132800,-,-,False,,,875599,Automobiles - 4 Wheelers,INE585B01010,Maruti Suzuki India Limited,2014-04-25 13:28:00,MARUTI
25-Apr-2014 13:28:00,,-,"Maruti Suzuki India Limited has informed the Exchange that the dividend payment date is September 10, 2014 subject to the approval of the shareholders in the ensuing general meeting.",,,Date of payment of dividend,-,25042014132800,-,-,False,,,875600,Automobiles - 4 Wheelers,INE585B01010,Maruti Suzuki India Limited,2014-04-25 13:28:00,MARUTI
25-Apr-2014 13:24:00,,https://nsearchives.nseindia.com/corporate/MARUTI_pr_25042014_04252014132402_1.zip,"Maruti Suzuki India Limited has informed the Exchange regarding a press release dated April 25, 2014. titled, ""Maruti Suzuki Financial Results for 2013-14 and Q4(Jan-March 2014)"".",,,Press Release,-,25042014132400,-,-,False,,,875598,Automobiles - 4 Wheelers,INE585B01010,Maruti Suzuki India Limited,2014-04-25 13:24:00,MARUTI
25-Apr-2014 13:11:03,,https://nsearchives.nseindia.com/corporate/MARUTI_31mar2014_B_04252014131102_.zip,Maruti Suzuki India Limited has submitted to the exchange the standalone & consolidated financial results for the period ended 31-mar-2014.,,,Financial Result Updates,-,25042014131103,-,-,False,,,21233,Automobiles - 4 Wheelers,INE585B01010,Maruti Suzuki India Limited,2014-04-25 13:11:03,MARUTI
11-Apr-2014 14:56:00,,https://nsearchives.nseindia.com/corporate/MARUTI_pr_11042014_04112014145601_1.zip,"The Exchange had sought clarification from Maruti Suzuki India Limited with respect to a news item captioned ""Maruti Suzuki may recall 1-lakh Swift and DZire on faulty fuel pipe"". The Company has clarified that ""The recall of vehicles have no impact on the operation/performance of the Company as the entire cost of the component to be replaced would be recoverable from the concerned vendor"". Further, the Company has informed the Exchange regarding a press release dated April 11, 2014 titled ""Maruti Suzuki to recall 103,311 vehicles (Ertiga, Swift and Dzire) starting 11th April"".",,,News Clarification,-,11042014145600,-,-,False,,,857878,Automobiles - 4 Wheelers,INE585B01010,Maruti Suzuki India Limited,2014-04-11 14:56:00,MARUTI
07-Apr-2014 09:52:00,,https://nsearchives.nseindia.com/corporate/nseprod_04072014095203_3.zip,Maruti Suzuki India Limited has submitted to the Exchange a copy of production figures of the Company for the month of March 2014.,,,Monthly Business Updates,-,07042014095200,-,-,False,,,850979,Automobiles - 4 Wheelers,INE585B01010,Maruti Suzuki India Limited,2014-04-07 09:52:00,MARUTI
01-Apr-2014 11:00:00,,https://nsearchives.nseindia.com/corporate/MARUTI_pr_01042014_04012014110002_1.zip,"Maruti Suzuki India Limited has informed the Exchange regarding a press release dated April 01, 2014, titled ""Maruti Suzuki sales in March 2014"".",,,Press Release,-,01042014110000,-,-,False,,,842581,Automobiles - 4 Wheelers,INE585B01010,Maruti Suzuki India Limited,2014-04-01 11:00:00,MARUTI
18-Mar-2014 09:44:00,,https://nsearchives.nseindia.com/corporate/nse_03182014094401_2.zip,"Maruti Suzuki India Limited has submitted to the Exchange a copy of press release dated March 15, 2014 titled ""Information on Gujarat Project""",,,Press Release,-,18032014094400,-,-,False,,,821953,Automobiles - 4 Wheelers,INE585B01010,Maruti Suzuki India Limited,2014-03-18 09:44:00,MARUTI
05-Mar-2014 17:52:00,,https://nsearchives.nseindia.com/corporate/nse_001_03052014175201_1.zip,"Maruti Suzuki India Limited has submitted to the Exchange a copy of press release dated March 05, 2014 titled ""Indian Railways and Maruti Suzuki flag-off India's Flexi Deck Auto -Wagon rake""",,,Press Release,-,05032014175200,-,-,False,,,808251,Automobiles - 4 Wheelers,INE585B01010,Maruti Suzuki India Limited,2014-03-05 17:52:00,MARUTI
05-Mar-2014 17:32:00,,https://nsearchives.nseindia.com/corporate/Productionfeb2014_03052014173201_1.zip,"Maruti Suzuki India Limited has submitted to the Exchange a vide letter dated March 05, 2014 the production figure of the company for the month of february 2014.",,,Updates,-,05032014173200,-,-,False,,,808241,Automobiles - 4 Wheelers,INE585B01010,Maruti Suzuki India Limited,2014-03-05 17:32:00,MARUTI
03-Mar-2014 08:20:00,,https://nsearchives.nseindia.com/corporate/MARUTI_01032014_03032014082002_3.zip,"Maruti Suzuki India Limited has informed the Exchange regarding a press release dated March 01, 2014, titled ""Maruti Suzuki sales in February 2014"".",,,Press Release,-,03032014082000,-,-,False,,,801827,Automobiles - 4 Wheelers,INE585B01010,Maruti Suzuki India Limited,2014-03-03 08:20:00,MARUTI
27-Feb-2014 08:20:00,,https://nsearchives.nseindia.com/corporate/gujarat_pr_02272014082001_1.zip,"Maruti Suzuki India Limited has informed the Exchange regarding press release dated February 26, 2014 titled ""Information on Gujarat Project"".",,,Press Release,-,27022014082000,-,-,False,,,800379,Automobiles - 4 Wheelers,INE585B01010,Maruti Suzuki India Limited,2014-02-27 08:20:00,MARUTI
10-Feb-2014 10:28:00,,https://nsearchives.nseindia.com/corporate/Production_02102014102802_1.zip,Maruti Suzuki India Limited has informed the Exchange regarding the production figures of the company for the month of january 2014. ,,,Monthly Business Updates,-,10022014102800,-,-,False,,,778560,Automobiles - 4 Wheelers,INE585B01010,Maruti Suzuki India Limited,2014-02-10 10:28:00,MARUTI
07-Feb-2014 17:32:00,,https://nsearchives.nseindia.com/corporate/maruti07_02072014173203_3.zip,"Maruti Suzuki India Limited has informed the Exchange vide letter dated February 07, 2014 regarding ""Production for January 2014"".",,,Updates,-,07022014173200,-,-,False,,,777666,Automobiles - 4 Wheelers,INE585B01010,Maruti Suzuki India Limited,2014-02-07 17:32:00,MARUTI
06-Feb-2014 13:16:00,,https://nsearchives.nseindia.com/corporate/MARUTI_pr_06022014_02062014131602_1.zip,"Maruti Suzuki India Limited has informed the Exchange regarding a press release dated February 06, 2014, titled""Maruti Suzuki announce global debut of 'Celerio' with revolutionary Auto Gear Shift"".",,,Press Release,-,06022014131600,-,-,False,,,775884,Automobiles - 4 Wheelers,INE585B01010,Maruti Suzuki India Limited,2014-02-06 13:16:00,MARUTI
03-Feb-2014 09:00:00,,https://nsearchives.nseindia.com/corporate/PR_NSE_02032014090002_1.zip,"Maruti Suzuki India Limited has informed the Exchange regarding press release dated February 01, 2014 titled ""Maruti Suzuki Sales in January 2014""",,,Press Release,-,03022014090000,-,-,False,,,768960,Automobiles - 4 Wheelers,INE585B01010,Maruti Suzuki India Limited,2014-02-03 09:00:00,MARUTI
30-Jan-2014 18:08:00,,-,"The Exchange had sought clarification from Maruti Suzuki India Limited with respect to a news item captioned ""Maruti to rework deal with Gujarat"". The Company has clarified that ""The Company would be required to initiate and do several executive actions before consummating the transaction. The responsibility of undertaking these actions is of the management of the Company. After all requisite actions are concluded, the same would be put up before the board as well as shareholders, if required.",,,News Clarification,-,30012014180800,-,-,False,,,767129,Automobiles - 4 Wheelers,INE585B01010,Maruti Suzuki India Limited,2014-01-30 18:08:00,MARUTI
28-Jan-2014 14:16:00,,https://nsearchives.nseindia.com/corporate/MARUTI_pr_28012014_01282014141601_1.zip,"Maruti Suzuki India Limited has submitted to the Exchange a copy of two press releases dated January 28, 2014, titled ""Maruti Suzuki Financial Result Q3 (Oct-Dec) 2013-14"" and titled ""Maruti Suzuki Board Decision on Gujarat Project"".",,,Press Release,-,28012014141600,-,-,False,,,763499,Automobiles - 4 Wheelers,INE585B01010,Maruti Suzuki India Limited,2014-01-28 14:16:00,MARUTI
28-Jan-2014 14:11:02,,https://nsearchives.nseindia.com/corporate/MARUTI_31dec2013_01282014141101_.zip,Maruti Suzuki India Limited has submitted to the exchange the standalone financial results for the period ended 31-Dec-2013.,,,Financial Result Updates,-,28012014141102,-,-,False,,,19843,Automobiles - 4 Wheelers,INE585B01010,Maruti Suzuki India Limited,2014-01-28 14:11:02,MARUTI
09-Jan-2014 13:56:00,,-,"The Exchange had sought clarification from Maruti Suzuki India Limited with respect to a news item captioned ""Maruti shares surge on buzz parent may hike its stake"". The Company has clarified that ""We are in no position to comment on the contents of the  Article  in question as the matter has never been placed before the board of directors of the Company"".",,,News Clarification,-,09012014135600,-,-,False,,,742165,Automobiles - 4 Wheelers,INE585B01010,Maruti Suzuki India Limited,2014-01-09 13:56:00,MARUTI
07-Jan-2014 17:12:00,,https://nsearchives.nseindia.com/corporate/marutiproduction_01072014171202_1.zip,"Maruti Suzuki India Limited has informed to the Exchange vide letter dated December 07, 2014 regarding ""Production for December 2013"".",,,Updates,-,07012014171200,-,-,False,,,739412,Automobiles - 4 Wheelers,INE585B01010,Maruti Suzuki India Limited,2014-01-07 17:12:00,MARUTI
01-Jan-2014 10:28:00,,https://nsearchives.nseindia.com/corporate/MARUTI_pr_01012014_01012014102802_1.zip,"Maruti Suzuki India Limited has informed the Exchange regarding a press release dated January 01, 2014, titled, ""Maruti Suzuki Sales in December 2013"".",,,Press Release,-,01012014102800,-,-,False,,,734682,Automobiles - 4 Wheelers,INE585B01010,Maruti Suzuki India Limited,2014-01-01 10:28:00,MARUTI
20-Dec-2013 14:36:00,,-,"Maruti Suzuki India Limited has given clarification to the Exchange regarding news item appearing in print media dated December 20, 2013 titled ""Suzuki likely to press the pedal on Maruti stake"" & ""Japanese Auto major Suzuki Motor Corporation (SMC) is considering increasing its stake in Maruti Suzuki India Ltd"". The Company has stated that they are in no position to comment on the contents of the Article in question as the matter has never been placed before the Board of Directors of the Company.",,,News Clarification,-,20122013143600,-,-,False,,,724694,Automobiles - 4 Wheelers,INE585B01010,Maruti Suzuki India Limited,2013-12-20 14:36:00,MARUTI
06-Dec-2013 11:32:00,,https://nsearchives.nseindia.com/corporate/MARUTI_update_12062013113202_1.zip,"Maruti Suzuki India Limited has informed the Exchange vide letter dated December 06, 2013 regarding ""Production in November 2013"".",,,Updates,-,06122013113200,-,-,False,,,711051,Automobiles - 4 Wheelers,INE585B01010,Maruti Suzuki India Limited,2013-12-06 11:32:00,MARUTI
02-Dec-2013 10:56:00,,https://nsearchives.nseindia.com/corporate/nse_12022013105602_2.zip,"Maruti Suzuki India Limited has informed the Exchange regarding a press release dated December 02, 2013, titled ""Maruti Suzuki Sales in November 2013"".",,,Press Release,-,02122013105600,-,-,False,,,705464,Automobiles - 4 Wheelers,INE585B01010,Maruti Suzuki India Limited,2013-12-02 10:56:00,MARUTI
27-Nov-2013 15:00:00,,https://nsearchives.nseindia.com/corporate/MARUTI_pr_27112013_11272013150001_1.zip,"Maruti Suzuki India Limited has informed the Exchange regarding a press release dated November 27, 2013, titled ""Maruti Suzuki to recall 1492 vehicles (Ertiga, Swift, Dzire and A-Star)"".",,,Press Release,-,27112013150000,-,-,False,,,700991,Automobiles - 4 Wheelers,INE585B01010,Maruti Suzuki India Limited,2013-11-27 15:00:00,MARUTI
11-Nov-2013 13:00:00,,https://nsearchives.nseindia.com/corporate/nse_11112013130001_1.zip,"Maruti Suzuki India Limited has informed the Exchange vide letter dated November 07, 2013 regarding ""Production for October 2013"".",,,Updates,-,11112013130000,-,-,False,,,687074,Automobiles - 4 Wheelers,INE585B01010,Maruti Suzuki India Limited,2013-11-11 13:00:00,MARUTI
01-Nov-2013 10:52:00,,https://nsearchives.nseindia.com/corporate/Maruti_PR_11012013105202_1.zip,"Maruti Suzuki India Limited has informed the Exchange regarding a press release dated November 01, 2013, titled ""Maruti Suzuki Sales in October 2013"".",,,Press Release,-,01112013105200,-,-,False,,,680282,Automobiles - 4 Wheelers,INE585B01010,Maruti Suzuki India Limited,2013-11-01 10:52:00,MARUTI
28-Oct-2013 17:36:00,,-,"Maruti Suzuki India Limited has informed the Exchange that the Board of Directors of the Company at its meeting held on October 28, 2013 has approved the following: (1) Mr. Shinzo Nakanishi resigned with effect from the close of business hours of October 27, 2013. (2) Mr. Toshihiro Suzuki was appointed as Director with effect from October 28, 2013. (3) Mr. Keiichi Asai resigned from the post of Director and Managing Executive Officer (Engineering) with effect from the close of business hours of October 27, 2013. (4) Mr. Masayuki Kamiya was appointed as Director and Whole-time Director designated as Director (Production) with effect from October 28, 2013.",,,Change in Director(s),-,28102013173600,-,-,False,,,674815,Automobiles - 4 Wheelers,INE585B01010,Maruti Suzuki India Limited,2013-10-28 17:36:00,MARUTI
28-Oct-2013 17:12:00,,https://nsearchives.nseindia.com/corporate/MARUT_pr_28102013_10282013171201_1.zip,"Maruti Suzuki India Limited has informed the Exchange regarding a press release dated October 28, 2013, titled ""Maruti Suzuki Financial Results Q2 (Jul-Sept) 2013-14"".",,,Press Release,-,28102013171200,-,-,False,,,674757,Automobiles - 4 Wheelers,INE585B01010,Maruti Suzuki India Limited,2013-10-28 17:12:00,MARUTI
28-Oct-2013 16:43:03,,https://nsearchives.nseindia.com/corporate/MARUTI_30sep2013_S.zip,Maruti Suzuki India Limited has submitted to the exchange the standalone financial results for the period ended 30-sep-2013.,,,Financial Result Updates,-,28102013164303,-,-,False,,,18383,Automobiles - 4 Wheelers,INE585B01010,Maruti Suzuki India Limited,2013-10-28 16:43:03,MARUTI
04-Oct-2013 10:52:00,,https://nsearchives.nseindia.com/corporate/Maruti_Sales_04102013_10042013105203_4.zip,"Maruti Suzuki India Limited has informed the Exchange vide letter dated October 04, 2013 regarding ""Production for September 2013"".",,,Updates,-,04102013105200,-,-,False,,,654538,Automobiles - 4 Wheelers,INE585B01010,Maruti Suzuki India Limited,2013-10-04 10:52:00,MARUTI
01-Oct-2013 10:24:00,,https://nsearchives.nseindia.com/corporate/MarutiSuzuki_pr_01102013_10012013102401_1.zip,"Maruti Suzuki India Limited has informed the Exchange regarding a press release dated October 01, 2013 titled ""Maruti Suzuki Sales in September 2013"".",,,Press Release,-,01102013102400,-,-,False,,,651714,Automobiles - 4 Wheelers,INE585B01010,Maruti Suzuki India Limited,2013-10-01 10:24:00,MARUTI
18-Sep-2013 18:08:00,,https://nsearchives.nseindia.com/corporate/MARUTI_pr_09182013180801_1.zip,"Maruti Suzuki India Limited has informed the Exchange regarding a press release dated September 18, 2013.",,,Press Release,-,18092013180800,-,-,False,,,640701,Automobiles - 4 Wheelers,INE585B01010,Maruti Suzuki India Limited,2013-09-18 18:08:00,MARUTI
06-Sep-2013 15:24:00,,https://nsearchives.nseindia.com/corporate/MARUTI__09062013152402_1.zip,"Maruti Suzuki India Limited has informed the Exchange regarding an announcement titled ""Production in August 2013"".",,,Updates,-,06092013152400,-,-,False,,,632616,Automobiles - 4 Wheelers,INE585B01010,Maruti Suzuki India Limited,2013-09-06 15:24:00,MARUTI
02-Sep-2013 10:56:00,,https://nsearchives.nseindia.com/corporate/MaRUTI_pr_0209201_09022013104002_3.zip,"Maruti Suzuki India Limited has informed the Exchange regarding a press release dated September 02, 2013 titled ""Maruti Suzuki Sales in August 2013"".",,,Press Release,-,02092013105600,-,-,False,,,628011,Automobiles - 4 Wheelers,INE585B01010,Maruti Suzuki India Limited,2013-09-02 10:56:00,MARUTI
27-Aug-2013 14:32:00,,https://nsearchives.nseindia.com/corporate/MARUTI_disc35A_27082013_08272013143201_1.zip,"Maruti Suzuki India Limited has informed the Exchange regarding the details of Voting results at the Annual General Meeting of the Company held on August 27, 2013, under Clause 35A.",,,Disclosure of Voting Pattern - Clause 35A,-,27082013143200,-,-,False,,,623966,Automobiles - 4 Wheelers,INE585B01010,Maruti Suzuki India Limited,2013-08-27 14:32:00,MARUTI
21-Aug-2013 13:08:00,,https://nsearchives.nseindia.com/corporate/MARUTI_pr_21082013_08212013130801_1.zip,"Maruti Suzuki India Limited has informed the Exchange regarding a press release dated August 21, 2013, titled ""Maruti Suzuki introduces stylish Stingray"".",,,Press Release,-,21082013130800,-,-,False,,,619568,Automobiles - 4 Wheelers,INE585B01010,Maruti Suzuki India Limited,2013-08-21 13:08:00,MARUTI
05-Aug-2013 14:12:00,,https://nsearchives.nseindia.com/corporate/NSE_08052013141201_1.zip,"Maruti Suzuki India Limited has informed the Exchange regarding the updates dated August 05, 2013, titled ""Production in July 2013.""",,,Updates,-,05082013141200,-,-,False,,,609161,Automobiles - 4 Wheelers,INE585B01010,Maruti Suzuki India Limited,2013-08-05 14:12:00,MARUTI
02-Aug-2013 11:48:00,,https://nsearchives.nseindia.com/corporate/NSE_08022013114801_1.zip,"Maruti Suzuki India Limited has informed the Exchange regarding the press release dated August 01, 2013, titled ""Maruti Suzuki Sales in July 2013.""",,,Press Release,-,02082013114800,-,-,False,,,607835,Automobiles - 4 Wheelers,INE585B01010,Maruti Suzuki India Limited,2013-08-02 11:48:00,MARUTI
01-Aug-2013 10:24:00,,https://nsearchives.nseindia.com/corporate/MARUTi_pr_01082013_08012013102402_2.zip,"Maruti Suzuki India Limited has informed the Exchange regarding a Press Release dated August 01, 2013 regarding ""Maruti Suzuki Sales in July 2013"".",,,Press Release,-,01082013102400,-,-,False,,,607007,Automobiles - 4 Wheelers,INE585B01010,Maruti Suzuki India Limited,2013-08-01 10:24:00,MARUTI
25-Jul-2013 15:04:00,,https://nsearchives.nseindia.com/corporate/MARUTI_pr_25072013_07252013150401_1.zip,"Maruti Suzuki India Limited has informed the Exchange regarding a press release dated July 25, 2013, titled ""Maruti Suzuki financial results Q1 (April-June) 2013-14"".",,,Press Release,-,25072013150400,-,-,False,,,601851,Automobiles - 4 Wheelers,INE585B01010,Maruti Suzuki India Limited,2013-07-25 15:04:00,MARUTI
25-Jul-2013 15:02:40,,https://nsearchives.nseindia.com/corporate/MARUTI_30JUN2013_S_Q1.zip,"Maruti Suzuki India Limited has submitted to the Exchange the Standalone Financial Results along with the Limited Review Report for the period ended June 30,2013.",,,Financial Result Updates,-,25072013150240,-,-,False,,,16737,Automobiles - 4 Wheelers,INE585B01010,Maruti Suzuki India Limited,2013-07-25 15:02:40,MARUTI
25-Jul-2013 14:56:00,,-,Maruti Suzuki India Limited has informed the Exchange regarding the standalone Results for the quarter ended on 30-JUN-2013 as follows: Net Sales of Rs. 999512 lacs for the quarter ending on 30-JUN-2013 against Rs. 1305626 lacs and Rs. 1052924 lacs for the quarters ending on 31-MAR-2013 and 30-JUN-2012 respectively. Net Profit / (Loss) of Rs. 63161 lacs for the quarter ending on 30-JUN-2013 against Rs. 123962 lacs and Rs. 42377 lacs for the quarters ending on 31-MAR-2013 and 30-JUN-2012 respectively.,,,"Results Update, Quarter ended, 30-JUN-2013 (Standalone)",-,25072013145600,-,-,False,,,,Automobiles - 4 Wheelers,INE585B01010,Maruti Suzuki India Limited,2013-07-25 14:56:00,MARUTI
08-Jul-2013 10:12:00,,https://nsearchives.nseindia.com/corporate/MARUTI_update_080720136_07082013101202_2.zip,"Maruti Suzuki India Limited has informed the Exchange, vide letter dated July 08, 2013 regarding ""Production in June 2013"".",,,Updates,-,08072013101200,-,-,False,,,588773,Automobiles - 4 Wheelers,INE585B01010,Maruti Suzuki India Limited,2013-07-08 10:12:00,MARUTI
05-Jul-2013 10:16:00,,https://nsearchives.nseindia.com/corporate/MARUTI_pr_05072013_07052013101602_2.zip,"Maruti Suzuki India Limited has informed the Exchange regarding press release dated July 05, 2013 titled ""Maruti Suzuki contribution for victims of Uttarakhand tragedy"".",,,Press Release,-,05072013101600,-,-,False,,,587759,Automobiles - 4 Wheelers,INE585B01010,Maruti Suzuki India Limited,2013-07-05 10:16:00,MARUTI
02-Jul-2013 17:28:00,,https://nsearchives.nseindia.com/corporate/maruti_07022013172801_1.zip,"Maruti Suzuki India Limited has informed the Exchange regarding press release dated July 02, 2013 titled ""Maruti Suzuki introduces sporty version of country's most popular premium compact Swift RS"".",,,Press Release,-,02072013172800,-,-,False,,,585375,Automobiles - 4 Wheelers,INE585B01010,Maruti Suzuki India Limited,2013-07-02 17:28:00,MARUTI
01-Jul-2013 11:52:00,,https://nsearchives.nseindia.com/corporate/MARUTI_pr_01072013_07012013115202_1.zip,"Maruti Suzuki India Limited has informed the Exchange regarding a press release dated July 01, 2013.",,,Press Release,-,01072013115200,-,-,False,,,584725,Automobiles - 4 Wheelers,INE585B01010,Maruti Suzuki India Limited,2013-07-01 11:52:00,MARUTI
17-Jun-2013 08:24:00,,https://nsearchives.nseindia.com/corporate/Marutisuzuki_Pr_15062013_06172013082402_1.zip,"Maruti Suzuki India Limited has informed the Exchange regarding a Press Release dated June 15, 2013, titled ""Maruti Suzuki introduces ""Ertiga Green"" CNG Model"".",,,Press Release,-,17062013082400,-,-,False,,,575010,Automobiles - 4 Wheelers,INE585B01010,Maruti Suzuki India Limited,2013-06-17 08:24:00,MARUTI
04-Jun-2013 11:32:00,,https://nsearchives.nseindia.com/corporate/MARUTI_update_04062013_06042013113202_1.zip,"Maruti Suzuki India Limited has informed the Exchange vide letter dated June 04, 2013 regarding Production for May 2013.",,,Updates,-,04062013113200,-,-,False,,,566774,Automobiles - 4 Wheelers,INE585B01010,Maruti Suzuki India Limited,2013-06-04 11:32:00,MARUTI
03-Jun-2013 09:12:00,,https://nsearchives.nseindia.com/corporate/NSE_06032013091201_1.zip,"Maruti Suzuki India Limited has informed the Exchange regarding a Press Release dated June 01, 2013 titled ""Maruti Suzuki Sales in May 2013"".",,,Press Release,-,03062013091200,-,-,False,,,565317,Automobiles - 4 Wheelers,INE585B01010,Maruti Suzuki India Limited,2013-06-03 09:12:00,MARUTI
29-May-2013 14:48:00,,https://nsearchives.nseindia.com/corporate/marutisuzukiindialtd_29052013.zip,"Maruti Suzuki India Limited has submitted to the Exchange vide letter dated May 22, 2013 a copy of disclosure under regulation 13(3) and 13(6) of SEBI (Prohibition of Insider Trading) Regulations, 1992.",,,Disclosure under Insider Trading Regulation,-,29052013144800,-,-,False,,,562752,Automobiles - 4 Wheelers,INE585B01010,Maruti Suzuki India Limited,2013-05-29 14:48:00,MARUTI
22-May-2013 09:16:00,,https://nsearchives.nseindia.com/corporate/MARUTI_lic_21052013.zip,"Life Insurance Corporation of India has submitted to the Exchange vide letter dated May 20, 2013 a copy of disclosure under Regulation 29(2) of SEBI (Substantial Acquisition of Shares and Takeovers) Regulations, 2011 along with disclosure under regulation 13(3) and 13(6) of SEBI (Prohibition of Insider Trading) Regulations, 1992.",,,Discl. under SEBI Insider Trading and Takeover Regulation,-,22052013091600,-,-,False,,,556850,Automobiles - 4 Wheelers,INE585B01010,Maruti Suzuki India Limited,2013-05-22 09:16:00,MARUTI
07-May-2013 10:00:00,,https://nsearchives.nseindia.com/corporate/MARUTI_update_070520163_05072013100001_1.zip,"Maruti Suzuki India Limited has informed the Exchange vide letter dated May 07, 2013 regarding Production for April 2013.",,,Updates,-,07052013100000,-,-,False,,,546504,Automobiles - 4 Wheelers,INE585B01010,Maruti Suzuki India Limited,2013-05-07 10:00:00,MARUTI
03-May-2013 15:28:00,,-,"Maruti Suzuki India Limited has informed the Exchange that the Company has fixed Book Closure from August 16, 2013 to August 27, 2013 for the purpose of determining the members entitled to receive dividend on equity shares, if declared in the ensuing Annual General Meeting to be held on August 27, 2013. ",,,AGM/Book Closure,-,03052013152800,-,-,False,,,544677,Automobiles - 4 Wheelers,INE585B01010,Maruti Suzuki India Limited,2013-05-03 15:28:00,MARUTI
02-May-2013 07:52:00,,https://nsearchives.nseindia.com/corporate/MARUTI_pr_02052013_05022013075202_1.zip,"Maruti Suzuki India Limited has informed the Exchange regarding a Press Release dated May 01, 2013, titled ""Maruti Suzuki sales in April 2013"".",,,Press Release,-,02052013075200,-,-,False,,,543648,Automobiles - 4 Wheelers,INE585B01010,Maruti Suzuki India Limited,2013-05-02 07:52:00,MARUTI
29-Apr-2013 18:00:00,,-,"Maruti Suzuki India Limited has informed the Exchange that the board of directors, in its meeting held on April 26, 2013, approved the appointment of Mr. Toshiaki Hasuike as director and whole-time director designated as Joint Managing Director with effect from April 27, 2013 and accepted the resignation of Mr. Tsuneo Ohashi as a director and Managing Executive Officer (Production) from the close of business hours of April 26, 2013. ",,,Change in Director(s),-,29042013180000,-,-,False,,,542631,Automobiles - 4 Wheelers,INE585B01010,Maruti Suzuki India Limited,2013-04-29 18:00:00,MARUTI
26-Apr-2013 22:28:00,,-,"Maruti Suzuki India Limited has informed the Exchange that the Board of Directors of the Company at its meeting held on April 26, 2013, inter alia, has approved the amalgamation of the following seven wholly owned subsidiaries of Maruti Suzuki India Ltd with and into the Company: (1) Maruti Insurance Business Agency Limited; (2) Maruti Insurance Agency Services Limited; (3) Maruti Insurance Distribution Services Limited; (4) Maruti Insurance Agency Logistics Limited; (5) Maruti Insurance Agency Solutions Limited; (6) Maruti Insurance Agency Network Limited; (7) Maruti Insurance Broker Limited.",,,Outcome of Board Meeting,-,26042013222800,-,-,False,,,541509,Automobiles - 4 Wheelers,INE585B01010,Maruti Suzuki India Limited,2013-04-26 22:28:00,MARUTI
26-Apr-2013 14:00:00,,-,"Maruti Suzuki India Limited has informed the Exchange that the Board of Directors of the Company at its meeting held on April 26, 2013, has considered and recommended a final dividend aggregating Rs. 24,167 lacs i.e. Rs. 8 per share (Nominal value Rs. 5.00 per share) (Previous Year Rs. 21,668 lacs i.e. Rs. 7.5 per share) for the financial year 2012-13.",,,Dividend,-,26042013140000,-,-,False,,,541401,Automobiles - 4 Wheelers,INE585B01010,Maruti Suzuki India Limited,2013-04-26 14:00:00,MARUTI
26-Apr-2013 13:52:00,,https://nsearchives.nseindia.com/corporate/MARUTISUZ_PR_26042013_04262013135201_1.zip,"Maruti Suzuki India Limited has informed the Exchange regarding a Press Release dated April 26, 2013, titled ""Maruti Suzuki financial results 2012-13"".",,,Press Release,-,26042013135200,-,-,False,,,541400,Automobiles - 4 Wheelers,INE585B01010,Maruti Suzuki India Limited,2013-04-26 13:52:00,MARUTI
26-Apr-2013 13:26:00,,-,Maruti Suzuki India Limited has informed the Exchange regarding the consolidated Results for the year ended on 31-MAR-2013 as follows: Net Sales of Rs. 4321583 lacs for year ending on 31-MAR-2013 against Rs. 3536921 lacs for the year ending on 31-MAR-2012. Net Profit / (Loss) of Rs. 246929 lacs for the year ending on 31-MAR-2013 against Rs. 168097 lacs for the year ending on 31-MAR-2012.,,,"Results Update, Year ended, 31-MAR-2013 (Consolidated)",-,26042013132600,-,-,False,,,,Automobiles - 4 Wheelers,INE585B01010,Maruti Suzuki India Limited,2013-04-26 13:26:00,MARUTI
26-Apr-2013 13:25:00,,-,Maruti Suzuki India Limited has informed the Exchange regarding the standalone Results for the year ended on 31-MAR-2013 as follows: Net Sales of Rs. 4261256 lacs for year ending on 31-MAR-2013 against Rs. 3487782 lacs for the year ending on 31-MAR-2012. Net Profit / (Loss) of Rs. 239213 lacs for the year ending on 31-MAR-2013 against Rs. 163514 lacs for the year ending on 31-MAR-2012.,,,"Results Update, Year ended, 31-MAR-2013 (Standalone)",-,26042013132500,-,-,False,,,,Automobiles - 4 Wheelers,INE585B01010,Maruti Suzuki India Limited,2013-04-26 13:25:00,MARUTI
26-Apr-2013 13:20:11,,https://nsearchives.nseindia.com/corporate/MARUTI_31MAR2013_B_AN.zip,"Maruti Suzuki India Limited has submitted to the Exchange the Standalone and Consolidated Financial Results for the period ended March 31,2013.",,,Financial Result Updates,-,26042013132011,-,-,False,,,15146,Automobiles - 4 Wheelers,INE585B01010,Maruti Suzuki India Limited,2013-04-26 13:20:11,MARUTI
17-Apr-2013 15:28:00,,https://nsearchives.nseindia.com/corporate/MARUTISUZUKI_pr_17042013_04172013152802_2.zip,"Maruti Suzuki India Limited has informed the Exchange regarding a Press Release dated April 17, 2013 titled ""Maruti Suzuki's Swift Dzire and Ertiga bag India Design Mark: Good Design Award 2013"".",,,Press Release,-,17042013152800,-,-,False,,,536949,Automobiles - 4 Wheelers,INE585B01010,Maruti Suzuki India Limited,2013-04-17 15:28:00,MARUTI
10-Apr-2013 14:40:00,,-,"News Verification : The media had reports that Maruti Suzuki India Limited  is in pact to buy on lease right of Navi Mumbai land from RPG Life Sciences Limited . The Exchange, in order to verify the accuracy or otherwise of the information reported in the media and to inform the market place so that the interest of the investors is safeguarded, had written to the company. Maruti Suzuki India Limited has vide its letter inter-alia stated, ""That Maruti Suzuki India Limited(MSIL) had entered into a Memorandum of Understanding(MOU) with RPG Life Sciences Ltd. in August 2012 for acquiring leasehold rights through Deed of Assignment in respect of land measuring 14148.90 sq.mtr. out of total land admeasuring 48632 sq.mtr. falling under Plot No. 25&25A situated at Trans-Thane Creek Industrial Area (T.T.C. Industrial Area) within the village limit of Pawne and within the limits of Navi Mumbai Municipal Corporation, Taluka & Registration Sub District- Thane and Registration District- Thane Maharashtra together with any structure viz. Process Development Lab Standing thereon.This MOU is subject to conclusion on fulfillment of terms and conditions mentioned therein. That as part of legal due diligence, MSIL has, through its advocate Mr. D.C. Daga, released a Public Notice today in certain newspapers seeking comments and objections from any person to the proposed transaction. That MSIL is seeking to acquire this land for setting up 'Regional Office' facilities in the Mumbai Region in due course. That setting up 'Regional Office' facilities in various regions of the country is in the ordinary course of business of MSIL and in no way affects materially its operations.""",,,News Verification,-,10042013144000,-,-,False,,,532738,Automobiles - 4 Wheelers,INE585B01010,Maruti Suzuki India Limited,2013-04-10 14:40:00,MARUTI
04-Apr-2013 20:32:00,,https://nsearchives.nseindia.com/corporate/MarutiSuzuki_Updates_04042013_04042013203201_1.zip,"Maruti Suzuki India Limited has informed the Exchange vide its letter dated April 04, 2013 regarding Production for March 2013.",,,Updates,-,04042013203200,-,-,False,,,529222,Automobiles - 4 Wheelers,INE585B01010,Maruti Suzuki India Limited,2013-04-04 20:32:00,MARUTI
03-Apr-2013 17:36:00,,https://nsearchives.nseindia.com/corporate/NSE_04032013173602_1.zip,"Suzuki Motor Corporation has submitted to the Exchange vide letter dated March 29, 2013 a copy of disclosure under Regulation 29(2) of the SEBI (Substantial Acquisition of Shares and Takeovers) Regulations, 2011.",,,Disclosure under SEBI Takeover Regulations,-,03042013173600,-,-,False,,,528203,Automobiles - 4 Wheelers,INE585B01010,Maruti Suzuki India Limited,2013-04-03 17:36:00,MARUTI
02-Apr-2013 11:12:00,,https://nsearchives.nseindia.com/corporate/MAURTI_pr_02042013_04022013111202_2.zip,"Maruti Suzuki India Limited has informed the Exchange regarding a Press Release dated April 02, 2013, titled ""Maruti Suzuki sales in March 2013"".",,,Press Release,-,02042013111200,-,-,False,,,526950,Automobiles - 4 Wheelers,INE585B01010,Maruti Suzuki India Limited,2013-04-02 11:12:00,MARUTI
01-Apr-2013 11:24:00,,https://nsearchives.nseindia.com/corporate/MARUTISUZUKI_SUZUKI_30032013_04012013112401_1.zip,"Suzuki Motor Corporation has submitted to the Exchange vide letter dated March 29, 2013 a copy of disclosure under Regulation 29(2) of SEBI (Substantial Acquisition of Shares & Takeovers) Regulations, 2011.",,,Disclosure under SEBI Takeover Regulations,-,01042013112400,-,-,False,,,525853,Automobiles - 4 Wheelers,INE585B01010,Maruti Suzuki India Limited,2013-04-01 11:24:00,MARUTI
15-Mar-2013 12:16:00,,-,"Maruti Suzuki India Limited has informed the Exchange that the board, in its meeting held on March 15, 2013, has appointed Mr.Kenichi Ayukawa as the Managing Director and Chief Executive Officer in place of Mr. Shinzo Nakanishi with effect from April 01, 2013 on the latter having attained the age of  retirement. ",,,Appointment,-,15032013121600,-,-,False,,,518136,Automobiles - 4 Wheelers,INE585B01010,Maruti Suzuki India Limited,2013-03-15 12:16:00,MARUTI
05-Mar-2013 15:04:00,,https://nsearchives.nseindia.com/corporate/MARUTI_pr_05032013_03052013150402_2.zip,"Maruti Suzuki India Limited has informed the Exchange regarding a Press Release dated March 05, 2013, titled ""Maruti Suzuki introduces limited edition Estilo Nlive"".",,,Press Release,-,05032013150400,-,-,False,,,512478,Automobiles - 4 Wheelers,INE585B01010,Maruti Suzuki India Limited,2013-03-05 15:04:00,MARUTI
04-Mar-2013 15:32:00,,https://nsearchives.nseindia.com/corporate/MARUTI_updater_04032013_03042013153202_1.zip,"Maruti Suzuki India Limited has submitted to the Exchange vide letter dated March 04, 2013 a copy of the production of the Company for the month of February 2013.",,,Updates,-,04032013153200,-,-,False,,,511595,Automobiles - 4 Wheelers,INE585B01010,Maruti Suzuki India Limited,2013-03-04 15:32:00,MARUTI
01-Mar-2013 10:40:00,,https://nsearchives.nseindia.com/corporate/MARUTI_pr_01032013_03012013104003_1.zip,"Maruti Suzuki India Limited has informed the Exchange regarding a Press Release dated March 01, 2013 titled ""Maruti Suzuki sales in February 2013"".",,,Press Release,-,01032013104000,-,-,False,,,510139,Automobiles - 4 Wheelers,INE585B01010,Maruti Suzuki India Limited,2013-03-01 10:40:00,MARUTI
07-Feb-2013 09:16:00,,https://nsearchives.nseindia.com/corporate/MarutiSuzuki_Updates_07022013_02072013091601_1.zip,"Maruti Suzuki India Limited has submitted to the Exchange vide letter dated February 06, 2013 a copy of the production of the Company for the month of January 2013.",,,Updates,-,07022013091600,-,-,False,,,497191,Automobiles - 4 Wheelers,INE585B01010,Maruti Suzuki India Limited,2013-02-07 09:16:00,MARUTI
01-Feb-2013 10:36:00,,https://nsearchives.nseindia.com/corporate/MARUti_pr_01022013_02012013103601_1.zip,"Maruti Suzuki India Limited has informed the Exchange regarding a Press Release dated February 01, 2013, titled ""Maruti Suzuki domestic sale grows 2 per cent in January 2013"".",,,Press Release,-,01022013103600,-,-,False,,,493294,Automobiles - 4 Wheelers,INE585B01010,Maruti Suzuki India Limited,2013-02-01 10:36:00,MARUTI
25-Jan-2013 14:39:19,,https://nsearchives.nseindia.com/corporate/MARUTI_31DEC2012_S_Q3.zip,"Maruti Suzuki India Limited has submitted to the Exchange the Standalone Financial Results along with the Limited Review Report for the period ended December 31, 2012.",,,Financial Result Updates,-,25012013143919,-,-,False,,,13729,Automobiles - 4 Wheelers,INE585B01010,Maruti Suzuki India Limited,2013-01-25 14:39:19,MARUTI
25-Jan-2013 14:16:00,,-,"Maruti Suzuki India Limited has informed the Exchange that Mr. R. P. Singh has been appointed as a non-executive indpendent director on the Board of Directors of the Company w.e.f. January 25, 2013. Mr. R. P. Singh, IAS (Retired) is currently the Chairman, National Highways Authority of India (NHAI).",,,Appointment of Director,-,25012013141600,-,-,False,,,486279,Automobiles - 4 Wheelers,INE585B01010,Maruti Suzuki India Limited,2013-01-25 14:16:00,MARUTI
03-Jan-2013 10:14:00,,https://nsearchives.nseindia.com/corporate/MARUTI_pr_030122013.zip,"Maruti Suzuki India Limited has informed the Exchange regarding a press release dated January 03, 2013, titled ""Maruti Suzuki Sales in December 2012"".",,,Press Release,-,03012013101400,-,-,False,,,,Automobiles - 4 Wheelers,INE585B01010,Maruti Suzuki India Limited,2013-01-03 10:14:00,MARUTI
03-Dec-2012 08:08:00,,https://nsearchives.nseindia.com/corporate/MARUTI_PR01_03122012.zip,"Maruti Suzuki India Limited has informed the Exchange regarding a press release dated December 01, 2012, titled ""Maruti Suzuki Sales in November 2012"".",,,Press Release,-,03122012080800,-,-,False,,,,Automobiles - 4 Wheelers,INE585B01010,Maruti Suzuki India Limited,2012-12-03 08:08:00,MARUTI
22-Nov-2012 12:00:00,,https://nsearchives.nseindia.com/corporate/MARUTI_REG_21112012.zip,"Life Insurance Corporation of India has submitted to the Exchange vide letter dated November 21, 2012 a copy of disclosure under Regulation 29(2) of SEBI (Substantial Acquisition of Shares and Takeovers) Regulations, 2011 along with disclosure under regulation 13(3) and 13(6) of SEBI (Prohibition of Insider Trading) Regulations, 1992.",,,Disclosure under SEBI Takeover Regulations,-,22112012120000,-,-,False,,,,Automobiles - 4 Wheelers,INE585B01010,Maruti Suzuki India Limited,2012-11-22 12:00:00,MARUTI
01-Nov-2012 11:01:00,,https://nsearchives.nseindia.com/corporate/Marutisuzuki_PR_01112012.zip,"Maruti Suzuki India Limited has informed the Exchange regarding a press release dated November 01, 2012, titled ""Maruti Suzuki Sales in October 2012"".",,,Press Release,-,01112012110100,-,-,False,,,,Automobiles - 4 Wheelers,INE585B01010,Maruti Suzuki India Limited,2012-11-01 11:01:00,MARUTI
30-Oct-2012 16:04:00,,-,"Maruti Suzuki India Limited has informed the Exchange that the Board of Directors of the Company at its meeting held on October 30, 2012, has accepted the resignation dated October 26, 2012 tendered by Mr. Manvinder Singh Banga as a Director of the Company.     ",,,Resignation of Director,-,30102012160400,-,-,False,,,,Automobiles - 4 Wheelers,INE585B01010,Maruti Suzuki India Limited,2012-10-30 16:04:00,MARUTI
30-Oct-2012 15:19:20,,https://nsearchives.nseindia.com/corporate/MARUTI_30SEP2012_S_Q2.zip,"Maruti Suzuki India Limited has submitted to the Exchange the Standalone Financial Results along with the Limited Review Report for the period ended September 30,2012.",,,Financial Result Updates,-,30102012151920,-,-,False,,,12363,Automobiles - 4 Wheelers,INE585B01010,Maruti Suzuki India Limited,2012-10-30 15:19:20,MARUTI
30-Oct-2012 15:15:00,,https://nsearchives.nseindia.com/corporate/MarutiSuzuki_pr_30102012.zip,"Maruti Suzuki India Limited has informed the Exchange regarding a press release dated October 30, 2012, titled ""Maruti Suzuki financial results Q2 (Jul-Sept) 2012-13"".",,,Press Release,-,30102012151500,-,-,False,,,,Automobiles - 4 Wheelers,INE585B01010,Maruti Suzuki India Limited,2012-10-30 15:15:00,MARUTI
16-Oct-2012 13:12:00,,https://nsearchives.nseindia.com/corporate/MARUTI_pr_16102012.zip,"Maruti Suzuki India Limited has informed the Exchange regarding a Press Release dated October 16, 2012, titled ""Maruti Suzuki introduces all new Alto 800 delivering 22.74kmpl"".",,,Press Release,-,16102012131200,-,-,False,,,,Automobiles - 4 Wheelers,INE585B01010,Maruti Suzuki India Limited,2012-10-16 13:12:00,MARUTI
01-Oct-2012 10:31:00,,-,"Maruti Suzuki India Limited has informed the Exchange that at the court convened meeting of the equity shareholders of the Company, held on September 29, 2012, the equity shareholders of the Company have approved the Scheme of Amalgamation between Maruti Suzuki India Ltd. and Suzuki Powertrain India Limited and their respective shareholders and creditors. The said Scheme of Amalgamation is now subject to the final approval of the Hon'ble High Court of Delhi at New Delhi.",,,Outcome of meeting,-,01102012103100,-,-,False,,,,Automobiles - 4 Wheelers,INE585B01010,Maruti Suzuki India Limited,2012-10-01 10:31:00,MARUTI
01-Oct-2012 10:31:00,,-,"Maruti Suzuki India Limited has informed the Exchange that at the court convened meeting of the Unsecured creditors of the Company, held on September 29, 2012, the unsecured creditors of the Company have approved the Scheme of Amalgamation between Maruti Suzuki India Ltd. and Suzuki Powertrain India Limited and their respective shareholders and creditors. The said Scheme of Amalgamation is now subject to the final approval of the Hon'ble High Court of Delhi at New Delhi.",,,Outcome of meeting,-,01102012103100,-,-,False,,,,Automobiles - 4 Wheelers,INE585B01010,Maruti Suzuki India Limited,2012-10-01 10:31:00,MARUTI
01-Oct-2012 10:23:00,,https://nsearchives.nseindia.com/corporate/MARUTI_pr_01102012.zip,"Maruti Suzuki India Limited has informed the Exchange regarding a Press Release dated October 01, 2012, titled ""Maruti Suzuki Sales in September 2012"".",,,Press Release,-,01102012102300,-,-,False,,,,Automobiles - 4 Wheelers,INE585B01010,Maruti Suzuki India Limited,2012-10-01 10:23:00,MARUTI
12-Sep-2012 15:34:00,,https://nsearchives.nseindia.com/corporate/MARUTI_NOTICE_0001.zip,"Maruti Suzuki India Limited has informed the Exchange that by an Order made on the August 22, 2012, the Hon'ble High Court of Delhi at New Delhi, has directed that a meeting of the Equity Shareholders and Unsecured Creditors of the Company will be held on September 29, 2012 for the purpose of considering, and if thought fit, approving with or without modification(s), the Scheme of Amalgamation between Suzuki Powertrain India Limited and Maruti Suzuki India Limited and their respective shareholders and creditors (the ""Scheme"").",,,Notice  of Meeting,-,12092012153400,-,-,False,,,,Automobiles - 4 Wheelers,INE585B01010,Maruti Suzuki India Limited,2012-09-12 15:34:00,MARUTI
03-Sep-2012 17:27:00,,https://nsearchives.nseindia.com/corporate/MARUTI_pr01_03092012.zip,"Maruti Suzuki India Limited has informed the Exchange regarding a Press Release dated September 03, 2012, titled ""Maruti Suzuki introduces a refreshed Ritz Diesel delivering 23.2 kmpl"".",,,Press Release,-,03092012172700,-,-,False,,,,Automobiles - 4 Wheelers,INE585B01010,Maruti Suzuki India Limited,2012-09-03 17:27:00,MARUTI
03-Sep-2012 09:22:00,,https://nsearchives.nseindia.com/corporate/Maruti_PR_03092012.zip,"Maruti Suzuki India Limited has informed the Exchange regarding a Press Release dated September 01, 2012, titled ""Maruti Suzuki Sales in August 2012"".",,,Press Release,-,03092012092200,-,-,False,,,,Automobiles - 4 Wheelers,INE585B01010,Maruti Suzuki India Limited,2012-09-03 09:22:00,MARUTI
29-Aug-2012 17:04:00,,https://nsearchives.nseindia.com/corporate/MARUTISUZ_REG35A_29082012.zip,"Maruti Suzuki India Limited has informed the Exchange regarding the Voting Results of the Annual General Meeting of the Company held on August 28, 2012 as per Clause 35A of the Listing Agreement.",,,Disclosure of Voting Pattern - Clause 35A,-,29082012170400,-,-,False,,,,Automobiles - 4 Wheelers,INE585B01010,Maruti Suzuki India Limited,2012-08-29 17:04:00,MARUTI
16-Aug-2012 16:49:00,,https://nsearchives.nseindia.com/corporate/Maruti_pr_16082012.zip,"Maruti Suzuki India Limited has informed the Exchange regarding a Press Release dated August 16, 2012, titled ""Maruti Suzuki to Lift the Lock-out at Manesar plant With Safety & Security of Employees Assured "".",,,Press Release,-,16082012164900,-,-,False,,,,Automobiles - 4 Wheelers,INE585B01010,Maruti Suzuki India Limited,2012-08-16 16:49:00,MARUTI
01-Aug-2012 10:15:00,,https://nsearchives.nseindia.com/corporate/MARUTI01_pr_01082012.zip,"Maruti Suzuki India Limited has informed the Exchange regarding a Press Release dated August 01, 2012, titled ""Maruti Suzuki Sales in July 2012"".",,,Press Release,-,01082012101500,-,-,False,,,,Automobiles - 4 Wheelers,INE585B01010,Maruti Suzuki India Limited,2012-08-01 10:15:00,MARUTI
31-Jul-2012 17:36:00,,https://nsearchives.nseindia.com/corporate/Maruti01_PR_31072012.zip,"Maruti Suzuki India Limited has informed the Exchange vide letter dated July 31, 2012 regarding a press release, titled ""Update from Maruti Suzuki"".",,,Press Release,-,31072012173600,-,-,False,,,,Automobiles - 4 Wheelers,INE585B01010,Maruti Suzuki India Limited,2012-07-31 17:36:00,MARUTI
28-Jul-2012 15:01:00,,https://nsearchives.nseindia.com/corporate/MARUTI01_pr_28072012.zip,"Maruti Suzuki India Limited has informed the Exchange regarding a press release dated July 28, 2012, titled ""Maruti Suzuki financial results Q1 (Apr-Jun) 2012-13"".",,,Press Release,-,28072012150100,-,-,False,,,,Automobiles - 4 Wheelers,INE585B01010,Maruti Suzuki India Limited,2012-07-28 15:01:00,MARUTI
28-Jul-2012 14:41:48,,https://nsearchives.nseindia.com/corporate/MARUTI_30JUN2012_S_Q1.zip,"Maruti Suzuki India Limited has submitted to the Exchange the Standalone Financial Results along with Limited Review Report for the period ended June 30,2012.",,,Financial Result Updates,-,28072012144148,-,-,False,,,10643,Automobiles - 4 Wheelers,INE585B01010,Maruti Suzuki India Limited,2012-07-28 14:41:48,MARUTI
21-Jul-2012 18:04:00,,https://nsearchives.nseindia.com/corporate/Maruti_PR_21072012.zip,"Maruti Suzuki India Limited has informed the Exchange regarding a Press Release dated July 21, 2012, titled ""Maruti Suzuki decalres lock out at  Manesar Plant"".",,,Press Release,-,21072012180400,-,-,False,,,,Automobiles - 4 Wheelers,INE585B01010,Maruti Suzuki India Limited,2012-07-21 18:04:00,MARUTI
19-Jul-2012 16:04:00,,https://nsearchives.nseindia.com/corporate/Maruti_pr_19072012.zip,"Maruti Suzuki India Limited has informed the Exchange regarding a Press Release dated July 19, 2012, titled ""Maruti Suzuki statement on Manesar:19 July 2012"".",,,Press Release,-,19072012160400,-,-,False,,,,Automobiles - 4 Wheelers,INE585B01010,Maruti Suzuki India Limited,2012-07-19 16:04:00,MARUTI
09-Jul-2012 11:42:00,,-,"Maruti Suzuki India Limited has informed the Exchange that the Annual General Meeting of the Company is scheduled to be held on August 28, 2012. Further, the Register of Members/ Transfer Book of the Company shall remain closed from August 17, 2012 to August 28, 2012 (both days inclusive) for the purpose of determining the members entitled to receive dividend on equity shares, if declared in the ensuing Annual General Meeting.",,,AGM / Book Closure,-,09072012114200,-,-,False,,,,Automobiles - 4 Wheelers,INE585B01010,Maruti Suzuki India Limited,2012-07-09 11:42:00,MARUTI
03-Jul-2012 13:21:00,,https://nsearchives.nseindia.com/corporate/MARUTI_HSBC_03072012.zip,"HSBC Global Asset Management (Singapore) Limited has submitted to the Exchange vide letter dated July 03, 2012 a copy of Disclosure in terms of Regulation 29(2) of the SEBI (Substantial Acquisition of Shares and Takeovers) Regulations, 2011.",,,Disclosure under SEBI Takeover Regulations,-,03072012132100,-,-,False,,,,Automobiles - 4 Wheelers,INE585B01010,Maruti Suzuki India Limited,2012-07-03 13:21:00,MARUTI
02-Jul-2012 10:37:00,,https://nsearchives.nseindia.com/corporate/MARUTI_pr_02072012.zip,"Maruti Suzuki India Limited has informed the Exchange regarding a Press Release dated July 02, 2012 titled ""Maruti Suzuki Sales in June 2012"".",,,Press Release,-,02072012103700,-,-,False,,,,Automobiles - 4 Wheelers,INE585B01010,Maruti Suzuki India Limited,2012-07-02 10:37:00,MARUTI
12-Jun-2012 12:07:00,,https://nsearchives.nseindia.com/corporate/Maruti_OBM_120622012.zip,"Maruti Suzuki India Limited has informed the Exchange regarding Outcome of Board Meeting of the Company held on June 12, 2012.",,,Outcome of Board Meeting,-,12062012120700,-,-,False,,,,Automobiles - 4 Wheelers,INE585B01010,Maruti Suzuki India Limited,2012-06-12 12:07:00,MARUTI
12-Jun-2012 12:02:00,,https://nsearchives.nseindia.com/corporate/Maruti_Pr_12062012.zip,"Maruti Suzuki India Limited has informed the Exchange regarding a Press Release dated June 12, 2012 titled ""Maruti Suzuki board approves merger of SPIL with MSIL""",,,Press Release,-,12062012120200,-,-,False,,,,Automobiles - 4 Wheelers,INE585B01010,Maruti Suzuki India Limited,2012-06-12 12:02:00,MARUTI
05-Jun-2012 14:44:00,,https://nsearchives.nseindia.com/corporate/MarutiSuzuki_pr_05062012.zip,"Maruti Suzuki India Limited has informed the Exchange regarding a press release dated June 05, 2012, titled ""Maruti Suzuki invests in new age technologies, adopts tougher environment targets for 2012-13"".",,,Press Release,-,05062012144400,-,-,False,,,,Automobiles - 4 Wheelers,INE585B01010,Maruti Suzuki India Limited,2012-06-05 14:44:00,MARUTI
04-Jun-2012 08:11:00,,https://nsearchives.nseindia.com/corporate/maruti_pr_04062012.zip,"Maruti Suzuki India Limited has informed the Exchange regarding a Press Release dated June 02, 2012 titled ""Maruti Suzuki signs agreement with Gujarat government for land purchase.""",,,Press Release,-,04062012081100,-,-,False,,,,Automobiles - 4 Wheelers,INE585B01010,Maruti Suzuki India Limited,2012-06-04 08:11:00,MARUTI
01-Jun-2012 10:09:00,,https://nsearchives.nseindia.com/corporate/Maruti_PR_01062012.zip,"Maruti Suzuki India Limited has informed the Exchange regarding a Press Release dated June 01, 2012 titled ""Maruti Suzuki Sales in May 2012"".",,,Press Release,-,01062012100900,-,-,False,,,,Automobiles - 4 Wheelers,INE585B01010,Maruti Suzuki India Limited,2012-06-01 10:09:00,MARUTI
02-May-2012 08:04:00,,https://nsearchives.nseindia.com/corporate/Maruti_pr_02052012.zip,"Maruti Suzuki India Limited has informed the Exchange regarding a Press Release dated May 01, 2012 titled ""Maruti Suzuki Sales in April 2012.""",,,Press Release,-,02052012080400,-,-,False,,,,Automobiles - 4 Wheelers,INE585B01010,Maruti Suzuki India Limited,2012-05-02 08:04:00,MARUTI
30-Apr-2012 11:35:00,,-,"Maruti Suzuki India Limited has informed the Exchange regarding the following changes in the board of directors of the Company as approved by the board in its meeting held on the April 28, 2012: (1) Resignation of Mr. Shuji Oishi from the post of director and whole time director designated as Director & MEO (Marketing & Supply) w.e.f. close of business hours of April 27, 2012. (2) Appointment of Mr. Kazuhiko Ayabe as director & whole time director designated as Director & Managing Executive Officer (Supply Chain) w.e.f. April 28, 2012. (3) Appointment of Mr. Kinji Saito as additional director w.e.f. April 28, 2012.",,,Change in Director(s),-,30042012113500,-,-,False,,,,Automobiles - 4 Wheelers,INE585B01010,Maruti Suzuki India Limited,2012-04-30 11:35:00,MARUTI
30-Apr-2012 09:54:45,,https://nsearchives.nseindia.com/corporate/MARUTI_31MAR2012_B_Q4A.zip,"Maruti Suzuki India Limited has submitted to the Exchange the Standalone and Consolidated Financial Results for the period ended March 31,2012.",,,Financial Result Updates,-,30042012095445,-,-,False,,,8914,Automobiles - 4 Wheelers,INE585B01010,Maruti Suzuki India Limited,2012-04-30 09:54:45,MARUTI
30-Apr-2012 09:08:00,,-,"Maruti Suzuki India Limited has informed the Exchange that the Board of Directors of the Company at their meeting held on April 28, 2012 have considered and recommended a final dividend of Rs.7.50 per share (Nominal value Rs.5.00 per share)(Previous year Rs. 7.50 per share) for the financial year 2011-12.",,,Dividend,-,30042012090800,-,-,False,,,,Automobiles - 4 Wheelers,INE585B01010,Maruti Suzuki India Limited,2012-04-30 09:08:00,MARUTI
23-Apr-2012 17:17:00,,https://nsearchives.nseindia.com/corporate/Maruti_PR_23042012.zip,"Maruti Suzuki India Limited has informed the Exchange regarding a Press Release dated April 23, 2012 titled ""Haryana Chief Minister Shri Bhupinder Singh Hooda lays foundation stone for Maruti Suzuki's R&D facility"".",,,Press Release,-,23042012171700,-,-,False,,,,Automobiles - 4 Wheelers,INE585B01010,Maruti Suzuki India Limited,2012-04-23 17:17:00,MARUTI
23-Apr-2012 15:33:00,,https://nsearchives.nseindia.com/corporate/Marutisuzu_pr_23042012.zip,"Maruti Suzuki India Limited has informed the Exchange regarding a Press Release dated April 23, 2012 titled ""Chief Minister, Shri Bhupinder Singh Hooda inaugurates Institute of Driving and Traffic Research at Rohtak"".",,,Press Release,-,23042012153300,-,-,False,,,,Automobiles - 4 Wheelers,INE585B01010,Maruti Suzuki India Limited,2012-04-23 15:33:00,MARUTI
12-Apr-2012 13:14:00,,https://nsearchives.nseindia.com/corporate/MARUTI_pr_12042012.zip,"Maruti Suzuki India Limited has informed the Exchange regarding a press release dated April 12, 2012, titled ""Maruti Suzuki unveils India's first Life Utility Vehicle - 'Ertiga'"".",,,Press Release,-,12042012131400,-,-,False,,,,Automobiles - 4 Wheelers,INE585B01010,Maruti Suzuki India Limited,2012-04-12 13:14:00,MARUTI
02-Apr-2012 11:42:00,,https://nsearchives.nseindia.com/corporate/MARUTI_pr_020432012.zip,"Maruti Suzuki India Limited has informed the Exchange regarding a press release dated April 02, 2012 titled ""Maruti Suzuki Sales in March 2012"".",,,Press Release,-,02042012114200,-,-,False,,,,Automobiles - 4 Wheelers,INE585B01010,Maruti Suzuki India Limited,2012-04-02 11:42:00,MARUTI
02-Apr-2012 08:06:00,,-,"Maruti Suzuki India Limited has informed the Exchange that the board has re-appointed Mr. Shuji Oishi as Whole - time director designated as Director & Managing Executive Officer (Marketing & Sales) for a further period of 3 (three) years with effect from April 13, 2012.  ",,,Reappointment,-,02042012080600,-,-,False,,,,Automobiles - 4 Wheelers,INE585B01010,Maruti Suzuki India Limited,2012-04-02 08:06:00,MARUTI
01-Mar-2012 10:20:00,,https://nsearchives.nseindia.com/corporate/Maruti_pr_01032012.zip,"Maruti Suzuki India Limited has informed the Exchange regarding a press release dated March 01, 2012 titled ""Maruti Suzuki Sales in February 2012"".",,,Press Release,-,01032012102000,-,-,False,,,,Automobiles - 4 Wheelers,INE585B01010,Maruti Suzuki India Limited,2012-03-01 10:20:00,MARUTI
27-Feb-2012 16:16:00,,https://nsearchives.nseindia.com/corporate/Maruti_RPB_27022012.zip,"Maruti Suzuki India Limited has informed the Exchange vide its letter dated February 27, 2012 regarding result of postal ballot.",,,Outcome of Postal Ballot,-,27022012161600,-,-,False,,,,Automobiles - 4 Wheelers,INE585B01010,Maruti Suzuki India Limited,2012-02-27 16:16:00,MARUTI
01-Feb-2012 13:27:00,,https://nsearchives.nseindia.com/corporate/MARUTISUZ_pr_01022012.zip,"Maruti Suzuki India Limited has informed the Exchange regarding a Press Release dated February 01, 2012, titled ""Maruti Suzuki unveils the all new compact, powerful, highly fuel efficient Swift DZire"".",,,Press Release,-,01022012132700,-,-,False,,,,Automobiles - 4 Wheelers,INE585B01010,Maruti Suzuki India Limited,2012-02-01 13:27:00,MARUTI
01-Feb-2012 10:22:00,,https://nsearchives.nseindia.com/corporate/Maruti01_PR_01022012.zip,"Maruti Suzuki India Limited has informed the Exchange regarding a press release dated February 01, 2012 titled ""Maruti Suzuki Sales in January 2012"".",,,Press Release,-,01022012102200,-,-,False,,,,Automobiles - 4 Wheelers,INE585B01010,Maruti Suzuki India Limited,2012-02-01 10:22:00,MARUTI
23-Jan-2012 19:20:00,,https://nsearchives.nseindia.com/corporate/Maruti_PBNotice_23012012.zip,"Maruti Suzuki India Limited has informed the Exchange that pursuant to Section 192A of the Companies Act, 1956, read with the Companies (Passing of the Resolutions by Postal Ballot) Rules, 2011, following resolutions is proposed to be passed by Postal Ballot: Special Resolution under Section 17 for alteration of the Objects clause of the Company.",,,Notice of Postal Ballot,-,23012012192000,-,-,False,,,,Automobiles - 4 Wheelers,INE585B01010,Maruti Suzuki India Limited,2012-01-23 19:20:00,MARUTI
23-Jan-2012 14:52:00,,https://nsearchives.nseindia.com/corporate/MARUTISUZUKI_PR_23012012.zip,"Maruti Suzuki India Limited  has informed the Exchange regarding a press release dated January 23, 2012, titled ""Maruti Suzuki financial results Q3 FY 2011-12"".",,,Press Release,-,23012012145200,-,-,False,,,,Automobiles - 4 Wheelers,INE585B01010,Maruti Suzuki India Limited,2012-01-23 14:52:00,MARUTI
23-Jan-2012 14:07:49,,https://nsearchives.nseindia.com/corporate/MARUTI_31DEC2011_S_Q3.zip,"Maruti Suzuki India Limited has submitted to the Exchange the Standalone Financial Results for the period ended December 31,2011.",,,Financial Result Updates,-,23012012140749,-,-,False,,,7392,Automobiles - 4 Wheelers,INE585B01010,Maruti Suzuki India Limited,2012-01-23 14:07:49,MARUTI
06-Jan-2012 13:29:00,,https://nsearchives.nseindia.com/corporate/MarutiSuzuki_pr_06012012.zip,"Maruti Suzuki India Limited has informed the Exchange regarding a press release dated January 06, 2012, titled ""Global premiere of New compact MPV - Ertiga at Maruti Suzuki pavilion"".",,,Press Release,-,06012012132900,-,-,False,,,,Automobiles - 4 Wheelers,INE585B01010,Maruti Suzuki India Limited,2012-01-06 13:29:00,MARUTI
05-Jan-2012 09:35:00,,https://nsearchives.nseindia.com/corporate/MARUTI_pr_05012012.zip,"Maruti Suzuki India Limited has informed the Exchange regarding a press release dated January 05, 2012 titled ""Concept XA Alpha unveiled"".",,,Press Release,-,05012012093500,-,-,False,,,,Automobiles - 4 Wheelers,INE585B01010,Maruti Suzuki India Limited,2012-01-05 09:35:00,MARUTI
02-Jan-2012 11:22:00,,https://nsearchives.nseindia.com/corporate/MARUTI_pr_02012012.zip,"Maruti Suzuki India Limited has informed the Exchange regarding a press release dated January 02, 2012 titled ""Maruti Suzuki Sales in December 2011"".",,,Press Release,-,02012012112200,-,-,False,,,,Automobiles - 4 Wheelers,INE585B01010,Maruti Suzuki India Limited,2012-01-02 11:22:00,MARUTI
01-Dec-2011 10:11:00,,https://nsearchives.nseindia.com/corporate/maruti_pr_01122011.zip,"Maruti Suzuki India Limited has informed the Exchange regarding a press release dated December 01, 2011 titled ""Maruti Suzuki Sales in November 2011"".",,,Press Release,-,01122011101100,-,-,False,,,,Automobiles - 4 Wheelers,INE585B01010,Maruti Suzuki India Limited,2011-12-01 10:11:00,MARUTI
04-Nov-2011 17:02:00,,https://nsearchives.nseindia.com/corporate/Maruti_pr_04112011.zip,"Maruti Suzuki India Limited has informed the Exchange vide its letter dated November 04, 2011 regarding a press release, titled ""Mr. R C Bhargava, Chairman, Maruti Suzuki, India felicitated by Emperor Akihito of Japan"".",,,Press Release,-,04112011170200,-,-,False,,,,Automobiles - 4 Wheelers,INE585B01010,Maruti Suzuki India Limited,2011-11-04 17:02:00,MARUTI
03-Nov-2011 13:53:00,,https://nsearchives.nseindia.com/corporate/maruti_pr_03112011.zip,"Maruti Suzuki India Limited has informed the Exchange regarding a press release dated November 03, 2011, titled ""Maruti Suzuki clarifies its stand on Gujarat expansion plans"".",,,Press Release,-,03112011135300,-,-,False,,,,Automobiles - 4 Wheelers,INE585B01010,Maruti Suzuki India Limited,2011-11-03 13:53:00,MARUTI
01-Nov-2011 10:36:00,,https://nsearchives.nseindia.com/corporate/Maruti_pr_01112011.zip,"Maruti Suzuki India Limited has informed the Exchange regarding a press release dated November 01, 2011, titled ""Maruti Suzuki Sales in October 2011"".",,,Press Release,-,01112011103600,-,-,False,,,,Automobiles - 4 Wheelers,INE585B01010,Maruti Suzuki India Limited,2011-11-01 10:36:00,MARUTI
29-Oct-2011 14:56:00,,-,Maruti Suzuki India Limited has informed the Exchange regarding the standalone Results for the quarter ended on 30-SEP-2011 as follows: Net Sales of Rs. 753745 lacs for quarter ending on 30-SEP-2011 against Rs. 897737 lacs for the quarter ending on 30-SEP-2010. Net Profit / (Loss) of Rs. 24044 lacs for the quarter ending on 30-SEP-2011 against Rs. 59824 lacs for the quarter ending on 30-SEP-2010.,,,"Results Update, Quarter ended, 30-SEP-2011 (Standalone)",-,29102011145600,-,-,False,,,,Automobiles - 4 Wheelers,INE585B01010,Maruti Suzuki India Limited,2011-10-29 14:56:00,MARUTI
29-Oct-2011 14:26:00,,https://nsearchives.nseindia.com/corporate/MARUTI_PR_29102011.zip,"Maruti Suzuki India Limited has informed the Exchange regarding a Press Release dated October 29, 2011, titled ""Maruti Suzuki Board approves land purchase for new facility in Gujarat""",,,Press Release,-,29102011142600,-,-,False,,,,Automobiles - 4 Wheelers,INE585B01010,Maruti Suzuki India Limited,2011-10-29 14:26:00,MARUTI
29-Oct-2011 14:23:55,,https://nsearchives.nseindia.com/corporate/MARUTI_30SEP2011_S_Q2H.zip,"Maruti Suzuki India Limited has submitted to the Exchange the Standalone Financial Results for the period ended September 30,2011.",,,Financial Result Updates,-,29102011142355,-,-,False,,,6130,Automobiles - 4 Wheelers,INE585B01010,Maruti Suzuki India Limited,2011-10-29 14:23:55,MARUTI
03-Oct-2011 07:49:00,,https://nsearchives.nseindia.com/corporate/MARUTI_pr_03102011.zip,"Maruti Suzuki India Limited  has informed the Exchange regarding a press release dated October 01, 2011, titled ""Maruti Suzuki Sales in Septembert 2011"".",,,Press Release,-,03102011074900,-,-,False,,,,Automobiles - 4 Wheelers,INE585B01010,Maruti Suzuki India Limited,2011-10-03 07:49:00,MARUTI
20-Sep-2011 11:14:00,,https://nsearchives.nseindia.com/corporate/MARUTI_minutesagm_20092011.zip,"Maruti Suzuki India Limited has submitted to the Exchange a copy of the minutes of the Annual General Meeting of the Company held on September 08, 2011.",,,Minutes of Annual General Meeting,-,20092011111400,-,-,False,,,,Automobiles - 4 Wheelers,INE585B01010,Maruti Suzuki India Limited,2011-09-20 11:14:00,MARUTI
02-Sep-2011 08:17:00,,https://nsearchives.nseindia.com/corporate/MARUTISUZUKI_PR_02092011.zip,"Maruti Suzuki India Limited has informed the Exchange regarding a press release dated September 01, 2011, titled ""Maruti Suzuki Sales in August 2011"".",,,Press Release,-,02092011081700,-,-,False,,,,Automobiles - 4 Wheelers,INE585B01010,Maruti Suzuki India Limited,2011-09-02 08:17:00,MARUTI
17-Aug-2011 13:16:00,,https://nsearchives.nseindia.com/corporate/MARUTI_pr_17082011.zip,"Maruti Suzuki India Limited has informed the Exchange regarding a press release dated August 17, 2011, titled ""Maruti Suzuki unveils the next generation all New Swift"".",,,Press Release,-,17082011131600,-,-,False,,,,Automobiles - 4 Wheelers,INE585B01010,Maruti Suzuki India Limited,2011-08-17 13:16:00,MARUTI
01-Aug-2011 11:10:00,,https://nsearchives.nseindia.com/corporate/MARUTI_PR_01082011.zip,"Maruti Suzuki India Limited has informed the Exchange regarding a press release dated August 01, 2011, titled ""Maruti Suzuki Sales in July 2011"".",,,Press Release,-,01082011111000,-,-,False,,,,Automobiles - 4 Wheelers,INE585B01010,Maruti Suzuki India Limited,2011-08-01 11:10:00,MARUTI
26-Jul-2011 12:53:28,,https://nsearchives.nseindia.com/corporate/MARUTI_30JUN2011_S_Q1.zip,"Maruti Suzuki India Limited has submitted to the Exchange the Standalone Financial Results for the period ended June 30,2011.",,,Financial Result Updates,-,26072011125328,-,-,False,,,4426,Automobiles - 4 Wheelers,INE585B01010,Maruti Suzuki India Limited,2011-07-26 12:53:28,MARUTI
26-Jul-2011 12:51:00,,https://nsearchives.nseindia.com/corporate/maruti_pr_26072011.zip,"Maruti Suzuki India Limited has informed the Exchange regarding a press release dated July 26, 2011, titled ""Maruti Suzuki Q1 2011-12 Financial results.""",,,Press Release,-,26072011125100,-,-,False,,,,Automobiles - 4 Wheelers,INE585B01010,Maruti Suzuki India Limited,2011-07-26 12:51:00,MARUTI
26-Jul-2011 12:44:00,,-,Maruti Suzuki India Limited has informed the Exchange regarding the standalone Results for the quarter ended on 30-JUN-2011 as follows: Net Sales of Rs. 836147 lacs for quarter ending on 30-JUN-2011 against Rs. 809039 lacs for the quarter ending on 30-JUN-2010. Net Profit / (Loss) of Rs. 54923 lacs for the quarter ending on 30-JUN-2011 against Rs. 46536 lacs for the quarter ending on 30-JUN-2010.,,,"Results Update, Quarter ended, 30-JUN-2011 (Standalone)",-,26072011124400,-,-,False,,,,Automobiles - 4 Wheelers,INE585B01010,Maruti Suzuki India Limited,2011-07-26 12:44:00,MARUTI
01-Jul-2011 10:27:00,,https://nsearchives.nseindia.com/corporate/Maruti_PR_01072011.zip,"Maruti Suzuki India Limited has informed the Exchange regarding a press release dated July 01, 2011, titled ""Maruti Suzuki Sales in June 2011""",,,Press Release,-,01072011102700,-,-,False,,,,Automobiles - 4 Wheelers,INE585B01010,Maruti Suzuki India Limited,2011-07-01 10:27:00,MARUTI
01-Jun-2011 10:29:00,,https://nsearchives.nseindia.com/corporate/MARUTI_PR_01062011.zip,"Maruti Suzuki India Limited has informed the Exchange regarding a press release dated June 01, 2011, titled ""Maruti Suzuki Sales in May 2011"".",,,Press Release,-,01062011102900,-,-,False,,,,Automobiles - 4 Wheelers,INE585B01010,Maruti Suzuki India Limited,2011-06-01 10:29:00,MARUTI
30-May-2011 16:20:00,,-,"Maruti Suzuki India Limited has informed the Exchange that the Annual General Meeting of the company is scheduled to be held on September 08, 2011 and the Register of Members/ Transfer Book of the Company shall remain closed from August 26, 2011 to September 08, 2011 (both days inclusive) for the purpose of determining the members entitled to receive dividend on equity shares, if declared, in the ensuing Annual General Meeting.",,,AGM / Book Closure,-,30052011162000,-,-,False,,,,Automobiles - 4 Wheelers,INE585B01010,Maruti Suzuki India Limited,2011-05-30 16:20:00,MARUTI
02-May-2011 10:32:00,,https://nsearchives.nseindia.com/corporate/MarutiSuzuki_pr_02052011.zip,"Maruti Suzuki India Limited has informed the Exchange regarding a press release dated May 02, 2011, titled ""Maruti Suzuki sales in April 2011.""",,,Press Release,-,02052011103200,-,-,False,,,,Automobiles - 4 Wheelers,INE585B01010,Maruti Suzuki India Limited,2011-05-02 10:32:00,MARUTI
25-Apr-2011 15:55:00,,-,"Maruti Suzuki India Limited has informed the Exchange that the dividend payment date is September 14, 2011 subject to the approval of the shareholders in the ensuing Annual General Meeting.",,,Date of payment of dividend,-,25042011155500,-,-,False,,,,Automobiles - 4 Wheelers,INE585B01010,Maruti Suzuki India Limited,2011-04-25 15:55:00,MARUTI
25-Apr-2011 14:45:00,,-,"Maruti Suzuki India Limited has informed the Exchange that the Board of Directors of the Company at their meeting held on April 25, 2011 have considered and recommended a final dividend aggregating Rs.21,668 lacs i.e. Rs.7.50 per share (Nominal value Rs.5.00 per share) for the financial year 2010-11.",,,Dividend,-,25042011144500,-,-,False,,,,Automobiles - 4 Wheelers,INE585B01010,Maruti Suzuki India Limited,2011-04-25 14:45:00,MARUTI
25-Apr-2011 14:42:00,,-,Maruti Suzuki India Limited has informed the Exchange regarding the standalone Results for the quarter ended on 31-MAR-2011 as follows: Net Sales of Rs. 990585 lacs for quarter ending on 31-MAR-2011 against Rs. 828082 lacs for the quarter ending on 31-MAR-2010. Net Profit / (Loss) of Rs. 65986 lacs for the quarter ending on 31-MAR-2011 against Rs. 65655 lacs for the quarter ending on 31-MAR-2010.,,,"Results Update, Quarter ended, 31-MAR-2011 (Standalone)",-,25042011144200,-,-,False,,,,Automobiles - 4 Wheelers,INE585B01010,Maruti Suzuki India Limited,2011-04-25 14:42:00,MARUTI
25-Apr-2011 14:40:00,,-,Maruti Suzuki India Limited has informed the Exchange regarding the consolidated Results for the year ended on 31-MAR-2011 as follows: Net Sales of Rs. 3681172 lacs for year ending on 31-MAR-2011 against Rs. 2959152 lacs for the year ending on 31-MAR-2010. Net Profit / (Loss) of Rs. 238237 lacs for the year ending on 31-MAR-2011 against Rs. 262464 lacs for the year ending on 31-MAR-2010.,,,"Results Update, Year ended, 31-MAR-2011 (Consolidated)",-,25042011144000,-,-,False,,,,Automobiles - 4 Wheelers,INE585B01010,Maruti Suzuki India Limited,2011-04-25 14:40:00,MARUTI
25-Apr-2011 14:39:00,,-,Maruti Suzuki India Limited has informed the Exchange regarding the standalone Results for the year ended on 31-MAR-2011 as follows: Net Sales of Rs. 3629974 lacs for year ending on 31-MAR-2011 against Rs. 2909885 lacs for the year ending on 31-MAR-2010. Net Profit / (Loss) of Rs. 228864 lacs for the year ending on 31-MAR-2011 against Rs. 249762 lacs for the year ending on 31-MAR-2010.,,,"Results Update, Year ended, 31-MAR-2011 (Standalone)",-,25042011143900,-,-,False,,,,Automobiles - 4 Wheelers,INE585B01010,Maruti Suzuki India Limited,2011-04-25 14:39:00,MARUTI
25-Apr-2011 14:38:00,,https://nsearchives.nseindia.com/corporate/MARUTI_PR123_25042011.zip,"Maruti Suzuki India Limited has informed the Exchange regarding a press release dated April 25, 2011, titled ""Maruti Suzuki financial results 2010-11.""",,,Press Release,-,25042011143800,-,-,False,,,,Automobiles - 4 Wheelers,INE585B01010,Maruti Suzuki India Limited,2011-04-25 14:38:00,MARUTI
25-Apr-2011 14:33:57,,https://nsearchives.nseindia.com/corporate/MARUTI_31MAR2011_B_Q4A.zip,"Maruti Suzuki India Limited has submitted to the Exchange the Standalone and Consolidated Financial Results for the period ended March 31,2011.",,,Financial Result Updates,-,25042011143357,-,-,False,,,2840,Automobiles - 4 Wheelers,INE585B01010,Maruti Suzuki India Limited,2011-04-25 14:33:57,MARUTI
06-Apr-2011 16:00:00,,https://nsearchives.nseindia.com/corporate/MARUTI_PR_06042011.zip,"Maruti Suzuki India Limited has informed the Exchange regarding a press release dated April 06, 2011, titled ""Maruti Suzuki to recall 13,157 Diesel engine cars"".",,,Press Release,-,06042011160000,-,-,False,,,,Automobiles - 4 Wheelers,INE585B01010,Maruti Suzuki India Limited,2011-04-06 16:00:00,MARUTI
01-Apr-2011 11:09:00,,https://nsearchives.nseindia.com/corporate/MARUTI_PR_01042011.zip,"Maruti Suzuki India Limited has informed the Exchange regarding a press release dated April 01, 2011, titled ""Maruti Suzuki sales in March 2011"".",,,Press Release,-,01042011110900,-,-,False,,,,Automobiles - 4 Wheelers,INE585B01010,Maruti Suzuki India Limited,2011-04-01 11:09:00,MARUTI
01-Mar-2011 10:31:00,,https://nsearchives.nseindia.com/corporate/MARUTISUZUKI_PR_01032011.zip,"Maruti Suzuki India Limited has informed the Exchange regarding a press release dated March 01, 2011, titled ""Maruti Suzuki sales in February 2011"".",,,Press Release,-,01032011103100,-,-,False,,,,Automobiles - 4 Wheelers,INE585B01010,Maruti Suzuki India Limited,2011-03-01 10:31:00,MARUTI
22-Feb-2011 13:12:00,,https://nsearchives.nseindia.com/corporate/Maruti_PR_22022011.zip,"Maruti Suzuki India Limited has informed the Exchange regarding a press release dated February 22, 2011, titled ""Maruti Suzuki unveils the much awaited SX4 Diesel 'Super Turbo' delivers 90PS power and 200Nm torque"".",,,Press Release,-,22022011131200,-,-,False,,,,Automobiles - 4 Wheelers,INE585B01010,Maruti Suzuki India Limited,2011-02-22 13:12:00,MARUTI
02-Feb-2011 13:13:00,,https://nsearchives.nseindia.com/corporate/Maruti_PR_02022011.zip,"Maruti Suzuki India Limited has informed the Exchange regarding a press release dated February 02, 2011 , titled ""Maruti Suzuki unveils its luxurious sporty sedan Kizashi"".",,,Press Release,-,02022011131300,-,-,False,,,,Automobiles - 4 Wheelers,INE585B01010,Maruti Suzuki India Limited,2011-02-02 13:13:00,MARUTI
01-Feb-2011 10:23:00,,https://nsearchives.nseindia.com/corporate/MARUTI_PR_01022011.zip,"Maruti Suzuki India Limited has informed the Exchange regarding a press release dated February 01, 2011, titled ""Maruti Suzuki sales in January 2011"".",,,Press Release,-,01022011102300,-,-,False,,,,Automobiles - 4 Wheelers,INE585B01010,Maruti Suzuki India Limited,2011-02-01 10:23:00,MARUTI
29-Jan-2011 13:18:00,,https://nsearchives.nseindia.com/corporate/MARUTISUZ_PR_28012011.zip,"Maruti Suzuki India Limited has informed the Exchange regarding a press release dated  January 29, 2011 , titled "" Maruti Suzuki Q3, 2010-11 financial results""",,,Press Release,-,29012011131800,-,-,False,,,,Automobiles - 4 Wheelers,INE585B01010,Maruti Suzuki India Limited,2011-01-29 13:18:00,MARUTI
29-Jan-2011 13:06:42,,https://nsearchives.nseindia.com/corporate/MARUTI_31DEC2010_S_Q3.zip,"Maruti Suzuki India Limited has submitted to the Exchange the Standalone Financial Results for the period ended December 31,2010.",,,Financial Result Updates,-,29012011130642,-,-,False,,,1850,Automobiles - 4 Wheelers,INE585B01010,Maruti Suzuki India Limited,2011-01-29 13:06:42,MARUTI
29-Jan-2011 13:00:00,,-,Maruti Suzuki India Limited has informed the Exchange regarding the standalone Results for the quarter ended on 31-DEC-2010 as follows: Net Sales of Rs. 927673 lacs for quarter ending on 31-DEC-2010 against Rs. 737265 lacs for the quarter ending on 31-DEC-2009. Net Profit / (Loss) of Rs. 56517 lacs for the quarter ending on 31-DEC-2010 against Rs. 68753 lacs for the quarter ending on 31-DEC-2009.,,,"Results Update, Quarter ended, 31-DEC-2010 (Standalone)",-,29012011130000,-,-,False,,,,Automobiles - 4 Wheelers,INE585B01010,Maruti Suzuki India Limited,2011-01-29 13:00:00,MARUTI
04-Jan-2011 10:25:00,,https://nsearchives.nseindia.com/corporate/MARUTISUZUKI_PR_04012011.zip,"Maruti Suzuki India Limited has informed the Exchange regarding a press release dated January 04, 2011, titled ""Maruti Suzuki sales in December 2010"".",,,Press Release,-,04012011102500,-,-,False,,,,Automobiles - 4 Wheelers,INE585B01010,Maruti Suzuki India Limited,2011-01-04 10:25:00,MARUTI
01-Dec-2010 10:26:00,,https://nsearchives.nseindia.com/corporate/Marutisuzuki_PR_01122010.ZIP,"Maruti Suzuki India Limited has informed the Exchange regarding a press release dated December 01, 2010, titled ""Maruti Suzuki sales in November 2010"".",,,Press Release,-,01122010102600,-,-,False,,,,Automobiles - 4 Wheelers,INE585B01010,Maruti Suzuki India Limited,2010-12-01 10:26:00,MARUTI
01-Nov-2010 10:35:00,,https://nsearchives.nseindia.com/corporate/MARUTI_pr_01112010.zip,"Maruti Suzuki India Limited has informed the Exchange regarding a press release dated November 01, 2010, titled ""Maruti Suzuki sales in October 2010"".",,,Press Release,-,01112010103500,-,-,False,,,,Automobiles - 4 Wheelers,INE585B01010,Maruti Suzuki India Limited,2010-11-01 10:35:00,MARUTI
30-Oct-2010 14:02:00,,https://nsearchives.nseindia.com/corporate/MARUTI_pr_30102010.zip,"Maruti Suzuki India Limited has informed the Exchange regarding a press release dated October 30, 2010, titled ""Maruti Suzuki financial results (Q2-FY2010-11)"".",,,Press Release,-,30102010140200,-,-,False,,,,Automobiles - 4 Wheelers,INE585B01010,Maruti Suzuki India Limited,2010-10-30 14:02:00,MARUTI
30-Oct-2010 13:41:00,,-,Maruti Suzuki India Limited has informed the Exchange regarding the standalone Results for the quarter ended on 30-SEP-2010 as follows: Net Sales of Rs. 897737 lacs for quarter ending on 30-SEP-2010 against Rs. 708067 lacs for the quarter ending on 30-SEP-2009. Net Profit / (Loss) of Rs. 59824 lacs for the quarter ending on 30-SEP-2010 against Rs. 57000 lacs for the quarter ending on 30-SEP-2009.,,,"Results Update, Quarter ended, 30-SEP-2010 (Standalone)",-,30102010134100,-,-,False,,,,Automobiles - 4 Wheelers,INE585B01010,Maruti Suzuki India Limited,2010-10-30 13:41:00,MARUTI
30-Oct-2010 13:27:04,,https://nsearchives.nseindia.com/corporate/MARUTI_30SEP2010_S_Q2H.zip,"Maruti Suzuki India Limited has submitted to the Exchange the Standalone Financial Results for the period ended September 30,2010.",,,Financial Result Updates,-,30102010132704,-,-,False,,,659,Automobiles - 4 Wheelers,INE585B01010,Maruti Suzuki India Limited,2010-10-30 13:27:04,MARUTI
01-Oct-2010 10:04:00,,https://nsearchives.nseindia.com/corporate/MARUTI_PR_01102010.zip,"Maruti Suzuki India Limited has informed the Exchange regarding a press release dated October 01, 2010, titled ""Maruti Suzuki sales in September 2010"".",,,Press Release,-,01102010100400,-,-,False,,,,Automobiles - 4 Wheelers,INE585B01010,Maruti Suzuki India Limited,2010-10-01 10:04:00,MARUTI
23-Sep-2010 16:59:00,,-,"MARUTI     : Maruti Suzuki India Limited has informed the Exchange that pursuant to the circular resolutions dated September 21, 2010, the following mentioned directors have been re-appointed for a further period of 3 (three) years: (1) Name of Director : Mr. Shinzo Nakanishi, Designation : Managing Director & CEO with effect from December 19, 2010. (2) Name of Director : Mr. Tsuneo Ohashi, Designation-Director and Managing Executive Officer (Production) with effect from January 01, 2011. (3) Name of Director : Mr. Keiichi Asai, Designation-Director and Managing Executive Officer (Engineering) with effect from January 29, 2011.",,,Reappointment,-,23092010165900,-,-,False,,,,Automobiles - 4 Wheelers,INE585B01010,Maruti Suzuki India Limited,2010-09-23 16:59:00,MARUTI
07-Sep-2010 19:08:00,,https://nsearchives.nseindia.com/corporate/MarutiSuzuki_pr_07092010.zip,"Maruti Suzuki India Limited has informed the Exchange regarding a press release dated September 07, 2010, titled ""Maruti Suzuki to establish new plant at Manesar"".",,,Press Release,-,07092010190800,-,-,False,,,,Automobiles - 4 Wheelers,INE585B01010,Maruti Suzuki India Limited,2010-09-07 19:08:00,MARUTI
01-Sep-2010 18:23:00,,https://nsearchives.nseindia.com/corporate/marutisuzuki_pr_01092010.ZIP,"Maruti Suzuki India Limited has informed the Exchange regarding a Press Release dated September 01, 2010, titled ""Maruti Suzuki responds to Prime Minister appeal for Contribution for Ladakh Calamity Relief"".",,,Press Release,-,01092010182300,-,-,False,,,,Automobiles - 4 Wheelers,INE585B01010,Maruti Suzuki India Limited,2010-09-01 18:23:00,MARUTI
01-Sep-2010 16:45:00,,https://nsearchives.nseindia.com/corporate/maruti_pr02_01092010.zip,"Maruti Suzuki India Limited has informed the Exchange regarding a Press Release dated September 01, 2010, titled ""Limited edition of Swift launched by Maruti Suzuki"".",,,Press Release,-,01092010164500,-,-,False,,,,Automobiles - 4 Wheelers,INE585B01010,Maruti Suzuki India Limited,2010-09-01 16:45:00,MARUTI
01-Sep-2010 10:09:00,,https://nsearchives.nseindia.com/corporate/MARUTI_pr_01092010.zip,"Maruti Suzuki India Limited has informed the Exchange regarding a Press Release dated September 01, 2010 titled ""Maruti Suzuki sales in August 2010"".",,,Press Release,-,01092010100900,-,-,False,,,,Automobiles - 4 Wheelers,INE585B01010,Maruti Suzuki India Limited,2010-09-01 10:09:00,MARUTI
27-Aug-2010 18:08:00,,https://nsearchives.nseindia.com/corporate/maruti_pr_27082010.zip,"Maruti Suzuki India Limited has informed the Exchange regarding a press release dated  August 27, 2010 titled ""Maruti Suzuki to unveil Ritz Genus Special Limited edition to coincide with first anniversary"".",,,Press Release,-,27082010180800,-,-,False,,,,Automobiles - 4 Wheelers,INE585B01010,Maruti Suzuki India Limited,2010-08-27 18:08:00,MARUTI
14-Aug-2010 17:06:00,,-,"Maruti Suzuki India Limited has informed the Exchange that subject to the approval of shareholders in the ensuing Annual General Meeting scheduled to be held on September 07, 2010,  dividend shall be paid on and after September 14, 2010.",,,Date of payment of dividend,-,14082010170600,-,-,False,,,,Automobiles - 4 Wheelers,INE585B01010,Maruti Suzuki India Limited,2010-08-14 17:06:00,MARUTI
13-Aug-2010 16:20:00,,https://nsearchives.nseindia.com/corporate/Maruti_PR_13082010.zip,"Maruti Suzuki India Limited has informed the Exchange regarding a press release dated August 13, 2010, titled ""Maruti Suzuki introduces next generation CNG technology"".",,,Press Release,-,13082010162000,-,-,False,,,,Automobiles - 4 Wheelers,INE585B01010,Maruti Suzuki India Limited,2010-08-13 16:20:00,MARUTI
04-Aug-2010 13:04:00,,https://nsearchives.nseindia.com/corporate/MarutiSuzuki_pr_04082010.ZIP,"Maruti Suzuki India Limited has informed the Exchange regarding a press release dated August 04, 2010, titled ""Maruti Suzuki launches Alto-K10"".",,,Press Release,-,04082010130400,-,-,False,,,,Automobiles - 4 Wheelers,INE585B01010,Maruti Suzuki India Limited,2010-08-04 13:04:00,MARUTI
04-Aug-2010 09:53:00,,-,"Maruti Suzuki India Limited has informed the Exchange that the Annual General Meeting of the company is scheduled to be held on September 07, 2010 and the Register of Members/ Transfer Book of the Company shall remain closed from August 26, 2010 to September 07, 2010 (both days inclusive) for the purpose of determining the members entitled to receive dividend on equity shares, if declared in the ensuing Annual General Meeting.",,,AGM/Book Closure,-,04082010095300,-,-,False,,,,Automobiles - 4 Wheelers,INE585B01010,Maruti Suzuki India Limited,2010-08-04 09:53:00,MARUTI
03-Aug-2010 08:27:00,,https://nsearchives.nseindia.com/corporate/MARUTI_pr_03082010.zip,"Maruti Suzuki India Limited has informed the Exchange regarding a press release dated August 02, 2010, titled ""Price revision"".",,,Press Release,-,03082010082700,-,-,False,,,,Automobiles - 4 Wheelers,INE585B01010,Maruti Suzuki India Limited,2010-08-03 08:27:00,MARUTI
02-Aug-2010 10:13:00,,https://nsearchives.nseindia.com/corporate/marutisuzuki_pr_02082010.zip,"Maruti Suzuki India Limited has informed the Exchange regarding a Press Release dated August 02, 2010 titled ""Maruti Suzuki sales in July 2010"".",,,Press Release,-,02082010101300,-,-,False,,,,Automobiles - 4 Wheelers,INE585B01010,Maruti Suzuki India Limited,2010-08-02 10:13:00,MARUTI
26-Jul-2010 08:24:00,,-,Maruti Suzuki India Limited has informed the Exchange regarding the standalone Results for the quarter ended on 30-JUN-2010 as follows: Net Sales of Rs. 805067 lacs for quarter ending on 30-JUN-2010 against Rs. 636471 lacs for the quarter ending on 30-JUN-2009. Net Profit / (Loss) of Rs. 46536 lacs for the quarter ending on 30-JUN-2010 against Rs. 58354 lacs for the quarter ending on 30-JUN-2009.,,,"Results Update, Quarter ended, 30-JUN-2010 (Standalone)",-,26072010082400,-,-,False,,,,Automobiles - 4 Wheelers,INE585B01010,Maruti Suzuki India Limited,2010-07-26 08:24:00,MARUTI
26-Jul-2010 08:16:00,,https://nsearchives.nseindia.com/corporate/MARUTI_pr_26072010.zip,"Maruti Suzuki India Limited has informed the Exchange regarding a Press Release dated July 24, 2010 titled ""Maruti Suzuki Q1 2010-11 Financial Results"".",,,Press Release,-,26072010081600,-,-,False,,,,Automobiles - 4 Wheelers,INE585B01010,Maruti Suzuki India Limited,2010-07-26 08:16:00,MARUTI
01-Jul-2010 10:07:00,,https://nsearchives.nseindia.com/corporate/Maruti_PR_01072010.zip,"Maruti Suzuki India Limited has informed the Exchange regarding a Press Release dated July 01, 2010 titled ""Maruti Suzuki sales in June 2010"".",,,Press Release,-,01072010100700,-,-,False,,,,Automobiles - 4 Wheelers,INE585B01010,Maruti Suzuki India Limited,2010-07-01 10:07:00,MARUTI
01-Jun-2010 10:32:00,,https://nsearchives.nseindia.com/corporate/MARUTI_pr_01062010.zip,"Maruti Suzuki India Limited has informed the Exchange regarding a press release dated June 01, 2010, titled ""Maruti Suzuki Sales in May 2010"".",,,Press Release,-,01062010103200,-,-,False,,,,Automobiles - 4 Wheelers,INE585B01010,Maruti Suzuki India Limited,2010-06-01 10:32:00,MARUTI
03-May-2010 08:30:00,,https://nsearchives.nseindia.com/corporate/Maruti_PR_03052010.zip,"Maruti Suzuki India Limited has informed the Exchange regarding a press release dated May 01, 2010, titled ""Maruti Suzuki Sales in April 2010"".",,,Press Release,-,03052010083000,-,-,False,,,,Automobiles - 4 Wheelers,INE585B01010,Maruti Suzuki India Limited,2010-05-03 08:30:00,MARUTI
26-Apr-2010 13:58:00,,-,"Maruti Suzuki India Limited has informed the Exchange that the Board of Directors at their meeting held on April 26, 2010 considered and recommended a final dividend of Rs.6 per share (Nominal value Rs.5.00 per share) for the financial year 2009-10.",,,Final Dividend,-,26042010135800,-,-,False,,,,Automobiles - 4 Wheelers,INE585B01010,Maruti Suzuki India Limited,2010-04-26 13:58:00,MARUTI
26-Apr-2010 13:55:00,,-,"Maruti Suzuki India Limited has informed the Exchange regarding a press release dated April 26, 2010, titled ""Maruti Suzuki Net Profit up 105% in 2009-10"". A copy of the press release shall be available on the NSE website (http://www.nseindia.com) under: Corporates > Latest Announcements and on the Extranet Server (/Common/Corporate Announcements).<a href=/content/corporate/Maruti_PR_26042010.zip target=NEW> For more details click here.</a>",,,Press Release,-,26042010135500,-,-,False,,,,Automobiles - 4 Wheelers,INE585B01010,Maruti Suzuki India Limited,2010-04-26 13:55:00,MARUTI
26-Apr-2010 13:52:00,,-,Maruti Suzuki India Limited has informed the Exchange regarding the consolidated Results for the year ended on 31-MAR-2010 as follows: Net Sales of Rs. 2930281 lacs for year ending on 31-MAR-2010 against Rs. 2066384 lacs for the year ending on 31-MAR-2009. Net Profit / (Loss) of Rs. 262464 lacs for the year ending on 31-MAR-2010 against Rs. 122745 lacs for the year ending on 31-MAR-2009.,,,"Results Update, Year ended, 31-MAR-2010 (Consolidated)",-,26042010135200,-,-,False,,,,Automobiles - 4 Wheelers,INE585B01010,Maruti Suzuki India Limited,2010-04-26 13:52:00,MARUTI
26-Apr-2010 13:51:00,,-,Maruti Suzuki India Limited has informed the Exchange regarding the standalone Results for the year ended on 31-MAR-2010 as follows: Net Sales of Rs. 2895847 lacs for year ending on 31-MAR-2010 against Rs. 2045533 lacs for the year ending on 31-MAR-2009. Net Profit / (Loss) of Rs. 249762 lacs for the year ending on 31-MAR-2010 against Rs. 121874 lacs for the year ending on 31-MAR-2009.,,,"Results Update, Year ended, 31-MAR-2010 (Standalone)",-,26042010135100,-,-,False,,,,Automobiles - 4 Wheelers,INE585B01010,Maruti Suzuki India Limited,2010-04-26 13:51:00,MARUTI
26-Apr-2010 13:49:00,,-,Maruti Suzuki India Limited has informed the Exchange regarding the standalone Results for the quarter ended on 31-MAR-2010 as follows: Net Sales of Rs. 823486 lacs for quarter ending on 31-MAR-2010 against Rs. 633437 lacs for the quarter ending on 31-MAR-2009. Net Profit / (Loss) of Rs. 65655 lacs for the quarter ending on 31-MAR-2010 against Rs. 24313 lacs for the quarter ending on 31-MAR-2009.,,,"Results Update, Quarter ended, 31-MAR-2010 (Standalone)",-,26042010134900,-,-,False,,,,Automobiles - 4 Wheelers,INE585B01010,Maruti Suzuki India Limited,2010-04-26 13:49:00,MARUTI
23-Apr-2010 13:42:00,,-,"Maruti Suzuki India Limited has informed the Exchange regarding a press release dated April 23, 2010, titled ""Maruti Suzuki launches all-new WagonR-the blue eyed boy"". A copy of the press release shall be available on the NSE website (http://www.nseindia.com) under: Corporates > Latest Announcements and on the Extranet Server (/Common/Corporate Announcements).<a href=/content/corporate/maruti_pr_23042010.zip target=NEW> For more details click here.</a>",,,Press Release,-,23042010134200,-,-,False,,,,Automobiles - 4 Wheelers,INE585B01010,Maruti Suzuki India Limited,2010-04-23 13:42:00,MARUTI
05-Apr-2010 10:44:00,,-,"Maruti Suzuki India Limited has informed the Exchange regarding a press release dated April 2, 2010, titled ""Price revision"". A copy of the press release shall be available on the NSE website (http://www.nseindia.com) under: Corporates > Latest Announcements and on the Extranet Server (/Common/Corporate Announcements).<a href=/content/corporate/maruti_pr_05042010.zip target=NEW> For more details click here.</a>",,,Press Release,-,05042010104400,-,-,False,,,,Automobiles - 4 Wheelers,INE585B01010,Maruti Suzuki India Limited,2010-04-05 10:44:00,MARUTI
01-Apr-2010 10:42:00,,-,"Maruti Suzuki India Limited has informed the Exchange regarding a press release dated April 1, 2010, titled ""Maruti Suzuki sales in 2009-10"". A copy of the press release shall be available on the NSE website (http://www.nseindia.com) under: Corporates > Latest Announcements and on the Extranet Server (/Common/Corporate Announcements).<a href=/content/corporate/Maruti_pr_01042010.zip target=NEW> For more details click here.</a>",,,Press Release,-,01042010104200,-,-,False,,,,Automobiles - 4 Wheelers,INE585B01010,Maruti Suzuki India Limited,2010-04-01 10:42:00,MARUTI
23-Mar-2010 13:51:00,,-,"Maruti Suzuki India Limited has informed the Exchange regarding a press release dated March 23, 2010, titled ""Maruti Suzuki manufactures 10 lakh units in 2009-10"". A copy of the press release shall be available on the NSE website (http://www.nseindia.com) under: Corporates > Latest Announcements and on the Extranet Server (/Common/Corporate Announcements).<a href=/content/corporate/maruti_pr_23032010.zip target=NEW> For more details click here.</a>",,,Press Release,-,23032010135100,-,-,False,,,,Automobiles - 4 Wheelers,INE585B01010,Maruti Suzuki India Limited,2010-03-23 13:51:00,MARUTI
02-Mar-2010 10:34:00,,-,"Maruti Suzuki India Limited has informed the Exchange regarding a press release dated March 02, 2010, titled ""Maruti Suzuki sales in February 2010"". A copy of the press release shall be available on the NSE website http://www.nseindia.com) under: Corporates > Latest announcements and on the Extranet Server (/Common/Corporate Announcements).<a href=/content/corporate/maruti_pr_02032010.zip target=NEW> For more details click here.</a>",,,Press Release,-,02032010103400,-,-,False,,,,Automobiles - 4 Wheelers,INE585B01010,Maruti Suzuki India Limited,2010-03-02 10:34:00,MARUTI
26-Feb-2010 17:05:00,,-,"Maruti Suzuki India Limited has informed the Exchange regarding a press release dated February 26, 2010: ""Subsequent to Company announcement on price revision of Maruti Suzuki vehicles today, kindly note that the new prices will be applicable with effect from midnight of 26-27th February 2010"".",,,Press Release,-,26022010170500,-,-,False,,,,Automobiles - 4 Wheelers,INE585B01010,Maruti Suzuki India Limited,2010-02-26 17:05:00,MARUTI
26-Feb-2010 15:46:00,,-,"Maruti Suzuki India Limited has informed the Exchange regarding a press release dated February 26, 2010 : "" Following the increase in excise duty on cars by 2%, as announced in the Union Budget today, Maruti Suzuki has accordingly revised prices of its models. The increase in prices of various models will range between Rs. 3,000 and Rs. 13,000 (ex-showroom, Delhi). The new prices are applicable with immediate effect"".",,,Press Release,-,26022010154600,-,-,False,,,,Automobiles - 4 Wheelers,INE585B01010,Maruti Suzuki India Limited,2010-02-26 15:46:00,MARUTI
01-Feb-2010 10:26:00,,-,"Maruti Suzuki India Limited has informed the Exchange regarding a press release dated February 01, 2010, titled ""Maruti Suzuki Sales in January 2010"". A copy of the press release shall be available on the NSE website (http://www.nseindia.com) under: Corporates > Latest Announcements and on the Extranet Server (/Common/Corporate Announcements).<a href=/content/corporate/MARURI_pr_01022010.ZIP target=NEW> For more details click here.</a>",,,Press Release,-,01022010102600,-,-,False,,,,Automobiles - 4 Wheelers,INE585B01010,Maruti Suzuki India Limited,2010-02-01 10:26:00,MARUTI
23-Jan-2010 13:14:00,,-,"Maruti Suzuki India Limited has informed the Exchange regarding a press release dated January 23, 2010 titled ""Maruti Suzuki financial results"". A copy of the press release shall be available on the NSE website (http://www.nseindia.com) under: Corporates > Latest Announcements and on the Extranet Server (/Common/Corporate Announcements). <a href=/content/corporate/maruti_UP_23012010.zip target=NEW> For more details click here.</a>",,,Press Release,-,23012010131400,-,-,False,,,,Automobiles - 4 Wheelers,INE585B01010,Maruti Suzuki India Limited,2010-01-23 13:14:00,MARUTI
23-Jan-2010 13:03:00,,-,Maruti Suzuki India Limited has informed the Exchange regarding the standalone Results for the quarter ended on 31-DEC-2009 as follows: Net Sales of Rs. 737265 lacs for quarter ending on 31-DEC-2009 against Rs. 453712 lacs for the quarter ending on 31-DEC-2008. Net Profit / (Loss) of Rs. 68753 lacs for the quarter ending on 31-DEC-2009 against Rs. 21357 lacs for the quarter ending on 31-DEC-2008.,,,"Results Update, Quarter ended, 31-DEC-2009 (Standalone)",-,23012010130300,-,-,False,,,,Automobiles - 4 Wheelers,INE585B01010,Maruti Suzuki India Limited,2010-01-23 13:03:00,MARUTI
18-Jan-2010 10:39:00,,-,"Maruti Suzuki India Limited has informed the Exchange regarding a press release, dated January 16, 2010, titled ""Maruti Suzuki Prices"". Further the Company has issued corrigendum to press release dated January 16, 2010.  A copy of the press release and corrigendum shall be available on the NSE website (http://www.nseindia.com) under: Corporates > Latest Announcements and on the Extranet Server (/Common/Corporate Announcements).<a href=/content/corporate/marutirev_pr_18012010.zip target=NEW> For more details click here.</a>",,,Press Release,-,18012010103900,-,-,False,,,,Automobiles - 4 Wheelers,INE585B01010,Maruti Suzuki India Limited,2010-01-18 10:39:00,MARUTI
05-Jan-2010 10:59:00,,-,"Maruti Suzuki India Limited has informed the Exchange regarding a two press releases,  dated January 05, 2010, titled ""World premiere of Maruti Suzuki compact MPV Concept rIII"" and ""Concept rIII Maruti Suzuki's next-gen compact Multi Purpose Vehicle"". A copy of the press releases shall be available on the NSE website (http://www.nseindia.com) under: Corporates > Latest Announcements and on the Extranet Server (/Common/Corporate Announcements).<a href=/content/corporate/maruti_PR_05012010.zip target=NEW> For more details click here.</a>",,,Press Release,-,05012010105900,-,-,False,,,,Automobiles - 4 Wheelers,INE585B01010,Maruti Suzuki India Limited,2010-01-05 10:59:00,MARUTI
01-Jan-2010 10:25:00,,-,"Maruti Suzuki India Limited has informed the Exchange regarding a press release dated January 01, 2010, titled ""Maruti Suzuki sales in December 2009"". A copy of the press release shall be available on the NSE website (http://www.nseindia.com) under: Corporates > Latest Announcements and on the Extranet Server (/Common/Corporate Announcements).<a href=/content/corporate/Maruti_pr_01012010.zip target=NEW> For more details click here.</a>",,,Press Release,-,01012010102500,-,-,False,,,,Automobiles - 4 Wheelers,INE585B01010,Maruti Suzuki India Limited,2010-01-01 10:25:00,MARUTI
24-Dec-2009 11:21:00,,-,"Maruti Suzuki India Limited has informed the Exchange regarding a press release dated December 24, 2009, titled ""Maruti Suzuki plans world premiere for first compact MPV Concept at Auto Expo 2010"". A copy of the press release shall be available on the NSE website (http://www.nseindia.com) under: Corporates > Latest Announcements and on the Extranet Server (/Common/Corporate Announcements).<a href=/content/corporate/Maruti_pressrelease_24122009.zip target=NEW> For more details click here.</a>",,,Press Release,-,24122009112100,-,-,False,,,,Automobiles - 4 Wheelers,INE585B01010,Maruti Suzuki India Limited,2009-12-24 11:21:00,MARUTI
01-Dec-2009 10:10:00,,-,"Maruti Suzuki India Limited has informed the Exchange regarding a press release dated December 01, 2009, titled ""Maruti Suzuki sales in November 2009"". A copy of the press release shall be available on the NSE website (http://www.nseindia.com) under: Corporates > Latest Announcements and on the Extranet Server (/Common/Corporate Announcements).<a href=/content/corporate/Maruti_PR_01122009.zip target=NEW> For more details click here.</a>",,,Press Release,-,01122009101000,-,-,False,,,,Automobiles - 4 Wheelers,INE585B01010,Maruti Suzuki India Limited,2009-12-01 10:10:00,MARUTI
10-Nov-2009 16:48:00,,-,"Maruti Suzuki India Limited has informed the Exchange regarding a press release dated November 10, 2009, titled ""Uttarakhand CM dedicates Maruti Suzuki IDTR to citizens"". A copy of the press release shall be available on the NSE website (http://www.nseindia.com) under: Corporates > Latest Announcements and on the Extranet Server (/Common/Corporate Announcements).<a href=/content/corporate/Maruti_PR_10112009.zip target=NEW> For more details click here.</a>",,,Press Release,-,10112009164800,-,-,False,,,,Automobiles - 4 Wheelers,INE585B01010,Maruti Suzuki India Limited,2009-11-10 16:48:00,MARUTI
02-Nov-2009 15:00:00,,-,"Maruti Suzuki India Limited has informed the Exchange regarding a press release dated Novemeber 02, 2009, titled ""Maruti Suzuki sales in October 2009"". A copy of the press release shall be available on the NSE website (http://www.nseindia.com) under: Corporates > Latest Announcements and on the Extranet Server (/Common/Corporate Announcements).<a href=/content/corporate/Maruti_PR_02112009.zip target=NEW> For more details click here.</a>",,,Press Release,-,02112009150000,-,-,False,,,,Automobiles - 4 Wheelers,INE585B01010,Maruti Suzuki India Limited,2009-11-02 15:00:00,MARUTI
26-Oct-2009 17:29:00,,-,"Maruti Suzuki India Limited has informed the Exchange regarding a press release dated October 26, 2009, titled ""Maruti Suzuki launches new SX4 with VVT engine and automatic transmission"". A copy of the press release shall be available on the NSE website (http://www.nseindia.com) under: Corporates > Latest Announcements and on the Extranet Server (/Common/Corporate Announcements).<a href=/content/corporate/MARUTI_pr_26102009.zip target=NEW> For more details click here.</a>",,,Press Release,-,26102009172900,-,-,False,,,,Automobiles - 4 Wheelers,INE585B01010,Maruti Suzuki India Limited,2009-10-26 17:29:00,MARUTI
24-Oct-2009 13:50:00,,-,Maruti Suzuki India Limited has informed the Exchange regarding the standalone Results for the half year ended on 30-SEP-2009 as follows: Net Sales of Rs. 1344538 lacs for half year ending on 30-SEP-2009 against Rs. 958384 lacs for the half year ending on 30-SEP-2008. Net Profit / (Loss) of Rs. 115354 lacs for the half year ending on 30-SEP-2009 against Rs. 76197 lacs for the half year ending on 30-SEP-2008.,,,"Results Update, Half Year ended, 30-SEP-2009 (Standalone)",-,24102009135000,-,-,False,,,,Automobiles - 4 Wheelers,INE585B01010,Maruti Suzuki India Limited,2009-10-24 13:50:00,MARUTI
24-Oct-2009 13:49:00,,-,Maruti Suzuki India Limited has informed the Exchange regarding the standalone Results for the quarter ended on 30-SEP-2009 as follows: Net Sales of Rs. 708067 lacs for quarter ending on 30-SEP-2009 against Rs. 483026 lacs for the quarter ending on 30-SEP-2008. Net Profit / (Loss) of Rs. 57000 lacs for the quarter ending on 30-SEP-2009 against Rs. 29612 lacs for the quarter ending on 30-SEP-2008.,,,"Results Update, Quarter ended, 30-SEP-2009 (Standalone)",-,24102009134900,-,-,False,,,,Automobiles - 4 Wheelers,INE585B01010,Maruti Suzuki India Limited,2009-10-24 13:49:00,MARUTI
24-Oct-2009 13:45:00,,-,"Maruti Suzuki India Limited has informed the Exchange regarding a press release dated October 24, 2009, titled ""Maruti Suzuki financial results, Demand driven by government stimulus"". A copy of the press release shall be available on the NSE website (http://www.nseindia.com) under: Corporates > Latest Announcements and on the Extranet Server (/Common/Corporate Announcements).<a href=/content/corporate/MARUTI_pr_24102009.zip target=NEW> For more details click here.</a>",,,Press Release,-,24102009134500,-,-,False,,,,Automobiles - 4 Wheelers,INE585B01010,Maruti Suzuki India Limited,2009-10-24 13:45:00,MARUTI
01-Oct-2009 09:59:00,,-,"Maruti Suzuki India Limited has informed the Exchange regarding a press release dated October 01, 2009, titled ""Maruti Suzuki sales in September 2009"". A copy of the press release shall be available on the NSE website (http://www.nseindia.com) under: Corporates > Latest Announcements and on the Extranet Server (/Common/Corporate Announcements).<a href=/content/corporate/Maruti_PR_01102009.zip target=NEW> For more details click here.</a>",,,Press Release,-,01102009095900,-,-,False,,,,Automobiles - 4 Wheelers,INE585B01010,Maruti Suzuki India Limited,2009-10-01 09:59:00,MARUTI
30-Sep-2009 15:46:00,,-,"Maruti Suzuki India Limited has submitted to the Exchange a copy of the minutes of the Annual General Meeting of the Company held on September 02, 2009. A copy of the same shall be available on the NSE website   (http://www.nseindia.com) under: Corporates > Latest Announcements and on the Extranet Server (/Common/Corporate Announcements).<a href=/content/corporate/Maruti_AGM_30092009.zip target=NEW> For more details click here.</a>",,,Minutes of AGM,-,30092009154600,-,-,False,,,,Automobiles - 4 Wheelers,INE585B01010,Maruti Suzuki India Limited,2009-09-30 15:46:00,MARUTI
07-Sep-2009 09:12:00,,-,"Maruti Suzuki India Limited has informed the Exchange regarding a press release dated September 05, 2009, titled ""Maruti Suzuki Production Facilities"". A copy of the press release shall be available on the NSE website (http://www.nseindia.com) under: Corporates > Latest Announcements and on the Extranet Server (/Common/Corporate Announcements).<a href=/content/corporate/Maruti_PR_07092009.zip target=NEW> For more details click here.</a>",,,Press Release,-,07092009091200,-,-,False,,,,Automobiles - 4 Wheelers,INE585B01010,Maruti Suzuki India Limited,2009-09-07 09:12:00,MARUTI
02-Sep-2009 16:32:00,,-,"Maruti Suzuki India Limited has informed the Exchange regarding a press release dated September 02, 2009, titled ""Maruti Suzuki battles slowdown, expects to emerge stronger"". A copy of the press release shall be available on the NSE website (http://www.nseindia.com) under: Corporates > Latest Announcements and on the Extranet Server (/Common/Corporate Announcements).<a href=/content/corporate/MARUTI_PR_02092009.zip target=NEW> For more details click here.</a>",,,Press Release,-,02092009163200,-,-,False,,,,Automobiles - 4 Wheelers,INE585B01010,Maruti Suzuki India Limited,2009-09-02 16:32:00,MARUTI
01-Sep-2009 10:22:00,,-,"Maruti Suzuki India Limited has informed the Exchange regarding a press release dated September 01, 2009, titled ""Maruti Suzuki sales in August 2009"". A copy of the press release shall be available on the NSE website (http://www.nseindia.com) under: Corporates > Latest Announcements and on the Extranet Server (/Common/Corporate Announcements).<a href=/content/corporate/Maruti_pr_01092009.zip target=NEW> For more details click here.</a>",,,Press Release,-,01092009102200,-,-,False,,,,Automobiles - 4 Wheelers,INE585B01010,Maruti Suzuki India Limited,2009-09-01 10:22:00,MARUTI
25-Aug-2009 13:34:00,,-,"Maruti Suzuki India Limited has informed the Exchange regarding a press release dated August 25, 2009, titled ""Maruti Suzuki launches Estilo with K-series engine and bold new design"". A copy of the press release shall be available on the NSE website (http://www.nseindia.com) under: Corporates > Latest Announcements and on the Extranet Server (/Common/Corporate Announcements).<a href=/content/corporate/Maruti_PR_25082009.zip target=NEW> For more details click here.</a>",,,Press Release,-,25082009133400,-,-,False,,,,Automobiles - 4 Wheelers,INE585B01010,Maruti Suzuki India Limited,2009-08-25 13:34:00,MARUTI
21-Aug-2009 19:16:00,,-,"Maruti Suzuki India Limited has informed the Exchange regarding a press release dated August 21, 2009, titled ""Haryana allots 700 acres to Maruti Suzuki for hi-tech R&D complex at Rohtak"". A copy of the press release shall be available on the NSE website (http://www.nseindia.com) under: Corporates > Latest Announcements and on the Extranet Server (/Common/Corporate Announcements).<a href=/content/corporate/Maruti_pr_21082009.zip target=NEW> For more details click here.</a>",,,Press Release,-,21082009191600,-,-,False,,,,Automobiles - 4 Wheelers,INE585B01010,Maruti Suzuki India Limited,2009-08-21 19:16:00,MARUTI
13-Aug-2009 09:31:00,,-,"Maruti Suzuki India Limited has informed the Exchange that the auditors have conducted the limited review for the un-audited financial results for the quarter ended June 30,2009. A copy of the same shall be available on the NSE website (http://www.nseindia.com) under: Corporates > Latest Announcements and on the Extranet Server (/Common/Corporate Announcements).<a href=/content/corporate/MARUTI_LR_13082009.zip target=NEW> For more details click here.</a>",,,Limited Review Report,-,13082009093100,-,-,False,,,,Automobiles - 4 Wheelers,INE585B01010,Maruti Suzuki India Limited,2009-08-13 09:31:00,MARUTI
06-Aug-2009 15:59:00,,-,"Maruti Suzuki India Limited has informed the Exchange that subject to the approval of shareholders in the ensuing annual general meeting scheduled to be held on September 02, 2009, dividend shall be paid on and after September 07, 2009.",,,Date of Payment of Dividend,-,06082009155900,-,-,False,,,,Automobiles - 4 Wheelers,INE585B01010,Maruti Suzuki India Limited,2009-08-06 15:59:00,MARUTI
01-Aug-2009 17:22:00,,-,"Maruti Suzuki India Limited has informed the Exchange regarding a press release dated August 01, 2009, titled ""Maruti Suzuki sales in July 2009"". A copy of the press release shall be available on the NSE website (http://www.nseindia.com) under: Corporates > Latest Announcements and on the Extranet Server (/Common/Corporate Announcements).<a href=/content/corporate/Maruti_PR_01082009.zip target=NEW> For more details click here.</a>",,,Press Release,-,01082009172200,-,-,False,,,,Automobiles - 4 Wheelers,INE585B01010,Maruti Suzuki India Limited,2009-08-01 17:22:00,MARUTI
23-Jul-2009 12:43:00,,-,"Maruti Suzuki India Limited has informed the Exchange regarding a press release dated July 23, 2009, titled ""Maruti Suzuki Q1 Net Profit up 25.3% per cent"". A copy of the press release shall be available on the NSE website (http://www.nseindia.com) under: Corporates > Latest Announcements and on the Extranet Server (/Common/Corporate Announcements).<a href=/content/corporate/maruti_pr_23072009.zip target=NEW> For more details click here.</a>",,,Press Release,-,23072009124300,-,-,False,,,,Automobiles - 4 Wheelers,INE585B01010,Maruti Suzuki India Limited,2009-07-23 12:43:00,MARUTI
23-Jul-2009 12:28:00,,-,Maruti Suzuki India Limited has informed the Exchange regarding the standalone Results for the quarter ended on 30-JUN-2009 as follows: Net Sales of Rs. 634026 lacs for quarter ending on 30-JUN-2009 against Rs. 475358 lacs for the quarter ending on 30-JUN-2008. Net Profit / (Loss) of Rs. 58354 lacs for the quarter ending on 30-JUN-2009 against Rs. 46585 lacs for the quarter ending on 30-JUN-2008.,,,"Standalone Results Update, Quarter ended, 30-JUN-2009",-,23072009122800,-,-,False,,,,Automobiles - 4 Wheelers,INE585B01010,Maruti Suzuki India Limited,2009-07-23 12:28:00,MARUTI
03-Jul-2009 16:58:00,,-,"Maruti Suzuki India Limited has informed the Exchange regarding a press release dated July 03, 2009, titled ""Maruti Suzuki reloads the Grand Vitara"". A copy of the press release shall be available on the NSE website (http://www.nseindia.com) under: Corporates > Latest Announcements and on the Extranet Server (/Common/Corporate Announcements).<a href=/content/corporate/MARUTI_pr_03072009.zip target=NEW> For more details click here.</a>",,,Press Release,-,03072009165800,-,-,False,,,,Automobiles - 4 Wheelers,INE585B01010,Maruti Suzuki India Limited,2009-07-03 16:58:00,MARUTI
01-Jul-2009 10:26:00,,-,"Maruti Suzuki India Limited has informed the Exchange regarding a press release dated July 01, 2009, titled ""Maruti Suzuki sales in June 2009"". A copy of the press release shall be available on the NSE website (http://www.nseindia.com) under: Corporates > Latest Announcements and on the Extranet Server (/Common/Corporate Announcements).<a href=/content/corporate/maruti_pr_01072009.zip target=NEW> For more details click here.</a>",,,Press Release,-,01072009102600,-,-,False,,,,Automobiles - 4 Wheelers,INE585B01010,Maruti Suzuki India Limited,2009-07-01 10:26:00,MARUTI
01-Jun-2009 10:37:00,,-,"Maruti Suzuki India Limited has informed the Exchange regarding a press release dated June 01, 2009, titled ""Maruti Suzuki sales in May 2009"". A copy of the press release shall be available on the NSE website (http://www.nseindia.com) under: Corporates > Latest Announcements and on the Extranet Server (/Common/Corporate Announcements).<a href=/content/corporate/Maruti_PR_01062009.zip target=NEW> For more details click here.</a>",,,Press Release,-,01062009103700,-,-,False,,,,Automobiles - 4 Wheelers,INE585B01010,Maruti Suzuki India Limited,2009-06-01 10:37:00,MARUTI
15-May-2009 12:58:00,,-,"Maruti Suzuki India Limited has informed the Exchange regarding a press release dated May 15, 2009, titled ""Maruti Suzuki launches Ritz"". A copy of the press release shall be available on the NSE website (http://www.nseindia.com) under: Corporates > Latest Announcements and on the Extranet Server (/Common/Corporate Announcements).<a href=/content/corporate/maruti_PR_15052009.zip target=NEW> For more details click here.</a>",,,Press Release,-,15052009125800,-,-,False,,,,Automobiles - 4 Wheelers,INE585B01010,Maruti Suzuki India Limited,2009-05-15 12:58:00,MARUTI
05-May-2009 17:35:00,,-,"Maruti Suzuki India Limited has informed the Exchange regarding a press release dated May 05, 2009, titled ""Maruti Suzuki to launch premium hatchback Ritz on May 15"". A copy of the press release shall be available on the NSE website (http://www.nseindia.com) under: Corporates > Latest Announcements and on the Extranet Server (/Common/Corporate Announcements).<a href=/content/corporate/Maruti_Pr_05052009.zip target=NEW> For more details click here.</a>",,,Press Release,-,05052009173500,-,-,False,,,,Automobiles - 4 Wheelers,INE585B01010,Maruti Suzuki India Limited,2009-05-05 17:35:00,MARUTI
05-May-2009 14:20:00,,-,"Maruti Suzuki India Limited has informed the Exchange that the Annual General Meeting of the company is scheduled to be held on September 02, 2009 and the Register of Members/ Transfer Book of the Company shall remain closed from August 21, 2009 to September 02, 2009 (both days inclusive) for the purpose of determining the members entitled to receive dividend on equity shares, if declared in the ensuing Annual General Meeting.",,,AGM/Book Closure,-,05052009142000,-,-,False,,,,Automobiles - 4 Wheelers,INE585B01010,Maruti Suzuki India Limited,2009-05-05 14:20:00,MARUTI
04-May-2009 08:47:00,,-,"Maruti Suzuki India Limited has informed the Exchange regarding a press release dated May 01, 2009, titled ""Maruti Suzuki sales in April 2009"". A copy of the press release shall be available on the NSE website (http://www.nseindia.com) under: Corporates > Latest Announcements and on the Extranet Server (/Common/Corporate Announcements).<a href=/content/corporate/Maruti_PR_04052009.zip target=NEW> For more details click here.</a>",,,Press Release,-,04052009084700,-,-,False,,,,Automobiles - 4 Wheelers,INE585B01010,Maruti Suzuki India Limited,2009-05-04 08:47:00,MARUTI
24-Apr-2009 15:21:00,,-,"Maruti Suzuki India Limited has informed the Exchange that the Board of Directors at the meeting held on April 24, 2009 considered and recommended a final dividend aggregating Rs.10,112 lacs i.e. Rs 3.5 per share (Nominal value Rs 5.00 per share) for the financial year 2008-09.",,,Final Dividend,-,24042009152100,-,-,False,,,,Automobiles - 4 Wheelers,INE585B01010,Maruti Suzuki India Limited,2009-04-24 15:21:00,MARUTI
24-Apr-2009 15:15:00,,-,"Maruti Suzuki India Limited has informed the Exchange that in "" The Board Meeting held on 24th April, 2009 the Board of Directors approved the appointment of Mr. S. Ravi Aiyar as the Company Secretary & Chief Legal Officer with effect from 8th April, 2009 and also appointed him as the Compliance Officer with immediate effect.""",,,Appointment,-,24042009151500,-,-,False,,,,Automobiles - 4 Wheelers,INE585B01010,Maruti Suzuki India Limited,2009-04-24 15:15:00,MARUTI
24-Apr-2009 15:04:00,,-,"Maruti Suzuki India Limited has informed the Exchange regarding a press release dated April 24, 2009, titled ""Maruti Suzuki financials for 2008-09"". A copy of the press release shall be available on the NSE website (http://www.nseindia.com) under: Corporates > Latest Announcements and on the Extranet Server (/Common/Corporate Announcements).<a href=/content/corporate/marutisuzuki_PR_24042009.zip target=NEW> For more details click here.</a>",,,Press Release,-,24042009150400,-,-,False,,,,Automobiles - 4 Wheelers,INE585B01010,Maruti Suzuki India Limited,2009-04-24 15:04:00,MARUTI
24-Apr-2009 14:33:00,,-,Maruti Suzuki India Limited has informed the Exchange regarding the consolidated Results for the year ended on 31-MAR-2009 as follows: Net Sales of Rs. 2066384 lacs for year ending on 31-MAR-2009 against Rs. 1810409 lacs for the year ending on 31-MAR-2008. Net Profit / (Loss) of Rs. 122745 lacs for the year ending on 31-MAR-2009 against Rs. 178989 lacs for the year ending on 31-MAR-2008.,,,"Consolidated Results Update, Year ended, 31-MAR-2009",-,24042009143300,-,-,False,,,,Automobiles - 4 Wheelers,INE585B01010,Maruti Suzuki India Limited,2009-04-24 14:33:00,MARUTI
24-Apr-2009 14:32:00,,-,Maruti Suzuki India Limited has informed the Exchange regarding the standalone Results for the year ended on 31-MAR-2009 as follows: Net Sales of Rs. 2045533 lacs for year ending on 31-MAR-2009 against Rs. 1793620 lacs for the year ending on 31-MAR-2008. Net Profit / (Loss) of Rs. 121874 lacs for the year ending on 31-MAR-2009 against Rs. 173082 lacs for the year ending on 31-MAR-2008.,,,"Standalone Results Update, Year ended, 31-MAR-2009",-,24042009143200,-,-,False,,,,Automobiles - 4 Wheelers,INE585B01010,Maruti Suzuki India Limited,2009-04-24 14:32:00,MARUTI
24-Apr-2009 14:29:00,,-,Maruti Suzuki India Limited has informed the Exchange regarding the standalone Results for the quarter ended on 31-MAR-2009 as follows: Net Sales of Rs. 633437 lacs for quarter ending on 31-MAR-2009 against Rs. 478388 lacs for the quarter ending on 31-MAR-2008. Net Profit / (Loss) of Rs. 24313 lacs for the quarter ending on 31-MAR-2009 against Rs. 29768 lacs for the quarter ending on 31-MAR-2008.,,,"Standalone Results Update, Quarter ended, 31-MAR-2009",-,24042009142900,-,-,False,,,,Automobiles - 4 Wheelers,INE585B01010,Maruti Suzuki India Limited,2009-04-24 14:29:00,MARUTI
15-Apr-2009 09:30:00,,-,"Maruti Suzuki India Limited has informed the Exchange regarding a press release dated April 14, 2009, titled ""Maruti Suzuki unveils new Ritz K12M engine at Gurgaon plant"". A copy of the press release shall be available on the NSE website (http://www.nseindia.com) under: Corporates > Latest Announcements and on the Extranet Server (/Common/Corporate Announcements).<a href=/content/corporate/maruti_PR_15042009.zip target=NEW> For more details click here.</a>",,,Press Release,-,15042009093000,-,-,False,,,,Automobiles - 4 Wheelers,INE585B01010,Maruti Suzuki India Limited,2009-04-15 09:30:00,MARUTI
02-Apr-2009 10:20:00,,-,"Maruti Suzuki India Limited has informed the Exchange regarding a press release dated April 2, 2009, titled ""Maruti Suzuki sales in 2008-09; Highest ever annual sales; highest ever annual exports"". A copy of the press release shall be available on the NSE website (http://www.nseindia.com) under: Corporates > Latest Announcements and on the Extranet Server (/Common/Corporate Announcements).<a href=/content/corporate/MarutiSuzuki_PR_02042009.zip target=NEW> For more details click here.</a>",,,Press Release,-,02042009102000,-,-,False,,,,Automobiles - 4 Wheelers,INE585B01010,Maruti Suzuki India Limited,2009-04-02 10:20:00,MARUTI
23-Mar-2009 17:38:00,,-,"Maruti Suzuki India Limited has informed the Exchange that: ""The Board of Directors, in its meeting held on March 23, 2009, has re-appointed Mr. Shuji Oishi as a Whole-time Director designated as Director and Managing Executive Officer (Marketing & Sales) of the Company with effect from 13th April 2009 for a further period of 3 years"".",,,Re-appointment,-,23032009173800,-,-,False,,,,Automobiles - 4 Wheelers,INE585B01010,Maruti Suzuki India Limited,2009-03-23 17:38:00,MARUTI
02-Mar-2009 10:08:00,,-,"Maruti Suzuki India Limited has informed the Exchange regarding a press release dated March 02, 2009, titled ""Maruti Suzuki registers highest ever sales"". A copy of the press release shall be available on the NSE website (http://www.nseindia.com) under: Corporates > Latest Announcements and on the Extranet Server (/Common/Corporate Announcements).<a href=/content/corporate/Maruti_Updates_02032009.zip target=NEW> For more details click here.</a>",,,Press Release,-,02032009100800,-,-,False,,,,Automobiles - 4 Wheelers,INE585B01010,Maruti Suzuki India Limited,2009-03-02 10:08:00,MARUTI
02-Feb-2009 10:24:00,,-,"Maruti Suzuki India Limited has informed the Exchange regarding a press release dated February 02, 2009, titled ""Maruti Suzuki registers highest ever sales"". A copy of the press release shall be available on the NSE website (http://www.nseindia.com) under: Corporates > Latest Announcements and on the Extranet Server (/Common/Corporate Announcements).<a href=/content/corporate/MARUTI_PR_02022009.zip target=NEW> For more details click here.</a>",,,Press Release,-,02022009102400,-,-,False,,,,Automobiles - 4 Wheelers,INE585B01010,Maruti Suzuki India Limited,2009-02-02 10:24:00,MARUTI
29-Jan-2009 13:06:00,,-,Maruti Suzuki India Limited has informed the Exchange regarding the standalone Results for the quarter ended on 31-DEC-2008 as follows: Net Sales of Rs. 451264 lacs for quarter ending on 31-DEC-2008 against Rs. 467413 lacs for the quarter ending on 31-DEC-2007. Net Profit / (Loss) of Rs. 21357 lacs for the quarter ending on 31-DEC-2008 against Rs. 46704 lacs for the quarter ending on 31-DEC-2007.,,,"Standalone Results Update, Quarter ended, 31-DEC-2008",-,29012009130600,-,-,False,,,,Automobiles - 4 Wheelers,INE585B01010,Maruti Suzuki India Limited,2009-01-29 13:06:00,MARUTI
29-Jan-2009 13:03:00,,-,"Maruti Suzuki India Limited has informed the Exchange regarding a press release dated January 29, 2009, titled ""Maruti Suzuki Results"". A copy of the press release shall be available on the NSE website (http://www.nseindia.com) under: Corporates > Latest Announcements and on the Extranet Server (/Common/Corporate Announcements).<a href=/content/corporate/Maruti_Pr_29012009.zip target=NEW> For more details click here.</a>",,,Press Release,-,29012009130300,-,-,False,,,,Automobiles - 4 Wheelers,INE585B01010,Maruti Suzuki India Limited,2009-01-29 13:03:00,MARUTI
27-Jan-2009 16:12:00,,-,"Maruti Suzuki India Limited has informed the Exchange regarding the changes in the prices of its cars.  A copy of the press release dated January 27, 2009, titled ""Maruti Prices"" shall be available on the NSE website (http://www.nseindia.com) under: Corporates > Latest Announcements and on the Extranet Server (/Common/Corporate Announcements).<a href=/content/corporate/Maruti_Pr_27012009.zip target=NEW> For more details click here.</a>",,,Press Release,-,27012009161200,-,-,False,,,,Automobiles - 4 Wheelers,INE585B01010,Maruti Suzuki India Limited,2009-01-27 16:12:00,MARUTI
10-Jan-2009 12:14:00,,-,"Maruti Suzuki India Limited has informed the Exchange regarding a press release dated January 10, 2009, titled ""Maruti Suzuki's A-star sails to Europe from Mundra"". A copy of the press release shall be available on the NSE website (http://www.nseindia.com) under: Corporates > Latest Announcements and on the Extranet Server (/Common/Corporate Announcements).<a href=/content/corporate/Maruti_PR_10012009.zip target=NEW> For more details click here.</a>",,,Press Release,-,10012009121400,-,-,False,,,,Automobiles - 4 Wheelers,INE585B01010,Maruti Suzuki India Limited,2009-01-10 12:14:00,MARUTI
01-Jan-2009 11:31:00,,-,"Maruti Suzuki India Limited has informed the Exchange regarding a press release dated January 01, 2009, titled ""Maruti Sales"". A copy of the press release shall be available on the NSE website (http://www.nseindia.com) under: Corporates > Latest Announcements and on the Extranet Server (/Common/Corporate Announcements).<a href=/content/corporate/Maruti_PR_01012009.zip target=NEW> For more details click here.</a>",,,Press Release,-,01012009113100,-,-,False,,,,Automobiles - 4 Wheelers,INE585B01010,Maruti Suzuki India Limited,2009-01-01 11:31:00,MARUTI
26-Dec-2008 10:49:00,,-,"Maruti Suzuki India Limited has informed the Exchange regarding a press release dated December 26, 2008, titled ""Maruti Suzuki moves A-star for Europe in Railway on Auto Wagons"". A copy of the press release shall be available on the NSE website (http://www.nseindia.com) under: Corporates > Latest Announcements and on the Extranet Server (/Common/Corporate Announcements).<a href=/content/corporate/Maruti_PR_26122008.zip target=NEW> For more details click here.</a>",,,Press Release,-,26122008104900,-,-,False,,,,Automobiles - 4 Wheelers,INE585B01010,Maruti Suzuki India Limited,2008-12-26 10:49:00,MARUTI
17-Dec-2008 18:57:00,,-,"Maruti Suzuki India Limited has informed the Exchange that with effect from December 15, 2008, the registered office of Maruti Suzuki India Limited has shifted from 11th Floor, Jeevan Prakash Building, Kasturba Gandhi Marg, New Delhi - 110001 to Plot No. 1, Nelson Mandela Marg, Vasant Kunj, New Delhi- 110070.",,,Change in registered office,-,17122008185700,-,-,False,,,,Automobiles - 4 Wheelers,INE585B01010,Maruti Suzuki India Limited,2008-12-17 18:57:00,MARUTI
08-Dec-2008 18:39:00,,-,"Maruti Suzuki India Limited has informed the Exchange regarding a press release dated December 08, 2008, titled ""Maruti Suzuki cars to be cheaper- Full Benefit of CENVAT passed on to customers"". A copy of the press release shall be available on the NSE website (http://www.nseindia.com) under: Corporates > Latest Announcements and on the Extranet Server (/Common/Corporate Announcements).<a href=/content/corporate/Maruti_pr_08122008.zip target=NEW> For more details click here.</a>",,,Press Release,-,08122008183900,-,-,False,,,,Automobiles - 4 Wheelers,INE585B01010,Maruti Suzuki India Limited,2008-12-08 18:39:00,MARUTI
01-Dec-2008 10:44:00,,-,"Maruti Suzuki India Limited has informed the Exchange regarding a Press Release dated December 01, 2008, that Car market leader Maruti Suzuki India Limited sold 52,711 vehicles in November 2008. This includes 5,007 units of exports. The company had sold 69,699 vehicles in the domestic market in November 2007. Maruti Suzuki's volume in the domestic A3 segment went up by 40.3 per cent. The details of the sales figures for November 2008 shall be available on the NSE website (http://www.nseindia.com) under Corporates > Latest Announcements and on the Extranet Server (/Common/Corporate Announcements).<a href=/content/corporate/MARUTI_PR_01122008.zip target=NEW> For more details click here.</a>",,,Press Release,-,01122008104400,-,-,False,,,,Automobiles - 4 Wheelers,INE585B01010,Maruti Suzuki India Limited,2008-12-01 10:44:00,MARUTI
19-Nov-2008 13:31:00,,-,"Maruti Suzuki India Limited has informed the Exchange regarding a press release dated November 19, 2008, titled ""Maruti Suzuki launces A-star; Fuel Efficiency, New Engine, Green Car - An Extraordinary Package"". A copy of the press release shall be available on the NSE website (http://www.nseindia.com) under: Corporates > Latest Announcements and on the Extranet Server (/Common/Corporate Announcements).<a href=/content/corporate/Maruti_PR_19112008.zip target=NEW> For more details click here.</a>",,,Press Release,-,19112008133100,-,-,False,,,,Automobiles - 4 Wheelers,INE585B01010,Maruti Suzuki India Limited,2008-11-19 13:31:00,MARUTI
01-Nov-2008 13:25:00,,-,"Maruti Suzuki India Limited has informed the Exchange regarding a press release dated November 01, 2008, titled ""Maruti Sales"". A copy of the press release shall be available on the NSE website (http://www.nseindia.com) under: Corporates > Latest Announcements and on the Extranet Server (/Common/Corporate Announcements).<a href=/content/corporate/Maruti_PR_011108.zip target=NEW> For more details click here.</a>",,,Press Release,-,01112008132500,-,-,False,,,,Automobiles - 4 Wheelers,INE585B01010,Maruti Suzuki India Limited,2008-11-01 13:25:00,MARUTI
24-Oct-2008 18:58:00,,-,"Maruti Suzuki India Limited has informed the Exchange regarding a press release dated October 24, 2008, titled ""Maruti Suzuki effects marginal price hike"". A copy of the press release shall be available on the NSE website (http://www.nseindia.com) under: Corporates > Latest Announcements and on the Extranet Server (/Common/Corporate Announcements).<a href=/content/corporate/Maruti1_PR_24102008.zip target=NEW> For more details click here.</a>",,,Press Release,-,24102008185800,-,-,False,,,,Automobiles - 4 Wheelers,INE585B01010,Maruti Suzuki India Limited,2008-10-24 18:58:00,MARUTI
24-Oct-2008 13:07:00,,-,"Maruti Suzuki India Limited has informed the Exchange regarding a press release dated October 24, 2008, titled ""Maruti Suzuki Q2 results; Net sales up 6 percent"". A copy of the press release shall be available on the NSE website (http://www.nseindia.com) under: Corporates > Latest Announcements and on the Extranet Server (/Common/Corporate Announcements).<a href=/content/corporate/Maruti_PR_24102008.zip target=NEW> For more details click here.</a>",,,Press Release,-,24102008130700,-,-,False,,,,Automobiles - 4 Wheelers,INE585B01010,Maruti Suzuki India Limited,2008-10-24 13:07:00,MARUTI
24-Oct-2008 12:52:00,,-,Maruti Suzuki India Limited has informed the Exchange regarding the standalone Results for the half year ended on 30-SEP-2008 as follows: Net Sales of Rs. 953729 lacs for half year ending on 30-SEP-2008 against Rs. 847819 lacs for the half year ending on 30-SEP-2007. Net Profit / (Loss) of Rs. 76197 lacs for the half year ending on 30-SEP-2008 against Rs. 96610 lacs for the half year ending on 30-SEP-2007.,,,"Standalone Results Update, Half Yearly ended, 30-SEP-2008",-,24102008125200,-,-,False,,,,Automobiles - 4 Wheelers,INE585B01010,Maruti Suzuki India Limited,2008-10-24 12:52:00,MARUTI
24-Oct-2008 12:42:00,,-,Maruti Suzuki India Limited has informed the Exchange regarding the standalone Results for the quarter ended on 30-SEP-2008 as follows: Net Sales of Rs. 480626 lacs for quarter ending on 30-SEP-2008 against Rs. 454737 lacs for the quarter ending on 30-SEP-2007. Net Profit / (Loss) of Rs. 29612 lacs for the quarter ending on 30-SEP-2008 against Rs. 46650 lacs for the quarter ending on 30-SEP-2007.,,,"Standalone Results Update, Quarter ended, 30-SEP-2008",-,24102008124200,-,-,False,,,,Automobiles - 4 Wheelers,INE585B01010,Maruti Suzuki India Limited,2008-10-24 12:42:00,MARUTI
21-Oct-2008 16:58:00,,-,"Maruti Suzuki India Limited has informed the Exchange regarding a press release dated October 21, 2008, titled ""Maruti Suzuki unveils next generation KB Engine plant at Gurgaon; An environment friendly engine : a step towards selling a million units by 2010"". A copy of the press release shall be available on the NSE website (http://www.nseindia.com) under: Corporates > Latest Announcements and on the Extranet Server (/Common/Corporate Announcements).<a href=/content/corporate/Maruti_PR_21102008.zip target=NEW> For more details click here.</a>",,,Press Release,-,21102008165800,-,-,False,,,,Automobiles - 4 Wheelers,INE585B01010,Maruti Suzuki India Limited,2008-10-21 16:58:00,MARUTI
01-Oct-2008 09:53:00,,-,"Maruti Suzuki India Limited has informed the Exchange regarding a press release dated October 01, 2008, titled ""Maruti Suzuki Sales in September 2008"". A copy of the press release shall be available on the NSE website (http://www.nseindia.com) under: Corporates > Latest Announcements and on the Extranet Server (/Common/Corporate Announcements).<a href=/content/corporate/Maruti_PR_01102008.zip target=NEW> For more details click here.</a>",,,Press Release,-,01102008095300,-,-,False,,,,Automobiles - 4 Wheelers,INE585B01010,Maruti Suzuki India Limited,2008-10-01 09:53:00,MARUTI
22-Sep-2008 14:44:00,,-,"Maruti Suzuki India Limited has submitted to the Exchange a copy of the proceedings of the Annual General Meeting of the Company held on September 02, 2008. A copy of the same shall be available on the NSE website   (http://www.nseindia.com) under: Corporates > Latest Announcements and on the Extranet Server (/Common/Corporate Announcements).<a href=/content/corporate/maruti_PROAGM_22092008.zip target=NEW> For more details click here.</a>",,,Proceedings of AGM,-,22092008144400,-,-,False,,,,Automobiles - 4 Wheelers,INE585B01010,Maruti Suzuki India Limited,2008-09-22 14:44:00,MARUTI
02-Sep-2008 15:41:00,,-,"Maruti Suzuki India Limited has informed the Exchange regarding a press release dated September 02, 2008, titled ""Small cars would continue to grow - says Chairman, Maruti Suzuki, - R&D focus: Engine development work in India to be scaled up"". A copy of the press release shall be available on the NSE website (http://www.nseindia.com) under: Corporates > Latest Announcements and on the Extranet Server (/Common/Corporate Announcements).<a href=/content/corporate/Maruti_PR_02092008.zip target=NEW> For more details click here.</a>",,,Press Release,-,02092008154100,-,-,False,,,,Automobiles - 4 Wheelers,INE585B01010,Maruti Suzuki India Limited,2008-09-02 15:41:00,MARUTI
01-Sep-2008 10:13:00,,-,"Maruti Suzuki India Limited has informed the Exchange regarding a press release dated September 01, 2008, titled ""Maruti Suzuki Sales in August 2008"". A copy of the press release shall be available on the NSE website (http://www.nseindia.com) under: Corporates > Latest Announcements and on the Extranet Server (/Common/Corporate Announcements).<a href=/content/corporate/Maruti_PR_01092008.zip target=NEW> For more details click here.</a>",,,Press Release,-,01092008101300,-,-,False,,,,Automobiles - 4 Wheelers,INE585B01010,Maruti Suzuki India Limited,2008-09-01 10:13:00,MARUTI
21-Aug-2008 15:17:00,,-,"Maruti Suzuki India Limited has informed the Exchange that dividend will be payable on and after September 08, 2008, subject to the approval of shareholders in the ensuing Annual General Meeting scheduled to be held on September 02, 2008.",,,Date of Payment of Dividend,-,21082008151700,-,-,False,,,,Automobiles - 4 Wheelers,INE585B01010,Maruti Suzuki India Limited,2008-08-21 15:17:00,MARUTI
01-Aug-2008 10:06:00,,-,"Maruti Suzuki India Limited has informed the Exchange regarding a press release dated August 01, 2008, titled ""Maruti Suzuki Sales in July 2008."". A copy of the press release shall be available on the NSE website (http://www.nseindia.com) under: Corporates > Latest Announcements and on the Extranet Server (/Common/Corporate Announcements).<a href=/content/corporate/Maruti_Pr_01082008.zip target=NEW> For more details click here.</a>",,,Press Release,-,01082008100600,-,-,False,,,,Automobiles - 4 Wheelers,INE585B01010,Maruti Suzuki India Limited,2008-08-01 10:06:00,MARUTI
21-Jul-2008 18:35:00,,-,"Maruti Suzuki India Limited has informed the Exchange that the Annual General Meeting is scheduled to be held on September 02, 2008 as decided by the Board of Directors in their meeting held on July 21, 2008 and the Register of Members/ Transfer Book of the Company shall remain closed from August 20, 2008 to September 02, 2008 (both days inclusive) for the purpose of determining the members entitled to receive dividend on equity shares, if declared in the ensuing Annual General Meeting.",,,AGM/Book Closure,-,21072008183500,-,-,False,,,,Automobiles - 4 Wheelers,INE585B01010,Maruti Suzuki India Limited,2008-07-21 18:35:00,MARUTI
21-Jul-2008 17:44:00,,-,"Maruti Suzuki India Limited has informed the Exchange that in the Board Meeting held on July 21, 2008, Mr. Kenichi Ayukawa has been appointed as Additional Director of Maruti Suzuki India Limited with effect from July 21, 2008.",,,Appointment,-,21072008174400,-,-,False,,,,Automobiles - 4 Wheelers,INE585B01010,Maruti Suzuki India Limited,2008-07-21 17:44:00,MARUTI
21-Jul-2008 16:55:00,,-,"Maruti Suzuki India Limited has informed the Exchange regarding a press release dated July 21, 2008, titled ""Maruti Suzuki Q1 top line up 21 per cent"". A copy of the press release shall be available on the NSE website (http://www.nseindia.com) under: Corporates > Latest Announcements and on the Extranet Server (/Common/Corporate Announcements).<a href=/content/corporate/maruti_pr_21072008.zip target=NEW> For more details click here.</a>",,,Press Release,-,21072008165500,-,-,False,,,,Automobiles - 4 Wheelers,INE585B01010,Maruti Suzuki India Limited,2008-07-21 16:55:00,MARUTI
21-Jul-2008 16:52:00,,-,Maruti Suzuki India Limited has informed the Exchange regarding the standalone Results for the quarter ended on 30-JUN-2008 as follows: Net Sales of Rs. 475358 lacs for quarter ending on 30-JUN-2008 against Rs. 393082 lacs for the quarter ending on 30-JUN-2007. Net Profit / (Loss) of Rs. 46585 lacs for the quarter ending on 30-JUN-2008 against Rs. 49960 lacs for the quarter ending on 30-JUN-2007.,,,"Standalone Results Update, Quarter ended, 30-JUN-2008",-,21072008165200,-,-,False,,,,Automobiles - 4 Wheelers,INE585B01010,Maruti Suzuki India Limited,2008-07-21 16:52:00,MARUTI
14-Jul-2008 19:10:00,,-,"Maruti Suzuki India Limited has informed the Exchange that as per the advise of Suzuki Motor Corporation, Japan, Mr. Hirofumi Nagao will assume new assignment in Pakistan and henceforth has tendered his resignation from the position of Whole Time Director designated as Director & MEO (Admn.) of Maruti Suzuki India Limited with effect from the close of business hours of July 10, 2008.",,,Resignation,-,14072008191000,-,-,False,,,,Automobiles - 4 Wheelers,INE585B01010,Maruti Suzuki India Limited,2008-07-14 19:10:00,MARUTI
01-Jul-2008 11:27:00,,-,"Maruti Suzuki India Limited has informed the Exchange regarding a press release dated July 01, 2008, titled ""Maruti Suzuki Sales in June"". A copy of the press release shall be available on the NSE website (http://www.nseindia.com) under: Corporates > Latest Announcements and on the Extranet Server (/Common/Corporate Announcements).<a href=/content/corporate/Maruti_PR_01072008.zip target=NEW> For more details click here.</a>",,,Press Release,-,01072008112700,-,-,False,,,,Automobiles - 4 Wheelers,INE585B01010,Maruti Suzuki India Limited,2008-07-01 11:27:00,MARUTI
06-Jun-2008 17:32:00,,-,"Maruti Suzuki India Limited has informed the Exchange regarding a press release dated June 06, 2008, titled ""Maruti Suzuki launches Maruti 800 Duo"". A copy of the press release shall be available on the NSE website (http://www.nseindia.com) under: Corporates > Latest Announcements and on the Extranet Server (/Common/Corporate Announcements).<a href=/content/corporate/Maruti_Pr_06062008.zip target=NEW> For more details click here.</a>",,,Press Release,-,06062008173200,-,-,False,,,,Automobiles - 4 Wheelers,INE585B01010,Maruti Suzuki India Limited,2008-06-06 17:32:00,MARUTI
02-Jun-2008 10:08:00,,-,"Maruti Suzuki India Limited has informed the Exchange regarding a press release dated June 02, 2008, titled ""Maruti Sales in May 2008"". A copy of the press release shall be available on the NSE website (http://www.nseindia.com) under: Corporates > Latest Announcements and on the Extranet Server (/Common/Corporate Announcements).<a href=/content/corporate/MarutiSuzaki_PR_02062008.zip target=NEW> For more details click here.</a>",,,Press Release,-,02062008100800,-,-,False,,,,Automobiles - 4 Wheelers,INE585B01010,Maruti Suzuki India Limited,2008-06-02 10:08:00,MARUTI
02-May-2008 08:39:00,,-,"Maruti Suzuki India Limited has informed the Exchange regarding a press release dated May 01, 2008, titled ""Maruti Sales"". A copy of the press release shall be available on the NSE website (http://www.nseindia.com) under: Corporates > Latest Announcements and on the Extranet Server (/Common/Corporate Announcements).<a href=/content/corporate/Maruti_PR_02052008.zip target=NEW> For more details click here.</a>",,,Press Release,-,02052008083900,-,-,False,,,,Automobiles - 4 Wheelers,INE585B01010,Maruti Suzuki India Limited,2008-05-02 08:39:00,MARUTI
24-Apr-2008 11:55:00,,-,"Maruti Suzuki India Limited has informed the Exchange regarding a press release dated April 24, 2008,  titled ""Net Profit up 10.8 per cent in 2007-08; Total Income up 23.4 per cent; Swift, SX4 drive growth"". A copy of the press release shall be available on the NSE website   (http://www.nseindia.com) under: Corporates > Latest Announcements and on the Extranet Server (/Common/Corporate Announcements).<a href=/content/corporate/Maruti_PR_24042008.zip target=NEW> For more details click here.</a>",,,Press Release,-,24042008115500,-,-,False,,,,Automobiles - 4 Wheelers,INE585B01010,Maruti Suzuki India Limited,2008-04-24 11:55:00,MARUTI
24-Apr-2008 11:52:00,,-,"Maruti Suzuki India Limited has informed the Exchange that the Board of Directors of the Company at its Meeting held on April 24, 2008 has recommended a dividend of 100 per cent for 2007-08. (Fiscal 2006-07: 90 per cent).",,,Dividend,-,24042008115200,-,-,False,,,,Automobiles - 4 Wheelers,INE585B01010,Maruti Suzuki India Limited,2008-04-24 11:52:00,MARUTI
24-Apr-2008 11:52:00,,-,Maruti Suzuki India Limited has informed the Exchange regarding the standalone Results for the quarter ended on 31-MAR-2008 as follows: Net Sales of Rs. 478388 lacs for quarter ending on 31-MAR-2008 against Rs. 442976 lacs for the quarter ending on 31-MAR-2007. Net Profit / (Loss) of Rs. 29768 lacs for the quarter ending on 31-MAR-2008 against Rs. 44856 lacs for the quarter ending on 31-MAR-2007.,,,"Standalone Results Update, Quarter ended, 31-MAR-2008",-,24042008115200,-,-,False,,,,Automobiles - 4 Wheelers,INE585B01010,Maruti Suzuki India Limited,2008-04-24 11:52:00,MARUTI
24-Apr-2008 11:50:00,,-,Maruti Suzuki India Limited has informed the Exchange regarding the consolidated Results for the year ended on 31-MAR-2008 as follows: Net Sales of Rs. 1810409 lacs for year ending on 31-MAR-2008 against Rs. 1478839 lacs for the year ending on 31-MAR-2007. Net Profit / (Loss) of Rs. 178989 lacs for the year ending on 31-MAR-2008 against Rs. 158826 lacs for the year ending on 31-MAR-2007.,,,"Consolidated Results Update, Year ended, 31-MAR-2008",-,24042008115000,-,-,False,,,,Automobiles - 4 Wheelers,INE585B01010,Maruti Suzuki India Limited,2008-04-24 11:50:00,MARUTI
01-Apr-2008 10:15:00,,-,"Maruti Suzuki India Limited has informed the Exchange regarding a press release dated April 01, 2008,  titled ""Maruti Suzuki sales up 13.3 per cent in 2007-08"". A copy of the press release shall be available on the NSE website   (http://www.nseindia.com) under: Corporates > Latest Announcements and on the Extranet Server (/Common/Corporate Announcements).<a href=/content/corporate/Maruti_PR_01042008.zip target=NEW> For more details click here.</a>",,,Press Release,-,01042008101500,-,-,False,,,,Automobiles - 4 Wheelers,INE585B01010,Maruti Suzuki India Limited,2008-04-01 10:15:00,MARUTI
26-Mar-2008 13:09:00,,-,"Maruti Suzuki India Limited has informed the Exchange regarding a press release dated March 26, 2008, titled ""Swift DZire set to create excitement in entry sedan segment"". A copy of the press release shall be available on the NSE website (http://www.nseindia.com) under: Corporates > Latest Announcements and on the Extranet Server (/Common/Corporate Announcements).<a href=/content/corporate/Maruti_PR_26032008.zip target=NEW> For more details click here.</a>",,,Press Release,-,26032008130900,-,-,False,,,,Automobiles - 4 Wheelers,INE585B01010,Maruti Suzuki India Limited,2008-03-26 13:09:00,MARUTI
03-Mar-2008 09:48:00,,-,"Maruti Suzuki India Limited has informed the Exchange regarding a press release dated March 01, 2008, titled ""Maruti Sales"". A copy of the press release shall be available on the NSE website (http://www.nseindia.com) under: Corporates > Latest Announcements and on the Extranet Server (/Common/Corporate Announcements).<a href=/content/corporate/Maruti_PR_03032008.zip target=NEW> For more details click here.</a>",,,Press Release,-,03032008094800,-,-,False,,,,Automobiles - 4 Wheelers,INE585B01010,Maruti Suzuki India Limited,2008-03-03 09:48:00,MARUTI
29-Feb-2008 19:08:00,,-,"Maruti Suzuki India Limited has informed the Exchange regarding a press release dated February 29, 2008, titled ""Maruti's small cars to be cheaper; Full excise benefit passed on to customers"". A copy of the press release shall be available on the NSE website (http://www.nseindia.com) under: Corporates > Latest Announcements and on the Extranet Server (/Common/Corporate Announcements).<a href=/content/corporate/Maruti_PR_29022008.zip target=NEW> For more details click here.</a>",,,Press Release,-,29022008190800,-,-,False,,,,Automobiles - 4 Wheelers,INE585B01010,Maruti Suzuki India Limited,2008-02-29 19:08:00,MARUTI
20-Feb-2008 13:37:00,,-,"Maruti Suzuki India Limited has informed the Exchange regarding a press release dated February 20, 2008, titled ""Maruti Suzuki inks agreement with Mundra Port for a mega car Terminal for Exports"". A copy of the press release shall be available on the NSE website (http://www.nseindia.com) under: Corporates > Latest Announcements and on the Extranet Server (/Common/Corporate Announcements).<a href=/content/corporate/MarutiSuzuki_PR_20022008.zip target=NEW> For more details click here.</a>",,,Press Release,-,20022008133700,-,-,False,,,,Automobiles - 4 Wheelers,INE585B01010,Maruti Suzuki India Limited,2008-02-20 13:37:00,MARUTI
05-Feb-2008 15:56:00,,-,"Maruti Suzuki India Limited has informed the Exchange regarding a press release dated February 05, 2008, titled ""Maruti Suzuki not to launch a car below Maruti 800"". A copy of the press release shall be available on the NSE website (http://www.nseindia.com) under: Corporates > Latest Announcements and on the Extranet Server (/Common/Corporate Announcements).<a href=/content/corporate/Maruti_PR_05022008.zip target=NEW> For more details click here.</a>",,,Press Release,-,05022008155600,-,-,False,,,,Automobiles - 4 Wheelers,INE585B01010,Maruti Suzuki India Limited,2008-02-05 15:56:00,MARUTI
02-Feb-2008 16:56:00,,-,"Maruti Suzuki India Limited has informed the Exchange regarding a press release dated February 02, 2008, titled ""Maruti Suzuki revises car prices from Rs.1,000/- to 11,000/-"". A copy of the press release shall be available on the NSE website   (http://www.nseindia.com) under: Corporates > Latest Announcements and on the Extranet Server (/Common/Corporate Announcements).<a href=/content/corporate/Maruti_PR_02022008.zip target=NEW> For more details click here.</a>",,,Press Release,-,02022008165600,-,-,False,,,,Automobiles - 4 Wheelers,INE585B01010,Maruti Suzuki India Limited,2008-02-02 16:56:00,MARUTI
01-Feb-2008 10:50:00,,-,"Maruti Suzuki India Limited has informed the Exchange regarding a press release dated February 01, 2008, titled ""Maruti Sales"". A copy of the press release shall be available on the NSE website (http://www.nseindia.com) under: Corporates > Latest Announcements and on the Extranet Server (/Common/Corporate Announcements).<a href=/content/corporate/Maruti_PR_01022008.zip target=NEW> For more details click here.</a>",,,Press Release,-,01022008105000,-,-,False,,,,Automobiles - 4 Wheelers,INE585B01010,Maruti Suzuki India Limited,2008-02-01 10:50:00,MARUTI
29-Jan-2008 13:25:00,,-,"Maruti Suzuki India Limited has informed the Exchange that ""Following changes in composition of the Board of Directors: (1) Pursuant to the advice of Suzuki Motor Corporation (SMC), Mr Toshiaki Hasuike has tendered his resignation from the post of Director. (2) Mr. Keiichi Asai has been appointed as a Whole-time Director designated as Director (Research & Development) w.e.f. 29th January 2008 for a period of 3 years"".",,,Change in Board of Directors,-,29012008132500,-,-,False,,,,Automobiles - 4 Wheelers,INE585B01010,Maruti Suzuki India Limited,2008-01-29 13:25:00,MARUTI
29-Jan-2008 13:16:00,,-,"Maruti Suzuki India Limited has informed the Exchange regarding a press release dated January 29, 2008, titled ""Maruti Suzuki India Q3 Net rises 24.1 per cent to Rs.4670 million"". A copy of the press release shall be available on the NSE website   (http://www.nseindia.com) under: Corporates > Latest Announcements and on the Extranet Server (/Common/Corporate Announcements).<a href=/content/corporate/Maruti_PR_29012008.zip target=NEW> For more details click here.</a>",,,Press Release,-,29012008131600,-,-,False,,,,Automobiles - 4 Wheelers,INE585B01010,Maruti Suzuki India Limited,2008-01-29 13:16:00,MARUTI
29-Jan-2008 13:10:00,,-,Maruti Suzuki India Limited has informed the Exchange regarding the standalone Results for the quarter ended on 31-DEC-2007 as follows: Net Sales of Rs. 465400 lacs for quarter ending on 31-DEC-2007 against Rs. 367947 lacs for the quarter ending on 31-DEC-2006. Net Profit / (Loss) of Rs. 46704 lacs for the quarter ending on 31-DEC-2007 against Rs. 37641 lacs for the quarter ending on 31-DEC-2006.,,,"Standalone Results Update, Quarter ended, 31-DEC-2007",-,29012008131000,-,-,False,,,,Automobiles - 4 Wheelers,INE585B01010,Maruti Suzuki India Limited,2008-01-29 13:10:00,MARUTI
02-Jan-2008 09:55:00,,-,"Maruti Suzuki India Limited has informed the Exchange that: ""Car market leader Maruti Suzuki India Limited sold 58,401 vehicles in the domestic market in December 2007"". A copy of the press release in this regard dated January 02, 2008 shall be available on the NSE website (http://www.nseindia.com) under: Corporates > Latest Announcements and on the Extranet Server (/Common/Corporate Announcements).<a href=/content/corporate/Maruti_PR_02012008.zip target=NEW> For more details click here.</a>",,,Press Release,-,02012008095500,-,-,False,,,,Automobiles - 4 Wheelers,INE585B01010,Maruti Suzuki India Limited,2008-01-02 09:55:00,MARUTI
11-Dec-2007 14:31:00,,-,"Maruti Suzuki India Limited has informed the Exchange regarding a press release dated December 11, 2007, titled ""Suzuki to Show Concept for Fifth World Strategic Model in New Delhi"". A copy of the press release shall be available on the NSE website   (http://www.nseindia.com) under: Corporates > Latest Announcements and on the Extranet Server (/Common/Corporate Announcements).<a href=/content/corporate/Maruti_PR_11122007.zip target=NEW> For more details click here.</a>",,,Press Release,-,11122007143100,-,-,False,,,,Automobiles - 4 Wheelers,INE585B01010,Maruti Suzuki India Limited,2007-12-11 14:31:00,MARUTI
03-Dec-2007 09:09:00,,-,"Maruti Suzuki India Limited has informed the Exchange regarding a press release dated December 01, 2007, titled ""Maruti's highest ever sales"". A copy of the press release shall be available on the NSE website (http://www.nseindia.com) under: Corporates > Latest Announcements and on the Extranet Server (/Common/Corporate Announcements).<a href=/content/corporate/MARUTI_PR_03122007.zip target=NEW> For more details click here.</a>",,,Press Release,-,03122007090900,-,-,False,,,,Automobiles - 4 Wheelers,INE585B01010,Maruti Suzuki India Limited,2007-12-03 09:09:00,MARUTI
20-Nov-2007 16:47:00,,-,"Maruti Suzuki India Limited has informed the Exchange that ""The Board of Directors of the Company has re-appointed Mr. Hirofumi Nagao as a Whole-time Director designated as Joint Managing Director for a further period of 3 years"".",,,Re-appointment,-,20112007164700,-,-,False,,,,Automobiles - 4 Wheelers,INE585B01010,Maruti Suzuki India Limited,2007-11-20 16:47:00,MARUTI
01-Nov-2007 10:22:00,,-,"Maruti Suzuki India Limited has informed the Exchange regarding a press release dated November 01, 2007, titled ""Maruti Sales"". A copy of the press release shall be available on the NSE website (http://www.nseindia.com) under: Corporates > Latest Announcements and on the Extranet Server (/Common/Corporate Announcements)<a href=/content/corporate/MarutiSuzuki_PR_01112007.zip target=NEW> For more details click here.</a>",,,Press Release,-,01112007102200,-,-,False,,,,Automobiles - 4 Wheelers,INE585B01010,Maruti Suzuki India Limited,2007-11-01 10:22:00,MARUTI
29-Oct-2007 14:59:00,,-,"Maruti Suzuki India Limited has informed the Exchange that: ""That the Board of Directors of the Company, in its meeting held on 29th October 2007, has decided to re-constitute the Board as per following details:(1) Mr. Jagdish Khattar, the present Managing Director will retire 18th December 2007 on attaining the age of 65, in accordance with company rules. (2) Mr. Shinzo Nakanishi who is currently Non-executive Chairman of Maruti Suzuki India Limited and Senior Managing Executive officer in Suzuki Motor Corporation (SMC), will succeed Mr. Khattar as Managing Director with effect from l9th December 2007. (3) Mr. R.C.Bhargava, who is currently Non-executive Director will assume charge as Non-executive Chairman with effect from 19th December 2007. (4) Mr. Tsuneo Kobayashi, present Sr. Joint Managing Director shall return to Japan and Mr. Tsuneo Ohashi shall succeed Mr. Kobayashi with effect from lst January 2008 as Director in charge of Production. (5) Mr. M.Osada present Director (R&D) shall return to Japan and Mr. T. Hasuike, currently Managing Executive Officer in SMC, shall succeed Mr. Osada with effect from lst January 2008 as Director in charge of Product Planning & Technical Divisions.""",,,Reconstitution of the Board of Directors,-,29102007145900,-,-,False,,,,Automobiles - 4 Wheelers,INE585B01010,Maruti Suzuki India Limited,2007-10-29 14:59:00,MARUTI
29-Oct-2007 14:55:00,,-,"Maruti Suzuki India Limited has informed the Exchange regarding a press release dated October 29, 2007, titled ""New Appointments to Top Management"". A copy of the press release shall be available on the NSE website (http://www.nseindia.com) under: Corporates > Latest Announcements and on the Extranet Server (/Common/Corporate Announcements)<a href=/content/corporate/Maruti_PR_29102007.zip target=NEW> For more details click here.</a>",,,Press Release,-,29102007145500,-,-,False,,,,Automobiles - 4 Wheelers,INE585B01010,Maruti Suzuki India Limited,2007-10-29 14:55:00,MARUTI
29-Oct-2007 12:49:00,,-,"Maruti Udyog Limited has informed the Exchange regarding a press release dated October 29, 2007, titled ""Maruti Q2 Net Profit up 27% percent to Rs. 4,665 million"". The details of the press release shall be available on the NSE website   (http://www.nseindia.com) under: Corporates > Latest Announcements and on the Extranet Server (/Common/Corporate Announcements).<a href=/content/corporate/Marutisuzuki_PR_29102007.zip target=NEW> For more details click here.</a>",,,Press Release,-,29102007124900,-,-,False,,,,Automobiles - 4 Wheelers,INE585B01010,Maruti Suzuki India Limited,2007-10-29 12:49:00,MARUTI
29-Oct-2007 12:44:00,,-,Maruti Suzuki India Limited has informed the Exchange regarding the standalone Results for the quarter ended on 30-SEP-2007 as follows: Net Sales of Rs. 454737 lacs for quarter ending on 30-SEP-2007 against Rs. 341919 lacs for the quarter ending on 30-SEP-2006. Net Profit / (Loss) of Rs. 46650 lacs for the quarter ending on 30-SEP-2007 against Rs. 36744 lacs for the quarter ending on 30-SEP-2006.,,,"Standalone Results Update, Quarter ended, 30-SEP-2007",-,29102007124400,-,-,False,,,,Automobiles - 4 Wheelers,INE585B01010,Maruti Suzuki India Limited,2007-10-29 12:44:00,MARUTI
29-Oct-2007 12:44:00,,-,Maruti Suzuki India Limited has informed the Exchange regarding the standalone Results for the half year ended on 30-SEP-2007 as follows: Net Sales of Rs. 847819 lacs for half year ending on 30-SEP-2007 against Rs. 654466 lacs for the half year ending on 30-SEP-2006. Net Profit / (Loss) of Rs. 96610 lacs for the half year ending on 30-SEP-2007 against Rs. 73701 lacs for the half year ending on 30-SEP-2006.,,,"Standalone Results Update, Half Yearly ended, 30-SEP-2007",-,29102007124400,-,-,False,,,,Automobiles - 4 Wheelers,INE585B01010,Maruti Suzuki India Limited,2007-10-29 12:44:00,MARUTI
22-Oct-2007 18:51:00,,-,"Members of the Exchange are hereby informed that the name of Maruti Udyog Limited shall be changed to Maruti Suzuki India Limited w.e.f. October 29, 2007.",,,Name Change,-,22102007185100,-,-,False,,,,Automobiles - 4 Wheelers,INE585B01010,Maruti Suzuki India Limited,2007-10-22 18:51:00,MARUTI
19-Oct-2007 18:23:00,,-,"Government of India, Ministry of Finance, Department of Disinvestment has informed the Exchange that, on September 24, 2007 the Government of India transferred to LIC the remaining 1,30,00,000 shares (4.50 % of the paid up capital of Maruti Udyog Ltd (MUL)) which were held by the Government in trust for LIC pending amendments in Articles of Association of MUL.",,,Miscellaneous,-,19102007182300,-,-,False,,,,Automobiles - 4 Wheelers,INE585B01010,Maruti Suzuki India Limited,2007-10-19 18:23:00,MARUTI
11-Oct-2007 12:47:00,,-,"Maruti Udyog Limited has informed the Exchange regarding a press release dated October 11, 2007, titled ""Magneti Marelli, Suzuki Motor Corporation, Japan and Maruti Suzuki India enter into a joint venture - To manufacture electronic control units of the diesel engine"". A copy of the press release shall be available on the NSE website (http://www.nseindia.com) under: Corporates > Latest Announcements and on the Extranet Server (/Common/Corporate Announcements).<a href=/content/corporate/Maruti_PR_11102007.zip target=NEW> For more details click here.</a>",,,Press Release,-,11102007124700,-,-,False,,,,Automobiles - 4 Wheelers,INE585B01010,Maruti Suzuki India Limited,2007-10-11 12:47:00,MARUTI
01-Oct-2007 10:12:00,,-,"Maruti Udyog Limited has informed the Exchange regarding a press release dated October 01, 2007, titled ""Maruti Suzuki Sales"". The details of the press release shall be available on the NSE website   (http://www.nseindia.com) under: Corporates > Latest Announcements and on the Extranet Server (/Common/Corporate Announcements).<a href=/content/corporate/Maruti_PR_01102007.zip target=NEW> For more details click here.</a>",,,Press Release,-,01102007101200,-,-,False,,,,Automobiles - 4 Wheelers,INE585B01010,Maruti Suzuki India Limited,2007-10-01 10:12:00,MARUTI
25-Sep-2007 13:44:00,,-,"Maruti Udyog Limited has informed the Exchange vide its letter dated September 18, 2007 that pursuant to Section 21 of the Companies Act, 1956 and with the approval of Central Government, the name of Maruti Udyog Limited has changed to Maruti Suzuki India Ltd with effect from September 17, 2007.",,,Name Change,-,25092007134400,-,-,False,,,,Automobiles - 4 Wheelers,INE585B01010,Maruti Suzuki India Limited,2007-09-25 13:44:00,MARUTI
18-Sep-2007 10:15:00,,-,"Maruti Udyog Limited has informed the Exchange regarding a press release dated September 18, 2007, titled ""Maruti Udyog Limited is now Maruti Suzuki India Limited"". A copy of the press release shall be available on the NSE website (http://www.nseindia.com) under: Corporates > Latest Announcements and on the Extranet Server (/Common/Corporate Announcements).<a href=/content/corporate/Maruti_PR_18092007.zip target=NEW> For more details click here.</a>",,,Press Release,-,18092007101500,-,-,False,,,,Automobiles - 4 Wheelers,INE585B01010,Maruti Suzuki India Limited,2007-09-18 10:15:00,MARUTI
12-Sep-2007 17:17:00,,-,"Maruti Udyog Limited has submitted to the Exchange a copy of the proceedings of the Annual General Meeting of the Company held on September 06, 2007. A copy of the same shall be available on the NSE website (http://www.nseindia.com) under: Corporates > Latest Announcements and on the Extranet Server (/Common/Corporate Announcements).<a href=/content/corporate/MarutiUdyog_ProceedingsAGM.zip target=NEW> For more details click here.</a>",,,Proceedings of AGM,-,12092007171700,-,-,False,,,,Automobiles - 4 Wheelers,INE585B01010,Maruti Suzuki India Limited,2007-09-12 17:17:00,MARUTI
11-Sep-2007 17:11:00,,-,"Maruti Udyog Limited has informed the Exchange regarding a press release dated September 11, 2007, titled ""Maruti joins hands with the Gujarat Government to set up Driving and Technical Training Institute for Tribal Youth"". The details of the press release shall be available on the NSE website   (http://www.nseindia.com) under: Corporates > Latest Announcements and on the Extranet Server (/Common/Corporate Announcements).<a href=/content/corporate/maruti_PR_110907.zip target=NEW> For more details click here.</a>",,,Press Release,-,11092007171100,-,-,False,,,,Automobiles - 4 Wheelers,INE585B01010,Maruti Suzuki India Limited,2007-09-11 17:11:00,MARUTI
06-Sep-2007 13:55:00,,-,"Maruti Udyog Limited has informed the Exchange regarding a press release dated September 06, 2007, titled ""Product portfolio, R&D and new investments to drive Maruti"". A copy of the press release shall be available on the NSE website (http://www.nseindia.com) under: Corporates > Latest Announcements and on the Extranet Server (/Common/Corporate Announcements).<a href=/content/corporate/maruti_PR_060907.zip target=NEW> For more details click here.</a>",,,Press Release,-,06092007135500,-,-,False,,,,Automobiles - 4 Wheelers,INE585B01010,Maruti Suzuki India Limited,2007-09-06 13:55:00,MARUTI
03-Sep-2007 09:43:00,,-,"Maruti Udyog Limited has informed the Exchange regarding a press release dated September 01, 2007 about the sales figures for August 2007. A copy of the press release shall be available on the NSE website (http://www.nseindia.com) under: Corporates > Latest Announcements and on the Extranet Server (/Common/Corporate Announcements).<a href=/content/corporate/MarutiUdyog_PR_01092007.zip target=NEW> For more details click here.</a>",,,Press Release,-,03092007094300,-,-,False,,,,Automobiles - 4 Wheelers,INE585B01010,Maruti Suzuki India Limited,2007-09-03 09:43:00,MARUTI
01-Aug-2007 10:09:00,,-,"Maruti Udyog Limited has informed the Exchange regarding a press release dated August 01, 2007, titled ""Maruti Sales in July"". A copy of the press release shall be available on the NSE website (http://www.nseindia.com) under: Corporates > Latest Announcements and on the Extranet Server (/Common/Corporate Announcements).<a href=/content/corporate/Maruti_PR_01082007.zip target=NEW> For more details click here.</a>",,,Press Release,-,01082007100900,-,-,False,,,,Automobiles - 4 Wheelers,INE585B01010,Maruti Suzuki India Limited,2007-08-01 10:09:00,MARUTI
26-Jul-2007 20:03:00,,-,"Maruti Udyog Limited has informed the Exchange that the Annual General Meeting of the Company shall be held on September 06, 2007. The Register of Members / Transfer Books of the Company shall remain closed from August 24, 2007 to September 06, 2007 (both days inclusive) for the purpose of determining the members entitled to receive dividend on equity shares, if declared in the ensuing AGM.",,,AGM/Book Closure,-,26072007200300,-,-,False,,,,Automobiles - 4 Wheelers,INE585B01010,Maruti Suzuki India Limited,2007-07-26 20:03:00,MARUTI
26-Jul-2007 16:13:00,,-,"Maruti Udyog Limited had informed the Exchange that pursuant to the promotion of Mr. Shinichi Takeuchi, Director & Joint Managing Director, his services have been transferred to SMC operations in Japan. The Company has now informed the Exchange that: ""Mr. Masayuki Osada has been appointed as Director (Research & Development) on the Board of the Company w.e.f. July 26, 2007 by the Board of Directors of the Company in their meeting held on July 26, 2007 to fill the casual vacancy arising out of the cessation of Mr. Takeuchi as Director"".",,,Appointment,-,26072007161300,-,-,False,,,,Automobiles - 4 Wheelers,INE585B01010,Maruti Suzuki India Limited,2007-07-26 16:13:00,MARUTI
26-Jul-2007 14:52:00,,-,"Maruti Udyog Limited has informed the Exchange that: ""The Board of Directors in their meeting held on July 26, 2007 have decided to change the name of the Company from ""Maruti Udyog Limited"" to ""Maruti Suzuki India Limited"". The matter shall be taken up for approval of the Shareholders of the Company in the ensuing Annual General Meeting. Further, the Registrar of Companies, NCT of Delhi & Haryana has approved the availability of the said proposed name"". Further, a copy of the press release dated July 26, 2007, titled ""Maruti Udyog Limited to have a new name: Maruti Suzuki India Limited"" shall be available on the NSE website (http://www.nseindia.com) under: Corporates > Latest Announcements and on the Extranet Server (/Common/Corporate Announcements).<a href=/content/corporate/Maruti_PR_26072007.zip target=NEW> For more details click here.</a>",,,Change of name of the Company,-,26072007145200,-,-,False,,,,Automobiles - 4 Wheelers,INE585B01010,Maruti Suzuki India Limited,2007-07-26 14:52:00,MARUTI
26-Jul-2007 13:28:00,,-,"Maruti Udyog Limited has informed the Exchange regarding a press release dated July 26, 2007, titled ""Maruti Q1 Net up 35.18 per cent to Rs 4996 million"". A copy of the press release shall be available on the NSE website (http://www.nseindia.com) under: Corporates > Latest Announcements and on the Extranet Server (/Common/Corporate Announcements).<a href=/content/corporate/MarutiUdyog_PR_26072007.zip target=NEW> For more details click here.</a>",,,Press Release,-,26072007132800,-,-,False,,,,Automobiles - 4 Wheelers,INE585B01010,Maruti Suzuki India Limited,2007-07-26 13:28:00,MARUTI
26-Jul-2007 13:18:00,,-,Maruti Udyog Limited has informed the Exchange regarding the standalone Results for the quarter ended on 30-JUN-2007 as follows: Net Sales of Rs. 393082 lacs for quarter ending on 30-JUN-2007 against Rs. 312547 lacs for the quarter ending on 30-JUN-2006. Net Profit / (Loss) of Rs. 49960 lacs for the quarter ending on 30-JUN-2007 against Rs. 36957 lacs for the quarter ending on 30-JUN-2006.,,,"Standalone Results Update, Quarter ended, 30-JUN-2007",-,26072007131800,-,-,False,,,,Automobiles - 4 Wheelers,INE585B01010,Maruti Suzuki India Limited,2007-07-26 13:18:00,MARUTI
05-Jul-2007 13:16:00,,-,"Maruti Udyog Limited has informed the Exchange regarding a press release dated July 05, 2007, titled ""Maruti offers New Grand Vitara"". A copy of the press release shall be available on the NSE website (http://www.nseindia.com) under: Corporates > Latest Announcements and on the Extranet Server (/Common/Corporate Announcements).<a href=/content/corporate/maruti_PR_050707.zip target=NEW> For more details click here.</a>",,,Press Release,-,05072007131600,-,-,False,,,,Automobiles - 4 Wheelers,INE585B01010,Maruti Suzuki India Limited,2007-07-05 13:16:00,MARUTI
02-Jul-2007 10:07:00,,-,"Maruti Udyog Limited has informed the Exchange regarding a press release dated July 02, 2007, titled ""Maruti Sales in June"". A copy of the press release shall be available on the NSE website (http://www.nseindia.com) under: Corporates > Latest Announcements and on the Extranet Server (/Common/Corporate Announcements).<a href=/content/corporate/maruti_PR_020707.zip target=NEW> For more details click here.</a>",,,Press Release,-,02072007100700,-,-,False,,,,Automobiles - 4 Wheelers,INE585B01010,Maruti Suzuki India Limited,2007-07-02 10:07:00,MARUTI
01-Jun-2007 10:15:00,,-,"Maruti Udyog Limited has informed the Exchange regarding a press release dated June 01, 2007, titled ""Maruti Sales in May 2007"". The details of the press release shall be available on the NSE website   (http://www.nseindia.com) under: Corporates > Latest Announcements and on the Extranet Server (/Common/Corporate Announcements).<a href=/content/corporate/Maruti_PR_MaySales.zip target=NEW> For more details click here.</a>",,,Press Release,-,01062007101500,-,-,False,,,,Automobiles - 4 Wheelers,INE585B01010,Maruti Suzuki India Limited,2007-06-01 10:15:00,MARUTI
28-May-2007 15:07:00,,-,"Maruti Udyog Limited has informed the Exchange that ""Mr. Shinichi Takeuchi, Joint Managing Director was serving our Board in the capacity of nominee director of Suzuki Motor Corporation (SMC), Japan. Pursuant to his promotion and transfer to SMC operations in Japan, he has tendered his resignation from the post of Joint Managing Director w.e.f close of business hours of 26th May 2007"". ",,,Resignation,-,28052007150700,-,-,False,,,,Automobiles - 4 Wheelers,INE585B01010,Maruti Suzuki India Limited,2007-05-28 15:07:00,MARUTI
07-May-2007 12:52:00,,-,"Maruti Udyog Limited has informed the Exchange regarding a press release dated May 07, 2007, titled ""Maruti launches SX4 sedan in the premium A3 segment"". A copy of the press release shall be available on the NSE website (http://www.nseindia.com) under: Corporates > Latest Announcements and on the Extranet Server (/Common/Corporate Announcements).<a href=/content/corporate/MarutiUdyog_PR070507.zip target=NEW> For more details click here.</a>",,,Press Release,-,07052007125200,-,-,False,,,,Automobiles - 4 Wheelers,INE585B01010,Maruti Suzuki India Limited,2007-05-07 12:52:00,MARUTI
03-May-2007 09:14:00,,-,"Maruti Udyog Limited has informed the Exchange that Car market leader Maruti Udyog Limited sold 48,652 vehicles in the domestic market in April 2007.  The details of the press release shall be available on the NSE website   (http://www.nseindia.com) under: Corporates > Latest Announcements and on the Extranet Server (/Common/Corporate Announcements).<a href=/content/corporate/Maruti_PR_04052007.zip target=NEW> For more details click here.</a>",,,Press Release,-,03052007091400,-,-,False,,,,Automobiles - 4 Wheelers,INE585B01010,Maruti Suzuki India Limited,2007-05-03 09:14:00,MARUTI
24-Apr-2007 13:31:00,,-,"Maruti Udyog Limited has informed the Exchange that the Board of Directors of the Company at their meeting held on April 24, 2007 considered and recommended a final dividend aggregating Rs.13,001 lacs i.e Rs.4.50 per share (Nominal value Rs.5.00 per share) for the financial year 2006-07.",,,Final Dividend,-,24042007133100,-,-,False,,,,Automobiles - 4 Wheelers,INE585B01010,Maruti Suzuki India Limited,2007-04-24 13:31:00,MARUTI
24-Apr-2007 13:29:00,,-,"Maruti Udyog Limited has informed the Exchange regarding a press release dated April 24, 2007, titled ""Maruti Annual Net Profit up 31.4 percent to Rs.15,620 million"". The details of the press release shall be available on the NSE website   (http://www.nseindia.com) under: Corporates > Latest Announcements and on the Extranet Server (/Common/Corporate Announcements).<a href=/content/corporate/Maruti_PR_24042007.zip target=NEW> For more details click here.</a>",,,Press Release,-,24042007132900,-,-,False,,,,Automobiles - 4 Wheelers,INE585B01010,Maruti Suzuki India Limited,2007-04-24 13:29:00,MARUTI
02-Apr-2007 11:37:00,,-,"Maruti Udyog Limited has informed the Exchange regarding a press release dated April 02, 2007, titled ""Record sales top an eventful year"". The copy of the press release shall be available on the NSE website (http://www.nseindia.com) under: Corporates > Latest Announcements and on the Extranet Server (/Common/Corporate Announcements).<a href=/content/corporate/maruti_PR_020407.zip target=NEW> For more details click here.</a>",,,Press Release,-,02042007113700,-,-,False,,,,Automobiles - 4 Wheelers,INE585B01010,Maruti Suzuki India Limited,2007-04-02 11:37:00,MARUTI
20-Mar-2007 09:56:00,,-,"Maruti Udyog Limited has informed the Exchange regarding a press release, dated March 19, 2007, titled ""Maruti Revises Swift Diesel prices"". A copy of the press release shall be available on the NSE website (http://www.nseindia.com) under: Corporates > Latest Announcements and on the Extranet Server (/Common/Corporate Announcements).<a href=/content/corporate/maruti_press_200307.pdf target=NEW> For more details click here.</a>",,,Press Release,-,20032007095600,-,-,False,,,,Automobiles - 4 Wheelers,INE585B01010,Maruti Suzuki India Limited,2007-03-20 09:56:00,MARUTI
15-Mar-2007 10:05:00,,-,"Maruti Udyog Limited has informed the Exchange regarding a press release dated March 15, 2007, titled ""Car prices go up by Rs.258/- to 1017/-"". A copy of the press release shall be available on the NSE website (http://www.nseindia.com) under: Corporates > Latest Announcements and on the Extranet Server (/Common/Corporate Announcements).<a href=/content/corporate/maruti_PR_150307.zip target=NEW> For more details click here.</a>",,,Press Release,-,15032007100500,-,-,False,,,,Automobiles - 4 Wheelers,INE585B01010,Maruti Suzuki India Limited,2007-03-15 10:05:00,MARUTI
06-Mar-2007 15:52:00,,-,"Maruti Udyog Limited has informed the Exchange regarding a press release dated March 06, 2007, titled ""Alto becomes first car in India to cross 2 lakh domestic sales in a fiscal; Achieves one lakh sales in five months flat"". A copy of the press release shall be available on the NSE website (http://www.nseindia.com) under: Corporates > Latest Announcements and on the Extranet Server (/Common/Corporate Announcements).<a href=/content/corporate/maruti_PR_060307.zip target=NEW> For more details click here.</a>",,,Press Release,-,06032007155200,-,-,False,,,,Automobiles - 4 Wheelers,INE585B01010,Maruti Suzuki India Limited,2007-03-06 15:52:00,MARUTI
01-Mar-2007 10:08:00,,-,"Maruti Udyog Limited has informed the Exchange regarding a press release dated March 01, 2007, titled ""Maruti sales in February 2007"". A copy of the press release shall be available on the NSE website (http://www.nseindia.com) under: Corporates > Latest Announcements and on the Extranet Server (/Common/Corporate Announcements).<a href=/content/corporate/maruti_PR_010307.zip target=NEW> For more details click here.</a>",,,Press Release,-,01032007100800,-,-,False,,,,Automobiles - 4 Wheelers,INE585B01010,Maruti Suzuki India Limited,2007-03-01 10:08:00,MARUTI
06-Feb-2007 12:29:00,,-,"Maruti Udyog Limited has informed the Exchange regarding a press release dated February 06, 2007, titled ""Suzuki and Maruti's world-class manufacturing facilities inaugurated by Mr. Bhupinder Singh Hooda, Chief Minister, Haryana"". The details of the press release shall be available on the NSE website   (http://www.nseindia.com) under: Corporates > Latest Announcements and on the Extranet Server (/Common/Corporate Announcements).<a href=/content/corporate/Maruti_PR_06022007.zip target=NEW> For more details click here.</a>",,,Press Release,-,06022007122900,-,-,False,,,,Automobiles - 4 Wheelers,INE585B01010,Maruti Suzuki India Limited,2007-02-06 12:29:00,MARUTI
02-Feb-2007 09:29:00,,-,"Maruti Udyog Limited has informed the Exchange regarding a press release dated February 01, 2007, titled ""Maruti announces marginal price increase"". The details of the press release shall be available on the NSE website   (http://www.nseindia.com) under: Corporates > Latest Announcements and on the Extranet Server (/Common/Corporate Announcements).<a href=/content/corporate/Maruti_press_020107.zip target=NEW> For more details click here.</a>",,,Press Release,-,02022007092900,-,-,False,,,,Automobiles - 4 Wheelers,INE585B01010,Maruti Suzuki India Limited,2007-02-02 09:29:00,MARUTI
01-Feb-2007 10:41:00,,-,"Maruti Udyog Limited has informed the Exchange regarding a press release dated February 01, 2007, titled ""Maruti Sales - Records highest ever monthly sales"". The details of the press release shall be available on the NSE website   (http://www.nseindia.com) under: Corporates > Latest Announcements and on the Extranet Server (/Common/Corporate Announcements).<a href=/content/corporate/Maruti_press1_010207.zip target=NEW> For more details click here.</a>",,,Press Release,-,01022007104100,-,-,False,,,,Automobiles - 4 Wheelers,INE585B01010,Maruti Suzuki India Limited,2007-02-01 10:41:00,MARUTI
24-Jan-2007 18:02:00,,-,"Maruti Udyog Limited has informed the Exchange that ""Mr. Tsuneo Kobayashi, a non-executive director, has been appointed as Whole-time Director designated as Senior Joint Managing Director. The Board of Directors in their meeting held on 22nd January, 2007 has approved the above�.",,,Appointment,-,24012007180200,-,-,False,,,,Automobiles - 4 Wheelers,INE585B01010,Maruti Suzuki India Limited,2007-01-24 18:02:00,MARUTI
24-Jan-2007 13:00:00,,-,"Maruti Udyog Limited has informed the Exchange regarding a press release, dated January 24, 2007, titled ""Maruti launches Swift Diesel - Performance, fuel efficiency and beauty rolled into one."" The details of the press release shall be available on the NSE website (http://www.nseindia.com) under: Corporates > Latest Announcements and on the Extranet Server (/Common/Corporate Announcements).<a href=/content/corporate/Maruti_PR_24012007.zip target=NEW> For more details click here.</a>",,,Press Release,-,24012007130000,-,-,False,,,,Automobiles - 4 Wheelers,INE585B01010,Maruti Suzuki India Limited,2007-01-24 13:00:00,MARUTI
22-Jan-2007 13:14:00,,-,"Maruti Udyog Limited has informed the Exchange regarding a press release, dated January 22, 2007, titled ""Maruti Q3 Net up 11 per cent to Rs. 3764.1 million ."" The details of the press release shall be available on the NSE website (http://www.nseindia.com) under: Corporates > Latest Announcements and on the Extranet Server (/Common/Corporate Announcements).<a href=/content/corporate/maruti_press_220107.zip target=NEW> For more details click here.</a>",,,Press Release,-,22012007131400,-,-,False,,,,Automobiles - 4 Wheelers,INE585B01010,Maruti Suzuki India Limited,2007-01-22 13:14:00,MARUTI
02-Jan-2007 09:46:00,,-,"Maruti Udyog Limited has informed the Exchange regarding a press release dated January 01,2007, titled ""Maruti Sales"". The details of the press release shall be available on the NSE website   (http://www.nseindia.com) under: Corporates > Latest Announcements and on the Extranet Server (/Common/Corporate Announcements).<a href=/content/corporate/Maruti_PR_02012007.zip target=NEW> For more details click here.</a>",,,Press Release,-,02012007094600,-,-,False,,,,Automobiles - 4 Wheelers,INE585B01010,Maruti Suzuki India Limited,2007-01-02 09:46:00,MARUTI
05-Dec-2006 16:58:00,,-,"Maruti Udyog Limited has informed the Exchange regarding a press release, dated December 05, 2006, titled ""Maruti launches Zen Estilo in style."" The details of the press release shall be available on the NSE website (http://www.nseindia.com) under: Corporates > Latest Announcements and on the Extranet Server (/Common/Corporate Announcements).<a href=/content/corporate/MarutiUdyog_PR_05122006.zip target=NEW> For more details click here.</a>",,,Press Release,-,05122006165800,-,-,False,,,,Automobiles - 4 Wheelers,INE585B01010,Maruti Suzuki India Limited,2006-12-05 16:58:00,MARUTI
01-Dec-2006 09:56:00,,-,"Maruti Udyog Limited has informed the Exchange regarding a press release dated December 01,2006, titled ""Maruti Sales"". The details of the press release shall be available on the NSE website (http://www.nseindia.com) under: Corporates > Latest Announcements and on the Extranet Server (/Common/Corporate Announcements).<a href=/content/corporate/MarutiUd_PR_01122006.zip target=NEW> For more details click here.</a>",,,Press Release,-,01122006095600,-,-,False,,,,Automobiles - 4 Wheelers,INE585B01010,Maruti Suzuki India Limited,2006-12-01 09:56:00,MARUTI
01-Nov-2006 10:38:00,,-,"Maruti Udyog Limited has informed the Exchange regarding a press release dated November 01,2006, titled ""Maruti Sales - Alto clocks highest ever industry sales"". The details of the press release shall be available on the NSE website (http://www.nseindia.com) under: Corporates > Latest Announcements and on the Extranet Server (/Common/Corporate Announcements).<a href=/content/corporate/Maruti_PR_01112006.zip target=NEW> For more details click here.</a>",,,Press Release,-,01112006103800,-,-,False,,,,Automobiles - 4 Wheelers,INE585B01010,Maruti Suzuki India Limited,2006-11-01 10:38:00,MARUTI
31-Oct-2006 20:14:00,,-,"Maruti Udyog Limited has informed the Exchange that the Hon'ble High Court of Delhi ('Court'), vide its order passed on October 10,2006, has kindly sanctioned the Scheme of Amalgamation of Maruti Suzuki Automobiles India Limited (MSAIL) with Maruti Udyog Limited (MUL) in toto.",,,Scheme of Amalgamation,-,31102006201400,-,-,False,,,,Automobiles - 4 Wheelers,INE585B01010,Maruti Suzuki India Limited,2006-10-31 20:14:00,MARUTI
26-Oct-2006 14:18:00,,-,"Maruti Udyog Limited has informed the Exchange that Mr. Anil Rustgi is appointed as Company Secretary and Head of Legal, of the company.  The board of directors in their meeting held on October 26,2006 has approved the same.",,,Appointment of Company Secretary,-,26102006141800,-,-,False,,,,Automobiles - 4 Wheelers,INE585B01010,Maruti Suzuki India Limited,2006-10-26 14:18:00,MARUTI
26-Oct-2006 13:10:00,,-,"Maruti Udyog Limited has informed the Exchange regarding a press release dated October 26,2006, titled ""Maruti Q2 Net Profit up 39.9% to Rs 3674 million"". The details of the press release shall be available on the NSE website (http://www.nseindia.com) under: Corporates > Latest Announcements and on the Extranet Server (/Common/Corporate Announcements).<a href=/content/corporate/Maruti_PR_26102006.zip target=NEW> For more details click here.</a>",,,Press Release,-,26102006131000,-,-,False,,,,Automobiles - 4 Wheelers,INE585B01010,Maruti Suzuki India Limited,2006-10-26 13:10:00,MARUTI
19-Oct-2006 17:37:00,,-,"Maruti Udyog Limited has informed the Exchange that Mr. Anil Rustgi has joined the company as Company Secretary and Head of Legal with effect from the start of the business hours of October 16,2006. Mr. Anil Rustgi has resumed the role of Compliance officer with effect from the same date.",,,Appointment of Company Secretary and Compliance Officer,-,19102006173700,-,-,False,,,,Automobiles - 4 Wheelers,INE585B01010,Maruti Suzuki India Limited,2006-10-19 17:37:00,MARUTI
03-Oct-2006 11:26:00,,-,"Maruti Udyog Limited has informed the Exchange regarding a press release dated October 03,2006, titled ""Maruti Sales"". The details of the press release shall be available on the NSE website (http://www.nseindia.com) under: Corporates > Latest Announcements and on the Extranet Server (/Common/Corporate Announcements).<a href=/content/corporate/MarutiUdy_PR_03102006.zip target=NEW> For more details click here.</a>",,,Press Release,-,03102006112600,-,-,False,,,,Automobiles - 4 Wheelers,INE585B01010,Maruti Suzuki India Limited,2006-10-03 11:26:00,MARUTI
21-Sep-2006 18:04:00,,-,Maruti Udyog Limited has submitted to the Exchange a copy of the advertisement published in newspaper regarding Fixation of hearing before Honorable High Court of Delhi. A copy of the same shall be available on the NSE website (http://www.nseindia.com) under: Corporates > Latest Announcements and on the Extranet Server (/Common/Corporate Announcements).<a href=/content/corporate/MarutiUdyog_21092006.zip target=NEW> For more details click here.</a>,,,Miscellaneous,-,21092006180400,-,-,False,,,,Automobiles - 4 Wheelers,INE585B01010,Maruti Suzuki India Limited,2006-09-21 18:04:00,MARUTI
12-Sep-2006 00:00:00,,-,"Maruti Udyog Limited has submitted to the Exchange a copy of the Proceedings of the AGM of the Company held on September 05, 2006. The details of the proceedings shall be available on the NSE website (http://www.nseindia.com) under: Corporates > Latest Announcements and on the Extranet Server (/Common/Corporate Announcements).",,,Proceedings of AGM,-,12092006000000,-,-,False,,,,Automobiles - 4 Wheelers,INE585B01010,Maruti Suzuki India Limited,2006-09-12 00:00:00,MARUTI
11-Sep-2006 00:00:00,,-,"Maruti Udyog Limited has informed the Exchange that Mr. S. Ravi Aiyar, Company Secretary & Chief Legal Officer, who was also the Compliance Officer has resigned from the Company from the close of business hours of September 06, 2006.",,,Resignation,-,11092006000000,-,-,False,,,,Automobiles - 4 Wheelers,INE585B01010,Maruti Suzuki India Limited,2006-09-11 00:00:00,MARUTI
01-Sep-2006 00:00:00,,-,"Maruti Udyog Limited has informed the Exchange regarding a press release, dated September 01, 2006, titled ""Maruti Sales."" The details of the press release shall be available on the NSE website (http://www.nseindia.com) under: Corporates > Latest Announcements and on the Extranet Server (/Common/Corporate Announcements).",,,Press Release,-,01092006000000,-,-,False,,,,Automobiles - 4 Wheelers,INE585B01010,Maruti Suzuki India Limited,2006-09-01 00:00:00,MARUTI
23-Aug-2006 00:00:00,,-,"News Verification : The media had reports on August 22, 2006 that Maruti Udyog Limited is likely to issue bonus shares. The Exchange, in order to verify the accuracy or otherwise of the information reported in the media and to inform the market place so that the interest of the investors is safeguarded, had written to the officials of the company. Maruti Udyog Limited has vide its letter inter-alia stated, ""We clarify that there is no such proposal for issuance of bonus shares under consideration and we have not released any information in this regard to anybody.""",,,News Verification,-,23082006000000,-,-,False,,,,Automobiles - 4 Wheelers,INE585B01010,Maruti Suzuki India Limited,2006-08-23 00:00:00,MARUTI
22-Aug-2006 00:00:00,,-,"News Verification : The media had reports that Maruti Udyog Limited is likely to issue bonus shares. The Exchange, in order to verify the accuracy or otherwise of the information reported in the media and to inform the market place so that the interest of the investors is safeguarded, had written to the officials of the company. Reply is awaited from Maruti Udyog Limited.",,,News Verification,-,22082006000000,-,-,False,,,,Automobiles - 4 Wheelers,INE585B01010,Maruti Suzuki India Limited,2006-08-22 00:00:00,MARUTI
10-Aug-2006 00:00:00,,-,"Maruti Udyog Limited has informed the Exchange that the dividend as recommended by the board, if declared by the shareholders in the AGM, which is scheduled to be held on September 5, 2006, will be payable on or after September 9, 2006.",,,Date of Payment of Dividend,-,10082006000000,-,-,False,,,,Automobiles - 4 Wheelers,INE585B01010,Maruti Suzuki India Limited,2006-08-10 00:00:00,MARUTI
01-Aug-2006 00:00:00,,-,"Maruti Udyog Limited has informed the Exchange regarding a press release, dated, Aug 01, 2006, titled ""Maruti Sales."" The details of the press release shall be available on the NSE website (http://www.nseindia.com) under: Corporates > Latest Announcements and on the Extranet Server (/Common/Corporate Announcements).",,,Press Release,-,01082006000000,-,-,False,,,,Automobiles - 4 Wheelers,INE585B01010,Maruti Suzuki India Limited,2006-08-01 00:00:00,MARUTI
01-Aug-2006 00:00:00,,-,"Maruti Udyog Limited has informed the Exchange regarding a press release, dated, August 01, 2006, titled ""Maruti announces marginal price increase"". The details of the press release shall be available on the NSE website (http://www.nseindia.com) under: Corporates > Latest Announcements and on the Extranet Server (/Common/Corporate Announcements).",,,Press Release,-,01082006000000,-,-,False,,,,Automobiles - 4 Wheelers,INE585B01010,Maruti Suzuki India Limited,2006-08-01 00:00:00,MARUTI
31-Jul-2006 00:00:00,,-,"Maruti Udyog Limited has informed the Exchange that Transfer Book / Register of Members of the Company will remain closed from August 25, 2006 to September 05, 2006 (both days inclusive) for the purpose of determining the members entitled to receive dividend on equity shares, if declared.",,,Book Closure,-,31072006000000,-,-,False,,,,Automobiles - 4 Wheelers,INE585B01010,Maruti Suzuki India Limited,2006-07-31 00:00:00,MARUTI
27-Jul-2006 00:00:00,,-,"Maruti Udyog Limited has informed the Exchange regarding a press release dated July 27, 2006, titled ""Maruti Q1 Net up 63.19 per cent to Rs 3,695.7 million"". The details of the press release shall be available on the NSE website (http://www.nseindia.com) under: Corporates > Latest Announcements and on the Extranet Server (/Common/Corporate Announcements).",,,Press Release,-,27072006000000,-,-,False,,,,Automobiles - 4 Wheelers,INE585B01010,Maruti Suzuki India Limited,2006-07-27 00:00:00,MARUTI
19-Jul-2006 00:00:00,,-,"Maruti Udyog Limited has informed the Exchange regarding two press releases dated July 19, 2006, titled ""Maruti gives a fresh new look to WagonR"" and ""Prices-As an introductory gesture the New Wagon R will be available at unchanged price"". The details of the press releases shall be available on the NSE website (http://www.nseindia.com) under: Corporates > Latest Announcements and on the Extranet Server (/Common/Corporate Announcements).",,,Press Release,-,19072006000000,-,-,False,,,,Automobiles - 4 Wheelers,INE585B01010,Maruti Suzuki India Limited,2006-07-19 00:00:00,MARUTI
12-Jul-2006 00:00:00,,-,"Maruti Udyog Limited has informed the Exchange regarding a press release dated July 12, 2006, titled ""Bellsonica to set up operations in India - Leading Japanese auto component maker in tie-up with Maruti"". The details of the Press release shall be available on the NSE website (http://www.nseindia.com) under: Corporates > Latest Announcements and on the Extranet Server (/Common/Corporate Announcements).",,,Press Release,-,12072006000000,-,-,False,,,,Automobiles - 4 Wheelers,INE585B01010,Maruti Suzuki India Limited,2006-07-12 00:00:00,MARUTI
05-Jul-2006 00:00:00,,-,"Maruti Udyog Limited has informed the Exchange that on July 04, 2006 Maruti Suzuki Automobiles India Limited (MSAIL) has been converted into a 100% (wholly owned) subsidiary of Maruti Udyog Limited (MUL) by way of acquisition of 1,200,000 (One million and two hundred thousand) equity shares of Rs. 100 each amounting to Rs. 120,000,000 (Rupees one hundred and twenty million only) by Maruti Udyog Limited (MUL) from Suzuki Motor Corporation.",,,Miscellaneous,-,05072006000000,-,-,False,,,,Automobiles - 4 Wheelers,INE585B01010,Maruti Suzuki India Limited,2006-07-05 00:00:00,MARUTI
03-Jul-2006 00:00:00,,-,"Maruti Udyog Limited has informed the Exchange regarding a press release, dated, July 03, 2006, titled ""Maruti Sales."" The details of the press release shall be available on the NSE website (http://www.nseindia.com) under: Corporates > Latest Announcements and on the Extranet Server (/Common/Corporate Announcements).",,,Press Release,-,03072006000000,-,-,False,,,,Automobiles - 4 Wheelers,INE585B01010,Maruti Suzuki India Limited,2006-07-03 00:00:00,MARUTI
01-Jun-2006 00:00:00,,-,"Maruti Udyog Limited has informed the Exchange regarding a press release, dated, June 01, 2006, titled ""Maruti Sales."" The details of the press release shall be available on the NSE website (http://www.nseindia.com) under: Corporates > Latest Announcements and on the Extranet Server (/Common/Corporate Announcements).  ",,,Press Release,-,01062006000000,-,-,False,,,,Automobiles - 4 Wheelers,INE585B01010,Maruti Suzuki India Limited,2006-06-01 00:00:00,MARUTI
02-May-2006 00:00:00,,-,"Maruti Udyog Limited has informed the Exchange regarding a press release, dated, May 01, 2006, titled ""Maruti Sales."" The details of the press release shall be available on the NSE website (http://www.nseindia.com) under: Corporates > Latest Announcements and on the Extranet Server (/Common/Corporate Announcements).  ",,,Press Release,-,02052006000000,-,-,False,,,,Automobiles - 4 Wheelers,INE585B01010,Maruti Suzuki India Limited,2006-05-02 00:00:00,MARUTI
26-Apr-2006 00:00:00,,-,"Maruti Udyog Limited has informed the Exchange that the BoDs at their meeting held on April 26, 2006 considered and recommended a final dividend aggregating to Rs.10112 Lacs i.e. Rs 3.50 per share  (Nominal Value Rs 5.00 per share) for the financial year 2005-06.",,,Final Dividend,-,26042006000000,-,-,False,,,,Automobiles - 4 Wheelers,INE585B01010,Maruti Suzuki India Limited,2006-04-26 00:00:00,MARUTI
26-Apr-2006 00:00:00,,-,"Maruti Udyog Limited has informed the Exchange that the BoDs of the Company in its meeting held on April 13, 2006  has approved the proposals of purchasing the entire equity stake of Suzuki Motor Corporation in Maruti Suzuki Automobiles India Ltd (MSAIL), thereby converting it into a wholly owned subsidiary company and its amalgamation/merger with Maruti Udyog Ltd. with effect from April 01, 2006.",,,Amalgamation,-,26042006000000,-,-,False,,,,Automobiles - 4 Wheelers,INE585B01010,Maruti Suzuki India Limited,2006-04-26 00:00:00,MARUTI
26-Apr-2006 00:00:00,,-,"Maruti Udyog Limited has informed the Exchange regarding a press release, dated, April 26, 2006, titled, ""Maruti Annual Net profit up 39.29% to Rs.11,890.50 million-Board finalises value of SMC shares in MSAIL-New export model in 2008-09."" The details of the press release shall be available on the NSE website (http://www.nseindia.com) under: Corporates > Latest Announcements and on the Extranet Server (/Common/Corporate Announcements).",,,Press Release,-,26042006000000,-,-,False,,,,Automobiles - 4 Wheelers,INE585B01010,Maruti Suzuki India Limited,2006-04-26 00:00:00,MARUTI
13-Apr-2006 00:00:00,,-,"Maruti Udyog Limited has informed the Exchange regarding a press release, dated, April 13, 2006, titled, ""MSAIL to merge into MUL - Enhanced value to MUL shareholders"". The details of the press release shall be available on the NSE website (http://www.nseindia.com) under: Corporates > Latest Announcements and on the Extranet Server (/Common/Corporate Announcements).",,,Press Release,-,13042006000000,-,-,False,,,,Automobiles - 4 Wheelers,INE585B01010,Maruti Suzuki India Limited,2006-04-13 00:00:00,MARUTI
13-Apr-2006 00:00:00,,-,"Maruti Udyog Limited has informed the Exchange that the Following change in the directorate:(1) Mr. Kalyan Bose non-executive independent director and chairman, Audit Committee resigned from Board as well as Audit Committee;(2) Mr. Kinji Saito, Director ( Marketing & Sales), resigned from Board;(3) Mr. Amal Ganguli appointed as non-executive independent director and chairman, Audit Committee;(4) Mr. Shuji Oishi appointed as Director (Marketing & sale). The Board of Directors in their Meeting held on April 13, 2006 has approved the above.  ",,,Change in Directors,-,13042006000000,-,-,False,,,,Automobiles - 4 Wheelers,INE585B01010,Maruti Suzuki India Limited,2006-04-13 00:00:00,MARUTI
03-Apr-2006 00:00:00,,-,"Maruti Udyog Limited has informed the Exchange regarding a press release, dated, April 03, 2006, titled, ""Highest ever sales"". The details of the press release shall be available on the NSE website (http://www.nseindia.com) under: Corporates > Latest Announcements and on the Extranet Server (/Common/Corporate Announcements).",,,Press Release,-,03042006000000,-,-,False,,,,Automobiles - 4 Wheelers,INE585B01010,Maruti Suzuki India Limited,2006-04-03 00:00:00,MARUTI
01-Mar-2006 00:00:00,,-,"Maruti Udyog Limited has informed the Exchange regarding a press release, dated, February 28, 2006, titled, ""Maruti Cars to be cheaper; Excise benefit passed on to customers."" The details of the press release shall be available on the NSE website (http://www.nseindia.com) under: Corporates > Latest Announcements and on the Extranet Server (/Common/Corporate Announcements).",,,Press Release,-,01032006000000,-,-,False,,,,Automobiles - 4 Wheelers,INE585B01010,Maruti Suzuki India Limited,2006-03-01 00:00:00,MARUTI
01-Mar-2006 00:00:00,,-,"Maruti Udyog Limited has informed the Exchange regarding a press release, dated, March 01, 2006, titled, ""Maruti sales in February 2006; 'Budget anticipation' impacts sales."" The details of the press release shall be available on the NSE website (http://www.nseindia.com) under: Corporates > Latest Announcements and on the Extranet Server (/Common/Corporate Announcements).",,,Press Release,-,01032006000000,-,-,False,,,,Automobiles - 4 Wheelers,INE585B01010,Maruti Suzuki India Limited,2006-03-01 00:00:00,MARUTI
01-Feb-2006 00:00:00,,-,"Maruti Udyog Limited has informed the Exchange regarding a press release dated February 01, 2006, titled 'Maruti Sales in January 2006'. The details of the press release shall be available on the NSE website (http://www.nseindia.com) under: Corporates > Latest Announcements and on the Extranet Server (/Common/CorporateAnnouncements).",,,Press Release,-,01022006000000,-,-,False,,,,Automobiles - 4 Wheelers,INE585B01010,Maruti Suzuki India Limited,2006-02-01 00:00:00,MARUTI
24-Jan-2006 00:00:00,,-,"Maruti Udyog Limited has informed the Exchange that Life Insurance Corporation of India has acquired 16800000 shares aggregating to 5.81% of the total paid up capital of Maruti Udyog Limited on January 16, 2006. The mode of acquisition is off Market deal and the shareholding of Life Insurance Corporation of India after the said acquisition is 28821526 shares aggregating to 9.97% of the total paid up capital of Maruti Udyog Limited.",,,Reg 7 of SEBI (Susbs Acq of shares & Takeovers),-,24012006000000,-,-,False,,,,Automobiles - 4 Wheelers,INE585B01010,Maruti Suzuki India Limited,2006-01-24 00:00:00,MARUTI
23-Jan-2006 00:00:00,,-,"Maruti Udyog Limited has informed the Exchange that The President of India acting through the Joint Secretary Department of Heavy Industry has sold 2,31,12,804 shares aggregating to 8% of the total share capital of Maruti Udyog Limited. The mode of sale is through off market transactions and the shareholding of The President of India acting through the Joint Secretary Department of Heavy Industry after the said sale is 2,97,11,216 shares aggregating to 10.28% of the total share capital of Maruti Udyog Limited.",,,Reg.13-SEBI(Prohibition of Insider Trading Regulations)1992,-,23012006000000,-,-,False,,,,Automobiles - 4 Wheelers,INE585B01010,Maruti Suzuki India Limited,2006-01-23 00:00:00,MARUTI
18-Jan-2006 00:00:00,,-,"Government of India, Ministry of Finance has informed the Exchange that The President of India acting through the Joint Secretary Department of Heavy Industry has sold 2,31,12,804 shares aggregating to 8% of the total paid up capital of Maruti Udyog Limited. The mode of sale is through off market transactions and the shareholding of The President of India acting through the Joint Secretary Department of Heavy Industry after the said sale is 2,97,11,216 shares aggregating to 10.28% of the total paid up capital of Maruti Udyog Limited.",,,Reg.13-SEBI(Prohibition of Insider Trading Regulations)1992,-,18012006000000,-,-,False,,,,Automobiles - 4 Wheelers,INE585B01010,Maruti Suzuki India Limited,2006-01-18 00:00:00,MARUTI
17-Jan-2006 00:00:00,,-,"Life Insurance Corporation of India has informed the Exchange that they have acquired 1,68,00,000 equity shares of Maruti Udyog Limited @ Rs.682/- per share in the process of disinvestments of shares by the Department of Disinvestment, Ministry of Finance, Government of India. The Corporation has paid the full consideration of Rs.1145.76 crore on January 17, 2006 as per allotment letter from Govt. of India ref.F.No.7/4/2005-DOD dated January 12, 2006.",,,Purchase of shares,-,17012006000000,-,-,False,,,,Automobiles - 4 Wheelers,INE585B01010,Maruti Suzuki India Limited,2006-01-17 00:00:00,MARUTI
09-Jan-2006 00:00:00,,-,"Maruti Udyog Limited has informed the Exchange that the Company has announced an increase in price of all its models. The increase, which comes into effect from January 09, 2006, varies from Rs. 1,500 to Rs.15,000 on various models. Further the Company has issued a Press release dated January 09, 2006, titled 'Maruti announces price increase'. The details of the Press release shall be available on the NSE website (http://www.nseindia.com) under: Corporates > Latest Announcements and on the Extranet Server (/Common/Corporate Announcements).",,,Press Release,-,09012006000000,-,-,False,,,,Automobiles - 4 Wheelers,INE585B01010,Maruti Suzuki India Limited,2006-01-09 00:00:00,MARUTI
05-Jan-2006 00:00:00,,-,"Maruti Udyog Limited has informed the Exchange that Mr. Amal Ganguli, has submitted his resignation which was considered and accepted by the BODs in their meeting held on December 24, 2005. The Board has filled up the casual vacancy caused due to the resignation of Mr. Amal Ganguli by appointing Mr. Kalyan Bose in his place and stead, as a non executive independent director of the company w.e.f. December 24, 2005.",,,Change in Board of Directors,-,05012006000000,-,-,False,,,,Automobiles - 4 Wheelers,INE585B01010,Maruti Suzuki India Limited,2006-01-05 00:00:00,MARUTI
02-Jan-2006 00:00:00,,-,"Maruti Udyog Limited has informed the Exchange regarding a press release dated January 02, 2006, titled 'Maruti Sales in December 2005'. The details of the press release shall be available on the NSE website (http://www.nseindia.com) under: Corporates > Latest Announcements and on the Extranet Server (/Common/CorporateAnnouncements).",,,Press Release,-,02012006000000,-,-,False,,,,Automobiles - 4 Wheelers,INE585B01010,Maruti Suzuki India Limited,2006-01-02 00:00:00,MARUTI
01-Dec-2005 00:00:00,,-,"Maruti Udyog Limited has informed the Exchange regarding a press release dated December 01, 2005, titled 'Maruti sales in November 2005'. The details of the press release shall be available on the NSE website (http://www.nseindia.com) under: Corporates > Latest Announcements and on the Extranet Server (/Common/CorporateAnnouncements).",,,Press Release,-,01122005000000,-,-,False,,,,Automobiles - 4 Wheelers,INE585B01010,Maruti Suzuki India Limited,2005-12-01 00:00:00,MARUTI
07-Nov-2005 00:00:00,,-,"Maruti Udyog Limited has informed the Exchange regarding a press release dated November 03, 2005, titled 'Maruti sales in October 2005 - Highest ever passenger car sale in the domestic market in a month - Highest ever monthly sale in A2 segment - Highest ever monthly sale of Alto'. The details of the press release shall be available on the NSE website (http://www.nseindia.com) under: Corporates > Latest Announcements and on the Extranet Server (/Common/CorporateAnnouncements).",,,Press Release,-,07112005000000,-,-,False,,,,Automobiles - 4 Wheelers,INE585B01010,Maruti Suzuki India Limited,2005-11-07 00:00:00,MARUTI
27-Oct-2005 00:00:00,,-,"Maruti Udyog Limited has informed the Exchange regarding a press release dated October 27, 2005, titled 'Maruti introduces 'WagonR Primea.' The details of the press release shall be available on the NSE website (http://www.nseindia.com) under: Corporates > Latest Announcements and on the Extranet Server (/Common/CorporateAnnouncements).",,,Press Release,-,27102005000000,-,-,False,,,,Automobiles - 4 Wheelers,INE585B01010,Maruti Suzuki India Limited,2005-10-27 00:00:00,MARUTI
03-Oct-2005 00:00:00,,-,"Maruti Udyog Limited has informed the Exchange regarding a press release dated October 03, 2005, titled 'Maruti Sales in September 2005.' The details of the press release shall be available on the NSE website (http://www.nseindia.com) under: Corporates > Latest Announcements and on the Extranet Server (/Common/CorporateAnnouncements).",,,Press Release,-,03102005000000,-,-,False,,,,Automobiles - 4 Wheelers,INE585B01010,Maruti Suzuki India Limited,2005-10-03 00:00:00,MARUTI
03-Oct-2005 00:00:00,,-,"Maruti Udyog Limited has informed the Exchange regarding a press release dated October 03, 2005, titled 'Maruti announces first round of price increase.' The details of the press release shall be available on the NSE website (http://www.nseindia.com) under: Corporates > Latest Announcements and on the Extranet Server (/Common/CorporateAnnouncements).",,,Press Release,-,03102005000000,-,-,False,,,,Automobiles - 4 Wheelers,INE585B01010,Maruti Suzuki India Limited,2005-10-03 00:00:00,MARUTI
21-Sep-2005 00:00:00,,-,"Maruti Udyog Limited has submitted to the Exchange a copy of the Proceedings of the AGM of the Company held on September 09, 2005. The details of the same shall be available on the NSE website (http://www.nseindia.com) under: Corporates > Latest Announcements and on the Extranet Server (/Common/CorporateAnnouncements).",,,Proceedings of AGM,-,21092005000000,-,-,False,,,,Automobiles - 4 Wheelers,INE585B01010,Maruti Suzuki India Limited,2005-09-21 00:00:00,MARUTI
01-Sep-2005 00:00:00,,-,"Maruti Udyog Limited has informed the Exchange that the company has issued a press release dated September 01, 2005, titled ""Maruti Sales in August 2005"". The details of the press release shall be available on the NSE website (http://www.nseindia.com) under: Corporates > Latest Announcements and on the Extranet Server (/Common/CorporateAnnouncements).",,,Press Release,-,01092005000000,-,-,False,,,,Automobiles - 4 Wheelers,INE585B01010,Maruti Suzuki India Limited,2005-09-01 00:00:00,MARUTI
05-Aug-2005 00:00:00,,-,"Maruti Udyog Limited has informed the Exchange that the AGM of the Company will be held on September 09, 2005.",,,Date of AGM,-,05082005000000,-,-,False,,,,Automobiles - 4 Wheelers,INE585B01010,Maruti Suzuki India Limited,2005-08-05 00:00:00,MARUTI
04-Aug-2005 00:00:00,,-,"Maruti Udyog Limited has informed the Exchange that transfer book/register of members of the company will remain closed from August 29,2005 to September 09,2005(both day inclusive) for the purpose of determining the members entitled to receive dividend on equity shares,if declared.",,,Book Closure,-,04082005000000,-,-,False,,,,Automobiles - 4 Wheelers,INE585B01010,Maruti Suzuki India Limited,2005-08-04 00:00:00,MARUTI
02-Aug-2005 00:00:00,,-,"Maruti Udyog Limited has informed the Exchange that Government of India, who is holding 18.28% in the equity capital of the company, vide letter no. F.No.2(8)/89-PE-VI dated July 22, 2005 has nominated Dr. Surajit Mitra, Joint Secretary, Department of Heavy Industry as a Part -time Director on the Board of the Company in Place of Mr. S.V. Bhave subject to the approval of the shareholders in the General Meeting of the Company. Consequently, the Company in its Meeting of the BODs held on July 25, 2005 has accepeted the same and appointed Dr. Surajit Mitra as Part - time Director in place of Mr. S.V. Bhave.",,,Outcome of Board Meeting,-,02082005000000,-,-,False,,,,Automobiles - 4 Wheelers,INE585B01010,Maruti Suzuki India Limited,2005-08-02 00:00:00,MARUTI
01-Aug-2005 00:00:00,,-,"Maruti Udyog Limited has informed the Exchange that the company has issued a press release dated August 01, 2005, titled ""Maruti Sales in July 2005"". The details of the press release shall be available on the NSE website (http://www.nseindia.com) under: Corporates > Latest Announcements and on the Extranet Server (/Common/CorporateAnnouncements).",,,Press Release,-,01082005000000,-,-,False,,,,Automobiles - 4 Wheelers,INE585B01010,Maruti Suzuki India Limited,2005-08-01 00:00:00,MARUTI
01-Aug-2005 00:00:00,,-,"Maruti Udyog Limited has informed the Exchange that the company has issued a press release dated August 01, 2005, titled ""Maruti Introduces the New Alto"". The details of the press release shall be available on the NSE website (http://www.nseindia.com) under: Corporates > Latest Announcements and on the Extranet Server (/Common/CorporateAnnouncements).",,,Press Release,-,01082005000000,-,-,False,,,,Automobiles - 4 Wheelers,INE585B01010,Maruti Suzuki India Limited,2005-08-01 00:00:00,MARUTI
01-Jul-2005 00:00:00,,-,"Maruti Udyog Limited has informed the Exchange that the company has issued a press release dated July 01, 2005, titled ""Maruti Sales in June 2005"". The details of the press release shall be available on the NSE website (http://www.nseindia.com) under: Corporates > Latest Announcements and on the Extranet Server (/Common/CorporateAnnouncements).",,,Press Release,-,01072005000000,-,-,False,,,,Automobiles - 4 Wheelers,INE585B01010,Maruti Suzuki India Limited,2005-07-01 00:00:00,MARUTI
13-Jun-2005 00:00:00,,-,"Maruti Udyog Limited has informed the Exchange that the company has issued a press release dated June 13, 2005, titled ""Maruti 800 price reduction to benefit customers, expand market"". The details of the press release shall be available on the NSE website (http://www.nseindia.com) under: Corporates > Latest Announcements and on the Extranet Server (/Common/CorporateAnnouncements).",,,Press Release,-,13062005000000,-,-,False,,,,Automobiles - 4 Wheelers,INE585B01010,Maruti Suzuki India Limited,2005-06-13 00:00:00,MARUTI
06-Jun-2005 00:00:00,,-,"Maruti Udyog Limited has informed the Exchange that the company has issued a press release dated June 06, 2005, titled ""Haryana CM lays foundation stone for new Maruti plant"". The details of the press release shall be available on the NSE website (http://www.nseindia.com) under: Corporates > Latest Announcements and on the Extranet Server (/Common/CorporateAnnouncements).",,,Press Release,-,06062005000000,-,-,False,,,,Automobiles - 4 Wheelers,INE585B01010,Maruti Suzuki India Limited,2005-06-06 00:00:00,MARUTI
01-Jun-2005 00:00:00,,-,"Maruti Udyog Limited has informed the Exchange that the company has issued a press release dated June 01, 2005, titled ""Maruti Sales for May 2005 "". The details of the press release shall be available on the NSE website (http://www.nseindia.com) under: Corporates > Latest Announcements and on the Extranet Server (/Common/CorporateAnnouncements).",,,Press Release,-,01062005000000,-,-,False,,,,Automobiles - 4 Wheelers,INE585B01010,Maruti Suzuki India Limited,2005-06-01 00:00:00,MARUTI
25-May-2005 00:00:00,,-,"Maruti Udyog Limited has informed the Exchange that the Company has issued a press release dated May 25, 2005, titled 'Swift launched in Delhi'. The details of the press release shall be available on the NSE website (http://www.nseindia.com) under: Corporates > Latest Announcements and on the Extranet Server (/Common/CorporateAnnouncements).",,,Press Release,-,25052005000000,-,-,False,,,,Automobiles - 4 Wheelers,INE585B01010,Maruti Suzuki India Limited,2005-05-25 00:00:00,MARUTI
11-May-2005 00:00:00,,-,"Maruti Udyog Limited has informed the Exchange that though there has been no change in the company's directorate, however the following directors have been re-appointed in the Board Meeting held on May 06, 2005 as under: 1) Mr. Jagdish Khattar has been re-appointed as the Managing Director for a period of three years or till his attaining the age of 65 years whichever is earlier; and 2)Mr. Kinji Saito has been re-appointed as a whole-time director designated as Director (Marketing & Sales) for a period of two years. The company has further informed that both these re-appointments take effect from May 30, 2005 and/or subject to approval of the members of the company in the ensuing AGM.",,,Re-appointment,-,11052005000000,-,-,False,,,,Automobiles - 4 Wheelers,INE585B01010,Maruti Suzuki India Limited,2005-05-11 00:00:00,MARUTI
06-May-2005 00:00:00,,-,"Maruti Udyog Limited has informed the Exchange that the BOD's at their meeting held on May 06, 2005, considered and recommended a final dividend aggregating to Rs.5778 lacs i.e. Rs.2.00 per share (Nominal Value Rs.5 per share) for the FY 2004-05.",,,Dividend,-,06052005000000,-,-,False,,,,Automobiles - 4 Wheelers,INE585B01010,Maruti Suzuki India Limited,2005-05-06 00:00:00,MARUTI
03-May-2005 00:00:00,,-,"Maruti Udyog Limited has informed the Exchange that the company has issued a press release dated May 02, 2005, titled ""Maruti sales for April, 2005 "". The details of the press release shall be available on the NSE website (http://www.nseindia.com) under: Corporates > Latest Announcements and on the Extranet Server (/Common/CorporateAnnouncements).",,,Press Release,-,03052005000000,-,-,False,,,,Automobiles - 4 Wheelers,INE585B01010,Maruti Suzuki India Limited,2005-05-03 00:00:00,MARUTI
02-May-2005 00:00:00,,-,"Maruti Udyog Limited has informed the Exchange that the company has issued a press release dated May 02, 2005 titled ""Nominal Hike in Maruti Prices"". The details of the press release shall be available on the NSE website (http://www.nseindia.com) under: Corporates > Latest Announcements and on the Extranet Server (/Common/CorporateAnnouncements).",,,Press Release,-,02052005000000,-,-,False,,,,Automobiles - 4 Wheelers,INE585B01010,Maruti Suzuki India Limited,2005-05-02 00:00:00,MARUTI
27-Apr-2005 00:00:00,,-,"Maruti Udyog Limited has informed the Exchange that the company has issued a press release dated April 27, 2005 titled ""Five millionth Maruti car rolls out"". The details of the press release shall be available on the NSE website (http://www.nseindia.com) under: Corporates > Latest Announcements and on the Extranet Server (/Common/CorporateAnnouncements).",,,Press Release,-,27042005000000,-,-,False,,,,Automobiles - 4 Wheelers,INE585B01010,Maruti Suzuki India Limited,2005-04-27 00:00:00,MARUTI
11-Apr-2005 00:00:00,,-,"Maruti Udyog Limited has informed the Exchange that the company has issued a press release dated April 09, 2005, titled ""Upgraded Omni comes with new look, more features"". The details of the press release shall be available on the NSE website (http://www.nseindia.com) under: Corporates > Latest Announcements and on the Extranet Server (/Common/CorporateAnnouncements).",,,Press Release,-,11042005000000,-,-,False,,,,Automobiles - 4 Wheelers,INE585B01010,Maruti Suzuki India Limited,2005-04-11 00:00:00,MARUTI
06-Apr-2005 00:00:00,,-,"Maruti Udyog Limited has informed the Exchange that the company has issued a press release dated April 06, 2005, titled ""Maruti Board clears Rs 32719 mn investment for two ventures - Engine plant will also make petrol engines, gears"". The details of the press release shall be available on the NSE website (http://www.nseindia.com) under: Corporates > Latest Announcements and on the Extranet Server (/Common/CorporateAnnouncements).",,,Press Release,-,06042005000000,-,-,False,,,,Automobiles - 4 Wheelers,INE585B01010,Maruti Suzuki India Limited,2005-04-06 00:00:00,MARUTI
04-Apr-2005 00:00:00,,-,"Maruti Udyog Limited has informed the Exchange that the company has issued a press release dated April 04, 2005 titled ""Year 2005: Records, Awards and Road Safety"". The details of the press release shall be available on the NSE website (http://www.nseindia.com) under: Corporates > Latest Announcements and on the Extranet Server (/Common/CorporateAnnouncements).",,,Press Release,-,04042005000000,-,-,False,,,,Automobiles - 4 Wheelers,INE585B01010,Maruti Suzuki India Limited,2005-04-04 00:00:00,MARUTI
21-Mar-2005 00:00:00,,-,"Maruti Udyog Limited has informed the Exchange that the company has issued a press release dated March 19,2005 titled ""Maruti To Set Up Hi-Tech Driving Schools To Improve Road Safety"". The details of the press release shall be available on the NSE website (http://www.nseindia.com) under: Corporates > Latest Announcements and on the Extranet Server (/Common/CorporateAnnouncements).",,,Press Release,-,21032005000000,-,-,False,,,,Automobiles - 4 Wheelers,INE585B01010,Maruti Suzuki India Limited,2005-03-21 00:00:00,MARUTI
18-Mar-2005 00:00:00,,-,"Maruti Udyog Limited has informed the Exchange regarding a press release dated March 18, 2005, being issued by the Company, titled ""Maruti Production in March 2005"". The details of the press release shall be available on the NSE website (http://www.nseindia.com) under: Corporates > Latest Announcements and on the Extranet Server (/Common/CorporateAnnouncements).",,,Press Release,-,18032005000000,-,-,False,,,,Automobiles - 4 Wheelers,INE585B01010,Maruti Suzuki India Limited,2005-03-18 00:00:00,MARUTI
01-Mar-2005 00:00:00,,-,"Maruti Udyog Limited has informed the Exchange that the company has issued a press release dated March 01, 2005, titled ""Maruti sales in February 2005 - 'Budget anticipation' moderates growth"". The details of the press release shall be available on the NSE website (http://www.nseindia.com) under: Corporates > Latest Announcements and on the Extranet Server (/Common/CorporateAnnouncements).",,,Press Release,-,01032005000000,-,-,False,,,,Automobiles - 4 Wheelers,INE585B01010,Maruti Suzuki India Limited,2005-03-01 00:00:00,MARUTI
16-Feb-2005 00:00:00,,-,"Clarification of News : The press had reports on February 12, 2005 that Suzuki may make an open offer for Maruti Udyog Limited. The Exchange, in order to verify the accuracy or otherwise of the information reported in the press and to inform the market place so that the interest of the investors is safeguarded, had written to the officials of the company. Maruti Udyog Limited has in its letter inter-alia stated, ""We have learnt from Suzuki Motor Corporation (SMC) that they have not taken any decision to make an open offer for shares of MUL. No communication in this regard was made by either SMC or by us with Press/Media. The rumour about an open offer by SMC for shares of MUL, as reported in the press is thus denied.""",,,Clarification of News,-,16022005000000,-,-,False,,,,Automobiles - 4 Wheelers,INE585B01010,Maruti Suzuki India Limited,2005-02-16 00:00:00,MARUTI
14-Feb-2005 00:00:00,,-,"Clarification of News : The press had reports on February 12, 2005 that Suzuki may make an open offer for Maruti Udyog Limited. The Exchange, in order to verify the accuracy or otherwise of the information reported in the press and to inform the market place so that the interest of the investors is safeguarded, had written to the officials of the company. Reply is awaited from Maruti Udyog Limited.",,,Clarification of News,-,14022005000000,-,-,False,,,,Automobiles - 4 Wheelers,INE585B01010,Maruti Suzuki India Limited,2005-02-14 00:00:00,MARUTI
01-Feb-2005 00:00:00,,-,"Maruti Udyog Limited has informed the Exchange that the company has sold 48,544 vehicles in January 2005. This includes 3,244 units of exports. The details of press release issued by the company regarding the same shall be available on the NSE website (http://www.nseindia.com) under: Corporates > Latest Announcements and on the Extranet Server (/Common/CorporateAnnouncements).",,,Press Release,-,01022005000000,-,-,False,,,,Automobiles - 4 Wheelers,INE585B01010,Maruti Suzuki India Limited,2005-02-01 00:00:00,MARUTI
25-Jan-2005 00:00:00,,-,"Maruti Udyog Limited has informed the Exchange that the company has on January 24, 2005 issued a press release titled ""MARUTI Q3 Net Profit up 70.3% to Rs.2396.6 million"". The details of the press release issued by the Company shall be available on the NSE website (http://www.nseindia.com) under: Corporates > Latest Announcements and on the Extranet Server (/Common/CorporateAnnouncements).",,,Press Release,-,25012005000000,-,-,False,,,,Automobiles - 4 Wheelers,INE585B01010,Maruti Suzuki India Limited,2005-01-25 00:00:00,MARUTI
07-Jan-2005 00:00:00,,-,"Maruti Udyog Limited has informed the Exchange that the company has on January 06,2005 issued a press release titled "" MARUTI INTRODUCES BHARAT III VARIANTS"". The details of the press release issued by the Company shall be available on the NSE website (http://www.nseindia.com) under: Corporates > Latest Announcements and on the Extranet Server (/Common/CorporateAnnouncements).",,,Press Release,-,07012005000000,-,-,False,,,,Automobiles - 4 Wheelers,INE585B01010,Maruti Suzuki India Limited,2005-01-07 00:00:00,MARUTI
03-Jan-2005 00:00:00,,-,"Maruti Udyog Limited has informed the Exchange that on January 03,2005 the company has issued a press release titled ""Maruti sales for December 2004"". The details of the press release issued by the Company shall be available on the NSE website (http://www.nseindia.com) under: Corporates > Latest Announcements and on the Extranet Server (/Common/CorporateAnnouncements).",,,Press Release,-,03012005000000,-,-,False,,,,Automobiles - 4 Wheelers,INE585B01010,Maruti Suzuki India Limited,2005-01-03 00:00:00,MARUTI
28-Dec-2004 00:00:00,,-,"Maruti Udyog Limited has informed the Exchange that the company has issued on December 28,2004 a press release titled ""Maruti pledges relief for Tsunami victims"". The details of the press release issued by the Company shall be available on the NSE website (http://www.nseindia.com) under: Corporates > Latest Announcements and on the Extranet Server (/Common/CorporateAnnouncements).",,,Press Release,-,28122004000000,-,-,False,,,,Automobiles - 4 Wheelers,INE585B01010,Maruti Suzuki India Limited,2004-12-28 00:00:00,MARUTI
01-Dec-2004 00:00:00,,-,"Maruti Udyog Limited has informed the Exchange that the company has sold 42,842 vehicles in November 2004. This includes 1,894 units of exports. The details of press release issued by the company regarding the same shall be available on the NSE website (http://www.nseindia.com) under: Corporates > Latest Announcements and on the Extranet Server (/Common/CorporateAnnouncements).",,,Press Release,-,01122004000000,-,-,False,,,,Automobiles - 4 Wheelers,INE585B01010,Maruti Suzuki India Limited,2004-12-01 00:00:00,MARUTI
29-Nov-2004 00:00:00,,-,"Maruti Udyog Limited has informed the Exchange that due to unavoidable circumstances,the management has decided to change the existing Share Transfer Agent i.e. MCS Limited,Sri Venkatesh Bhawan,W-40,Okhla Industrial Area,Phase-II,New Delhi to Karvy Computershare Private Limited,46,Avenue 4,Street No.1,Banjara Hills,Hyderabad-500034 w.e.f Janaury 01,2005.",,,Change in Registrar & Share Transfer Agent,-,29112004000000,-,-,False,,,,Automobiles - 4 Wheelers,INE585B01010,Maruti Suzuki India Limited,2004-11-29 00:00:00,MARUTI
01-Nov-2004 00:00:00,,-,"Maruti Udyog Limited has informed the Exchange that the company has sold 49,399 vehicles in October 2004. This includes 5,458 units of exports. The details of press release issued by the company regarding the same shall be available on the NSE website (http://www.nseindia.com) under: Corporates > Latest Announcements and on the Extranet Server (/Common/CorporateAnnouncements).",,,Press Release,-,01112004000000,-,-,False,,,,Automobiles - 4 Wheelers,INE585B01010,Maruti Suzuki India Limited,2004-11-01 00:00:00,MARUTI
01-Oct-2004 00:00:00,,-,"Maruti Udyog Limited has informed the Exchange that the company has sold 43,949 vehicles in September 2004. This includes 3,627 units of exports. The press release issued by the company regarding the same shall be available on the NSE website (http://www.nseindia.com) under: Corporates > Latest Announcements and on the Extranet Server (/Common/CorporateAnnouncements).",,,Press Release,-,01102004000000,-,-,False,,,,Automobiles - 4 Wheelers,INE585B01010,Maruti Suzuki India Limited,2004-10-01 00:00:00,MARUTI
24-Sep-2004 00:00:00,,-,"Maruti Udyog Limited has informed the Exchange that Mr. Junzo Sugimori, Joint Managing Director tendered his resignation vide  a letter dated September 22, 2004 in the meeting of the BoD's of the company held on September 23, 2004 and the same is accepted by the Board. Further, Mr. Hirofumi Nagao, erstwhile Executive Director (Administration) was elevated and appointed as a whole time Director re-designated as Joint Managing Director in the casual vacancy caused by the resignation of Mr. J Sugimori subject to the approval of the shareholders in the General Meeting of the Company.",,,Change in company's directorate,-,24092004000000,-,-,False,,,,Automobiles - 4 Wheelers,INE585B01010,Maruti Suzuki India Limited,2004-09-24 00:00:00,MARUTI
23-Sep-2004 00:00:00,,-,"Maruti Udyog Limited has informed the Exchange that the BoD's of the company examined various options for expanding production capacity in view of the fact that the existing production facility in Gurgaon was operating at close to full capacity. The Board decided the best option would be to set up a new joint venture company with Suzuki Motor Corporation of Japan to manage and operate a new vehicle manufacturing plant. The Board further decided that Maruti Udyog Limited will control a 70 per cent stake in the new joint venture company and Suzuki Motor Corporation, Japan, will hold the remaining 30 per cent stake in the new company. The details of the press release issued by the Company regarding the same shall be available on the NSE website (http://www.nseindia.com) under: Corporates > Latest Announcements and on the Extranet Server (/Common/CorporateAnnouncements).",,,Press Release,-,23092004000000,-,-,False,,,,Automobiles - 4 Wheelers,INE585B01010,Maruti Suzuki India Limited,2004-09-23 00:00:00,MARUTI
