an_dt,attFileSize,attchmntFile,attchmntText,bflag,csvName,desc,difference,dt,exchdisstime,fileSize,hasXbrl,old_new,orgid,seq_id,smIndustry,sm_isin,sm_name,sort_date,symbol
18-Aug-2026 11:57:32,10.12 MB,https://nsearchives.nseindia.com/corporate/TITAN_18082026115647_SENewspaper1.pdf,Titan Company Limited has informed the Exchange about Copy of Newspaper Publication,,,Copy of Newspaper Publication,00:00:02,18082026115732,18-Aug-2026 11:57:34,10.12 MB,True,,,106748028,Gems Jewellery And Watches,INE280A01010,Titan Company Limited,2026-08-18 11:57:32,TITAN
17-Aug-2026 16:04:59,197.50 KB,https://nsearchives.nseindia.com/corporate/TITAN_17082026155958_SEintimation.pdf,Titan Company Limited has informed the Exchange about Schedule of meet,,,Analysts/Institutional Investor Meet/Con. Call Updates,00:00:01,17082026160459,17-Aug-2026 16:05:00,197.50 KB,True,,,106746930,Gems Jewellery And Watches,INE280A01010,Titan Company Limited,2026-08-17 16:04:59,TITAN
17-Aug-2026 12:10:51,797.95 KB,https://nsearchives.nseindia.com/corporate/TITAN_17082026121027_SEIntimationPostalballot.pdf,Titan Company Limited has informed the Exchange regarding Notice of Postal Ballot,,,Shareholders meeting,00:00:01,17082026121051,17-Aug-2026 12:10:52,797.95 KB,True,,,106746666,Gems Jewellery And Watches,INE280A01010,Titan Company Limited,2026-08-17 12:10:51,TITAN
14-Aug-2026 16:41:07,181.55 KB,https://nsearchives.nseindia.com/corporate/TITAN_14082026164055_SEintimation_14_August_26.pdf,Titan Company Limited has informed the Exchange about Schedule of meet,,,Analysts/Institutional Investor Meet/Con. Call Updates,00:00:01,14082026164107,14-Aug-2026 16:41:08,181.55 KB,True,,,106744512,Gems Jewellery And Watches,INE280A01010,Titan Company Limited,2026-08-14 16:41:07,TITAN
11-Aug-2026 22:55:17,417.85 KB,https://nsearchives.nseindia.com/corporate/TITAN_11082026225424_SEanalystcalltranscriptQ1.pdf,Titan Company Limited has informed the Exchange about Earnings Call Transcripts,,,Analysts/Institutional Investor Meet/Con. Call Updates,00:00:01,11082026225517,11-Aug-2026 22:55:18,417.85 KB,True,,,106738073,Gems Jewellery And Watches,INE280A01010,Titan Company Limited,2026-08-11 22:55:17,TITAN
08-Aug-2026 13:19:03,4.86 MB,https://nsearchives.nseindia.com/corporate/TITAN_08082026131841_SEnewspaperadQ1result.pdf,Titan Company Limited has informed the Exchange about Copy of Newspaper publication for Unaudited financial results for the first quarter ended 30th June 2026,,,Copy of Newspaper Publication,00:00:01,08082026131903,08-Aug-2026 13:19:04,4.86 MB,True,,,106732955,Gems Jewellery And Watches,INE280A01010,Titan Company Limited,2026-08-08 13:19:03,TITAN
07-Aug-2026 22:09:15,192.13 KB,https://nsearchives.nseindia.com/corporate/TITAN_07082026220858_SEanalystrecordingQ1.pdf,Titan Company Limited has informed the Exchange about Link of Recording,,,Analysts/Institutional Investor Meet/Con. Call Updates,00:00:01,07082026220915,07-Aug-2026 22:09:16,192.13 KB,True,,,106732530,Gems Jewellery And Watches,INE280A01010,Titan Company Limited,2026-08-07 22:09:15,TITAN
07-Aug-2026 19:22:53,21.04 MB,https://nsearchives.nseindia.com/corporate/TITAN_07082026192145_Outcome_7_Aug_26.pdf,Titan Company Limited has informed the Exchange about Titan Company Limited Performance Based Stock Unit Scheme 2026.,,,General Updates,00:00:02,07082026192253,07-Aug-2026 19:22:55,21.04 MB,True,,,106732208,Gems Jewellery And Watches,INE280A01010,Titan Company Limited,2026-08-07 19:22:53,TITAN
07-Aug-2026 18:53:54,21.04 MB,https://nsearchives.nseindia.com/corporate/TITAN_07082026185334_Outcome_7_Aug_26.pdf,"Titan Company Limited has informed the Exchange regarding Appointment of Ms. Priya Mathilakath as the Chief People Officer (CPO), Senior Management Personnel of the company w.e.f. April 01, 2027.",,,Appointment,00:00:01,07082026185354,07-Aug-2026 18:53:55,21.04 MB,True,,,106732084,Gems Jewellery And Watches,INE280A01010,Titan Company Limited,2026-08-07 18:53:54,TITAN
07-Aug-2026 18:31:03,359.27 KB,https://nsearchives.nseindia.com/corporate/TITAN_07082026183040_SEIntimationCPupdate.pdf,"Titan Company Limited has informed the Exchange regarding 'Certificate pursuant to SEBI Circular no. SEBI/HO/DDHS/P/CIR/2021/613 dated August 10, 2021'.",,,Updates,00:00:01,07082026183103,07-Aug-2026 18:31:04,359.27 KB,True,,,106731961,Gems Jewellery And Watches,INE280A01010,Titan Company Limited,2026-08-07 18:31:03,TITAN
07-Aug-2026 18:18:10,21.04 MB,https://nsearchives.nseindia.com/corporate/TITAN_07082026181543_Outcome_7_Aug_26.pdf,"Titan Company Limited has informed the Exchange regarding Outcome of Board Meeting held on August 07, 2026 - appointment Senior Management Personnel effective 1st April 2027.",,,Outcome of Board Meeting,00:00:00,07082026181810,07-Aug-2026 18:18:10,21.04 MB,True,,,106731886,Gems Jewellery And Watches,INE280A01010,Titan Company Limited,2026-08-07 18:18:10,TITAN
07-Aug-2026 18:18:10,21.04 MB,https://nsearchives.nseindia.com/corporate/TITAN_07082026181628_Outcome_7_Aug_26.pdf,"Titan Company Limited has informed the Exchange regarding Outcome of Board Meeting held on August 07, 2026 - Titan Company Limited Performance Based Stock Unit Scheme 2026",,,Outcome of Board Meeting,00:00:00,07082026181810,07-Aug-2026 18:18:10,21.04 MB,True,,,106731887,Gems Jewellery And Watches,INE280A01010,Titan Company Limited,2026-08-07 18:18:10,TITAN
07-Aug-2026 16:57:42,13.55 MB,https://nsearchives.nseindia.com/corporate/TITAN_07082026165728_SEearningpresentationQ127.pdf,Titan Company Limited has informed the Exchange about Investor Presentation,,,Investor Presentation,00:00:01,07082026165742,07-Aug-2026 16:57:43,13.55 MB,True,,,106731482,Gems Jewellery And Watches,INE280A01010,Titan Company Limited,2026-08-07 16:57:42,TITAN
07-Aug-2026 16:04:29,20.96 MB,https://nsearchives.nseindia.com/corporate/TITAN_07082026160159_SEresultQ127.pdf,"Titan Company Limited has submitted to the Exchange, Unaudited Standalone and Consolidated Financial Results for the quarter ended 30th June 2026.",,,Outcome of Board Meeting,00:00:01,07082026160429,07-Aug-2026 16:04:30,20.96 MB,True,,,106731256,Gems Jewellery And Watches,INE280A01010,Titan Company Limited,2026-08-07 16:04:29,TITAN
04-Aug-2026 14:56:33,459.04 KB,https://nsearchives.nseindia.com/corporate/TITAN_04082026145436_SEcreditrating04082026.pdf,Titan Company Limited has informed the Exchange about Credit Rating,,,Credit Rating,00:00:02,04082026145633,04-Aug-2026 14:56:35,459.04 KB,True,,,106723894,Gems Jewellery And Watches,INE280A01010,Titan Company Limited,2026-08-04 14:56:33,TITAN
30-Jul-2026 16:51:09,316.79 KB,https://nsearchives.nseindia.com/corporate/TITAN_30072026164858_SEIntimationappointmentofDir.pdf,"Titan Company Limited has informed the Exchange regarding Appointment of Dr. D Karthikeyan, IAS and Mr. K Vivekanandan, IAS as Non- Executive, Non-Independent Directors of the company w.e.f. August 05, 2026.",,,Appointment,00:00:01,30072026165109,30-Jul-2026 16:51:10,316.79 KB,True,,,106717355,Gems Jewellery And Watches,INE280A01010,Titan Company Limited,2026-07-30 16:51:09,TITAN
28-Jul-2026 17:01:38,13.90 MB,https://nsearchives.nseindia.com/corporate/TITAN_28072026170125_SEnewspaperad2026.pdf,Titan Company Limited has informed the Exchange about  Newspaper publication for Form DPT-1,,,Copy of Newspaper Publication,00:00:01,28072026170138,28-Jul-2026 17:01:39,13.90 MB,True,,,106713810,Gems Jewellery And Watches,INE280A01010,Titan Company Limited,2026-07-28 17:01:38,TITAN
28-Jul-2026 16:43:58,773.86 KB,https://nsearchives.nseindia.com/corporate/TITAN_28072026164316_AGM_Voting_and_Scrutinizer_Intimation.pdf,"Titan Company Limited has submitted the Exchange a copy Srutinizers report of  Annual General Meeting held on July 27, 2026. Further, the company has informed the Exchange regarding voting results.",,,Shareholders meeting,00:00:01,28072026164358,28-Jul-2026 16:43:59,773.86 KB,True,,,106713766,Gems Jewellery And Watches,INE280A01010,Titan Company Limited,2026-07-28 16:43:58,TITAN
27-Jul-2026 18:35:19,362.14 KB,https://nsearchives.nseindia.com/corporate/TITAN_27072026183506_Brief_Proceedings_AGM_Intimations_27Jul2026.pdf,Titan Company Limited has informed the Exchange regarding Proceedings of the 42nd Annual General Meeting (AGM) held 27th July 2026,,,Shareholders meeting,00:00:01,27072026183519,27-Jul-2026 18:35:20,362.14 KB,True,,,106712351,Gems Jewellery And Watches,INE280A01010,Titan Company Limited,2026-07-27 18:35:19,TITAN
14-Jul-2026 16:14:52,442.20 KB,https://nsearchives.nseindia.com/corporate/TITAN_14072026161342_SEQ1FY27EarningCall.pdf,Titan Company Limited has informed the Exchange about Schedule of meet,,,Analysts/Institutional Investor Meet/Con. Call Updates,00:00:01,14072026161452,14-Jul-2026 16:14:53,442.20 KB,True,,,106697158,Gems Jewellery And Watches,INE280A01010,Titan Company Limited,2026-07-14 16:14:52,TITAN
14-Jul-2026 15:21:04,181.64 KB,https://nsearchives.nseindia.com/corporate/TITAN_14072026152050_SERegulation745.pdf,"Titan Company Limited has informed the Exchange about Certificate under SEBI (Depositories and Participants) Regulations, 2018",,,"Certificate under SEBI (Depositories and Participants) Regulations, 2018",00:00:00,14072026152104,14-Jul-2026 15:21:04,181.64 KB,True,,,106697051,Gems Jewellery And Watches,INE280A01010,Titan Company Limited,2026-07-14 15:21:04,TITAN
14-Jul-2026 09:41:10,276.96 KB,https://nsearchives.nseindia.com/corporate/Titan002_14072026094056_SEpenaltysd.pdf,Titan Company Limited has informed the Exchange about General Updates,,,General Updates,00:00:01,14072026094110,14-Jul-2026 09:41:11,276.96 KB,True,,,106696505,Gems Jewellery And Watches,INE280A01010,Titan Company Limited,2026-07-14 09:41:10,TITAN
07-Jul-2026 16:58:15,91.80 KB,https://nsearchives.nseindia.com/corporate/TITAN_07072026165737_SEcreditrating07072026.pdf,Titan Company Limited has informed the Exchange about Credit Rating,,,Credit Rating,00:00:01,07072026165815,07-Jul-2026 16:58:16,91.80 KB,True,,,106689207,Gems Jewellery And Watches,INE280A01010,Titan Company Limited,2026-07-07 16:58:15,TITAN
06-Jul-2026 19:15:22,529.88 KB,https://nsearchives.nseindia.com/corporate/TITAN_06072026191422_Q1update202627.pdf,Titan Company Limited has informed the Exchange regarding 'Quarterly Update   Q1 FY 2026-27'.,,,Updates,00:00:02,06072026191522,06-Jul-2026 19:15:24,529.88 KB,True,,,106688005,Gems Jewellery And Watches,INE280A01010,Titan Company Limited,2026-07-06 19:15:22,TITAN
04-Jul-2026 18:54:18,8.51 MB,https://nsearchives.nseindia.com/corporate/TITAN_04072026185339_SEnewspaperad.pdf,Titan Company Limited has informed the Exchange about Copy of Newspaper Publication regarding the Notice of the 42nd Annual General Meeting.,,,Copy of Newspaper Publication,00:00:02,04072026185418,04-Jul-2026 18:54:20,8.51 MB,True,,,106686867,Gems Jewellery And Watches,INE280A01010,Titan Company Limited,2026-07-04 18:54:18,TITAN
03-Jul-2026 16:50:10,1.39 MB,https://nsearchives.nseindia.com/corporate/TITAN_03072026164954_SEnoticeofbrsr.pdf,Titan Company Limited has informed the Exchange regarding 'Business Responsibility and Sustainability Report for the Financial Year 2025-26'.,,,Updates,00:00:01,03072026165010,03-Jul-2026 16:50:11,1.39 MB,True,,,106685888,Gems Jewellery And Watches,INE280A01010,Titan Company Limited,2026-07-03 16:50:10,TITAN
03-Jul-2026 16:16:11,2.81 MB,https://nsearchives.nseindia.com/corporate/TITAN_03072026161557_SEintimationtoshareholders2026.pdf,Titan Company Limited has informed the Exchange regarding 'Letter to shareholders in relation to Integrated Annual Report of the Company for the financial year 2025-26'.,,,Updates,00:00:00,03072026161611,03-Jul-2026 16:16:11,2.81 MB,True,,,106685819,Gems Jewellery And Watches,INE280A01010,Titan Company Limited,2026-07-03 16:16:11,TITAN
03-Jul-2026 11:43:42,453.34 KB,https://nsearchives.nseindia.com/corporate/TITAN_03072026114329_SEnoticeofagm.pdf,"Titan Company Limited has informed the Exchange regarding Notice of the 42nd Annual General Meeting to be held on July 27, 2026",,,Shareholders meeting,00:00:01,03072026114342,03-Jul-2026 11:43:43,453.34 KB,True,,,106685451,Gems Jewellery And Watches,INE280A01010,Titan Company Limited,2026-07-03 11:43:42,TITAN
01-Jul-2026 15:05:25,4.91 MB,https://nsearchives.nseindia.com/corporate/TITAN_01072026150433_SEnewspaperadforagmintimation.pdf,Titan Company Limited has informed the Exchange about Copy of Newspaper Publication for the 42nd Annual General Meeting and Record Date,,,Copy of Newspaper Publication,00:00:01,01072026150525,01-Jul-2026 15:05:26,4.91 MB,True,,,106683238,Gems Jewellery And Watches,INE280A01010,Titan Company Limited,2026-07-01 15:05:25,TITAN
29-Jun-2026 15:22:17,308.22 KB,https://nsearchives.nseindia.com/corporate/TITAN_29062026152157_SErecorddatefordividend2026.pdf,Titan Company Limited has informed the Exchange regarding 'Intimation of date of 42nd Annual General Meeting and Record Date for payment of Dividend'.,,,Updates,00:00:01,29062026152217,29-Jun-2026 15:22:18,308.22 KB,True,,,106679398,Gems Jewellery And Watches,INE280A01010,Titan Company Limited,2026-06-29 15:22:17,TITAN
29-Jun-2026 15:09:48,308.22 KB,https://nsearchives.nseindia.com/corporate/TITAN_29062026150906_SErecorddatefordividend2026.pdf,Titan Company Limited has informed the Exchange that Record date for the purpose of Dividend  is 09-Jul-2026.,,,Record Date,00:00:02,29062026150948,29-Jun-2026 15:09:50,308.22 KB,True,,,106679385,Gems Jewellery And Watches,INE280A01010,Titan Company Limited,2026-06-29 15:09:48,TITAN
25-Jun-2026 14:22:30,174.17 KB,https://nsearchives.nseindia.com/corporate/TITAN_25062026142131_SECPRedemption25062026.pdf,Titan Company Limited has informed the Exchange regarding 'Redemption of Commercial Paper'.,,,Updates,00:00:01,25062026142230,25-Jun-2026 14:22:31,174.17 KB,True,,,106674403,Gems Jewellery And Watches,INE280A01010,Titan Company Limited,2026-06-25 14:22:30,TITAN
24-Jun-2026 18:09:50,1.29 MB,https://nsearchives.nseindia.com/corporate/TITAN_24062026180934_SEpostalballotresult.pdf,"Titan Company Limited has submitted the Exchange a copy Srutinizers report of  Postal Ballot. Further, the company has informed the Exchange regarding voting results.",,,Shareholders meeting,00:00:00,24062026180950,24-Jun-2026 18:09:50,1.29 MB,True,,,106673059,Gems Jewellery And Watches,INE280A01010,Titan Company Limited,2026-06-24 18:09:50,TITAN
22-Jun-2026 22:08:07,358.68 KB,https://nsearchives.nseindia.com/corporate/TITAN_ROID_90271_KMP_Doc.zip,Titan Company Limited has informed the Exchange about Resignation of Director/KMP/SMP,,,Resignation of Director/KMP/SMP,00:00:01,22062026220807,22-Jun-2026 22:08:08,358.68 KB,True,,,106670097,Gems Jewellery And Watches,INE280A01010,Titan Company Limited,2026-06-22 22:08:07,TITAN
22-Jun-2026 22:04:13,305.81 KB,https://nsearchives.nseindia.com/corporate/TITAN_22062026220359_SE_Intimation-_Appt_of_Vijayakumar_final.pdf,"Titan Company Limited has informed the Exchange regarding Appointment of  Dr. S Vijayakumar, IAS as Chairman and Additional Director of the company w.e.f. June 29, 2026.",,,Appointment,00:00:01,22062026220413,22-Jun-2026 22:04:14,305.81 KB,True,,,106670095,Gems Jewellery And Watches,INE280A01010,Titan Company Limited,2026-06-22 22:04:13,TITAN
22-Jun-2026 21:54:25,374.26 KB,https://nsearchives.nseindia.com/corporate/TITAN_22062026215305_SEIntimationcoverletter_22June_2026-_Resignation.pdf,"Titan Company Limited has informed the Exchange regarding Resignation of Ms. Sandhya Sharma, IAS as Chairperson of the company w.e.f. Jun 22, 2026.",,,Resignation,00:00:01,22062026215425,22-Jun-2026 21:54:26,374.26 KB,True,,,106670090,Gems Jewellery And Watches,INE280A01010,Titan Company Limited,2026-06-22 21:54:25,TITAN
22-Jun-2026 21:54:25,374.26 KB,https://nsearchives.nseindia.com/corporate/TITAN_22062026215402_SEIntimationcoverletter_22June_2026-_Resignation.pdf,"Titan Company Limited has informed the Exchange regarding Resignation of Ms. Mariam Pallavi Baldev as Non- Executive, Non-Independent Director of the company w.e.f. Jun 22, 2026.",,,Resignation,00:00:01,22062026215425,22-Jun-2026 21:54:26,374.26 KB,True,,,106670092,Gems Jewellery And Watches,INE280A01010,Titan Company Limited,2026-06-22 21:54:25,TITAN
22-Jun-2026 21:54:25,374.26 KB,https://nsearchives.nseindia.com/corporate/TITAN_22062026215339_SEIntimationcoverletter_22June_2026-_Resignation.pdf,"Titan Company Limited has informed the Exchange regarding Resignation of Mr. Arun Roy, IAS as Non- Executive, Non-Independent Director of the company w.e.f. Jun 22, 2026.",,,Resignation,00:00:01,22062026215425,22-Jun-2026 21:54:26,374.26 KB,True,,,106670091,Gems Jewellery And Watches,INE280A01010,Titan Company Limited,2026-06-22 21:54:25,TITAN
22-Jun-2026 15:59:04,174.18 KB,https://nsearchives.nseindia.com/corporate/TITAN_22062026155852_SECPRedemption22062026.pdf,Titan Company Limited has informed the Exchange regarding 'Redemption of Commercial Paper'.,,,Updates,00:00:02,22062026155904,22-Jun-2026 15:59:06,174.18 KB,True,,,106669574,Gems Jewellery And Watches,INE280A01010,Titan Company Limited,2026-06-22 15:59:04,TITAN
22-Jun-2026 10:17:45,181.66 KB,https://nsearchives.nseindia.com/corporate/TITAN_22062026101735_SEintimation.pdf,"Titan Company Limited has informed the Exchange regarding the Trading Window closure pursuant to SEBI (Prohibition of Insider Trading) Regulations, 2015",,,Trading Window,00:00:01,22062026101745,22-Jun-2026 10:17:46,181.66 KB,True,,,106669176,Gems Jewellery And Watches,INE280A01010,Titan Company Limited,2026-06-22 10:17:45,TITAN
19-Jun-2026 17:07:36,182.75 KB,https://nsearchives.nseindia.com/corporate/TITAN_19062026170652_SEintimation_19_Jun_26.pdf,Titan Company Limited has informed the Exchange about Schedule of Analyst / Institutional Investor Meeting,,,Analysts/Institutional Investor Meet/Con. Call Updates,00:00:01,19062026170736,19-Jun-2026 17:07:37,182.75 KB,True,,,106668092,Gems Jewellery And Watches,INE280A01010,Titan Company Limited,2026-06-19 17:07:36,TITAN
12-Jun-2026 22:25:49,186.56 KB,https://nsearchives.nseindia.com/corporate/TITAN_12062026222531_SEintimationscheduleofinvestormeeting.pdf,Titan Company Limited has informed the Exchange about Schedule of meet,,,Analysts/Institutional Investor Meet/Con. Call Updates,00:00:01,12062026222549,12-Jun-2026 22:25:50,186.56 KB,True,,,106662416,Gems Jewellery And Watches,INE280A01010,Titan Company Limited,2026-06-12 22:25:49,TITAN
09-Jun-2026 17:59:17,454.64 KB,https://nsearchives.nseindia.com/corporate/TITAN_09062026175825_SEtdividendtax2026.pdf,Titan Company Limited has informed the Exchange regarding 'Communication to Shareholders - Intimation on Tax Deduction on Dividend'.,,,Updates,00:00:00,09062026175917,09-Jun-2026 17:59:17,454.64 KB,True,,,106658898,Gems Jewellery And Watches,INE280A01010,Titan Company Limited,2026-06-09 17:59:17,TITAN
09-Jun-2026 16:31:17,11.05 MB,https://nsearchives.nseindia.com/corporate/TITAN_09062026163104_SEnewspaperadforIEPF.pdf,Titan Company Limited has informed the Exchange about Copy of Newspaper Publication for Transfer of Equity Shares to the IEPF account.,,,Copy of Newspaper Publication,00:00:01,09062026163117,09-Jun-2026 16:31:18,11.05 MB,True,,,106658725,Gems Jewellery And Watches,INE280A01010,Titan Company Limited,2026-06-09 16:31:17,TITAN
08-Jun-2026 16:04:07,174.18 KB,https://nsearchives.nseindia.com/corporate/TITAN_08062026160350_SECPRedemption08062026.pdf,Titan Company Limited has informed the Exchange regarding 'Redemption of Commercial Paper'.,,,Updates,00:00:01,08062026160407,08-Jun-2026 16:04:08,174.18 KB,True,,,106657482,Gems Jewellery And Watches,INE280A01010,Titan Company Limited,2026-06-08 16:04:07,TITAN
04-Jun-2026 15:16:18,80.15 MB,https://nsearchives.nseindia.com/corporate/TITAN_04062026151537_SEinvestormeetpresentation.pdf,Titan Company Limited has informed the Exchange about Investor Presentation,,,Investor Presentation,00:00:01,04062026151618,04-Jun-2026 15:16:19,80.15 MB,True,,,106654842,Gems Jewellery And Watches,INE280A01010,Titan Company Limited,2026-06-04 15:16:18,TITAN
04-Jun-2026 11:23:26,181.34 KB,https://nsearchives.nseindia.com/corporate/TITAN_04062026112232_SEweblink.pdf,Titan Company Limited has informed the Exchange regarding 'Link to access webcast of Institutional Investors & Analyst Meet 2026 scheduled on 4th June 2026'.,,,Updates,00:00:01,04062026112326,04-Jun-2026 11:23:27,181.34 KB,True,,,106654591,Gems Jewellery And Watches,INE280A01010,Titan Company Limited,2026-06-04 11:23:26,TITAN
29-May-2026 20:03:27,629.41 KB,https://nsearchives.nseindia.com/corporate/TITAN_29052026200308_SEcreditratingintimation29052026.pdf,Titan Company Limited has informed the Exchange about Credit Rating,,,Credit Rating,00:00:01,29052026200327,29-May-2026 20:03:28,629.41 KB,True,,,106648051,Gems Jewellery And Watches,INE280A01010,Titan Company Limited,2026-05-29 20:03:27,TITAN
25-May-2026 18:20:31,373.82 KB,https://nsearchives.nseindia.com/corporate/TITAN_25052026182007_SEInvestorsMeet2026.pdf,Titan Company Limited has informed the Exchange about Institutional Investors & Analyst Meet 2026,,,Analysts/Institutional Investor Meet/Con. Call Updates,00:00:01,25052026182031,25-May-2026 18:20:32,373.82 KB,True,,,106639668,Gems Jewellery And Watches,INE280A01010,Titan Company Limited,2026-05-25 18:20:31,TITAN
23-May-2026 19:59:45,4.12 MB,https://nsearchives.nseindia.com/corporate/TITAN_23052026195801_SENewspaperadforPBnotice.pdf,Titan Company Limited has informed the Exchange about Copy of Newspaper Publication for Postal Ballot Notice,,,Copy of Newspaper Publication,00:00:01,23052026195945,23-May-2026 19:59:46,4.12 MB,True,,,106638150,Gems Jewellery And Watches,INE280A01010,Titan Company Limited,2026-05-23 19:59:45,TITAN
22-May-2026 14:00:40,666.51 KB,https://nsearchives.nseindia.com/corporate/TITAN_22052026140002_SEIntimationPostalballot.pdf,Titan Company Limited has informed the Exchange regarding Notice of Postal Ballot,,,Shareholders meeting,00:00:01,22052026140040,22-May-2026 14:00:41,666.51 KB,True,,,106635800,Gems Jewellery And Watches,INE280A01010,Titan Company Limited,2026-05-22 14:00:40,TITAN
14-May-2026 23:31:17,437.51 KB,https://nsearchives.nseindia.com/corporate/TITAN_14052026233103_SEIntimationtranscriptq4.pdf,Titan Company Limited has informed the Exchange about Earnings Call Transcripts,,,Analysts/Institutional Investor Meet/Con. Call Updates,00:00:01,14052026233117,14-May-2026 23:31:18,437.51 KB,True,,,106623764,Gems Jewellery And Watches,INE280A01010,Titan Company Limited,2026-05-14 23:31:17,TITAN
09-May-2026 21:56:48,5.17 MB,https://nsearchives.nseindia.com/corporate/TITAN_09052026215624_SEIntimationnewpaperadresult.pdf,Titan Company Limited has informed the Exchange about Copy of Newspaper Publication for Audited financial results for the fourth quarter and year ended 31st March 2026,,,Copy of Newspaper Publication,00:00:01,09052026215648,09-May-2026 21:56:49,5.17 MB,True,,,106616102,Gems Jewellery And Watches,INE280A01010,Titan Company Limited,2026-05-09 21:56:48,TITAN
08-May-2026 18:55:20,190.42 KB,https://nsearchives.nseindia.com/corporate/TITAN_08052026185456_SEIntimationaudiorecordingQ4.pdf,Titan Company Limited has informed the Exchange about Link of Recording,,,Analysts/Institutional Investor Meet/Con. Call Updates,00:00:01,08052026185520,08-May-2026 18:55:21,190.42 KB,True,,,106615133,Gems Jewellery And Watches,INE280A01010,Titan Company Limited,2026-05-08 18:55:20,TITAN
08-May-2026 16:16:36,1.18 MB,https://nsearchives.nseindia.com/corporate/TITAN_08052026161621_SEIntimationCPcompliance.pdf,"Titan Company Limited has informed the Exchange about Certificate pursuant to SEBI Circular no. SEBI/HO/DDHS/P/CIR/2021/613 dated August 10, 2021",,,General Updates,00:00:01,08052026161636,08-May-2026 16:16:37,1.18 MB,True,,,106614685,Gems Jewellery And Watches,INE280A01010,Titan Company Limited,2026-05-08 16:16:36,TITAN
08-May-2026 15:20:18,18.16 MB,https://nsearchives.nseindia.com/corporate/TITAN_08052026151617_SEoutcomeBMQ4202526.pdf,"Titan Company Limited has informed the Exchange that Board of Directors at its meeting held on May 08, 2026, recommended Final Dividend of Rs. 15 per equity share.",,,Dividend,00:00:01,08052026152018,08-May-2026 15:20:19,18.16 MB,True,,,106614562,Gems Jewellery And Watches,INE280A01010,Titan Company Limited,2026-05-08 15:20:18,TITAN
08-May-2026 14:19:15,14.80 MB,https://nsearchives.nseindia.com/corporate/TITAN_08052026141851_SEQ4FY26EarningsPresentation.pdf,Titan Company Limited has informed the Exchange about Investor Presentation,,,Investor Presentation,00:00:01,08052026141915,08-May-2026 14:19:16,14.80 MB,True,,,106614440,Gems Jewellery And Watches,INE280A01010,Titan Company Limited,2026-05-08 14:19:15,TITAN
08-May-2026 13:53:28,18.16 MB,https://nsearchives.nseindia.com/corporate/TITAN_08052026135234_SEoutcomeBMQ4202526.pdf,"Titan Company Limited has submitted to the Exchange, the financial results for the period ended March 31, 2026.",,,Outcome of Board Meeting,00:00:01,08052026135328,08-May-2026 13:53:29,18.16 MB,True,,,106614413,Gems Jewellery And Watches,INE280A01010,Titan Company Limited,2026-05-08 13:53:28,TITAN
06-May-2026 12:52:56,281.76 KB,https://nsearchives.nseindia.com/corporate/TITAN_06052026125238_SEAshwaniPuriTenurecompletion.pdf,Titan Company Limited has informed the Exchange about Completion of Tenure of Independent Director,,,Retirement,00:00:01,06052026125256,06-May-2026 12:52:57,281.76 KB,True,,,106610926,Gems Jewellery And Watches,INE280A01010,Titan Company Limited,2026-05-06 12:52:56,TITAN
05-May-2026 14:24:25,7.32 MB,https://nsearchives.nseindia.com/corporate/TITAN003_05052026142336_IntimationtoSEs.pdf,Titan Company Limited has informed the Exchange about Copy of Newspaper Publication regarding IEPFA Second 100 days campaign -  Saksham Niveshak,,,Copy of Newspaper Publication,00:00:00,05052026142425,05-May-2026 14:24:25,7.32 MB,True,,,106609488,Gems Jewellery And Watches,INE280A01010,Titan Company Limited,2026-05-05 14:24:25,TITAN
29-Apr-2026 16:48:26,455.19 KB,https://nsearchives.nseindia.com/corporate/TITAN_29042026164802_SEQ4FY26EarningCall.pdf,Titan Company Limited has informed the Exchange about Schedule of meet,,,Analysts/Institutional Investor Meet/Con. Call Updates,00:00:01,29042026164826,29-Apr-2026 16:48:27,455.19 KB,True,,,106604242,Gems Jewellery And Watches,INE280A01010,Titan Company Limited,2026-04-29 16:48:26,TITAN
13-Apr-2026 14:27:06,192.27 KB,https://nsearchives.nseindia.com/corporate/TITAN_13042026142648_SERegulation745.pdf,"Titan Company Limited has informed the Exchange about Certificate under SEBI (Depositories and Participants) Regulations, 2018",,,"Certificate under SEBI (Depositories and Participants) Regulations, 2018",00:00:01,13042026142706,13-Apr-2026 14:27:07,192.27 KB,True,,,106588172,Gems Jewellery And Watches,INE280A01010,Titan Company Limited,2026-04-13 14:27:06,TITAN
13-Apr-2026 10:41:42,604.27 KB,https://nsearchives.nseindia.com/corporate/team_sandeshc_09042026122906_MPL_4.pdf,"Tamilnadu Industrial Development Corporation Limited has Submitted to the Exchange a copy of Disclosure under Regulation 31(4) of the Securities and Exchange Board of India (Substantial Acquisition of Shares and Takeovers) Regulations, 2011.",,,Disclosure under SEBI Takeover Regulations,00:00:01,13042026104142,13-Apr-2026 10:41:43,604.27 KB,True,,,106584828,Gems Jewellery And Watches,INE280A01010,Titan Company Limited,2026-04-13 10:41:42,TITAN
07-Apr-2026 22:17:29,588.70 KB,https://nsearchives.nseindia.com/corporate/TITAN_07042026221524_Q4update202526.pdf,Titan Company Limited has informed the Exchange regarding 'Quarterly Update   Q4 FY 2025-26'.,,,Updates,00:00:01,07042026221729,07-Apr-2026 22:17:30,588.70 KB,True,,,106582688,Gems Jewellery And Watches,INE280A01010,Titan Company Limited,2026-04-07 22:17:29,TITAN
07-Apr-2026 16:54:14,547.53 KB,https://nsearchives.nseindia.com/corporate/TITAN_07042026165354_SEintimationtrustdeed.pdf,Titan Company Limited has informed the Exchange about Modification to the Trust Deed consequent to the change in composition of the Trustees - Titan Employee Stock Option Trust,,,General Updates,00:00:01,07042026165414,07-Apr-2026 16:54:15,547.53 KB,True,,,106582271,Gems Jewellery And Watches,INE280A01010,Titan Company Limited,2026-04-07 16:54:14,TITAN
01-Apr-2026 11:40:14,484.95 KB,https://nsearchives.nseindia.com/corporate/TITAN_01042026113951_SEcreditrating01042026.pdf,Titan Company Limited has informed the Exchange about Credit Rating,,,Credit Rating,00:00:01,01042026114014,01-Apr-2026 11:40:15,484.95 KB,True,,,106576900,Gems Jewellery And Watches,INE280A01010,Titan Company Limited,2026-04-01 11:40:14,TITAN
25-Mar-2026 17:28:06,324.51 KB,https://nsearchives.nseindia.com/corporate/TITAN_25032026172738_SEIntimationSrinivasan.pdf,"Titan Company Limited has informed the Exchange regarding Appointment of  Mr. Srinivasan Varadarajan as Non- Executive Independent Director of the company w.e.f. April 01, 2026.",,,Appointment,00:00:01,25032026172806,25-Mar-2026 17:28:07,324.51 KB,True,,,106568100,Gems Jewellery And Watches,INE280A01010,Titan Company Limited,2026-03-25 17:28:06,TITAN
25-Mar-2026 16:56:06,306.75 KB,https://nsearchives.nseindia.com/corporate/TITAN_25032026165542_SEIntimationSMPchange.pdf,Titan Company Limited has informed the Exchange about Change in Senior Management Personnel,,,Change in Management,00:00:01,25032026165606,25-Mar-2026 16:56:07,306.75 KB,True,,,106567946,Gems Jewellery And Watches,INE280A01010,Titan Company Limited,2026-03-25 16:56:06,TITAN
24-Mar-2026 16:17:03,906.25 KB,https://nsearchives.nseindia.com/corporate/TITAN003_24032026161551_TitanPBintimation.pdf,"Titan Company Limited has submitted the Exchange a copy Srutinizers report of  Postal Ballot. Further, the company has informed the Exchange regarding voting results.",,,Shareholders meeting,00:00:00,24032026161703,24-Mar-2026 16:17:03,906.25 KB,True,,,106565633,Gems Jewellery And Watches,INE280A01010,Titan Company Limited,2026-03-24 16:17:03,TITAN
23-Mar-2026 11:26:25,193.79 KB,https://nsearchives.nseindia.com/corporate/TITAN_23032026112608_SEintimation.pdf,"Titan Company Limited has informed the Exchange regarding the Trading Window closure pursuant to SEBI (Prohibition of Insider Trading) Regulations, 2015",,,Trading Window,00:00:02,23032026112625,23-Mar-2026 11:26:27,193.79 KB,True,,,106563593,Gems Jewellery And Watches,INE280A01010,Titan Company Limited,2026-03-23 11:26:25,TITAN
16-Mar-2026 16:55:49,186.60 KB,https://nsearchives.nseindia.com/corporate/TITAN_16032026165535_SECPRedemption16032026.pdf,Titan Company Limited has informed the Exchange about Redemption of Commercial Paper,,,General Updates,00:00:02,16032026165549,16-Mar-2026 16:55:51,186.60 KB,True,,,106558301,Gems Jewellery And Watches,INE280A01010,Titan Company Limited,2026-03-16 16:55:49,TITAN
13-Mar-2026 15:58:48,194.01 KB,https://nsearchives.nseindia.com/corporate/TITAN_13032026155831_SEintimation.pdf,Titan Company Limited has informed the Exchange about Schedule of meet,,,Analysts/Institutional Investor Meet/Con. Call Updates,00:00:00,13032026155848,13-Mar-2026 15:58:48,194.01 KB,True,,,106556925,Gems Jewellery And Watches,INE280A01010,Titan Company Limited,2026-03-13 15:58:48,TITAN
13-Mar-2026 15:51:12,4.99 MB,https://nsearchives.nseindia.com/corporate/TITAN_13032026155049_SEintimationewspaperclipps.pdf,Titan Company Limited has informed the Exchange about Copy of Newspaper Publication - Special Window for transfer and dematerialisation (demat) of physical shares,,,Copy of Newspaper Publication,00:00:01,13032026155112,13-Mar-2026 15:51:13,4.99 MB,True,,,106556911,Gems Jewellery And Watches,INE280A01010,Titan Company Limited,2026-03-13 15:51:12,TITAN
11-Mar-2026 16:49:29,186.58 KB,https://nsearchives.nseindia.com/corporate/TITAN_11032026164919_SECPRedemption11032026.pdf,Titan Company Limited has informed the Exchange about Redemption of Commercial Paper,,,General Updates,00:00:01,11032026164929,11-Mar-2026 16:49:30,186.58 KB,True,,,106554906,Gems Jewellery And Watches,INE280A01010,Titan Company Limited,2026-03-11 16:49:29,TITAN
10-Mar-2026 12:10:54,194.03 KB,https://nsearchives.nseindia.com/corporate/TITAN_10032026121035_SEintimation.pdf,Titan Company Limited has informed the Exchange about Schedule of meet,,,Analysts/Institutional Investor Meet/Con. Call Updates,00:00:01,10032026121054,10-Mar-2026 12:10:55,194.03 KB,True,,,106553671,Gems Jewellery And Watches,INE280A01010,Titan Company Limited,2026-03-10 12:10:54,TITAN
09-Mar-2026 15:59:22,186.59 KB,https://nsearchives.nseindia.com/corporate/TITAN_09032026155853_SECPRedemption09032026.pdf,Titan Company Limited has informed the Exchange about Redemption of Commercial Paper,,,General Updates,00:00:00,09032026155922,09-Mar-2026 15:59:22,186.59 KB,True,,,106552871,Gems Jewellery And Watches,INE280A01010,Titan Company Limited,2026-03-09 15:59:22,TITAN
27-Feb-2026 06:45:45,194.63 KB,https://nsearchives.nseindia.com/corporate/TITAN_27022026064445_SEintimation.pdf,Titan Company Limited has informed the Exchange about Schedule of meet,,,Analysts/Institutional Investor Meet/Con. Call Updates,00:00:01,27022026064545,27-Feb-2026 06:45:46,194.63 KB,True,,,106546160,Gems Jewellery And Watches,INE280A01010,Titan Company Limited,2026-02-27 06:45:45,TITAN
21-Feb-2026 16:59:28,2.86 MB,https://nsearchives.nseindia.com/corporate/TITAN_21022026165918_see.pdf,Titan Company Limited has informed the Exchange about Copy of Newspaper Publication,,,Copy of Newspaper Publication,00:00:01,21022026165928,21-Feb-2026 16:59:29,2.86 MB,True,,,106541818,Gems Jewellery And Watches,INE280A01010,Titan Company Limited,2026-02-21 16:59:28,TITAN
20-Feb-2026 12:33:05,678.41 KB,https://nsearchives.nseindia.com/corporate/TITAN003_20022026123157_SEIntimationPostalballot.pdf,Titan Company Limited has informed the Exchange regarding Notice of Postal Ballot,,,Shareholders meeting,00:00:01,20022026123305,20-Feb-2026 12:33:06,678.41 KB,True,,,106540953,Gems Jewellery And Watches,INE280A01010,Titan Company Limited,2026-02-20 12:33:05,TITAN
19-Feb-2026 18:51:23,201.71 KB,https://nsearchives.nseindia.com/corporate/TITAN_19022026185102_SEintimation.pdf,Titan Company Limited has informed the Exchange about Schedule of meet,,,Analysts/Institutional Investor Meet/Con. Call Updates,00:00:01,19022026185123,19-Feb-2026 18:51:24,201.71 KB,True,,,106540394,Gems Jewellery And Watches,INE280A01010,Titan Company Limited,2026-02-19 18:51:23,TITAN
13-Feb-2026 21:41:27,449.39 KB,https://nsearchives.nseindia.com/corporate/TITAN_13022026214102_SEtranscriptQ3.pdf,Titan Company Limited has informed the Exchange about Earnings Call Transcripts,,,Analysts/Institutional Investor Meet/Con. Call Updates,00:00:01,13022026214127,13-Feb-2026 21:41:28,449.39 KB,True,,,106534946,Gems Jewellery And Watches,INE280A01010,Titan Company Limited,2026-02-13 21:41:27,TITAN
11-Feb-2026 15:52:21,4.93 MB,https://nsearchives.nseindia.com/corporate/TITAN_11022026155200_SEnewspaperadQ3result.pdf,Titan Company Limited has informed the Exchange about Copy of Newspaper Publicationfor unaudited financial results for the quarter and nine months ended 31st December 2025.,,,Copy of Newspaper Publication,00:00:00,11022026155221,11-Feb-2026 15:52:21,4.93 MB,True,,,106529986,Gems Jewellery And Watches,INE280A01010,Titan Company Limited,2026-02-11 15:52:21,TITAN
11-Feb-2026 11:47:40,199.67 KB,https://nsearchives.nseindia.com/corporate/TITAN_11022026114718_SEanalystcallrecordingQ3.pdf,Titan Company Limited has informed the Exchange about Analyst Call Recording,,,Analysts/Institutional Investor Meet/Con. Call Updates,00:00:01,11022026114740,11-Feb-2026 11:47:41,199.67 KB,True,,,106529578,Gems Jewellery And Watches,INE280A01010,Titan Company Limited,2026-02-11 11:47:40,TITAN
10-Feb-2026 17:40:44,14.44 MB,https://nsearchives.nseindia.com/corporate/TITAN_10022026174016_SEinvestorpresentationQ32025-26.pdf,Titan Company Limited has informed the Exchange about Investor Presentation,,,Investor Presentation,00:00:01,10022026174044,10-Feb-2026 17:40:45,14.44 MB,True,,,106528465,Gems Jewellery And Watches,INE280A01010,Titan Company Limited,2026-02-10 17:40:44,TITAN
10-Feb-2026 17:20:56,7.69 MB,https://nsearchives.nseindia.com/corporate/TITAN_10022026172026_SEoutcomeofBMQ3.pdf,"Titan Company Limited has informed the Exchange regarding  Board meeting held on February 10, 2026.",,,Outcome of Board Meeting,00:00:02,10022026172056,10-Feb-2026 17:20:58,7.69 MB,True,,,106528400,Gems Jewellery And Watches,INE280A01010,Titan Company Limited,2026-02-10 17:20:56,TITAN
10-Feb-2026 17:04:16,7.69 MB,https://nsearchives.nseindia.com/corporate/TITAN_10022026165938_SEoutcomeofBMQ3.pdf,"Titan Company Limited has submitted to the Exchange, the financial results for the period ended December 31, 2025.",,,Outcome of Board Meeting,00:00:01,10022026170416,10-Feb-2026 17:04:17,7.69 MB,True,,,106528344,Gems Jewellery And Watches,INE280A01010,Titan Company Limited,2026-02-10 17:04:16,TITAN
10-Feb-2026 15:18:59,465.11 KB,https://nsearchives.nseindia.com/corporate/TITAN_10022026151838_Commercial_paper_End_Use__SE_Intimation_Q3_2025.pdf,Titan Company Limited has informed the Exchange about Certificate pursuant to SEBI Circular no. SEBI/HO/DDHS/P/CIR/2021/613 dated 10th August 2021,,,General Updates,00:00:01,10022026151859,10-Feb-2026 15:19:00,465.11 KB,True,,,106528088,Gems Jewellery And Watches,INE280A01010,Titan Company Limited,2026-02-10 15:18:59,TITAN
06-Feb-2026 14:28:13,298.83 KB,https://nsearchives.nseindia.com/corporate/TITAN_06022026142759_SEIntimationDamascompletion.pdf,Titan Company Limited has informed the Exchange about Completion of acquisition of 67% stake in Damas Jewellery business.,,,General Updates,00:00:01,06022026142813,06-Feb-2026 14:28:14,298.83 KB,True,,,106523465,Gems Jewellery And Watches,INE280A01010,Titan Company Limited,2026-02-06 14:28:13,TITAN
19-Jan-2026 22:20:47,1.21 MB,https://nsearchives.nseindia.com/corporate/TITAN_19012026222012_SEQ3FY26EarningCall.pdf,Titan Company Limited has informed the Exchange about Earning call for Q3 and nine months ended for FY 2025-26.,,,Analysts/Institutional Investor Meet/Con. Call Updates,00:00:00,19012026222047,19-Jan-2026 22:20:47,1.21 MB,True,,,106501381,Gems Jewellery And Watches,INE280A01010,Titan Company Limited,2026-01-19 22:20:47,TITAN
13-Jan-2026 10:16:42,193.87 KB,https://nsearchives.nseindia.com/corporate/TITAN_13012026101629_SERegulation745.pdf,"Titan Company Limited has informed the Exchange about Certificate under SEBI (Depositories and Participants) Regulations, 2018",,,"Certificate under SEBI (Depositories and Participants) Regulations, 2018",00:00:00,13012026101642,13-Jan-2026 10:16:42,193.87 KB,True,,,106495512,Gems Jewellery And Watches,INE280A01010,Titan Company Limited,2026-01-13 10:16:42,TITAN
12-Jan-2026 16:31:04,594.95 KB,https://nsearchives.nseindia.com/corporate/TITAN_12012026162859_Cover_letter_Voting_results.pdf,"Titan Company Limited has submitted the Exchange a copy Srutinizers report of  Postal Ballot. Further, the company has informed the Exchange regarding voting results.",,,Shareholders meeting,00:00:01,12012026163104,12-Jan-2026 16:31:05,594.95 KB,True,,,106494751,Gems Jewellery And Watches,INE280A01010,Titan Company Limited,2026-01-12 16:31:04,TITAN
06-Jan-2026 20:37:22,518.21 KB,https://nsearchives.nseindia.com/corporate/TITAN003_06012026203710_IntimationQ3FY26updatesigned.pdf,Titan Company Limited has informed the Exchange regarding 'Quarterly Update   Q3 FY 2025-26'.,,,Updates,00:00:02,06012026203722,06-Jan-2026 20:37:24,518.21 KB,True,,,106489394,Gems Jewellery And Watches,INE280A01010,Titan Company Limited,2026-01-06 20:37:22,TITAN
02-Jan-2026 16:52:57,362.58 KB,https://nsearchives.nseindia.com/corporate/TITAN_02012026165242_SEconferencecallbeyon.pdf,Titan Company Limited has informed the Exchange about Schedule of meet,,,Analysts/Institutional Investor Meet/Con. Call Updates,00:00:01,02012026165257,02-Jan-2026 16:52:58,362.58 KB,True,,,106486219,Gems Jewellery And Watches,INE280A01010,Titan Company Limited,2026-01-02 16:52:57,TITAN
30-Dec-2025 17:01:29,278.88 KB,https://nsearchives.nseindia.com/corporate/TITAN_30122025170118_SE_Intimation-_Appt_of_Sandhya_final.pdf,"Titan Company Limited has informed the Exchange regarding Appointment of Ms. Sandhya Venugopal Sharma, IAS as Chairperson and Additional Director of the company w.e.f. January 04, 2026.",,,Appointment,00:00:01,30122025170129,30-Dec-2025 17:01:30,278.88 KB,True,,,106482778,Gems Jewellery And Watches,INE280A01010,Titan Company Limited,2025-12-30 17:01:29,TITAN
30-Dec-2025 16:56:21,303.41 KB,https://nsearchives.nseindia.com/corporate/TITAN_30122025165608_SEIntimation_30Dec_2025-_Resignation_Sandeep_Nanduri_final.pdf,"Titan Company Limited has informed the Exchange regarding Resignation of  Mr. Sandeep Nanduri as Non- Executive Director of the company w.e.f. January 04, 2026.",,,Resignation,00:00:01,30122025165621,30-Dec-2025 16:56:22,303.41 KB,True,,,106482766,Gems Jewellery And Watches,INE280A01010,Titan Company Limited,2025-12-30 16:56:21,TITAN
26-Dec-2025 08:33:01,227.20 KB,https://nsearchives.nseindia.com/corporate/TITAN_26122025083235_SELGD.pdf,Titan Company Limited has informed the Exchange regarding 'Intimation of launch of Titan s first Lab Grown Diamond store in Mumbai'.,,,Updates,00:00:02,26122025083301,26-Dec-2025 08:33:03,227.20 KB,True,,,106477543,Gems Jewellery And Watches,INE280A01010,Titan Company Limited,2025-12-26 08:33:01,TITAN
23-Dec-2025 11:07:57,207.26 KB,https://nsearchives.nseindia.com/corporate/TITAN_23122025110740_SEintimation.pdf,"Titan Company Limited has informed the Exchange regarding the Trading Window closure pursuant to SEBI (Prohibition of Insider Trading) Regulations, 2015",,,Trading Window,00:00:01,23122025110757,23-Dec-2025 11:07:58,207.26 KB,True,,,106474749,Gems Jewellery And Watches,INE280A01010,Titan Company Limited,2025-12-23 11:07:57,TITAN
15-Dec-2025 10:49:07,202.22 KB,https://nsearchives.nseindia.com/corporate/TITAN_15122025104817_SEintimation.pdf,Titan Company Limited has informed the Exchange about Schedule of meet,,,Analysts/Institutional Investor Meet/Con. Call Updates,00:00:01,15122025104907,15-Dec-2025 10:49:08,202.22 KB,True,,,106468184,Gems Jewellery And Watches,INE280A01010,Titan Company Limited,2025-12-15 10:49:07,TITAN
11-Dec-2025 12:35:18,7.29 MB,https://nsearchives.nseindia.com/corporate/TITAN003_11122025123509_SEIntimationNewspapersigned.pdf,Titan Company Limited has informed the Exchange about Copy of Newspaper Publication,,,Copy of Newspaper Publication,00:00:00,11122025123518,11-Dec-2025 12:35:18,7.29 MB,True,,,106465994,Gems Jewellery And Watches,INE280A01010,Titan Company Limited,2025-12-11 12:35:18,TITAN
10-Dec-2025 14:31:00,1.43 MB,https://nsearchives.nseindia.com/corporate/TITAN003_10122025143047_SE_Intimation_Ajoysign.pdf,Titan Company Limited has informed the Exchange regarding Notice of Postal Ballot,,,Shareholders meeting,00:00:01,10122025143100,10-Dec-2025 14:31:01,1.43 MB,True,,,106465039,Gems Jewellery And Watches,INE280A01010,Titan Company Limited,2025-12-10 14:31:00,TITAN
08-Dec-2025 12:52:48,193.98 KB,https://nsearchives.nseindia.com/corporate/TITAN_08122025125155_SEintimation.pdf,Titan Company Limited has informed the Exchange about Schedule of Analyst / Institutional Investor Meeting.,,,Analysts/Institutional Investor Meet/Con. Call Updates,00:00:01,08122025125248,08-Dec-2025 12:52:49,193.98 KB,True,,,106463095,Gems Jewellery And Watches,INE280A01010,Titan Company Limited,2025-12-08 12:52:48,TITAN
27-Nov-2025 15:51:45,186.49 KB,https://nsearchives.nseindia.com/corporate/TITAN_27112025155128_SECPRedemption27112025.pdf,Titan Company Limited has informed the Exchange regarding 'Redemption of Commercial Paper'.,,,Updates,00:00:01,27112025155145,27-Nov-2025 15:51:46,186.49 KB,True,,,106455897,Gems Jewellery And Watches,INE280A01010,Titan Company Limited,2025-11-27 15:51:45,TITAN
21-Nov-2025 17:22:17,200.24 KB,https://nsearchives.nseindia.com/corporate/TITAN_21112025172149_SEintimation.pdf,Titan Company Limited has informed the Exchange about Schedule of Analyst / Institutional Investor Meeting.,,,Analysts/Institutional Investor Meet/Con. Call Updates,00:00:01,21112025172217,21-Nov-2025 17:22:18,200.24 KB,True,,,106452016,Gems Jewellery And Watches,INE280A01010,Titan Company Limited,2025-11-21 17:22:17,TITAN
20-Nov-2025 16:35:38,213.49 KB,https://nsearchives.nseindia.com/corporate/TITAN_20112025163458_SEintimation.pdf,Titan Company Limited has informed the Exchange about Schedule of Analyst / Institutional Investor Meeting.,,,Analysts/Institutional Investor Meet/Con. Call Updates,00:00:01,20112025163538,20-Nov-2025 16:35:39,213.49 KB,True,,,106450973,Gems Jewellery And Watches,INE280A01010,Titan Company Limited,2025-11-20 16:35:38,TITAN
12-Nov-2025 11:29:18,221.43 KB,https://nsearchives.nseindia.com/corporate/TITAN_12112025112857_SEintimation.pdf,Titan Company Limited has informed the Exchange about Schedule of Analyst / Institutional Investor Meeting,,,Analysts/Institutional Investor Meet/Con. Call Updates,00:00:01,12112025112918,12-Nov-2025 11:29:19,221.43 KB,True,,,106438754,Gems Jewellery And Watches,INE280A01010,Titan Company Limited,2025-11-12 11:29:18,TITAN
08-Nov-2025 17:03:13,478.52 KB,https://nsearchives.nseindia.com/corporate/TITAN_08112025170040_SEearningcalltranscriptQ2.pdf,Titan Company Limited has informed the Exchange about Earnings Call Transcripts,,,Analysts/Institutional Investor Meet/Con. Call Updates,00:00:02,08112025170313,08-Nov-2025 17:03:15,478.52 KB,True,,,106433614,Gems Jewellery And Watches,INE280A01010,Titan Company Limited,2025-11-08 17:03:13,TITAN
04-Nov-2025 13:02:01,3.18 MB,https://nsearchives.nseindia.com/corporate/TITAN_04112025130146_SEnewspaperadforQ2results.pdf,Titan Company Limited has informed the Exchange about Copy of Newspaper Publication for Unaudited financial results for the second quarter and half year ended 30th September 2025.,,,Copy of Newspaper Publication,00:00:01,04112025130201,04-Nov-2025 13:02:02,3.18 MB,True,,,106426031,Gems Jewellery And Watches,INE280A01010,Titan Company Limited,2025-11-04 13:02:01,TITAN
04-Nov-2025 12:57:06,248.67 KB,https://nsearchives.nseindia.com/corporate/TITAN_04112025125653_SEanalystcallrecordingQ2.pdf,Titan Company Limited has informed the Exchange about Analyst Call Recording,,,Analysts/Institutional Investor Meet/Con. Call Updates,00:00:01,04112025125706,04-Nov-2025 12:57:07,248.67 KB,True,,,106426020,Gems Jewellery And Watches,INE280A01010,Titan Company Limited,2025-11-04 12:57:06,TITAN
03-Nov-2025 19:26:12,14.84 MB,https://nsearchives.nseindia.com/corporate/TITAN_03112025192536_SEinvestorpresentationQ2.pdf,Titan Company Limited has informed the Exchange about Investor Presentation,,,Investor Presentation,00:00:00,03112025192612,03-Nov-2025 19:26:12,14.84 MB,True,,,106425232,Gems Jewellery And Watches,INE280A01010,Titan Company Limited,2025-11-03 19:26:12,TITAN
03-Nov-2025 18:39:59,230.56 KB,https://nsearchives.nseindia.com/corporate/TITAN_03112025183949_SEappointmentofdirector.pdf,Titan Company Limited has informed the Exchange regarding Change in Director(s) of the company.,,,Change in Director(s),00:00:01,03112025183959,03-Nov-2025 18:40:00,230.56 KB,True,,,106425118,Gems Jewellery And Watches,INE280A01010,Titan Company Limited,2025-11-03 18:39:59,TITAN
03-Nov-2025 18:22:12,8.77 MB,https://nsearchives.nseindia.com/corporate/TITAN_03112025181921_SEoutcomeBMQ2.pdf,"Titan Company Limited has submitted to the Exchange, the financial results for the period ended September 30, 2025.",,,Outcome of Board Meeting,00:00:01,03112025182212,03-Nov-2025 18:22:13,8.77 MB,True,,,106425063,Gems Jewellery And Watches,INE280A01010,Titan Company Limited,2025-11-03 18:22:12,TITAN
03-Nov-2025 12:31:21,448.04 KB,https://nsearchives.nseindia.com/corporate/TITAN_03112025122932_CommercialpaperEndUseQ22025.pdf,Titan Company Limited has informed the Exchange about Certificate pursuant to SEBI Circular no. SEBI/HO/DDHS/P/CIR/2021/613 dated 10th August 2021,,,General Updates,00:00:01,03112025123121,03-Nov-2025 12:31:22,448.04 KB,True,,,106424357,Gems Jewellery And Watches,INE280A01010,Titan Company Limited,2025-11-03 12:31:21,TITAN
29-Oct-2025 15:50:34,548.70 KB,https://nsearchives.nseindia.com/corporate/TITAN_29102025154345_SEIntimationambuj.pdf,"Titan Company Limited has informed the Exchange regarding Resignation of  Mr. Ambuj Narayan as Other of the company w.e.f. January 06, 2026.",,,Resignation,00:00:00,29102025155034,29-Oct-2025 15:50:34,548.70 KB,True,,,106419348,Gems Jewellery And Watches,INE280A01010,Titan Company Limited,2025-10-29 15:50:34,TITAN
28-Oct-2025 14:16:12,289.79 KB,https://nsearchives.nseindia.com/corporate/TITAN_28102025141554_SEIntimationDamas.pdf,"Titan Company Limited has informed the Exchange about Intimation of new step-down Subsidiary - Signature Jewellery Holding Limited, UAE",,,Acquisition,00:00:01,28102025141612,28-Oct-2025 14:16:13,289.79 KB,True,,,106417860,Gems Jewellery And Watches,INE280A01010,Titan Company Limited,2025-10-28 14:16:12,TITAN
23-Oct-2025 16:18:49,1.12 MB,https://nsearchives.nseindia.com/corporate/TITAN003_23102025161626_PostalballotIntimationv1.pdf,"Titan Company Limited has submitted the Exchange a copy Srutinizers report of  Postal Ballot. Further, the company has informed the Exchange regarding voting results.",,,Shareholders meeting,00:00:01,23102025161849,23-Oct-2025 16:18:50,1.12 MB,True,,,106414378,Gems Jewellery And Watches,INE280A01010,Titan Company Limited,2025-10-23 16:18:49,TITAN
17-Oct-2025 16:53:09,425.10 KB,https://nsearchives.nseindia.com/corporate/TITAN_17102025165238_SEQ2FY26EarningCall.pdf,Titan Company Limited has informed the Exchange about Earning call for Q2 and half year ended FY 2025-26,,,Analysts/Institutional Investor Meet/Con. Call Updates,00:00:01,17102025165309,17-Oct-2025 16:53:10,425.10 KB,True,,,106411374,Gems Jewellery And Watches,INE280A01010,Titan Company Limited,2025-10-17 16:53:09,TITAN
10-Oct-2025 16:41:46,212.98 KB,https://nsearchives.nseindia.com/corporate/TITAN_10102025164121_SERegulation745.pdf,"Titan Company Limited has informed the Exchange about Certificate under Regulation 74 (5) of the SEBI (Depositories and Participants) Regulations, 2018 for the quarter ended September 30, 2025.",,,"Certificate under SEBI (Depositories and Participants) Regulations, 2018",00:00:01,10102025164146,10-Oct-2025 16:41:47,212.98 KB,True,,,106404111,Gems Jewellery And Watches,INE280A01010,Titan Company Limited,2025-10-10 16:41:46,TITAN
08-Oct-2025 12:11:25,253.53 KB,https://nsearchives.nseindia.com/corporate/TITAN003_08102025121107_IntimationChangeinemailsign.pdf,Titan Company Limited has informed the Exchange regarding 'Change in e-mail address of Registrar and Share Transfer Agent ( RTA ) of the Company'.,,,Updates,00:00:01,08102025121125,08-Oct-2025 12:11:26,253.53 KB,True,,,106400949,Gems Jewellery And Watches,INE280A01010,Titan Company Limited,2025-10-08 12:11:25,TITAN
07-Oct-2025 16:47:12,431.29 KB,https://nsearchives.nseindia.com/corporate/TITAN_07102025164635_Q2update202526.pdf,Titan Company Limited has informed the Exchange regarding 'Quarterly Update   Q2 FY 2025-26'.,,,Updates,00:00:00,07102025164712,07-Oct-2025 16:47:12,431.29 KB,True,,,106399874,Gems Jewellery And Watches,INE280A01010,Titan Company Limited,2025-10-07 16:47:12,TITAN
29-Sep-2025 19:57:15,658.13 KB,https://nsearchives.nseindia.com/corporate/TITAN_29092025195326_SEcreditrating29092025.pdf,Titan Company Limited has informed the Exchange about Credit Rating,,,Credit Rating,00:00:01,29092025195715,29-Sep-2025 19:57:16,658.13 KB,True,,,106391784,Gems Jewellery And Watches,INE280A01010,Titan Company Limited,2025-09-29 19:57:15,TITAN
20-Sep-2025 13:31:49,5.15 MB,https://nsearchives.nseindia.com/corporate/TITAN003_20092025132942_IntimationSEsAd.pdf,Titan Company Limited has informed the Exchange about Copy of Newspaper Publication,,,Copy of Newspaper Publication,00:00:00,20092025133149,20-Sep-2025 13:31:49,5.15 MB,True,,,106378850,Gems Jewellery And Watches,INE280A01010,Titan Company Limited,2025-09-20 13:31:49,TITAN
19-Sep-2025 15:52:19,217.97 KB,https://nsearchives.nseindia.com/corporate/TITAN_19092025155208_SEintimation.pdf,"Titan Company Limited has informed the Exchange regarding the Trading Window closure pursuant to SEBI (Prohibition of Insider Trading) Regulations, 2015",,,Trading Window,00:00:01,19092025155219,19-Sep-2025 15:52:20,217.97 KB,True,,,106378098,Gems Jewellery And Watches,INE280A01010,Titan Company Limited,2025-09-19 15:52:19,TITAN
19-Sep-2025 11:15:02,637.64 KB,https://nsearchives.nseindia.com/corporate/TITAN003_19092025111221_SEIntimationPostalballotsign.pdf,Titan Company Limited has informed the Exchange regarding Notice of Postal Ballot,,,Shareholders meeting,00:00:02,19092025111502,19-Sep-2025 11:15:04,637.64 KB,True,,,106377821,Gems Jewellery And Watches,INE280A01010,Titan Company Limited,2025-09-19 11:15:02,TITAN
16-Sep-2025 11:34:27,217.93 KB,https://nsearchives.nseindia.com/corporate/TITAN_16092025113406_SEintimation.pdf,Titan Company Limited has informed the Exchange about Schedule of meet,,,Analysts/Institutional Investor Meet/Con. Call Updates,00:00:01,16092025113427,16-Sep-2025 11:34:28,217.93 KB,True,,,106374498,Gems Jewellery And Watches,INE280A01010,Titan Company Limited,2025-09-16 11:34:27,TITAN
12-Sep-2025 09:59:01,276.88 KB,https://nsearchives.nseindia.com/corporate/TITAN_12092025095622_SEintimation.pdf,Titan Company Limited has informed the Exchange about Schedule of meet,,,Analysts/Institutional Investor Meet/Con. Call Updates,00:00:02,12092025095901,12-Sep-2025 09:59:03,276.88 KB,True,,,106371872,Gems Jewellery And Watches,INE280A01010,Titan Company Limited,2025-09-12 09:59:01,TITAN
09-Sep-2025 16:36:16,214.26 KB,https://nsearchives.nseindia.com/corporate/TITAN_09092025163545_SEintimation.pdf,Titan Company Limited has informed the Exchange about Schedule of meet,,,Analysts/Institutional Investor Meet/Con. Call Updates,00:00:01,09092025163616,09-Sep-2025 16:36:17,214.26 KB,True,,,106369006,Gems Jewellery And Watches,INE280A01010,Titan Company Limited,2025-09-09 16:36:16,TITAN
03-Sep-2025 16:39:01,213.96 KB,https://nsearchives.nseindia.com/corporate/TITAN_03092025163845_SEintimation.pdf,Titan Company Limited has informed the Exchange about Schedule of meet,,,Analysts/Institutional Investor Meet/Con. Call Updates,00:00:01,03092025163901,03-Sep-2025 16:39:02,213.96 KB,True,,,106361675,Gems Jewellery And Watches,INE280A01010,Titan Company Limited,2025-09-03 16:39:01,TITAN
29-Aug-2025 16:54:43,119.96 KB,https://nsearchives.nseindia.com/corporate/TITAN_29082025165429_SE_Intimation_credit_rating.pdf,Titan Company Limited has informed the Exchange about Credit Rating,,,Credit Rating,00:00:01,29082025165443,29-Aug-2025 16:54:44,119.96 KB,True,,,106355758,Gems Jewellery And Watches,INE280A01010,Titan Company Limited,2025-08-29 16:54:43,TITAN
29-Aug-2025 11:28:48,211.38 KB,https://nsearchives.nseindia.com/corporate/TITAN_29082025112805_SEintimation.pdf,Titan Company Limited has informed the Exchange about Schedule of meet,,,Analysts/Institutional Investor Meet/Con. Call Updates,00:00:01,29082025112848,29-Aug-2025 11:28:49,211.38 KB,True,,,106355117,Gems Jewellery And Watches,INE280A01010,Titan Company Limited,2025-08-29 11:28:48,TITAN
28-Aug-2025 18:20:19,123.07 KB,https://nsearchives.nseindia.com/corporate/TITAN_28082025181950_SEcreditrating28082025.pdf,Titan Company Limited has informed the Exchange about Credit Rating,,,Credit Rating,00:00:02,28082025182019,28-Aug-2025 18:20:21,123.07 KB,True,,,106354484,Gems Jewellery And Watches,INE280A01010,Titan Company Limited,2025-08-28 18:20:19,TITAN
27-Aug-2025 12:30:10,213.82 KB,https://nsearchives.nseindia.com/corporate/TITAN_27082025122935_SEintimation.pdf,Titan Company Limited has informed the Exchange about Schedule of meet,,,Analysts/Institutional Investor Meet/Con. Call Updates,00:00:01,27082025123010,27-Aug-2025 12:30:11,213.82 KB,True,,,106353150,Gems Jewellery And Watches,INE280A01010,Titan Company Limited,2025-08-27 12:30:10,TITAN
25-Aug-2025 14:21:24,303.94 KB,https://nsearchives.nseindia.com/corporate/TITAN_25082025142015_SEApptofPuneet.pdf,"Titan Company Limited has informed the Exchange regarding Appointment of Mr Puneet Chhatwal as Non- Executive Director of the company w.e.f. August 28, 2025.",,,Appointment,00:00:01,25082025142124,25-Aug-2025 14:21:25,303.94 KB,True,,,106350757,Gems Jewellery And Watches,INE280A01010,Titan Company Limited,2025-08-25 14:21:24,TITAN
21-Aug-2025 14:01:09,1.96 MB,https://nsearchives.nseindia.com/corporate/TITAN003_21082025140051_Intimation.pdf,Titan Company Limited has informed the Exchange about Copy of Newspaper Publication,,,Copy of Newspaper Publication,00:00:01,21082025140109,21-Aug-2025 14:01:10,1.96 MB,True,,,106347635,Gems Jewellery And Watches,INE280A01010,Titan Company Limited,2025-08-21 14:01:09,TITAN
20-Aug-2025 18:13:27,436.43 KB,https://nsearchives.nseindia.com/corporate/TITAN_20082025181209_SEIntimationPBbalaji.pdf,"Titan Company Limited has informed the Exchange regarding Resignation of Mr P B Balaji as Non- Executive Director of the company w.e.f. August 20, 2025.",,,Resignation,00:00:01,20082025181327,20-Aug-2025 18:13:28,436.43 KB,True,,,106346806,Gems Jewellery And Watches,INE280A01010,Titan Company Limited,2025-08-20 18:13:27,TITAN
20-Aug-2025 12:52:13,212.19 KB,https://nsearchives.nseindia.com/corporate/TITAN_20082025124914_SEintimation.pdf,Titan Company Limited has informed the Exchange about Schedule of meet,,,Analysts/Institutional Investor Meet/Con. Call Updates,00:00:01,20082025125213,20-Aug-2025 12:52:14,212.19 KB,True,,,106346397,Gems Jewellery And Watches,INE280A01010,Titan Company Limited,2025-08-20 12:52:13,TITAN
11-Aug-2025 10:35:34,477.25 KB,https://nsearchives.nseindia.com/corporate/TITAN_11082025103451_SEtranscriptQ1.pdf,Titan Company Limited has informed the Exchange about Earnings Call Transcripts,,,Analysts/Institutional Investor Meet/Con. Call Updates,00:00:01,11082025103534,11-Aug-2025 10:35:35,477.25 KB,True,,,106334172,Gems Jewellery And Watches,INE280A01010,Titan Company Limited,2025-08-11 10:35:34,TITAN
08-Aug-2025 14:05:58,3.65 MB,https://nsearchives.nseindia.com/corporate/TITAN_08082025140539_SEnewspaperadresultQ1.pdf,Titan Company Limited has informed the Exchange about Copy of Newspaper Publicationfor Unaudited financial results for the first quarter ended 30th June 2025.,,,Copy of Newspaper Publication,00:00:01,08082025140558,08-Aug-2025 14:05:59,3.65 MB,True,,,106331845,Gems Jewellery And Watches,INE280A01010,Titan Company Limited,2025-08-08 14:05:58,TITAN
07-Aug-2025 21:59:03,224.94 KB,https://nsearchives.nseindia.com/corporate/TITAN_07082025215846_SEanalystcallrecordingQ1.pdf,Titan Company Limited has informed the Exchange about Link of Recording,,,Analysts/Institutional Investor Meet/Con. Call Updates,00:00:01,07082025215903,07-Aug-2025 21:59:04,224.94 KB,True,,,106330963,Gems Jewellery And Watches,INE280A01010,Titan Company Limited,2025-08-07 21:59:03,TITAN
07-Aug-2025 18:17:30,152.75 KB,https://nsearchives.nseindia.com/corporate/TITAN_07082025181716_SEreappointmentofID.pdf,"Titan Company Limited has informed the Exchange regarding Re-appointment of  Mr. Sandeep Singhal as Non- Executive Independent Director of the company w.e.f. November 11, 2025.",,,Appointment,00:00:00,07082025181730,07-Aug-2025 18:17:30,152.75 KB,True,,,106330347,Gems Jewellery And Watches,INE280A01010,Titan Company Limited,2025-08-07 18:17:30,TITAN
07-Aug-2025 17:28:59,16.20 MB,https://nsearchives.nseindia.com/corporate/TITAN_07082025172844_SEinvestorpresentationQ1.pdf,Titan Company Limited has informed the Exchange about Investor Presentation,,,Investor Presentation,00:00:01,07082025172859,07-Aug-2025 17:29:00,16.20 MB,True,,,106330142,Gems Jewellery And Watches,INE280A01010,Titan Company Limited,2025-08-07 17:28:59,TITAN
07-Aug-2025 17:10:41,3.71 MB,https://nsearchives.nseindia.com/corporate/TITAN_07082025170814_SEoutcomeQ1.pdf,"Titan Company Limited has submitted to the Exchange, the financial results for the period ended Jun 30, 2025.",,,Outcome of Board Meeting,00:00:01,07082025171041,07-Aug-2025 17:10:42,3.71 MB,True,,,106330048,Gems Jewellery And Watches,INE280A01010,Titan Company Limited,2025-08-07 17:10:41,TITAN
04-Aug-2025 20:13:40,483.94 KB,https://nsearchives.nseindia.com/corporate/TITAN_04082025201327_SEcreditrating.pdf,Titan Company Limited has informed the Exchange about Credit Rating,,,Credit Rating,00:00:01,04082025201340,04-Aug-2025 20:13:41,483.94 KB,True,,,106324560,Gems Jewellery And Watches,INE280A01010,Titan Company Limited,2025-08-04 20:13:40,TITAN
04-Aug-2025 19:57:08,1.09 MB,https://nsearchives.nseindia.com/corporate/TITAN_04082025195640_SECommercialpaperEndUse.pdf,Titan Company Limited has informed the Exchange regarding 'Certificate pursuant to SEBI Circular no. SEBI/HO/DDHS/P/CIR/2021/613 dated 10th August 2021'.,,,Updates,00:00:01,04082025195708,04-Aug-2025 19:57:09,1.09 MB,True,,,106324542,Gems Jewellery And Watches,INE280A01010,Titan Company Limited,2025-08-04 19:57:08,TITAN
29-Jul-2025 16:39:00,6.79 MB,https://nsearchives.nseindia.com/corporate/TITAN_29072025163851_SEnewspaperadwindow.pdf,Titan Company Limited has informed the Exchange about Copy of Newspaper Publication - Special window for re-lodgement of transfer requests of physical shares,,,Copy of Newspaper Publication,00:00:00,29072025163900,29-Jul-2025 16:39:00,6.79 MB,True,,,106315868,Gems Jewellery And Watches,INE280A01010,Titan Company Limited,2025-07-29 16:39:00,TITAN
25-Jul-2025 17:36:33,865.87 KB,https://nsearchives.nseindia.com/corporate/TITAN_25072025173539_SEanalystcalldamas.pdf,Titan Company Limited has informed the Exchange about Link of Recording,,,Analysts/Institutional Investor Meet/Con. Call Updates,00:00:00,25072025173633,25-Jul-2025 17:36:33,865.87 KB,True,,,106312251,Gems Jewellery And Watches,INE280A01010,Titan Company Limited,2025-07-25 17:36:33,TITAN
24-Jul-2025 14:09:03,993.58 KB,https://nsearchives.nseindia.com/corporate/TITAN_24072025140849_SEQ1FY26EarningCall.pdf,Titan Company Limited has informed the Exchange about First quarter Earning Call Q1 for FY 2025-26,,,Analysts/Institutional Investor Meet/Con. Call Updates,00:00:02,24072025140903,24-Jul-2025 14:09:05,993.58 KB,True,,,106310389,Gems Jewellery And Watches,INE280A01010,Titan Company Limited,2025-07-24 14:09:03,TITAN
23-Jul-2025 21:01:45,7.05 MB,https://nsearchives.nseindia.com/corporate/TITAN_23072025210123_SEnewspaperadDPT1.pdf,Titan Company Limited has informed the Exchange about Copy of Newspaper Publication for Form DPT-1,,,Copy of Newspaper Publication,00:00:00,23072025210145,23-Jul-2025 21:01:45,7.05 MB,True,,,106309637,Gems Jewellery And Watches,INE280A01010,Titan Company Limited,2025-07-23 21:01:45,TITAN
23-Jul-2025 16:45:45,1.22 MB,https://nsearchives.nseindia.com/corporate/TITAN003_23072025164451_41stAGMVotingSEInti.pdf,"Titan Company Limited has submitted the Exchange a copy Srutinizers report of  Annual General Meeting held on July 22, 2025. Further, the company has informed the Exchange regarding voting results.",,,Shareholders meeting,00:00:01,23072025164545,23-Jul-2025 16:45:46,1.22 MB,True,,,106309193,Gems Jewellery And Watches,INE280A01010,Titan Company Limited,2025-07-23 16:45:45,TITAN
22-Jul-2025 18:47:06,370.02 KB,https://nsearchives.nseindia.com/corporate/TITAN_22072025184545_SEConferencecall.pdf,Titan Company Limited has informed the Exchange about Schedule of meet,,,Analysts/Institutional Investor Meet/Con. Call Updates,00:00:01,22072025184706,22-Jul-2025 18:47:07,370.02 KB,True,,,106308001,Gems Jewellery And Watches,INE280A01010,Titan Company Limited,2025-07-22 18:47:06,TITAN
22-Jul-2025 18:22:54,335.90 KB,https://nsearchives.nseindia.com/corporate/TITAN_22072025182239_Brief_Proceedings_AGM.pdf,Titan Company Limited has informed the Exchange regarding Proceedings of the 41st Annual General Meeting (AGM) held on 22nd July 2025.,,,Shareholders meeting,00:00:01,22072025182254,22-Jul-2025 18:22:55,335.90 KB,True,,,106307943,Gems Jewellery And Watches,INE280A01010,Titan Company Limited,2025-07-22 18:22:54,TITAN
21-Jul-2025 16:20:24,1.79 MB,https://nsearchives.nseindia.com/corporate/TITAN_21072025162003_SEAcquisition.pdf,"Titan Company Limited has informed the Exchange regarding a press release dated July 21, 2025, titled ""TITAN TO ACQUIRE DAMAS JEWELLERY, EXPAND GCC PRESENCE"".",,,Press Release,00:00:01,21072025162024,21-Jul-2025 16:20:25,1.79 MB,True,,,106306249,Gems Jewellery And Watches,INE280A01010,Titan Company Limited,2025-07-21 16:20:24,TITAN
21-Jul-2025 16:15:08,1.79 MB,https://nsearchives.nseindia.com/corporate/TITAN_21072025161456_SEAcquisition.pdf,Titan Company Limited has informed the Exchange about proposed acquisition of 67% shareholding in Damas jewellery business by the Company through its Wholly Owned Subsidiary.,,,Acquisition,00:00:01,21072025161508,21-Jul-2025 16:15:09,1.79 MB,True,,,106306244,Gems Jewellery And Watches,INE280A01010,Titan Company Limited,2025-07-21 16:15:08,TITAN
11-Jul-2025 09:01:28,229.18 KB,https://nsearchives.nseindia.com/corporate/TITAN_11072025085854_SESMPChange.pdf,Titan Company Limited has informed the Exchange about change in Management,,,Change in Management,00:00:01,11072025090128,11-Jul-2025 09:01:29,229.18 KB,False,,,106296535,Gems Jewellery And Watches,INE280A01010,Titan Company Limited,2025-07-11 09:01:28,TITAN
10-Jul-2025 10:32:37,119.30 KB,https://nsearchives.nseindia.com/corporate/TITAN_10072025103215_SERegulation745.pdf,"Titan Company Limited has informed the Exchange about Certificate under SEBI (Depositories and Participants) Regulations, 2018",,,"Certificate under SEBI (Depositories and Participants) Regulations, 2018",00:00:01,10072025103237,10-Jul-2025 10:32:38,119.30 KB,False,,,106295347,Gems Jewellery And Watches,INE280A01010,Titan Company Limited,2025-07-10 10:32:37,TITAN
09-Jul-2025 14:29:48,194.02 KB,https://nsearchives.nseindia.com/corporate/TITAN003_09072025142857_Clarification-Volume_Movementsigned.pdf,Titan Company Limited has informed the Exchange about General Updates,,,General Updates,00:00:01,09072025142948,09-Jul-2025 14:29:49,194.02 KB,False,,,106294329,Gems Jewellery And Watches,INE280A01010,Titan Company Limited,2025-07-09 14:29:48,TITAN
07-Jul-2025 16:56:59,277.13 KB,https://nsearchives.nseindia.com/corporate/TITAN_07072025165627_Q1update202526.pdf,Titan Company Limited has informed the Exchange regarding 'Quarterly Update   Q1 FY 2025-26'.,,,Updates,00:00:01,07072025165659,07-Jul-2025 16:57:00,277.13 KB,False,,,106291864,Gems Jewellery And Watches,INE280A01010,Titan Company Limited,2025-07-07 16:56:59,TITAN
30-Jun-2025 11:35:19,643.63 KB,https://nsearchives.nseindia.com/corporate/TITAN_30062025113500_SEintimationtoshareholders.pdf,Titan Company Limited has informed the Exchange about General Updates,,,General Updates,00:00:01,30062025113519,30-Jun-2025 11:35:20,643.63 KB,False,,,106284455,Gems Jewellery And Watches,INE280A01010,Titan Company Limited,2025-06-30 11:35:19,TITAN
28-Jun-2025 21:42:16,7.20 MB,https://nsearchives.nseindia.com/corporate/TITAN_28062025214153_SEnewspaperad.pdf,"Titan Company Limited has informed the Exchange about Newspaper Advertisement-Disclosure under Regulation 30 of Securities and Exchange Board of India (Listing Obligations and Disclosure Requirements) Regulations, 2015 ('Listing Regulations')",,,Copy of Newspaper Publication,00:00:01,28062025214216,28-Jun-2025 21:42:17,7.20 MB,False,,,106284035,Gems Jewellery And Watches,INE280A01010,Titan Company Limited,2025-06-28 21:42:16,TITAN
28-Jun-2025 13:00:51,725.32 KB,https://nsearchives.nseindia.com/corporate/team_sandeshc_23042025113213_TITAN.pdf,"Tamilnadu Industrial Development Corporation Limited has Submitted to the Exchange a copy of Disclosure under Regulation 31(4) of the Securities and Exchange Board of India (Substantial Acquisition of Shares and Takeovers) Regulations, 2011.",,,Disclosure under SEBI Takeover Regulations,00:00:01,28062025130051,28-Jun-2025 13:00:52,725.32 KB,False,,,106208936,Gems Jewellery And Watches,INE280A01010,Titan Company Limited,2025-06-28 13:00:51,TITAN
27-Jun-2025 15:04:07,477.84 KB,https://nsearchives.nseindia.com/corporate/TITAN_27062025150338_SEnoticeofagm.pdf,"Titan Company Limited has informed the Exchange regarding Notice of Annual General Meeting to be held on July 22, 2025",,,Shareholders meeting,00:00:01,27062025150407,27-Jun-2025 15:04:08,477.84 KB,False,,,106282268,Gems Jewellery And Watches,INE280A01010,Titan Company Limited,2025-06-27 15:04:07,TITAN
26-Jun-2025 14:44:36,3.16 MB,https://nsearchives.nseindia.com/corporate/TITAN_26062025144335_SEnewspaperAGMrecorddate.pdf,Titan Company Limited has informed the Exchange about Copy of Newspaper publication for the 41st Annual General Meeting and Record Date,,,Copy of Newspaper Publication,00:00:01,26062025144436,26-Jun-2025 14:44:37,3.16 MB,False,,,106279974,Gems Jewellery And Watches,INE280A01010,Titan Company Limited,2025-06-26 14:44:36,TITAN
20-Jun-2025 17:24:47,119.13 KB,https://nsearchives.nseindia.com/corporate/TITAN_20062025172356_SEintimation.pdf,Titan Company Limited has informed the Exchange about Credit Rating,,,Credit Rating,00:00:01,20062025172447,20-Jun-2025 17:24:48,119.13 KB,False,,,106274134,Gems Jewellery And Watches,INE280A01010,Titan Company Limited,2025-06-20 17:24:47,TITAN
18-Jun-2025 16:07:01,264.55 KB,https://nsearchives.nseindia.com/corporate/TITAN_18062025160558_SErecorddatefordividend.pdf,Titan Company Limited has informed the Exchange regarding 'Intimation of date of 41st Annual General Meeting and Record Date for payment of Dividend'.,,,Updates,00:00:02,18062025160701,18-Jun-2025 16:07:03,264.55 KB,False,,,106271938,Gems Jewellery And Watches,INE280A01010,Titan Company Limited,2025-06-18 16:07:01,TITAN
18-Jun-2025 15:35:58,264.55 KB,https://nsearchives.nseindia.com/corporate/TITAN_18062025152812_SErecorddatefordividend.pdf,Titan Company Limited has informed the Exchange that Record date for the purpose of Dividend  is 08-Jul-2025.,,,Record Date,00:00:00,18062025153558,18-Jun-2025 15:35:58,264.55 KB,False,,,106271904,Gems Jewellery And Watches,INE280A01010,Titan Company Limited,2025-06-18 15:35:58,TITAN
16-Jun-2025 18:35:46,876.61 KB,https://nsearchives.nseindia.com/corporate/TITAN_16062025183458_SEtdividendtax.pdf,Titan Company Limited has informed the Exchange about  'Communication to Shareholders - Intimation on Tax Deduction on Dividend,,,General Updates,00:00:01,16062025183546,16-Jun-2025 18:35:47,876.61 KB,False,,,106270282,Gems Jewellery And Watches,INE280A01010,Titan Company Limited,2025-06-16 18:35:46,TITAN
13-Jun-2025 10:49:14,123.04 KB,https://nsearchives.nseindia.com/corporate/TITAN_13062025104900_SEintimation.pdf,Titan Company Limited has informed the Exchange about Schedule of meet,,,Analysts/Institutional Investor Meet/Con. Call Updates,00:00:02,13062025104914,13-Jun-2025 10:49:16,123.04 KB,False,,,106268618,Gems Jewellery And Watches,INE280A01010,Titan Company Limited,2025-06-13 10:49:14,TITAN
11-Jun-2025 11:31:26,452.75 KB,https://nsearchives.nseindia.com/corporate/TITAN_11062025113028_SEtanishqaward.pdf,Titan Company Limited has informed the Exchange about Tanishq honoured with Diamonds Do Good Award for exemplary purpose-driven leadership.,,,General Updates,00:00:02,11062025113126,11-Jun-2025 11:31:28,452.75 KB,False,,,106266816,Gems Jewellery And Watches,INE280A01010,Titan Company Limited,2025-06-11 11:31:26,TITAN
10-Jun-2025 16:49:51,1.64 MB,https://nsearchives.nseindia.com/corporate/TITAN_10062025164530_SEIntimationforKYCupdate.pdf,Titan Company Limited has informed the Exchange about Intimation to the holders of physical securities for furnishing of KYC details.,,,General Updates,00:00:01,10062025164951,10-Jun-2025 16:49:52,1.64 MB,False,,,106266149,Gems Jewellery And Watches,INE280A01010,Titan Company Limited,2025-06-10 16:49:51,TITAN
07-Jun-2025 17:09:06,267.95 KB,https://nsearchives.nseindia.com/corporate/TITAN_07062025170833_SESGTenurecompletion.pdf,"Titan Company Limited has informed the Exchange regarding Cessation of Ms Sindhu Gangadharan as Independent Director of the company w.e.f. Jun 08, 2025.",,,Cessation,00:00:01,07062025170906,07-Jun-2025 17:09:07,267.95 KB,False,,,106264527,Gems Jewellery And Watches,INE280A01010,Titan Company Limited,2025-06-07 17:09:06,TITAN
06-Jun-2025 22:46:11,127.81 KB,https://nsearchives.nseindia.com/corporate/TITAN_06062025224529_SEintimation.pdf,Titan Company Limited has informed the Exchange about Schedule of meet,,,Analysts/Institutional Investor Meet/Con. Call Updates,00:00:02,06062025224611,06-Jun-2025 22:46:13,127.81 KB,False,,,106264229,Gems Jewellery And Watches,INE280A01010,Titan Company Limited,2025-06-06 22:46:11,TITAN
30-May-2025 15:55:03,188.78 KB,https://nsearchives.nseindia.com/corporate/TITAN003_30052025155450_SEintimationsigned.pdf,Titan Company Limited has informed the Exchange about Schedule of meet,,,Analysts/Institutional Investor Meet/Con. Call Updates,00:00:01,30052025155503,30-May-2025 15:55:04,188.78 KB,False,,,106256740,Gems Jewellery And Watches,INE280A01010,Titan Company Limited,2025-05-30 15:55:03,TITAN
28-May-2025 16:14:16,3.59 MB,https://nsearchives.nseindia.com/corporate/TITAN_28052025161356_SEnewspaperadIEPF2025.pdf,Titan Company Limited has informed the Exchange about Copy of Newspaper Publication for transfer of equity shares to IEPF,,,Copy of Newspaper Publication,00:00:01,28052025161416,28-May-2025 16:14:17,3.59 MB,False,,,106252135,Gems Jewellery And Watches,INE280A01010,Titan Company Limited,2025-05-28 16:14:16,TITAN
13-May-2025 09:10:14,,https://nsearchives.nseindia.com/corporate/TITAN_13052025091005_SEseniorpersonnel.pdf,"Titan Company Limited has informed the Exchange regarding Resignation of Ms Suparna Mitra as Senior Management Personnel of the company w.e.f. August 12, 2025.",,,Resignation,00:00:01,13052025091014,13-May-2025 09:10:15,-,False,,,106228980,Gems Jewellery And Watches,INE280A01010,Titan Company Limited,2025-05-13 09:10:14,TITAN
12-May-2025 10:56:00,,https://nsearchives.nseindia.com/corporate/TITAN_12052025105522_SEinvestorcalltranscriptQ4.pdf,Titan Company Limited has informed the Exchange about Transcript,,,Analysts/Institutional Investor Meet/Con. Call Updates,00:00:01,12052025105600,12-May-2025 10:56:01,-,False,,,106227577,Gems Jewellery And Watches,INE280A01010,Titan Company Limited,2025-05-12 10:56:00,TITAN
09-May-2025 15:23:06,,https://nsearchives.nseindia.com/corporate/TITAN_09052025152252_SEsecretarialcompliance.pdf,Titan Company Limited has informed the Exchange regarding 'Annual Secretarial Compliance Report for the year ended 31st March 2025'.,,,Updates,00:00:00,09052025152306,09-May-2025 15:23:06,-,False,,,106225868,Gems Jewellery And Watches,INE280A01010,Titan Company Limited,2025-05-09 15:23:06,TITAN
09-May-2025 15:10:20,,https://nsearchives.nseindia.com/corporate/TITAN_09052025151009_SEnewspaperadQ4.pdf,Titan Company Limited has informed the Exchange about Copy of Newspaper Publicationfor Audited financial results for the fourth quarter and year ended 31st March 2025,,,Copy of Newspaper Publication,00:00:00,09052025151020,09-May-2025 15:10:20,-,False,,,106225838,Gems Jewellery And Watches,INE280A01010,Titan Company Limited,2025-05-09 15:10:20,TITAN
08-May-2025 22:47:03,,https://nsearchives.nseindia.com/corporate/TITAN_08052025224247_SEoutcome.pdf,"Titan Company Limited has informed the Exchange regarding Outcome of Board Meeting held on May 08, 2025.",,,Outcome of Board Meeting,00:00:00,08052025224703,08-May-2025 22:47:03,-,False,,,106225173,Gems Jewellery And Watches,INE280A01010,Titan Company Limited,2025-05-08 22:47:03,TITAN
08-May-2025 22:11:29,,https://nsearchives.nseindia.com/corporate/TITAN_08052025221110_SEaudiocallQ4.pdf,Titan Company Limited has informed the Exchange about Link of Recording,,,Analysts/Institutional Investor Meet/Con. Call Updates,00:00:01,08052025221129,08-May-2025 22:11:30,-,False,,,106225063,Gems Jewellery And Watches,INE280A01010,Titan Company Limited,2025-05-08 22:11:29,TITAN
08-May-2025 19:07:24,,https://nsearchives.nseindia.com/corporate/TITAN_08052025190702_SecAuditorAppt.pdf,"Titan Company Limited has informed the Exchange about Disclosure under Regulation 30 of SEBI (Listing Obligations and Disclosure Requirements) Regulations, 2015   Appointment of Secretarial Auditors",,,General Updates,00:00:01,08052025190724,08-May-2025 19:07:25,-,False,,,106224824,Gems Jewellery And Watches,INE280A01010,Titan Company Limited,2025-05-08 19:07:24,TITAN
08-May-2025 18:58:01,,https://nsearchives.nseindia.com/corporate/TITAN_08052025185742_ApptofID.pdf,"Titan Company Limited has informed the Exchange regarding Appointment of Ms Shalini Kapoor as Non- Executive Independent Director of the company w.e.f. May 09, 2025.",,,Appointment,00:00:00,08052025185801,08-May-2025 18:58:01,-,False,,,106224803,Gems Jewellery And Watches,INE280A01010,Titan Company Limited,2025-05-08 18:58:01,TITAN
08-May-2025 18:26:42,,https://nsearchives.nseindia.com/corporate/TITAN_08052025182623_SEinvestorpresentationQ4.pdf,Titan Company Limited has informed the Exchange about Investor Presentation,,,Investor Presentation,00:00:01,08052025182642,08-May-2025 18:26:43,-,False,,,106224714,Gems Jewellery And Watches,INE280A01010,Titan Company Limited,2025-05-08 18:26:42,TITAN
08-May-2025 18:17:39,,https://nsearchives.nseindia.com/corporate/TITAN_08052025181713_SEoutcome.pdf,"Titan Company Limited has informed the Exchange that Board of Directors at its meeting held on May 08, 2025, recommended Final Dividend of 11 per equity share.",,,Dividend,00:00:00,08052025181739,08-May-2025 18:17:39,-,False,,,106224692,Gems Jewellery And Watches,INE280A01010,Titan Company Limited,2025-05-08 18:17:39,TITAN
08-May-2025 17:44:29,,https://nsearchives.nseindia.com/corporate/TITAN_08052025174418_CPutilisationintimationsigned.pdf,"Titan Company Limited has informed the Exchange regarding 'Certificate pursuant to SEBI Circular no. SEBI/HO/DDHS/P/CIR/2021/613 dated August 10, 2021'.",,,Updates,00:00:00,08052025174429,08-May-2025 17:44:29,-,False,,,106224611,Gems Jewellery And Watches,INE280A01010,Titan Company Limited,2025-05-08 17:44:29,TITAN
08-May-2025 17:09:37,,https://nsearchives.nseindia.com/corporate/TITAN_08052025170922_SE09Successionplan.pdf,"Titan Company Limited has informed the Exchange regarding a press release dated May 08, 2025, titled ""Succession Plan for the Managing Director"".",,,Press Release,00:00:00,08052025170937,08-May-2025 17:09:37,-,False,,,106224514,Gems Jewellery And Watches,INE280A01010,Titan Company Limited,2025-05-08 17:09:37,TITAN
23-Apr-2025 15:19:55,,https://nsearchives.nseindia.com/corporate/TITAN_23042025151934_SERtaupdate.pdf,Titan Company Limited has informed the Exchange about an update in contact details of Registrar and Transfer Agent of the Company,,,General Updates,00:00:01,23042025151955,23-Apr-2025 15:19:56,-,False,,,106209252,Gems Jewellery And Watches,INE280A01010,Titan Company Limited,2025-04-23 15:19:55,TITAN
22-Apr-2025 19:21:34,,https://nsearchives.nseindia.com/corporate/team_sandeshc_08042025115926_TITAN.pdf,"Tamilnadu Industrial Development Corporation Limited has Submitted to the Exchange a copy of Disclosure under Regulation 31(4) of the Securities and Exchange Board of India (Substantial Acquisition of Shares and Takeovers) Regulations, 2011.",,,Disclosure under SEBI Takeover Regulations,00:00:01,22042025192134,22-Apr-2025 19:21:35,-,False,,,106197049,Gems Jewellery And Watches,INE280A01010,Titan Company Limited,2025-04-22 19:21:34,TITAN
22-Apr-2025 10:38:27,,https://nsearchives.nseindia.com/corporate/TITAN_22042025103224_SEQ4FY25EarningCall.pdf,Titan Company Limited has informed the Exchange about Earning call for Q4 and year ended FY 2024-25,,,Analysts/Institutional Investor Meet/Con. Call Updates,00:00:00,22042025103827,22-Apr-2025 10:38:27,-,False,,,106207708,Gems Jewellery And Watches,INE280A01010,Titan Company Limited,2025-04-22 10:38:27,TITAN
10-Apr-2025 16:06:27,,https://nsearchives.nseindia.com/corporate/TITAN_10042025160214_SERegulation745.pdf,"Titan Company Limited has informed the Exchange about Certificate under Regulation 74 (5) of the SEBI (Depositories and Participants) Regulations, 2018 for the quarter ended March 31, 2025",,,"Certificate under SEBI (Depositories and Participants) Regulations, 2018",00:00:00,10042025160627,10-Apr-2025 16:06:27,-,False,,,106199662,Gems Jewellery And Watches,INE280A01010,Titan Company Limited,2025-04-10 16:06:27,TITAN
07-Apr-2025 18:51:08,,https://nsearchives.nseindia.com/corporate/TITAN_07042025185046_Q4update202425.pdf,Titan Company Limited has informed the Exchange about Quarterly Update   Q4 FY 2024-25,,,General Updates,00:00:00,07042025185108,07-Apr-2025 18:51:08,-,False,,,106196376,Gems Jewellery And Watches,INE280A01010,Titan Company Limited,2025-04-07 18:51:08,TITAN
28-Mar-2025 18:33:05,,https://nsearchives.nseindia.com/corporate/TITAN_28032025183222_SEdelayedsubmission.pdf,Titan Company Limited has informed the Exchange about Noting by the Board of Directors on delayed submission of record date.,,,General Updates,00:00:01,28032025183305,28-Mar-2025 18:33:06,-,False,,,106187974,Gems Jewellery And Watches,INE280A01010,Titan Company Limited,2025-03-28 18:33:05,TITAN
22-Mar-2025 11:44:41,,https://nsearchives.nseindia.com/corporate/TITAN_22032025114410_SEintimation.pdf,"Titan Company Limited has informed the Exchange regarding the Trading Window closure pursuant to SEBI (Prohibition of Insider Trading) Regulations, 2015",,,Trading Window,00:00:01,22032025114441,22-Mar-2025 11:44:42,-,False,,,106178653,Gems Jewellery And Watches,INE280A01010,Titan Company Limited,2025-03-22 11:44:41,TITAN
13-Mar-2025 15:35:00,,https://nsearchives.nseindia.com/corporate/TITAN_13032025153406_SEintimation.pdf,Titan Company Limited has informed the Exchange about Schedule of meet,,,Analysts/Institutional Investor Meet/Con. Call Updates,00:00:01,13032025153500,13-Mar-2025 15:35:01,-,False,,,106172223,Gems Jewellery And Watches,INE280A01010,Titan Company Limited,2025-03-13 15:35:00,TITAN
05-Mar-2025 16:45:15,,https://nsearchives.nseindia.com/corporate/TITAN_05032025164453_SEintimation.pdf,Titan Company Limited has informed the Exchange about Schedule of meet,,,Analysts/Institutional Investor Meet/Con. Call Updates,00:00:00,05032025164515,05-Mar-2025 16:45:15,-,False,,,106166109,Gems Jewellery And Watches,INE280A01010,Titan Company Limited,2025-03-05 16:45:15,TITAN
19-Feb-2025 20:03:35,,https://nsearchives.nseindia.com/corporate/TITAN_19022025200300_SEintimationmeeting.pdf,Titan Company Limited has informed the Exchange about Schedule of meet,,,Analysts/Institutional Investor Meet/Con. Call Updates,00:00:00,19022025200335,19-Feb-2025 20:03:35,-,False,,,106156568,Gems Jewellery And Watches,INE280A01010,Titan Company Limited,2025-02-19 20:03:35,TITAN
19-Feb-2025 11:52:46,,https://nsearchives.nseindia.com/corporate/TITAN_19022025115218_SEintimation.pdf,Titan Company Limited has informed the Exchange about Schedule of meet,,,Analysts/Institutional Investor Meet/Con. Call Updates,00:00:01,19022025115246,19-Feb-2025 11:52:47,-,False,,,106156128,Gems Jewellery And Watches,INE280A01010,Titan Company Limited,2025-02-19 11:52:46,TITAN
14-Feb-2025 15:41:08,,https://nsearchives.nseindia.com/corporate/TITAN_14022025154055_SEintimation.pdf,Titan Company Limited has informed the Exchange about Schedule of meet,,,Analysts/Institutional Investor Meet/Con. Call Updates,00:00:01,14022025154108,14-Feb-2025 15:41:09,-,False,,,106151729,Gems Jewellery And Watches,INE280A01010,Titan Company Limited,2025-02-14 15:41:08,TITAN
07-Feb-2025 14:35:57,,https://nsearchives.nseindia.com/corporate/TITAN_07022025143533_SEtranscriptQ3.pdf,Titan Company Limited has informed the Exchange about Transcript,,,Analysts/Institutional Investor Meet/Con. Call Updates,00:00:01,07022025143557,07-Feb-2025 14:35:58,-,False,,,106141588,Gems Jewellery And Watches,INE280A01010,Titan Company Limited,2025-02-07 14:35:57,TITAN
05-Feb-2025 19:18:27,,https://nsearchives.nseindia.com/corporate/TITAN_05022025191806_SEintimation.pdf,Titan Company Limited has informed the Exchange about Schedule of meet,,,Analysts/Institutional Investor Meet/Con. Call Updates,00:00:00,05022025191827,05-Feb-2025 19:18:27,-,False,,,106138604,Gems Jewellery And Watches,INE280A01010,Titan Company Limited,2025-02-05 19:18:27,TITAN
05-Feb-2025 19:07:54,,https://nsearchives.nseindia.com/corporate/TITAN_05022025190729_SEnewspaperadQ3result.pdf,Titan Company Limited has informed the Exchange about Newspaper publication for unaudited financial results for the quarter and nine months ended 31st December 2024.,,,Copy of Newspaper Publication,00:00:01,05022025190754,05-Feb-2025 19:07:55,-,False,,,106138573,Gems Jewellery And Watches,INE280A01010,Titan Company Limited,2025-02-05 19:07:54,TITAN
05-Feb-2025 13:01:58,,https://nsearchives.nseindia.com/corporate/TITAN_05022025130136_IntegratedFinancial.pdf,Integrated Filing (Financials) for the quarter and nine months ended 31st December 2024,,,Integrated Filing- Financial,00:00:01,05022025130158,05-Feb-2025 13:01:59,-,False,,,106137767,Gems Jewellery And Watches,INE280A01010,Titan Company Limited,2025-02-05 13:01:58,TITAN
05-Feb-2025 10:46:58,,https://nsearchives.nseindia.com/corporate/TITAN_05022025104554_SEAnalystCallRecordingQ3.pdf,Titan Company Limited has informed the Exchange about Link of Recording,,,Analysts/Institutional Investor Meet/Con. Call Updates,00:00:01,05022025104658,05-Feb-2025 10:46:59,-,False,,,106137550,Gems Jewellery And Watches,INE280A01010,Titan Company Limited,2025-02-05 10:46:58,TITAN
04-Feb-2025 23:35:07,,https://nsearchives.nseindia.com/corporate/TITAN_04022025233452_SEPSU.pdf,Titan Company Limited has informed the Exchange about Grant of Performance Stock Units under Titan Company Limited Performance Based Stock Unit Scheme 2023 (hereinafter referred to as  Scheme 2023 ),,,General Updates,00:00:01,04022025233507,04-Feb-2025 23:35:08,-,False,,,106137314,Gems Jewellery And Watches,INE280A01010,Titan Company Limited,2025-02-04 23:35:07,TITAN
04-Feb-2025 23:29:12,,https://nsearchives.nseindia.com/corporate/TITAN_04022025232900_SECP.pdf,Titan Company Limited has informed the Exchange about Certificate pursuant to SEBI Circular no. SEBI/HO/DDHS/P/CIR/2021/613 dated 10th August 2021,,,General Updates,00:00:01,04022025232912,04-Feb-2025 23:29:13,-,False,,,106137311,Gems Jewellery And Watches,INE280A01010,Titan Company Limited,2025-02-04 23:29:12,TITAN
04-Feb-2025 17:57:54,,https://nsearchives.nseindia.com/corporate/TITAN_04022025175709_SEinvestorpresentationQ32024.pdf,Titan Company Limited has informed the Exchange about Investor Presentation,,,Investor Presentation,00:00:01,04022025175754,04-Feb-2025 17:57:55,-,False,,,106136650,Gems Jewellery And Watches,INE280A01010,Titan Company Limited,2025-02-04 17:57:54,TITAN
04-Feb-2025 17:33:53,,https://nsearchives.nseindia.com/corporate/SEoutcomeQ3_04022025173353.pdf," Titan Company Limited has submitted to the Exchange, the financial results for the period ended December 31, 2024.",,,Financial Result Updates,00:00:00,04022025173353,04-Feb-2025 17:33:53,-,False,,,169104,Gems Jewellery And Watches,INE280A01010,Titan Company Limited,2025-02-04 17:33:53,TITAN
04-Feb-2025 17:21:56,,https://nsearchives.nseindia.com/corporate/TITAN_04022025172138_SEoutcomeQ3.pdf,"Titan Company Limited has informed the Exchange regarding  Board meeting held on February 04, 2025.",,,Outcome of Board Meeting,00:00:00,04022025172156,04-Feb-2025 17:21:56,-,False,,,106136525,Gems Jewellery And Watches,INE280A01010,Titan Company Limited,2025-02-04 17:21:56,TITAN
17-Jan-2025 17:43:15,,https://nsearchives.nseindia.com/corporate/TITAN_17012025174254_SEQ3FY25EarningCall.pdf,Titan Company Limited has informed the Exchange about Earning call for Q3 and nine months ended FY 2024-25.,,,Analysts/Institutional Investor Meet/Con. Call Updates,00:00:01,17012025174315,17-Jan-2025 17:43:16,-,False,,,106117208,Gems Jewellery And Watches,INE280A01010,Titan Company Limited,2025-01-17 17:43:15,TITAN
16-Jan-2025 16:47:15,,https://nsearchives.nseindia.com/corporate/TITAN_16012025164704_SERegulation745.pdf,"Titan Company Limited has informed the Exchange about Certificate under Regulation 74 (5) of the SEBI (Depositories and Participants) Regulations, 2018 for the quarter ended December 31, 2024",,,"Certificate under SEBI (Depositories and Participants) Regulations, 2018",00:00:01,16012025164715,16-Jan-2025 16:47:16,-,False,,,106115875,Gems Jewellery And Watches,INE280A01010,Titan Company Limited,2025-01-16 16:47:15,TITAN
06-Jan-2025 08:41:08,,https://nsearchives.nseindia.com/corporate/TITAN_06012025084046_Q3update202425.pdf,Titan Company Limited has informed the Exchange regarding 'Quarterly Update   Q3 FY 2024-25'.,,,Updates,00:00:01,06012025084108,06-Jan-2025 08:41:09,-,False,,,106105097,Gems Jewellery And Watches,INE280A01010,Titan Company Limited,2025-01-06 08:41:08,TITAN
02-Jan-2025 12:25:10,,https://nsearchives.nseindia.com/corporate/TITAN_02012025122240_SEintimationRTAnamechange.pdf,Titan Company Limited has informed the Exchange about Change of name of Company s Registrar and Transfer Agent.,,,General Updates,00:00:01,02012025122510,02-Jan-2025 12:25:11,-,False,,,106102854,Gems Jewellery And Watches,INE280A01010,Titan Company Limited,2025-01-02 12:25:10,TITAN
26-Dec-2024 16:05:16,,https://nsearchives.nseindia.com/corporate/TITAN_26122024160414_SEintimationPBResult.pdf,Titan Company Limited has submitted the Exchange about Voting Results of Postal Ballot through remote e-voting,,,Shareholders meeting,00:00:01,26122024160516,26-Dec-2024 16:05:17,-,False,,,106095325,Gems Jewellery And Watches,INE280A01010,Titan Company Limited,2024-12-26 16:05:16,TITAN
23-Dec-2024 12:24:52,,https://nsearchives.nseindia.com/corporate/TITAN003_23122024122415_TWclosuresigned.pdf,"Titan Company Limited has informed the Exchange regarding the Trading Window closure pursuant to SEBI (Prohibition of Insider Trading) Regulations, 2015",,,Trading Window,00:00:01,23122024122452,23-Dec-2024 12:24:53,-,False,,,106091984,Gems Jewellery And Watches,INE280A01010,Titan Company Limited,2024-12-23 12:24:52,TITAN
22-Dec-2024 11:12:18,,https://nsearchives.nseindia.com/corporate/TITAN_22122024111156_SEIntimationchangeinSMP.pdf,"Titan Company Limited has informed the Exchange about Disclosure under Regulation 30 of the SEBI (Listing Obligations and Disclosure Requirements) Regulations, 2015 - Change in Senior Management Personnel.",,,General Updates,00:00:01,22122024111218,22-Dec-2024 11:12:19,-,False,,,106091715,Gems Jewellery And Watches,INE280A01010,Titan Company Limited,2024-12-22 11:12:18,TITAN
16-Dec-2024 17:10:27,,https://nsearchives.nseindia.com/corporate/TITAN_16122024171027_SEintimationsigned.pdf,Titan Company Limited has informed the Exchange about Schedule of meet,,,Analysts/Institutional Investor Meet/Con. Call Updates,00:00:01,16122024171027,16-Dec-2024 17:10:28,-,False,,,106086617,Gems Jewellery And Watches,INE280A01010,Titan Company Limited,2024-12-16 17:10:27,TITAN
13-Dec-2024 19:40:41,,https://nsearchives.nseindia.com/corporate/TITAN_13122024194041_SEIntimationforlossofsharecertificatesigned.pdf,Titan Company Limited has informed the Exchange about Loss of Share Certificates,,,Loss of Share Certificates,00:00:01,13122024194041,13-Dec-2024 19:40:42,-,False,,,106085394,Gems Jewellery And Watches,INE280A01010,Titan Company Limited,2024-12-13 19:40:41,TITAN
04-Dec-2024 11:53:31,,https://nsearchives.nseindia.com/corporate/TITAN_04122024115332_SEIntimationforlossofsharecertificatesign.pdf,Titan Company Limited has informed the Exchange about Loss of Share Certificates,,,Loss of Share Certificates,00:00:01,04122024115331,04-Dec-2024 11:53:32,-,False,,,106076531,Gems Jewellery And Watches,INE280A01010,Titan Company Limited,2024-12-04 11:53:31,TITAN
04-Dec-2024 11:26:28,,https://nsearchives.nseindia.com/corporate/TITAN_04122024112628_SEintimationsigned.pdf,Titan Company Limited has informed the Exchange about Schedule of meet,,,Analysts/Institutional Investor Meet/Con. Call Updates,00:00:00,04122024112628,04-Dec-2024 11:26:28,-,False,,,106076503,Gems Jewellery And Watches,INE280A01010,Titan Company Limited,2024-12-04 11:26:28,TITAN
29-Nov-2024 17:44:00,,https://nsearchives.nseindia.com/corporate/TITAN_29112024174400_IssueDuplicateshare.pdf,Titan Company Limited has informed the Exchange about Issue of Duplicate Share Certificate,,,Issue of Duplicate Share Certificate,00:00:00,29112024174400,29-Nov-2024 17:44:00,-,False,,,106073237,Gems Jewellery And Watches,INE280A01010,Titan Company Limited,2024-11-29 17:44:00,TITAN
28-Nov-2024 17:22:25,,https://nsearchives.nseindia.com/corporate/TITAN_28112024172225_SEIntimationforlossofsharecertificate1.pdf,Titan Company Limited has informed the Exchange about Loss of Share Certificates,,,Loss of Share Certificates,00:00:01,28112024172225,28-Nov-2024 17:22:26,-,False,,,106072072,Gems Jewellery And Watches,INE280A01010,Titan Company Limited,2024-11-28 17:22:25,TITAN
23-Nov-2024 20:11:37,,https://nsearchives.nseindia.com/corporate/TITAN_23112024201137_SEnewspaperadpostalballotnotice.pdf,Titan Company Limited has informed the Exchange about Copy of Newspaper Publicationfor Postal Ballot Notice and E-Voting intimation to Members.,,,Copy of Newspaper Publication,00:00:01,23112024201137,23-Nov-2024 20:11:38,-,False,,,106068119,Gems Jewellery And Watches,INE280A01010,Titan Company Limited,2024-11-23 20:11:37,TITAN
22-Nov-2024 18:01:36,,https://nsearchives.nseindia.com/corporate/TITAN_22112024180136_SEIntimationofIssueDuplicateshare.pdf,Titan Company Limited has informed the Exchange about Issue of Duplicate Share Certificate,,,Issue of Duplicate Share Certificate,00:00:01,22112024180136,22-Nov-2024 18:01:37,-,False,,,106067443,Gems Jewellery And Watches,INE280A01010,Titan Company Limited,2024-11-22 18:01:36,TITAN
22-Nov-2024 08:58:04,,https://nsearchives.nseindia.com/corporate/TITAN_22112024085804_SEIntimationPostalBallotNotice.pdf,Titan Company Limited has informed the Exchange regarding Notice of Postal Ballot,,,Shareholders meeting,00:00:01,22112024085804,22-Nov-2024 08:58:05,-,False,,,106066744,Gems Jewellery And Watches,INE280A01010,Titan Company Limited,2024-11-22 08:58:04,TITAN
21-Nov-2024 17:21:27,,https://nsearchives.nseindia.com/corporate/TITAN_21112024172127_SEIntimationofIssueDuplicateshare.pdf,Titan Company Limited has informed the Exchange about Issue of Duplicate Share Certificate,,,Issue of Duplicate Share Certificate,00:00:01,21112024172127,21-Nov-2024 17:21:28,-,False,,,106066257,Gems Jewellery And Watches,INE280A01010,Titan Company Limited,2024-11-21 17:21:27,TITAN
21-Nov-2024 17:20:07,,https://nsearchives.nseindia.com/corporate/TITAN_21112024172007_SEIntimationforlossofsharecertificatesign.pdf,Titan Company Limited has informed the Exchange about Loss of Share Certificates,,,Loss of Share Certificates,00:00:01,21112024172007,21-Nov-2024 17:20:08,-,False,,,106066254,Gems Jewellery And Watches,INE280A01010,Titan Company Limited,2024-11-21 17:20:07,TITAN
16-Nov-2024 19:25:00,,https://nsearchives.nseindia.com/corporate/TITAN_16112024192500_SEIntimationofIssueDuplicateshare.pdf,Titan Company Limited has informed the Exchange about Issue of Duplicate Share Certificate,,,Issue of Duplicate Share Certificate,00:00:00,16112024192500,16-Nov-2024 19:25:00,-,False,,,106062659,Gems Jewellery And Watches,INE280A01010,Titan Company Limited,2024-11-16 19:25:00,TITAN
13-Nov-2024 16:08:17,,https://nsearchives.nseindia.com/corporate/TITAN_13112024160817_SEIntimationforlossofsharecertificate.pdf,Titan Company Limited has informed the Exchange about Loss of Share Certificates,,,Loss of Share Certificates,00:00:01,13112024160817,13-Nov-2024 16:08:18,-,False,,,106057256,Gems Jewellery And Watches,INE280A01010,Titan Company Limited,2024-11-13 16:08:17,TITAN
11-Nov-2024 19:36:41,,https://nsearchives.nseindia.com/corporate/TITAN_11112024193641_SEintimation.pdf,Titan Company Limited has informed the Exchange about Schedule of meet,,,Analysts/Institutional Investor Meet/Con. Call Updates,00:00:01,11112024193641,11-Nov-2024 19:36:42,-,False,,,106053861,Gems Jewellery And Watches,INE280A01010,Titan Company Limited,2024-11-11 19:36:41,TITAN
07-Nov-2024 16:43:42,,https://nsearchives.nseindia.com/corporate/TITAN_07112024164342_SEtranscriptQ22024.pdf,Titan Company Limited has informed the Exchange about Transcript,,,Analysts/Institutional Investor Meet/Con. Call Updates,00:00:01,07112024164342,07-Nov-2024 16:43:43,-,False,,,106049030,Gems Jewellery And Watches,INE280A01010,Titan Company Limited,2024-11-07 16:43:42,TITAN
07-Nov-2024 15:43:33,,https://nsearchives.nseindia.com/corporate/TITAN_07112024154333_SEintimation.pdf,Titan Company Limited has informed the Exchange about Schedule of meet,,,Analysts/Institutional Investor Meet/Con. Call Updates,00:00:00,07112024154333,07-Nov-2024 15:43:33,-,False,,,106048851,Gems Jewellery And Watches,INE280A01010,Titan Company Limited,2024-11-07 15:43:33,TITAN
06-Nov-2024 16:36:08,,https://nsearchives.nseindia.com/corporate/TITAN_06112024163608_SEnewspaperadresultQ2.pdf,Titan Company Limited has informed the Exchange about Copy of Newspaper Publication for unaudited financial results for the quarter and half year ended 30th September 2024.,,,Copy of Newspaper Publication,00:00:01,06112024163608,06-Nov-2024 16:36:09,-,False,,,106047104,Gems Jewellery And Watches,INE280A01010,Titan Company Limited,2024-11-06 16:36:08,TITAN
06-Nov-2024 09:59:38,,https://nsearchives.nseindia.com/corporate/TITAN_06112024095939_SEanalystcallrecordingQ22024.pdf,Titan Company Limited has informed the Exchange about Link of Recording,,,Analysts/Institutional Investor Meet/Con. Call Updates,00:00:01,06112024095938,06-Nov-2024 09:59:39,-,False,,,106046356,Gems Jewellery And Watches,INE280A01010,Titan Company Limited,2024-11-06 09:59:38,TITAN
05-Nov-2024 16:59:58,,https://nsearchives.nseindia.com/corporate/TITAN_05112024165958_SEIntimationPSU.pdf,Titan Company Limited has informed the Exchange about Grant of Performance Stock Units under Titan Company Limited Performance Based Stock Unit Scheme 2023 (hereinafter referred to as  Scheme 2023 ),,,General Updates,00:00:01,05112024165958,05-Nov-2024 16:59:59,-,False,,,106045409,Gems Jewellery And Watches,INE280A01010,Titan Company Limited,2024-11-05 16:59:58,TITAN
05-Nov-2024 16:17:44,,https://nsearchives.nseindia.com/corporate/TITAN_05112024161744_SEinvestorpresentationQ22024.pdf,Titan Company Limited has informed the Exchange about Investor Presentation,,,Investor Presentation,00:00:01,05112024161744,05-Nov-2024 16:17:45,-,False,,,106045270,Gems Jewellery And Watches,INE280A01010,Titan Company Limited,2024-11-05 16:17:44,TITAN
05-Nov-2024 16:13:22,,https://nsearchives.nseindia.com/corporate/TITAN_05112024161322_SEoutcomeQ22024.pdf,"Titan Company Limited -  Outcome of the Board Meeting in accordance with the SEBI (Listing Obligations and Disclosure Requirements) Regulation, 2015",,,Outcome of Board Meeting,00:00:01,05112024161322,05-Nov-2024 16:13:23,-,False,,,106045255,Gems Jewellery And Watches,INE280A01010,Titan Company Limited,2024-11-05 16:13:22,TITAN
05-Nov-2024 16:10:09,,https://nsearchives.nseindia.com/corporate/SEoutcomeQ22024_05112024161009.pdf," Titan Company Limited has submitted to the Exchange, the financial results for the period ended September 30, 2024.",,,Financial Result Updates,00:00:00,05112024161009,05-Nov-2024 16:10:09,-,False,,,166492,Gems Jewellery And Watches,INE280A01010,Titan Company Limited,2024-11-05 16:10:09,TITAN
02-Nov-2024 17:04:02,,https://nsearchives.nseindia.com/corporate/TITAN_02112024170402_SEIntimationofIssueDuplicatesharesigned.pdf,Titan Company Limited has informed the Exchange about Issue of Duplicate Share Certificate,,,Issue of Duplicate Share Certificate,00:00:01,02112024170402,02-Nov-2024 17:04:03,-,False,,,106042881,Gems Jewellery And Watches,INE280A01010,Titan Company Limited,2024-11-02 17:04:02,TITAN
30-Oct-2024 23:30:47,,https://nsearchives.nseindia.com/corporate/TITAN_30102024233047_SEIntimationforlossofsharecertificate.pdf,Titan Company Limited has informed the Exchange about Loss of Share Certificates,,,Loss of Share Certificates,00:00:01,30102024233047,30-Oct-2024 23:30:48,-,False,,,106041455,Gems Jewellery And Watches,INE280A01010,Titan Company Limited,2024-10-30 23:30:47,TITAN
24-Oct-2024 17:34:26,,https://nsearchives.nseindia.com/corporate/TITAN_24102024173426_SEIntimationofIssueDuplicateshare.pdf,Titan Company Limited has informed the Exchange about Issue of Duplicate Share Certificate,,,Issue of Duplicate Share Certificate,00:00:01,24102024173426,24-Oct-2024 17:34:27,-,False,,,106033613,Gems Jewellery And Watches,INE280A01010,Titan Company Limited,2024-10-24 17:34:26,TITAN
24-Oct-2024 17:24:37,,https://nsearchives.nseindia.com/corporate/TITAN_24102024172437_Intimationlossofsharecertificate.pdf,Titan Company Limited has informed the Exchange about Loss of Share Certificates,,,Loss of Share Certificates,00:00:01,24102024172437,24-Oct-2024 17:24:38,-,False,,,106033582,Gems Jewellery And Watches,INE280A01010,Titan Company Limited,2024-10-24 17:24:37,TITAN
23-Oct-2024 16:53:10,,https://nsearchives.nseindia.com/corporate/TITAN_23102024165310_SEIntimationApptofDirector.pdf,"Titan Company Limited has informed the Exchange regarding Appointment of  Mr. P B Balaji as Nominee Director of Tata Sons Private Limited w.e.f. October 28, 2024.",,,Appointment,00:00:01,23102024165310,23-Oct-2024 16:53:11,-,False,,,106032060,Gems Jewellery And Watches,INE280A01010,Titan Company Limited,2024-10-23 16:53:10,TITAN
19-Oct-2024 21:39:32,,https://nsearchives.nseindia.com/corporate/TITAN_19102024213932_SEIntimationofIssueDuplicateshare.pdf,Titan Company Limited has informed the Exchange about Loss of Share Certificates,,,Loss of Share Certificates,00:00:01,19102024213932,19-Oct-2024 21:39:33,-,False,,,106028361,Gems Jewellery And Watches,INE280A01010,Titan Company Limited,2024-10-19 21:39:32,TITAN
18-Oct-2024 11:00:04,,https://nsearchives.nseindia.com/corporate/TITAN_18102024110004_SEQ2FY25EarningCall.pdf,Titan Company Limited has informed the Exchange about Schedule of meet,,,Analysts/Institutional Investor Meet/Con. Call Updates,00:00:00,18102024110004,18-Oct-2024 11:00:04,-,False,,,106026699,Gems Jewellery And Watches,INE280A01010,Titan Company Limited,2024-10-18 11:00:04,TITAN
15-Oct-2024 09:33:57,,https://nsearchives.nseindia.com/corporate/TITAN_15102024093357_SERegulation745.pdf,"Titan Company Limited has informed the Exchange about Certificate under SEBI (Depositories and Participants) Regulations, 2018",,,"Certificate under SEBI (Depositories and Participants) Regulations, 2018",00:00:01,15102024093357,15-Oct-2024 09:33:58,-,False,,,106022514,Gems Jewellery And Watches,INE280A01010,Titan Company Limited,2024-10-15 09:33:57,TITAN
04-Oct-2024 19:00:46,,https://nsearchives.nseindia.com/corporate/TITAN_04102024190046_Q2update202425.pdf,Titan Company Limited has informed the Exchange regarding 'Quarterly Update   Q2 FY 2024-25'.,,,Updates,00:00:01,04102024190046,04-Oct-2024 19:00:47,-,False,,,106013335,Gems Jewellery And Watches,INE280A01010,Titan Company Limited,2024-10-04 19:00:46,TITAN
04-Oct-2024 10:06:16,,https://nsearchives.nseindia.com/corporate/TITAN_04102024100616_SEIntimationforlossofsharecertificate.pdf,Titan Company Limited has informed the Exchange about Loss of Share Certificates,,,Loss of Share Certificates,00:00:01,04102024100616,04-Oct-2024 10:06:17,-,False,,,106012502,Gems Jewellery And Watches,INE280A01010,Titan Company Limited,2024-10-04 10:06:16,TITAN
27-Sep-2024 14:17:53,,https://nsearchives.nseindia.com/corporate/TITAN_27092024141753_SEIntimationofIssueDuplicateshare.pdf,Titan Company Limited has informed the Exchange about Loss of Share Certificates,,,Loss of Share Certificates,00:00:01,27092024141753,27-Sep-2024 14:17:54,-,False,,,106003439,Gems Jewellery And Watches,INE280A01010,Titan Company Limited,2024-09-27 14:17:53,TITAN
25-Sep-2024 16:36:37,,https://nsearchives.nseindia.com/corporate/TITAN_25092024163637_SEIntimationofIssueDuplicateshare.pdf,Titan Company Limited has informed the Exchange about Loss of Share Certificates,,,Loss of Share Certificates,00:00:01,25092024163637,25-Sep-2024 16:36:38,-,False,,,105999139,Gems Jewellery And Watches,INE280A01010,Titan Company Limited,2024-09-25 16:36:37,TITAN
23-Sep-2024 15:35:48,,https://nsearchives.nseindia.com/corporate/TITAN_23092024153548_SEIntimationforlossofsharecertificate.pdf,Titan Company Limited has informed the Exchange about Loss of Share Certificates,,,Loss of Share Certificates,00:00:01,23092024153548,23-Sep-2024 15:35:49,-,False,,,105996062,Gems Jewellery And Watches,INE280A01010,Titan Company Limited,2024-09-23 15:35:48,TITAN
23-Sep-2024 14:17:30,,https://nsearchives.nseindia.com/corporate/TITAN_23092024141730_SEintimation.pdf,"Titan Company Limited has informed the Exchange regarding the Trading Window closure pursuant to SEBI (Prohibition of Insider Trading) Regulations, 2015",,,Trading Window,00:00:01,23092024141730,23-Sep-2024 14:17:31,-,False,,,105995989,Gems Jewellery And Watches,INE280A01010,Titan Company Limited,2024-09-23 14:17:30,TITAN
18-Sep-2024 18:51:06,,https://nsearchives.nseindia.com/corporate/TITAN_18092024185106_SEintimation.pdf,Titan Company Limited has informed the Exchange about Schedule of meet,,,Analysts/Institutional Investor Meet/Con. Call Updates,00:00:01,18092024185106,18-Sep-2024 18:51:07,-,False,,,105992055,Gems Jewellery And Watches,INE280A01010,Titan Company Limited,2024-09-18 18:51:06,TITAN
18-Sep-2024 18:48:44,,https://nsearchives.nseindia.com/corporate/TITAN_18092024184844_SEintimation.pdf,Titan Company Limited has informed the Exchange about Schedule of meet,,,Analysts/Institutional Investor Meet/Con. Call Updates,00:00:01,18092024184844,18-Sep-2024 18:48:45,-,False,,,105992048,Gems Jewellery And Watches,INE280A01010,Titan Company Limited,2024-09-18 18:48:44,TITAN
17-Sep-2024 11:00:43,,https://nsearchives.nseindia.com/corporate/TITAN_17092024110043_SEIntimationofIssueDuplicateshare.pdf,Titan Company Limited has informed the Exchange about Loss of Share Certificates,,,Loss of Share Certificates,00:00:01,17092024110043,17-Sep-2024 11:00:44,-,False,,,105990263,Gems Jewellery And Watches,INE280A01010,Titan Company Limited,2024-09-17 11:00:43,TITAN
14-Sep-2024 12:48:55,,https://nsearchives.nseindia.com/corporate/TITAN_14092024124855_SEintimation.pdf,Titan Company Limited has informed the Exchange about Schedule of meet,,,Analysts/Institutional Investor Meet/Con. Call Updates,00:00:02,14092024124855,14-Sep-2024 12:48:57,-,False,,,105988636,Gems Jewellery And Watches,INE280A01010,Titan Company Limited,2024-09-14 12:48:55,TITAN
13-Sep-2024 14:29:51,,https://nsearchives.nseindia.com/corporate/TITAN_13092024142951_SEIntimationcreditrating.pdf,Titan Company Limited has informed the Exchange about Credit Rating,,,Credit Rating,00:00:01,13092024142951,13-Sep-2024 14:29:52,-,False,,,105987730,Gems Jewellery And Watches,INE280A01010,Titan Company Limited,2024-09-13 14:29:51,TITAN
11-Sep-2024 16:48:43,,https://nsearchives.nseindia.com/corporate/TITAN_11092024164843_SEIntimationofIssueDuplicateshare.pdf,"Titan Company Limited has informed the Exchange about issue of Duplicate Share Certificate under Regulation 39(3) of SEBI (Listing Obligations and Disclosure Requirements) Regulations, 2015.",,,Loss of Share Certificates,00:00:00,11092024164843,11-Sep-2024 16:48:43,-,False,,,105985590,Gems Jewellery And Watches,INE280A01010,Titan Company Limited,2024-09-11 16:48:43,TITAN
06-Sep-2024 16:24:08,,https://nsearchives.nseindia.com/corporate/TITAN_06092024162408_SEcreditrating06092024.pdf,Titan Company Limited has informed the Exchange about Credit Rating,,,Credit Rating,00:00:01,06092024162408,06-Sep-2024 16:24:09,-,False,,,105981066,Gems Jewellery And Watches,INE280A01010,Titan Company Limited,2024-09-06 16:24:08,TITAN
04-Sep-2024 16:25:24,,https://nsearchives.nseindia.com/corporate/TITAN_04092024162524_SEIntimation.pdf,Titan Company Limited has informed the Exchange regarding Grant of 19500 PSUs.,,,ESOP/ESOS/ESPS,00:00:01,04092024162524,04-Sep-2024 16:25:25,-,False,,,105977416,Gems Jewellery And Watches,INE280A01010,Titan Company Limited,2024-09-04 16:25:24,TITAN
02-Sep-2024 10:32:37,,https://nsearchives.nseindia.com/corporate/TITAN_02092024103237_SEintimationInvestoranalystmeetsign.pdf,Titan Company Limited has informed the Exchange about Schedule of meet,,,Analysts/Institutional Investor Meet/Con. Call Updates,00:00:00,02092024103237,02-Sep-2024 10:32:37,-,False,,,105973452,Gems Jewellery And Watches,INE280A01010,Titan Company Limited,2024-09-02 10:32:37,TITAN
30-Aug-2024 09:37:58,,https://nsearchives.nseindia.com/corporate/TITAN_30082024093758_SEintimationInvestoranalystmeet.pdf,Titan Company Limited has informed the Exchange about Schedule of meet,,,Analysts/Institutional Investor Meet/Con. Call Updates,00:00:00,30082024093758,30-Aug-2024 09:37:58,-,False,,,105970658,Gems Jewellery And Watches,INE280A01010,Titan Company Limited,2024-08-30 09:37:58,TITAN
29-Aug-2024 09:46:25,,https://nsearchives.nseindia.com/corporate/TITAN_29082024094625_SEIntimationBBRetirementsigned.pdf,"Titan Company Limited has informed the Exchange regarding Cessation of Mr Bhaskar Bhat as Non- Executive Director of the company w.e.f. August 29, 2024.",,,Cessation,00:00:01,29082024094625,29-Aug-2024 09:46:26,-,False,,,105969094,Gems Jewellery And Watches,INE280A01010,Titan Company Limited,2024-08-29 09:46:25,TITAN
28-Aug-2024 13:36:29,,https://nsearchives.nseindia.com/corporate/TITAN_28082024133630_IntimationMediaReleasesigned.pdf,"Titan Company Limited has informed the Exchange regarding a press release dated August 28, 2024, titled ""Tanishq and De Beers forge strategic collaboration to boost India s natural diamond jewellery market"".",,,Press Release,00:00:01,28082024133629,28-Aug-2024 13:36:30,-,False,,,105967895,Gems Jewellery And Watches,INE280A01010,Titan Company Limited,2024-08-28 13:36:29,TITAN
24-Aug-2024 12:12:14,,https://nsearchives.nseindia.com/corporate/TITAN_24082024121214_Intimationlossofsharecertificate.pdf,Titan Company Limited has informed the Exchange about Loss of Share Certificates,,,Loss of Share Certificates,00:00:01,24082024121214,24-Aug-2024 12:12:15,-,False,,,105964625,Gems Jewellery And Watches,INE280A01010,Titan Company Limited,2024-08-24 12:12:14,TITAN
22-Aug-2024 19:27:15,,https://nsearchives.nseindia.com/corporate/TITAN_22082024192715_SEintimationInvestoranalystmeet.pdf,Titan Company Limited has informed the Exchange about Schedule of meet,,,Analysts/Institutional Investor Meet/Con. Call Updates,00:00:01,22082024192715,22-Aug-2024 19:27:16,-,False,,,105962725,Gems Jewellery And Watches,INE280A01010,Titan Company Limited,2024-08-22 19:27:15,TITAN
16-Aug-2024 16:19:36,,https://nsearchives.nseindia.com/corporate/TITAN_16082024161936_SEIntimationofIssueDuplicateshare.pdf,Titan Company Limited has informed the Exchange about Loss of Share Certificates,,,Loss of Share Certificates,00:00:00,16082024161936,16-Aug-2024 16:19:36,-,False,,,105956898,Gems Jewellery And Watches,INE280A01010,Titan Company Limited,2024-08-16 16:19:36,TITAN
16-Aug-2024 16:11:01,,https://nsearchives.nseindia.com/corporate/TITAN_16082024161101_SEintimationnvestoranalystmeet.pdf,Titan Company Limited has informed the Exchange about Schedule of meet,,,Analysts/Institutional Investor Meet/Con. Call Updates,00:00:01,16082024161101,16-Aug-2024 16:11:02,-,False,,,105956887,Gems Jewellery And Watches,INE280A01010,Titan Company Limited,2024-08-16 16:11:01,TITAN
14-Aug-2024 19:58:23,,https://nsearchives.nseindia.com/corporate/TITAN_14082024195823_SEIntimationforgrantofPSUs.pdf,Titan Company Limited has informed the Exchange regarding Grant of 34300  Options.,,,ESOP/ESOS/ESPS,00:00:01,14082024195823,14-Aug-2024 19:58:24,-,False,,,105955520,Gems Jewellery And Watches,INE280A01010,Titan Company Limited,2024-08-14 19:58:23,TITAN
10-Aug-2024 21:14:03,,https://nsearchives.nseindia.com/corporate/TITAN_10082024211403_SEIntimationofIssueDuplicateshare.pdf,"Titan Company Limited has informed the Exchange about issue of Duplicate Share Certificate under Regulation 39(3) of SEBI (Listing Obligations and Disclosure Requirements) Regulations, 2015.",,,Loss of Share Certificates,00:00:00,10082024211403,10-Aug-2024 21:14:03,-,False,,,105949304,Gems Jewellery And Watches,INE280A01010,Titan Company Limited,2024-08-10 21:14:03,TITAN
09-Aug-2024 16:45:55,,https://nsearchives.nseindia.com/corporate/TITAN_09082024164555_SEIntimationforlossofsharecertificate.pdf,Titan Company Limited has informed the Exchange about Loss of Share Certificates,,,Loss of Share Certificates,00:00:01,09082024164555,09-Aug-2024 16:45:56,-,False,,,105947604,Gems Jewellery And Watches,INE280A01010,Titan Company Limited,2024-08-09 16:45:55,TITAN
08-Aug-2024 20:45:48,,https://nsearchives.nseindia.com/corporate/TITAN_08082024204548_Intimationlossofsharecertificate.pdf,Titan Company Limited has informed the Exchange about Loss of Share Certificates,,,Loss of Share Certificates,00:00:02,08082024204548,08-Aug-2024 20:45:50,-,False,,,105946252,Gems Jewellery And Watches,INE280A01010,Titan Company Limited,2024-08-08 20:45:48,TITAN
08-Aug-2024 20:40:08,,https://nsearchives.nseindia.com/corporate/TITAN_08082024204008_SEIntimationofIssueDuplicateshare.pdf,Titan Company Limited has informed the Exchange about Loss of Share Certificates,,,Loss of Share Certificates,00:00:01,08082024204008,08-Aug-2024 20:40:09,-,False,,,105946239,Gems Jewellery And Watches,INE280A01010,Titan Company Limited,2024-08-08 20:40:08,TITAN
06-Aug-2024 11:36:50,,https://nsearchives.nseindia.com/corporate/TITAN_06082024113650_SEearningcalltranscriptQ1.pdf,Titan Company Limited has informed the Exchange about Transcript,,,Analysts/Institutional Investor Meet/Con. Call Updates,00:00:01,06082024113650,06-Aug-2024 11:36:51,-,False,,,105940632,Gems Jewellery And Watches,INE280A01010,Titan Company Limited,2024-08-06 11:36:50,TITAN
05-Aug-2024 17:04:33,,https://nsearchives.nseindia.com/corporate/TITAN_05082024170433_SEnewspaperresultsad.pdf,Titan Company Limited has informed the Exchange about Copy of Newspaper Publication,,,Copy of Newspaper Publication,00:00:01,05082024170433,05-Aug-2024 17:04:34,-,False,,,105939523,Gems Jewellery And Watches,INE280A01010,Titan Company Limited,2024-08-05 17:04:33,TITAN
05-Aug-2024 12:02:41,,https://nsearchives.nseindia.com/corporate/TITAN_05082024120241_SEintimationInvestoranalystmeet.pdf,Titan Company Limited has informed the Exchange about Schedule of meet,,,Analysts/Institutional Investor Meet/Con. Call Updates,00:00:00,05082024120241,05-Aug-2024 12:02:41,-,False,,,105938945,Gems Jewellery And Watches,INE280A01010,Titan Company Limited,2024-08-05 12:02:41,TITAN
04-Aug-2024 21:13:43,,https://nsearchives.nseindia.com/corporate/TITAN_04082024211343_SEIntimationofIssueDuplicateshare.pdf,Titan Company Limited has informed the Exchange about Loss of Share Certificates,,,Loss of Share Certificates,00:00:01,04082024211343,04-Aug-2024 21:13:44,-,False,,,105938570,Gems Jewellery And Watches,INE280A01010,Titan Company Limited,2024-08-04 21:13:43,TITAN
02-Aug-2024 22:12:24,,https://nsearchives.nseindia.com/corporate/TITAN_02082024221224_Q1callrecording.pdf,Titan Company Limited has informed the Exchange about Link of Recording,,,Analysts/Institutional Investor Meet/Con. Call Updates,00:00:01,02082024221224,02-Aug-2024 22:12:25,-,False,,,105937508,Gems Jewellery And Watches,INE280A01010,Titan Company Limited,2024-08-02 22:12:24,TITAN
02-Aug-2024 17:38:21,,https://nsearchives.nseindia.com/corporate/TITAN_02082024173821_SEearningpresentationQ1.pdf,Titan Company Limited has informed the Exchange about Investor Presentation,,,Investor Presentation,00:00:01,02082024173821,02-Aug-2024 17:38:22,-,False,,,105937019,Gems Jewellery And Watches,INE280A01010,Titan Company Limited,2024-08-02 17:38:21,TITAN
02-Aug-2024 17:29:00,,https://nsearchives.nseindia.com/corporate/TITAN_02082024172900_outcomeofbmQ1202425.pdf,"Titan Company Limited has informed the Exchange regarding Outcome of the Board Meeting in accordance with the SEBI (Listing Obligations and Disclosure Requirements) Regulation, 2015",,,Outcome of Board Meeting,00:00:00,02082024172900,02-Aug-2024 17:29:00,-,False,,,105937003,Gems Jewellery And Watches,INE280A01010,Titan Company Limited,2024-08-02 17:29:00,TITAN
02-Aug-2024 17:22:06,,https://nsearchives.nseindia.com/corporate/outcomeofbmQ1202425_02082024172206.pdf," Titan Company Limited has submitted to the Exchange, the financial results for the period ended June 30, 2024.",,,Financial Result Updates,00:00:00,02082024172206,02-Aug-2024 17:22:06,-,False,,,164192,Gems Jewellery And Watches,INE280A01010,Titan Company Limited,2024-08-02 17:22:06,TITAN
31-Jul-2024 17:42:02,,https://nsearchives.nseindia.com/corporate/TITAN_31072024174202_SEIntimationofIssueDuplicateshares.pdf,Titan Company Limited has informed the Exchange about Loss of Share Certificates,,,Loss of Share Certificates,00:00:01,31072024174202,31-Jul-2024 17:42:03,-,False,,,105933281,Gems Jewellery And Watches,INE280A01010,Titan Company Limited,2024-07-31 17:42:02,TITAN
31-Jul-2024 17:33:03,,https://nsearchives.nseindia.com/corporate/TITAN_31072024173303_Intimationlossofsharecertificates.pdf,Titan Company Limited has informed the Exchange about Loss of Share Certificates,,,Loss of Share Certificates,00:00:00,31072024173303,31-Jul-2024 17:33:03,-,False,,,105933247,Gems Jewellery And Watches,INE280A01010,Titan Company Limited,2024-07-31 17:33:03,TITAN
24-Jul-2024 18:41:17,,https://nsearchives.nseindia.com/corporate/TITAN_24072024184117_Intimationlossofsharecertificate.pdf,Titan Company Limited has informed the Exchange about Loss of Share Certificates,,,Loss of Share Certificates,00:00:00,24072024184117,24-Jul-2024 18:41:17,-,False,,,105924762,Gems Jewellery And Watches,INE280A01010,Titan Company Limited,2024-07-24 18:41:17,TITAN
19-Jul-2024 12:02:48,,https://nsearchives.nseindia.com/corporate/TITAN_19072024120248_SEwhollyownedsub.pdf,"Titan Company Limited has informed the Exchange regarding 'Intimation under Regulation 30 read with Schedule III of the Securities and Exchange Board of India (Listing Obligations and Disclosure Requirements) Regulations, 2015 (Listing Regulations)'.",,,Updates,00:00:01,19072024120248,19-Jul-2024 12:02:49,-,False,,,105919309,Gems Jewellery And Watches,INE280A01010,Titan Company Limited,2024-07-19 12:02:48,TITAN
18-Jul-2024 17:43:25,,https://nsearchives.nseindia.com/corporate/TITAN_18072024174325_SEIntimationofIssueDuplicateshare.pdf,Titan Company Limited has informed the Exchange about Loss of Share Certificates,,,Loss of Share Certificates,00:00:01,18072024174325,18-Jul-2024 17:43:26,-,False,,,105918431,Gems Jewellery And Watches,INE280A01010,Titan Company Limited,2024-07-18 17:43:25,TITAN
17-Jul-2024 18:26:24,,https://nsearchives.nseindia.com/corporate/TITAN_17072024182624_EarningconferencecallQ1FY25.pdf,Titan Company Limited has informed the Exchange about First quarter Earnings call for Q1 FY 2024-25.,,,Analysts/Institutional Investor Meet/Con. Call Updates,00:00:02,17072024182624,17-Jul-2024 18:26:26,-,False,,,105917388,Gems Jewellery And Watches,INE280A01010,Titan Company Limited,2024-07-17 18:26:24,TITAN
15-Jul-2024 17:36:56,,https://nsearchives.nseindia.com/corporate/TITAN_15072024173656_AGMVotingSEIntimationfinal.pdf,"Titan Company Limited has submitted the Exchange a copy Srutinizers report of  Annual General Meeting held on July 12, 2024. Further, the company has informed the Exchange regarding voting results.",,,Shareholders meeting,00:00:00,15072024173656,15-Jul-2024 17:36:56,-,False,,,105914803,Gems Jewellery And Watches,INE280A01010,Titan Company Limited,2024-07-15 17:36:56,TITAN
15-Jul-2024 14:24:53,,https://nsearchives.nseindia.com/corporate/TITAN_15072024142453_SERegulation745.pdf,"Titan Company Limited has informed the Exchange about Certificate under Regulation 74 (5) of the SEBI (Depositories and Participants) Regulations, 2018 for the quarter ended June 30, 2024.",,,"Certificate under SEBI (Depositories and Participants) Regulations, 2018",00:00:02,15072024142453,15-Jul-2024 14:24:55,-,False,,,105914448,Gems Jewellery And Watches,INE280A01010,Titan Company Limited,2024-07-15 14:24:53,TITAN
15-Jul-2024 14:17:49,,https://nsearchives.nseindia.com/corporate/TITAN_15072024141749_SEnewspaperDPT1.pdf,Titan Company Limited has informed the Exchange about Copy of Newspaper Publication,,,Copy of Newspaper Publication,00:00:01,15072024141749,15-Jul-2024 14:17:50,-,False,,,105914440,Gems Jewellery And Watches,INE280A01010,Titan Company Limited,2024-07-15 14:17:49,TITAN
13-Jul-2024 20:07:03,,https://nsearchives.nseindia.com/corporate/TITAN_13072024200703_SEIntimationofIssueDuplicateshare.pdf,Titan Company Limited has informed the Exchange about Loss of Share Certificates,,,Loss of Share Certificates,00:00:01,13072024200703,13-Jul-2024 20:07:04,-,False,,,105913893,Gems Jewellery And Watches,INE280A01010,Titan Company Limited,2024-07-13 20:07:03,TITAN
12-Jul-2024 17:45:30,,https://nsearchives.nseindia.com/corporate/TITAN_12072024174530_BriefProceedingsAGMIntimations.pdf,"Titan Company Limited has informed the Exchange regarding Proceedings of Annual General Meeting held on July 12, 2024",,,Shareholders meeting,00:00:01,12072024174530,12-Jul-2024 17:45:31,-,False,,,105912848,Gems Jewellery And Watches,INE280A01010,Titan Company Limited,2024-07-12 17:45:30,TITAN
11-Jul-2024 17:01:22,,https://nsearchives.nseindia.com/corporate/TITAN_11072024170122_Intimationlossofsharecertificate.pdf,Titan Company Limited has informed the Exchange about Loss of Share Certificates,,,Loss of Share Certificates,00:00:01,11072024170122,11-Jul-2024 17:01:23,-,False,,,105911318,Gems Jewellery And Watches,INE280A01010,Titan Company Limited,2024-07-11 17:01:22,TITAN
05-Jul-2024 18:14:46,,https://nsearchives.nseindia.com/corporate/TITAN_05072024181447_SEIntimationofIssueDuplicateshare.pdf,Titan Company Limited has informed the Exchange about Loss of Share Certificates,,,Loss of Share Certificates,00:00:01,05072024181446,05-Jul-2024 18:14:47,-,False,,,105905236,Gems Jewellery And Watches,INE280A01010,Titan Company Limited,2024-07-05 18:14:46,TITAN
05-Jul-2024 16:43:30,,https://nsearchives.nseindia.com/corporate/TITAN_05072024164330_SEQ1202425.pdf,Titan Company Limited has informed the Exchange regarding 'Quarterly Update   Q1 FY 2024-25'.,,,Updates,00:00:00,05072024164330,05-Jul-2024 16:43:30,-,False,,,105905002,Gems Jewellery And Watches,INE280A01010,Titan Company Limited,2024-07-05 16:43:30,TITAN
01-Jul-2024 16:27:42,,https://nsearchives.nseindia.com/corporate/TITAN_01072024162742_Intimationlossofsharecertificate.pdf,Titan Company Limited has informed the Exchange about Loss of Share Certificates,,,Loss of Share Certificates,00:00:01,01072024162742,01-Jul-2024 16:27:43,-,False,,,105899895,Gems Jewellery And Watches,INE280A01010,Titan Company Limited,2024-07-01 16:27:42,TITAN
01-Jul-2024 16:11:15,,https://nsearchives.nseindia.com/corporate/TITAN_01072024161115_SEIntimationofIssueDuplicateshare.pdf,Titan Company Limited has informed the Exchange about Loss of Share Certificates,,,Loss of Share Certificates,00:00:01,01072024161115,01-Jul-2024 16:11:16,-,False,,,105899862,Gems Jewellery And Watches,INE280A01010,Titan Company Limited,2024-07-01 16:11:15,TITAN
28-Jun-2024 16:45:17,,https://nsearchives.nseindia.com/corporate/TITAN_28062024164517_SEIntimationforJVBangladesh.pdf,Titan Company Limited has informed the Exchange that the Company executed a Joint Venture Agreement with Rhythm Jewelry Limited.,,,Memorandum of Understanding/Agreements,00:00:00,28062024164517,28-Jun-2024 16:45:17,-,False,,,105896971,Gems Jewellery And Watches,INE280A01010,Titan Company Limited,2024-06-28 16:45:17,TITAN
26-Jun-2024 17:45:25,,https://nsearchives.nseindia.com/corporate/TITAN_26062024174525_Intimationlossofsharecertificate.pdf,Titan Company Limited has informed the Exchange about Loss of Share Certificates,,,Loss of Share Certificates,00:00:01,26062024174525,26-Jun-2024 17:45:26,-,False,,,105892935,Gems Jewellery And Watches,INE280A01010,Titan Company Limited,2024-06-26 17:45:25,TITAN
24-Jun-2024 09:14:18,,https://nsearchives.nseindia.com/corporate/TITAN_24062024091418_SEseniormgtchange.pdf,Titan Company Limited has informed the Exchange regarding 'Change in Senior Management Personnel of the Company'.,,,Updates,00:00:01,24062024091418,24-Jun-2024 09:14:19,-,False,,,105888984,Gems Jewellery And Watches,INE280A01010,Titan Company Limited,2024-06-24 09:14:18,TITAN
20-Jun-2024 15:36:23,,https://nsearchives.nseindia.com/corporate/TITAN_20062024153623_SEIntimationofIssueDuplicateshare.pdf,Titan Company Limited has informed the Exchange about Loss of Share Certificates,,,Loss of Share Certificates,00:00:01,20062024153623,20-Jun-2024 15:36:24,-,False,,,105886747,Gems Jewellery And Watches,INE280A01010,Titan Company Limited,2024-06-20 15:36:23,TITAN
19-Jun-2024 23:15:46,,https://nsearchives.nseindia.com/corporate/TITAN_19062024231546_SEnewspaperadnoticeofagm.pdf,Titan Company Limited has informed the Exchange about Copy of Newspaper Publication,,,Copy of Newspaper Publication,00:00:00,19062024231546,19-Jun-2024 23:15:46,-,False,,,105886145,Gems Jewellery And Watches,INE280A01010,Titan Company Limited,2024-06-19 23:15:46,TITAN
18-Jun-2024 19:06:02,,https://nsearchives.nseindia.com/corporate/TITAN_18062024190602_resultofpostalballot.pdf,"Titan Company Limited has informed the Exchange regarding revised Proceedings of Postal Ballot. Further, the company has submitted the Exchange a copy of Srutinizers report along with voting results.",,,Shareholders meeting,00:00:01,18062024190602,18-Jun-2024 19:06:03,-,False,,,105884799,Gems Jewellery And Watches,INE280A01010,Titan Company Limited,2024-06-18 19:06:02,TITAN
18-Jun-2024 11:31:59,,https://nsearchives.nseindia.com/corporate/TITAN_18062024113159_Noticeof40AGM.pdf,"Titan Company Limited has informed the Exchange regarding Notice of Annual General Meeting to be held on July 12, 2024",,,Shareholders meeting,00:00:00,18062024113159,18-Jun-2024 11:31:59,-,False,,,105884313,Gems Jewellery And Watches,INE280A01010,Titan Company Limited,2024-06-18 11:31:59,TITAN
17-Jun-2024 16:52:04,,https://nsearchives.nseindia.com/corporate/TITAN_17062024165205_SEintimation.pdf,"Titan Company Limited has informed the Exchange regarding the Trading Window closure pursuant to SEBI (Prohibition of Insider Trading) Regulations, 2015",,,Trading Window,00:00:01,17062024165204,17-Jun-2024 16:52:05,-,False,,,105883844,Gems Jewellery And Watches,INE280A01010,Titan Company Limited,2024-06-17 16:52:04,TITAN
17-Jun-2024 16:46:46,,https://nsearchives.nseindia.com/corporate/TITAN_17062024164646_resultofpostalballot.pdf,"Titan Company Limited has informed the Exchange regarding Proceedings of Postal Ballot. Further, the company has submitted the Exchange a copy of Srutinizers report along with voting results.",,,Shareholders meeting,00:00:01,17062024164646,17-Jun-2024 16:46:47,-,False,,,105883837,Gems Jewellery And Watches,INE280A01010,Titan Company Limited,2024-06-17 16:46:46,TITAN
14-Jun-2024 21:43:36,,https://nsearchives.nseindia.com/corporate/TITAN_14062024214336_SEnewspaperAGM.pdf,Titan Company Limited has informed the Exchange about Copy of Newspaper Publication for the 40th Annual General Meeting and Book closure.,,,Copy of Newspaper Publication,00:00:01,14062024214336,14-Jun-2024 21:43:37,-,False,,,105882997,Gems Jewellery And Watches,INE280A01010,Titan Company Limited,2024-06-14 21:43:36,TITAN
12-Jun-2024 18:44:37,,https://nsearchives.nseindia.com/corporate/TITAN_12062024184437_Intimationlossofsharecertificate.pdf,Titan Company Limited has informed the Exchange about Loss of Share Certificates,,,Loss of Share Certificates,00:00:01,12062024184437,12-Jun-2024 18:44:38,-,False,,,105880694,Gems Jewellery And Watches,INE280A01010,Titan Company Limited,2024-06-12 18:44:37,TITAN
12-Jun-2024 18:35:06,,https://nsearchives.nseindia.com/corporate/TITAN_12062024183506_SEIntimationofIssueDuplicateshare.pdf,Titan Company Limited has informed the Exchange about Loss of Share Certificates,,,Loss of Share Certificates,00:00:01,12062024183506,12-Jun-2024 18:35:07,-,False,,,105880673,Gems Jewellery And Watches,INE280A01010,Titan Company Limited,2024-06-12 18:35:06,TITAN
11-Jun-2024 12:28:08,,https://nsearchives.nseindia.com/corporate/TITAN_11062024122808_SEintimation.pdf,Titan Company Limited has informed the Exchange about Schedule of meet,,,Analysts/Institutional Investor Meet/Con. Call Updates,00:00:00,11062024122808,11-Jun-2024 12:28:08,-,False,,,105879228,Gems Jewellery And Watches,INE280A01010,Titan Company Limited,2024-06-11 12:28:08,TITAN
07-Jun-2024 17:22:03,,https://nsearchives.nseindia.com/corporate/TITAN_07062024172203_SEIntimationofIssueDuplicatesharesigned.pdf,Titan Company Limited has informed the Exchange about Loss of Share Certificates,,,Loss of Share Certificates,00:00:00,07062024172203,07-Jun-2024 17:22:03,-,False,,,105877070,Gems Jewellery And Watches,INE280A01010,Titan Company Limited,2024-06-07 17:22:03,TITAN
05-Jun-2024 23:07:28,,https://nsearchives.nseindia.com/corporate/TITAN_05062024230728_SEnewspaperadIEPF.pdf,Titan Company Limited has informed the Exchange about Newspaper advertisement for transfer of equity shares to IEPF.,,,Copy of Newspaper Publication,00:00:01,05062024230728,05-Jun-2024 23:07:29,-,False,,,105875335,Gems Jewellery And Watches,INE280A01010,Titan Company Limited,2024-06-05 23:07:28,TITAN
05-Jun-2024 23:01:04,,https://nsearchives.nseindia.com/corporate/TITAN_05062024230104_SEtdsondividend.pdf,Titan Company Limited has informed the Exchange regarding 'Communication to Shareholders - Intimation on Tax Deduction on Dividend'.,,,Updates,00:00:01,05062024230104,05-Jun-2024 23:01:05,-,False,,,105875276,Gems Jewellery And Watches,INE280A01010,Titan Company Limited,2024-06-05 23:01:04,TITAN
05-Jun-2024 15:33:16,,https://nsearchives.nseindia.com/corporate/TITAN_05062024153316_Intimationlossofsharecertificate.pdf,Titan Company Limited has informed the Exchange about Loss of Share Certificates,,,Loss of Share Certificates,00:00:00,05062024153316,05-Jun-2024 15:33:16,-,False,,,105874686,Gems Jewellery And Watches,INE280A01010,Titan Company Limited,2024-06-05 15:33:16,TITAN
04-Jun-2024 14:51:57,,https://nsearchives.nseindia.com/corporate/TITAN_04062024145157_SEintimation.pdf,Titan Company Limited has informed the Exchange about Schedule of meet,,,Analysts/Institutional Investor Meet/Con. Call Updates,00:00:01,04062024145157,04-Jun-2024 14:51:58,-,False,,,105873552,Gems Jewellery And Watches,INE280A01010,Titan Company Limited,2024-06-04 14:51:57,TITAN
03-Jun-2024 16:53:21,,https://nsearchives.nseindia.com/corporate/TITAN_03062024165321_SErecorddate.pdf,Titan Company Limited has informed the Exchange that Record date for the purpose of Dividend  is 27-Jun-2024.,,,Record Date,00:00:00,03062024165321,03-Jun-2024 16:53:21,-,False,,,105872602,Gems Jewellery And Watches,INE280A01010,Titan Company Limited,2024-06-03 16:53:21,TITAN
31-May-2024 11:26:12,,https://nsearchives.nseindia.com/corporate/TITAN_31052024112612_SEinvestorpresentation2024.pdf,Titan Company Limited has informed the Exchange about Investor Presentation,,,Investor Presentation,00:00:01,31052024112612,31-May-2024 11:26:13,-,False,,,105870338,Gems Jewellery And Watches,INE280A01010,Titan Company Limited,2024-05-31 11:26:12,TITAN
28-May-2024 16:48:55,,https://nsearchives.nseindia.com/corporate/TITAN_28052024164855_SEintimation.pdf,Titan Company Limited has informed the Exchange about Schedule of meet,,,Analysts/Institutional Investor Meet/Con. Call Updates,00:00:00,28052024164855,28-May-2024 16:48:55,-,False,,,105864643,Gems Jewellery And Watches,INE280A01010,Titan Company Limited,2024-05-28 16:48:55,TITAN
23-May-2024 16:53:01,,https://nsearchives.nseindia.com/corporate/TITAN_23052024165301_SEinvestorday2024.pdf,Titan Company Limited has informed the Exchange about Titan Institutional Investors & Analyst Day 2024.,,,Analysts/Institutional Investor Meet/Con. Call Updates,00:00:01,23052024165301,23-May-2024 16:53:02,-,False,,,105858744,Gems Jewellery And Watches,INE280A01010,Titan Company Limited,2024-05-23 16:53:01,TITAN
22-May-2024 17:58:58,,https://nsearchives.nseindia.com/corporate/TITAN_22052024175858_Intimationlossofsharecertificate.pdf,Titan Company Limited has informed the Exchange about Loss of Share Certificates,,,Loss of Share Certificates,00:00:01,22052024175858,22-May-2024 17:58:59,-,False,,,105856971,Gems Jewellery And Watches,INE280A01010,Titan Company Limited,2024-05-22 17:58:58,TITAN
17-May-2024 18:32:23,,https://nsearchives.nseindia.com/corporate/TITAN_17052024183223_Intimationlossofsharecertificate.pdf,Titan Company Limited has informed the Exchange about Loss of Share Certificates,,,Loss of Share Certificates,00:00:05,17052024183223,17-May-2024 18:32:28,-,False,,,105851549,Gems Jewellery And Watches,INE280A01010,Titan Company Limited,2024-05-17 18:32:23,TITAN
16-May-2024 16:08:29,,https://nsearchives.nseindia.com/corporate/TITAN_16052024160829_SEnewspaperforpostalballot.pdf,Titan Company Limited has informed the Exchange about Copy of Newspaper Publication for Postal Ballot Notice and e-voting intimation to Members,,,Copy of Newspaper Publication,00:00:05,16052024160829,16-May-2024 16:08:34,-,False,,,105849243,Gems Jewellery And Watches,INE280A01010,Titan Company Limited,2024-05-16 16:08:29,TITAN
15-May-2024 16:41:26,,https://nsearchives.nseindia.com/corporate/TITAN_15052024164126_Intimationlossofsharecertificate.pdf,Titan Company Limited has informed the Exchange about Loss of Share Certificates,,,Loss of Share Certificates,00:00:05,15052024164126,15-May-2024 16:41:31,-,False,,,105847496,Gems Jewellery And Watches,INE280A01010,Titan Company Limited,2024-05-15 16:41:26,TITAN
15-May-2024 10:53:58,,https://nsearchives.nseindia.com/corporate/TITAN_15052024105358_SEpostalballotnotice.pdf,Titan Company Limited has informed the Exchange regarding Notice of Postal Ballot,,,Shareholders meeting,00:00:05,15052024105358,15-May-2024 10:54:03,-,False,,,105846693,Gems Jewellery And Watches,INE280A01010,Titan Company Limited,2024-05-15 10:53:58,TITAN
10-May-2024 17:26:50,,https://nsearchives.nseindia.com/corporate/TITAN_10052024172650_SEIntimationofIssueDuplicateshare.pdf,Titan Company Limited has informed the Exchange about Loss of Share Certificates,,,Loss of Share Certificates,00:00:04,10052024172650,10-May-2024 17:26:54,-,False,,,105842100,Gems Jewellery And Watches,INE280A01010,Titan Company Limited,2024-05-10 17:26:50,TITAN
10-May-2024 17:18:47,,https://nsearchives.nseindia.com/corporate/TITAN_10052024171847_Intimationlossofsharecertificate.pdf,Titan Company Limited has informed the Exchange about Loss of Share Certificates,,,Loss of Share Certificates,00:00:04,10052024171847,10-May-2024 17:18:51,-,False,,,105842075,Gems Jewellery And Watches,INE280A01010,Titan Company Limited,2024-05-10 17:18:47,TITAN
10-May-2024 10:59:00,,https://nsearchives.nseindia.com/corporate/TITAN_10052024105900_SEtranscriptQ4.pdf,Titan Company Limited has informed the Exchange about Earnings Call Transcripts,,,Analysts/Institutional Investor Meet/Con. Call Updates,00:00:05,10052024105900,10-May-2024 10:59:05,-,False,,,105841130,Gems Jewellery And Watches,INE280A01010,Titan Company Limited,2024-05-10 10:59:00,TITAN
09-May-2024 18:28:42,,https://nsearchives.nseindia.com/corporate/TITAN_09052024182842_Intimationlossofsharecertificate.pdf,Titan Company Limited has informed the Exchange about Loss of Share Certificates,,,Loss of Share Certificates,00:00:05,09052024182842,09-May-2024 18:28:47,-,False,,,105840535,Gems Jewellery And Watches,INE280A01010,Titan Company Limited,2024-05-09 18:28:42,TITAN
07-May-2024 17:44:43,,https://nsearchives.nseindia.com/corporate/TITAN_07052024174443_Intimationlossofsharecertificate.pdf,Titan Company Limited has informed the Exchange about Loss of Share Certificates,,,Loss of Share Certificates,00:00:05,07052024174443,07-May-2024 17:44:48,-,False,,,105837240,Gems Jewellery And Watches,INE280A01010,Titan Company Limited,2024-05-07 17:44:43,TITAN
05-May-2024 21:06:22,,https://nsearchives.nseindia.com/corporate/TITAN_05052024210622_SEnewspaperadQ4result.pdf,Titan Company Limited has informed the Exchange about Copy of Newspaper publication for Audited financial results for the fourth quarter and year ended 31st March 2024.,,,Copy of Newspaper Publication,00:00:05,05052024210622,05-May-2024 21:06:27,-,False,,,105834845,Gems Jewellery And Watches,INE280A01010,Titan Company Limited,2024-05-05 21:06:22,TITAN
03-May-2024 23:19:44,,https://nsearchives.nseindia.com/corporate/TITAN_03052024231944_SEAnalystCallRecordingQ4.pdf,Titan Company Limited has informed the Exchange about Link of Recording,,,Analysts/Institutional Investor Meet/Con. Call Updates,00:00:05,03052024231944,03-May-2024 23:19:49,-,False,,,105834197,Gems Jewellery And Watches,INE280A01010,Titan Company Limited,2024-05-03 23:19:44,TITAN
03-May-2024 18:02:01,,https://nsearchives.nseindia.com/corporate/TITAN_03052024180201_SEQ4NCD527.pdf,"Titan Company Limited has informed the Exchange regarding 'Certificate pursuant to Regulation 52(7) and (7A) of the SEBI (Listing Obligationsand Disclosure Requirements), Regulations, 2015'.",,,Updates,00:00:05,03052024180201,03-May-2024 18:02:06,-,False,,,105833770,Gems Jewellery And Watches,INE280A01010,Titan Company Limited,2024-05-03 18:02:01,TITAN
03-May-2024 16:40:46,,https://nsearchives.nseindia.com/corporate/TITAN_03052024164047_SEIntimationReappointIDandMDsigned.pdf,"Titan Company Limited has informed the Exchange regarding Appointment of Mr C K Venkataraman  as Managing Director of the company w.e.f. October 01, 2024.",,,Appointment,00:00:13,03052024164046,03-May-2024 16:40:59,-,False,,,105833530,Gems Jewellery And Watches,INE280A01010,Titan Company Limited,2024-05-03 16:40:46,TITAN
03-May-2024 16:40:46,,https://nsearchives.nseindia.com/corporate/TITAN_03052024164046_SEIntimationReappointIDandMDsigned.pdf,"Titan Company Limited has informed the Exchange regarding Appointment of Mr Mohanasankar Sivaprakasam  as Non- Executive Independent Director of the company w.e.f. July 03, 2024.",,,Appointment,00:00:05,03052024164046,03-May-2024 16:40:51,-,False,,,105833529,Gems Jewellery And Watches,INE280A01010,Titan Company Limited,2024-05-03 16:40:46,TITAN
03-May-2024 16:38:27,,https://nsearchives.nseindia.com/corporate/TITAN_03052024163827_Q4FY24EarningsPresentation.pdf,Titan Company Limited has informed the Exchange about Investor Presentation,,,Investor Presentation,00:00:05,03052024163827,03-May-2024 16:38:32,-,False,,,105833522,Gems Jewellery And Watches,INE280A01010,Titan Company Limited,2024-05-03 16:38:27,TITAN
03-May-2024 16:28:28,,https://nsearchives.nseindia.com/corporate/QuickresultQ4202324_03052024162828.pdf,"Titan Company Limited has submitted to the Exchange, the financial results for the period ended March 31, 2024.",,,Financial Result Updates,00:00:06,03052024162828,03-May-2024 16:28:34,-,False,,,161364,Gems Jewellery And Watches,INE280A01010,Titan Company Limited,2024-05-03 16:28:28,TITAN
03-May-2024 16:19:28,,https://nsearchives.nseindia.com/corporate/TITAN_03052024161928_OutcomeofBMQ4202324_0001.pdf,"Titan Company Limited has informed the Exchange that Board of Directors at its meeting held on May 03, 2024, recommended Final Dividend of 11 per equity share.",,,Dividend,00:00:07,03052024161928,03-May-2024 16:19:35,-,False,,,105833479,Gems Jewellery And Watches,INE280A01010,Titan Company Limited,2024-05-03 16:19:28,TITAN
30-Apr-2024 19:34:18,,https://nsearchives.nseindia.com/corporate/TITAN_30042024193419_SEIntimationofIssueDuplicateshare.pdf,Titan Company Limited has informed the Exchange about Loss of Share Certificates,,,Loss of Share Certificates,00:00:04,30042024193418,30-Apr-2024 19:34:22,-,False,,,105830330,Gems Jewellery And Watches,INE280A01010,Titan Company Limited,2024-04-30 19:34:18,TITAN
26-Apr-2024 22:48:21,,https://nsearchives.nseindia.com/corporate/TITAN_26042024224821_SEcreditrating26042024.pdf,Titan Company Limited has informed the Exchange about Credit Rating,,,Credit Rating,00:00:05,26042024224821,26-Apr-2024 22:48:26,-,False,,,105827131,Gems Jewellery And Watches,INE280A01010,Titan Company Limited,2024-04-26 22:48:21,TITAN
26-Apr-2024 18:49:46,,https://nsearchives.nseindia.com/corporate/TITAN_26042024184946_SEcreditrating26042024.pdf,Titan Company Limited has informed the Exchange about Credit Rating,,,Credit Rating,00:00:06,26042024184946,26-Apr-2024 18:49:52,-,False,,,105826796,Gems Jewellery And Watches,INE280A01010,Titan Company Limited,2024-04-26 18:49:46,TITAN
23-Apr-2024 17:31:18,,https://nsearchives.nseindia.com/corporate/TITAN_23042024173118_SEIntimationofIssueDuplicatesharesigned.pdf,Titan Company Limited has informed the Exchange about Loss of Share Certificates,,,Loss of Share Certificates,00:00:07,23042024173118,23-Apr-2024 17:31:25,-,False,,,105822644,Gems Jewellery And Watches,INE280A01010,Titan Company Limited,2024-04-23 17:31:18,TITAN
23-Apr-2024 11:06:21,,https://nsearchives.nseindia.com/corporate/TITAN_23042024110621_EarningsConferenceCallQ4FY24.pdf,Titan Company Limited has informed the Exchange about Earning call for Q4 and year ended FY 2023-24.,,,Analysts/Institutional Investor Meet/Con. Call Updates,00:00:06,23042024110621,23-Apr-2024 11:06:27,-,False,,,105822195,Gems Jewellery And Watches,INE280A01010,Titan Company Limited,2024-04-23 11:06:21,TITAN
19-Apr-2024 17:17:59,,https://nsearchives.nseindia.com/corporate/TITAN_19042024171759_Intimationlossofsharecertificatesigned.pdf,Titan Company Limited has informed the Exchange about Loss of Share Certificates,,,Loss of Share Certificates,00:00:05,19042024171759,19-Apr-2024 17:18:04,-,False,,,105819799,Gems Jewellery And Watches,INE280A01010,Titan Company Limited,2024-04-19 17:17:59,TITAN
16-Apr-2024 18:38:26,,https://nsearchives.nseindia.com/corporate/TITAN_16042024183826_SEIntimationofIssueDuplicatesharesigned.pdf,Titan Company Limited has informed the Exchange about Loss of Share Certificates,,,Loss of Share Certificates,00:00:05,16042024183826,16-Apr-2024 18:38:31,-,False,,,105817000,Gems Jewellery And Watches,INE280A01010,Titan Company Limited,2024-04-16 18:38:26,TITAN
12-Apr-2024 17:47:41,,https://nsearchives.nseindia.com/corporate/TITAN_12042024174741_SEIntimationofIssueDuplicatesharesigned.pdf,Titan Company Limited has informed the Exchange about Loss of Share Certificates,,,Loss of Share Certificates,00:00:06,12042024174741,12-Apr-2024 17:47:47,-,False,,,105814129,Gems Jewellery And Watches,INE280A01010,Titan Company Limited,2024-04-12 17:47:41,TITAN
12-Apr-2024 17:37:15,,https://nsearchives.nseindia.com/corporate/TITAN_12042024173715_Intimationlossofsharecertificatesigned.pdf,Titan Company Limited has informed the Exchange about Loss of Share Certificates,,,Loss of Share Certificates,00:00:08,12042024173715,12-Apr-2024 17:37:23,-,False,,,105814098,Gems Jewellery And Watches,INE280A01010,Titan Company Limited,2024-04-12 17:37:15,TITAN
11-Apr-2024 20:55:38,,https://nsearchives.nseindia.com/corporate/TITAN_11042024205538_SEIntimationofIssueDuplicateshare.pdf,Titan Company Limited has informed the Exchange about Loss of Share Certificates,,,Loss of Share Certificates,00:00:07,11042024205538,11-Apr-2024 20:55:45,-,False,,,105813263,Gems Jewellery And Watches,INE280A01010,Titan Company Limited,2024-04-11 20:55:38,TITAN
05-Apr-2024 19:24:20,,https://nsearchives.nseindia.com/corporate/TITAN_05042024192420_QuarterlyupdateQ4FY24.pdf,Titan Company Limited has informed the Exchange regarding 'Quarterly Update   Q4 FY2023-24'.,,,Updates,00:00:07,05042024192420,05-Apr-2024 19:24:27,-,False,,,105807929,Gems Jewellery And Watches,INE280A01010,Titan Company Limited,2024-04-05 19:24:20,TITAN
05-Apr-2024 18:04:32,,https://nsearchives.nseindia.com/corporate/TITAN_05042024180432_Intimationlossofsharecertificatesigned.pdf,Titan Company Limited has informed the Exchange about Loss of Share Certificates,,,Loss of Share Certificates,00:00:06,05042024180432,05-Apr-2024 18:04:38,-,False,,,105807734,Gems Jewellery And Watches,INE280A01010,Titan Company Limited,2024-04-05 18:04:32,TITAN
05-Apr-2024 17:56:18,,https://nsearchives.nseindia.com/corporate/TITAN_05042024175618_SEIntimationofIssueDuplicatesharesigned.pdf,Titan Company Limited has informed the Exchange about Loss of Share Certificates,,,Loss of Share Certificates,00:00:07,05042024175618,05-Apr-2024 17:56:25,-,False,,,105807707,Gems Jewellery And Watches,INE280A01010,Titan Company Limited,2024-04-05 17:56:18,TITAN
05-Apr-2024 16:39:39,,https://nsearchives.nseindia.com/corporate/TITAN_05042024163939_SERegulation745.pdf,"Titan Company Limited has informed the Exchange about Certificate under SEBI (Depositories and Participants) Regulations, 2018",,,"Certificate under SEBI (Depositories and Participants) Regulations, 2018",00:00:14,05042024163939,05-Apr-2024 16:39:53,-,False,,,105807495,Gems Jewellery And Watches,INE280A01010,Titan Company Limited,2024-04-05 16:39:39,TITAN
03-Apr-2024 15:25:37,,https://nsearchives.nseindia.com/corporate/TITAN_03042024152537_Intimationlossofsharecertificate.pdf,Titan Company Limited has informed the Exchange about Loss of Share Certificates,,,Loss of Share Certificates,00:00:07,03042024152537,03-Apr-2024 15:25:44,-,False,,,105804729,Gems Jewellery And Watches,INE280A01010,Titan Company Limited,2024-04-03 15:25:37,TITAN
28-Mar-2024 18:08:38,,https://nsearchives.nseindia.com/corporate/TITAN_28032024180838_SEIntimationofIssueDuplicatesharesigned.pdf,Titan Company Limited has informed the Exchange about Loss of Share Certificates,,,Loss of Share Certificates,00:00:06,28032024180838,28-Mar-2024 18:08:44,-,False,,,105798041,Gems Jewellery And Watches,INE280A01010,Titan Company Limited,2024-03-28 18:08:38,TITAN
26-Mar-2024 20:38:37,,https://nsearchives.nseindia.com/corporate/TITAN_26032024203837_SEIntimationFlagLiquidationsigned.pdf,"Titan Company Limited has informed the Exchange regarding 'consequent to the completion of liquidation process, TCL Watches Switzerland AG ceased to be a wholly owned subsidiary of the Company effective 21st March 2024.'.",,,Updates,00:00:05,26032024203837,26-Mar-2024 20:38:42,-,False,,,105794079,Gems Jewellery And Watches,INE280A01010,Titan Company Limited,2024-03-26 20:38:37,TITAN
25-Mar-2024 14:40:30,,https://nsearchives.nseindia.com/corporate/TITAN_25032024144030_SEdirector.pdf,Titan Company Limited has informed the Exchange regarding 'Completion of Tenure of Independent Director '.,,,Updates,00:00:08,25032024144030,25-Mar-2024 14:40:38,-,False,,,105792467,Gems Jewellery And Watches,INE280A01010,Titan Company Limited,2024-03-25 14:40:30,TITAN
22-Mar-2024 18:28:37,,https://nsearchives.nseindia.com/corporate/TITAN_22032024182837_SEcreditrating22032024.pdf,Titan Company Limited has informed the Exchange about Credit Rating,,,Credit Rating,00:00:05,22032024182837,22-Mar-2024 18:28:42,-,False,,,105791727,Gems Jewellery And Watches,INE280A01010,Titan Company Limited,2024-03-22 18:28:37,TITAN
22-Mar-2024 18:19:06,,https://nsearchives.nseindia.com/corporate/TITAN_22032024181906_Intimationlossofsharecertificate.pdf,Titan Company Limited has informed the Exchange about Loss of Share Certificates,,,Loss of Share Certificates,00:00:05,22032024181906,22-Mar-2024 18:19:11,-,False,,,105791712,Gems Jewellery And Watches,INE280A01010,Titan Company Limited,2024-03-22 18:19:06,TITAN
20-Mar-2024 16:41:10,,https://nsearchives.nseindia.com/corporate/TITAN_20032024164110_SEintimationdirectorappointment.pdf,"Titan Company Limited has informed the Exchange regarding Appointment of Mr Anil Chaudhry as Non- Executive Independent Director of the company w.e.f. March 20, 2024.",,,Appointment,00:00:06,20032024164110,20-Mar-2024 16:41:16,-,False,,,105788934,Gems Jewellery And Watches,INE280A01010,Titan Company Limited,2024-03-20 16:41:10,TITAN
20-Mar-2024 16:35:15,,https://nsearchives.nseindia.com/corporate/TITAN_20032024163515_SEintimationforwindowclosure.pdf,"Titan Company Limited has informed the Exchange regarding the Trading Window closure pursuant to SEBI (Prohibition of Insider Trading) Regulations, 2015",,,Trading Window,00:00:06,20032024163515,20-Mar-2024 16:35:21,-,False,,,105788924,Gems Jewellery And Watches,INE280A01010,Titan Company Limited,2024-03-20 16:35:15,TITAN
16-Mar-2024 21:58:44,,https://nsearchives.nseindia.com/corporate/TITAN_16032024215844_SEIntimationofIssueDuplicatesharemarch.pdf,Titan Company Limited has informed the Exchange about Loss of Share Certificates,,,Loss of Share Certificates,00:00:07,16032024215844,16-Mar-2024 21:58:51,-,False,,,105785941,Gems Jewellery And Watches,INE280A01010,Titan Company Limited,2024-03-16 21:58:44,TITAN
15-Mar-2024 13:25:53,,https://nsearchives.nseindia.com/corporate/TITAN_15032024132553_SEintimationInvestoranalystmeet.pdf,Titan Company Limited has informed the Exchange about Schedule of meet,,,Analysts/Institutional Investor Meet/Con. Call Updates,00:00:05,15032024132553,15-Mar-2024 13:25:58,-,False,,,105784812,Gems Jewellery And Watches,INE280A01010,Titan Company Limited,2024-03-15 13:25:53,TITAN
13-Mar-2024 15:38:16,,https://nsearchives.nseindia.com/corporate/TITAN_13032024153816_SEintimation.pdf,Titan Company Limited has informed the Exchange about Schedule of meet,,,Analysts/Institutional Investor Meet/Con. Call Updates,00:00:05,13032024153816,13-Mar-2024 15:38:21,-,False,,,105782637,Gems Jewellery And Watches,INE280A01010,Titan Company Limited,2024-03-13 15:38:16,TITAN
12-Mar-2024 15:43:39,,https://nsearchives.nseindia.com/corporate/TITAN_12032024154339_Intimationlossofsharecertificatesigned.pdf,Titan Company Limited has informed the Exchange about Loss of Share Certificates,,,Loss of Share Certificates,00:00:06,12032024154339,12-Mar-2024 15:43:45,-,False,,,105781542,Gems Jewellery And Watches,INE280A01010,Titan Company Limited,2024-03-12 15:43:39,TITAN
01-Mar-2024 15:31:08,,https://nsearchives.nseindia.com/corporate/TITAN_01032024153108_SEintimation.pdf,Titan Company Limited has informed the Exchange about Schedule of meet,,,Analysts/Institutional Investor Meet/Con. Call Updates,00:00:05,01032024153108,01-Mar-2024 15:31:13,-,False,,,105773927,Gems Jewellery And Watches,INE280A01010,Titan Company Limited,2024-03-01 15:31:08,TITAN
27-Feb-2024 16:34:14,,https://nsearchives.nseindia.com/corporate/TITAN_27022024163414_SEacquisitionCLshareholders.pdf,Titan Company Limited has informed the Exchange about purchase of balance stake in CaratLane.,,,Acquisition,00:00:05,27022024163414,27-Feb-2024 16:34:19,-,False,,,105770572,Gems Jewellery And Watches,INE280A01010,Titan Company Limited,2024-02-27 16:34:14,TITAN
23-Feb-2024 18:04:10,,https://nsearchives.nseindia.com/corporate/TITAN_23022024180410_Intimationlossofsharecertificate.pdf,Titan Company Limited has informed the Exchange about Loss of Share Certificates,,,Loss of Share Certificates,00:00:04,23022024180410,23-Feb-2024 18:04:14,-,False,,,105768349,Gems Jewellery And Watches,INE280A01010,Titan Company Limited,2024-02-23 18:04:10,TITAN
22-Feb-2024 18:13:31,,https://nsearchives.nseindia.com/corporate/TITAN_22022024181331_SEintimationInvestoranalystmeetsigned.pdf,Titan Company Limited has informed the Exchange about Schedule of meet,,,Analysts/Institutional Investor Meet/Con. Call Updates,00:00:05,22022024181331,22-Feb-2024 18:13:36,-,False,,,105767253,Gems Jewellery And Watches,INE280A01010,Titan Company Limited,2024-02-22 18:13:31,TITAN
22-Feb-2024 18:05:09,,https://nsearchives.nseindia.com/corporate/TITAN_22022024180509_SEIntimationofIssueDuplicatesharesigned.pdf,Titan Company Limited has informed the Exchange about Loss of Share Certificates,,,Loss of Share Certificates,00:00:06,22022024180509,22-Feb-2024 18:05:15,-,False,,,105767242,Gems Jewellery And Watches,INE280A01010,Titan Company Limited,2024-02-22 18:05:09,TITAN
20-Feb-2024 21:09:39,,https://nsearchives.nseindia.com/corporate/TITAN_20022024210939_SEcreditrating20022024.pdf,Titan Company Limited has informed the Exchange about Credit Rating,,,Credit Rating,00:00:04,20022024210939,20-Feb-2024 21:09:43,-,False,,,105765171,Gems Jewellery And Watches,INE280A01010,Titan Company Limited,2024-02-20 21:09:39,TITAN
20-Feb-2024 16:14:09,,https://nsearchives.nseindia.com/corporate/TITAN_20022024161409_SEintimationScheduleofinvestormeeting.pdf,Titan Company Limited has informed the Exchange about Schedule of meet,,,Analysts/Institutional Investor Meet/Con. Call Updates,00:00:07,20022024161409,20-Feb-2024 16:14:16,-,False,,,105764869,Gems Jewellery And Watches,INE280A01010,Titan Company Limited,2024-02-20 16:14:09,TITAN
20-Feb-2024 16:00:31,,https://nsearchives.nseindia.com/corporate/TITAN_20022024160031_Intimationlossofsharecertificate200224.pdf,Titan Company Limited has informed the Exchange about Loss of Share Certificates,,,Loss of Share Certificates,00:00:05,20022024160031,20-Feb-2024 16:00:36,-,False,,,105764851,Gems Jewellery And Watches,INE280A01010,Titan Company Limited,2024-02-20 16:00:31,TITAN
17-Feb-2024 10:00:25,,https://nsearchives.nseindia.com/corporate/TITAN_17022024100025_SEintimation.pdf,Titan Company Limited has informed the Exchange about Schedule of meet,,,Analysts/Institutional Investor Meet/Con. Call Updates,00:00:06,17022024100025,17-Feb-2024 10:00:31,-,False,,,105763090,Gems Jewellery And Watches,INE280A01010,Titan Company Limited,2024-02-17 10:00:25,TITAN
13-Feb-2024 18:52:45,,https://nsearchives.nseindia.com/corporate/TITAN_13022024185245_SEIntimationofIssueDuplicateshare.pdf,Titan Company Limited has informed the Exchange about Loss of Share Certificates,,,Loss of Share Certificates,00:00:09,13022024185245,13-Feb-2024 18:52:54,-,False,,,105758337,Gems Jewellery And Watches,INE280A01010,Titan Company Limited,2024-02-13 18:52:45,TITAN
13-Feb-2024 18:44:14,,https://nsearchives.nseindia.com/corporate/TITAN_13022024184414_Intimationlossofsharecertificate.pdf,Titan Company Limited has informed the Exchange about Loss of Share Certificates,,,Loss of Share Certificates,00:00:04,13022024184414,13-Feb-2024 18:44:18,-,False,,,105758321,Gems Jewellery And Watches,INE280A01010,Titan Company Limited,2024-02-13 18:44:14,TITAN
09-Feb-2024 16:57:32,,https://nsearchives.nseindia.com/corporate/TITAN_09022024165732_Intimationlossofsharecertificate.pdf,Titan Company Limited has informed the Exchange about Loss of Share Certificates,,,Loss of Share Certificates,00:00:07,09022024165732,09-Feb-2024 16:57:39,-,False,,,105754085,Gems Jewellery And Watches,INE280A01010,Titan Company Limited,2024-02-09 16:57:32,TITAN
09-Feb-2024 12:38:05,,https://nsearchives.nseindia.com/corporate/TITAN_09022024123805_Intimationlossofsharecertificatesigned.pdf,Titan Company Limited has informed the Exchange about Loss of Share Certificates,,,Loss of Share Certificates,00:00:06,09022024123805,09-Feb-2024 12:38:11,-,False,,,105753488,Gems Jewellery And Watches,INE280A01010,Titan Company Limited,2024-02-09 12:38:05,TITAN
07-Feb-2024 13:00:19,,https://nsearchives.nseindia.com/corporate/TITAN_07022024130019_IssueDuplicatesharesigned.pdf,Titan Company Limited has informed the Exchange about Loss of Share Certificates,,,Loss of Share Certificates,00:00:05,07022024130019,07-Feb-2024 13:00:24,-,False,,,105750039,Gems Jewellery And Watches,INE280A01010,Titan Company Limited,2024-02-07 13:00:19,TITAN
06-Feb-2024 15:39:23,,https://nsearchives.nseindia.com/corporate/TITAN_06022024153923_SEearningcalltranscript.pdf,Titan Company Limited has informed the Exchange about Transcript,,,Analysts/Institutional Investor Meet/Con. Call Updates,00:00:11,06022024153923,06-Feb-2024 15:39:34,-,False,,,105748593,Gems Jewellery And Watches,INE280A01010,Titan Company Limited,2024-02-06 15:39:23,TITAN
02-Feb-2024 16:51:23,,https://nsearchives.nseindia.com/corporate/TITAN_02022024165123_SE190newspaperadresult.pdf,Titan Company Limited has informed the Exchange about Copy of Newspaper Publication for unaudited financial results for the quarter and nine months ended 31st December 2023.,,,Copy of Newspaper Publication,00:00:05,02022024165123,02-Feb-2024 16:51:28,-,False,,,105744712,Gems Jewellery And Watches,INE280A01010,Titan Company Limited,2024-02-02 16:51:23,TITAN
01-Feb-2024 21:34:33,,https://nsearchives.nseindia.com/corporate/TITAN_01022024213433_SEAnalystCallRecording.pdf,Titan Company Limited has informed the Exchange about Link of Recording,,,Analysts/Institutional Investor Meet/Con. Call Updates,00:00:06,01022024213433,01-Feb-2024 21:34:39,-,False,,,105743455,Gems Jewellery And Watches,INE280A01010,Titan Company Limited,2024-02-01 21:34:33,TITAN
01-Feb-2024 17:19:29,,https://nsearchives.nseindia.com/corporate/TITAN_01022024171929_188SEIntimationFeb12024.pdf,Titan Company Limited has informed the Exchange regarding 'Grant of Performance Stock Units under Titan Company Limited Performance Based Stock Unit Scheme 2023'.,,,Updates,00:00:06,01022024171929,01-Feb-2024 17:19:35,-,False,,,105742931,Gems Jewellery And Watches,INE280A01010,Titan Company Limited,2024-02-01 17:19:29,TITAN
01-Feb-2024 17:16:48,,https://nsearchives.nseindia.com/corporate/TITAN_01022024171648_SEQ3NCD527.pdf,"Titan Company Limited has informed the Exchange regarding 'Certificate pursuant to Regulation 52(7) and (7A) of the SEBI (Listing Obligations and Disclosure Requirements), Regulations, 2015'.",,,Updates,00:00:06,01022024171648,01-Feb-2024 17:16:54,-,False,,,105742914,Gems Jewellery And Watches,INE280A01010,Titan Company Limited,2024-02-01 17:16:48,TITAN
01-Feb-2024 15:26:45,,https://nsearchives.nseindia.com/corporate/TITAN_01022024152645_185SEinvestorpresentation.pdf,Titan Company Limited has informed the Exchange about Investor Presentation,,,Investor Presentation,00:00:06,01022024152645,01-Feb-2024 15:26:51,-,False,,,105742624,Gems Jewellery And Watches,INE280A01010,Titan Company Limited,2024-02-01 15:26:45,TITAN
01-Feb-2024 15:12:00,,https://nsearchives.nseindia.com/corporate/TITAN_01022024151200_OutcomeofbmQ3.pdf,"Titan Company Limited has informed the Exchange regarding  Board meeting held on February 01, 2024.",,,Outcome of Board Meeting,00:00:07,01022024151200,01-Feb-2024 15:12:07,-,False,,,105742523,Gems Jewellery And Watches,INE280A01010,Titan Company Limited,2024-02-01 15:12:00,TITAN
01-Feb-2024 15:04:56,,https://nsearchives.nseindia.com/corporate/QuickresultQ3202324_01022024150456.pdf,"Titan Company Limited has submitted to the Exchange, the financial results for the period ended December 31, 2023.",,,Financial Result Updates,00:00:06,01022024150456,01-Feb-2024 15:05:02,-,False,,,159528,Gems Jewellery And Watches,INE280A01010,Titan Company Limited,2024-02-01 15:04:56,TITAN
30-Jan-2024 15:03:16,,https://nsearchives.nseindia.com/corporate/TITAN_30012024150316_Intimationlossofsharecertificate.pdf,Titan Company Limited has informed the Exchange about Loss of Share Certificates,,,Loss of Share Certificates,00:00:05,30012024150316,30-Jan-2024 15:03:21,-,False,,,105739189,Gems Jewellery And Watches,INE280A01010,Titan Company Limited,2024-01-30 15:03:16,TITAN
25-Jan-2024 17:37:01,,https://nsearchives.nseindia.com/corporate/TITAN_25012024173701_Intimationlossofsharecertificate25012024signed.pdf,Titan Company Limited has informed the Exchange about Loss of Share Certificates,,,Loss of Share Certificates,00:00:05,25012024173701,25-Jan-2024 17:37:06,-,False,,,105735981,Gems Jewellery And Watches,INE280A01010,Titan Company Limited,2024-01-25 17:37:01,TITAN
25-Jan-2024 17:28:01,,https://nsearchives.nseindia.com/corporate/TITAN_25012024172801_Intimationlossofsharecertificate24012024signed.pdf,Titan Company Limited has informed the Exchange about Loss of Share Certificates,,,Loss of Share Certificates,00:00:11,25012024172801,25-Jan-2024 17:28:12,-,False,,,105735948,Gems Jewellery And Watches,INE280A01010,Titan Company Limited,2024-01-25 17:28:01,TITAN
24-Jan-2024 15:47:07,,https://nsearchives.nseindia.com/corporate/TITAN_24012024154707_SEIntimationofIssueDuplicateshare.pdf,Titan Company Limited has informed the Exchange about Loss of Share Certificates,,,Loss of Share Certificates,00:00:08,24012024154707,24-Jan-2024 15:47:15,-,False,,,105734177,Gems Jewellery And Watches,INE280A01010,Titan Company Limited,2024-01-24 15:47:07,TITAN
16-Jan-2024 18:21:29,,https://nsearchives.nseindia.com/corporate/TITAN_16012024182129_178SEearningcall.pdf,Titan Company Limited has informed the Exchange about third quarter earnings call for Q3 FY 2023-24.,,,Analysts/Institutional Investor Meet/Con. Call Updates,00:00:05,16012024182129,16-Jan-2024 18:21:34,-,False,,,105726944,Gems Jewellery And Watches,INE280A01010,Titan Company Limited,2024-01-16 18:21:29,TITAN
16-Jan-2024 13:04:12,,https://nsearchives.nseindia.com/corporate/TITAN_16012024130412_SEIntimationforlossofsharecertificate.pdf,Titan Company Limited has informed the Exchange about Loss of Share Certificates,,,Loss of Share Certificates,00:00:06,16012024130412,16-Jan-2024 13:04:18,-,False,,,105726524,Gems Jewellery And Watches,INE280A01010,Titan Company Limited,2024-01-16 13:04:12,TITAN
12-Jan-2024 11:37:10,,https://nsearchives.nseindia.com/corporate/TITAN_12012024113710_SERegulation745.pdf,"Titan Company Limited has informed the Exchange about Certificate under SEBI (Depositories and Participants) Regulations, 2018",,,"Certificate under SEBI (Depositories and Participants) Regulations, 2018",00:00:07,12012024113710,12-Jan-2024 11:37:17,-,False,,,105723632,Gems Jewellery And Watches,INE280A01010,Titan Company Limited,2024-01-12 11:37:10,TITAN
12-Jan-2024 11:21:45,,https://nsearchives.nseindia.com/corporate/TITAN_12012024112145_SEIntimationforlossofsharecertificate.pdf,Titan Company Limited has informed the Exchange about Loss of Share Certificates,,,Loss of Share Certificates,00:00:05,12012024112145,12-Jan-2024 11:21:50,-,False,,,105723620,Gems Jewellery And Watches,INE280A01010,Titan Company Limited,2024-01-12 11:21:45,TITAN
09-Jan-2024 22:41:06,,https://nsearchives.nseindia.com/corporate/TITAN_09012024224106_SEIntimationforlossofsharecertificate.pdf,Titan Company Limited has informed the Exchange about Loss of Share Certificates,,,Loss of Share Certificates,00:00:05,09012024224106,09-Jan-2024 22:41:11,-,False,,,105720702,Gems Jewellery And Watches,INE280A01010,Titan Company Limited,2024-01-09 22:41:06,TITAN
09-Jan-2024 22:41:06,,https://nsearchives.nseindia.com/corporate/TITAN_09012024224107_SEIntimationofIssueDuplicateshare.pdf,Titan Company Limited has informed the Exchange about Loss of Share Certificates,,,Loss of Share Certificates,00:00:12,09012024224106,09-Jan-2024 22:41:18,-,False,,,105720703,Gems Jewellery And Watches,INE280A01010,Titan Company Limited,2024-01-09 22:41:06,TITAN
05-Jan-2024 18:22:44,,https://nsearchives.nseindia.com/corporate/TITAN_05012024182244_SEQ3update24.pdf,Titan Company Limited has informed the Exchange regarding 'Quarterly Update   Q3 FY 2023-24'.,,,Updates,00:00:06,05012024182244,05-Jan-2024 18:22:50,-,False,,,105717240,Gems Jewellery And Watches,INE280A01010,Titan Company Limited,2024-01-05 18:22:44,TITAN
03-Jan-2024 18:45:38,,https://nsearchives.nseindia.com/corporate/TITAN_03012024184538_SEIntimationforlossofsharecertificate.pdf,Titan Company Limited has informed the Exchange about Loss of Share Certificates,,,Loss of Share Certificates,00:00:07,03012024184538,03-Jan-2024 18:45:45,-,False,,,105715037,Gems Jewellery And Watches,INE280A01010,Titan Company Limited,2024-01-03 18:45:38,TITAN
31-Dec-2023 13:32:22,,https://nsearchives.nseindia.com/corporate/TITAN_31122023133222_SEIntimationMergerofTSRwithLinkIntime.pdf,Titan Company Limited has informed the Exchange regarding 'Intimation of merger of TSR Consultants Private Limited (Registrar and Transfer Agents of the Company) with Link Intime India Private Limited'.,,,Updates,00:00:07,31122023133222,31-Dec-2023 13:32:29,-,False,,,105711651,Gems Jewellery And Watches,INE280A01010,Titan Company Limited,2023-12-31 13:32:22,TITAN
29-Dec-2023 15:42:48,,https://nsearchives.nseindia.com/corporate/TITAN_29122023154248_SEIntimationresultsofPostalBallot.pdf,"Titan Company Limited has informed the Exchange regarding Proceedings of Postal Ballot. Further, the company has submitted the Exchange a copy of Srutinizers report along with voting results.",,,Shareholders meeting,00:00:06,29122023154248,29-Dec-2023 15:42:54,-,False,,,105710359,Gems Jewellery And Watches,INE280A01010,Titan Company Limited,2023-12-29 15:42:48,TITAN
28-Dec-2023 16:52:05,,https://nsearchives.nseindia.com/corporate/TITAN_28122023165205_SEIntimationforlossofsharecertificate2023.pdf,Titan Company Limited has informed the Exchange about Loss of Share Certificates,,,Loss of Share Certificates,00:00:06,28122023165205,28-Dec-2023 16:52:11,-,False,,,105708671,Gems Jewellery And Watches,INE280A01010,Titan Company Limited,2023-12-28 16:52:05,TITAN
21-Dec-2023 22:46:21,,https://nsearchives.nseindia.com/corporate/TITAN_21122023224621_SEIntimationforlossofsharecertificate.pdf,Titan Company Limited has informed the Exchange about Loss of Share Certificates,,,Loss of Share Certificates,00:00:05,21122023224621,21-Dec-2023 22:46:26,-,False,,,105702870,Gems Jewellery And Watches,INE280A01010,Titan Company Limited,2023-12-21 22:46:21,TITAN
20-Dec-2023 15:08:02,,https://nsearchives.nseindia.com/corporate/TITAN_20122023150802_SE166tradingwindowclosure.pdf,"Titan Company Limited has informed the Exchange regarding the Trading Window closure pursuant to SEBI (Prohibition of Insider Trading) Regulations, 2015",,,Trading Window,00:00:04,20122023150802,20-Dec-2023 15:08:06,-,False,,,105701312,Gems Jewellery And Watches,INE280A01010,Titan Company Limited,2023-12-20 15:08:02,TITAN
19-Dec-2023 22:56:30,,https://nsearchives.nseindia.com/corporate/TITAN_19122023225630_SEIntimationforlossofsharecertificate.pdf,Titan Company Limited has informed the Exchange about Loss of Share Certificates,,,Loss of Share Certificates,00:00:05,19122023225630,19-Dec-2023 22:56:35,-,False,,,105700803,Gems Jewellery And Watches,INE280A01010,Titan Company Limited,2023-12-19 22:56:30,TITAN
15-Dec-2023 09:31:42,,https://nsearchives.nseindia.com/corporate/TITAN_15122023093142_164SEintimation.pdf,"Titan Company Limited has informed the Exchange regarding 'Intimation under Regulation 30 read with Schedule III of the Securities and Exchange Board of India (Listing Obligations and Disclosure Requirements) Regulations, 2015 (Listing Regulations) - Intimation regarding investment in CueZen, Inc. by the Company s Wholly Owned Subsidiary'.",,,Updates,00:00:04,15122023093142,15-Dec-2023 09:31:46,-,False,,,105697525,Gems Jewellery And Watches,INE280A01010,Titan Company Limited,2023-12-15 09:31:42,TITAN
13-Dec-2023 22:23:47,,https://nsearchives.nseindia.com/corporate/TITAN_13122023222347_SEIntimationforlossofsharecertificate.pdf,Titan Company Limited has informed the Exchange about Loss of Share Certificates,,,Loss of Share Certificates,00:00:05,13122023222347,13-Dec-2023 22:23:52,-,False,,,105696121,Gems Jewellery And Watches,INE280A01010,Titan Company Limited,2023-12-13 22:23:47,TITAN
13-Dec-2023 22:14:02,,https://nsearchives.nseindia.com/corporate/TITAN_13122023221402_SEintimation.pdf,Titan Company Limited has informed the Exchange about Schedule of meet,,,Analysts/Institutional Investor Meet/Con. Call Updates,00:00:04,13122023221402,13-Dec-2023 22:14:06,-,False,,,105696119,Gems Jewellery And Watches,INE280A01010,Titan Company Limited,2023-12-13 22:14:02,TITAN
07-Dec-2023 16:53:26,,https://nsearchives.nseindia.com/corporate/TITAN_07122023165326_SEIntimationforlossofsharecertificate.pdf,Titan Company Limited has informed the Exchange about Loss of Share Certificates,,,Loss of Share Certificates,00:00:06,07122023165326,07-Dec-2023 16:53:32,-,False,,,105691648,Gems Jewellery And Watches,INE280A01010,Titan Company Limited,2023-12-07 16:53:26,TITAN
07-Dec-2023 16:23:13,,https://nsearchives.nseindia.com/corporate/TITAN_07122023162314_SEintimation.pdf,Titan Company Limited has informed the Exchange about Schedule of meet,,,Analysts/Institutional Investor Meet/Con. Call Updates,00:00:05,07122023162313,07-Dec-2023 16:23:18,-,False,,,105691623,Gems Jewellery And Watches,INE280A01010,Titan Company Limited,2023-12-07 16:23:13,TITAN
05-Dec-2023 16:38:13,,https://nsearchives.nseindia.com/corporate/TITAN_05122023163813_SEIntimationforlossofsharecertificate.pdf,Titan Company Limited has informed the Exchange about Loss of Share Certificates,,,Loss of Share Certificates,00:00:06,05122023163813,05-Dec-2023 16:38:19,-,False,,,105689938,Gems Jewellery And Watches,INE280A01010,Titan Company Limited,2023-12-05 16:38:13,TITAN
01-Dec-2023 16:54:53,,https://nsearchives.nseindia.com/corporate/TITAN_01122023165453_SEIntimationofissueDuplicateshare.pdf,Titan Company Limited has informed the Exchange about Loss of Share Certificates,,,Loss of Share Certificates,00:00:07,01122023165453,01-Dec-2023 16:55:00,-,False,,,105687786,Gems Jewellery And Watches,INE280A01010,Titan Company Limited,2023-12-01 16:54:53,TITAN
30-Nov-2023 10:43:59,,https://nsearchives.nseindia.com/corporate/TITAN_30112023104359_156SEintimation.pdf,Titan Company Limited has informed the Exchange about Schedule of meet,,,Analysts/Institutional Investor Meet/Con. Call Updates,00:00:06,30112023104359,30-Nov-2023 10:44:05,-,False,,,105686501,Gems Jewellery And Watches,INE280A01010,Titan Company Limited,2023-11-30 10:43:59,TITAN
28-Nov-2023 18:39:16,,https://nsearchives.nseindia.com/corporate/TITAN_28112023183916_SEIntimationPostClosureofTransaction.pdf,Titan Company Limited has informed the Exchange regarding 'Closure of transaction pertaining to acquisition of additional shares of CaratLane Trading Private Limited (CaratLane)'.,,,Updates,00:00:08,28112023183916,28-Nov-2023 18:39:24,-,False,,,105684898,Gems Jewellery And Watches,INE280A01010,Titan Company Limited,2023-11-28 18:39:16,TITAN
28-Nov-2023 15:46:48,,https://nsearchives.nseindia.com/corporate/TITAN_28112023154648_SEIntimationforlossofsharecertificate.pdf,Titan Company Limited has informed the Exchange about Loss of Share Certificates,,,Loss of Share Certificates,00:00:07,28112023154648,28-Nov-2023 15:46:55,-,False,,,105684697,Gems Jewellery And Watches,INE280A01010,Titan Company Limited,2023-11-28 15:46:48,TITAN
28-Nov-2023 15:39:44,,https://nsearchives.nseindia.com/corporate/TITAN_28112023153944_153SEnewspaperad.pdf,Titan Company Limited has informed the Exchange about Copy of Newspaper Publication for Postal Ballot Notice and e-voting intimation to Members.,,,Copy of Newspaper Publication,00:00:05,28112023153944,28-Nov-2023 15:39:49,-,False,,,105684692,Gems Jewellery And Watches,INE280A01010,Titan Company Limited,2023-11-28 15:39:44,TITAN
27-Nov-2023 14:32:16,,https://nsearchives.nseindia.com/corporate/TITAN_27112023143216_152SEintimation.pdf,Titan Company Limited has informed the Exchange about Schedule of meet,,,Analysts/Institutional Investor Meet/Con. Call Updates,00:00:05,27112023143216,27-Nov-2023 14:32:21,-,False,,,105684122,Gems Jewellery And Watches,INE280A01010,Titan Company Limited,2023-11-27 14:32:16,TITAN
27-Nov-2023 11:56:03,,https://nsearchives.nseindia.com/corporate/TITAN_27112023115603_151SEPostalballotnotice.pdf,Titan Company Limited has informed the Exchange regarding Notice of Postal Ballot,,,Shareholders meeting,00:00:07,27112023115603,27-Nov-2023 11:56:10,-,False,,,105684079,Gems Jewellery And Watches,INE280A01010,Titan Company Limited,2023-11-27 11:56:03,TITAN
24-Nov-2023 16:43:28,,https://nsearchives.nseindia.com/corporate/TITAN_24112023164328_SEIntimationforlossofsharecertificate.pdf,Titan Company Limited has informed the Exchange about Loss of Share Certificates,,,Loss of Share Certificates,00:00:06,24112023164328,24-Nov-2023 16:43:34,-,False,,,105683246,Gems Jewellery And Watches,INE280A01010,Titan Company Limited,2023-11-24 16:43:28,TITAN
21-Nov-2023 23:01:49,,https://nsearchives.nseindia.com/corporate/TITAN_21112023230149_148SEIntimation.pdf,Titan Company Limited has informed the Exchange regarding 'Approval from the Competition Commission of India for acquisition of stake in CaratLane Trading Private Limited (CaratLane)'.,,,Updates,00:00:07,21112023230149,21-Nov-2023 23:01:56,-,False,,,105680846,Gems Jewellery And Watches,INE280A01010,Titan Company Limited,2023-11-21 23:01:49,TITAN
18-Nov-2023 21:54:39,,https://nsearchives.nseindia.com/corporate/TITAN_18112023215439_146SEintimation.pdf,Titan Company Limited has informed the Exchange about Schedule of meet,,,Analysts/Institutional Investor Meet/Con. Call Updates,00:00:04,18112023215439,18-Nov-2023 21:54:43,-,False,,,105679068,Gems Jewellery And Watches,INE280A01010,Titan Company Limited,2023-11-18 21:54:39,TITAN
15-Nov-2023 14:44:42,,https://nsearchives.nseindia.com/corporate/TITAN_15112023144442_SEIntimationforlossofsharecertificate.pdf,Titan Company Limited has informed the Exchange about Loss of Share Certificates,,,Loss of Share Certificates,00:00:12,15112023144442,15-Nov-2023 14:44:54,-,False,,,105676384,Gems Jewellery And Watches,INE280A01010,Titan Company Limited,2023-11-15 14:44:42,TITAN
10-Nov-2023 21:02:51,,https://nsearchives.nseindia.com/corporate/TITAN_10112023210251_SEIntimationforlossofsharecertificate.pdf,Titan Company Limited has informed the Exchange about Loss of Share Certificates,,,Loss of Share Certificates,00:00:07,10112023210251,10-Nov-2023 21:02:58,-,False,,,105673885,Gems Jewellery And Watches,INE280A01010,Titan Company Limited,2023-11-10 21:02:51,TITAN
08-Nov-2023 15:38:15,,https://nsearchives.nseindia.com/corporate/TITAN_08112023153815_SEIntimationofIssueDuplicateshare.pdf,Titan Company Limited has informed the Exchange about Loss of Share Certificates,,,Loss of Share Certificates,00:00:09,08112023153815,08-Nov-2023 15:38:24,-,False,,,105669417,Gems Jewellery And Watches,INE280A01010,Titan Company Limited,2023-11-08 15:38:15,TITAN
08-Nov-2023 15:38:15,,https://nsearchives.nseindia.com/corporate/TITAN_08112023153820_SEIntimationforlossofsharecertificate.pdf,Titan Company Limited has informed the Exchange about Loss of Share Certificates,,,Loss of Share Certificates,00:00:17,08112023153815,08-Nov-2023 15:38:32,-,False,,,105669418,Gems Jewellery And Watches,INE280A01010,Titan Company Limited,2023-11-08 15:38:15,TITAN
08-Nov-2023 13:09:00,,https://nsearchives.nseindia.com/corporate/TITAN_08112023130900_140SEtranscripts.pdf,Titan Company Limited has informed the Exchange about Earnings Call Transcripts,,,Analysts/Institutional Investor Meet/Con. Call Updates,00:00:11,08112023130900,08-Nov-2023 13:09:11,-,False,,,105669151,Gems Jewellery And Watches,INE280A01010,Titan Company Limited,2023-11-08 13:09:00,TITAN
07-Nov-2023 16:42:53,,https://nsearchives.nseindia.com/corporate/TITAN_07112023164253_SEIntimationforlossofsharecertificate.pdf,Titan Company Limited has informed the Exchange about Loss of Share Certificates,,,Loss of Share Certificates,00:00:06,07112023164253,07-Nov-2023 16:42:59,-,False,,,105667793,Gems Jewellery And Watches,INE280A01010,Titan Company Limited,2023-11-07 16:42:53,TITAN
06-Nov-2023 16:57:54,,https://nsearchives.nseindia.com/corporate/TITAN_06112023165754_136SEintimationinvestormeet.pdf,Titan Company Limited has informed the Exchange about Schedule of meet,,,Analysts/Institutional Investor Meet/Con. Call Updates,00:00:09,06112023165754,06-Nov-2023 16:58:03,-,False,,,105666185,Gems Jewellery And Watches,INE280A01010,Titan Company Limited,2023-11-06 16:57:54,TITAN
06-Nov-2023 16:54:36,,https://nsearchives.nseindia.com/corporate/TITAN_06112023165436_135SEnewspaper.pdf,Titan Company Limited has informed the Exchange about Newspaper publication for unaudited financial results for the second quarter and half year ended 30th September 2023,,,Copy of Newspaper Publication,00:00:06,06112023165436,06-Nov-2023 16:54:42,-,False,,,105666181,Gems Jewellery And Watches,INE280A01010,Titan Company Limited,2023-11-06 16:54:36,TITAN
03-Nov-2023 18:54:30,,https://nsearchives.nseindia.com/corporate/TITAN_03112023185430_134SEinvestormeetrecording.pdf,Titan Company Limited has informed the Exchange about Link of Recording,,,Analysts/Institutional Investor Meet/Con. Call Updates,00:00:06,03112023185430,03-Nov-2023 18:54:36,-,False,,,105664452,Gems Jewellery And Watches,INE280A01010,Titan Company Limited,2023-11-03 18:54:30,TITAN
03-Nov-2023 17:38:26,,https://nsearchives.nseindia.com/corporate/TITAN_03112023173826_133SEcertificate.pdf,Titan Company Limited has informed the Exchange regarding 'Certificate pursuant to SEBI Circular No. SEBI/HO/DDHS/P/CIR/2021/613 dated 10thAugust 2021'.,,,Updates,00:00:04,03112023173826,03-Nov-2023 17:38:30,-,False,,,105664227,Gems Jewellery And Watches,INE280A01010,Titan Company Limited,2023-11-03 17:38:26,TITAN
03-Nov-2023 16:53:05,,https://nsearchives.nseindia.com/corporate/TITAN_03112023165305_132directorchange.pdf,Titan Company Limited has informed the Exchange regarding Change in Director(s) of the company.,,,Change in Director(s),00:00:11,03112023165305,03-Nov-2023 16:53:16,-,False,,,105664077,Gems Jewellery And Watches,INE280A01010,Titan Company Limited,2023-11-03 16:53:05,TITAN
03-Nov-2023 15:00:39,,https://nsearchives.nseindia.com/corporate/129SEQ2result_03112023150039.pdf,"Titan Company Limited has submitted to the Exchange, the financial results for the period ended September 30, 2023.",,,Financial Result Updates,00:00:07,03112023150039,03-Nov-2023 15:00:46,-,False,,,157319,Gems Jewellery And Watches,INE280A01010,Titan Company Limited,2023-11-03 15:00:39,TITAN
03-Nov-2023 14:56:37,,https://nsearchives.nseindia.com/corporate/TITAN_03112023145637_131SEinvestorpresentation.pdf,Titan Company Limited has informed the Exchange about Investor Presentation,,,Investor Presentation,00:00:12,03112023145637,03-Nov-2023 14:56:49,-,False,,,105663842,Gems Jewellery And Watches,INE280A01010,Titan Company Limited,2023-11-03 14:56:37,TITAN
03-Nov-2023 14:48:49,,https://nsearchives.nseindia.com/corporate/TITAN_03112023144849_130SEQ2outcomeofbm.pdf,"Titan Company Limited has informed the Exchange regarding  Board meeting held on November 03, 2023.",,,Outcome of Board Meeting,00:00:08,03112023144849,03-Nov-2023 14:48:57,-,False,,,105663831,Gems Jewellery And Watches,INE280A01010,Titan Company Limited,2023-11-03 14:48:49,TITAN
03-Nov-2023 12:33:56,,https://nsearchives.nseindia.com/corporate/TITAN_03112023123356_SEintimationforallotmentofNCD.pdf,"Titan Company Limited has informed the Exchange regarding allotment of 250000 Non Convertible Debentures on private placement basis at its meeting held on November 03, 2023",,,Allotment of Securities,00:00:08,03112023123356,03-Nov-2023 12:34:04,-,False,,,105663651,Gems Jewellery And Watches,INE280A01010,Titan Company Limited,2023-11-03 12:33:56,TITAN
02-Nov-2023 18:48:23,,https://nsearchives.nseindia.com/corporate/TITAN_02112023184823_SEIntimationofIssueDuplicateshare.pdf,Titan Company Limited has informed the Exchange about Loss of Share Certificates,,,Loss of Share Certificates,00:00:06,02112023184823,02-Nov-2023 18:48:29,-,False,,,105662842,Gems Jewellery And Watches,INE280A01010,Titan Company Limited,2023-11-02 18:48:23,TITAN
31-Oct-2023 16:34:33,,https://nsearchives.nseindia.com/corporate/TITAN_31102023163433_SEIntimationforlossofsharecertificate.pdf,Titan Company Limited has informed the Exchange about Loss of Share Certificates,,,Loss of Share Certificates,00:00:10,31102023163433,31-Oct-2023 16:34:43,-,False,,,105659122,Gems Jewellery And Watches,INE280A01010,Titan Company Limited,2023-10-31 16:34:33,TITAN
27-Oct-2023 16:46:09,,https://nsearchives.nseindia.com/corporate/TITAN_27102023164609_SEIntimationforlossofsharecertificate.pdf,Titan Company Limited has informed the Exchange about Loss of Share Certificates,,,Loss of Share Certificates,00:00:04,27102023164609,27-Oct-2023 16:46:13,-,False,,,105655474,Gems Jewellery And Watches,INE280A01010,Titan Company Limited,2023-10-27 16:46:09,TITAN
27-Oct-2023 16:46:09,,https://nsearchives.nseindia.com/corporate/TITAN_27102023164609_SEIntimationofIssueDuplicateshare.pdf,Titan Company Limited has informed the Exchange about Loss of Share Certificates,,,Loss of Share Certificates,00:00:13,27102023164609,27-Oct-2023 16:46:22,-,False,,,105655475,Gems Jewellery And Watches,INE280A01010,Titan Company Limited,2023-10-27 16:46:09,TITAN
23-Oct-2023 20:17:30,,https://nsearchives.nseindia.com/corporate/TITAN_23102023201730_123SENCDintimation.pdf,"Titan Company Limited has informed the Exchange regarding 'Intimation under Regulation 30 of SEBI (Listing Obligations and Disclosure Requirements) Regulations, 2015   Issuance of Rated, Unsecured, Listed, Redeemable Non-Convertible Debentures ( NCD )'.",,,Updates,00:00:06,23102023201730,23-Oct-2023 20:17:36,-,False,,,105651855,Gems Jewellery And Watches,INE280A01010,Titan Company Limited,2023-10-23 20:17:30,TITAN
20-Oct-2023 19:33:14,,https://nsearchives.nseindia.com/corporate/TITAN_20102023193314_121SEEarningsCall2023.pdf,Titan Company Limited has informed the Exchange about Second quarter earnings call for Q2 FY 2023-24,,,Analysts/Institutional Investor Meet/Con. Call Updates,00:00:23,20102023193314,20-Oct-2023 19:33:37,-,False,,,105650231,Gems Jewellery And Watches,INE280A01010,Titan Company Limited,2023-10-20 19:33:14,TITAN
17-Oct-2023 22:23:43,,https://nsearchives.nseindia.com/corporate/TITAN_17102023222343_119SElossofshares.pdf,Titan Company Limited has informed the Exchange about Loss of Share Certificates,,,Loss of Share Certificates,00:00:07,17102023222343,17-Oct-2023 22:23:50,-,False,,,105646852,Gems Jewellery And Watches,INE280A01010,Titan Company Limited,2023-10-17 22:23:43,TITAN
17-Oct-2023 14:44:02,,https://nsearchives.nseindia.com/corporate/TITAN_17102023144402_SE118intimation.pdf,"Titan Company Limited has informed the Exchange regarding  Board meeting held on October 17, 2023.",,,Outcome of Board Meeting,00:00:11,17102023144402,17-Oct-2023 14:44:13,-,False,,,105646167,Gems Jewellery And Watches,INE280A01010,Titan Company Limited,2023-10-17 14:44:02,TITAN
17-Oct-2023 14:38:37,,https://nsearchives.nseindia.com/corporate/TITAN_17102023143837_SE117intimation.pdf,"Titan Company Limited has informed the Exchange regarding  Board meeting held on October 17, 2023.",,,Outcome of Board Meeting,00:00:06,17102023143837,17-Oct-2023 14:38:43,-,False,,,105646165,Gems Jewellery And Watches,INE280A01010,Titan Company Limited,2023-10-17 14:38:37,TITAN
10-Oct-2023 17:00:26,,https://nsearchives.nseindia.com/corporate/TITAN_10102023170026_SERegulation745.pdf,"Titan Company Limited has informed the Exchange about Certificate under SEBI (Depositories and Participants) Regulations, 2018",,,"Certificate under SEBI (Depositories and Participants) Regulations, 2018",00:00:06,10102023170026,10-Oct-2023 17:00:32,-,False,,,105640565,Gems Jewellery And Watches,INE280A01010,Titan Company Limited,2023-10-10 17:00:26,TITAN
09-Oct-2023 22:38:22,,https://nsearchives.nseindia.com/corporate/TITAN_09102023223823_SEIntimationofIssueDuplicateshare.pdf,Titan Company Limited has informed the Exchange about Loss of Share Certificates,,,Loss of Share Certificates,00:00:14,09102023223822,09-Oct-2023 22:38:36,-,False,,,105639762,Gems Jewellery And Watches,INE280A01010,Titan Company Limited,2023-10-09 22:38:22,TITAN
09-Oct-2023 22:38:22,,https://nsearchives.nseindia.com/corporate/TITAN_09102023223822_SEIntimationforlossofsharecertificate.pdf,Titan Company Limited has informed the Exchange about Loss of Share Certificates,,,Loss of Share Certificates,00:00:06,09102023223822,09-Oct-2023 22:38:28,-,False,,,105639761,Gems Jewellery And Watches,INE280A01010,Titan Company Limited,2023-10-09 22:38:22,TITAN
06-Oct-2023 19:53:04,,https://nsearchives.nseindia.com/corporate/TITAN_06102023195304_SEQ2update24.pdf,Titan Company Limited has informed the Exchange regarding 'Quarterly Update   Q2 FY 2023-24'.,,,Updates,00:00:06,06102023195304,06-Oct-2023 19:53:10,-,False,,,105638018,Gems Jewellery And Watches,INE280A01010,Titan Company Limited,2023-10-06 19:53:04,TITAN
05-Oct-2023 22:48:58,,https://nsearchives.nseindia.com/corporate/TITAN_05102023224858_SEIntimationforlossofsharecertificate.pdf,Titan Company Limited has informed the Exchange about Loss of Share Certificates,,,Loss of Share Certificates,00:00:05,05102023224858,05-Oct-2023 22:49:03,-,False,,,105636992,Gems Jewellery And Watches,INE280A01010,Titan Company Limited,2023-10-05 22:48:58,TITAN
03-Oct-2023 22:52:05,,https://nsearchives.nseindia.com/corporate/TITAN_03102023225205_SEIntimationofIssueDuplicateshare.pdf,Titan Company Limited has informed the Exchange about Loss of Share Certificates,,,Loss of Share Certificates,00:00:08,03102023225205,03-Oct-2023 22:52:13,-,False,,,105634947,Gems Jewellery And Watches,INE280A01010,Titan Company Limited,2023-10-03 22:52:05,TITAN
27-Sep-2023 16:41:19,,https://nsearchives.nseindia.com/corporate/TITAN_27092023164119_SEIntimationofIssueDuplicateshare.pdf,Titan Company Limited has informed the Exchange about Loss of Share Certificates,,,Loss of Share Certificates,00:00:11,27092023164119,27-Sep-2023 16:41:30,-,False,,,105628190,Gems Jewellery And Watches,INE280A01010,Titan Company Limited,2023-09-27 16:41:19,TITAN
27-Sep-2023 16:41:19,,https://nsearchives.nseindia.com/corporate/TITAN_27092023164119_SEIntimationforlossofsharecertificate.pdf,Titan Company Limited has informed the Exchange about Loss of Share Certificates,,,Loss of Share Certificates,00:00:15,27092023164119,27-Sep-2023 16:41:34,-,False,,,105628191,Gems Jewellery And Watches,INE280A01010,Titan Company Limited,2023-09-27 16:41:19,TITAN
21-Sep-2023 16:49:06,,https://nsearchives.nseindia.com/corporate/TITAN_21092023164907_SEIntimationofIssueDuplicateshare.pdf,Titan Company Limited has informed the Exchange about Loss of Share Certificates,,,Loss of Share Certificates,00:00:05,21092023164906,21-Sep-2023 16:49:11,-,False,,,105623064,Gems Jewellery And Watches,INE280A01010,Titan Company Limited,2023-09-21 16:49:06,TITAN
21-Sep-2023 16:38:39,,https://nsearchives.nseindia.com/corporate/TITAN_21092023163839_SEIntimationforlossofsharecertificate.pdf,Titan Company Limited has informed the Exchange about Loss of Share Certificates,,,Loss of Share Certificates,00:00:03,21092023163839,21-Sep-2023 16:38:42,-,False,,,105623052,Gems Jewellery And Watches,INE280A01010,Titan Company Limited,2023-09-21 16:38:39,TITAN
21-Sep-2023 10:50:05,,https://nsearchives.nseindia.com/corporate/TITAN_21092023105005_SEintimation.pdf,"Titan Company Limited has informed the Exchange regarding the Trading Window closure pursuant to SEBI (Prohibition of Insider Trading) Regulations, 2015",,,Trading Window,00:00:05,21092023105005,21-Sep-2023 10:50:10,-,False,,,105622804,Gems Jewellery And Watches,INE280A01010,Titan Company Limited,2023-09-21 10:50:05,TITAN
13-Sep-2023 14:42:29,,https://nsearchives.nseindia.com/corporate/TITAN_13092023144229_SEIntimationCreditRating.pdf,Titan Company Limited has informed the Exchange about Credit Rating,,,Credit Rating,00:00:07,13092023144229,13-Sep-2023 14:42:36,-,False,,,105617683,Gems Jewellery And Watches,INE280A01010,Titan Company Limited,2023-09-13 14:42:29,TITAN
11-Sep-2023 12:51:33,,https://nsearchives.nseindia.com/corporate/TITAN_11092023125133_SEintimationforInvestormeet.pdf,Titan Company Limited has informed the Exchange about Schedule of meet,,,Analysts/Institutional Investor Meet/Con. Call Updates,00:00:13,11092023125133,11-Sep-2023 12:51:46,-,False,,,105615607,Gems Jewellery And Watches,INE280A01010,Titan Company Limited,2023-09-11 12:51:33,TITAN
07-Sep-2023 15:19:38,,https://nsearchives.nseindia.com/corporate/TITAN_07092023151938_SEIntimationforlossofsharecertificate.pdf,Titan Company Limited has informed the Exchange about Loss of Share Certificates,,,Loss of Share Certificates,00:00:04,07092023151938,07-Sep-2023 15:19:42,-,False,,,105613179,Gems Jewellery And Watches,INE280A01010,Titan Company Limited,2023-09-07 15:19:38,TITAN
05-Sep-2023 16:56:10,,https://nsearchives.nseindia.com/corporate/TITAN_05092023165610_SEIntimationofIssueDuplicateshare.pdf,Titan Company Limited has informed the Exchange about Loss of Share Certificates,,,Loss of Share Certificates,00:00:05,05092023165610,05-Sep-2023 16:56:15,-,False,,,105610432,Gems Jewellery And Watches,INE280A01010,Titan Company Limited,2023-09-05 16:56:10,TITAN
01-Sep-2023 15:46:46,,https://nsearchives.nseindia.com/corporate/TITAN_01092023154646_SEIntimationforlossofsharecertificate.pdf,Titan Company Limited has informed the Exchange about Loss of Share Certificates,,,Loss of Share Certificates,00:00:04,01092023154646,01-Sep-2023 15:46:50,-,False,,,105606619,Gems Jewellery And Watches,INE280A01010,Titan Company Limited,2023-09-01 15:46:46,TITAN
31-Aug-2023 16:58:59,,https://nsearchives.nseindia.com/corporate/TITAN_31082023165859_SEintimationInvestormeet.pdf,Titan Company Limited has informed the Exchange about Schedule of Analyst / Institutional Investor Meeting.,,,Analysts/Institutional Investor Meet/Con. Call Updates,00:00:05,31082023165859,31-Aug-2023 16:59:04,-,False,,,105605255,Gems Jewellery And Watches,INE280A01010,Titan Company Limited,2023-08-31 16:58:59,TITAN
29-Aug-2023 16:47:56,,https://nsearchives.nseindia.com/corporate/TITAN_29082023164756_SEIntimationofIssueDuplicateshare.pdf,Titan Company Limited has informed the Exchange about Loss of Share Certificates,,,Loss of Share Certificates,00:00:06,29082023164756,29-Aug-2023 16:48:02,-,False,,,105602946,Gems Jewellery And Watches,INE280A01010,Titan Company Limited,2023-08-29 16:47:56,TITAN
29-Aug-2023 16:38:07,,https://nsearchives.nseindia.com/corporate/TITAN_29082023163807_SEIntimationforlossofsharecertificate.pdf,Titan Company Limited has informed the Exchange about Loss of Share Certificates,,,Loss of Share Certificates,00:00:05,29082023163807,29-Aug-2023 16:38:12,-,False,,,105602936,Gems Jewellery And Watches,INE280A01010,Titan Company Limited,2023-08-29 16:38:07,TITAN
29-Aug-2023 11:18:08,,https://nsearchives.nseindia.com/corporate/TITAN_29082023111808_SEIntimationcreditratingCRISIL.pdf,Titan Company Limited has informed the Exchange about Credit Rating,,,Credit Rating,00:00:07,29082023111808,29-Aug-2023 11:18:15,-,False,,,105602492,Gems Jewellery And Watches,INE280A01010,Titan Company Limited,2023-08-29 11:18:08,TITAN
25-Aug-2023 16:54:07,,https://nsearchives.nseindia.com/corporate/TITAN_25082023165407_SEIntimationforlossofsharecertificate.pdf,Titan Company Limited has informed the Exchange about Loss of Share Certificates,,,Loss of Share Certificates,00:00:05,25082023165407,25-Aug-2023 16:54:12,-,False,,,105599783,Gems Jewellery And Watches,INE280A01010,Titan Company Limited,2023-08-25 16:54:07,TITAN
24-Aug-2023 19:21:16,,https://nsearchives.nseindia.com/corporate/TITAN_24082023192116_SEintimationInvestormeet.pdf,Titan Company Limited has informed the Exchange about Schedule of meet,,,Analysts/Institutional Investor Meet/Con. Call Updates,00:00:05,24082023192116,24-Aug-2023 19:21:21,-,False,,,105599011,Gems Jewellery And Watches,INE280A01010,Titan Company Limited,2023-08-24 19:21:16,TITAN
19-Aug-2023 12:17:24,,https://nsearchives.nseindia.com/corporate/TITAN_19082023121724_92SEIntimationAcquisition.pdf,"Titan Company Limited has informed the Exchange about Intimation under Regulation 30 read with Schedule III of the Securities and Exchange Board of India (Listing Obligations and Disclosure Requirements) Regulations, 2015 (Listing Regulations)",,,Acquisition,00:00:15,19082023121724,19-Aug-2023 12:17:39,-,False,,,105594342,Gems Jewellery And Watches,INE280A01010,Titan Company Limited,2023-08-19 12:17:24,TITAN
18-Aug-2023 16:11:38,,https://nsearchives.nseindia.com/corporate/TITAN_18082023161138_SEIntimationofIssueDuplicateshare.pdf,Titan Company Limited has informed the Exchange about Loss of Share Certificates,,,Loss of Share Certificates,00:00:13,18082023161138,18-Aug-2023 16:11:51,-,False,,,105593636,Gems Jewellery And Watches,INE280A01010,Titan Company Limited,2023-08-18 16:11:38,TITAN
17-Aug-2023 16:36:56,,https://nsearchives.nseindia.com/corporate/TITAN_17082023163656_SEIntimationofIssueDuplicateshare.pdf,Titan Company Limited has informed the Exchange about Loss of Share Certificates,,,Loss of Share Certificates,00:00:13,17082023163656,17-Aug-2023 16:37:09,-,False,,,105592500,Gems Jewellery And Watches,INE280A01010,Titan Company Limited,2023-08-17 16:36:56,TITAN
16-Aug-2023 14:14:54,,https://nsearchives.nseindia.com/corporate/TITAN_16082023141454_SEIntimationforlossofShareCertificate.pdf,Titan Company Limited has informed the Exchange about Loss of Share Certificates,,,Loss of Share Certificates,00:01:05,16082023141454,16-Aug-2023 14:15:59,-,False,,,105591364,Gems Jewellery And Watches,INE280A01010,Titan Company Limited,2023-08-16 14:14:54,TITAN
16-Aug-2023 13:07:34,,https://nsearchives.nseindia.com/corporate/TITAN_16082023130734_SEIntimationofIssueDuplicateshare.pdf,Titan Company Limited has informed the Exchange about Loss of Share Certificates,,,Loss of Share Certificates,00:00:22,16082023130734,16-Aug-2023 13:07:56,-,False,,,105591292,Gems Jewellery And Watches,INE280A01010,Titan Company Limited,2023-08-16 13:07:34,TITAN
16-Aug-2023 12:44:27,,https://nsearchives.nseindia.com/corporate/TITAN_16082023124427_SEintimationInvestormeeton24thAug2023.pdf,Titan Company Limited has informed the Exchange about Schedule of meet,,,Analysts/Institutional Investor Meet/Con. Call Updates,00:00:11,16082023124427,16-Aug-2023 12:44:38,-,False,,,105591258,Gems Jewellery And Watches,INE280A01010,Titan Company Limited,2023-08-16 12:44:27,TITAN
14-Aug-2023 16:36:09,,https://nsearchives.nseindia.com/corporate/TITAN_14082023163609_SE86disclosure.pdf,"Titan Company Limited has informed the Exchange regarding 'Disclosure under Regulation 30A of the Securities and Exchange Board of India (Listing Obligations and Disclosure Requirements) Regulations, 2015 ( Listing Regulations ) read with Securities and Exchange Board of India Circular (SEBI/HO/CFD/CFD-PoD-1/P/CIR/2023/123) dated 13th July 2023 ( Circular )'.",,,Updates,00:00:24,14082023163609,14-Aug-2023 16:36:33,-,False,,,105589415,Gems Jewellery And Watches,INE280A01010,Titan Company Limited,2023-08-14 16:36:09,TITAN
11-Aug-2023 16:54:44,,https://nsearchives.nseindia.com/corporate/TITAN_11082023165444_SE85creditratings.pdf,Titan Company Limited has informed the Exchange about Credit Rating,,,Credit Rating,00:00:33,11082023165444,11-Aug-2023 16:55:17,-,False,,,105586571,Gems Jewellery And Watches,INE280A01010,Titan Company Limited,2023-08-11 16:54:44,TITAN
11-Aug-2023 15:39:43,,https://nsearchives.nseindia.com/corporate/TITAN_11082023153943_SEintimationInvestorMeet.pdf,Titan Company Limited has informed the Exchange about Schedule of meet,,,Analysts/Institutional Investor Meet/Con. Call Updates,00:00:24,11082023153943,11-Aug-2023 15:40:07,-,False,,,105586327,Gems Jewellery And Watches,INE280A01010,Titan Company Limited,2023-08-11 15:39:43,TITAN
11-Aug-2023 14:54:02,,https://nsearchives.nseindia.com/corporate/TITAN_11082023145402_SEIntimationforlossofShareCertificate.pdf,Titan Company Limited has informed the Exchange about Loss of Share Certificates,,,Loss of Share Certificates,00:00:21,11082023145402,11-Aug-2023 14:54:23,-,False,,,105586189,Gems Jewellery And Watches,INE280A01010,Titan Company Limited,2023-08-11 14:54:02,TITAN
07-Aug-2023 22:13:47,,https://nsearchives.nseindia.com/corporate/TITAN_07082023221347_SEIFY24Q1EarningsCallTranscript.pdf,Titan Company Limited has informed the Exchange about Earnings Call Transcripts,,,Analysts/Institutional Investor Meet/Con. Call Updates,00:00:13,07082023221347,07-Aug-2023 22:14:00,-,False,,,105580553,Gems Jewellery And Watches,INE280A01010,Titan Company Limited,2023-08-07 22:13:47,TITAN
05-Aug-2023 09:09:27,,https://nsearchives.nseindia.com/corporate/TITAN_05082023090927_SEQ1quickresultFinal.pdf,Titan Company Limited has informed the Exchange regarding 'first quarter quick results in Machine readable format'.,,,Updates,37:59:39,05082023090927,06-Aug-2023 23:09:06,-,False,,,105578335,Gems Jewellery And Watches,INE280A01010,Titan Company Limited,2023-08-05 09:09:27,TITAN
04-Aug-2023 16:56:29,,https://nsearchives.nseindia.com/corporate/TITAN_04082023165629_SEIntimationofIssueDuplicateshare.pdf,Titan Company Limited has informed the Exchange about Loss of Share Certificates,,,Loss of Share Certificates,00:00:15,04082023165629,04-Aug-2023 16:56:44,-,False,,,105577503,Gems Jewellery And Watches,INE280A01010,Titan Company Limited,2023-08-04 16:56:29,TITAN
03-Aug-2023 15:32:01,,https://nsearchives.nseindia.com/corporate/TITAN_03082023153201_Q1Newspaperad202324.pdf,Titan Company Limited has informed the Exchange about Copy of Newspaper Publication for unaudited financial results for the first quarter ended 30th June 2023.,,,Copy of Newspaper Publication,00:00:16,03082023153201,03-Aug-2023 15:32:17,-,False,,,105575699,Gems Jewellery And Watches,INE280A01010,Titan Company Limited,2023-08-03 15:32:01,TITAN
02-Aug-2023 23:57:54,,https://nsearchives.nseindia.com/corporate/TITAN_02082023235754_79SEcallrecording.pdf,Titan Company Limited has informed the Exchange about Link of Recording,,,Analysts/Institutional Investor Meet/Con. Call Updates,00:00:12,02082023235754,02-Aug-2023 23:58:06,-,False,,,105575115,Gems Jewellery And Watches,INE280A01010,Titan Company Limited,2023-08-02 23:57:54,TITAN
02-Aug-2023 21:51:21,,https://nsearchives.nseindia.com/corporate/TITAN_02082023215121_78SErevisedpresentation.pdf,Titan Company Limited has informed the Exchange about Investor Presentation,,,Investor Presentation,00:00:18,02082023215121,02-Aug-2023 21:51:39,-,False,,,105574839,Gems Jewellery And Watches,INE280A01010,Titan Company Limited,2023-08-02 21:51:21,TITAN
02-Aug-2023 19:25:14,,https://nsearchives.nseindia.com/corporate/TITAN_02082023192514_77SEintimationPSU.pdf,Titan Company Limited has informed the Exchange regarding 'Grant of Performance Stock Units (PSUs) under Titan Company Limited Performance Based Stock Unit Scheme 2023 (hereinafter referred to as  Scheme 2023 )'.,,,Updates,00:00:12,02082023192514,02-Aug-2023 19:25:26,-,False,,,105574705,Gems Jewellery And Watches,INE280A01010,Titan Company Limited,2023-08-02 19:25:14,TITAN
02-Aug-2023 17:16:58,,https://nsearchives.nseindia.com/corporate/TITAN_02082023171658_76SEEarningsPresentationQ1FY24.pdf,Titan Company Limited has informed the Exchange about Investor Presentation,,,Investor Presentation,00:00:15,02082023171658,02-Aug-2023 17:17:13,-,False,,,105574392,Gems Jewellery And Watches,INE280A01010,Titan Company Limited,2023-08-02 17:16:58,TITAN
02-Aug-2023 17:00:39,,https://nsearchives.nseindia.com/corporate/SEQ1quickresult_02082023170039.pdf,"Titan Company Limited has submitted to the Exchange, the financial results for the period ended June 30, 2023.",,,Financial Result Updates,00:00:12,02082023170039,02-Aug-2023 17:00:51,-,False,,,155183,Gems Jewellery And Watches,INE280A01010,Titan Company Limited,2023-08-02 17:00:39,TITAN
02-Aug-2023 16:48:50,,https://nsearchives.nseindia.com/corporate/TITAN_02082023164850_SEQ1outcome.pdf,Titan Company Limited has informed the Exchange regarding  Unaudited Financial Results (standalone and consolidated) for the first quarter ended 30th June 2023.,,,Outcome of Board Meeting,00:00:15,02082023164850,02-Aug-2023 16:49:05,-,False,,,105574287,Gems Jewellery And Watches,INE280A01010,Titan Company Limited,2023-08-02 16:48:50,TITAN
02-Aug-2023 10:55:16,,https://nsearchives.nseindia.com/corporate/TITAN_02082023105516_SEIntimationtowardslossofShareCertificate.pdf,Titan Company Limited has informed the Exchange about Loss of Share Certificates,,,Loss of Share Certificates,00:00:17,02082023105516,02-Aug-2023 10:55:33,-,False,,,105573733,Gems Jewellery And Watches,INE280A01010,Titan Company Limited,2023-08-02 10:55:16,TITAN
01-Aug-2023 23:00:16,,https://nsearchives.nseindia.com/corporate/TITAN_01082023230017_SEintimationsAGMproceedings.pdf,"Titan Company Limited has informed the Exchange regarding Proceedings of Annual General Meeting held on August 01, 2023. Further, the company has submitted the Exchange a copy of Srutinizers report along with voting results.",,,Shareholders meeting,00:00:22,01082023230016,01-Aug-2023 23:00:38,-,False,,,105573407,Gems Jewellery And Watches,INE280A01010,Titan Company Limited,2023-08-01 23:00:16,TITAN
01-Aug-2023 10:02:07,,https://nsearchives.nseindia.com/corporate/TITAN_01082023100207_SEIntimationforlossofsharecertificate.pdf,Titan Company Limited has informed the Exchange about Loss of Share Certificates,,,Loss of Share Certificates,00:00:20,01082023100207,01-Aug-2023 10:02:27,-,False,,,105572149,Gems Jewellery And Watches,INE280A01010,Titan Company Limited,2023-08-01 10:02:07,TITAN
28-Jul-2023 16:54:36,,https://nsearchives.nseindia.com/corporate/TITAN_28072023165436_SEIntimationofIssueDuplicateshare.pdf,Titan Company Limited has informed the Exchange about Loss of Share Certificates,,,Loss of Share Certificates,00:00:18,28072023165436,28-Jul-2023 16:54:54,-,False,,,105569216,Gems Jewellery And Watches,INE280A01010,Titan Company Limited,2023-07-28 16:54:36,TITAN
28-Jul-2023 16:47:33,,https://nsearchives.nseindia.com/corporate/TITAN_28072023164733_SEIntimationforlossofShareCertificate.pdf,Titan Company Limited has informed the Exchange about Loss of Share Certificates,,,Loss of Share Certificates,00:00:07,28072023164733,28-Jul-2023 16:47:40,-,False,,,105569199,Gems Jewellery And Watches,INE280A01010,Titan Company Limited,2023-07-28 16:47:33,TITAN
26-Jul-2023 15:20:20,,https://nsearchives.nseindia.com/corporate/TITAN_26072023152020_SEIntimationforlassofsharecertificate.pdf,Titan Company Limited has informed the Exchange about Loss of Share Certificates,,,Loss of Share Certificates,00:00:13,26072023152020,26-Jul-2023 15:20:33,-,False,,,105566205,Gems Jewellery And Watches,INE280A01010,Titan Company Limited,2023-07-26 15:20:20,TITAN
20-Jul-2023 16:54:58,,https://nsearchives.nseindia.com/corporate/TITAN_20072023165458_SEIntimationforissueofduplicateshare.pdf,Titan Company Limited has informed the Exchange about issue of Duplicate Share Certificate,,,Loss of Share Certificates,00:00:08,20072023165458,20-Jul-2023 16:55:06,-,False,,,105561095,Gems Jewellery And Watches,INE280A01010,Titan Company Limited,2023-07-20 16:54:58,TITAN
20-Jul-2023 16:41:07,,https://nsearchives.nseindia.com/corporate/TITAN_20072023164107_SEIntimationforlossofsharecertificate.pdf,Titan Company Limited has informed the Exchange about Loss of Share Certificates,,,Loss of Share Certificates,00:00:43,20072023164107,20-Jul-2023 16:41:50,-,False,,,105561066,Gems Jewellery And Watches,INE280A01010,Titan Company Limited,2023-07-20 16:41:07,TITAN
17-Jul-2023 15:18:18,,https://nsearchives.nseindia.com/corporate/TITAN_17072023151818_SEIntimationofduplicationshare.pdf,Titan Company Limited has informed the Exchange about Loss of Share Certificates,,,Loss of Share Certificates,00:00:07,17072023151818,17-Jul-2023 15:18:25,-,False,,,105557468,Gems Jewellery And Watches,INE280A01010,Titan Company Limited,2023-07-17 15:18:18,TITAN
14-Jul-2023 16:42:07,,https://nsearchives.nseindia.com/corporate/TITAN_14072023164207_SENewspaperad.pdf,Titan Company Limited has informed the Exchange about Newspaper publication for Form DPT-1,,,Copy of Newspaper Publication,00:00:06,14072023164207,14-Jul-2023 16:42:13,-,False,,,105555830,Gems Jewellery And Watches,INE280A01010,Titan Company Limited,2023-07-14 16:42:07,TITAN
14-Jul-2023 16:32:37,,https://nsearchives.nseindia.com/corporate/TITAN_14072023163237_SEIntimationratingupdate.pdf,Titan Company Limited has informed the Exchange about Credit Rating,,,Credit Rating,00:00:03,14072023163237,14-Jul-2023 16:32:40,-,False,,,105555813,Gems Jewellery And Watches,INE280A01010,Titan Company Limited,2023-07-14 16:32:37,TITAN
13-Jul-2023 16:20:28,,https://nsearchives.nseindia.com/corporate/TITAN_13072023162028_SEintimationQ1FY24Earningscall.pdf,Titan Company Limited has informed the Exchange about Investor Presentation,,,Investor Presentation,00:00:08,13072023162028,13-Jul-2023 16:20:36,-,False,,,105554605,Gems Jewellery And Watches,INE280A01010,Titan Company Limited,2023-07-13 16:20:28,TITAN
13-Jul-2023 15:58:45,,https://nsearchives.nseindia.com/corporate/TITAN_13072023155845_SEIntimationforLossofShareCertificate.pdf,Titan Company Limited has informed the Exchange about Loss of Share Certificates,,,Loss of Share Certificates,00:00:08,13072023155845,13-Jul-2023 15:58:53,-,False,,,105554554,Gems Jewellery And Watches,INE280A01010,Titan Company Limited,2023-07-13 15:58:45,TITAN
12-Jul-2023 15:46:41,,https://nsearchives.nseindia.com/corporate/TITAN_12072023154641_SEIntimationforissueDuplicateShare.pdf,Titan Company Limited has informed the Exchange about Loss of Share Certificates,,,Loss of Share Certificates,00:00:08,12072023154641,12-Jul-2023 15:46:49,-,False,,,105553406,Gems Jewellery And Watches,INE280A01010,Titan Company Limited,2023-07-12 15:46:41,TITAN
12-Jul-2023 11:57:01,,https://nsearchives.nseindia.com/corporate/TITAN_12072023115701_SERegulation745.pdf,"Titan Company Limited has informed the Exchange about Certificate under SEBI (Depositories and Participants) Regulations, 2018",,,"Certificate under SEBI (Depositories and Participants) Regulations, 2018",00:00:11,12072023115701,12-Jul-2023 11:57:12,-,False,,,105553176,Gems Jewellery And Watches,INE280A01010,Titan Company Limited,2023-07-12 11:57:01,TITAN
10-Jul-2023 17:37:34,,https://nsearchives.nseindia.com/corporate/TITAN_10072023173734_SEIntimationNewspaperadd.pdf,Titan Company Limited has informed the Exchange about Copy of Newspaper Publication,,,Copy of Newspaper Publication,00:00:19,10072023173734,10-Jul-2023 17:37:53,-,False,,,105551237,Gems Jewellery And Watches,INE280A01010,Titan Company Limited,2023-07-10 17:37:34,TITAN
07-Jul-2023 16:58:57,,https://nsearchives.nseindia.com/corporate/TITAN_07072023165857_04TitanAR2023BRSR.pdf,Titan Company Limited has informed the Exchange regarding 'Business Responsibility and Sustainability Report for the Financial Year 2022-23.'.,,,Updates,00:00:08,07072023165857,07-Jul-2023 16:59:05,-,False,,,105549516,Gems Jewellery And Watches,INE280A01010,Titan Company Limited,2023-07-07 16:58:57,TITAN
07-Jul-2023 12:19:49,,https://nsearchives.nseindia.com/corporate/TITAN_07072023121949_NoticeofAGM.pdf,"Titan Company Limited has informed the Exchange regarding Notice of Annual General Meeting to be held on August 01, 2023",,,Shareholders meeting,00:00:08,07072023121949,07-Jul-2023 12:19:57,-,False,,,105549230,Gems Jewellery And Watches,INE280A01010,Titan Company Limited,2023-07-07 12:19:49,TITAN
07-Jul-2023 11:31:14,,https://nsearchives.nseindia.com/corporate/TITAN_07072023113114_Newspapaeradd.pdf,Titan Company Limited has informed the Exchange about Copy of Newspaper Publication,,,Copy of Newspaper Publication,00:00:11,07072023113114,07-Jul-2023 11:31:25,-,False,,,105549168,Gems Jewellery And Watches,INE280A01010,Titan Company Limited,2023-07-07 11:31:14,TITAN
06-Jul-2023 17:34:36,,https://nsearchives.nseindia.com/corporate/TITAN_06072023173436_Q1Quaterlyupdate202324.pdf,Titan Company Limited has informed the Exchange regarding 'Quarterly Update   Q1 FY 2023-24'.,,,Updates,00:00:08,06072023173436,06-Jul-2023 17:34:44,-,False,,,105548460,Gems Jewellery And Watches,INE280A01010,Titan Company Limited,2023-07-06 17:34:36,TITAN
06-Jul-2023 15:06:52,,https://nsearchives.nseindia.com/corporate/TITAN_06072023150652_StockExchangeIntimationforIssueDuplicateShare.pdf,Titan Company Limited has informed the Exchange about Loss of Share Certificates,,,Loss of Share Certificates,00:00:08,06072023150652,06-Jul-2023 15:07:00,-,False,,,105548231,Gems Jewellery And Watches,INE280A01010,Titan Company Limited,2023-07-06 15:06:52,TITAN
04-Jul-2023 15:34:39,,https://nsearchives.nseindia.com/corporate/TITAN_04072023153439_StockExchangeIntimationforlossofsharecertificate.pdf,Titan Company Limited has informed the Exchange about Loss of Share Certificates,,,Loss of Share Certificates,00:00:08,04072023153439,04-Jul-2023 15:34:47,-,False,,,105546143,Gems Jewellery And Watches,INE280A01010,Titan Company Limited,2023-07-04 15:34:39,TITAN
29-Jun-2023 16:39:45,,https://nsearchives.nseindia.com/corporate/TITAN_29062023163945_Stockexchangeintimationlossofsharecertificate.pdf,Titan Company Limited has informed the Exchange about Loss of Share Certificates,,,Loss of Share Certificates,00:00:03,29062023163945,29-Jun-2023 16:39:48,-,False,,,105542071,Gems Jewellery And Watches,INE280A01010,Titan Company Limited,2023-06-29 16:39:45,TITAN
22-Jun-2023 17:14:50,,https://nsearchives.nseindia.com/corporate/TITAN_22062023171450_StockExchangeIntimationIssueofDuplicateshare.pdf,Titan Company Limited has informed the Exchange about Loss of Share Certificates,,,Loss of Share Certificates,00:00:03,22062023171450,22-Jun-2023 17:14:53,-,False,,,105536493,Gems Jewellery And Watches,INE280A01010,Titan Company Limited,2023-06-22 17:14:50,TITAN
21-Jun-2023 16:39:32,,https://nsearchives.nseindia.com/corporate/TITAN_21062023163932_SEintimation.pdf,"Titan Company Limited has informed the Exchange regarding the Trading Window closure pursuant to SEBI (Prohibition of Insider Trading) Regulations, 2015",,,Trading Window,00:00:03,21062023163932,21-Jun-2023 16:39:35,-,False,,,105535378,Gems Jewellery And Watches,INE280A01010,Titan Company Limited,2023-06-21 16:39:32,TITAN
20-Jun-2023 15:42:22,,https://nsearchives.nseindia.com/corporate/TITAN_20062023154223_StockExchangeIntimationLossofShareCertificate.pdf,Titan Company Limited has informed the Exchange about Loss of Share Certificates,,,Loss of Share Certificates,00:00:07,20062023154222,20-Jun-2023 15:42:29,-,False,,,105534375,Gems Jewellery And Watches,INE280A01010,Titan Company Limited,2023-06-20 15:42:22,TITAN
16-Jun-2023 16:26:35,,https://nsearchives.nseindia.com/corporate/TITAN_16062023162635_SEintimationInvestorMeetings.pdf,Titan Company Limited has informed the Exchange about Schedule of meet,,,Analysts/Institutional Investor Meet/Con. Call Updates,00:00:05,16062023162635,16-Jun-2023 16:26:40,-,False,,,105532053,Gems Jewellery And Watches,INE280A01010,Titan Company Limited,2023-06-16 16:26:35,TITAN
16-Jun-2023 16:16:48,,https://nsearchives.nseindia.com/corporate/TITAN_16062023161648_StockexchangeintimationLossofsharecertificate.pdf,Titan Company Limited has informed the Exchange about Loss of Share Certificates,,,Loss of Share Certificates,00:00:02,16062023161648,16-Jun-2023 16:16:50,-,False,,,105532047,Gems Jewellery And Watches,INE280A01010,Titan Company Limited,2023-06-16 16:16:48,TITAN
16-Jun-2023 16:09:44,,https://nsearchives.nseindia.com/corporate/TITAN_16062023160944_CoveringLetterDuplicateshare.pdf,Titan Company Limited has informed the Exchange about Loss of Share Certificates,,,Loss of Share Certificates,00:00:05,16062023160944,16-Jun-2023 16:09:49,-,False,,,105532042,Gems Jewellery And Watches,INE280A01010,Titan Company Limited,2023-06-16 16:09:44,TITAN
14-Jun-2023 14:42:07,,https://nsearchives.nseindia.com/corporate/TITAN_14062023144207_StockExchangeintimationlossofsharecertificate.pdf,Titan Company Limited has informed the Exchange about Loss of Share Certificates,,,Loss of Share Certificates,00:00:09,14062023144207,14-Jun-2023 14:42:16,-,False,,,105530147,Gems Jewellery And Watches,INE280A01010,Titan Company Limited,2023-06-14 14:42:07,TITAN
13-Jun-2023 12:32:57,,https://nsearchives.nseindia.com/corporate/TITAN_13062023123257_SEintimationInvestorMeet.pdf,Titan Company Limited has informed the Exchange about Schedule of meet,,,Analysts/Institutional Investor Meet/Con. Call Updates,00:00:05,13062023123257,13-Jun-2023 12:33:02,-,False,,,105529255,Gems Jewellery And Watches,INE280A01010,Titan Company Limited,2023-06-13 12:32:57,TITAN
09-Jun-2023 15:23:52,,https://nsearchives.nseindia.com/corporate/TITAN_09062023152352_SEintimationInvestorMeetings.pdf,Titan Company Limited has informed the Exchange about Schedule of meet,,,Analysts/Institutional Investor Meet/Con. Call Updates,00:00:05,09062023152352,09-Jun-2023 15:23:57,-,False,,,105527320,Gems Jewellery And Watches,INE280A01010,Titan Company Limited,2023-06-09 15:23:52,TITAN
09-Jun-2023 15:11:48,,https://nsearchives.nseindia.com/corporate/TITAN_09062023151148_StockExchangeintimationlossofsharecertificate.pdf,Titan Company Limited has informed the Exchange about Loss of Share Certificates,,,Loss of Share Certificates,00:00:04,09062023151148,09-Jun-2023 15:11:52,-,False,,,105527309,Gems Jewellery And Watches,INE280A01010,Titan Company Limited,2023-06-09 15:11:48,TITAN
09-Jun-2023 11:55:07,,https://nsearchives.nseindia.com/corporate/TITAN_09062023115507_StockExchangeIntimastionforlossofsharecertificate.pdf,Titan Company Limited has informed the Exchange about Loss of Share Certificates,,,Loss of Share Certificates,00:00:04,09062023115507,09-Jun-2023 11:55:11,-,False,,,105527175,Gems Jewellery And Watches,INE280A01010,Titan Company Limited,2023-06-09 11:55:07,TITAN
09-Jun-2023 11:38:05,,https://nsearchives.nseindia.com/corporate/TITAN_09062023113805_StockExchangeIntimationDuplicateshare.pdf,Titan Company Limited has informed the Exchange about Loss of Share Certificates,,,Loss of Share Certificates,00:00:05,09062023113805,09-Jun-2023 11:38:10,-,False,,,105527163,Gems Jewellery And Watches,INE280A01010,Titan Company Limited,2023-06-09 11:38:05,TITAN
07-Jun-2023 15:34:26,,https://nsearchives.nseindia.com/corporate/TITAN_07062023153427_StockExchangeIntimastionforlossofsharecertificate.pdf,Titan Company Limited has informed the Exchange about Loss of Share Certificates,,,Loss of Share Certificates,00:00:03,07062023153426,07-Jun-2023 15:34:29,-,False,,,105525498,Gems Jewellery And Watches,INE280A01010,Titan Company Limited,2023-06-07 15:34:26,TITAN
05-Jun-2023 10:50:00,,https://nsearchives.nseindia.com/corporate/TITAN_05062023105000_SEintimationInvestorMeeting.pdf,Titan Company Limited has informed the Exchange about Schedule of meet,,,Analysts/Institutional Investor Meet/Con. Call Updates,00:00:02,05062023105000,05-Jun-2023 10:50:02,-,False,,,105523312,Gems Jewellery And Watches,INE280A01010,Titan Company Limited,2023-06-05 10:50:00,TITAN
02-Jun-2023 15:08:19,,https://nsearchives.nseindia.com/corporate/TITAN_02062023150820_StockExchangeIntimastionforlossofsharecertificate.pdf,Titan Company Limited has informed the Exchange about Loss of Share Certificates,,,Loss of Share Certificates,00:00:03,02062023150819,02-Jun-2023 15:08:22,-,False,,,105522281,Gems Jewellery And Watches,INE280A01010,Titan Company Limited,2023-06-02 15:08:19,TITAN
30-May-2023 15:52:31,,https://nsearchives.nseindia.com/corporate/TITAN_30052023155231_SEIntimationLossofShareCertificate30052023.pdf,Titan Company Limited has informed the Exchange about Loss of Share Certificates,,,Loss of Share Certificates,00:00:04,30052023155231,30-May-2023 15:52:35,-,False,,,105517482,Gems Jewellery And Watches,INE280A01010,Titan Company Limited,2023-05-30 15:52:31,TITAN
29-May-2023 17:40:03,,https://nsearchives.nseindia.com/corporate/TITAN_29052023174003_SEintimationinvestorMeeting31st052023.pdf,Titan Company Limited has informed the Exchange about Schedule of meet,,,Analysts/Institutional Investor Meet/Con. Call Updates,00:00:46,29052023174003,29-May-2023 17:40:49,-,False,,,105515283,Gems Jewellery And Watches,INE280A01010,Titan Company Limited,2023-05-29 17:40:03,TITAN
29-May-2023 15:06:21,,https://nsearchives.nseindia.com/corporate/TITAN_29052023150621_SEIntimationchangeindateofAGM.pdf,"Titan Company Limited has informed the Exchange that the revised date of  Annual General Meeting is August 01, 2023",,,Shareholders meeting,00:00:03,29052023150621,29-May-2023 15:06:24,-,False,,,105514839,Gems Jewellery And Watches,INE280A01010,Titan Company Limited,2023-05-29 15:06:21,TITAN
29-May-2023 14:05:58,,https://nsearchives.nseindia.com/corporate/TITAN_29052023140558_SEIntimationchangeindateofAGM.pdf,Titan Company Limited had intimated the Exchange that the Register of Members & Share Transfer Books of the Company shall remain closed from 27-Jun-2023 to 11-Jul-2023. The Company has now informed the Exchange that the Register of Members & Share Transfer Books of the Company will now remain closed from 14-Jul-2023 to 01-Aug-2023 for the purpose of Dividend.,,,Revised Book Closure,00:00:06,29052023140558,29-May-2023 14:06:04,-,False,,,105514748,Gems Jewellery And Watches,INE280A01010,Titan Company Limited,2023-05-29 14:05:58,TITAN
25-May-2023 15:51:13,,https://nsearchives.nseindia.com/corporate/TITAN_25052023155113_SEIntimationforlossofsharecertificate.pdf,Titan Company Limited has informed the Exchange about Loss of Share Certificates,,,Loss of Share Certificates,00:00:10,25052023155113,25-May-2023 15:51:23,-,False,,,105510204,Gems Jewellery And Watches,INE280A01010,Titan Company Limited,2023-05-25 15:51:13,TITAN
24-May-2023 14:25:35,,https://nsearchives.nseindia.com/corporate/TITAN_24052023142535_24Areport31032023.pdf,Annual Secretarial Compliance Report for the year ended 31st March 2023.,,,Annual Secretarial Compliance Report,00:00:07,24052023142535,24-May-2023 14:25:42,-,False,,,105508362,Gems Jewellery And Watches,INE280A01010,Titan Company Limited,2023-05-24 14:25:35,TITAN
23-May-2023 11:53:01,,https://nsearchives.nseindia.com/corporate/TITAN_23052023115301_SEIntimationoflossofShareCertificate.pdf,Titan Company Limited has informed the Exchange about Loss of Share Certificates,,,Loss of Share Certificates,00:00:05,23052023115301,23-May-2023 11:53:06,-,False,,,105506560,Gems Jewellery And Watches,INE280A01010,Titan Company Limited,2023-05-23 11:53:01,TITAN
22-May-2023 16:59:37,,https://nsearchives.nseindia.com/corporate/TITAN_22052023165937_SEintimationInvestorMeeting.pdf,Titan Company Limited has informed the Exchange about Schedule of meet,,,Analysts/Institutional Investor Meet/Con. Call Updates,00:00:19,22052023165937,22-May-2023 16:59:56,-,False,,,105505421,Gems Jewellery And Watches,INE280A01010,Titan Company Limited,2023-05-22 16:59:37,TITAN
19-May-2023 16:15:36,,https://nsearchives.nseindia.com/corporate/TITAN_19052023161536_SEIntimationDuplicateshare.pdf,Titan Company Limited has informed the Exchange about Loss of Share Certificates,,,Loss of Share Certificates,00:00:11,19052023161536,19-May-2023 16:15:47,-,False,,,105502986,Gems Jewellery And Watches,INE280A01010,Titan Company Limited,2023-05-19 16:15:36,TITAN
17-May-2023 16:41:09,,https://nsearchives.nseindia.com/corporate/TITAN_17052023164109_SEIntimationKYC.pdf,"Titan Company Limited has informed the Exchange regarding 'Intimation under Regulation 30 of the Securities and Exchange Board of India (ListingObligations and Disclosure Requirements) Regulations, 2015.'.",,,Updates,00:00:12,17052023164109,17-May-2023 16:41:21,-,False,,,105499948,Gems Jewellery And Watches,INE280A01010,Titan Company Limited,2023-05-17 16:41:09,TITAN
16-May-2023 17:57:48,,https://nsearchives.nseindia.com/corporate/TITAN_16052023175748_BOOKCLOSURE39THAGM.pdf,"Titan Company Limited has informed the Exchange regarding Notice of Annual General Meeting to be held on July 11, 2023",,,Shareholders meeting,00:00:12,16052023175748,16-May-2023 17:58:00,-,False,,,105498645,Gems Jewellery And Watches,INE280A01010,Titan Company Limited,2023-05-16 17:57:48,TITAN
16-May-2023 13:23:03,,https://nsearchives.nseindia.com/corporate/TITAN_16052023132303_BOOKCLOSURE39THAGM.pdf,Titan Company Limited has informed the Exchange that Register of Members & Share Transfer Books of the Company will remain closed from 27-Jun-2023 to 11-Jul-2023 for the purpose of Dividend.,,,Book Closure,00:00:05,16052023132303,16-May-2023 13:23:08,-,False,,,105498155,Gems Jewellery And Watches,INE280A01010,Titan Company Limited,2023-05-16 13:23:03,TITAN
15-May-2023 12:46:37,,https://nsearchives.nseindia.com/corporate/TITAN_15052023124637_24Areport31032023.pdf,Annual Secretarial Compliance Report for the year ended 31st March 2023.,,,Annual Secretarial Compliance Report,00:00:08,15052023124637,15-May-2023 12:46:45,-,False,,,105496535,Gems Jewellery And Watches,INE280A01010,Titan Company Limited,2023-05-15 12:46:37,TITAN
12-May-2023 12:13:04,,https://nsearchives.nseindia.com/corporate/TITAN_12052023121304_StockExchangeIntimationDuplicateshare.pdf,Titan Company Limited has informed the Exchange about Loss of Share Certificates,,,Loss of Share Certificates,00:00:03,12052023121304,12-May-2023 12:13:07,-,False,,,105494557,Gems Jewellery And Watches,INE280A01010,Titan Company Limited,2023-05-12 12:13:04,TITAN
12-May-2023 11:39:30,,https://nsearchives.nseindia.com/corporate/TITAN_12052023113930_LossofShareCertificate.pdf,Titan Company Limited has informed the Exchange about Loss of Share Certificates,,,Loss of Share Certificates,00:00:04,12052023113930,12-May-2023 11:39:34,-,False,,,105494505,Gems Jewellery And Watches,INE280A01010,Titan Company Limited,2023-05-12 11:39:30,TITAN
09-May-2023 16:53:44,,https://nsearchives.nseindia.com/corporate/TITAN_09052023165344_SEintimationsEarningsCallTranscript.pdf,Titan Company Limited has informed the Exchange about Transcript,,,Analysts/Institutional Investor Meet/Con. Call Updates,00:00:02,09052023165344,09-May-2023 16:53:46,-,False,,,105490675,Gems Jewellery And Watches,INE280A01010,Titan Company Limited,2023-05-09 16:53:44,TITAN
09-May-2023 14:40:35,,https://nsearchives.nseindia.com/corporate/TITAN_09052023144035_SEIntimationlossofShareCertificate.pdf,Titan Company Limited has informed the Exchange about Loss of Share Certificates,,,Loss of Share Certificates,00:00:07,09052023144035,09-May-2023 14:40:42,-,False,,,105490397,Gems Jewellery And Watches,INE280A01010,Titan Company Limited,2023-05-09 14:40:35,TITAN
09-May-2023 14:09:31,,https://nsearchives.nseindia.com/corporate/TITAN_09052023140931_RPTQ431stMarch2023.pdf,Titan Company Limited has informed the Exchange about related Party Transactions,,,Related Party Transactions,00:00:02,09052023140931,09-May-2023 14:09:33,-,False,,,105490377,Gems Jewellery And Watches,INE280A01010,Titan Company Limited,2023-05-09 14:09:31,TITAN
04-May-2023 13:53:02,,https://nsearchives.nseindia.com/corporate/TITAN_04052023135302_SEintimationsNewspaperPublication03052023.pdf,Titan Company Limited has informed the Exchange about Copy of Newspaper Publication,,,Copy of Newspaper Publication,00:00:05,04052023135302,04-May-2023 13:53:07,-,False,,,105486109,Gems Jewellery And Watches,INE280A01010,Titan Company Limited,2023-05-04 13:53:02,TITAN
03-May-2023 19:34:54,,https://nsearchives.nseindia.com/corporate/TITAN_03052023193454_SEanalystcallrecord.pdf,Titan Company Limited has informed the Exchange about Link of Recording,,,Analysts/Institutional Investor Meet/Con. Call Updates,00:00:02,03052023193454,03-May-2023 19:34:56,-,False,,,105485323,Gems Jewellery And Watches,INE280A01010,Titan Company Limited,2023-05-03 19:34:54,TITAN
03-May-2023 16:52:17,,https://nsearchives.nseindia.com/corporate/TITAN_03052023165217_SEstockoption.pdf,Titan Company Limited has informed the Exchange regarding 'Grant of Performance Stock Units (PSUs) under Titan Company LimitedPerformance Based Stock Unit Scheme 2023 (hereinafter referred to as  Scheme2023 )'.,,,Updates,00:00:04,03052023165217,03-May-2023 16:52:21,-,False,,,105485056,Gems Jewellery And Watches,INE280A01010,Titan Company Limited,2023-05-03 16:52:17,TITAN
03-May-2023 16:40:52,,https://nsearchives.nseindia.com/corporate/TITAN_03052023164052_SEinvestorpresentation.pdf,Titan Company Limited has informed the Exchange about Investor Presentation,,,Investor Presentation,00:00:04,03052023164052,03-May-2023 16:40:56,-,False,,,105485038,Gems Jewellery And Watches,INE280A01010,Titan Company Limited,2023-05-03 16:40:52,TITAN
03-May-2023 16:32:49,,https://nsearchives.nseindia.com/corporate/SEquickresultQ4_03052023163249.pdf,"Titan Company Limited has submitted to the Exchange, the financial results for the period ended March 31, 2023.",,,Financial Result Updates,00:00:08,03052023163249,03-May-2023 16:32:57,-,False,,,152721,Gems Jewellery And Watches,INE280A01010,Titan Company Limited,2023-05-03 16:32:49,TITAN
03-May-2023 16:20:18,,https://nsearchives.nseindia.com/corporate/TITAN_03052023162018_SEoutcomeofboardmeetingQ4.pdf,"Titan Company Limited has informed the Exchange that Board of Directors at its meeting held on May 03, 2023, recommended Final Dividend of 10 per equity share.",,,Dividend,00:00:04,03052023162018,03-May-2023 16:20:22,-,False,,,105485005,Gems Jewellery And Watches,INE280A01010,Titan Company Limited,2023-05-03 16:20:18,TITAN
29-Apr-2023 20:48:58,,https://nsearchives.nseindia.com/corporate/TITAN_29042023204858_SEduplicateshares29042023.pdf,Titan Company Limited has informed the Exchange about Loss of Share Certificates,,,Loss of Share Certificates,00:00:02,29042023204858,29-Apr-2023 20:49:00,-,False,,,105482805,Gems Jewellery And Watches,INE280A01010,Titan Company Limited,2023-04-29 20:48:58,TITAN
29-Apr-2023 20:43:39,,https://nsearchives.nseindia.com/corporate/TITAN_29042023204339_ICRAcreditratingupdate29042023.pdf,Titan Company Limited has informed the Exchange about Credit Rating,,,Credit Rating,00:00:05,29042023204339,29-Apr-2023 20:43:44,-,False,,,105482804,Gems Jewellery And Watches,INE280A01010,Titan Company Limited,2023-04-29 20:43:39,TITAN
25-Apr-2023 17:06:25,,https://nsearchives.nseindia.com/corporate/TITAN_25042023170625_SElossoshares25042023.pdf,Titan Company Limited has informed the Exchange about Loss of Share Certificates,,,Loss of Share Certificates,00:00:04,25042023170625,25-Apr-2023 17:06:29,-,False,,,105477863,Gems Jewellery And Watches,INE280A01010,Titan Company Limited,2023-04-25 17:06:25,TITAN
20-Apr-2023 15:35:43,,https://nsearchives.nseindia.com/corporate/TITAN_20042023153543_SEearningcallQ4.pdf,Titan Company Limited has informed the Exchange about Earnings call for Q4 and year ended FY 2022-23,,,Analysts/Institutional Investor Meet/Con. Call Updates,00:00:10,20042023153543,20-Apr-2023 15:35:53,-,False,,,105473915,Gems Jewellery And Watches,INE280A01010,Titan Company Limited,2023-04-20 15:35:43,TITAN
13-Apr-2023 14:56:57,,https://nsearchives.nseindia.com/corporate/TITAN_13042023145657_SERegulation745.pdf,"Titan Company Limited has informed the Exchange about the Certificate under Regulation 74 (5) of the SEBI (Depositories and Participants) Regulations, 2018 for the quarter ended March 31, 2023",,,"Certificate under SEBI (Depositories and Participants) Regulations, 2018",00:00:08,13042023145657,13-Apr-2023 14:57:05,-,False,,,105468941,Gems Jewellery And Watches,INE280A01010,Titan Company Limited,2023-04-13 14:56:57,TITAN
07-Apr-2023 15:20:50,,https://nsearchives.nseindia.com/corporate/TITAN_07042023152050_SEduplicateshares07042023.pdf,Titan Company Limited has informed the Exchange about Loss of Share Certificates,,,Loss of Share Certificates,00:00:05,07042023152050,07-Apr-2023 15:20:55,-,False,,,105464073,Gems Jewellery And Watches,INE280A01010,Titan Company Limited,2023-04-07 15:20:50,TITAN
07-Apr-2023 15:12:11,,https://nsearchives.nseindia.com/corporate/TITAN_07042023151212_SElossoshares07042023.pdf,Titan Company Limited has informed the Exchange about Loss of Share Certificates,,,Loss of Share Certificates,00:00:11,07042023151211,07-Apr-2023 15:12:22,-,False,,,105464063,Gems Jewellery And Watches,INE280A01010,Titan Company Limited,2023-04-07 15:12:11,TITAN
06-Apr-2023 16:48:27,,https://nsearchives.nseindia.com/corporate/TITAN_06042023164827_SEupdateQ4.pdf,Titan Company Limited has informed the Exchange regarding 'Quarterly Update   Q4 FY 2022-23'.,,,Updates,00:00:04,06042023164827,06-Apr-2023 16:48:31,-,False,,,105463317,Gems Jewellery And Watches,INE280A01010,Titan Company Limited,2023-04-06 16:48:27,TITAN
04-Apr-2023 17:02:31,,https://nsearchives.nseindia.com/corporate/TITAN_04042023170232_SEtowardsIssueofduplicateShareCertificate.pdf,Titan Company Limited has informed the Exchange about Loss of Share Certificates,,,Loss of Share Certificates,00:00:05,04042023170231,04-Apr-2023 17:02:36,-,False,,,105461646,Gems Jewellery And Watches,INE280A01010,Titan Company Limited,2023-04-04 17:02:31,TITAN
29-Mar-2023 16:42:48,,https://nsearchives.nseindia.com/corporate/TITAN_29032023164248_SElossofshares29032023.pdf,Titan Company Limited has informed the Exchange about Loss of Share Certificates,,,Loss of Share Certificates,00:00:03,29032023164248,29-Mar-2023 16:42:51,-,False,,,105456547,Gems Jewellery And Watches,INE280A01010,Titan Company Limited,2023-03-29 16:42:48,TITAN
27-Mar-2023 17:55:20,,https://nsearchives.nseindia.com/corporate/TITAN_27032023175520_NewspaperadvertisementfortransferofequitysharestoIEPF.pdf,Titan Company Limited has informed the Exchange about Copy of Newspaper Publication for transfer of equity shares to IEPF.,,,Copy of Newspaper Publication,00:00:05,27032023175520,27-Mar-2023 17:55:25,-,False,,,105454480,Gems Jewellery And Watches,INE280A01010,Titan Company Limited,2023-03-27 17:55:20,TITAN
24-Mar-2023 20:10:01,,https://nsearchives.nseindia.com/corporate/TITAN_24032023201001_SElossofshare24032023.pdf,Titan Company Limited has informed the Exchange about Loss of Share Certificates,,,Loss of Share Certificates,00:00:02,24032023201001,24-Mar-2023 20:10:03,-,False,,,105453251,Gems Jewellery And Watches,INE280A01010,Titan Company Limited,2023-03-24 20:10:01,TITAN
24-Mar-2023 07:45:24,,https://nsearchives.nseindia.com/corporate/TITAN_24032023074524_SEwindowclosure.pdf,"Titan Company Limited has informed the Exchange regarding the Trading Window closure pursuant to SEBI (Prohibition of Insider Trading) Regulations, 2015",,,Trading Window,00:00:05,24032023074524,24-Mar-2023 07:45:29,-,False,,,105452619,Gems Jewellery And Watches,INE280A01010,Titan Company Limited,2023-03-24 07:45:24,TITAN
22-Mar-2023 11:35:38,,https://nsearchives.nseindia.com/corporate/TITAN_22032023113538_SEvotingresult.pdf,"Titan Company Limited has informed the Exchange regarding Proceedings of Postal Ballot. Further, the company has submitted the Exchange a copy of Srutinizers report along with voting results.",,,Shareholders meeting,00:00:06,22032023113538,22-Mar-2023 11:35:44,-,False,,,105451222,Gems Jewellery And Watches,INE280A01010,Titan Company Limited,2023-03-22 11:35:38,TITAN
21-Mar-2023 16:56:43,,https://nsearchives.nseindia.com/corporate/TITAN_21032023165643_SElossofshares21032023.pdf,Titan Company Limited has informed the Exchange about Loss of Share Certificates,,,Loss of Share Certificates,00:00:01,21032023165643,21-Mar-2023 16:56:44,-,False,,,105450573,Gems Jewellery And Watches,INE280A01010,Titan Company Limited,2023-03-21 16:56:43,TITAN
17-Mar-2023 16:23:15,,https://nsearchives.nseindia.com/corporate/TITAN_17032023162315_StopTransferIntimation17032023.pdf,Titan Company Limited has informed the Exchange about Loss of Share Certificates,,,Loss of Share Certificates,00:00:05,17032023162315,17-Mar-2023 16:23:20,-,False,,,105448462,Gems Jewellery And Watches,INE280A01010,Titan Company Limited,2023-03-17 16:23:15,TITAN
16-Mar-2023 17:39:58,,https://nsearchives.nseindia.com/corporate/TITAN_16032023173958_StopTransferIntimation16032023.pdf,Titan Company Limited has informed the Exchange about Loss of Share Certificates,,,Loss of Share Certificates,00:00:34,16032023173958,16-Mar-2023 17:40:32,-,False,,,105447627,Gems Jewellery And Watches,INE280A01010,Titan Company Limited,2023-03-16 17:39:58,TITAN
14-Mar-2023 14:47:51,,https://nsearchives.nseindia.com/corporate/TITAN_14032023144751_AnalystInvestorMeetIntimation.pdf,Titan Company Limited has informed the Exchange about Schedule of meet,,,Analysts/Institutional Investor Meet/Con. Call Updates,00:00:08,14032023144751,14-Mar-2023 14:47:59,-,False,,,105445753,Gems Jewellery And Watches,INE280A01010,Titan Company Limited,2023-03-14 14:47:51,TITAN
03-Mar-2023 16:35:09,,https://nsearchives.nseindia.com/corporate/TITAN_03032023163509_AnalystInvestorMeetIntimation.pdf,Titan Company Limited has informed the Exchange about Schedule of meet,,,Analysts/Institutional Investor Meet/Con. Call Updates,00:00:05,03032023163509,03-Mar-2023 16:35:14,-,False,,,105440130,Gems Jewellery And Watches,INE280A01010,Titan Company Limited,2023-03-03 16:35:09,TITAN
02-Mar-2023 14:27:44,,https://nsearchives.nseindia.com/corporate/TITAN_02032023142744_SElossofshares01032023.pdf,Titan Company Limited has informed the Exchange about Loss of Share Certificates,,,Loss of Share Certificates,00:00:04,02032023142744,02-Mar-2023 14:27:48,-,False,,,105439205,Gems Jewellery And Watches,INE280A01010,Titan Company Limited,2023-03-02 14:27:44,TITAN
24-Feb-2023 15:03:44,,https://nsearchives.nseindia.com/corporate/TITAN_24022023150344_SElossofshares240223.pdf,Titan Company Limited has informed the Exchange about Loss of Share Certificates,,,Loss of Share Certificates,00:00:11,24022023150344,24-Feb-2023 15:03:55,-,False,,,105435411,Gems Jewellery And Watches,INE280A01010,Titan Company Limited,2023-02-24 15:03:44,TITAN
24-Feb-2023 14:54:45,,https://nsearchives.nseindia.com/corporate/TITAN_24022023145445_SE87investormeet.pdf,Titan Company Limited has informed the Exchange about Schedule of meet,,,Analysts/Institutional Investor Meet/Con. Call Updates,00:00:07,24022023145445,24-Feb-2023 14:54:52,-,False,,,105435404,Gems Jewellery And Watches,INE280A01010,Titan Company Limited,2023-02-24 14:54:45,TITAN
23-Feb-2023 18:46:01,,https://nsearchives.nseindia.com/corporate/TITAN_23022023184601_SE86flagliquidation.pdf,"Titan Company Limited has informed the Exchange regarding 'Intimation under Regulation 30 of SEBI (Listing Obligations and DisclosureRequirements) Regulations, 2015'.",,,Updates,00:00:06,23022023184601,23-Feb-2023 18:46:07,-,False,,,105434731,Gems Jewellery And Watches,INE280A01010,Titan Company Limited,2023-02-23 18:46:01,TITAN
20-Feb-2023 16:52:15,,https://nsearchives.nseindia.com/corporate/TITAN_20022023165215_SElossofshares20022023.pdf,Titan Company Limited has informed the Exchange about Loss of Share Certificates,,,Loss of Share Certificates,00:00:03,20022023165215,20-Feb-2023 16:52:18,-,False,,,105432034,Gems Jewellery And Watches,INE280A01010,Titan Company Limited,2023-02-20 16:52:15,TITAN
19-Feb-2023 22:03:39,,https://nsearchives.nseindia.com/corporate/TITAN_19022023220339_SE85investormeet.pdf,Titan Company Limited has informed the Exchange about Schedule of meet,,,Analysts/Institutional Investor Meet/Con. Call Updates,00:00:02,19022023220339,19-Feb-2023 22:03:41,-,False,,,105431420,Gems Jewellery And Watches,INE280A01010,Titan Company Limited,2023-02-19 22:03:39,TITAN
17-Feb-2023 15:53:31,,https://nsearchives.nseindia.com/corporate/TITAN_17022023155331_SEnewspapernoticeonpostalballot.pdf,Titan Company Limited has informed the Exchange about Copy of Newspaper Publication   Notice of Postal Ballot,,,Copy of Newspaper Publication,00:00:03,17022023155331,17-Feb-2023 15:53:34,-,False,,,105430767,Gems Jewellery And Watches,INE280A01010,Titan Company Limited,2023-02-17 15:53:31,TITAN
16-Feb-2023 16:52:54,,https://nsearchives.nseindia.com/corporate/TITAN_16022023165254_SElossofshares16022023.pdf,Titan Company Limited has informed the Exchange about Loss of Share Certificates,,,Loss of Share Certificates,00:00:04,16022023165254,16-Feb-2023 16:52:58,-,False,,,105429898,Gems Jewellery And Watches,INE280A01010,Titan Company Limited,2023-02-16 16:52:54,TITAN
16-Feb-2023 09:54:32,,https://nsearchives.nseindia.com/corporate/TITAN_16022023095432_SEpostalballotnotice.pdf,Titan Company Limited has informed the Exchange regarding Notice of Postal Ballot,,,Shareholders meeting,00:00:06,16022023095432,16-Feb-2023 09:54:38,-,False,,,105429178,Gems Jewellery And Watches,INE280A01010,Titan Company Limited,2023-02-16 09:54:32,TITAN
10-Feb-2023 12:45:45,,https://nsearchives.nseindia.com/corporate/TITAN_10022023124544_SEtrustdeed.pdf,Titan Company Limited has informed the Exchange regarding 'Titan Employee Stock Option Trust - Trust Deed'.,,,Updates,00:00:09,10022023124545,10-Feb-2023 12:45:54,-,False,,,105423540,Gems Jewellery And Watches,INE280A01010,Titan Company Limited,2023-02-10 12:45:45,TITAN
09-Feb-2023 14:22:58,,https://nsearchives.nseindia.com/corporate/TITAN_09022023142258_SEduplicateshare09022023.pdf,Titan Company Limited has informed the Exchange about Loss of Share Certificates,,,Loss of Share Certificates,00:00:04,09022023142258,09-Feb-2023 14:23:02,-,False,,,105422481,Gems Jewellery And Watches,INE280A01010,Titan Company Limited,2023-02-09 14:22:58,TITAN
09-Feb-2023 14:18:06,,https://nsearchives.nseindia.com/corporate/TITAN_09022023141806_SE81investormeeting.pdf,Titan Company Limited has informed the Exchange about Schedule of meet,,,Analysts/Institutional Investor Meet/Con. Call Updates,00:00:07,09022023141806,09-Feb-2023 14:18:13,-,False,,,105422473,Gems Jewellery And Watches,INE280A01010,Titan Company Limited,2023-02-09 14:18:06,TITAN
08-Feb-2023 21:13:07,,https://nsearchives.nseindia.com/corporate/TITAN_08022023211307_SElossofshares08022023.pdf,Titan Company Limited has informed the Exchange about Loss of Share Certificates,,,Loss of Share Certificates,00:00:06,08022023211307,08-Feb-2023 21:13:13,-,False,,,105421793,Gems Jewellery And Watches,INE280A01010,Titan Company Limited,2023-02-08 21:13:07,TITAN
08-Feb-2023 21:09:52,,https://nsearchives.nseindia.com/corporate/TITAN_08022023210952_SEintimationofwithdrawalofratingco.pdf,Titan Company Limited has informed the Exchange about Credit Rating,,,Credit Rating,00:00:03,08022023210952,08-Feb-2023 21:09:55,-,False,,,105421791,Gems Jewellery And Watches,INE280A01010,Titan Company Limited,2023-02-08 21:09:52,TITAN
08-Feb-2023 20:58:13,,https://nsearchives.nseindia.com/corporate/TITAN_08022023205813_SEcalltranscriptQ3.pdf,Titan Company Limited has informed the Exchange about Earnings Call Transcripts,,,Analysts/Institutional Investor Meet/Con. Call Updates,00:00:04,08022023205813,08-Feb-2023 20:58:17,-,False,,,105421787,Gems Jewellery And Watches,INE280A01010,Titan Company Limited,2023-02-08 20:58:13,TITAN
03-Feb-2023 17:44:46,,https://nsearchives.nseindia.com/corporate/TITAN_03022023174446_SE78analystmeeting.pdf,Titan Company Limited has informed the Exchange about Schedule of meet,,,Analysts/Institutional Investor Meet/Con. Call Updates,00:00:04,03022023174446,03-Feb-2023 17:44:50,-,False,,,105417093,Gems Jewellery And Watches,INE280A01010,Titan Company Limited,2023-02-03 17:44:46,TITAN
03-Feb-2023 15:55:30,,https://nsearchives.nseindia.com/corporate/TITAN_03022023155530_SE77newspaperad.pdf,Titan Company Limited has informed the Exchange about Copy of Newspaper Publication,,,Copy of Newspaper Publication,00:00:07,03022023155530,03-Feb-2023 15:55:37,-,False,,,105416827,Gems Jewellery And Watches,INE280A01010,Titan Company Limited,2023-02-03 15:55:30,TITAN
02-Feb-2023 19:36:57,,https://nsearchives.nseindia.com/corporate/TITAN_02022023193657_SECallAudiorecordingQ3.pdf,Titan Company Limited has informed the Exchange about Link of Recording,,,Analysts/Institutional Investor Meet/Con. Call Updates,00:00:03,02022023193657,02-Feb-2023 19:37:00,-,False,,,105415862,Gems Jewellery And Watches,INE280A01010,Titan Company Limited,2023-02-02 19:36:57,TITAN
02-Feb-2023 15:25:25,,https://nsearchives.nseindia.com/corporate/TITAN_02022023152525_SEearningcallpresentationQ3.pdf,Titan Company Limited has informed the Exchange about Investor Presentation,,,Investor Presentation,00:00:07,02022023152525,02-Feb-2023 15:25:32,-,False,,,105415391,Gems Jewellery And Watches,INE280A01010,Titan Company Limited,2023-02-02 15:25:25,TITAN
02-Feb-2023 15:14:49,,https://nsearchives.nseindia.com/corporate/TITAN_02022023151449_SEbmoutcomeQ3.pdf,"Titan Company Limited has informed the Exchange regarding  Board meeting held on February 02, 2023.",,,Outcome of Board Meeting,00:00:04,02022023151449,02-Feb-2023 15:14:53,-,False,,,105415369,Gems Jewellery And Watches,INE280A01010,Titan Company Limited,2023-02-02 15:14:49,TITAN
02-Feb-2023 14:56:51,,https://nsearchives.nseindia.com/corporate/SEResultQ32023_02022023145651.pdf,"Titan Company Limited has submitted to the Exchange, the financial results for the period ended December 31, 2022.",,,Financial Result Updates,00:00:04,02022023145651,02-Feb-2023 14:56:55,-,False,,,151051,Gems Jewellery And Watches,INE280A01010,Titan Company Limited,2023-02-02 14:56:51,TITAN
01-Feb-2023 18:56:37,,https://nsearchives.nseindia.com/corporate/TITAN_01022023185636_SEduplicateshare01022023.pdf,Titan Company Limited has informed the Exchange about Loss of Share Certificates,,,Loss of Share Certificates,00:00:04,01022023185637,01-Feb-2023 18:56:41,-,False,,,105414510,Gems Jewellery And Watches,INE280A01010,Titan Company Limited,2023-02-01 18:56:37,TITAN
01-Feb-2023 18:56:36,,https://nsearchives.nseindia.com/corporate/TITAN_01022023185636_SElossofshares01022023.pdf,Titan Company Limited has informed the Exchange about Loss of Share Certificates,,,Loss of Share Certificates,00:00:05,01022023185636,01-Feb-2023 18:56:41,-,False,,,105414509,Gems Jewellery And Watches,INE280A01010,Titan Company Limited,2023-02-01 18:56:36,TITAN
27-Jan-2023 18:07:10,,https://nsearchives.nseindia.com/corporate/TITAN_27012023180709_SElossofshares27012023.pdf,Titan Company Limited has informed the Exchange about Loss of Share Certificates,,,Loss of Share Certificates,00:00:06,27012023180710,27-Jan-2023 18:07:16,-,False,,,105410264,Gems Jewellery And Watches,INE280A01010,Titan Company Limited,2023-01-27 18:07:10,TITAN
27-Jan-2023 18:07:09,,https://nsearchives.nseindia.com/corporate/TITAN_27012023180709_SEduplicateshare27012023.pdf,Titan Company Limited has informed the Exchange about Loss of Share Certificates,,,Loss of Share Certificates,00:00:06,27012023180709,27-Jan-2023 18:07:15,-,False,,,105410263,Gems Jewellery And Watches,INE280A01010,Titan Company Limited,2023-01-27 18:07:09,TITAN
20-Jan-2023 16:31:34,,https://nsearchives.nseindia.com/corporate/TITAN_20012023163134_SE72EarningsCallQ3.pdf,Titan Company Limited has informed the Exchange about third quarter earnings call for Q3 FY 2022-23,,,Analysts/Institutional Investor Meet/Con. Call Updates,00:00:04,20012023163134,20-Jan-2023 16:31:38,-,False,,,105405189,Gems Jewellery And Watches,INE280A01010,Titan Company Limited,2023-01-20 16:31:34,TITAN
18-Jan-2023 19:53:44,,https://nsearchives.nseindia.com/corporate/TITAN_18012023195343_SEduplicate18012023.pdf,Titan Company Limited has informed the Exchange about Loss of Share Certificates,,,Loss of Share Certificates,00:00:05,18012023195344,18-Jan-2023 19:53:49,-,False,,,105403458,Gems Jewellery And Watches,INE280A01010,Titan Company Limited,2023-01-18 19:53:44,TITAN
18-Jan-2023 19:53:43,,https://nsearchives.nseindia.com/corporate/TITAN_18012023195343_SElossofshares18012023.pdf,Titan Company Limited has informed the Exchange about Loss of Share Certificates,,,Loss of Share Certificates,00:00:03,18012023195343,18-Jan-2023 19:53:46,-,False,,,105403457,Gems Jewellery And Watches,INE280A01010,Titan Company Limited,2023-01-18 19:53:43,TITAN
13-Jan-2023 23:37:32,,https://nsearchives.nseindia.com/corporate/TITAN_13012023233732_SERegulation745.pdf,"Titan Company Limited has informed the Exchange about Certificate under SEBI (Depositories and Participants) Regulations, 2018",,,"Certificate under SEBI (Depositories and Participants) Regulations, 2018",00:00:04,13012023233732,13-Jan-2023 23:37:36,-,False,,,105400647,Gems Jewellery And Watches,INE280A01010,Titan Company Limited,2023-01-13 23:37:32,TITAN
13-Jan-2023 22:51:23,,https://nsearchives.nseindia.com/corporate/TITAN_13012023225122_SEduplicateshare13012023.pdf,Titan Company Limited has informed the Exchange about Loss of Share Certificates,,,Loss of Share Certificates,00:00:04,13012023225123,13-Jan-2023 22:51:27,-,False,,,105400637,Gems Jewellery And Watches,INE280A01010,Titan Company Limited,2023-01-13 22:51:23,TITAN
13-Jan-2023 22:51:22,,https://nsearchives.nseindia.com/corporate/TITAN_13012023225122_SElossofshares13012023.pdf,Titan Company Limited has informed the Exchange about Loss of Share Certificates,,,Loss of Share Certificates,00:00:03,13012023225122,13-Jan-2023 22:51:25,-,False,,,105400636,Gems Jewellery And Watches,INE280A01010,Titan Company Limited,2023-01-13 22:51:22,TITAN
10-Jan-2023 20:35:49,,https://nsearchives.nseindia.com/corporate/TITAN_10012023203548_SEduplicate10012023.pdf,Titan Company Limited has informed the Exchange about Loss of Share Certificates,,,Loss of Share Certificates,00:00:05,10012023203549,10-Jan-2023 20:35:54,-,False,,,105397660,Gems Jewellery And Watches,INE280A01010,Titan Company Limited,2023-01-10 20:35:49,TITAN
10-Jan-2023 20:35:48,,https://nsearchives.nseindia.com/corporate/TITAN_10012023203548_SElossofshares10012023.pdf,Titan Company Limited has informed the Exchange about Loss of Share Certificates,,,Loss of Share Certificates,00:00:06,10012023203548,10-Jan-2023 20:35:54,-,False,,,105397659,Gems Jewellery And Watches,INE280A01010,Titan Company Limited,2023-01-10 20:35:48,TITAN
10-Jan-2023 12:11:24,,https://nsearchives.nseindia.com/corporate/TITAN_10012023121124_SEratingfromCARE.pdf,Titan Company Limited has informed the Exchange about Credit Rating,,,Credit Rating,00:00:04,10012023121124,10-Jan-2023 12:11:28,-,False,,,105397200,Gems Jewellery And Watches,INE280A01010,Titan Company Limited,2023-01-10 12:11:24,TITAN
06-Jan-2023 20:10:41,,https://nsearchives.nseindia.com/corporate/TITAN_06012023201041_SE68updateq3.pdf,Titan Company Limited has informed the Exchange regarding 'Quarterly Update   Q3 FY 2022-23'.,,,Updates,00:00:02,06012023201041,06-Jan-2023 20:10:43,-,False,,,105395217,Gems Jewellery And Watches,INE280A01010,Titan Company Limited,2023-01-06 20:10:41,TITAN
04-Jan-2023 16:13:35,,https://nsearchives.nseindia.com/corporate/TITAN_04012023161335_SEappointmentofdirector.pdf,"Titan Company Limited has informed the Exchange regarding Appointment of Ms Mariam Pallavi Baldev as Non- Execut of the company w.e.f. January 04, 2023.",,,Appointment,00:00:05,04012023161335,04-Jan-2023 16:13:40,-,False,,,105393184,Gems Jewellery And Watches,INE280A01010,Titan Company Limited,2023-01-04 16:13:35,TITAN
03-Jan-2023 16:33:50,,https://nsearchives.nseindia.com/corporate/TITAN_03012023163349_SElossofshares03012023.pdf,Titan Company Limited has informed the Exchange about Loss of Share Certificates,,,Loss of Share Certificates,00:00:02,03012023163350,03-Jan-2023 16:33:52,-,False,,,105392301,Gems Jewellery And Watches,INE280A01010,Titan Company Limited,2023-01-03 16:33:50,TITAN
29-Dec-2022 16:15:40,,https://nsearchives.nseindia.com/corporate/TITAN_29122022161539_SElossofshares29122022.pdf,Titan Company Limited has informed the Exchange about Loss of Share Certificates,,,Loss of Share Certificates,00:00:05,29122022161540,29-Dec-2022 16:15:45,-,False,,,105388587,Gems Jewellery And Watches,INE280A01010,Titan Company Limited,2022-12-29 16:15:40,TITAN
29-Dec-2022 16:15:40,,https://nsearchives.nseindia.com/corporate/TITAN_29122022161539_SEDuplicateshare29122022.pdf,Titan Company Limited has informed the Exchange about Loss of Share Certificates,,,Loss of Share Certificates,00:00:05,29122022161540,29-Dec-2022 16:15:45,-,False,,,105388588,Gems Jewellery And Watches,INE280A01010,Titan Company Limited,2022-12-29 16:15:40,TITAN
19-Dec-2022 15:53:48,,https://nsearchives.nseindia.com/corporate/TITAN_19122022155348_SE66windowclosing.pdf,"Titan Company Limited has informed the Exchange regarding the Trading Window closure pursuant to SEBI (Prohibition of Insider Trading) Regulations, 2015",,,Trading Window,00:00:04,19122022155348,19-Dec-2022 15:53:52,-,False,,,105381372,Gems Jewellery And Watches,INE280A01010,Titan Company Limited,2022-12-19 15:53:48,TITAN
16-Dec-2022 16:49:00,,https://nsearchives.nseindia.com/corporate/TITAN_16122022164900_SEduplicate16.12.2022.pdf,"Titan Company Limited has informed the Exchange about issue of Duplicate Share Certificate under Regulation 39(3) ofSEBI (Listing Obligations and Disclosure Requirements) Regulations, 2015.",,,Loss of share certificate,00:00:03,16122022164900,16-Dec-2022 16:49:03,-,False,,,5131356,Gems Jewellery And Watches,INE280A01010,Titan Company Limited,2022-12-16 16:49:00,TITAN
09-Dec-2022 16:43:30,,https://nsearchives.nseindia.com/corporate/TITAN_09122022164330_SE65investormeeting.pdf,Titan Company Limited has informed the Exchange about Schedule of Analysts/Institutional Investor Meet/Con. Call ,,,Schedule of Analysts/Institutional Investor Meet/Con. Call,00:00:03,09122022164330,09-Dec-2022 16:43:33,-,False,,,5129497,Gems Jewellery And Watches,INE280A01010,Titan Company Limited,2022-12-09 16:43:30,TITAN
09-Dec-2022 16:42:03,,https://nsearchives.nseindia.com/corporate/TITAN_09122022164203_SElossofshare9.12.2022.pdf,"Titan Company Limited has informed the Exchange about Loss of share certificate under Regulation 39(3) of SEBI (ListingObligations and Disclosure Requirements) Regulations, 2015.",,,Loss of share certificate,00:00:06,09122022164203,09-Dec-2022 16:42:09,-,False,,,5129548,Gems Jewellery And Watches,INE280A01010,Titan Company Limited,2022-12-09 16:42:03,TITAN
09-Dec-2022 16:41:06,,https://nsearchives.nseindia.com/corporate/TITAN_09122022164106_SEduplicate9.12.2022.pdf,"Titan Company Limited has informed the Exchange about issue of Duplicate Share Certificate under Regulation 39(3) ofSEBI (Listing Obligations and Disclosure Requirements) Regulations, 2015",,,Loss of share certificate,00:00:02,09122022164106,09-Dec-2022 16:41:08,-,False,,,5129547,Gems Jewellery And Watches,INE280A01010,Titan Company Limited,2022-12-09 16:41:06,TITAN
02-Dec-2022 17:27:27,,https://nsearchives.nseindia.com/corporate/TITAN_02122022172727_SE64Investormeeting.pdf,Titan Company Limited has informed the Exchange about Schedule of Analysts/Institutional Investor Meet/Con. Call ,,,Schedule of Analysts/Institutional Investor Meet/Con. Call,00:00:02,02122022172727,02-Dec-2022 17:27:29,-,False,,,5127617,Gems Jewellery And Watches,INE280A01010,Titan Company Limited,2022-12-02 17:27:27,TITAN
02-Dec-2022 17:24:00,,https://nsearchives.nseindia.com/corporate/TITAN_02122022172400_SE63newstepdownsubsidiary.pdf,Titan Company Limited has informed the Exchange about Incorporation of a new step down subsidiary.,,,Acquisition,00:00:03,02122022172400,02-Dec-2022 17:24:03,-,False,,,5127605,Gems Jewellery And Watches,INE280A01010,Titan Company Limited,2022-12-02 17:24:00,TITAN
25-Nov-2022 21:30:45,,https://nsearchives.nseindia.com/corporate/TITAN_25112022213045_SEDuplicateshare25112022.pdf,"Titan Company Limited has informed the Exchange about issue of Duplicate Share Certificate under Regulation 39(3) ofSEBI (Listing Obligations and Disclosure Requirements) Regulations, 2015",,,Loss of share certificate,00:00:02,25112022213045,25-Nov-2022 21:30:47,-,False,,,5125628,Gems Jewellery And Watches,INE280A01010,Titan Company Limited,2022-11-25 21:30:45,TITAN
21-Nov-2022 19:58:24,,https://nsearchives.nseindia.com/corporate/TITAN_21112022195824_SE62investormeeting.pdf,Titan Company Limited has informed the Exchange about Schedule of Analysts/Institutional Investor Meet/Con. Call ,,,Schedule of Analysts/Institutional Investor Meet/Con. Call,00:00:04,21112022195824,21-Nov-2022 19:58:28,-,False,,,5123568,Gems Jewellery And Watches,INE280A01010,Titan Company Limited,2022-11-21 19:58:24,TITAN
10-Nov-2022 10:58:27,,https://nsearchives.nseindia.com/corporate/TITAN_10112022105827_SE70transcript.pdf,Titan Company Limited has informed the Exchange about Transcript of Analysts/Institutional Investor Meet/Con. Call ,,,Transcript of Analysts/Institutional Investor Meet/Con. Call,00:00:05,10112022105827,10-Nov-2022 10:58:32,-,False,,,5116120,Gems Jewellery And Watches,INE280A01010,Titan Company Limited,2022-11-10 10:58:27,TITAN
07-Nov-2022 19:02:48,,https://nsearchives.nseindia.com/corporate/TITAN_07112022190248_SEduplicateshare71121.pdf,"Titan Company Limited has informed the Exchange about issue of Duplicate Share Certificate under Regulation 39(3) of SEBI (Listing Obligations and Disclosure Requirements) Regulations, 2015.",,,Loss of share certificate,00:00:10,07112022190248,07-Nov-2022 19:02:58,-,False,,,5114610,Gems Jewellery And Watches,INE280A01010,Titan Company Limited,2022-11-07 19:02:48,TITAN
07-Nov-2022 18:59:51,,https://nsearchives.nseindia.com/corporate/TITAN_07112022185951_SE59investormeeting.pdf,Titan Company Limited has informed the Exchange about Schedule of Analysts/Institutional Investor Meet/Con. Call ,,,Schedule of Analysts/Institutional Investor Meet/Con. Call,00:00:20,07112022185951,07-Nov-2022 19:00:11,-,False,,,5114569,Gems Jewellery And Watches,INE280A01010,Titan Company Limited,2022-11-07 18:59:51,TITAN
07-Nov-2022 18:57:45,,https://nsearchives.nseindia.com/corporate/TITAN_07112022185745_SE58newspaperad.pdf,Titan Company Limited has informed the Exchange about Newspaper publication for unaudited financial results for the second quarter and half year ended 30th September 2022.,,,Newspaper Advertisements,00:00:09,07112022185745,07-Nov-2022 18:57:54,-,False,,,5114568,Gems Jewellery And Watches,INE280A01010,Titan Company Limited,2022-11-07 18:57:45,TITAN
04-Nov-2022 19:37:36,,https://nsearchives.nseindia.com/corporate/TITAN_04112022193736_SE57callrecording.pdf,Titan Company Limited has informed the Exchange about Recording of Analysts/Institutional Investor Meet/Con. Call,,,Recording of Analysts/Institutional Investor Meet/Con. Call,00:00:02,04112022193736,04-Nov-2022 19:37:38,-,False,,,5113457,Gems Jewellery And Watches,INE280A01010,Titan Company Limited,2022-11-04 19:37:36,TITAN
04-Nov-2022 16:20:45,,https://nsearchives.nseindia.com/corporate/TITAN_04112022162045_SE56earningcallQ2.pdf,Titan Company Limited has informed the Exchange about Second quarter earnings call for FY 2022-23 ��� Investors Presentation,,,Investor Presentation,00:00:04,04112022162045,04-Nov-2022 16:20:49,-,False,,,5113063,Gems Jewellery And Watches,INE280A01010,Titan Company Limited,2022-11-04 16:20:45,TITAN
04-Nov-2022 15:45:57,,https://nsearchives.nseindia.com/corporate/TITAN_04112022154557_SE55resultQ2.pdf,Titan Company Limited  has informed the Exchange about Board Meeting held on 04-Nov-2022 to consider financial statements for the period ended September 2022,,,Outcome of Board Meeting,00:00:03,04112022154557,04-Nov-2022 15:46:00,-,False,,,5113015,Gems Jewellery And Watches,INE280A01010,Titan Company Limited,2022-11-04 15:45:57,TITAN
31-Oct-2022 21:53:06,,https://nsearchives.nseindia.com/corporate/TITAN_31102022215306_SElossofsharecertificate.pdf,"Titan Company Limited has informed the Exchange about Loss of share certificate under Regulation 39(3) of SEBI (ListingObligations and Disclosure Requirements) Regulations, 2015.",,,Loss of share certificate,00:00:03,31102022215306,31-Oct-2022 21:53:09,-,False,,,5110433,Gems Jewellery And Watches,INE280A01010,Titan Company Limited,2022-10-31 21:53:06,TITAN
31-Oct-2022 21:50:03,,https://nsearchives.nseindia.com/corporate/TITAN_31102022215003_SEduplicateshare.pdf,"Titan Company Limited has informed the Exchange about issue of Duplicate Share Certificate under Regulation 39(3) of SEBI (Listing Obligations and Disclosure Requirements) Regulations, 2015.",,,Loss of share certificate,00:00:08,31102022215003,31-Oct-2022 21:50:11,-,False,,,5110432,Gems Jewellery And Watches,INE280A01010,Titan Company Limited,2022-10-31 21:50:03,TITAN
25-Oct-2022 17:54:39,,https://nsearchives.nseindia.com/corporate/TITAN_25102022175439_SE54earningcallsQ2.pdf,Titan Company Limited has informed the Exchange about Second quarter earnings call for Q2 FY 2022-23,,,Schedule of Analysts/Institutional Investor Meet/Con. Call,00:00:03,25102022175439,25-Oct-2022 17:54:42,-,False,,,5108509,Gems Jewellery And Watches,INE280A01010,Titan Company Limited,2022-10-25 17:54:39,TITAN
06-Oct-2022 18:58:39,,https://nsearchives.nseindia.com/corporate/TITAN_06102022185839_SE53Quarterlyupdate.pdf,Titan Company Limited has informed the Exchange about Quarterly Update- Q2 FY 2022-23,,,General updates,00:00:03,06102022185839,06-Oct-2022 18:58:42,-,False,,,5101413,Gems Jewellery And Watches,INE280A01010,Titan Company Limited,2022-10-06 18:58:39,TITAN
21-Sep-2022 12:23:24,,https://nsearchives.nseindia.com/corporate/TITAN_21092022122324_SE51closureoftradingwindow.pdf,Titan Company Limited has informed the Exchange about Closure of trading window,,,Closure of trading window,00:00:12,21092022122324,21-Sep-2022 12:23:36,-,False,,,5093188,Gems Jewellery And Watches,INE280A01010,Titan Company Limited,2022-09-21 12:23:24,TITAN
16-Sep-2022 13:05:21,,https://nsearchives.nseindia.com/corporate/TITAN_16092022130521_SELossofshares16092022.pdf,"Titan Company Limited has informed the Exchange about Loss of share certificate under Regulation 39(3) of SEBI (ListingObligations and Disclosure Requirements) Regulations, 2015.",,,Loss of share certificate,00:00:06,16092022130521,16-Sep-2022 13:05:27,-,False,,,5091755,Gems Jewellery And Watches,INE280A01010,Titan Company Limited,2022-09-16 13:05:21,TITAN
16-Sep-2022 13:04:24,,https://nsearchives.nseindia.com/corporate/TITAN_16092022130424_SEduplicateshare16092022.pdf,"Titan Company Limited has informed the Exchange about issue of Duplicate Share Certificate under Regulation 39(3) ofSEBI (Listing Obligations and Disclosure Requirements) Regulations, 2015.",,,Loss of share certificate,00:00:03,16092022130424,16-Sep-2022 13:04:27,-,False,,,5091754,Gems Jewellery And Watches,INE280A01010,Titan Company Limited,2022-09-16 13:04:24,TITAN
16-Sep-2022 13:03:27,,https://nsearchives.nseindia.com/corporate/TITAN_16092022130327_SE50investormeet.pdf,Titan Company Limited has informed the Exchange about Schedule of Analysts/Institutional Investor Meet/Con. Call ,,,Schedule of Analysts/Institutional Investor Meet/Con. Call,00:00:04,16092022130327,16-Sep-2022 13:03:31,-,False,,,5091752,Gems Jewellery And Watches,INE280A01010,Titan Company Limited,2022-09-16 13:03:27,TITAN
10-Sep-2022 22:13:00,,https://nsearchives.nseindia.com/corporate/TITAN_10092022221300_SE49investormeeting.pdf,Titan Company Limited has informed the Exchange about Schedule of Analysts/Institutional Investor Meet/Con. Call ,,,Schedule of Analysts/Institutional Investor Meet/Con. Call,00:00:35,10092022221300,10-Sep-2022 22:13:35,-,False,,,5089899,Gems Jewellery And Watches,INE280A01010,Titan Company Limited,2022-09-10 22:13:00,TITAN
09-Sep-2022 16:13:39,,https://nsearchives.nseindia.com/corporate/TITAN_09092022161339_SELossofshares09092022.pdf,"Titan Company Limited has informed the Exchange about Loss of share certificate under Regulation 39(3) of SEBI (ListingObligations and Disclosure Requirements) Regulations, 2015.",,,Loss of share certificate,00:00:05,09092022161339,09-Sep-2022 16:13:44,-,False,,,5089407,Gems Jewellery And Watches,INE280A01010,Titan Company Limited,2022-09-09 16:13:39,TITAN
09-Sep-2022 16:12:12,,https://nsearchives.nseindia.com/corporate/TITAN_09092022161212_SEDuplicateshare09092022.pdf,"Titan Company Limited has informed the Exchange about issue of Duplicate Share Certificate under Regulation 39(3) ofSEBI (Listing Obligations and Disclosure Requirements) Regulations, 2015.",,,Loss of share certificate,00:00:03,09092022161212,09-Sep-2022 16:12:15,-,False,,,5089406,Gems Jewellery And Watches,INE280A01010,Titan Company Limited,2022-09-09 16:12:12,TITAN
03-Sep-2022 08:51:06,,https://nsearchives.nseindia.com/corporate/TITAN_03092022085106_SE48Investormeet.pdf,Titan Company Limited has informed the Exchange about Schedule of Analysts/Institutional Investor Meet/Con. Call ,,,Schedule of Analysts/Institutional Investor Meet/Con. Call,00:00:03,03092022085106,03-Sep-2022 08:51:09,-,False,,,5085872,Gems Jewellery And Watches,INE280A01010,Titan Company Limited,2022-09-03 08:51:06,TITAN
30-Aug-2022 23:15:24,,https://nsearchives.nseindia.com/corporate/TITAN_30082022231524_SE47investormeeting.pdf,Titan Company Limited has informed the Exchange about Schedule of Analysts/Institutional Investor Meet/Con. Call ,,,Schedule of Analysts/Institutional Investor Meet/Con. Call,00:00:04,30082022231524,30-Aug-2022 23:15:28,-,False,,,5084254,Gems Jewellery And Watches,INE280A01010,Titan Company Limited,2022-08-30 23:15:24,TITAN
18-Aug-2022 23:49:39,,https://nsearchives.nseindia.com/corporate/TITAN_18082022234939_SEduplicateshare.pdf,"Titan Company Limited has informed the Exchange about Duplicate Share Certificate under Regulation 39(3) of SEBI (Listing Obligations and Disclosure Requirements) Regulations, 2015.",,,Loss of share certificate,00:00:07,18082022234939,18-Aug-2022 23:49:46,-,False,,,5079560,Gems Jewellery And Watches,INE280A01010,Titan Company Limited,2022-08-18 23:49:39,TITAN
18-Aug-2022 23:48:27,,https://nsearchives.nseindia.com/corporate/TITAN_18082022234827_SElossofshares.pdf,"Titan Company Limited has informed the Exchange about Loss of share certificate under Regulation 39(3) of SEBI (Listing Obligations and Disclosure Requirements) Regulations, 2015.",,,Loss of share certificate,00:00:09,18082022234827,18-Aug-2022 23:48:36,-,False,,,5079559,Gems Jewellery And Watches,INE280A01010,Titan Company Limited,2022-08-18 23:48:27,TITAN
18-Aug-2022 23:44:12,,https://nsearchives.nseindia.com/corporate/TITAN_18082022234412_SE45analystmeeting.pdf,Titan Company Limited has informed the Exchange about Schedule of Analysts/Institutional Investor Meet/Con. Call ,,,Schedule of Analysts/Institutional Investor Meet/Con. Call,00:00:05,18082022234412,18-Aug-2022 23:44:17,-,False,,,5079549,Gems Jewellery And Watches,INE280A01010,Titan Company Limited,2022-08-18 23:44:12,TITAN
17-Aug-2022 16:55:21,,https://nsearchives.nseindia.com/corporate/TITAN_17082022165521_SEC45analystmeeting.pdf,Titan Company Limited has informed the Exchange about Schedule of Analysts/Institutional Investor Meet/Con. Call .,,,Schedule of Analysts/Institutional Investor Meet/Con. Call,00:00:02,17082022165521,17-Aug-2022 16:55:23,-,False,,,5078894,Gems Jewellery And Watches,INE280A01010,Titan Company Limited,2022-08-17 16:55:21,TITAN
12-Aug-2022 15:58:57,,https://nsearchives.nseindia.com/corporate/TITAN_12082022155857_SE44newspaperforIEPF.pdf,Titan Company Limited has informed the Exchange about Newspaper Advertisements for transfer of shares to IEPF.,,,Newspaper Advertisements,00:00:04,12082022155857,12-Aug-2022 15:59:01,-,False,,,5076590,Gems Jewellery And Watches,INE280A01010,Titan Company Limited,2022-08-12 15:58:57,TITAN
12-Aug-2022 15:57:54,,https://nsearchives.nseindia.com/corporate/TITAN_12082022155754_SE43earningcalltranscript.pdf,Titan Company Limited has informed the Exchange about Transcript of Analysts/Institutional Investor Meet/Con. Call ,,,Transcript of Analysts/Institutional Investor Meet/Con. Call,00:00:04,12082022155754,12-Aug-2022 15:57:58,-,False,,,5076588,Gems Jewellery And Watches,INE280A01010,Titan Company Limited,2022-08-12 15:57:54,TITAN
09-Aug-2022 23:55:42,,https://nsearchives.nseindia.com/corporate/TITAN_09082022235542_Issueofduplicateshare.pdf,"Titan Company Limited has informed the Exchange about issue of Duplicate Share Certificate under Regulation 39(3) ofSEBI (Listing Obligations and Disclosure Requirements) Regulations, 2015.",,,Loss of share certificate,00:00:05,09082022235542,09-Aug-2022 23:55:47,-,False,,,5074176,Gems Jewellery And Watches,INE280A01010,Titan Company Limited,2022-08-09 23:55:42,TITAN
09-Aug-2022 23:53:30,,https://nsearchives.nseindia.com/corporate/TITAN_09082022235330_Lossofsharecertificate8822.pdf,"Titan Company Limited has informed the Exchange about Loss of share certificate under Regulation 39(3) of SEBI (Listing Obligations and Disclosure Requirements) Regulations, 2015.",,,Loss of share certificate,00:00:03,09082022235330,09-Aug-2022 23:53:33,-,False,,,5074174,Gems Jewellery And Watches,INE280A01010,Titan Company Limited,2022-08-09 23:53:30,TITAN
09-Aug-2022 23:47:09,,https://nsearchives.nseindia.com/corporate/TITAN_09082022234709_Lossofsharecertificate7822.pdf,"Titan Company Limited has informed the Exchange about Loss of share certificate under Regulation 39(3) of SEBI (Listing Obligations and Disclosure Requirements) Regulations, 2015.",,,Loss of share certificate,00:00:03,09082022234709,09-Aug-2022 23:47:12,-,False,,,5074171,Gems Jewellery And Watches,INE280A01010,Titan Company Limited,2022-08-09 23:47:09,TITAN
06-Aug-2022 22:28:45,,https://nsearchives.nseindia.com/corporate/TITAN_06082022222845_SE41Newspaperaddresult.pdf,Titan Company Limited has informed the Exchange about Newspaper publication for unaudited financial results for the first quarter ended 30th June 2022.,,,Newspaper Advertisements,00:00:04,06082022222845,06-Aug-2022 22:28:49,-,False,,,5072342,Gems Jewellery And Watches,INE280A01010,Titan Company Limited,2022-08-06 22:28:45,TITAN
05-Aug-2022 19:34:21,,https://nsearchives.nseindia.com/corporate/TITAN_05082022193421_SE40Analystcall.pdf,Titan Company Limited has informed the Exchange about Analyst Call Recording.,,,Recording of Analysts/Institutional Investor Meet/Con. Call,00:00:02,05082022193421,05-Aug-2022 19:34:23,-,False,,,5071709,Gems Jewellery And Watches,INE280A01010,Titan Company Limited,2022-08-05 19:34:21,TITAN
05-Aug-2022 14:06:51,,https://nsearchives.nseindia.com/corporate/TITAN_05082022140651_InvestorPresentationQ123.pdf,Titan Company Limited has informed the Exchange about First quarter earnings call for Q1 FY 2022-23 - Investors Presentation,,,Investor Presentation,00:00:05,05082022140651,05-Aug-2022 14:06:56,-,False,,,5071157,Gems Jewellery And Watches,INE280A01010,Titan Company Limited,2022-08-05 14:06:51,TITAN
05-Aug-2022 13:33:06,,https://nsearchives.nseindia.com/corporate/TITAN_05082022133306_SEfinancialresultQ1FY23.pdf,Titan Company Limited  has informed the Exchange about Board Meeting held on 05-Aug-2022 to consider financial statements for the period ended June 2022,,,Outcome of Board Meeting,00:00:08,05082022133306,05-Aug-2022 13:33:14,-,False,,,5071122,Gems Jewellery And Watches,INE280A01010,Titan Company Limited,2022-08-05 13:33:06,TITAN
28-Jul-2022 22:53:27,,https://nsearchives.nseindia.com/corporate/TITAN_28072022225327_SE37ChangeofNomineeDirector.pdf,Titan Company Limited  has informed the Exchange about resignation of Pankaj Kumar Bansal as Nominee Director of the company w.e.f. 26-Jul-2022,,,Resignation,00:00:03,28072022225327,28-Jul-2022 22:53:30,-,False,,,5066117,Gems Jewellery And Watches,INE280A01010,Titan Company Limited,2022-07-28 22:53:27,TITAN
26-Jul-2022 20:55:30,,https://nsearchives.nseindia.com/corporate/TITAN_26072022205530_SEIntimation2022agm.pdf,"Titan Company Limited has informed the Exchange about Voting results,  Scrutinizer report and  Proceedings of Annual General Meeting held on 26-Jul-2022.",,,Annual General Meeting,00:00:04,26072022205530,26-Jul-2022 20:55:34,-,False,,,5064734,Gems Jewellery And Watches,INE280A01010,Titan Company Limited,2022-07-26 20:55:30,TITAN
22-Jul-2022 16:45:30,,https://nsearchives.nseindia.com/corporate/TITAN_22072022164529_SEIntimationLossofshares.pdf,"Titan Company Limited has informed the Exchange about Loss of share certificate under Regulation 39(3) ofSEBI (ListingObligations and Disclosure Requirements) Regulations, 2015.",,,Loss of share certificate,00:00:03,22072022164530,22-Jul-2022 16:45:33,-,False,,,5062954,Gems Jewellery And Watches,INE280A01010,Titan Company Limited,2022-07-22 16:45:30,TITAN
22-Jul-2022 16:44:18,,https://nsearchives.nseindia.com/corporate/TITAN_22072022164418_SEIntimationIssueofDuplicateshares.pdf,"Titan Company Limited has informed the Exchange about issue of Duplicate Share Certificate under Regulation 39(3) ofSEBI (Listing Obligations and Disclosure Requirements) Regulations, 2015.",,,Loss of share certificate,00:00:01,22072022164418,22-Jul-2022 16:44:19,-,False,,,5062938,Gems Jewellery And Watches,INE280A01010,Titan Company Limited,2022-07-22 16:44:18,TITAN
20-Jul-2022 15:03:03,,https://nsearchives.nseindia.com/corporate/TITAN_20072022150303_SE35earningcall.pdf,Titan Company Limited has informed the Exchange about First quarter earnings call for Q1 FY 2022-23.,,,Schedule of Analysts/Institutional Investor Meet/Con. Call,00:00:08,20072022150303,20-Jul-2022 15:03:11,-,False,,,5061488,Gems Jewellery And Watches,INE280A01010,Titan Company Limited,2022-07-20 15:03:03,TITAN
15-Jul-2022 17:01:21,,https://nsearchives.nseindia.com/corporate/TITAN_15072022170121_Intimationtowardslossofsharecertificates150720221.pdf,"Titan Company Limited has informed the Exchange about Loss of share certificate under Regulation 39(3) of SEBI (ListingObligations and Disclosure Requirements) Regulations, 2015.",,,Loss of share certificate,00:00:03,15072022170121,15-Jul-2022 17:01:24,-,False,,,5059793,Gems Jewellery And Watches,INE280A01010,Titan Company Limited,2022-07-15 17:01:21,TITAN
15-Jul-2022 16:54:15,,https://nsearchives.nseindia.com/corporate/TITAN_15072022165415_Intimationtowardsissueofduplicatesharecertificates15072022.pdf,"Titan Company Limited has informed the Exchange about issue of Duplicate Share Certificate under Regulation 39(3) ofSEBI (Listing Obligations and Disclosure Requirements) Regulations, 2015.",,,Loss of share certificate,00:00:03,15072022165415,15-Jul-2022 16:54:18,-,False,,,5059783,Gems Jewellery And Watches,INE280A01010,Titan Company Limited,2022-07-15 16:54:15,TITAN
06-Jul-2022 19:26:57,,https://nsearchives.nseindia.com/corporate/TITAN_06072022192657_33SEquarterlyupdateQ1.pdf,Titan Company Limited has informed the Exchange about Quarterly Update ��� Q1 FY 2022-23.,,,General updates,00:00:03,06072022192657,06-Jul-2022 19:27:00,-,False,,,5056025,Gems Jewellery And Watches,INE280A01010,Titan Company Limited,2022-07-06 19:26:57,TITAN
05-Jul-2022 12:25:57,,https://nsearchives.nseindia.com/corporate/TITAN_05072022122557_32SEnewspaperadfornoticeofAGM.pdf,"Titan Company Limited has informed the Exchange about Newspaper Advertisements - Disclosure under Regulation 30 of Securities and Exchange Board of India (Listing Obligations and Disclosure Requirements) 	Regulations, 2015 (���SEBI Listing Regulations���).",,,Newspaper Advertisements,00:00:03,05072022122557,05-Jul-2022 12:26:00,-,False,,,5055141,Gems Jewellery And Watches,INE280A01010,Titan Company Limited,2022-07-05 12:25:57,TITAN
04-Jul-2022 11:22:24,,https://nsearchives.nseindia.com/corporate/TITAN_04072022112224_31SEAnnualReportFY22.pdf,Titan Company Limited has informed the Exchange about Notice of Annual General Meeting to be held on 26-Jul-2022 and Annual Report for FY 2021-22.,,,Annual General Meeting,00:00:03,04072022112224,04-Jul-2022 11:22:27,-,False,,,5054684,Gems Jewellery And Watches,INE280A01010,Titan Company Limited,2022-07-04 11:22:24,TITAN
01-Jul-2022 11:42:18,,https://nsearchives.nseindia.com/corporate/TITAN_01072022114218_Intimationtowardslossofsharecertificates01072022.pdf,"Titan Company Limited has informed the Exchange about Loss of share certificate under Regulation 39(3) of SEBI (Listing Obligations and Disclosure Requirements) Regulations, 2015.",,,Loss of share certificate,00:00:07,01072022114218,01-Jul-2022 11:42:25,-,False,,,5054027,Gems Jewellery And Watches,INE280A01010,Titan Company Limited,2022-07-01 11:42:18,TITAN
01-Jul-2022 11:14:57,,https://nsearchives.nseindia.com/corporate/TITAN_01072022111457_30SENewspaperadAGMnotice.pdf,"Titan Company Limited has informed the Exchange about Newspaper Advertisements - Disclosure under Regulation 30 of the Securities and Exchange Board of India (Listing Obligations and Disclosure Requirements) Regulations, 2015 (���SEBI Listing Regulations���) ",,,Newspaper Advertisements,00:00:04,01072022111457,01-Jul-2022 11:15:01,-,False,,,5053989,Gems Jewellery And Watches,INE280A01010,Titan Company Limited,2022-07-01 11:14:57,TITAN
27-Jun-2022 22:15:37,,https://nsearchives.nseindia.com/corporate/TITAN_27062022221536_29SENewspaperadDPT1.pdf,Titan Company Limited has informed the Exchange about Newspaper publication for Form DPT-1.,,,Newspaper Advertisements,00:00:03,27062022221537,27-Jun-2022 22:15:40,-,False,,,5051130,Gems Jewellery And Watches,INE280A01010,Titan Company Limited,2022-06-27 22:15:37,TITAN
23-Jun-2022 16:50:13,,https://nsearchives.nseindia.com/corporate/TITAN_23062022165012_Intimationtowardsissueofduplicatesharecertificates23062022.pdf,"Titan Company Limited has informed the Exchange about issue of Duplicate Share Certificate under Regulation 39(3) ofSEBI (Listing Obligations and Disclosure Requirements) Regulations, 2015",,,Loss of share certificate,00:00:04,23062022165013,23-Jun-2022 16:50:17,-,False,,,5049806,Gems Jewellery And Watches,INE280A01010,Titan Company Limited,2022-06-23 16:50:13,TITAN
23-Jun-2022 16:49:06,,https://nsearchives.nseindia.com/corporate/TITAN_23062022164906_Intimationtowardslossofsharecertificates23062022.pdf,"Titan Company Limited has informed the Exchange about Loss of share certificate Regulation 39(3) of SEBI (ListingObligations and Disclosure Requirements) Regulations, 2015.",,,Loss of share certificate,00:00:04,23062022164906,23-Jun-2022 16:49:10,-,False,,,5049805,Gems Jewellery And Watches,INE280A01010,Titan Company Limited,2022-06-23 16:49:06,TITAN
21-Jun-2022 16:32:03,,https://nsearchives.nseindia.com/corporate/TITAN_21062022163203_28SETradingWindowClosure.pdf,Titan Company Limited has informed the Exchange about Closure of trading window.,,,Closure of trading window,00:00:05,21062022163203,21-Jun-2022 16:32:08,-,False,,,5049004,Gems Jewellery And Watches,INE280A01010,Titan Company Limited,2022-06-21 16:32:03,TITAN
20-Jun-2022 16:57:38,,https://nsearchives.nseindia.com/corporate/TITAN_20062022165738_Intimationtowardsissueofduplicatesharecertificates20062022.pdf,"Titan Company Limited has informed the Exchange about issue of Duplicate Share Certificate under Regulation 39(3) ofSEBI (Listing Obligations and Disclosure Requirements) Regulations, 2015.",,,Loss of share certificate,00:00:04,20062022165738,20-Jun-2022 16:57:42,-,False,,,5048626,Gems Jewellery And Watches,INE280A01010,Titan Company Limited,2022-06-20 16:57:38,TITAN
20-Jun-2022 16:56:29,,https://nsearchives.nseindia.com/corporate/TITAN_20062022165628_Intimationtowardslossofsharecertificates20062022.pdf,"Titan Company Limited has informed the Exchange about Loss of share certificate under Regulation 39(3) of SEBI (Listing Obligations and Disclosure Requirements) Regulations, 2015",,,Loss of share certificate,00:00:04,20062022165629,20-Jun-2022 16:56:33,-,False,,,5048625,Gems Jewellery And Watches,INE280A01010,Titan Company Limited,2022-06-20 16:56:29,TITAN
10-Jun-2022 16:57:32,,https://nsearchives.nseindia.com/corporate/TITAN_10062022165732_Intimationtowardslossofsharecertificates10062022.pdf,"Titan Company Limited has informed the Exchange about Loss of share certificate under Regulation 39(3) of SEBI (Listing Obligations and Disclosure Requirements) Regulations, 2015.",,,Loss of share certificate,00:00:02,10062022165732,10-Jun-2022 16:57:34,-,False,,,5045132,Gems Jewellery And Watches,INE280A01010,Titan Company Limited,2022-06-10 16:57:32,TITAN
09-Jun-2022 17:48:44,,https://nsearchives.nseindia.com/corporate/TITAN_09062022174843_27SEIntimationforAGMDateandBookClosure.pdf,Titan Company Limited has informed the Exchange that Register of Members & Share Transfer Books of the Company will remain closed from 12-Jul-2022 to 26-Jul-2022 for the purpose of Dividend.,,,Book Closure,00:00:04,09062022174844,09-Jun-2022 17:48:48,-,False,,,5044752,Gems Jewellery And Watches,INE280A01010,Titan Company Limited,2022-06-09 17:48:44,TITAN
07-Jun-2022 14:22:26,,https://nsearchives.nseindia.com/corporate/TITAN_07062022142226_Intimationtowardslossofsharecertificates07062022.pdf,Titan Company Limited has informed the Exchange about Loss of share certificate,,,Loss of share certificate,00:00:02,07062022142226,07-Jun-2022 14:22:28,-,False,,,5043682,Gems Jewellery And Watches,INE280A01010,Titan Company Limited,2022-06-07 14:22:26,TITAN
07-Jun-2022 11:30:07,,https://nsearchives.nseindia.com/corporate/TITAN_07062022113007_026SEInvestorMeetingJune2022.pdf,Titan Company Limited has informed the Exchange about Schedule of Analysts/Institutional Investor Meet/Con. Call ,,,Schedule of Analysts/Institutional Investor Meet/Con. Call,00:00:10,07062022113007,07-Jun-2022 11:30:17,-,False,,,5043560,Gems Jewellery And Watches,INE280A01010,Titan Company Limited,2022-06-07 11:30:07,TITAN
02-Jun-2022 17:10:10,,https://nsearchives.nseindia.com/corporate/TITAN_02062022171010_025SERatingsUpdatefromICRA.pdf,Titan Company Limited has informed the Exchange about Affirmation of Credit Rating,,,Credit Rating,00:00:06,02062022171010,02-Jun-2022 17:10:16,-,False,,,5042169,Gems Jewellery And Watches,INE280A01010,Titan Company Limited,2022-06-02 17:10:10,TITAN
02-Jun-2022 16:50:12,,https://nsearchives.nseindia.com/corporate/TITAN_02062022165012_Intimationtowardsissueofduplicatesharecertificates02062022.pdf,"Titan Company Limited has informed the Exchange about issue of Duplicate Share Certificate under Regulation 39(3) of SEBI (Listing Obligations and Disclosure Requirements) Regulations, 2015.",,,Loss of share certificate,00:00:02,02062022165012,02-Jun-2022 16:50:14,-,False,,,5042158,Gems Jewellery And Watches,INE280A01010,Titan Company Limited,2022-06-02 16:50:12,TITAN
02-Jun-2022 16:49:00,,https://nsearchives.nseindia.com/corporate/TITAN_02062022164859_Intimationtowardslossofsharecertificates02062022.pdf,"Titan Company Limited has informed the Exchange about Loss of share certificate under Regulation 39(3) of SEBI (Listing Obligations and Disclosure Requirements) Regulations, 2015.",,,Loss of share certificate,00:00:04,02062022164900,02-Jun-2022 16:49:04,-,False,,,5042157,Gems Jewellery And Watches,INE280A01010,Titan Company Limited,2022-06-02 16:49:00,TITAN
24-May-2022 16:58:06,,https://nsearchives.nseindia.com/corporate/TITAN_24052022165800_Intimationtowardslossofsharecertificates24052022.pdf,"Titan Company Limited has informed the Exchange about Loss of share certificate under Regulation 39(3) of SEBI (ListingObligations and Disclosure Requirements) Regulations, 2015.",,,Loss of share certificate,00:00:06,24052022165806,24-May-2022 16:58:12,-,False,,,5034970,Gems Jewellery And Watches,INE280A01010,Titan Company Limited,2022-05-24 16:58:06,TITAN
24-May-2022 16:56:19,,https://nsearchives.nseindia.com/corporate/TITAN_24052022165617_Intimationtowardsissueofduplicatesharecertificates24052022.pdf,"Titan Company Limited has informed the Exchange about issue of Duplicate Share Certificate under Regulation 39(3) ofSEBI (Listing Obligations and Disclosure Requirements) Regulations, 2015.",,,Loss of share certificate,00:00:05,24052022165619,24-May-2022 16:56:24,-,False,,,5034962,Gems Jewellery And Watches,INE280A01010,Titan Company Limited,2022-05-24 16:56:19,TITAN
23-May-2022 09:44:04,,https://nsearchives.nseindia.com/corporate/TITAN_23052022094404_024SEInvestorMeetingMay2022.pdf,Titan Company Limited has informed the Exchange about Schedule of Analysts/Institutional Investor Meet/Con. Call on 24th & 25th May 2022,,,Schedule of Analysts/Institutional Investor Meet/Con. Call,00:00:09,23052022094404,23-May-2022 09:44:13,-,False,,,5033856,Gems Jewellery And Watches,INE280A01010,Titan Company Limited,2022-05-23 09:44:04,TITAN
20-May-2022 11:30:18,,https://nsearchives.nseindia.com/corporate/TITAN_20052022113018_23SEAnnualSecretarialComplianceCertificates.pdf,Titan Company Limited has informed the Exchange about Annual Secretarial Compliance Report for the year ended 31st March 2022,,,General updates,00:00:09,20052022113018,20-May-2022 11:30:27,-,False,,,5032599,Gems Jewellery And Watches,INE280A01010,Titan Company Limited,2022-05-20 11:30:18,TITAN
18-May-2022 10:17:48,,https://nsearchives.nseindia.com/corporate/TITAN_18052022101748_022SEInvestorMeetingMay2022.pdf,Titan Company Limited has informed the Exchange about Schedule of Analysts/Institutional Investor Meet/Con. Call ,,,Schedule of Analysts/Institutional Investor Meet/Con. Call,00:00:05,18052022101748,18-May-2022 10:17:53,-,False,,,5031120,Gems Jewellery And Watches,INE280A01010,Titan Company Limited,2022-05-18 10:17:48,TITAN
17-May-2022 20:39:22,,https://nsearchives.nseindia.com/corporate/TITAN_17052022203922_21SERelatedPartyTransactionMar22.pdf,Titan Company Limited has informed the Exchange about related party transaction for the period ended March 2022,,,Related Party Transaction,00:00:04,17052022203922,17-May-2022 20:39:26,-,False,,,5031073,Gems Jewellery And Watches,INE280A01010,Titan Company Limited,2022-05-17 20:39:22,TITAN
17-May-2022 09:29:14,,https://nsearchives.nseindia.com/corporate/TITAN_17052022092914_020SECreditRatingbyBrickwork.pdf,Titan Company Limited has informed the Exchange about Affirmation of Credit Rating,,,Credit Rating,00:00:02,17052022092914,17-May-2022 09:29:16,-,False,,,5030468,Gems Jewellery And Watches,INE280A01010,Titan Company Limited,2022-05-17 09:29:14,TITAN
13-May-2022 08:42:56,,https://nsearchives.nseindia.com/corporate/TITAN_13052022084255_019SEAnnualInvestorday2022.pdf,Titan Company Limited has informed the Exchange about Investor Presentation,,,Investor Presentation,00:00:03,13052022084256,13-May-2022 08:42:59,-,False,,,5028938,Gems Jewellery And Watches,INE280A01010,Titan Company Limited,2022-05-13 08:42:56,TITAN
06-May-2022 19:22:31,,https://nsearchives.nseindia.com/corporate/TITAN_06052022192225_TitanCompanyEarningsMay032022.pdf,Titan Company Limited has informed the Exchange about Transcript of Analysts/Institutional Investor Meet/Con. Call ,,,Transcript of Analysts/Institutional Investor Meet/Con. Call,00:00:04,06052022192231,06-May-2022 19:22:35,-,False,,,5026119,Gems Jewellery And Watches,INE280A01010,Titan Company Limited,2022-05-06 19:22:31,TITAN
05-May-2022 14:16:12,,https://nsearchives.nseindia.com/corporate/TITAN_05052022141609_NewsPaper.pdf,Titan Company Limited has informed the Exchange about Newspaper publication for Audited financial results for the fourth quarter and year ended 31st March 2022.,,,Newspaper Advertisements,00:00:13,05052022141612,05-May-2022 14:16:25,-,False,,,5025283,Gems Jewellery And Watches,INE280A01010,Titan Company Limited,2022-05-05 14:16:12,TITAN
04-May-2022 16:51:26,,https://nsearchives.nseindia.com/corporate/TITAN_04052022165126_Intimationtowardslossofsharecertificates04052022.pdf,"Titan Company Limited has informed the Exchange about Loss of share certificate under Regulation 39(3) of SEBI (ListingObligations and Disclosure Requirements) Regulations, 2015.",,,Loss of share certificate,00:00:02,04052022165126,04-May-2022 16:51:28,-,False,,,5024919,Gems Jewellery And Watches,INE280A01010,Titan Company Limited,2022-05-04 16:51:26,TITAN
04-May-2022 15:29:50,,https://nsearchives.nseindia.com/corporate/TITAN_04052022152950_016SERevisedInvestorPresentationQ4FY22.pdf,Titan Company Limited has informed the Exchange about Revised Investor Presentation,,,Investor Presentation,00:00:03,04052022152950,04-May-2022 15:29:53,-,False,,,5024852,Gems Jewellery And Watches,INE280A01010,Titan Company Limited,2022-05-04 15:29:50,TITAN
03-May-2022 21:30:01,,https://nsearchives.nseindia.com/corporate/TITAN_03052022213001_015SEEarningscallrecording.pdf,Titan Company Limited has informed the Exchange about Recording of Analysts/Institutional Investor Meet/Con. Call,,,Recording of Analysts/Institutional Investor Meet/Con. Call,00:00:08,03052022213001,03-May-2022 21:30:09,-,False,,,5024680,Gems Jewellery And Watches,INE280A01010,Titan Company Limited,2022-05-03 21:30:01,TITAN
03-May-2022 15:46:35,,https://nsearchives.nseindia.com/corporate/TITAN_03052022154635_014SEChangeinnameofRTA.pdf,Titan Company Limited has informed the Exchange about Change in name of Company���s Registrar and Transfer Agent (RTA),,,General updates,00:00:03,03052022154635,03-May-2022 15:46:38,-,False,,,5024543,Gems Jewellery And Watches,INE280A01010,Titan Company Limited,2022-05-03 15:46:35,TITAN
03-May-2022 15:36:48,,https://nsearchives.nseindia.com/corporate/TITAN_03052022153648_012SEReappointmentofstatauditors.pdf,"Titan Company Limited  has informed the Exchange about re-appointment of B S R & Co. LLP, Chartered Accountants  as Statutory Auditor of the company",,,Re-appointment,00:00:05,03052022153648,03-May-2022 15:36:53,-,False,,,5024525,Gems Jewellery And Watches,INE280A01010,Titan Company Limited,2022-05-03 15:36:48,TITAN
03-May-2022 15:30:53,,https://nsearchives.nseindia.com/corporate/TITAN_03052022153052_009SECRISILRating.pdf,Titan Company Limited has informed the Exchange about Assignment of Credit Rating,,,Credit Rating,00:00:04,03052022153053,03-May-2022 15:30:57,-,False,,,5024532,Gems Jewellery And Watches,INE280A01010,Titan Company Limited,2022-05-03 15:30:53,TITAN
03-May-2022 14:47:58,,https://nsearchives.nseindia.com/corporate/TITAN_03052022144757_013SEInvestorPresentationQ4FY22.pdf,Titan Company Limited has informed the Exchange about Investor Presentation,,,Investor Presentation,00:00:06,03052022144758,03-May-2022 14:48:04,-,False,,,5024501,Gems Jewellery And Watches,INE280A01010,Titan Company Limited,2022-05-03 14:47:58,TITAN
03-May-2022 14:25:22,,https://nsearchives.nseindia.com/corporate/TITAN_03052022142514_Q4Results.pdf,"Titan Company Limited has informed the Exchange that Board of Directors at its meeting held on 03-May-2022, declared Dividend of Rs. 7.55 per equity share.",,,Dividend,00:00:04,03052022142522,03-May-2022 14:25:26,-,False,,,5024494,Gems Jewellery And Watches,INE280A01010,Titan Company Limited,2022-05-03 14:25:22,TITAN
03-May-2022 14:25:20,,https://nsearchives.nseindia.com/corporate/TITAN_03052022142519_Q4Results.pdf,Titan Company Limited  has informed the Exchange about Board Meeting held on 03-May-2022 to consider financial statements for the period ended March 2022 and Dividend,,,Outcome of Board Meeting,00:00:02,03052022142520,03-May-2022 14:25:22,-,False,,,5024493,Gems Jewellery And Watches,INE280A01010,Titan Company Limited,2022-05-03 14:25:20,TITAN
03-May-2022 14:21:48,,https://nsearchives.nseindia.com/corporate/Q4Results_03052022142148.pdf,"Titan Company Limited has submitted to the Exchange, the financial results for the period ended March 31, 2022.",,,Financial Result Updates,00:01:13,03052022142148,03-May-2022 14:23:01,-,False,,,148528,Gems Jewellery And Watches,INE280A01010,Titan Company Limited,2022-05-03 14:21:48,TITAN
29-Apr-2022 18:06:07,,https://nsearchives.nseindia.com/corporate/TITAN_29042022180607_008SERatingsUpdatefromICRA.pdf,Titan Company Limited has informed the Exchange about Assignment of Credit Rating,,,Credit Rating,00:00:02,29042022180607,29-Apr-2022 18:06:09,-,False,,,5023529,Gems Jewellery And Watches,INE280A01010,Titan Company Limited,2022-04-29 18:06:07,TITAN
28-Apr-2022 18:58:47,,https://nsearchives.nseindia.com/corporate/TITAN_28042022185847_Intimationtowardsissueofduplicatesharecertificates28042022.pdf,"Titan Company Limited has informed the Exchange about issue of Duplicate Share Certificate under Regulation 39(3) ofSEBI (Listing Obligations and Disclosure Requirements) Regulations, 2015",,,Loss of share certificate,00:00:05,28042022185847,28-Apr-2022 18:58:52,-,False,,,5023104,Gems Jewellery And Watches,INE280A01010,Titan Company Limited,2022-04-28 18:58:47,TITAN
28-Apr-2022 18:57:16,,https://nsearchives.nseindia.com/corporate/TITAN_28042022185716_Intimationtowardslossofsharecertificates28042022.pdf,"Titan Company Limited has informed the Exchange about Loss of share certificate under Regulation 39(3) of SEBI (ListingObligations and Disclosure Requirements) Regulations, 2015.",,,Loss of share certificate,00:00:02,28042022185716,28-Apr-2022 18:57:18,-,False,,,5023103,Gems Jewellery And Watches,INE280A01010,Titan Company Limited,2022-04-28 18:57:16,TITAN
25-Apr-2022 20:31:37,,https://nsearchives.nseindia.com/corporate/TITAN_25042022203137_006SEEarningsCallApril2022.pdf,Titan Company Limited has informed the Exchange about Schedule of Analysts/Institutional Investor Meet/Con. Call ,,,Schedule of Analysts/Institutional Investor Meet/Con. Call,00:00:03,25042022203137,25-Apr-2022 20:31:40,-,False,,,5021884,Gems Jewellery And Watches,INE280A01010,Titan Company Limited,2022-04-25 20:31:37,TITAN
25-Apr-2022 18:47:57,,https://nsearchives.nseindia.com/corporate/TITAN_25042022184757_006SEEarningsCallApril2022.pdf,Titan Company Limited has informed the Exchange about Schedule of Analysts/Institutional Investor Meet/Con. Call ,,,Schedule of Analysts/Institutional Investor Meet/Con. Call,00:00:04,25042022184757,25-Apr-2022 18:48:01,-,False,,,5021839,Gems Jewellery And Watches,INE280A01010,Titan Company Limited,2022-04-25 18:47:57,TITAN
22-Apr-2022 15:01:13,,https://nsearchives.nseindia.com/corporate/TITAN_22042022150113_Intimationtowardslossofsharecertificates22042022.pdf,Titan Company Limited has informed the Exchange about Loss of share certificate,,,Loss of share certificate,00:00:03,22042022150113,22-Apr-2022 15:01:16,-,False,,,5021026,Gems Jewellery And Watches,INE280A01010,Titan Company Limited,2022-04-22 15:01:13,TITAN
20-Apr-2022 12:01:05,,https://nsearchives.nseindia.com/corporate/TITAN_20042022120105_004SEAnnualAnalystDay2022.pdf,Titan Company Limited has informed the Exchange about Schedule of Analysts/Institutional Investor Meet/Con. Call ,,,Schedule of Analysts/Institutional Investor Meet/Con. Call,00:00:07,20042022120105,20-Apr-2022 12:01:12,-,False,,,5020176,Gems Jewellery And Watches,INE280A01010,Titan Company Limited,2022-04-20 12:01:05,TITAN
12-Apr-2022 16:10:57,,https://nsearchives.nseindia.com/corporate/TITAN_12042022161057_Intimationtowardsissueofduplicatesharecertificates12042022.pdf,"Intimation towards issue of Duplicate Share Certificate under Regulation 39(3) of SEBI (Listing Obligations and Disclosure Requirements) Regulations, 2015",,,Loss of share certificate,00:00:04,12042022161057,12-Apr-2022 16:11:01,-,False,,,5018103,Gems Jewellery And Watches,INE280A01010,Titan Company Limited,2022-04-12 16:10:57,TITAN
12-Apr-2022 15:49:38,,https://nsearchives.nseindia.com/corporate/TITAN_12042022154937_Intimationtowardslossofsharecertificates12042022.pdf,Titan Company Limited has informed the Exchange about Loss of share certificate,,,Loss of share certificate,00:00:06,12042022154938,12-Apr-2022 15:49:44,-,False,,,5018099,Gems Jewellery And Watches,INE280A01010,Titan Company Limited,2022-04-12 15:49:38,TITAN
07-Apr-2022 16:42:14,,https://nsearchives.nseindia.com/corporate/TITAN_07042022164213_Intimationtowardslossofsharecertificates07042022.pdf,Titan Company Limited has informed the Exchange about Loss of share certificate,,,Loss of share certificate,00:00:22,07042022164214,07-Apr-2022 16:42:36,-,False,,,5016348,Gems Jewellery And Watches,INE280A01010,Titan Company Limited,2022-04-07 16:42:14,TITAN
06-Apr-2022 15:56:26,,https://nsearchives.nseindia.com/corporate/TITAN_06042022155626_002SEQuarterlyUpdateQ4FY22.pdf,Titan Company Limited has informed the Exchange about Quarterly Update - Q4 FY 2021-22,,,General updates,00:00:04,06042022155626,06-Apr-2022 15:56:30,-,False,,,5015737,Gems Jewellery And Watches,INE280A01010,Titan Company Limited,2022-04-06 15:56:26,TITAN
06-Apr-2022 11:05:22,,https://nsearchives.nseindia.com/corporate/AN_O06042022110522.xlsx,Promoter/Promoter Group of Titan Company Limited has submitted a disclosure under Regulation 31(4) of SEBI Takeover Regulations for the year ended 31-Mar-2022,,,Disclosure under SEBI Takeover Regulations,00:00:16,06042022110522,06-Apr-2022 11:05:38,-,False,,,200001057,Gems Jewellery And Watches,INE280A01010,Titan Company Limited,2022-04-06 11:05:22,TITAN
04-Apr-2022 17:30:14,,https://nsearchives.nseindia.com/corporate/TITAN_04042022173013_001SERatingsUpdatefromICRA.pdf,Titan Company Limited has informed the Exchange about Affirmation of Credit Rating,,,Credit Rating,00:00:09,04042022173014,04-Apr-2022 17:30:23,-,False,,,5014921,Gems Jewellery And Watches,INE280A01010,Titan Company Limited,2022-04-04 17:30:14,TITAN
01-Apr-2022 17:00:07,,https://nsearchives.nseindia.com/corporate/TITAN_01042022170007_Intimationtowardslossofshares01042022.pdf,Titan Company Limited has informed the Exchange about Loss of share certificate,,,Loss of share certificate,00:00:28,01042022170007,01-Apr-2022 17:00:35,-,False,,,5014354,Gems Jewellery And Watches,INE280A01010,Titan Company Limited,2022-04-01 17:00:07,TITAN
23-Mar-2022 16:25:35,,https://nsearchives.nseindia.com/corporate/TITAN_23032022162530_Intimationtowardslossofshares23032022.pdf,"Titan Company Limited has informed the Exchange about Loss of share certificate under Regulation 39(3) of SEBI (Listing Obligations and Disclosure Requirements) Regulations, 2015.",,,Loss of share certificate,00:00:03,23032022162535,23-Mar-2022 16:25:38,-,False,,,5009997,Gems Jewellery And Watches,INE280A01010,Titan Company Limited,2022-03-23 16:25:35,TITAN
22-Mar-2022 12:25:15,,https://nsearchives.nseindia.com/corporate/TITAN_22032022122515_100SETradingWindowClosure.pdf,Titan Company Limited has informed the Exchange about Closure of trading window,,,Closure of trading window,00:00:08,22032022122515,22-Mar-2022 12:25:23,-,False,,,5009462,Gems Jewellery And Watches,INE280A01010,Titan Company Limited,2022-03-22 12:25:15,TITAN
18-Mar-2022 15:59:55,,https://nsearchives.nseindia.com/corporate/TITAN_18032022155955_99SEInvestorMeetingMarch2022.pdf,Titan Company Limited has informed the Exchange about Schedule of Analysts/Institutional Investor Meet/Con. Call ,,,Schedule of Analysts/Institutional Investor Meet/Con. Call,00:00:17,18032022155955,18-Mar-2022 16:00:12,-,False,,,5008869,Gems Jewellery And Watches,INE280A01010,Titan Company Limited,2022-03-18 15:59:55,TITAN
16-Mar-2022 12:36:32,,https://nsearchives.nseindia.com/corporate/TITAN_16032022123632_98SEInvestorMeetingMarch2022.pdf,Titan Company Limited has informed the Exchange about Schedule of Analysts/Institutional Investor Meet/Con. Call ,,,Schedule of Analysts/Institutional Investor Meet/Con. Call,00:00:06,16032022123632,16-Mar-2022 12:36:38,-,False,,,5008147,Gems Jewellery And Watches,INE280A01010,Titan Company Limited,2022-03-16 12:36:32,TITAN
11-Mar-2022 16:57:55,,https://nsearchives.nseindia.com/corporate/TITAN_11032022165752_Intimationtowardslossofshares11032022.pdf,"Titan Company Limited has informed the Exchange about Loss of share certificate under Regulation 39(3) of SEBI (Listing Obligations and Disclosure Requirements) Regulations, 2015.",,,Loss of share certificate,00:00:05,11032022165755,11-Mar-2022 16:58:00,-,False,,,5007265,Gems Jewellery And Watches,INE280A01010,Titan Company Limited,2022-03-11 16:57:55,TITAN
11-Mar-2022 10:13:36,,https://nsearchives.nseindia.com/corporate/TITAN_11032022101335_97SEIntimationAcquisition.pdf,"Titan Company Limited has informed the Exchange about Intimation under Regulation 30 of the Securities and Exchange Board of India (Listing Obligations and Disclosure Requirements) Regulations, 2015 - Intimation regarding investment in Great Heights Inc., USA",,,General updates,00:00:09,11032022101336,11-Mar-2022 10:13:45,-,False,,,5007085,Gems Jewellery And Watches,INE280A01010,Titan Company Limited,2022-03-11 10:13:36,TITAN
09-Mar-2022 14:45:20,,https://nsearchives.nseindia.com/corporate/TITAN_09032022144520_Intimationtowardslossofshares09032022.pdf,"Titan Company Limited has informed the Exchange about Loss of share certificate under Regulation 39(3) of SEBI (ListingObligations and Disclosure Requirements) Regulations, 2015.",,,Loss of share certificate,00:00:14,09032022144520,09-Mar-2022 14:45:34,-,False,,,5006561,Gems Jewellery And Watches,INE280A01010,Titan Company Limited,2022-03-09 14:45:20,TITAN
03-Mar-2022 12:54:00,,https://nsearchives.nseindia.com/corporate/TITAN_03032022125331_96SEInvestorMeetingMarch2022.pdf,Titan Company Limited has informed the Exchange about Schedule of Analysts/Institutional Investor Meet/Con. Call ,,,Schedule of Analysts/Institutional Investor Meet/Con. Call,00:00:18,03032022125400,03-Mar-2022 12:54:18,-,False,,,5004188,Gems Jewellery And Watches,INE280A01010,Titan Company Limited,2022-03-03 12:54:00,TITAN
03-Mar-2022 12:51:46,,https://nsearchives.nseindia.com/corporate/TITAN_03032022125115_Intimationtowardslossofshares03032022.pdf,"Titan Company Limited has informed the Exchange about Loss of share certificate under Regulation 39(3) of SEBI (ListingObligations and Disclosure Requirements) Regulations, 2015.",,,Loss of share certificate,00:00:07,03032022125146,03-Mar-2022 12:51:53,-,False,,,5004709,Gems Jewellery And Watches,INE280A01010,Titan Company Limited,2022-03-03 12:51:46,TITAN
18-Feb-2022 14:11:51,,https://nsearchives.nseindia.com/corporate/TITAN_18022022141151_95SEInvestorMeetingFebruary2022.pdf,Titan Company Limited has informed the Exchange about Schedule of meet,,,Analysts/Institutional Investor Meet/Con. Call Updates,00:00:22,18022022141151,18-Feb-2022 14:12:13,-,False,,,105246577,Gems Jewellery And Watches,INE280A01010,Titan Company Limited,2022-02-18 14:11:51,TITAN
14-Feb-2022 16:36:03,,https://nsearchives.nseindia.com/corporate/TITAN_14022022163600_IntimationtowardsissueofduplicatesharesFeb2022.pdf,Titan Company Limited has informed the Exchange about Loss of Share Certificates,,,Loss of Share Certificates,00:00:51,14022022163603,14-Feb-2022 16:36:54,-,False,,,105240778,Gems Jewellery And Watches,INE280A01010,Titan Company Limited,2022-02-14 16:36:03,TITAN
14-Feb-2022 16:36:00,,https://nsearchives.nseindia.com/corporate/TITAN_14022022163600_Intimationtowardslossofshares14022022.pdf,Titan Company Limited has informed the Exchange about Loss of Share Certificates,,,Loss of Share Certificates,00:00:31,14022022163600,14-Feb-2022 16:36:31,-,False,,,105240777,Gems Jewellery And Watches,INE280A01010,Titan Company Limited,2022-02-14 16:36:00,TITAN
14-Feb-2022 10:28:59,,https://nsearchives.nseindia.com/corporate/TITAN_14022022102859_94SEInvestorMeetingFebruary2022.pdf,Titan Company Limited has informed the Exchange about Schedule of meet,,,Analysts/Institutional Investor Meet/Con. Call Updates,00:00:18,14022022102859,14-Feb-2022 10:29:17,-,False,,,105240378,Gems Jewellery And Watches,INE280A01010,Titan Company Limited,2022-02-14 10:28:59,TITAN
10-Feb-2022 10:51:07,,https://nsearchives.nseindia.com/corporate/TITAN_10022022105107_93SEInvestorMeetingFebruary2022.pdf,Titan Company Limited has informed the Exchange about Schedule of meet,,,Analysts/Institutional Investor Meet/Con. Call Updates,00:00:07,10022022105107,10-Feb-2022 10:51:14,-,False,,,105235913,Gems Jewellery And Watches,INE280A01010,Titan Company Limited,2022-02-10 10:51:07,TITAN
09-Feb-2022 09:48:45,,https://nsearchives.nseindia.com/corporate/TITAN_09022022094845_092SEEarningsCallTranscripts.pdf,Titan Company Limited has informed the Exchange about Transcript,,,Analysts/Institutional Investor Meet/Con. Call Updates,00:00:09,09022022094845,09-Feb-2022 09:48:54,-,False,,,105234194,Gems Jewellery And Watches,INE280A01010,Titan Company Limited,2022-02-09 09:48:45,TITAN
08-Feb-2022 21:24:11,,https://nsearchives.nseindia.com/corporate/TITAN_08022022212411_91SEInvestorMeetingFebruary2022.pdf,Titan Company Limited has informed the Exchange about Schedule of meet,,,Analysts/Institutional Investor Meet/Con. Call Updates,00:00:05,08022022212411,08-Feb-2022 21:24:16,-,False,,,105233497,Gems Jewellery And Watches,INE280A01010,Titan Company Limited,2022-02-08 21:24:11,TITAN
07-Feb-2022 16:43:44,,https://nsearchives.nseindia.com/corporate/TITAN_07022022164344_90SEInvestorMeetingFebruary2022.pdf,Titan Company Limited has informed the Exchange about Schedule of meet,,,Analysts/Institutional Investor Meet/Con. Call Updates,00:00:07,07022022164344,07-Feb-2022 16:43:51,-,False,,,105232018,Gems Jewellery And Watches,INE280A01010,Titan Company Limited,2022-02-07 16:43:44,TITAN
04-Feb-2022 11:23:01,,https://nsearchives.nseindia.com/corporate/TITAN_04022022112301_89SENewspaperadQ3FY22.pdf,Titan Company Limited has informed the Exchange about Copy of Newspaper Publication,,,Copy of Newspaper Publication,00:00:09,04022022112301,04-Feb-2022 11:23:10,-,False,,,105229554,Gems Jewellery And Watches,INE280A01010,Titan Company Limited,2022-02-04 11:23:01,TITAN
03-Feb-2022 20:46:14,,https://nsearchives.nseindia.com/corporate/TITAN_03022022204614_88SEAudiolinkforInvestorcall.pdf,Titan Company Limited has informed the Exchange about Link of Recording,,,Analysts/Institutional Investor Meet/Con. Call Updates,00:00:04,03022022204614,03-Feb-2022 20:46:18,-,False,,,105228481,Gems Jewellery And Watches,INE280A01010,Titan Company Limited,2022-02-03 20:46:14,TITAN
03-Feb-2022 14:12:34,,https://nsearchives.nseindia.com/corporate/TITAN_03022022141234_87SEInvestorppt.pdf,Titan Company Limited has informed the Exchange about Presentation,,,Analysts/Institutional Investor Meet/Con. Call Updates,00:00:05,03022022141234,03-Feb-2022 14:12:39,-,False,,,105228064,Gems Jewellery And Watches,INE280A01010,Titan Company Limited,2022-02-03 14:12:34,TITAN
03-Feb-2022 13:42:19,,https://nsearchives.nseindia.com/corporate/86SEQ3Results_03022022134219.pdf,"Titan Company Limited has submitted to the Exchange, the financial results for the period ended December 31, 2021.",,,Financial Result Updates,00:01:51,03022022134219,03-Feb-2022 13:44:10,-,False,,,147053,Gems Jewellery And Watches,INE280A01010,Titan Company Limited,2022-02-03 13:42:19,TITAN
03-Feb-2022 13:40:19,,https://nsearchives.nseindia.com/corporate/TITAN_03022022134019_86SEQ3Results.pdf,"Titan Company Limited has informed the Exchange regarding  Board meeting held on February 03, 2022.",,,Outcome of Board Meeting,00:00:10,03022022134019,03-Feb-2022 13:40:29,-,False,,,105228042,Gems Jewellery And Watches,INE280A01010,Titan Company Limited,2022-02-03 13:40:19,TITAN
24-Jan-2022 12:30:19,,https://nsearchives.nseindia.com/corporate/TITAN_24012022123019_085SEEarningsCallFebruary2022.pdf,Titan Company Limited has informed the Exchange about Schedule of meet,,,Analysts/Institutional Investor Meet/Con. Call Updates,00:00:11,24012022123019,24-Jan-2022 12:30:30,-,False,,,105215941,Gems Jewellery And Watches,INE280A01010,Titan Company Limited,2022-01-24 12:30:19,TITAN
14-Jan-2022 21:29:55,,https://nsearchives.nseindia.com/corporate/TITAN_14012022212955_lossofshares14012022.pdf,Titan Company Limited has informed the Exchange about Loss of Share Certificates,,,Loss of Share Certificates,00:00:12,14012022212955,14-Jan-2022 21:30:07,-,False,,,105207047,Gems Jewellery And Watches,INE280A01010,Titan Company Limited,2022-01-14 21:29:55,TITAN
06-Jan-2022 15:48:03,,https://nsearchives.nseindia.com/corporate/TITAN_06012022154803_SELossofsharecertificates06012022.pdf,Titan Company Limited has informed the Exchange about Loss of Share Certificates,,,Loss of Share Certificates,00:00:10,06012022154803,06-Jan-2022 15:48:13,-,False,,,105197833,Gems Jewellery And Watches,INE280A01010,Titan Company Limited,2022-01-06 15:48:03,TITAN
06-Jan-2022 15:40:17,,https://nsearchives.nseindia.com/corporate/TITAN_06012022154017_082SEQuarterlyUpdateQ3FY22.pdf,Titan Company Limited has informed the Exchange regarding 'Quarterly Update   Q3 FY 2021-22'.,,,Updates,00:00:07,06012022154017,06-Jan-2022 15:40:24,-,False,,,105197824,Gems Jewellery And Watches,INE280A01010,Titan Company Limited,2022-01-06 15:40:17,TITAN
30-Dec-2021 21:51:41,,https://nsearchives.nseindia.com/corporate/TITAN_30122021215141_SELossofsharecertificates30122021.pdf,Titan Company Limited has informed the Exchange about Loss of Share Certificates,,,Loss of Share Certificates,00:00:07,30122021215141,30-Dec-2021 21:51:48,-,False,,,105190064,Gems Jewellery And Watches,INE280A01010,Titan Company Limited,2021-12-30 21:51:41,TITAN
22-Dec-2021 12:44:08,,https://nsearchives.nseindia.com/corporate/TITAN_22122021124408_81SEInvestorMeetingDecember2021.pdf,Titan Company Limited has informed the Exchange about Schedule of meet,,,Analysts/Institutional Investor Meet/Con. Call Updates,00:00:07,22122021124408,22-Dec-2021 12:44:15,-,False,,,105181319,Gems Jewellery And Watches,INE280A01010,Titan Company Limited,2021-12-22 12:44:08,TITAN
22-Dec-2021 10:12:05,,https://nsearchives.nseindia.com/corporate/TITAN_22122021101205_80SETradingWindowClosure.pdf,"Titan Company Limited has informed the Exchange regarding the Trading Window closure pursuant to SEBI (Prohibition of Insider Trading) Regulations, 2015",,,Trading Window,00:00:10,22122021101205,22-Dec-2021 10:12:15,-,False,,,105181234,Gems Jewellery And Watches,INE280A01010,Titan Company Limited,2021-12-22 10:12:05,TITAN
21-Dec-2021 15:07:42,,https://nsearchives.nseindia.com/corporate/TITAN_21122021150740_IssueofDuplicateshares21122021.pdf,Titan Company Limited has informed the Exchange about Loss of Share Certificates,,,Loss of Share Certificates,00:00:09,21122021150742,21-Dec-2021 15:07:51,-,False,,,105180059,Gems Jewellery And Watches,INE280A01010,Titan Company Limited,2021-12-21 15:07:42,TITAN
21-Dec-2021 15:07:40,,https://nsearchives.nseindia.com/corporate/TITAN_21122021150740_SELossofsharecertificates21122021.pdf,Titan Company Limited has informed the Exchange about Loss of Share Certificates,,,Loss of Share Certificates,00:00:05,21122021150740,21-Dec-2021 15:07:45,-,False,,,105180058,Gems Jewellery And Watches,INE280A01010,Titan Company Limited,2021-12-21 15:07:40,TITAN
11-Dec-2021 14:01:36,,https://nsearchives.nseindia.com/corporate/TITAN_11122021140136_079SEChangeofTIDCOnominee.pdf,Titan Company Limited has informed the Exchange regarding Change in Director(s) of the company.,,,Change in Director(s),00:00:06,11122021140136,11-Dec-2021 14:01:42,-,False,,,105170846,Gems Jewellery And Watches,INE280A01010,Titan Company Limited,2021-12-11 14:01:36,TITAN
29-Nov-2021 16:12:03,,https://nsearchives.nseindia.com/corporate/TITAN_29112021161203_78SEInvestorMeetingNovember2021.pdf,Titan Company Limited has informed the Exchange about Schedule of meet,,,Analysts/Institutional Investor Meet/Con. Call Updates,00:00:10,29112021161203,29-Nov-2021 16:12:13,-,False,,,105157646,Gems Jewellery And Watches,INE280A01010,Titan Company Limited,2021-11-29 16:12:03,TITAN
29-Nov-2021 10:27:28,,https://nsearchives.nseindia.com/corporate/TITAN_29112021102728_77SEInvestorMeetingNovember2021.pdf,Titan Company Limited has informed the Exchange about Schedule of meet,,,Analysts/Institutional Investor Meet/Con. Call Updates,00:00:10,29112021102728,29-Nov-2021 10:27:38,-,False,,,105157350,Gems Jewellery And Watches,INE280A01010,Titan Company Limited,2021-11-29 10:27:28,TITAN
26-Nov-2021 15:09:55,,https://nsearchives.nseindia.com/corporate/TITAN_26112021150954_IssueofDuplicateshares26112021.pdf,Titan Company Limited has informed the Exchange about Loss of Share Certificates,,,Loss of Share Certificates,00:00:12,26112021150955,26-Nov-2021 15:10:07,-,False,,,105155938,Gems Jewellery And Watches,INE280A01010,Titan Company Limited,2021-11-26 15:09:55,TITAN
26-Nov-2021 15:09:54,,https://nsearchives.nseindia.com/corporate/TITAN_26112021150954_SELossofsharecertificates26112021.pdf,Titan Company Limited has informed the Exchange about Loss of Share Certificates,,,Loss of Share Certificates,00:00:06,26112021150954,26-Nov-2021 15:10:00,-,False,,,105155937,Gems Jewellery And Watches,INE280A01010,Titan Company Limited,2021-11-26 15:09:54,TITAN
23-Nov-2021 16:22:42,,https://nsearchives.nseindia.com/corporate/TITAN_23112021162242_SELossofsharecertificates23112021.pdf,Titan Company Limited has informed the Exchange about Loss of Share Certificates,,,Loss of Share Certificates,00:00:05,23112021162242,23-Nov-2021 16:22:47,-,False,,,105151958,Gems Jewellery And Watches,INE280A01010,Titan Company Limited,2021-11-23 16:22:42,TITAN
22-Nov-2021 21:12:37,,https://nsearchives.nseindia.com/corporate/TITAN_22112021211237_76SEInvestorMeetingNovember2021.pdf,Titan Company Limited has informed the Exchange about Schedule of meet,,,Analysts/Institutional Investor Meet/Con. Call Updates,00:00:05,22112021211237,22-Nov-2021 21:12:42,-,False,,,105150747,Gems Jewellery And Watches,INE280A01010,Titan Company Limited,2021-11-22 21:12:37,TITAN
22-Nov-2021 17:04:30,,https://nsearchives.nseindia.com/corporate/TITAN_22112021170430_75SEInvestorMeetingNovember2021.pdf,Titan Company Limited has informed the Exchange about Schedule of meet,,,Analysts/Institutional Investor Meet/Con. Call Updates,00:00:03,22112021170430,22-Nov-2021 17:04:33,-,False,,,105150532,Gems Jewellery And Watches,INE280A01010,Titan Company Limited,2021-11-22 17:04:30,TITAN
22-Nov-2021 16:24:05,,https://nsearchives.nseindia.com/corporate/TITAN_22112021162405_74SERelatedPartyTransaction.pdf,Titan Company Limited has informed the Exchange about related Party Transactions,,,Related Party Transactions,00:00:08,22112021162405,22-Nov-2021 16:24:13,-,False,,,105150522,Gems Jewellery And Watches,INE280A01010,Titan Company Limited,2021-11-22 16:24:05,TITAN
18-Nov-2021 17:00:04,,https://nsearchives.nseindia.com/corporate/TITAN_18112021170004_SELossofsharecertificates18112021.pdf,Titan Company Limited has informed the Exchange about Loss of Share Certificates,,,Loss of Share Certificates,00:00:05,18112021170004,18-Nov-2021 17:00:09,-,False,,,105148587,Gems Jewellery And Watches,INE280A01010,Titan Company Limited,2021-11-18 17:00:04,TITAN
17-Nov-2021 11:52:32,,https://nsearchives.nseindia.com/corporate/TITAN_17112021115232_73SEInvestorMeetingNovember2021.pdf,Titan Company Limited has informed the Exchange about Schedule of meet,,,Analysts/Institutional Investor Meet/Con. Call Updates,00:00:05,17112021115232,17-Nov-2021 11:52:37,-,False,,,105146967,Gems Jewellery And Watches,INE280A01010,Titan Company Limited,2021-11-17 11:52:32,TITAN
16-Nov-2021 16:56:56,,https://nsearchives.nseindia.com/corporate/TITAN_16112021165656_SELossofsharecertificates16112021.pdf,Titan Company Limited has informed the Exchange about Loss of Share Certificates,,,Loss of Share Certificates,00:00:06,16112021165656,16-Nov-2021 16:57:02,-,False,,,105145737,Gems Jewellery And Watches,INE280A01010,Titan Company Limited,2021-11-16 16:56:56,TITAN
11-Nov-2021 16:15:05,,https://nsearchives.nseindia.com/corporate/TITAN_11112021161505_SELossofsharecertificates11112021.pdf,Titan Company Limited has informed the Exchange about Loss of Share Certificates,,,Loss of Share Certificates,00:00:10,11112021161505,11-Nov-2021 16:15:15,-,False,,,105139480,Gems Jewellery And Watches,INE280A01010,Titan Company Limited,2021-11-11 16:15:05,TITAN
02-Nov-2021 16:34:03,,https://nsearchives.nseindia.com/corporate/TITAN_02112021163403_071SEarningsCallTranscriptsOctober2021.pdf,Titan Company Limited has informed the Exchange about Earnings Call Transcripts,,,Analysts/Institutional Investor Meet/Con. Call Updates,00:00:11,02112021163403,02-Nov-2021 16:34:14,-,False,,,105130472,Gems Jewellery And Watches,INE280A01010,Titan Company Limited,2021-11-02 16:34:03,TITAN
29-Oct-2021 12:33:36,,https://nsearchives.nseindia.com/corporate/TITAN_29102021123336_70SENewspaperadResultsQ222.pdf,Titan Company Limited has informed the Exchange about Copy of Newspaper Publication,,,Copy of Newspaper Publication,00:00:07,29102021123336,29-Oct-2021 12:33:43,-,False,,,105126036,Gems Jewellery And Watches,INE280A01010,Titan Company Limited,2021-10-29 12:33:36,TITAN
29-Oct-2021 12:31:46,,https://nsearchives.nseindia.com/corporate/TITAN_29102021123146_SELossofsharecertificates28102021.pdf,Titan Company Limited has informed the Exchange about Loss of Share Certificates,,,Loss of Share Certificates,00:00:05,29102021123146,29-Oct-2021 12:31:51,-,False,,,105126034,Gems Jewellery And Watches,INE280A01010,Titan Company Limited,2021-10-29 12:31:46,TITAN
27-Oct-2021 22:01:59,,https://nsearchives.nseindia.com/corporate/TITAN_27102021220159_69SEInvestorCallRecordingQ222.pdf,Titan Company Limited has informed the Exchange about Link of Recording,,,Analysts/Institutional Investor Meet/Con. Call Updates,00:00:07,27102021220159,27-Oct-2021 22:02:06,-,False,,,105123261,Gems Jewellery And Watches,INE280A01010,Titan Company Limited,2021-10-27 22:01:59,TITAN
27-Oct-2021 16:51:02,,https://nsearchives.nseindia.com/corporate/TITAN_27102021165102_SE68InvestorpptQ222.pdf,Titan Company Limited has informed the Exchange about Investor Presentation,,,Investor Presentation,00:00:05,27102021165102,27-Oct-2021 16:51:07,-,False,,,105123007,Gems Jewellery And Watches,INE280A01010,Titan Company Limited,2021-10-27 16:51:02,TITAN
27-Oct-2021 16:31:59,,https://nsearchives.nseindia.com/corporate/TITAN_27102021163159_SEIntimationQ222.pdf,"Titan Company Limited has informed the Exchange regarding  Board meeting held on October 27, 2021.",,,Outcome of Board Meeting,00:00:11,27102021163159,27-Oct-2021 16:32:10,-,False,,,105122989,Gems Jewellery And Watches,INE280A01010,Titan Company Limited,2021-10-27 16:31:59,TITAN
27-Oct-2021 16:29:53,,https://nsearchives.nseindia.com/corporate/SEIntimationQ222_27102021162953.pdf,"Titan Company Limited has submitted to the Exchange, the financial results for the period ended September 30, 2021.",,,Financial Result Updates,00:01:08,27102021162953,27-Oct-2021 16:31:01,-,False,,,144820,Gems Jewellery And Watches,INE280A01010,Titan Company Limited,2021-10-27 16:29:53,TITAN
14-Oct-2021 16:17:57,,https://nsearchives.nseindia.com/corporate/TITAN_14102021161757_065SEEarningsCallOctober2021.pdf,Titan Company Limited has informed the Exchange about Second quarter earnings call for Q2 FY 2021-22,,,Analysts/Institutional Investor Meet/Con. Call Updates,00:00:15,14102021161757,14-Oct-2021 16:18:12,-,False,,,105110448,Gems Jewellery And Watches,INE280A01010,Titan Company Limited,2021-10-14 16:17:57,TITAN
06-Oct-2021 15:47:36,,https://nsearchives.nseindia.com/corporate/TITAN_06102021154736_Intimationtowardslossofshares06Oct21.pdf,Titan Company Limited has informed the Exchange about Loss of Share Certificates,,,Loss of Share Certificates,00:00:06,06102021154736,06-Oct-2021 15:47:42,-,False,,,105100573,Gems Jewellery And Watches,INE280A01010,Titan Company Limited,2021-10-06 15:47:36,TITAN
06-Oct-2021 15:46:22,,https://nsearchives.nseindia.com/corporate/TITAN_06102021154622_063SEQuarterlyUpdateQ2FY22.pdf,Titan Company Limited has informed the Exchange regarding 'Quarterly Update - Q2 FY 2021-22'.,,,Updates,00:00:05,06102021154622,06-Oct-2021 15:46:27,-,False,,,105100572,Gems Jewellery And Watches,INE280A01010,Titan Company Limited,2021-10-06 15:46:22,TITAN
29-Sep-2021 16:59:49,,https://nsearchives.nseindia.com/corporate/TITAN_29092021165949_Intimationtowardslossofshares29Sep21.pdf,Titan Company Limited has informed the Exchange about Loss of Share Certificates,,,Loss of Share Certificates,00:00:03,29092021165949,29-Sep-2021 16:59:52,-,False,,,105090414,Gems Jewellery And Watches,INE280A01010,Titan Company Limited,2021-09-29 16:59:49,TITAN
23-Sep-2021 09:35:36,,https://nsearchives.nseindia.com/corporate/TITAN_23092021093536_Intimationtowardslossofshares22Sep21.pdf,Titan Company Limited has informed the Exchange about Loss of Share Certificates,,,Loss of Share Certificates,00:00:06,23092021093536,23-Sep-2021 09:35:42,-,False,,,105082932,Gems Jewellery And Watches,INE280A01010,Titan Company Limited,2021-09-23 09:35:36,TITAN
22-Sep-2021 10:12:40,,https://nsearchives.nseindia.com/corporate/TITAN_22092021101240_61SETradingWindowClosure.pdf,"Titan Company Limited has informed the Exchange regarding the Trading Window closure pursuant to SEBI (Prohibition of Insider Trading) Regulations, 2015",,,Trading Window,00:00:06,22092021101240,22-Sep-2021 10:12:46,-,False,,,105081387,Gems Jewellery And Watches,INE280A01010,Titan Company Limited,2021-09-22 10:12:40,TITAN
21-Sep-2021 16:23:55,,https://nsearchives.nseindia.com/corporate/TITAN_21092021162355_SEintimationduplicateshare.pdf,Titan Company Limited has informed the Exchange about Loss of Share Certificates,,,Loss of Share Certificates,00:00:06,21092021162355,21-Sep-2021 16:24:01,-,False,,,105080491,Gems Jewellery And Watches,INE280A01010,Titan Company Limited,2021-09-21 16:23:55,TITAN
20-Sep-2021 09:45:52,,https://nsearchives.nseindia.com/corporate/TITAN_20092021094552_60SEInvestorMeetingSeptember2021.pdf,Titan Company Limited has informed the Exchange about Analysts/Institutional Investor Meet/Con. Call Updates,,,Analysts/Institutional Investor Meet/Con. Call Updates,00:00:04,20092021094552,20-Sep-2021 09:45:56,-,False,,,105078372,Gems Jewellery And Watches,INE280A01010,Titan Company Limited,2021-09-20 09:45:52,TITAN
17-Sep-2021 10:16:31,,https://nsearchives.nseindia.com/corporate/TITAN_17092021101631_59SEInvestorMeetingSeptember2021.pdf,Titan Company Limited has informed the Exchange about Analysts/Institutional Investor Meet/Con. Call Updates,,,Analysts/Institutional Investor Meet/Con. Call Updates,00:00:05,17092021101631,17-Sep-2021 10:16:36,-,False,,,105076616,Gems Jewellery And Watches,INE280A01010,Titan Company Limited,2021-09-17 10:16:31,TITAN
15-Sep-2021 16:54:41,,https://nsearchives.nseindia.com/corporate/TITAN_15092021165441_Intimationtowardsissueofduplicateshares15Sep21.pdf,Titan Company Limited has informed the Exchange about Loss of Share Certificates,,,Loss of Share Certificates,00:00:05,15092021165441,15-Sep-2021 16:54:46,-,False,,,105074082,Gems Jewellery And Watches,INE280A01010,Titan Company Limited,2021-09-15 16:54:41,TITAN
14-Sep-2021 10:33:07,,https://nsearchives.nseindia.com/corporate/TITAN_14092021103307_58SEInvestorMeetingSeptember2021.pdf,Titan Company Limited has informed the Exchange about Analysts/Institutional Investor Meet/Con. Call Updates,,,Analysts/Institutional Investor Meet/Con. Call Updates,00:00:04,14092021103307,14-Sep-2021 10:33:11,-,False,,,105072039,Gems Jewellery And Watches,INE280A01010,Titan Company Limited,2021-09-14 10:33:07,TITAN
11-Sep-2021 20:23:06,,https://nsearchives.nseindia.com/corporate/TITAN_11092021202305_Intimationtowardslossofshares11092021.pdf,Titan Company Limited has informed the Exchange about Loss of Share Certificates,,,Loss of Share Certificates,00:00:06,11092021202306,11-Sep-2021 20:23:12,-,False,,,105070334,Gems Jewellery And Watches,INE280A01010,Titan Company Limited,2021-09-11 20:23:06,TITAN
11-Sep-2021 20:23:05,,https://nsearchives.nseindia.com/corporate/TITAN_11092021202305_Intimationtowardsissueofduplicateshares11Sep21.pdf,Titan Company Limited has informed the Exchange about Loss of Share Certificates,,,Loss of Share Certificates,00:00:05,11092021202305,11-Sep-2021 20:23:10,-,False,,,105070333,Gems Jewellery And Watches,INE280A01010,Titan Company Limited,2021-09-11 20:23:05,TITAN
08-Sep-2021 09:17:56,,https://nsearchives.nseindia.com/corporate/TITAN_08092021091756_57SEInvestorMeetingSeptember2021.pdf,Titan Company Limited has informed the Exchange about Analysts/Institutional Investor Meet/Con. Call Updates,,,Analysts/Institutional Investor Meet/Con. Call Updates,00:00:03,08092021091756,08-Sep-2021 09:17:59,-,False,,,105066608,Gems Jewellery And Watches,INE280A01010,Titan Company Limited,2021-09-08 09:17:56,TITAN
03-Sep-2021 16:45:52,,https://nsearchives.nseindia.com/corporate/TITAN_03092021164552_Intimationtowardslossofshares03092021.pdf,Titan Company Limited has informed the Exchange about Loss of Share Certificates,,,Loss of Share Certificates,00:00:05,03092021164552,03-Sep-2021 16:45:57,-,False,,,105061318,Gems Jewellery And Watches,INE280A01010,Titan Company Limited,2021-09-03 16:45:52,TITAN
30-Aug-2021 20:47:50,,https://nsearchives.nseindia.com/corporate/TITAN_30082021204750_56SEInvestorMeetingAugust2021.pdf,Titan Company Limited has informed the Exchange about Analysts/Institutional Investor Meet/Con. Call Updates,,,Analysts/Institutional Investor Meet/Con. Call Updates,00:00:05,30082021204750,30-Aug-2021 20:47:55,-,False,,,105054672,Gems Jewellery And Watches,INE280A01010,Titan Company Limited,2021-08-30 20:47:50,TITAN
24-Aug-2021 15:46:09,,https://nsearchives.nseindia.com/corporate/TITAN_24082021154608_SEintimationlossofshares.pdf,Titan Company Limited has informed the Exchange about Loss of Share Certificates,,,Loss of Share Certificates,00:00:09,24082021154609,24-Aug-2021 15:46:18,-,False,,,105047304,Gems Jewellery And Watches,INE280A01010,Titan Company Limited,2021-08-24 15:46:09,TITAN
24-Aug-2021 15:46:08,,https://nsearchives.nseindia.com/corporate/TITAN_24082021154608_SEintimationduplicate.pdf,Titan Company Limited has informed the Exchange about Loss of Share Certificates,,,Loss of Share Certificates,00:00:04,24082021154608,24-Aug-2021 15:46:12,-,False,,,105047303,Gems Jewellery And Watches,INE280A01010,Titan Company Limited,2021-08-24 15:46:08,TITAN
19-Aug-2021 16:22:58,,https://nsearchives.nseindia.com/corporate/TITAN_19082021162258_55SEInvestorMeetingAugust2021.pdf,Titan Company Limited has informed the Exchange about Analysts/Institutional Investor Meet/Con. Call Updates,,,Analysts/Institutional Investor Meet/Con. Call Updates,00:00:05,19082021162258,19-Aug-2021 16:23:03,-,False,,,105042640,Gems Jewellery And Watches,INE280A01010,Titan Company Limited,2021-08-19 16:22:58,TITAN
13-Aug-2021 09:56:05,,https://nsearchives.nseindia.com/corporate/TITAN_13082021095604_Intimationtowardslossofshares13082021.pdf,Titan Company Limited has informed the Exchange about Loss of Share Certificates,,,Loss of Share Certificates,00:00:11,13082021095605,13-Aug-2021 09:56:16,-,False,,,105035304,Gems Jewellery And Watches,INE280A01010,Titan Company Limited,2021-08-13 09:56:05,TITAN
12-Aug-2021 14:24:56,,https://nsearchives.nseindia.com/corporate/TITAN_12082021142456_054SEChangeofTIDCOnominee.pdf,Titan Company Limited has informed the Exchange regarding Change in Director(s) of the company.,,,Change in Director(s),00:00:33,12082021142456,12-Aug-2021 14:25:29,-,False,,,105033898,Gems Jewellery And Watches,INE280A01010,Titan Company Limited,2021-08-12 14:24:56,TITAN
11-Aug-2021 10:42:32,,https://nsearchives.nseindia.com/corporate/TITAN_11082021104232_53SEInvestorMeetingJAugust2021.pdf,Titan Company Limited has informed the Exchange about Analysts/Institutional Investor Meet/Con. Call Updates,,,Analysts/Institutional Investor Meet/Con. Call Updates,00:00:07,11082021104232,11-Aug-2021 10:42:39,-,False,,,105031782,Gems Jewellery And Watches,INE280A01010,Titan Company Limited,2021-08-11 10:42:32,TITAN
09-Aug-2021 16:46:36,,https://nsearchives.nseindia.com/corporate/TITAN_09082021164636_052SEarningsCallTranscriptsAugust2021.pdf,Titan Company Limited has informed the Exchange about Analysts/Institutional Investor Meet/Con. Call Updates,,,Analysts/Institutional Investor Meet/Con. Call Updates,00:00:05,09082021164636,09-Aug-2021 16:46:41,-,False,,,105028330,Gems Jewellery And Watches,INE280A01010,Titan Company Limited,2021-08-09 16:46:36,TITAN
05-Aug-2021 12:31:04,,https://nsearchives.nseindia.com/corporate/TITAN_05082021123104_051SENewspaperadQ1Results.pdf,Titan Company Limited has informed the Exchange about Copy of Newspaper Publication,,,Copy of Newspaper Publication,00:00:08,05082021123104,05-Aug-2021 12:31:12,-,False,,,105023537,Gems Jewellery And Watches,INE280A01010,Titan Company Limited,2021-08-05 12:31:04,TITAN
04-Aug-2021 22:04:08,,https://nsearchives.nseindia.com/corporate/TITAN_04082021220408_050SEIntimation4thAug2021.pdf,Titan Company Limited has informed the Exchange about Analysts/Institutional Investor Meet/Con. Call Updates,,,Analysts/Institutional Investor Meet/Con. Call Updates,00:00:05,04082021220408,04-Aug-2021 22:04:13,-,False,,,105022169,Gems Jewellery And Watches,INE280A01010,Titan Company Limited,2021-08-04 22:04:08,TITAN
04-Aug-2021 17:35:58,,https://nsearchives.nseindia.com/corporate/TITAN_04082021173558_049SEEarningscallppt.pdf,Titan Company Limited has informed the Exchange about Investor Presentation,,,Investor Presentation,00:00:11,04082021173558,04-Aug-2021 17:36:09,-,False,,,105021951,Gems Jewellery And Watches,INE280A01010,Titan Company Limited,2021-08-04 17:35:58,TITAN
04-Aug-2021 16:32:07,,https://nsearchives.nseindia.com/corporate/048SEQ1Results_04082021163207.pdf,"Titan Company Limited has submitted to the Exchange, the financial results for the period ended June 30, 2021.",,,Financial Result Updates,00:01:59,04082021163207,04-Aug-2021 16:34:06,-,False,,,143273,Gems Jewellery And Watches,INE280A01010,Titan Company Limited,2021-08-04 16:32:07,TITAN
03-Aug-2021 15:32:40,,https://nsearchives.nseindia.com/corporate/TITAN_03082021153240_047SENewspaperadDPT1.pdf,Titan Company Limited has informed the Exchange about Copy of Newspaper Publication,,,Copy of Newspaper Publication,00:00:06,03082021153240,03-Aug-2021 15:32:46,-,False,,,105019849,Gems Jewellery And Watches,INE280A01010,Titan Company Limited,2021-08-03 15:32:40,TITAN
03-Aug-2021 14:49:53,,https://nsearchives.nseindia.com/corporate/TITAN_03082021144953_046SEReappoinrmentofMrPuri.pdf,Titan Company Limited has informed the Exchange regarding Change in Director(s) of the company.,,,Change in Director(s),00:00:07,03082021144953,03-Aug-2021 14:50:00,-,False,,,105019806,Gems Jewellery And Watches,INE280A01010,Titan Company Limited,2021-08-03 14:49:53,TITAN
03-Aug-2021 12:50:51,,https://nsearchives.nseindia.com/corporate/TITAN_03082021125051_045SEProceedingsofAGM2ndAug2021.pdf,"Titan Company Limited has informed the Exchange regarding Proceedings of Annual General Meeting held on August 02, 2021. Further, the company has submitted the Exchange a copy of Srutinizers report along with voting results.",,,Shareholders meeting,00:00:05,03082021125051,03-Aug-2021 12:50:56,-,False,,,105019679,Gems Jewellery And Watches,INE280A01010,Titan Company Limited,2021-08-03 12:50:51,TITAN
28-Jul-2021 08:26:51,,https://nsearchives.nseindia.com/corporate/TITAN_28072021082650_Intimationtowardsissueofduplicateshares.pdf,Titan Company Limited has informed the Exchange about Loss of Share Certificates,,,Loss of Share Certificates,00:00:04,28072021082651,28-Jul-2021 08:26:55,-,False,,,105010804,Gems Jewellery And Watches,INE280A01010,Titan Company Limited,2021-07-28 08:26:51,TITAN
26-Jul-2021 15:44:47,,https://nsearchives.nseindia.com/corporate/TITAN_26072021154447_044SEEarningsCallAugust2021.pdf,Titan Company Limited has informed the Exchange about Analysts/Institutional Investor Meet/Con. Call Updates,,,Analysts/Institutional Investor Meet/Con. Call Updates,00:00:06,26072021154447,26-Jul-2021 15:44:53,-,False,,,105007737,Gems Jewellery And Watches,INE280A01010,Titan Company Limited,2021-07-26 15:44:47,TITAN
18-Jul-2021 11:03:13,,https://nsearchives.nseindia.com/corporate/TITAN_18072021110313_041SETitanCRISILReating.pdf,Titan Company Limited has informed the Exchange about Credit Rating,,,Credit Rating,00:00:04,18072021110313,18-Jul-2021 11:03:17,-,False,,,104998922,Gems Jewellery And Watches,INE280A01010,Titan Company Limited,2021-07-18 11:03:13,TITAN
15-Jul-2021 12:17:52,,https://nsearchives.nseindia.com/corporate/TITAN_15072021121752_Lossofsharecertificates15July2021.pdf,Titan Company Limited has informed the Exchange about Loss of Share Certificates,,,Loss of Share Certificates,00:00:08,15072021121752,15-Jul-2021 12:18:00,-,False,,,104995689,Gems Jewellery And Watches,INE280A01010,Titan Company Limited,2021-07-15 12:17:52,TITAN
06-Jul-2021 18:41:00,,https://nsearchives.nseindia.com/corporate/TITAN_06072021184100_040SEQuarterlyUpdateQ1FY22.pdf,Titan Company Limited has informed the Exchange regarding 'Quarterly Update   Q1 FY 2021-22'.,,,Updates,00:00:04,06072021184100,06-Jul-2021 18:41:04,-,False,,,104983384,Gems Jewellery And Watches,INE280A01010,Titan Company Limited,2021-07-06 18:41:00,TITAN
06-Jul-2021 11:32:44,,https://nsearchives.nseindia.com/corporate/TITAN_06072021113244_39SENewspaperadDispatchofAnnualReport.pdf,Titan Company Limited has informed the Exchange about Copy of Newspaper Publication,,,Copy of Newspaper Publication,00:00:03,06072021113244,06-Jul-2021 11:32:47,-,False,,,104983019,Gems Jewellery And Watches,INE280A01010,Titan Company Limited,2021-07-06 11:32:44,TITAN
05-Jul-2021 14:40:08,,https://nsearchives.nseindia.com/corporate/TITAN_05072021144008_38SENoticeofAGMAnnualReport202021.pdf,"Titan Company Limited has informed the Exchange regarding Notice of Annual General Meeting to be held on August 02, 2021",,,Shareholders meeting,00:00:11,05072021144008,05-Jul-2021 14:40:19,-,False,,,104981433,Gems Jewellery And Watches,INE280A01010,Titan Company Limited,2021-07-05 14:40:08,TITAN
03-Jul-2021 22:30:07,,https://nsearchives.nseindia.com/corporate/TITAN_03072021223007_37SENoticceofAGMNewspaperad.pdf,Titan Company Limited has informed the Exchange about Copy of Newspaper Publication,,,Copy of Newspaper Publication,00:00:04,03072021223007,03-Jul-2021 22:30:11,-,False,,,104980658,Gems Jewellery And Watches,INE280A01010,Titan Company Limited,2021-07-03 22:30:07,TITAN
01-Jul-2021 12:19:09,,https://nsearchives.nseindia.com/corporate/TITAN_01072021121909_36SEKMPMaterialityPolicy.pdf,Titan Company Limited has informed the Exchange about change in Management,,,Change in Management,00:00:11,01072021121909,01-Jul-2021 12:19:20,-,False,,,104977470,Gems Jewellery And Watches,INE280A01010,Titan Company Limited,2021-07-01 12:19:09,TITAN
29-Jun-2021 09:59:21,,https://nsearchives.nseindia.com/corporate/TITAN_29062021095921_35SEInvestorMeetingJune2021.pdf,Titan Company Limited has informed the Exchange about Analysts/Institutional Investor Meet/Con. Call Updates,,,Analysts/Institutional Investor Meet/Con. Call Updates,00:00:05,29062021095921,29-Jun-2021 09:59:26,-,False,,,104971594,Gems Jewellery And Watches,INE280A01010,Titan Company Limited,2021-06-29 09:59:21,TITAN
28-Jun-2021 13:47:43,,https://nsearchives.nseindia.com/corporate/TITAN_28062021134743_34SECFOAppointment.pdf,"Titan Company Limited has informed the Exchange regarding Appointment of Mr Ashok Kumar as Chief Financial Officer of the company w.e.f. July 01, 2021.",,,Appointment,00:00:05,28062021134743,28-Jun-2021 13:47:48,-,False,,,104970124,Gems Jewellery And Watches,INE280A01010,Titan Company Limited,2021-06-28 13:47:43,TITAN
25-Jun-2021 22:29:15,,https://nsearchives.nseindia.com/corporate/TITAN_25062021222915_33SERatingsUpdatefromICRA.pdf,Titan Company Limited has informed the Exchange about Credit Rating,,,Credit Rating,00:00:06,25062021222915,25-Jun-2021 22:29:21,-,False,,,104968370,Gems Jewellery And Watches,INE280A01010,Titan Company Limited,2021-06-25 22:29:15,TITAN
23-Jun-2021 10:10:13,,https://nsearchives.nseindia.com/corporate/TITAN_23062021101013_32SEInvestorMeetingJune2021.pdf,Titan Company Limited has informed the Exchange about Analysts/Institutional Investor Meet/Con. Call Updates,,,Analysts/Institutional Investor Meet/Con. Call Updates,00:00:11,23062021101013,23-Jun-2021 10:10:24,-,False,,,104963758,Gems Jewellery And Watches,INE280A01010,Titan Company Limited,2021-06-23 10:10:13,TITAN
21-Jun-2021 11:44:54,,https://nsearchives.nseindia.com/corporate/TITAN_21062021114454_31SETradingWindowClosure.pdf,"Titan Company Limited has informed the Exchange regarding the Trading Window closure pursuant to SEBI (Prohibition of Insider Trading) Regulations, 2015",,,Trading Window,00:00:05,21062021114454,21-Jun-2021 11:44:59,-,False,,,104959396,Gems Jewellery And Watches,INE280A01010,Titan Company Limited,2021-06-21 11:44:54,TITAN
17-Jun-2021 13:15:20,,https://nsearchives.nseindia.com/corporate/TITAN_17062021131520_Lossofsharecertificates17June2021.pdf,Titan Company Limited has informed the Exchange about Loss of Share Certificates,,,Loss of Share Certificates,00:00:15,17062021131520,17-Jun-2021 13:15:35,-,False,,,104955012,Gems Jewellery And Watches,INE280A01010,Titan Company Limited,2021-06-17 13:15:20,TITAN
17-Jun-2021 13:04:29,,https://nsearchives.nseindia.com/corporate/TITAN_17062021130429_30SEChangeofTIDCOnominee.pdf,Titan Company Limited has informed the Exchange regarding Change in Director(s) of the company.,,,Change in Director(s),00:00:07,17062021130429,17-Jun-2021 13:04:36,-,False,,,104955008,Gems Jewellery And Watches,INE280A01010,Titan Company Limited,2021-06-17 13:04:29,TITAN
14-Jun-2021 12:30:58,,https://nsearchives.nseindia.com/corporate/TITAN_14062021123058_29SEInvestorMeetingJune2021.pdf,Titan Company Limited has informed the Exchange about Analysts/Institutional Investor Meet/Con. Call Updates,,,Analysts/Institutional Investor Meet/Con. Call Updates,00:00:06,14062021123058,14-Jun-2021 12:31:04,-,False,,,104949110,Gems Jewellery And Watches,INE280A01010,Titan Company Limited,2021-06-14 12:30:58,TITAN
09-Jun-2021 18:31:56,,https://nsearchives.nseindia.com/corporate/TITAN_09062021183155_28SEInvestorMeetingJune2021.pdf,Titan Company Limited has informed the Exchange about Analysts/Institutional Investor Meet/Con. Call Updates,,,Analysts/Institutional Investor Meet/Con. Call Updates,00:00:04,09062021183156,09-Jun-2021 18:32:00,-,False,,,104943333,Gems Jewellery And Watches,INE280A01010,Titan Company Limited,2021-06-09 18:31:56,TITAN
07-Jun-2021 16:50:58,,https://nsearchives.nseindia.com/corporate/TITAN_07062021165058_27SEIntimationforBookClosure.pdf,Titan Company Limited has informed the Exchange that Register of Members & Share Transfer Books of the Company will remain closed from 24-Jul-2021 to 02-Aug-2021 for the purpose of Dividend.,,,Book Closure,00:00:10,07062021165058,07-Jun-2021 16:51:08,-,False,,,104939420,Gems Jewellery And Watches,INE280A01010,Titan Company Limited,2021-06-07 16:50:58,TITAN
07-Jun-2021 16:35:17,,https://nsearchives.nseindia.com/corporate/TITAN_07062021163517_26SEIntimationforAGMDate.pdf,"Titan Company Limited has informed the Exchange regarding Notice of Annual General Meeting to be held on August 02, 2021",,,Shareholders meeting,00:00:09,07062021163517,07-Jun-2021 16:35:26,-,False,,,104939398,Gems Jewellery And Watches,INE280A01010,Titan Company Limited,2021-06-07 16:35:17,TITAN
07-Jun-2021 16:03:16,,https://nsearchives.nseindia.com/corporate/TITAN_07062021160316_25SENewspaperadCommunicationtoshareholdersIEPF.pdf,Titan Company Limited has informed the Exchange about Copy of Newspaper Publication,,,Copy of Newspaper Publication,00:00:06,07062021160316,07-Jun-2021 16:03:22,-,False,,,104939374,Gems Jewellery And Watches,INE280A01010,Titan Company Limited,2021-06-07 16:03:16,TITAN
06-Jun-2021 19:07:09,,https://nsearchives.nseindia.com/corporate/TITAN_06062021190709_TITAN.pdf,Titan Company Limited has informed the Exchange regarding 'Newspaper advertisement for transfer of equity shares to IEPF'.,,,Updates,00:00:06,06062021190709,06-Jun-2021 19:07:15,-,False,,,104938215,Gems Jewellery And Watches,INE280A01010,Titan Company Limited,2021-06-06 19:07:09,TITAN
01-Jun-2021 20:09:10,,https://nsearchives.nseindia.com/corporate/TITAN_01062021200910_DuplicateshareTWP0001221.pdf,Titan Company Limited has informed the Exchange about Loss of Share Certificates,,,Loss of Share Certificates,00:00:10,01062021200910,01-Jun-2021 20:09:20,-,False,,,104931513,Gems Jewellery And Watches,INE280A01010,Titan Company Limited,2021-06-01 20:09:10,TITAN
01-Jun-2021 20:02:53,,https://nsearchives.nseindia.com/corporate/TITAN_01062021200253_24SEInvestorMeetingJune2021.pdf,Titan Company Limited has informed the Exchange about Analysts/Institutional Investor Meet/Con. Call Updates,,,Analysts/Institutional Investor Meet/Con. Call Updates,00:00:05,01062021200253,01-Jun-2021 20:02:58,-,False,,,104931511,Gems Jewellery And Watches,INE280A01010,Titan Company Limited,2021-06-01 20:02:53,TITAN
27-May-2021 14:11:33,,https://nsearchives.nseindia.com/corporate/TITAN_27052021141133_23SEInvestorMeetingMay2021.pdf,Titan Company Limited has informed the Exchange about Analysts/Institutional Investor Meet/Con. Call Updates,,,Analysts/Institutional Investor Meet/Con. Call Updates,00:00:42,27052021141133,27-May-2021 14:12:15,-,False,,,104924776,Gems Jewellery And Watches,INE280A01010,Titan Company Limited,2021-05-27 14:11:33,TITAN
24-May-2021 20:53:00,,https://nsearchives.nseindia.com/corporate/TITAN_24052021205300_22SERelatedPartyTransaction.pdf,Titan Company Limited has informed the Exchange about related Party Transactions,,,Related Party Transactions,00:00:09,24052021205300,24-May-2021 20:53:09,-,False,,,104919635,Gems Jewellery And Watches,INE280A01010,Titan Company Limited,2021-05-24 20:53:00,TITAN
20-May-2021 11:58:25,,https://nsearchives.nseindia.com/corporate/TITAN_20052021115825_21SEInvestorMeetingMay2021.pdf,Titan Company Limited has informed the Exchange about Analysts/Institutional Investor Meet/Con. Call Updates,,,Analysts/Institutional Investor Meet/Con. Call Updates,00:00:07,20052021115825,20-May-2021 11:58:32,-,False,,,104914851,Gems Jewellery And Watches,INE280A01010,Titan Company Limited,2021-05-20 11:58:25,TITAN
13-May-2021 12:44:49,,https://nsearchives.nseindia.com/corporate/TITAN_13052021124449_DuplicateshareTWS0000444.pdf,Titan Company Limited has informed the Exchange about Loss of Share Certificates,,,Loss of Share Certificates,00:00:07,13052021124449,13-May-2021 12:44:56,-,False,,,104905657,Gems Jewellery And Watches,INE280A01010,Titan Company Limited,2021-05-13 12:44:49,TITAN
11-May-2021 20:42:19,,https://nsearchives.nseindia.com/corporate/TITAN_11052021204219_19SEInvestorMeetingMay2021.pdf,Titan Company Limited has informed the Exchange about Analysts/Institutional Investor Meet/Con. Call Updates,,,Analysts/Institutional Investor Meet/Con. Call Updates,00:00:10,11052021204219,11-May-2021 20:42:29,-,False,,,104903043,Gems Jewellery And Watches,INE280A01010,Titan Company Limited,2021-05-11 20:42:19,TITAN
07-May-2021 18:32:26,,https://nsearchives.nseindia.com/corporate/TITAN_07052021183226_DuplicateshareTWK0022229.pdf,Titan Company Limited has informed the Exchange about Loss of Share Certificates,,,Loss of Share Certificates,00:00:10,07052021183226,07-May-2021 18:32:36,-,False,,,104898840,Gems Jewellery And Watches,INE280A01010,Titan Company Limited,2021-05-07 18:32:26,TITAN
01-May-2021 14:34:22,,https://nsearchives.nseindia.com/corporate/TITAN_01052021143422_16SENewspaperadQ4results.pdf,Titan Company Limited has informed the Exchange about Copy of Newspaper Publication,,,Copy of Newspaper Publication,00:00:10,01052021143422,01-May-2021 14:34:32,-,False,,,104889946,Gems Jewellery And Watches,INE280A01010,Titan Company Limited,2021-05-01 14:34:22,TITAN
30-Apr-2021 18:44:09,,https://nsearchives.nseindia.com/corporate/TITAN_30042021184409_15SENewSubsidiaryinUSA.pdf,Titan Company Limited has informed the Exchange about Acquisition,,,Acquisition,00:00:08,30042021184409,30-Apr-2021 18:44:17,-,False,,,104888857,Gems Jewellery And Watches,INE280A01010,Titan Company Limited,2021-04-30 18:44:09,TITAN
29-Apr-2021 18:15:31,,https://nsearchives.nseindia.com/corporate/TITAN_29042021181530_InvestorPresentation.pdf,Titan Company Limited has informed the Exchange about Investor Presentation,,,Investor Presentation,00:00:07,29042021181531,29-Apr-2021 18:15:38,-,False,,,104886797,Gems Jewellery And Watches,INE280A01010,Titan Company Limited,2021-04-29 18:15:31,TITAN
29-Apr-2021 18:07:11,,https://nsearchives.nseindia.com/corporate/TITAN_29042021180711_Outcome.pdf,"Titan Company Limited has informed the Exchange that Board of Directors at its meeting held on April 29, 2021, recommended Final Dividend of 4 per equity share.",,,Dividend,00:00:05,29042021180711,29-Apr-2021 18:07:16,-,False,,,104886791,Gems Jewellery And Watches,INE280A01010,Titan Company Limited,2021-04-29 18:07:11,TITAN
29-Apr-2021 18:01:32,,https://nsearchives.nseindia.com/corporate/Results_29042021180132.pdf,"Titan Company Limited has submitted to the Exchange, the financial results for the period ended March 31, 2021.",,,Financial Result Updates,00:01:29,29042021180132,29-Apr-2021 18:03:01,-,False,,,140869,Gems Jewellery And Watches,INE280A01010,Titan Company Limited,2021-04-29 18:01:32,TITAN
28-Apr-2021 17:33:46,,https://nsearchives.nseindia.com/corporate/TITAN_28042021173346_011SEEarningsCallApril2021.pdf,Titan Company Limited has informed the Exchange about Analysts/Institutional Investor Meet/Con. Call Updates,,,Analysts/Institutional Investor Meet/Con. Call Updates,00:00:11,28042021173346,28-Apr-2021 17:33:57,-,False,,,104884575,Gems Jewellery And Watches,INE280A01010,Titan Company Limited,2021-04-28 17:33:46,TITAN
26-Apr-2021 20:40:09,,https://nsearchives.nseindia.com/corporate/TITAN_26042021204009_009SECreditRating.pdf,Titan Company Limited has informed the Exchange about Credit Rating,,,Credit Rating,00:00:10,26042021204009,26-Apr-2021 20:40:19,-,False,,,104880515,Gems Jewellery And Watches,INE280A01010,Titan Company Limited,2021-04-26 20:40:09,TITAN
23-Apr-2021 11:43:23,,https://nsearchives.nseindia.com/corporate/TITAN_23042021114323_SEintistepsubsidiary.pdf,Titan Company Limited has informed the Exchange about Incorporation of a new step down subsidiary,,,Acquisition,00:00:11,23042021114323,23-Apr-2021 11:43:34,-,False,,,104877617,Gems Jewellery And Watches,INE280A01010,Titan Company Limited,2021-04-23 11:43:23,TITAN
20-Apr-2021 17:44:56,,https://nsearchives.nseindia.com/corporate/TITAN_20042021174456_007SEEarningsCallApril2021.pdf,Titan Company Limited has informed the Exchange about Analysts/Institutional Investor Meet/Con. Call Updates,,,Analysts/Institutional Investor Meet/Con. Call Updates,00:00:05,20042021174456,20-Apr-2021 17:45:01,-,False,,,104873031,Gems Jewellery And Watches,INE280A01010,Titan Company Limited,2021-04-20 17:44:56,TITAN
19-Apr-2021 09:18:26,,https://nsearchives.nseindia.com/corporate/TITAN_19042021091826_Titan_Company_Limited.pdf,"��Promoter/Member of the Promoter Group of the Company has informed the Exchange regarding disclosure under Regulation 30 of SEBI SAST Regulations, 2011��as at March 31, 2021.��",,,Disclosure under SEBI Takeover Regulations,00:00:03,19042021091826,19-Apr-2021 09:18:29,-,False,,,104869744,Gems Jewellery And Watches,INE280A01010,Titan Company Limited,2021-04-19 09:18:26,TITAN
14-Apr-2021 14:48:17,,https://nsearchives.nseindia.com/corporate/TITAN_14042021144817_Lossofsharecertificates14April2021.pdf,Titan Company Limited has informed the Exchange about Loss of Share Certificates,,,Loss of Share Certificates,00:00:03,14042021144817,14-Apr-2021 14:48:20,-,False,,,104864171,Gems Jewellery And Watches,INE280A01010,Titan Company Limited,2021-04-14 14:48:17,TITAN
08-Apr-2021 13:32:14,,https://nsearchives.nseindia.com/corporate/TITAN_08042021133214_003SENewspaperadNoticeoftheBM.pdf,Titan Company Limited has informed the Exchange about Copy of Newspaper Publication,,,Copy of Newspaper Publication,00:00:06,08042021133214,08-Apr-2021 13:32:20,-,False,,,104855506,Gems Jewellery And Watches,INE280A01010,Titan Company Limited,2021-04-08 13:32:14,TITAN
07-Apr-2021 09:24:00,,https://nsearchives.nseindia.com/corporate/TITAN_07042021092400_001SEQuarterlyUpdateQ4FY21.pdf,Titan Company Limited has informed the Exchange regarding 'Quarterly Update   Q4 FY 2020-21'.,,,Updates,00:00:16,07042021092400,07-Apr-2021 09:24:16,-,False,,,104851851,Gems Jewellery And Watches,INE280A01010,Titan Company Limited,2021-04-07 09:24:00,TITAN
06-Apr-2021 12:42:32,,https://nsearchives.nseindia.com/corporate/TITAN_06042021124232_Lossofsharecertificates06April2021.pdf,Titan Company Limited has informed the Exchange about Loss of Share Certificates,,,Loss of Share Certificates,00:00:04,06042021124232,06-Apr-2021 12:42:36,-,False,,,104850143,Gems Jewellery And Watches,INE280A01010,Titan Company Limited,2021-04-06 12:42:32,TITAN
22-Mar-2021 16:53:24,,https://nsearchives.nseindia.com/corporate/TITAN_22032021165324_Lossofsharecertificates22Mar2021.pdf,Titan Company Limited has informed the Exchange about Loss of Share Certificates,,,Loss of Share Certificates,00:00:05,22032021165324,22-Mar-2021 16:53:29,-,False,,,104826962,Gems Jewellery And Watches,INE280A01010,Titan Company Limited,2021-03-22 16:53:24,TITAN
22-Mar-2021 11:15:33,,https://nsearchives.nseindia.com/corporate/TITAN_22032021111533_125SETradingWindowClosure.pdf,"Titan Company Limited has informed the Exchange regarding the Trading Window closure pursuant to SEBI (Prohibition of Insider Trading) Regulations, 2015",,,Trading Window,00:00:05,22032021111533,22-Mar-2021 11:15:38,-,False,,,104826660,Gems Jewellery And Watches,INE280A01010,Titan Company Limited,2021-03-22 11:15:33,TITAN
18-Mar-2021 16:26:51,,https://nsearchives.nseindia.com/corporate/TITAN_18032021162651_IssueofDuplicateShareCeritificate18March21.pdf,Titan Company Limited has informed the Exchange about Loss of Share Certificates,,,Loss of Share Certificates,00:00:05,18032021162651,18-Mar-2021 16:26:56,-,False,,,104821950,Gems Jewellery And Watches,INE280A01010,Titan Company Limited,2021-03-18 16:26:51,TITAN
18-Mar-2021 11:24:57,,https://nsearchives.nseindia.com/corporate/TITAN_18032021112457_124SEInvestorMeetingMarch2021.pdf,Titan Company Limited has informed the Exchange about Analysts/Institutional Investor Meet/Con. Call Updates,,,Analysts/Institutional Investor Meet/Con. Call Updates,00:00:07,18032021112457,18-Mar-2021 11:25:04,-,False,,,104821465,Gems Jewellery And Watches,INE280A01010,Titan Company Limited,2021-03-18 11:24:57,TITAN
18-Mar-2021 09:18:06,,https://nsearchives.nseindia.com/corporate/TITAN_18032021091806_123SEInvestorPresenationWWatcitireasearch.pdf,Titan Company Limited has informed the Exchange about Investor Presentation,,,Investor Presentation,00:00:05,18032021091806,18-Mar-2021 09:18:11,-,False,,,104820567,Gems Jewellery And Watches,INE280A01010,Titan Company Limited,2021-03-18 09:18:06,TITAN
16-Mar-2021 13:05:21,,https://nsearchives.nseindia.com/corporate/TITAN_16032021130521_122SECreditRating.pdf,Titan Company Limited has informed the Exchange about Credit Rating,,,Credit Rating,00:00:04,16032021130521,16-Mar-2021 13:05:25,-,False,,,104817299,Gems Jewellery And Watches,INE280A01010,Titan Company Limited,2021-03-16 13:05:21,TITAN
15-Mar-2021 15:15:55,,https://nsearchives.nseindia.com/corporate/TITAN_15032021151555_121SEInvestorMeetingMarch2021.pdf,Titan Company Limited has informed the Exchange about Analysts/Institutional Investor Meet/Con. Call Updates,,,Analysts/Institutional Investor Meet/Con. Call Updates,00:00:06,15032021151555,15-Mar-2021 15:16:01,-,False,,,104815052,Gems Jewellery And Watches,INE280A01010,Titan Company Limited,2021-03-15 15:15:55,TITAN
12-Mar-2021 20:49:19,,https://nsearchives.nseindia.com/corporate/TITAN_12032021204919_120SEUpdateonMontblanc.pdf,Titan Company Limited has informed the Exchange regarding 'Cessation of Montblanc India Retail Private Limited as Associate / JV Company'.,,,Updates,00:00:04,12032021204919,12-Mar-2021 20:49:23,-,False,,,104812591,Gems Jewellery And Watches,INE280A01010,Titan Company Limited,2021-03-12 20:49:19,TITAN
12-Mar-2021 16:18:40,,https://nsearchives.nseindia.com/corporate/TITAN_12032021161840_IssueofDuplicateShareCeritificateMarch21.pdf,Titan Company Limited has informed the Exchange about Loss of Share Certificates,,,Loss of Share Certificates,00:00:05,12032021161840,12-Mar-2021 16:18:45,-,False,,,104812463,Gems Jewellery And Watches,INE280A01010,Titan Company Limited,2021-03-12 16:18:40,TITAN
10-Mar-2021 11:04:24,,https://nsearchives.nseindia.com/corporate/TITAN_10032021110424_119SEInvestorMeetingMarch2021.pdf,Titan Company Limited has informed the Exchange about Analysts/Institutional Investor Meet/Con. Call Updates,,,Analysts/Institutional Investor Meet/Con. Call Updates,00:00:05,10032021110424,10-Mar-2021 11:04:29,-,False,,,104809790,Gems Jewellery And Watches,INE280A01010,Titan Company Limited,2021-03-10 11:04:24,TITAN
03-Mar-2021 15:18:03,,https://nsearchives.nseindia.com/corporate/TITAN_03032021151803_Lossofsharecertificate03Mar2021.pdf,Titan Company Limited has informed the Exchange about Loss of Share Certificates,,,Loss of Share Certificates,00:00:11,03032021151803,03-Mar-2021 15:18:14,-,False,,,104798240,Gems Jewellery And Watches,INE280A01010,Titan Company Limited,2021-03-03 15:18:03,TITAN
01-Mar-2021 18:11:11,,https://nsearchives.nseindia.com/corporate/TITAN_01032021181111_118SEChangeinRTAaddress2021.pdf,Titan Company Limited has informed the Exchange about Registrar & Share Transfer Agent Update,,,Registrar & Share Transfer Agent Update,00:00:04,01032021181111,01-Mar-2021 18:11:15,-,False,,,104792173,Gems Jewellery And Watches,INE280A01010,Titan Company Limited,2021-03-01 18:11:11,TITAN
26-Feb-2021 10:15:38,,https://nsearchives.nseindia.com/corporate/TITAN_26022021101538_116SEInvestorMeetingFeb2021.pdf,Titan Company Limited has informed the Exchange about Analysts/Institutional Investor Meet/Con. Call Updates,,,Analysts/Institutional Investor Meet/Con. Call Updates,00:00:06,26022021101538,26-Feb-2021 10:15:44,-,False,,,104789850,Gems Jewellery And Watches,INE280A01010,Titan Company Limited,2021-02-26 10:15:38,TITAN
24-Feb-2021 10:35:53,,https://nsearchives.nseindia.com/corporate/TITAN_24022021103553_LossofsharecertificateSunilKishore23Feb2021.pdf,Titan Company Limited has informed the Exchange about Loss of Share Certificates,,,Loss of Share Certificates,00:00:05,24022021103553,24-Feb-2021 10:35:58,-,False,,,104786007,Gems Jewellery And Watches,INE280A01010,Titan Company Limited,2021-02-24 10:35:53,TITAN
24-Feb-2021 10:33:45,,https://nsearchives.nseindia.com/corporate/TITAN_24022021103345_115SEInvestorMeetingFeb2021.pdf,Titan Company Limited has informed the Exchange about Analysts/Institutional Investor Meet/Con. Call Updates,,,Analysts/Institutional Investor Meet/Con. Call Updates,00:00:05,24022021103345,24-Feb-2021 10:33:50,-,False,,,104786006,Gems Jewellery And Watches,INE280A01010,Titan Company Limited,2021-02-24 10:33:45,TITAN
15-Feb-2021 19:58:53,,https://nsearchives.nseindia.com/corporate/TITAN_15022021195853_114SEStepdownsusidiary.pdf,Titan Company Limited has informed the Exchange about Acquisition - Intimation of Incorporation of a step down subsidiary,,,Acquisition,00:00:05,15022021195853,15-Feb-2021 19:58:58,-,False,,,104771351,Gems Jewellery And Watches,INE280A01010,Titan Company Limited,2021-02-15 19:58:53,TITAN
15-Feb-2021 19:44:49,,https://nsearchives.nseindia.com/corporate/TITAN_15022021194449_113SEInvestorMeetingFeb2021.pdf,Titan Company Limited has informed the Exchange about Analysts/Institutional Investor Meet/Con. Call Updates,,,Analysts/Institutional Investor Meet/Con. Call Updates,00:00:03,15022021194449,15-Feb-2021 19:44:52,-,False,,,104771339,Gems Jewellery And Watches,INE280A01010,Titan Company Limited,2021-02-15 19:44:49,TITAN
12-Feb-2021 15:15:37,,https://nsearchives.nseindia.com/corporate/TITAN_12022021151537_112SEInvestorMeetingFebMar2020.pdf,Titan Company Limited has informed the Exchange about Analysts/Institutional Investor Meet/Con. Call Updates,,,Analysts/Institutional Investor Meet/Con. Call Updates,00:00:05,12022021151537,12-Feb-2021 15:15:42,-,False,,,104767738,Gems Jewellery And Watches,INE280A01010,Titan Company Limited,2021-02-12 15:15:37,TITAN
11-Feb-2021 11:24:46,,https://nsearchives.nseindia.com/corporate/TITAN_11022021112446_111SENewspaperadQ3resultsFY21.pdf,Titan Company Limited has informed the Exchange about Copy of Newspaper Publication,,,Copy of Newspaper Publication,00:00:05,11022021112446,11-Feb-2021 11:24:51,-,False,,,104764541,Gems Jewellery And Watches,INE280A01010,Titan Company Limited,2021-02-11 11:24:46,TITAN
10-Feb-2021 16:24:33,,https://nsearchives.nseindia.com/corporate/TITAN_10022021162433_110SECPCertoficateQ3FY21.pdf,"Titan Company Limited has informed the Exchange regarding 'Certificate pursuant to SEBI Circular No. CIR/P/2019/115 dated October 22, 2019'.",,,Updates,00:00:06,10022021162433,10-Feb-2021 16:24:39,-,False,,,104762573,Gems Jewellery And Watches,INE280A01010,Titan Company Limited,2021-02-10 16:24:33,TITAN
10-Feb-2021 16:14:13,,https://nsearchives.nseindia.com/corporate/TITAN_10022021161413_Q3earningscallFY21.pdf,Titan Company Limited has informed the Exchange about Investor Presentation,,,Investor Presentation,00:00:05,10022021161413,10-Feb-2021 16:14:18,-,False,,,104762558,Gems Jewellery And Watches,INE280A01010,Titan Company Limited,2021-02-10 16:14:13,TITAN
10-Feb-2021 15:58:01,,https://nsearchives.nseindia.com/corporate/TITAN_10022021155801_Q3ResultsFY21.pdf,"Titan Company Limited has informed the Exchange regarding  Board meeting held on February 10, 2021.",,,Outcome of Board Meeting,00:00:21,10022021155801,10-Feb-2021 15:58:22,-,False,,,104762542,Gems Jewellery And Watches,INE280A01010,Titan Company Limited,2021-02-10 15:58:01,TITAN
10-Feb-2021 15:54:00,,https://nsearchives.nseindia.com/corporate/Q3ResultsFY21_10022021155400.zip,"Titan Company Limited has submitted to the Exchange, the financial results for the period ended December 31, 2020.",,,Financial Result Updates,00:01:03,10022021155400,10-Feb-2021 15:55:03,-,False,,,139900,Gems Jewellery And Watches,INE280A01010,Titan Company Limited,2021-02-10 15:54:00,TITAN
10-Feb-2021 12:47:41,,https://nsearchives.nseindia.com/corporate/TITAN_10022021124740_Lossofsharecertificate10Feb2021.pdf,Titan Company Limited has informed the Exchange about Loss of Share Certificates,,,Loss of Share Certificates,00:00:07,10022021124741,10-Feb-2021 12:47:48,-,False,,,104762350,Gems Jewellery And Watches,INE280A01010,Titan Company Limited,2021-02-10 12:47:41,TITAN
05-Feb-2021 15:33:58,,https://nsearchives.nseindia.com/corporate/TITAN_05022021153358_107SEEarningsCallOct2020.pdf,Titan Company Limited has informed the Exchange about Analysts/Institutional Investor Meet/Con. Call Updates - Revised,,,Analysts/Institutional Investor Meet/Con. Call Updates,00:00:14,05022021153358,05-Feb-2021 15:34:12,-,False,,,104754115,Gems Jewellery And Watches,INE280A01010,Titan Company Limited,2021-02-05 15:33:58,TITAN
03-Feb-2021 18:52:28,,https://nsearchives.nseindia.com/corporate/TITAN_03022021185228_107SEEarningsCallOct2020.pdf,Titan Company Limited has informed the Exchange about Second quarter earnings call for Q3 FY 2020-21,,,Analysts/Institutional Investor Meet/Con. Call Updates,00:00:04,03022021185228,03-Feb-2021 18:52:32,-,False,,,104749411,Gems Jewellery And Watches,INE280A01010,Titan Company Limited,2021-02-03 18:52:28,TITAN
03-Feb-2021 18:36:45,,https://nsearchives.nseindia.com/corporate/TITAN_03022021183644_LossofsharecertificateFeb21.pdf,Titan Company Limited has informed the Exchange about Loss of Share Certificates,,,Loss of Share Certificates,00:00:03,03022021183645,03-Feb-2021 18:36:48,-,False,,,104749393,Gems Jewellery And Watches,INE280A01010,Titan Company Limited,2021-02-03 18:36:45,TITAN
29-Jan-2021 19:12:02,,https://nsearchives.nseindia.com/corporate/TITAN_29012021191202_106SECFO.pdf,"Titan Company Limited has informed the Exchange regarding a press release dated January 29, 2021, titled ""SUCCESSION PLANNING - CHIEF FINANCIAL OFFICER"".",,,Press Release,00:00:04,29012021191202,29-Jan-2021 19:12:06,-,False,,,104741232,Gems Jewellery And Watches,INE280A01010,Titan Company Limited,2021-01-29 19:12:02,TITAN
29-Jan-2021 10:41:59,,https://nsearchives.nseindia.com/corporate/TITAN_29012021104159_LossofsharecertificateJan21Sarumathi.pdf,Titan Company Limited has informed the Exchange about Loss of Share Certificates,,,Loss of Share Certificates,00:00:15,29012021104159,29-Jan-2021 10:42:14,-,False,,,104740686,Gems Jewellery And Watches,INE280A01010,Titan Company Limited,2021-01-29 10:41:59,TITAN
28-Jan-2021 15:37:54,,https://nsearchives.nseindia.com/corporate/TITAN_28012021153754_LossofsharecertificateJan21ShashiSharma.pdf,Titan Company Limited has informed the Exchange about Loss of Share Certificates,,,Loss of Share Certificates,00:00:07,28012021153754,28-Jan-2021 15:38:01,-,False,,,104738364,Gems Jewellery And Watches,INE280A01010,Titan Company Limited,2021-01-28 15:37:54,TITAN
21-Jan-2021 12:42:43,,https://nsearchives.nseindia.com/corporate/TITAN_21012021124242_105SENewspaperadNoticeoftheBM.pdf,Titan Company Limited has informed the Exchange about Copy of Newspaper Publication,,,Copy of Newspaper Publication,00:00:15,21012021124243,21-Jan-2021 12:42:58,-,False,,,104728096,Gems Jewellery And Watches,INE280A01010,Titan Company Limited,2021-01-21 12:42:43,TITAN
19-Jan-2021 11:16:56,,https://nsearchives.nseindia.com/corporate/TITAN_19012021111656_LossofsharecertificateJan21Disha.pdf,Titan Company Limited has informed the Exchange about Loss of Share Certificates,,,Loss of Share Certificates,00:00:04,19012021111656,19-Jan-2021 11:17:00,-,False,,,104723307,Gems Jewellery And Watches,INE280A01010,Titan Company Limited,2021-01-19 11:16:56,TITAN
13-Jan-2021 14:44:37,,https://nsearchives.nseindia.com/corporate/TITAN_13012021144437_LossofsharecertificateJan21Elluru.pdf,Titan Company Limited has informed the Exchange about Loss of Share Certificates,,,Loss of Share Certificates,00:00:07,13012021144437,13-Jan-2021 14:44:44,-,False,,,104713979,Gems Jewellery And Watches,INE280A01010,Titan Company Limited,2021-01-13 14:44:37,TITAN
13-Jan-2021 14:42:26,,https://nsearchives.nseindia.com/corporate/TITAN_13012021144226_IsuueofDupsharecertificateJan21Virendra.pdf,Titan Company Limited has informed the Exchange about Loss of Share Certificates,,,Loss of Share Certificates,00:00:03,13012021144226,13-Jan-2021 14:42:29,-,False,,,104713978,Gems Jewellery And Watches,INE280A01010,Titan Company Limited,2021-01-13 14:42:26,TITAN
13-Jan-2021 14:39:43,,https://nsearchives.nseindia.com/corporate/TITAN_13012021143943_IsuueofDupsharecertificateJan21Natarajan.pdf,Titan Company Limited has informed the Exchange about Loss of Share Certificates,,,Loss of Share Certificates,00:00:05,13012021143943,13-Jan-2021 14:39:48,-,False,,,104713977,Gems Jewellery And Watches,INE280A01010,Titan Company Limited,2021-01-13 14:39:43,TITAN
13-Jan-2021 14:35:56,,https://nsearchives.nseindia.com/corporate/TITAN_13012021143556_IsuueofDupsharecertificateJan21Kamalesh.pdf,Titan Company Limited has informed the Exchange about Loss of Share Certificates,,,Loss of Share Certificates,00:00:16,13012021143556,13-Jan-2021 14:36:12,-,False,,,104713974,Gems Jewellery And Watches,INE280A01010,Titan Company Limited,2021-01-13 14:35:56,TITAN
13-Jan-2021 14:33:49,,https://nsearchives.nseindia.com/corporate/TITAN_13012021143349_IsuueofDupsharecertificateJan21Geetha.pdf,Titan Company Limited has informed the Exchange about Loss of Share Certificates,,,Loss of Share Certificates,00:00:08,13012021143349,13-Jan-2021 14:33:57,-,False,,,104713972,Gems Jewellery And Watches,INE280A01010,Titan Company Limited,2021-01-13 14:33:49,TITAN
06-Jan-2021 19:37:02,,https://nsearchives.nseindia.com/corporate/TITAN_06012021193701_Lossofsharecertficateslovchandra.pdf,Titan Company Limited has informed the Exchange about Loss of Share Certificates,,,Loss of Share Certificates,00:00:06,06012021193702,06-Jan-2021 19:37:08,-,False,,,104701911,Gems Jewellery And Watches,INE280A01010,Titan Company Limited,2021-01-06 19:37:02,TITAN
06-Jan-2021 09:12:28,,https://nsearchives.nseindia.com/corporate/TITAN_06012021091228_SEQ3update.pdf,Titan Company Limited has informed the Exchange regarding 'Quarterly Update   Q3 FY 2020-21'.,,,Updates,00:00:06,06012021091228,06-Jan-2021 09:12:34,-,False,,,104700456,Gems Jewellery And Watches,INE280A01010,Titan Company Limited,2021-01-06 09:12:28,TITAN
28-Dec-2020 21:33:04,,https://nsearchives.nseindia.com/corporate/TITAN_28122020213304_102SEIntimationCGtoTCTL.pdf,Titan Company Limited has informed the Exchange regarding 'Issuance of Corporate Guarantee on behalf of Wholly Owned Subsidiary'.,,,Updates,00:00:04,28122020213304,28-Dec-2020 21:33:08,-,False,,,104684249,Gems Jewellery And Watches,INE280A01010,Titan Company Limited,2020-12-28 21:33:04,TITAN
24-Dec-2020 16:18:54,,https://nsearchives.nseindia.com/corporate/TITAN_24122020161854_Intimationofduplicate.pdf,Titan Company Limited has informed the Exchange about Loss of Share Certificates,,,Loss of Share Certificates,00:00:06,24122020161854,24-Dec-2020 16:19:00,-,False,,,104680776,Gems Jewellery And Watches,INE280A01010,Titan Company Limited,2020-12-24 16:18:54,TITAN
24-Dec-2020 15:57:02,,https://nsearchives.nseindia.com/corporate/TITAN_24122020155702_SEintimationofinvestormeeting.pdf,Titan Company Limited has informed the Exchange about Analysts/Institutional Investor Meet/Con. Call Updates,,,Analysts/Institutional Investor Meet/Con. Call Updates,00:00:07,24122020155702,24-Dec-2020 15:57:09,-,False,,,104680769,Gems Jewellery And Watches,INE280A01010,Titan Company Limited,2020-12-24 15:57:02,TITAN
23-Dec-2020 09:48:32,,https://nsearchives.nseindia.com/corporate/TITAN_23122020094832_TradingWindowClosure.pdf,"Titan Company Limited has informed the Exchange regarding the Trading Window closure pursuant to SEBI (Prohibition of Insider Trading) Regulations, 2015",,,Trading Window,00:00:06,23122020094832,23-Dec-2020 09:48:38,-,False,,,104677658,Gems Jewellery And Watches,INE280A01010,Titan Company Limited,2020-12-23 09:48:32,TITAN
22-Dec-2020 10:43:31,,https://nsearchives.nseindia.com/corporate/TITAN_22122020104331_ScheduleOfAnalystInvestorMeeting.pdf,Titan Company Limited has informed the Exchange about Analysts/Institutional Investor Meet/Con. Call Updates,,,Analysts/Institutional Investor Meet/Con. Call Updates,00:00:03,22122020104331,22-Dec-2020 10:43:34,-,False,,,104676173,Gems Jewellery And Watches,INE280A01010,Titan Company Limited,2020-12-22 10:43:31,TITAN
14-Dec-2020 17:00:08,,https://nsearchives.nseindia.com/corporate/TITAN_14122020170008_98SEInvestorMeetingDecember2020.pdf,Titan Company Limited has informed the Exchange about Analysts/Institutional Investor Meet/Con. Call Updates,,,Analysts/Institutional Investor Meet/Con. Call Updates,00:00:07,14122020170008,14-Dec-2020 17:00:15,-,False,,,104662746,Gems Jewellery And Watches,INE280A01010,Titan Company Limited,2020-12-14 17:00:08,TITAN
09-Dec-2020 14:48:45,,https://nsearchives.nseindia.com/corporate/TITAN_09122020144845_97SETitanCommodityMCX.pdf,"Titan Company Limited has informed the Exchange regarding 'Titan Commodity Trading Limited, Wholly Owned Subsidiary - Admission of Membership as a Trading Member (Stock Broker) on Multi Commodity Exchange'.",,,Updates,00:00:03,09122020144845,09-Dec-2020 14:48:48,-,False,,,104655368,Gems Jewellery And Watches,INE280A01010,Titan Company Limited,2020-12-09 14:48:45,TITAN
09-Dec-2020 11:29:19,,https://nsearchives.nseindia.com/corporate/TITAN_09122020112919_96SEInvestorMeetingDecember2020.pdf,Titan Company Limited has informed the Exchange about Analysts/Institutional Investor Meet/Con. Call Updates,,,Analysts/Institutional Investor Meet/Con. Call Updates,00:00:03,09122020112919,09-Dec-2020 11:29:22,-,False,,,104655273,Gems Jewellery And Watches,INE280A01010,Titan Company Limited,2020-12-09 11:29:19,TITAN
09-Dec-2020 11:15:23,,https://nsearchives.nseindia.com/corporate/TITAN_09122020111523_LossofsharecertficatesEzhilmaranandUberoi.pdf,Titan Company Limited has informed the Exchange about Loss of Share Certificates,,,Loss of Share Certificates,00:00:06,09122020111523,09-Dec-2020 11:15:29,-,False,,,104655267,Gems Jewellery And Watches,INE280A01010,Titan Company Limited,2020-12-09 11:15:23,TITAN
07-Dec-2020 17:50:04,,https://nsearchives.nseindia.com/corporate/TITAN_07122020175004_95SEOutcomeofBM.pdf,"Titan Company Limited has informed the Exchange regarding Outcome of Board Meeting held on December 07, 2020.",,,Outcome of Board Meeting,00:00:06,07122020175004,07-Dec-2020 17:50:10,-,False,,,104650743,Gems Jewellery And Watches,INE280A01010,Titan Company Limited,2020-12-07 17:50:04,TITAN
02-Dec-2020 14:09:21,,https://nsearchives.nseindia.com/corporate/TITAN_02122020140921_LossofsharecertficatesVinod.pdf,Titan Company Limited has informed the Exchange about Loss of Share Certificates,,,Loss of Share Certificates,00:00:14,02122020140921,02-Dec-2020 14:09:35,-,False,,,104643053,Gems Jewellery And Watches,INE280A01010,Titan Company Limited,2020-12-02 14:09:21,TITAN
01-Dec-2020 14:29:46,,https://nsearchives.nseindia.com/corporate/TITAN_01122020142946_LossofsharecertficatesSawant.pdf,Titan Company Limited has informed the Exchange about Loss of Share Certificates,,,Loss of Share Certificates,00:00:09,01122020142946,01-Dec-2020 14:29:55,-,False,,,104640697,Gems Jewellery And Watches,INE280A01010,Titan Company Limited,2020-12-01 14:29:46,TITAN
27-Nov-2020 15:55:06,,https://nsearchives.nseindia.com/corporate/TITAN_27112020155506_LossofsharecertficatesRao.pdf,Titan Company Limited has informed the Exchange about Loss of Share Certificates,,,Loss of Share Certificates,00:00:04,27112020155506,27-Nov-2020 15:55:10,-,False,,,104637666,Gems Jewellery And Watches,INE280A01010,Titan Company Limited,2020-11-27 15:55:06,TITAN
27-Nov-2020 15:52:34,,https://nsearchives.nseindia.com/corporate/TITAN_27112020155234_LossofsharecertficatesVarella.pdf,Titan Company Limited has informed the Exchange about Loss of Share Certificates,,,Loss of Share Certificates,00:00:05,27112020155234,27-Nov-2020 15:52:39,-,False,,,104637664,Gems Jewellery And Watches,INE280A01010,Titan Company Limited,2020-11-27 15:52:34,TITAN
24-Nov-2020 12:26:19,,https://nsearchives.nseindia.com/corporate/TITAN_24112020122619_LossofsharecertficatesBansal.pdf,Titan Company Limited has informed the Exchange about Loss of Share Certificates,,,Loss of Share Certificates,00:00:05,24112020122619,24-Nov-2020 12:26:24,-,False,,,104630569,Gems Jewellery And Watches,INE280A01010,Titan Company Limited,2020-11-24 12:26:19,TITAN
24-Nov-2020 09:50:13,,https://nsearchives.nseindia.com/corporate/TITAN_24112020095013_88SEInvestorMeetingNovember2020.pdf,Titan Company Limited has informed the Exchange about Analysts/Institutional Investor Meet/Con. Call Updates,,,Analysts/Institutional Investor Meet/Con. Call Updates,00:00:04,24112020095013,24-Nov-2020 09:50:17,-,False,,,104629539,Gems Jewellery And Watches,INE280A01010,Titan Company Limited,2020-11-24 09:50:13,TITAN
19-Nov-2020 12:00:53,,https://nsearchives.nseindia.com/corporate/TITAN_19112020120053_87SEInvestorMeetingNovember2020.pdf,Titan Company Limited has informed the Exchange about Analysts/Institutional Investor Meet/Con. Call Updates,,,Analysts/Institutional Investor Meet/Con. Call Updates,00:00:04,19112020120053,19-Nov-2020 12:00:57,-,False,,,104623145,Gems Jewellery And Watches,INE280A01010,Titan Company Limited,2020-11-19 12:00:53,TITAN
19-Nov-2020 11:29:42,,https://nsearchives.nseindia.com/corporate/TITAN_19112020112942_85SERelatedPartyTransaction.pdf,Titan Company Limited has informed the Exchange about related Party Transactions,,,Related Party Transactions,00:00:05,19112020112942,19-Nov-2020 11:29:47,-,False,,,104623128,Gems Jewellery And Watches,INE280A01010,Titan Company Limited,2020-11-19 11:29:42,TITAN
19-Nov-2020 11:17:58,,https://nsearchives.nseindia.com/corporate/TITAN_19112020111758_86SEBusinessUpdate.pdf,Titan Company Limited has informed the Exchange regarding 'Business update'.,,,Updates,00:00:11,19112020111758,19-Nov-2020 11:18:09,-,False,,,104623122,Gems Jewellery And Watches,INE280A01010,Titan Company Limited,2020-11-19 11:17:58,TITAN
13-Nov-2020 22:59:49,,https://nsearchives.nseindia.com/corporate/TITAN_13112020225949_LossofsharecertficatesBhagwan.pdf,Titan Company Limited has informed the Exchange about Loss of Share Certificates,,,Loss of Share Certificates,00:00:04,13112020225949,13-Nov-2020 22:59:53,-,False,,,104616064,Gems Jewellery And Watches,INE280A01010,Titan Company Limited,2020-11-13 22:59:49,TITAN
13-Nov-2020 22:55:56,,https://nsearchives.nseindia.com/corporate/TITAN_13112020225556_LossofsharecertficatesParvez1.pdf,Titan Company Limited has informed the Exchange about Loss of Share Certificates,,,Loss of Share Certificates,00:00:07,13112020225556,13-Nov-2020 22:56:03,-,False,,,104616020,Gems Jewellery And Watches,INE280A01010,Titan Company Limited,2020-11-13 22:55:56,TITAN
11-Nov-2020 23:30:14,,https://nsearchives.nseindia.com/corporate/TITAN_11112020233014_IssueofDuplicateShareCertificatesNov20.pdf,Titan Company Limited has informed the Exchange about Loss of Share Certificates,,,Loss of Share Certificates,00:00:04,11112020233014,11-Nov-2020 23:30:18,-,False,,,104610650,Gems Jewellery And Watches,INE280A01010,Titan Company Limited,2020-11-11 23:30:14,TITAN
11-Nov-2020 14:36:50,,https://nsearchives.nseindia.com/corporate/TITAN_11112020143650_83SEInvestorMeetingNovember2020.pdf,Titan Company Limited has informed the Exchange about Analysts/Institutional Investor Meet/Con. Call Updates,,,Analysts/Institutional Investor Meet/Con. Call Updates,00:00:03,11112020143650,11-Nov-2020 14:36:53,-,False,,,104609828,Gems Jewellery And Watches,INE280A01010,Titan Company Limited,2020-11-11 14:36:50,TITAN
11-Nov-2020 13:10:08,,https://nsearchives.nseindia.com/corporate/TITAN_11112020131008_82SEAppointmentofMrSandeepSinghal.pdf,Titan Company Limited has informed the Exchange regarding Change in Director(s) of the company.,,,Change in Director(s),00:00:12,11112020131008,11-Nov-2020 13:10:20,-,False,,,104609422,Gems Jewellery And Watches,INE280A01010,Titan Company Limited,2020-11-11 13:10:08,TITAN
09-Nov-2020 11:07:45,,https://nsearchives.nseindia.com/corporate/TITAN_09112020110745_81SEInvestorMeetingNovember2020.pdf,Titan Company Limited has informed the Exchange about Analysts/Institutional Investor Meet/Con. Call Updates,,,Analysts/Institutional Investor Meet/Con. Call Updates,00:00:05,09112020110745,09-Nov-2020 11:07:50,-,False,,,104604358,Gems Jewellery And Watches,INE280A01010,Titan Company Limited,2020-11-09 11:07:45,TITAN
06-Nov-2020 10:08:21,,https://nsearchives.nseindia.com/corporate/TITAN_06112020100821_79SEInvestorMeetingNovember2020.pdf,Titan Company Limited has informed the Exchange about Analysts/Institutional Investor Meet/Con. Call Updates,,,Analysts/Institutional Investor Meet/Con. Call Updates,00:00:05,06112020100821,06-Nov-2020 10:08:26,-,False,,,104600760,Gems Jewellery And Watches,INE280A01010,Titan Company Limited,2020-11-06 10:08:21,TITAN
04-Nov-2020 17:46:08,,https://nsearchives.nseindia.com/corporate/TITAN_04112020174608_78SEInvestorMeetingNovember2020.pdf,Titan Company Limited has informed the Exchange about Analysts/Institutional Investor Meet/Con. Call Updates,,,Analysts/Institutional Investor Meet/Con. Call Updates,00:00:04,04112020174608,04-Nov-2020 17:46:12,-,False,,,104596342,Gems Jewellery And Watches,INE280A01010,Titan Company Limited,2020-11-04 17:46:08,TITAN
30-Oct-2020 09:35:57,,https://nsearchives.nseindia.com/corporate/TITAN_30102020093556_Lossofsharecertificatesoct.pdf,Titan Company Limited has informed the Exchange about Loss of Share Certificates,,,Loss of Share Certificates,00:00:12,30102020093557,30-Oct-2020 09:36:09,-,False,,,104586720,Gems Jewellery And Watches,INE280A01010,Titan Company Limited,2020-10-30 09:35:57,TITAN
29-Oct-2020 09:32:09,,https://nsearchives.nseindia.com/corporate/TITAN_29102020093209_77SENewspaperadQ2Results.pdf,Titan Company Limited has informed the Exchange about Copy of Newspaper Publication,,,Copy of Newspaper Publication,00:00:07,29102020093209,29-Oct-2020 09:32:16,-,False,,,104584433,Gems Jewellery And Watches,INE280A01010,Titan Company Limited,2020-10-29 09:32:09,TITAN
28-Oct-2020 16:08:19,,https://nsearchives.nseindia.com/corporate/TITAN_28102020160819_76SECommercialPaper.pdf,"Titan Company Limited has informed the Exchange regarding 'Certificate pursuant to SEBI Circular No. CIR/P/2019/115 dated October 22, 2019��- Commercial Paper'.",,,Updates,00:00:05,28102020160819,28-Oct-2020 16:08:24,-,False,,,104583135,Gems Jewellery And Watches,INE280A01010,Titan Company Limited,2020-10-28 16:08:19,TITAN
28-Oct-2020 15:37:43,,https://nsearchives.nseindia.com/corporate/TITAN_28102020153743_75SEInvestorPresentation.pdf,Titan Company Limited has informed the Exchange about Investor Presentation,,,Investor Presentation,00:00:05,28102020153743,28-Oct-2020 15:37:48,-,False,,,104583110,Gems Jewellery And Watches,INE280A01010,Titan Company Limited,2020-10-28 15:37:43,TITAN
28-Oct-2020 13:29:45,,https://nsearchives.nseindia.com/corporate/74SETitanQ2Results_28102020132945.zip,"Titan Company Limited has submitted to the Exchange, the financial results for the period ended September 30, 2020.",,,Financial Result Updates,00:01:17,28102020132945,28-Oct-2020 13:31:02,-,False,,,137307,Gems Jewellery And Watches,INE280A01010,Titan Company Limited,2020-10-28 13:29:45,TITAN
28-Oct-2020 13:28:12,,https://nsearchives.nseindia.com/corporate/TITAN_28102020132812_74SETitanQ2Results.pdf,"Titan Company Limited has informed the Exchange regarding  Board meeting held on October 28, 2020.",,,Outcome of Board Meeting,00:00:10,28102020132812,28-Oct-2020 13:28:22,-,False,,,104582968,Gems Jewellery And Watches,INE280A01010,Titan Company Limited,2020-10-28 13:28:12,TITAN
22-Oct-2020 10:16:39,,https://nsearchives.nseindia.com/corporate/TITAN_22102020101639_73SEEarningsCallOct2020.pdf,Titan Company Limited has informed the Exchange about Analysts/Institutional Investor Meet/Con. Call Updates,,,Analysts/Institutional Investor Meet/Con. Call Updates,00:00:04,22102020101639,22-Oct-2020 10:16:43,-,False,,,104572868,Gems Jewellery And Watches,INE280A01010,Titan Company Limited,2020-10-22 10:16:39,TITAN
08-Oct-2020 10:58:33,,https://nsearchives.nseindia.com/corporate/TITAN_08102020105833_70SEJVterminationMontblanc.pdf,"Titan Company Limited has informed the Exchange regarding a press release dated October 08, 2020, titled ""Press Release   India joint venture between Titan Company Limited (Titan) and Montblanc Services B.V. (Montblanc)"".",,,Press Release,00:00:05,08102020105833,08-Oct-2020 10:58:38,-,False,,,104550924,Gems Jewellery And Watches,INE280A01010,Titan Company Limited,2020-10-08 10:58:33,TITAN
07-Oct-2020 16:53:02,,https://nsearchives.nseindia.com/corporate/TITAN_07102020165302_ResponseSEIntimationIreenaResignationSept20202.pdf,"TITAN:The Exchange had sought clarification from Titan Company Limited with respect to announcement dated 25-Sep-2020, regarding Cessation of Mrs Ireena Vittal as Independent Director of the company w.e.f. October 01, 2020. On basis of above the Company was required to clarify following: 1. No other material reasons other than provided. The response of the Company is attached.",,,Reply to Clarification Sought,00:00:06,07102020165302,07-Oct-2020 16:53:08,-,False,,,104549100,Gems Jewellery And Watches,INE280A01010,Titan Company Limited,2020-10-07 16:53:02,TITAN
07-Oct-2020 09:29:50,,https://nsearchives.nseindia.com/corporate/TITAN_07102020092950_69SEQuarterlyUpdateQ2FY21.pdf,Titan Company Limited has informed the Exchange regarding 'Quarterly Update for Q2 of FY 2020-21'.,,,Updates,00:00:05,07102020092950,07-Oct-2020 09:29:55,-,False,,,104548067,Gems Jewellery And Watches,INE280A01010,Titan Company Limited,2020-10-07 09:29:50,TITAN
05-Oct-2020 13:18:27,,-,"TITAN:The Exchange has sought clarification from Titan Company Limited with respect to announcement dated 25-Sep-2020, regarding Cessation of Mrs Ireena Vittal as Independent Director of the company w.e.f. October 01, 2020. On basis of above the Company is required to clarify following: 1. No other material reasons other than provided. The response of the Company is awaited.",,,Clarification,00:00:04,05102020131827,05-Oct-2020 13:18:31,-,False,,,104544485,Gems Jewellery And Watches,INE280A01010,Titan Company Limited,2020-10-05 13:18:27,TITAN
01-Oct-2020 11:41:06,,https://nsearchives.nseindia.com/corporate/TITAN_01102020114105_68SENewspaperadNoticeoftheBM.pdf,Titan Company Limited has informed the Exchange about Copy of Newspaper Publication,,,Copy of Newspaper Publication,00:00:05,01102020114106,01-Oct-2020 11:41:11,-,False,,,104540901,Gems Jewellery And Watches,INE280A01010,Titan Company Limited,2020-10-01 11:41:06,TITAN
29-Sep-2020 10:03:55,,https://nsearchives.nseindia.com/corporate/TITAN_29092020100355_Lossofsharecertificatessep.pdf,Titan Company Limited has informed the Exchange about Loss of Share Certificates,,,Loss of Share Certificates,00:00:06,29092020100355,29-Sep-2020 10:04:01,-,False,,,104534494,Gems Jewellery And Watches,INE280A01010,Titan Company Limited,2020-09-29 10:03:55,TITAN
28-Sep-2020 09:30:29,,https://nsearchives.nseindia.com/corporate/TITAN_28092020093029_66SEInvestorMeetingSeptember2020.pdf,Titan Company Limited has informed the Exchange about Analysts/Institutional Investor Meet/Con. Call Updates,,,Analysts/Institutional Investor Meet/Con. Call Updates,00:00:13,28092020093029,28-Sep-2020 09:30:42,-,False,,,104532333,Gems Jewellery And Watches,INE280A01010,Titan Company Limited,2020-09-28 09:30:29,TITAN
25-Sep-2020 12:27:39,,https://nsearchives.nseindia.com/corporate/TITAN_25092020122739_65SEIntimationIreenaResignationSept2020.pdf,"Titan Company Limited has informed the Exchange regarding Cessation of Mrs Ireena Vittal as Independent Director of the company w.e.f. October 01, 2020.",,,Cessation,00:00:09,25092020122739,25-Sep-2020 12:27:48,-,False,,,104530461,Gems Jewellery And Watches,INE280A01010,Titan Company Limited,2020-09-25 12:27:39,TITAN
21-Sep-2020 11:26:33,,https://nsearchives.nseindia.com/corporate/TITAN_21092020112633_63SEInvestorMeetingSeptember2020.pdf,Titan Company Limited has informed the Exchange about Analysts/Institutional Investor Meet/Con. Call Updates,,,Analysts/Institutional Investor Meet/Con. Call Updates,00:00:06,21092020112633,21-Sep-2020 11:26:39,-,False,,,104522030,Gems Jewellery And Watches,INE280A01010,Titan Company Limited,2020-09-21 11:26:33,TITAN
21-Sep-2020 11:24:17,,https://nsearchives.nseindia.com/corporate/TITAN_21092020112417_SE62ClosureofTradingWindow.pdf,"Titan Company Limited has informed the Exchange regarding the Trading Window closure pursuant to SEBI (Prohibition of Insider Trading) Regulations, 2015",,,Trading Window,00:00:03,21092020112417,21-Sep-2020 11:24:20,-,False,,,104522028,Gems Jewellery And Watches,INE280A01010,Titan Company Limited,2020-09-21 11:24:17,TITAN
16-Sep-2020 09:43:49,,https://nsearchives.nseindia.com/corporate/TITAN_16092020094349_60SEInvestorMeetingSeptember2020.pdf,Titan Company Limited has informed the Exchange about Analysts/Institutional Investor Meet/Con. Call Updates,,,Analysts/Institutional Investor Meet/Con. Call Updates,00:00:04,16092020094349,16-Sep-2020 09:43:53,-,False,,,104514731,Gems Jewellery And Watches,INE280A01010,Titan Company Limited,2020-09-16 09:43:49,TITAN
09-Sep-2020 11:43:09,,https://nsearchives.nseindia.com/corporate/TITAN_09092020114309_58SEInvestorMeetingSeptember2020.pdf,Titan Company Limited has informed the Exchange about Analysts/Institutional Investor Meet/Con. Call Updates,,,Analysts/Institutional Investor Meet/Con. Call Updates,00:00:11,09092020114309,09-Sep-2020 11:43:20,-,False,,,104503864,Gems Jewellery And Watches,INE280A01010,Titan Company Limited,2020-09-09 11:43:09,TITAN
31-Aug-2020 10:37:02,,https://nsearchives.nseindia.com/corporate/TITAN_31082020103702_57SEInvestorMeetingAugust2020.pdf,Titan Company Limited has informed the Exchange about Analysts/Institutional Investor Meet/Con. Call Updates,,,Analysts/Institutional Investor Meet/Con. Call Updates,00:00:05,31082020103702,31-Aug-2020 10:37:07,-,False,,,104488082,Gems Jewellery And Watches,INE280A01010,Titan Company Limited,2020-08-31 10:37:02,TITAN
25-Aug-2020 09:32:17,,https://nsearchives.nseindia.com/corporate/TITAN_25082020093217_56SEInvestorMeetingAugust2020.pdf,Titan Company Limited has informed the Exchange about Analysts/Institutional Investor Meet/Con. Call Updates,,,Analysts/Institutional Investor Meet/Con. Call Updates,00:00:03,25082020093217,25-Aug-2020 09:32:20,-,False,,,104477470,Gems Jewellery And Watches,INE280A01010,Titan Company Limited,2020-08-25 09:32:17,TITAN
21-Aug-2020 11:17:49,,https://nsearchives.nseindia.com/corporate/TITAN_21082020111749_53SEInvestorMeetingAugust2020.pdf,Titan Company Limited has informed the Exchange about Analysts/Institutional Investor Meet/Con. Call Updates,,,Analysts/Institutional Investor Meet/Con. Call Updates,00:00:05,21082020111749,21-Aug-2020 11:17:54,-,False,,,104473471,Gems Jewellery And Watches,INE280A01010,Titan Company Limited,2020-08-21 11:17:49,TITAN
20-Aug-2020 10:07:28,,https://nsearchives.nseindia.com/corporate/TITAN_20082020100728_52SEInvestorMeetingAugust2020.pdf,Titan Company Limited has informed the Exchange about Analysts/Institutional Investor Meet/Con. Call Updates,,,Analysts/Institutional Investor Meet/Con. Call Updates,00:00:05,20082020100728,20-Aug-2020 10:07:33,-,False,,,104470145,Gems Jewellery And Watches,INE280A01010,Titan Company Limited,2020-08-20 10:07:28,TITAN
19-Aug-2020 17:52:41,,https://nsearchives.nseindia.com/corporate/TITAN_19082020175241_51SERedemptionofCommercialPaper.pdf,Titan Company Limited has informed the Exchange regarding 'Additional Information - Note on Accounting of Bullion Hedge'.,,,Updates,00:00:03,19082020175241,19-Aug-2020 17:52:44,-,False,,,104469251,Gems Jewellery And Watches,INE280A01010,Titan Company Limited,2020-08-19 17:52:41,TITAN
17-Aug-2020 12:09:44,,https://nsearchives.nseindia.com/corporate/TITAN_17082020120944_48SEInvestorMeetingAugust2020.pdf,Titan Company Limited has informed the Exchange about Analysts/Institutional Investor Meet/Con. Call Updates,,,Analysts/Institutional Investor Meet/Con. Call Updates,00:00:16,17082020120944,17-Aug-2020 12:10:00,-,False,,,104464193,Gems Jewellery And Watches,INE280A01010,Titan Company Limited,2020-08-17 12:09:44,TITAN
15-Aug-2020 20:08:45,,https://nsearchives.nseindia.com/corporate/TITAN_15082020200845_SEduplicatesharecertificate.pdf,Titan Company Limited has informed the Exchange about Loss of Share Certificates,,,Loss of Share Certificates,00:00:09,15082020200845,15-Aug-2020 20:08:54,-,False,,,104463286,Gems Jewellery And Watches,INE280A01010,Titan Company Limited,2020-08-15 20:08:45,TITAN
14-Aug-2020 14:00:20,,https://nsearchives.nseindia.com/corporate/TITAN_14082020140020_SELossofShareCertificatesAug20.pdf,Titan Company Limited has informed the Exchange about Loss of Share Certificates,,,Loss of Share Certificates,00:00:05,14082020140020,14-Aug-2020 14:00:25,-,False,,,104461790,Gems Jewellery And Watches,INE280A01010,Titan Company Limited,2020-08-14 14:00:20,TITAN
13-Aug-2020 09:42:14,,https://nsearchives.nseindia.com/corporate/TITAN_13082020094214_47SEInvestorMeetingAugust2020.pdf,Titan Company Limited has informed the Exchange about Analysts/Institutional Investor Meet/Con. Call Updates,,,Analysts/Institutional Investor Meet/Con. Call Updates,00:00:03,13082020094214,13-Aug-2020 09:42:17,-,False,,,104457597,Gems Jewellery And Watches,INE280A01010,Titan Company Limited,2020-08-13 09:42:14,TITAN
12-Aug-2020 16:29:39,,https://nsearchives.nseindia.com/corporate/TITAN_12082020162938_46SEProceedingsofAGM2020.pdf,"Titan Company Limited has informed the Exchange regarding Proceedings of Annual General Meeting held on August 11, 2020. Further, the company has submitted the Exchange a copy of Srutinizers report along with voting results.",,,Shareholders meeting,00:00:04,12082020162939,12-Aug-2020 16:29:43,-,False,,,104456590,Gems Jewellery And Watches,INE280A01010,Titan Company Limited,2020-08-12 16:29:39,TITAN
12-Aug-2020 11:39:48,,https://nsearchives.nseindia.com/corporate/TITAN_12082020113948_45SENewspaperadFormDPT1.pdf,Titan Company Limited has informed the Exchange about Copy of Newspaper Publication for Form DPT-1,,,Copy of Newspaper Publication,00:00:04,12082020113948,12-Aug-2020 11:39:52,-,False,,,104455707,Gems Jewellery And Watches,INE280A01010,Titan Company Limited,2020-08-12 11:39:48,TITAN
12-Aug-2020 11:36:17,,https://nsearchives.nseindia.com/corporate/TITAN_12082020113617_44SENewspaperadQ1Results.pdf,Titan Company Limited has informed the Exchange about Copy of Newspaper Publication for unaudited financial results for the first quarter ended 30th June 2020,,,Copy of Newspaper Publication,00:00:05,12082020113617,12-Aug-2020 11:36:22,-,False,,,104455706,Gems Jewellery And Watches,INE280A01010,Titan Company Limited,2020-08-12 11:36:17,TITAN
11-Aug-2020 18:20:01,,https://nsearchives.nseindia.com/corporate/TITAN_11082020182001_43SEInvestorMeetingAugust2020.pdf,Titan Company Limited has informed the Exchange about Analysts/Institutional Investor Meet/Con. Call Updates,,,Analysts/Institutional Investor Meet/Con. Call Updates,00:00:09,11082020182001,11-Aug-2020 18:20:10,-,False,,,104454752,Gems Jewellery And Watches,INE280A01010,Titan Company Limited,2020-08-11 18:20:01,TITAN
10-Aug-2020 19:27:54,,https://nsearchives.nseindia.com/corporate/TITAN_10082020192754_TCLIncorporationofSubsidiary.pdf,Titan Company Limited has informed the Exchange about Intimation of Incorporation of a Wholly Owned Subsidiary Company,,,Acquisition,00:00:05,10082020192754,10-Aug-2020 19:27:59,-,False,,,104452425,Gems Jewellery And Watches,INE280A01010,Titan Company Limited,2020-08-10 19:27:54,TITAN
10-Aug-2020 18:31:42,,https://nsearchives.nseindia.com/corporate/TITAN_10082020183142_TCLCPCertificateQ1.pdf,"Titan Company Limited has informed the Exchange regarding 'Certificate pursuant to SEBI Circular No. CIR/P/2019/115 dated October 22,2019'.",,,Updates,00:00:03,10082020183142,10-Aug-2020 18:31:45,-,False,,,104452381,Gems Jewellery And Watches,INE280A01010,Titan Company Limited,2020-08-10 18:31:42,TITAN
10-Aug-2020 17:25:31,,https://nsearchives.nseindia.com/corporate/TITAN_10082020172531_TCLInvestorPresentation.pdf,Titan Company Limited has informed the Exchange about Investor Presentation,,,Investor Presentation,00:00:04,10082020172531,10-Aug-2020 17:25:35,-,False,,,104452327,Gems Jewellery And Watches,INE280A01010,Titan Company Limited,2020-08-10 17:25:31,TITAN
10-Aug-2020 16:45:39,,https://nsearchives.nseindia.com/corporate/TITAN_10082020164539_TCLQ1Results.pdf,"Titan Company Limited has informed the Exchange regarding  Board meeting held on August 10, 2020.",,,Outcome of Board Meeting,00:00:07,10082020164539,10-Aug-2020 16:45:46,-,False,,,104452286,Gems Jewellery And Watches,INE280A01010,Titan Company Limited,2020-08-10 16:45:39,TITAN
10-Aug-2020 16:38:56,,https://nsearchives.nseindia.com/corporate/TCLQ1Results_10082020163856.zip,"Titan Company Limited has submitted to the Exchange, the financial results for the period ended June 30, 2020.",,,Financial Result Updates,00:01:09,10082020163856,10-Aug-2020 16:40:05,-,False,,,135983,Gems Jewellery And Watches,INE280A01010,Titan Company Limited,2020-08-10 16:38:56,TITAN
06-Aug-2020 15:30:16,,https://nsearchives.nseindia.com/corporate/TITAN_06082020153016_38SEEarningsCallAug2020.pdf,Titan Company Limited has informed the Exchange about Analysts/Institutional Investor Meet/Con. Call Updates,,,Analysts/Institutional Investor Meet/Con. Call Updates,00:00:11,06082020153016,06-Aug-2020 15:30:27,-,False,,,104447442,Gems Jewellery And Watches,INE280A01010,Titan Company Limited,2020-08-06 15:30:16,TITAN
04-Aug-2020 10:42:18,,https://nsearchives.nseindia.com/corporate/TITAN_04082020104218_SELossofsharesaug2020.pdf,Titan Company Limited has informed the Exchange about Loss of Share Certificates,,,Loss of Share Certificates,00:00:15,04082020104218,04-Aug-2020 10:42:33,-,False,,,104442474,Gems Jewellery And Watches,INE280A01010,Titan Company Limited,2020-08-04 10:42:18,TITAN
31-Jul-2020 18:16:00,,https://nsearchives.nseindia.com/corporate/TITAN_31072020181647_37SECessationofHemaRavichandar.pdf,"Titan Company Limited has informed the Exchange regarding Cessation of Mrs Hema Ravichandar as Independent Director of the company w.e.f. July 31, 2020.",,,Cessation,-,31072020181600,-,-,False,,,104439025,Gems Jewellery And Watches,INE280A01010,Titan Company Limited,2020-07-31 18:16:00,TITAN
30-Jul-2020 18:16:00,,https://nsearchives.nseindia.com/corporate/TITAN_30072020181644_36SERedemptionofCommercialPaper.pdf,Titan Company Limited has informed the Exchange regarding 'Redemption of Commercial Paper'.,,,Updates,-,30072020181600,-,-,False,,,104436591,Gems Jewellery And Watches,INE280A01010,Titan Company Limited,2020-07-30 18:16:00,TITAN
23-Jul-2020 16:06:00,,https://nsearchives.nseindia.com/corporate/TITAN_23072020160625_34SENoticeoftheBMNewspapead.pdf,Titan Company Limited has informed the Exchange about Copy of Newspaper Publication - Notice of the Board Meeting,,,Copy of Newspaper Publication,-,23072020160600,-,-,False,,,104423904,Gems Jewellery And Watches,INE280A01010,Titan Company Limited,2020-07-23 16:06:00,TITAN
17-Jul-2020 11:24:00,,https://nsearchives.nseindia.com/corporate/TITAN_17072020112458_32SENewspaperadDispatchofAnnualReport.pdf,Titan Company Limited has informed the Exchange about Copy of Newspaper Publication - Notice confirming dispatch of Notice to the 36th Annual General Meeting (AGM),,,Copy of Newspaper Publication,-,17072020112400,-,-,False,,,104413310,Gems Jewellery And Watches,INE280A01010,Titan Company Limited,2020-07-17 11:24:00,TITAN
16-Jul-2020 21:13:00,,https://nsearchives.nseindia.com/corporate/TITAN_16072020211308_31SERatingsUpdatefromICRA.pdf,Titan Company Limited has informed the Exchange about Credit Rating - Ratings Update from ICRA,,,Credit Rating,-,16072020211300,-,-,False,,,104411798,Gems Jewellery And Watches,INE280A01010,Titan Company Limited,2020-07-16 21:13:00,TITAN
15-Jul-2020 12:48:00,,https://nsearchives.nseindia.com/corporate/TITAN_15072020124844_30SENoticeofAGMAnnualReport201920.pdf,"Titan Company Limited has informed the Exchange regarding Notice of Annual General Meeting to be held on August 11, 2020 as required under Regulation 30 of the SEBI (Listing Obligations and Disclosure Requirements) Regulations, 2015 ( Listing Regulations ) and Annual Report for the financial year 2019-20",,,Shareholders meeting,-,15072020124800,-,-,False,,,104408801,Gems Jewellery And Watches,INE280A01010,Titan Company Limited,2020-07-15 12:48:00,TITAN
14-Jul-2020 13:07:00,,https://nsearchives.nseindia.com/corporate/TITAN_14072020130758_29SENoticeofAGMNewspaperadfinal1.pdf,"Titan Company Limited has informed the Exchange about Copy of Newspaper Publication regarding Newspaper Advertisement   Disclosure under Regulation 30 of SEBI (Listing Obligations and Disclosure Requirements) Regulations, 2015 ( SEBI Listing Regulations )",,,Copy of Newspaper Publication,-,14072020130700,-,-,False,,,104406404,Gems Jewellery And Watches,INE280A01010,Titan Company Limited,2020-07-14 13:07:00,TITAN
13-Jul-2020 18:10:00,,https://nsearchives.nseindia.com/corporate/TITAN_13072020181040_TCLSEIntimation.pdf,Titan Company Limited has informed the Exchange regarding 'Authorisation to determine materiality of information and disclosures to Stock Exchanges'.,,,Updates,-,13072020181000,-,-,False,,,104404260,Gems Jewellery And Watches,INE280A01010,Titan Company Limited,2020-07-13 18:10:00,TITAN
07-Jul-2020 19:32:00,,https://nsearchives.nseindia.com/corporate/TITAN_07072020193244_TCLQuarterlyUpdateQ1FY21.pdf,Titan Company Limited has informed the Exchange regarding 'Quarterly Update   Q1 FY 2020-21'.,,,Updates,-,07072020193200,-,-,False,,,104393925,Gems Jewellery And Watches,INE280A01010,Titan Company Limited,2020-07-07 19:32:00,TITAN
06-Jul-2020 11:48:00,,https://nsearchives.nseindia.com/corporate/TITAN_06072020114818_TCLcreditratingbyCRISIL.pdf,Titan Company Limited has informed the Exchange about Credit Rating,,,Credit Rating,-,06072020114800,-,-,False,,,104391586,Gems Jewellery And Watches,INE280A01010,Titan Company Limited,2020-07-06 11:48:00,TITAN
26-Jun-2020 14:26:00,,https://nsearchives.nseindia.com/corporate/TITAN_26062020142628_TCLSEIntimationNoticeforIEPFNewspaperad.pdf,Titan Company Limited has informed the Exchange about Copy of Newspaper Publication for transfer of Equity shares to IEPF,,,Copy of Newspaper Publication,-,26062020142600,-,-,False,,,104374833,Gems Jewellery And Watches,INE280A01010,Titan Company Limited,2020-06-26 14:26:00,TITAN
25-Jun-2020 16:51:00,,https://nsearchives.nseindia.com/corporate/TITAN_25062020165145_TCLSEIntimationRPT.pdf,Titan Company Limited has informed the Exchange about related Party Transactions,,,Related Party Transactions,-,25062020165100,-,-,False,,,104372395,Gems Jewellery And Watches,INE280A01010,Titan Company Limited,2020-06-25 16:51:00,TITAN
24-Jun-2020 10:19:00,,https://nsearchives.nseindia.com/corporate/TITAN_24062020101948_TCLScheduleofinvestormeet24thJune20.pdf,Titan Company Limited has informed the Exchange about Analysts/Institutional Investor Meet/Con. Call Updates,,,Analysts/Institutional Investor Meet/Con. Call Updates,-,24062020101900,-,-,False,,,104368708,Gems Jewellery And Watches,INE280A01010,Titan Company Limited,2020-06-24 10:19:00,TITAN
23-Jun-2020 09:33:00,,https://nsearchives.nseindia.com/corporate/TITAN_23062020093321_TCLSEIntimationInvesterMeeting.pdf,Titan Company Limited has informed the Exchange about Analysts/Institutional Investor Meet/Con. Call Updates,,,Analysts/Institutional Investor Meet/Con. Call Updates,-,23062020093300,-,-,False,,,104366101,Gems Jewellery And Watches,INE280A01010,Titan Company Limited,2020-06-23 09:33:00,TITAN
22-Jun-2020 21:52:00,,https://nsearchives.nseindia.com/corporate/TITAN_22062020215229_TCLClosureofTradingWindow.pdf,"Titan Company Limited has informed the Exchange regarding the Trading Window closure pursuant to SEBI (Prohibition of Insider Trading) Regulations, 2015",,,Trading Window,-,22062020215200,-,-,False,,,104365023,Gems Jewellery And Watches,INE280A01010,Titan Company Limited,2020-06-22 21:52:00,TITAN
18-Jun-2020 10:03:00,,https://nsearchives.nseindia.com/corporate/TITAN_18062020100303_TCLSE19InvestorMeeting.pdf,Titan Company Limited has informed the Exchange about Analysts/Institutional Investor Meet/Con. Call Updates,,,Analysts/Institutional Investor Meet/Con. Call Updates,-,18062020100300,-,-,False,,,104357514,Gems Jewellery And Watches,INE280A01010,Titan Company Limited,2020-06-18 10:03:00,TITAN
15-Jun-2020 11:12:00,,https://nsearchives.nseindia.com/corporate/TITAN_15062020111248_TCLinvestormeetjune.pdf,Titan Company Limited has informed the Exchange about Analysts/Institutional Investor Meet/Con. Call Updates,,,Analysts/Institutional Investor Meet/Con. Call Updates,-,15062020111200,-,-,False,,,104352000,Gems Jewellery And Watches,INE280A01010,Titan Company Limited,2020-06-15 11:12:00,TITAN
10-Jun-2020 17:50:00,,https://nsearchives.nseindia.com/corporate/TITAN_10062020175025_SEIntimationMorganStanley.pdf,Titan Company Limited has informed the Exchange about Presentation for Investor Conference organized by Morgan Stanley,,,Investor Presentation,-,10062020175000,-,-,False,,,104344950,Gems Jewellery And Watches,INE280A01010,Titan Company Limited,2020-06-10 17:50:00,TITAN
10-Jun-2020 13:47:00,,https://nsearchives.nseindia.com/corporate/TITAN_10062020134751_TCLInvestorMeetings.pdf,Titan Company Limited has informed the Exchange about Analysts/Institutional Investor Meet/Con. Call Updates,,,Analysts/Institutional Investor Meet/Con. Call Updates,-,10062020134700,-,-,False,,,104344785,Gems Jewellery And Watches,INE280A01010,Titan Company Limited,2020-06-10 13:47:00,TITAN
09-Jun-2020 18:14:00,,https://nsearchives.nseindia.com/corporate/TITAN_09062020181419_TCLCertificateonutilisationofCommercialPaper.pdf,"Titan Company Limited has informed the Exchange regarding ' Certificate pursuant to SEBI Circular No. CIR/P/2019/115 dated October 22,2019'.",,,Updates,-,09062020181400,-,-,False,,,104341942,Gems Jewellery And Watches,INE280A01010,Titan Company Limited,2020-06-09 18:14:00,TITAN
09-Jun-2020 10:59:00,,https://nsearchives.nseindia.com/corporate/TITAN_09062020105921_TCLInvestorPresentationJune2020.pdf,Titan Company Limited has informed the Exchange about Investor Presentation,,,Investor Presentation,-,09062020105900,-,-,False,,,104340991,Gems Jewellery And Watches,INE280A01010,Titan Company Limited,2020-06-09 10:59:00,TITAN
08-Jun-2020 22:57:00,,https://nsearchives.nseindia.com/corporate/TITAN_08062020225731_SEIntimationbookclosure.pdf,Titan Company Limited has informed the Exchange that Register of Members & Share Transfer Books of the Company will remain closed from 05-Aug-2020 to 11-Aug-2020 for the purpose of Dividend.,,,Book Closure,-,08062020225700,-,-,False,,,104340312,Gems Jewellery And Watches,INE280A01010,Titan Company Limited,2020-06-08 22:57:00,TITAN
08-Jun-2020 22:03:00,,https://nsearchives.nseindia.com/corporate/TITAN_08062020220303_SEIntImationAGM.pdf,"Titan Company Limited has informed the Exchange regarding Notice of Annual General Meeting to be held on August 11, 2020",,,Shareholders meeting,-,08062020220300,-,-,False,,,104339777,Gems Jewellery And Watches,INE280A01010,Titan Company Limited,2020-06-08 22:03:00,TITAN
08-Jun-2020 21:24:00,,https://nsearchives.nseindia.com/corporate/TITAN_08062020212456_SEEarningsPresentationQ4FY20.pdf,Titan Company Limited has informed the Exchange about Fourth Quarter and Annual earnings presentation for FY 2019-20,,,Investor Presentation,-,08062020212400,-,-,False,,,104339770,Gems Jewellery And Watches,INE280A01010,Titan Company Limited,2020-06-08 21:24:00,TITAN
08-Jun-2020 19:49:00,,https://nsearchives.nseindia.com/corporate/TITAN_08062020194905_TCLdirectorapp.pdf,"Titan Company Limited has informed the Exchange regarding Appointment of Ms Sindhu Gangadharan as Independent Director of the company w.e.f. Jun 08, 2020.",,,Appointment,-,08062020194900,-,-,False,,,104339746,Gems Jewellery And Watches,INE280A01010,Titan Company Limited,2020-06-08 19:49:00,TITAN
08-Jun-2020 19:34:00,,https://nsearchives.nseindia.com/corporate/TITAN_08062020193434_SEIntimationOutcome.pdf,"Titan Company Limited has informed the Exchange that Board of Directors at its meeting held on Jun 08, 2020, recommended Final Dividend of 4 per equity share.",,,Dividend,-,08062020193400,-,-,False,,,104339737,Gems Jewellery And Watches,INE280A01010,Titan Company Limited,2020-06-08 19:34:00,TITAN
08-Jun-2020 19:16:34,,https://nsearchives.nseindia.com/corporate/SEIntimationQ4_08062020191634.zip,"Titan Company Limited has submitted to the Exchange, the financial results for the period ended March 31, 2020.",,,Financial Result Updates,-,08062020191634,-,-,False,,,134040,Gems Jewellery And Watches,INE280A01010,Titan Company Limited,2020-06-08 19:16:34,TITAN
07-Jun-2020 15:36:00,,https://nsearchives.nseindia.com/corporate/TITAN_07062020153620_TCLSEIntimationConferenceCall.pdf,Titan Company Limited has informed the Exchange about Fourth quarter and Annual earnings call for FY 2019-20,,,Analysts/Institutional Investor Meet/Con. Call Updates,-,07062020153600,-,-,False,,,104338191,Gems Jewellery And Watches,INE280A01010,Titan Company Limited,2020-06-07 15:36:00,TITAN
03-Jun-2020 12:24:00,,https://nsearchives.nseindia.com/corporate/TITAN_03062020122439_TITAN.pdf,"Promoters of Titan Company Limited has informed the Exchange regarding the disclosure pursuant to the provisions of Regulation 30 of the SEBI (Substantial Acquisition of Shares and Takeovers) Regulations, 2011 as at 31st March, 2020",,,Disclosure under SEBI Takeover Regulations,-,03062020122400,-,-,False,,,104330951,Gems Jewellery And Watches,INE280A01010,Titan Company Limited,2020-06-03 12:24:00,TITAN
26-May-2020 21:13:00,,https://nsearchives.nseindia.com/corporate/TITAN_26052020211345_TCLUpdatetoStockExchange.pdf,"Titan Company Limited has informed the Exchange regarding 'Disclosure under Regulation 30 of SEBI (Listing Obligations and Disclosure Requirements) Regulations, 2015   Disclosure relating to impact of CoVID 19 pandemic on the Company'.",,,Updates,-,26052020211300,-,-,False,,,104317652,Gems Jewellery And Watches,INE280A01010,Titan Company Limited,2020-05-26 21:13:00,TITAN
13-May-2020 20:34:00,,https://nsearchives.nseindia.com/corporate/TITAN_13052020203412_TCLcreditratingbyICRA.pdf,Titan Company Limited has informed the Exchange regarding Credit Rating assigned for Commercial Paper by ICRA,,,Credit Rating,-,13052020203400,-,-,False,,,104296859,Gems Jewellery And Watches,INE280A01010,Titan Company Limited,2020-05-13 20:34:00,TITAN
08-May-2020 10:31:00,,https://nsearchives.nseindia.com/corporate/TITAN_08052020103129_Titan.pdf,"Promoters of Titan Company Limited has informed the Exchange regarding disclosure under regulation 30(2) of SEBI (SAST) Regulations, 2011",,,Disclosure under SEBI Takeover Regulations,-,08052020103100,-,-,False,,,104287269,Gems Jewellery And Watches,INE280A01010,Titan Company Limited,2020-05-08 10:31:00,TITAN
07-May-2020 13:18:00,,https://nsearchives.nseindia.com/corporate/TITAN_07052020131837_TCLcreditratingbyBrickwork.pdf,Titan Company Limited has informed the Exchange regarding Credit Rating assigned for Commercial Paper by Brickwork Ratings.,,,Credit Rating,-,07052020131800,-,-,False,,,104287027,Gems Jewellery And Watches,INE280A01010,Titan Company Limited,2020-05-07 13:18:00,TITAN
24-Apr-2020 21:53:00,,https://nsearchives.nseindia.com/corporate/TITAN_24042020215316_TitancreditratingbyBrickwork.pdf,Titan Company Limited has informed the Exchange regarding Credit Rating,,,Credit Rating,-,24042020215300,-,-,False,,,104265442,Gems Jewellery And Watches,INE280A01010,Titan Company Limited,2020-04-24 21:53:00,TITAN
08-Apr-2020 21:06:00,,https://nsearchives.nseindia.com/corporate/TITAN_08042020210618_TCLQ4update.pdf,Titan Company Limited has informed the Exchange regarding 'Quarterly Update   Q4 FY 2019-20'.,,,Updates,-,08042020210600,-,-,False,,,104234797,Gems Jewellery And Watches,INE280A01010,Titan Company Limited,2020-04-08 21:06:00,TITAN
23-Mar-2020 11:04:00,,https://nsearchives.nseindia.com/corporate/TITAN_23032020110402_TradingWindowClosure.pdf,"Titan Company Limited has informed the Exchange regarding the Trading Window closure pursuant to SEBI (Prohibition of Insider Trading) Regulations, 2015",,,Trading Window,-,23032020110400,-,-,False,,,104205723,Gems Jewellery And Watches,INE280A01010,Titan Company Limited,2020-03-23 11:04:00,TITAN
22-Mar-2020 23:21:00,,https://nsearchives.nseindia.com/corporate/TITAN_22032020232157_SEIntimationMar2020.pdf,"Titan Company Limited has informed the Exchange regarding 'Intimation under Regulation 30 of the Securities and Exchange Board of India (Listing Obligations and Disclosure Requirements) Regulations, 2015'.",,,Updates,-,22032020232100,-,-,False,,,104204672,Gems Jewellery And Watches,INE280A01010,Titan Company Limited,2020-03-22 23:21:00,TITAN
03-Mar-2020 09:39:00,,https://nsearchives.nseindia.com/corporate/TITAN_03032020093957_TCLinvestormeetmarch.pdf,Titan Company Limited has informed the Exchange regarding Analysts/Institutional Investor Meet/Con. Call Updates,,,Analysts/Institutional Investor Meet/Con. Call Updates,-,03032020093900,-,-,False,,,104163667,Gems Jewellery And Watches,INE280A01010,Titan Company Limited,2020-03-03 09:39:00,TITAN
27-Feb-2020 09:33:00,,https://nsearchives.nseindia.com/corporate/TITAN_27022020093326_TCLinvestormeetconcall.pdf,Titan Company Limited has informed the Exchange regarding Analysts/Institutional Investor Meet/Con. Call Updates,,,Analysts/Institutional Investor Meet/Con. Call Updates,-,27022020093300,-,-,False,,,104154182,Gems Jewellery And Watches,INE280A01010,Titan Company Limited,2020-02-27 09:33:00,TITAN
17-Feb-2020 10:52:00,,https://nsearchives.nseindia.com/corporate/TITAN_17022020105217_TCLfebinvestorcall.pdf,Titan Company Limited has informed the Exchange regarding Analysts/Institutional Investor Meet/Con. Call Updates,,,Analysts/Institutional Investor Meet/Con. Call Updates,-,17022020105200,-,-,False,,,104135095,Gems Jewellery And Watches,INE280A01010,Titan Company Limited,2020-02-17 10:52:00,TITAN
13-Feb-2020 18:34:00,,https://nsearchives.nseindia.com/corporate/TITAN_13022020183440_NSEClarification13feb2020.pdf,"The Exchange has sought clarification from Titan Company Limited with respect to recent news item captioned Titan acquihires HUG Innovations, launches smart watch.  The response from the Company is attached.",,,News Verification,-,13022020183400,-,-,False,,,104128314,Gems Jewellery And Watches,INE280A01010,Titan Company Limited,2020-02-13 18:34:00,TITAN
12-Feb-2020 18:07:00,,-,"The Exchange has sought clarification from Titan Company Limited with respect to recent news item captioned Titan acquihires HUG Innovations, launches smart watch.  The response from the Company is awaited.",,,News Verification,-,12022020180700,-,-,False,,,104124672,Gems Jewellery And Watches,INE280A01010,Titan Company Limited,2020-02-12 18:07:00,TITAN
10-Feb-2020 10:35:00,,https://nsearchives.nseindia.com/corporate/TITAN_10022020103536_TCLinvestorconference.pdf,Titan Company Limited has informed the Exchange regarding Analysts/Institutional Investor Meet/Con. Call Updates,,,Analysts/Institutional Investor Meet/Con. Call Updates,-,10022020103500,-,-,False,,,104115871,Gems Jewellery And Watches,INE280A01010,Titan Company Limited,2020-02-10 10:35:00,TITAN
06-Feb-2020 10:21:00,,https://nsearchives.nseindia.com/corporate/TITAN_06022020102100_Titaninvestorconcallfeb.pdf,Titan Company Limited has informed the Exchange regarding Analysts/Institutional Investor Meet/Con. Call Updates,,,Analysts/Institutional Investor Meet/Con. Call Updates,-,06022020102100,-,-,False,,,104109698,Gems Jewellery And Watches,INE280A01010,Titan Company Limited,2020-02-06 10:21:00,TITAN
05-Feb-2020 17:00:00,,https://nsearchives.nseindia.com/corporate/TITAN_05022020170004_tclq3resultsnewspaperad.pdf,Titan Company Limited has informed the Exchange regarding 'Newspaper publication for unaudited financial results for the third quarter and nine months ended 31st December 2019'.,,,Updates,-,05022020170000,-,-,False,,,104106870,Gems Jewellery And Watches,INE280A01010,Titan Company Limited,2020-02-05 17:00:00,TITAN
04-Feb-2020 14:29:00,,https://nsearchives.nseindia.com/corporate/TITAN_04022020142952_TCLQ32020results.pdf,"Titan Company Limited has informed the Exchange regarding  Board meeting held on February 04, 2020.",,,Outcome of Board Meeting,-,04022020142900,-,-,False,,,104103347,Gems Jewellery And Watches,INE280A01010,Titan Company Limited,2020-02-04 14:29:00,TITAN
04-Feb-2020 14:25:00,,https://nsearchives.nseindia.com/corporate/TITAN_04022020142550_TitanInvestorpptQ320201.pdf,Titan Company Limited has informed the Exchange regarding Investor Presentation,,,Investor Presentation,-,04022020142500,-,-,False,,,104103344,Gems Jewellery And Watches,INE280A01010,Titan Company Limited,2020-02-04 14:25:00,TITAN
04-Feb-2020 14:05:59,,https://nsearchives.nseindia.com/corporate/TCLQ32020results_04022020140559.zip,"Titan Company Limited has submitted to the Exchange, the financial results for the period ended December 31, 2019.",,,Financial Result Updates,-,04022020140559,-,-,False,,,132420,Gems Jewellery And Watches,INE280A01010,Titan Company Limited,2020-02-04 14:05:59,TITAN
30-Jan-2020 17:58:00,,https://nsearchives.nseindia.com/corporate/TITAN_30012020175853_TitanupdateQ3.pdf,Titan Company Limited has informed the Exchange regarding Analysts/Institutional Investor Meet/Con. Call Updates,,,Analysts/Institutional Investor Meet/Con. Call Updates,-,30012020175800,-,-,False,,,104091323,Gems Jewellery And Watches,INE280A01010,Titan Company Limited,2020-01-30 17:58:00,TITAN
13-Jan-2020 23:40:00,,https://nsearchives.nseindia.com/corporate/TITAN_13012020233938_TitannoticeBMNewspaperad_267.pdf,Titan Company Limited has informed the Exchange regarding 'Notice published in newspaper with regard to the Board meeting of the Company'.,,,Updates,-,13012020234000,-,-,False,,,104052692,Gems Jewellery And Watches,INE280A01010,Titan Company Limited,2020-01-13 23:40:00,TITAN
04-Jan-2020 19:56:00,,https://nsearchives.nseindia.com/corporate/TITAN_04012020195353_TitanQ3Update_086.pdf,Titan Company Limited has informed the Exchange regarding 'Quarterly Update   Q3 FY 2019-20'.,,,Updates,-,04012020195600,-,-,False,,,104032825,Gems Jewellery And Watches,INE280A01010,Titan Company Limited,2020-01-04 19:56:00,TITAN
01-Jan-2020 09:07:00,,https://nsearchives.nseindia.com/corporate/TITAN_01012020090551_TitanCreditRatingcrisil_003.pdf,Titan Company Limited has informed the Exchange regarding Credit Rating - Rating upgraded by CRISIL from AA + (Positive outlook) to AAA (Stable outlook).,,,Credit Rating,-,01012020090700,-,-,False,,,104023565,Gems Jewellery And Watches,INE280A01010,Titan Company Limited,2020-01-01 09:07:00,TITAN
24-Dec-2019 15:53:00,,https://nsearchives.nseindia.com/corporate/TITAN_24122019155248_ClosureOfTradingWindow_104.pdf,"Titan Company Limited has informed the Exchange regarding the Trading Window closure pursuant to SEBI (Prohibition of Insider Trading) Regulations, 2015",,,Trading Window,-,24122019155300,-,-,False,,,104008622,Gems Jewellery And Watches,INE280A01010,Titan Company Limited,2019-12-24 15:53:00,TITAN
19-Dec-2019 16:56:00,,https://nsearchives.nseindia.com/corporate/TITAN_19122019165620_Titananalystmeetingdec_137.pdf,Titan Company Limited has informed the Exchange regarding Analysts/Institutional Investor Meet/Con. Call Updates,,,Analysts/Institutional Investor Meet/Con. Call Updates,-,19122019165600,-,-,False,,,103998505,Gems Jewellery And Watches,INE280A01010,Titan Company Limited,2019-12-19 16:56:00,TITAN
19-Dec-2019 16:48:00,,https://nsearchives.nseindia.com/corporate/TITAN_19122019164731_TitanGlobalRetail_131.pdf,Titan Company Limited has informed the Exchange about Incorporation of a new step-down subsidiary company,,,Acquisition,-,19122019164800,-,-,False,,,103998499,Gems Jewellery And Watches,INE280A01010,Titan Company Limited,2019-12-19 16:48:00,TITAN
09-Dec-2019 10:09:00,,https://nsearchives.nseindia.com/corporate/TITAN_09122019100945_Titanscheduleofinvestormeetdec_081.pdf,Titan Company Limited has informed the Exchange regarding Analysts/Institutional Investor Meet/Con. Call Updates,,,Analysts/Institutional Investor Meet/Con. Call Updates,-,09122019100900,-,-,False,,,103971654,Gems Jewellery And Watches,INE280A01010,Titan Company Limited,2019-12-09 10:09:00,TITAN
06-Dec-2019 10:36:00,,https://nsearchives.nseindia.com/corporate/TITAN_06122019103550_Titaninvestormeetdeccall_025.pdf,Titan Company Limited has informed the Exchange regarding Analysts/Institutional Investor Meet/Con. Call Updates,,,Analysts/Institutional Investor Meet/Con. Call Updates,-,06122019103600,-,-,False,,,103968740,Gems Jewellery And Watches,INE280A01010,Titan Company Limited,2019-12-06 10:36:00,TITAN
03-Dec-2019 12:07:00,,https://nsearchives.nseindia.com/corporate/listcontract1_312201912254_SubmissionofhalfyearlyDisclosureonRelatedPartyTransactions_072.pdf,"Titan Company Limited has submitted to the Exchange a copy of Disclosure on Related Party Transactions for the half year ended September 30, 2019 pursuant to Regulation 23(9) of the Securities and Exchange Board of India (Listing Obligations and Disclosure Requirements) (Amendments) Regulations, 2018",,,Related Party Transactions,-,03122019120700,-,-,False,,,103961838,Gems Jewellery And Watches,INE280A01010,Titan Company Limited,2019-12-03 12:07:00,TITAN
02-Dec-2019 16:10:00,,https://nsearchives.nseindia.com/corporate/TITAN_02122019160948_Titaninvestormeetdec_279.pdf,Titan Company Limited has informed the Exchange regarding Analysts/Institutional Investor Meet/Con. Call Updates,,,Analysts/Institutional Investor Meet/Con. Call Updates,-,02122019161000,-,-,False,,,103959162,Gems Jewellery And Watches,INE280A01010,Titan Company Limited,2019-12-02 16:10:00,TITAN
25-Nov-2019 23:48:00,,https://nsearchives.nseindia.com/corporate/TITAN_25112019234836_Titaninvestorsmeetnov_003.pdf,Titan Company Limited has informed the Exchange regarding Analysts/Institutional Investor Meet/Con. Call Updates,,,Analysts/Institutional Investor Meet/Con. Call Updates,-,25112019234800,-,-,False,,,103944454,Gems Jewellery And Watches,INE280A01010,Titan Company Limited,2019-11-25 23:48:00,TITAN
22-Nov-2019 13:38:00,,https://nsearchives.nseindia.com/corporate/TITAN_22112019133806_Titandirectorappointment_083.pdf,"Titan Company Limited has informed the Exchange regarding Appointment of Ms Kakarla Usha, IAS as Non- Executive Director of the company w.e.f. November 21, 2019.",,,Appointment,-,22112019133800,-,-,False,,,103938770,Gems Jewellery And Watches,INE280A01010,Titan Company Limited,2019-11-22 13:38:00,TITAN
18-Nov-2019 13:09:00,,https://nsearchives.nseindia.com/corporate/TITAN_18112019130849_Titanconferencecall_180.pdf,Titan Company Limited has informed the Exchange regarding Analysts/Institutional Investor Meet/Con. Call Updates,,,Analysts/Institutional Investor Meet/Con. Call Updates,-,18112019130900,-,-,False,,,103926739,Gems Jewellery And Watches,INE280A01010,Titan Company Limited,2019-11-18 13:09:00,TITAN
13-Nov-2019 09:15:00,,https://nsearchives.nseindia.com/corporate/TITAN_13112019091509_investorpresentation_001.pdf,Titan Company Limited has informed the Exchange regarding Investor Presentation - CLSA Conference,,,Investor Presentation,-,13112019091500,-,-,False,,,103915404,Gems Jewellery And Watches,INE280A01010,Titan Company Limited,2019-11-13 09:15:00,TITAN
11-Nov-2019 09:38:00,,https://nsearchives.nseindia.com/corporate/TITAN_11112019093754_scheduleofanalystandinstitutionalinvestormeet_001.pdf,Titan Company Limited has informed the Exchange regarding Analysts/Institutional Investor Meet/Con. Call Updates,,,Analysts/Institutional Investor Meet/Con. Call Updates,-,11112019093800,-,-,False,,,103911385,Gems Jewellery And Watches,INE280A01010,Titan Company Limited,2019-11-11 09:38:00,TITAN
06-Nov-2019 11:58:00,,https://nsearchives.nseindia.com/corporate/TITAN_06112019115806_TitanQ2ResultsNewspaperAd_005.pdf,Titan Company Limited has informed the Exchange regarding 'Newspaper publication for unaudited financial results for the second quarter and half year ended 30th September 2019'.,,,Updates,-,06112019115800,-,-,False,,,103902738,Gems Jewellery And Watches,INE280A01010,Titan Company Limited,2019-11-06 11:58:00,TITAN
06-Nov-2019 11:51:00,,https://nsearchives.nseindia.com/corporate/TITAN_06112019115130_Titaninvestormeetnov_004.pdf,Titan Company Limited has informed the Exchange regarding Analysts/Institutional Investor Meet/Con. Call Updates,,,Analysts/Institutional Investor Meet/Con. Call Updates,-,06112019115100,-,-,False,,,103902736,Gems Jewellery And Watches,INE280A01010,Titan Company Limited,2019-11-06 11:51:00,TITAN
05-Nov-2019 15:53:00,,https://nsearchives.nseindia.com/corporate/TITAN_05112019155240_TitanQ2earningscallupload_020.pdf,Titan Company Limited has informed the Exchange regarding Investor Presentation,,,Investor Presentation,-,05112019155300,-,-,False,,,103899996,Gems Jewellery And Watches,INE280A01010,Titan Company Limited,2019-11-05 15:53:00,TITAN
05-Nov-2019 15:39:00,,https://nsearchives.nseindia.com/corporate/TITAN_05112019153858_TitanQ2Results_015.pdf,"Titan Company Limited has informed the Exchange regarding  Board meeting held on November 05, 2019.",,,Outcome of Board Meeting,-,05112019153900,-,-,False,,,103899981,Gems Jewellery And Watches,INE280A01010,Titan Company Limited,2019-11-05 15:39:00,TITAN
05-Nov-2019 15:32:27,,https://nsearchives.nseindia.com/corporate/TitanQ2Results_05112019153227.zip,"Titan Company Limited has submitted to the Exchange, the financial results for the period ended September 30, 2019.",,,Financial Result Updates,-,05112019153227,-,-,False,,,130572,Gems Jewellery And Watches,INE280A01010,Titan Company Limited,2019-11-05 15:32:27,TITAN
04-Nov-2019 12:36:00,,https://nsearchives.nseindia.com/corporate/TITAN_04112019123630_TitanSecondquarterearningscallforQ2_019.pdf,Titan Company Limited has informed the Exchange regarding Analysts/Institutional Investor Meet/Con. Call Updates,,,Analysts/Institutional Investor Meet/Con. Call Updates,-,04112019123600,-,-,False,,,103892624,Gems Jewellery And Watches,INE280A01010,Titan Company Limited,2019-11-04 12:36:00,TITAN
24-Oct-2019 13:10:00,,https://nsearchives.nseindia.com/corporate/TITAN_24102019130913_Titanincorporationofsubsidiary_094.pdf,Titan Company Limited has informed the Exchange about Incorporation of a new wholly-owned subsidiary company.,,,Acquisition,-,24102019131000,-,-,False,,,103875678,Gems Jewellery And Watches,INE280A01010,Titan Company Limited,2019-10-24 13:10:00,TITAN
15-Oct-2019 12:39:00,,https://nsearchives.nseindia.com/corporate/TITAN_15102019123747_Titanchangeofdirectorstidco_072.pdf,Titan Company Limited has informed the Exchange regarding Change in Director(s) of the company.,,,Change in Director(s),-,15102019123900,-,-,False,,,103856685,Gems Jewellery And Watches,INE280A01010,Titan Company Limited,2019-10-15 12:39:00,TITAN
14-Oct-2019 12:52:00,,https://nsearchives.nseindia.com/corporate/TITAN_14102019125045_newspaperadvertisement_077.pdf,Titan Company Limited has informed the Exchange regarding 'Notice published in Newspaper'.,,,Updates,-,14102019125200,-,-,False,,,103852551,Gems Jewellery And Watches,INE280A01010,Titan Company Limited,2019-10-14 12:52:00,TITAN
07-Oct-2019 16:50:00,,https://nsearchives.nseindia.com/corporate/TITAN_07102019164730_Q2Update201920_282.pdf,Titan Company Limited has informed the Exchange regarding 'Q2 Updates  for FY 2019-20'.,,,Updates,-,07102019165000,-,-,False,,,103841474,Gems Jewellery And Watches,INE280A01010,Titan Company Limited,2019-10-07 16:50:00,TITAN
28-Sep-2019 11:58:00,,https://nsearchives.nseindia.com/corporate/TITAN_28092019115703_TITANApptofNED_040.pdf,Titan Company Limited has informed the Exchange regarding Change in Director(s) of the company.Resignation of Mr. Harish Bhat as Non- Executive Non-Independent Director and Appointment of Mr. Bhaskar Bhat as Non-Executive Non-Independent Director,,,Change in Director(s),-,28092019115800,-,-,False,,,103824636,Gems Jewellery And Watches,INE280A01010,Titan Company Limited,2019-09-28 11:58:00,TITAN
23-Sep-2019 16:46:00,,https://nsearchives.nseindia.com/corporate/TITAN_23092019164617_IntimationofClosureofTradingWindow_161.pdf,"Titan Company Limited has informed the Exchange regarding the Trading Window closure pursuant to SEBI (Prohibition of Insider Trading) Regulations, 2015",,,Trading Window,-,23092019164600,-,-,False,,,103810272,Gems Jewellery And Watches,INE280A01010,Titan Company Limited,2019-09-23 16:46:00,TITAN
20-Sep-2019 16:44:00,,https://nsearchives.nseindia.com/corporate/TITAN_20092019164404_ScheduleofAnalystorIIMeet_150.pdf,Titan Company Limited has informed the Exchange regarding Analysts/Institutional Investor Meet/Con. Call Updates,,,Analysts/Institutional Investor Meet/Con. Call Updates,-,20092019164400,-,-,False,,,103807042,Gems Jewellery And Watches,INE280A01010,Titan Company Limited,2019-09-20 16:44:00,TITAN
19-Sep-2019 10:32:00,,https://nsearchives.nseindia.com/corporate/TITAN_19092019103206_ScheduleofAnalystorInvestorMeet_016.pdf,Titan Company Limited has informed the Exchange regarding Analysts/Institutional Investor Meet/Con. Call Updates,,,Analysts/Institutional Investor Meet/Con. Call Updates,-,19092019103200,-,-,False,,,103803851,Gems Jewellery And Watches,INE280A01010,Titan Company Limited,2019-09-19 10:32:00,TITAN
18-Sep-2019 09:24:00,,https://nsearchives.nseindia.com/corporate/TITAN_18092019092359_ScheduleofAnalystorInstitutionalinvestorMeet_007.pdf,Titan Company Limited has informed the Exchange regarding Analysts/Institutional Investor Meet/Con. Call Updates,,,Analysts/Institutional Investor Meet/Con. Call Updates,-,18092019092400,-,-,False,,,103799832,Gems Jewellery And Watches,INE280A01010,Titan Company Limited,2019-09-18 09:24:00,TITAN
16-Sep-2019 10:01:00,,https://nsearchives.nseindia.com/corporate/TITAN_16092019100020_TitanInvestorMeetingSep2019_037.pdf,Titan Company Limited has informed the Exchange regarding Analysts/Institutional Investor Meet/Con. Call Updates,,,Analysts/Institutional Investor Meet/Con. Call Updates,-,16092019100100,-,-,False,,,103795543,Gems Jewellery And Watches,INE280A01010,Titan Company Limited,2019-09-16 10:01:00,TITAN
11-Sep-2019 16:27:00,,https://nsearchives.nseindia.com/corporate/TITAN_11092019162713_Ratingassignedtocommercialpaperprogramme_182.pdf,Titan Company Limited has informed the Exchange regarding Credit Rating- Commercial Paper,,,Credit Rating,-,11092019162700,-,-,False,,,103786042,Gems Jewellery And Watches,INE280A01010,Titan Company Limited,2019-09-11 16:27:00,TITAN
11-Sep-2019 12:17:00,,https://nsearchives.nseindia.com/corporate/TITAN_11092019121714_ScheduleofAnalystandInstitutionalInvestorMeet_092.pdf,Titan Company Limited has informed the Exchange regarding Analysts/Institutional Investor Meet/Con. Call Updates,,,Analysts/Institutional Investor Meet/Con. Call Updates,-,11092019121700,-,-,False,,,103785826,Gems Jewellery And Watches,INE280A01010,Titan Company Limited,2019-09-11 12:17:00,TITAN
03-Sep-2019 09:18:00,,https://nsearchives.nseindia.com/corporate/TITAN_03092019091651_ScheduleofInvestororAnalystMeet_001.pdf,Titan Company Limited has informed the Exchange regarding Analysts/Institutional Investor Meet/Con. Call Updates,,,Analysts/Institutional Investor Meet/Con. Call Updates,-,03092019091800,-,-,False,,,103766447,Gems Jewellery And Watches,INE280A01010,Titan Company Limited,2019-09-03 09:18:00,TITAN
26-Aug-2019 15:32:00,,https://nsearchives.nseindia.com/corporate/TITAN_26082019153219_ScheduleofAnalystandInstitutionalInvestorMeet_176.pdf,Titan Company Limited has informed the Exchange regarding Analysts/Institutional Investor Meet/Con. Call Updates,,,Analysts/Institutional Investor Meet/Con. Call Updates,-,26082019153200,-,-,False,,,103750494,Gems Jewellery And Watches,INE280A01010,Titan Company Limited,2019-08-26 15:32:00,TITAN
19-Aug-2019 10:28:00,,https://nsearchives.nseindia.com/corporate/TITAN_19082019102835_ScheduleofAnalystandInstitutionalInvestorMeet_085.pdf,Titan Company Limited has informed the Exchange regarding Analysts/Institutional Investor Meet/Con. Call Updates,,,Analysts/Institutional Investor Meet/Con. Call Updates,-,19082019102800,-,-,False,,,103735954,Gems Jewellery And Watches,INE280A01010,Titan Company Limited,2019-08-19 10:28:00,TITAN
16-Aug-2019 21:33:00,,https://nsearchives.nseindia.com/corporate/TITAN_16082019213212_Titanintimationoncaratlane_401.pdf,Titan Company Limited has informed the Exchange about Increase of stake in Carat Lane Trading Private Limited (Subsidiary Company),,,Acquisition,-,16082019213300,-,-,False,,,103733292,Gems Jewellery And Watches,INE280A01010,Titan Company Limited,2019-08-16 21:33:00,TITAN
13-Aug-2019 09:09:00,,https://nsearchives.nseindia.com/corporate/TITAN_13082019090925_Titanscheduleofinvestoraug_009.pdf,Titan Company Limited has informed the Exchange regarding Analysts/Institutional Investor Meet/Con. Call Updates,,,Analysts/Institutional Investor Meet/Con. Call Updates,-,13082019090900,-,-,False,,,103723566,Gems Jewellery And Watches,INE280A01010,Titan Company Limited,2019-08-13 09:09:00,TITAN
08-Aug-2019 14:21:00,,https://nsearchives.nseindia.com/corporate/TITAN_08082019142054_IntimationResultsNewspaperAd_160.pdf,Titan Company Limited has informed the Exchange regarding 'Newspaper publication for unaudited financial results for the first quarter ended 30th June 2019'.,,,Updates,-,08082019142100,-,-,False,,,103716944,Gems Jewellery And Watches,INE280A01010,Titan Company Limited,2019-08-08 14:21:00,TITAN
08-Aug-2019 14:15:00,,https://nsearchives.nseindia.com/corporate/TITAN_08082019141515_ScheduleofAnalystandInstitutionalInvestorMeet_155.pdf,Titan Company Limited has informed the Exchange regarding Analysts/Institutional Investor Meet/Con. Call Updates,,,Analysts/Institutional Investor Meet/Con. Call Updates,-,08082019141500,-,-,False,,,103716939,Gems Jewellery And Watches,INE280A01010,Titan Company Limited,2019-08-08 14:15:00,TITAN
07-Aug-2019 15:41:00,,https://nsearchives.nseindia.com/corporate/TITAN_07082019154046_Proceedingsandvotingresultsof35thAGM_259.pdf,"Titan Company Limited has informed the Exchange regarding Proceedings of Annual General Meeting held on August 06, 2019. Further, the company has submitted the Exchange a copy of Srutinizers report along with voting results.",,,Shareholders meeting,-,07082019154100,-,-,False,,,103713378,Gems Jewellery And Watches,INE280A01010,Titan Company Limited,2019-08-07 15:41:00,TITAN
06-Aug-2019 16:03:00,,https://nsearchives.nseindia.com/corporate/TITAN_06082019160300_Q1FY20EarningsPresentationfinal_262.pdf,Titan Company Limited has informed the Exchange regarding Investor Presentation,,,Investor Presentation,-,06082019160300,-,-,False,,,103709677,Gems Jewellery And Watches,INE280A01010,Titan Company Limited,2019-08-06 16:03:00,TITAN
06-Aug-2019 15:05:00,,https://nsearchives.nseindia.com/corporate/TITAN_06082019150356_TitanOutcomeoftheBoardMeeting_200.pdf,"Titan Company Limited has informed the Exchange regarding  Board meeting held on August 06, 2019.",,,Outcome of Board Meeting,-,06082019150500,-,-,False,,,103709617,Gems Jewellery And Watches,INE280A01010,Titan Company Limited,2019-08-06 15:05:00,TITAN
06-Aug-2019 14:50:26,,https://nsearchives.nseindia.com/corporate/titanfinancialresultq1_06082019145026.zip,"Titan Company Limited has submitted to the Exchange, the financial results for the period ended June 30, 2019.",,,Financial Result Updates,-,06082019145026,-,-,False,,,128989,Gems Jewellery And Watches,INE280A01010,Titan Company Limited,2019-08-06 14:50:26,TITAN
02-Aug-2019 16:35:00,,https://nsearchives.nseindia.com/corporate/TITAN_02082019163452_FirstQuarterEarningsCall2019_356.pdf,Titan Company Limited has informed the Exchange regarding Analysts/Institutional Investor Meet/Con. Call Updates,,,Analysts/Institutional Investor Meet/Con. Call Updates,-,02082019163500,-,-,False,,,103701792,Gems Jewellery And Watches,INE280A01010,Titan Company Limited,2019-08-02 16:35:00,TITAN
01-Aug-2019 10:18:00,,https://nsearchives.nseindia.com/corporate/TITAN_01082019101331_ChangeofDirectorCesssationofMrTKBalajiasanIndependentDirector_023.pdf,Titan Company Limited has informed the Exchange regarding Change in Director(s) of the company.Cessation of Mr. T K Balaji as an Independent Director,,,Change in Director(s),-,01082019101800,-,-,False,,,103697413,Gems Jewellery And Watches,INE280A01010,Titan Company Limited,2019-08-01 10:18:00,TITAN
11-Jul-2019 15:58:00,,https://nsearchives.nseindia.com/corporate/TITAN_11072019155812_Newspaper_adNoticeAGM_158.pdf,Titan Company Limited has informed the Exchange regarding 'Newspaper Advertisement - Notice of AGM'.,,,Updates,-,11072019155800,-,-,False,,,103647819,Gems Jewellery And Watches,INE280A01010,Titan Company Limited,2019-07-11 15:58:00,TITAN
10-Jul-2019 15:42:00,,https://nsearchives.nseindia.com/corporate/TITAN_10072019154153_NoticePublishedinNewspaper_164.pdf,Titan Company Limited has informed the Exchange regarding 'Notice published in newspaper'.,,,Updates,-,10072019154200,-,-,False,,,103644395,Gems Jewellery And Watches,INE280A01010,Titan Company Limited,2019-07-10 15:42:00,TITAN
08-Jul-2019 16:28:00,,https://nsearchives.nseindia.com/corporate/TITAN_08072019162744_QuarterlyUpdateQ1FY20_233.pdf,Titan Company Limited has informed the Exchange regarding 'Quarterly Update �� Q1 FY 2019-20'.,,,Updates,-,08072019162800,-,-,False,,,103637021,Gems Jewellery And Watches,INE280A01010,Titan Company Limited,2019-07-08 16:28:00,TITAN
03-Jul-2019 12:42:00,,https://nsearchives.nseindia.com/corporate/TITAN_03072019124053_AppointmentofIndependentDirector_068.pdf,"Titan Company Limited has informed the Exchange regarding Appointment of Mr Mohanasankar Sivapraksam  as Independent Director of the company w.e.f. July 03, 2019.",,,Appointment,-,03072019124200,-,-,False,,,103627894,Gems Jewellery And Watches,INE280A01010,Titan Company Limited,2019-07-03 12:42:00,TITAN
26-Jun-2019 12:28:00,,https://nsearchives.nseindia.com/corporate/TITAN_26062019122758_Titanclosureoftradingwindow_085.pdf,"Titan Company Limited has informed the Exchange regarding the Trading Window closure pursuant to SEBI (Prohibition of Insider Trading) Regulations, 2015",,,Trading Window,-,26062019122800,-,-,False,,,103611791,Gems Jewellery And Watches,INE280A01010,Titan Company Limited,2019-06-26 12:28:00,TITAN
25-Jun-2019 12:15:00,,https://nsearchives.nseindia.com/corporate/TITAN_25062019121316_TITANInvestorMeeting_076.pdf,Titan Company Limited has informed the Exchange regarding Analysts/Institutional Investor Meet/Con. Call Updates,,,Analysts/Institutional Investor Meet/Con. Call Updates,-,25062019121500,-,-,False,,,103608810,Gems Jewellery And Watches,INE280A01010,Titan Company Limited,2019-06-25 12:15:00,TITAN
13-Jun-2019 15:25:00,,https://nsearchives.nseindia.com/corporate/TITAN_13062019152523_Titanscheduleofinvestormeetingjune_147.pdf,Titan Company Limited has informed the Exchange regarding Analysts/Institutional Investor Meet/Con. Call Updates,,,Analysts/Institutional Investor Meet/Con. Call Updates,-,13062019152500,-,-,False,,,103580038,Gems Jewellery And Watches,INE280A01010,Titan Company Limited,2019-06-13 15:25:00,TITAN
10-Jun-2019 08:55:00,,https://nsearchives.nseindia.com/corporate/TITAN_10062019085458_titanscheduleofmeeting_002.pdf,Titan Company Limited has informed the Exchange regarding Analysts/Institutional Investor Meet/Con. Call Updates,,,Analysts/Institutional Investor Meet/Con. Call Updates,-,10062019085500,-,-,False,,,103567604,Gems Jewellery And Watches,INE280A01010,Titan Company Limited,2019-06-10 08:55:00,TITAN
06-Jun-2019 12:09:00,,https://nsearchives.nseindia.com/corporate/TITAN_06062019120734_RTAnamechange_151.pdf,Titan Company Limited has informed the Exchange regarding the Registrar & Share Transfer Agent Update,,,Registrar & Share Transfer Agent Update,-,06062019120900,-,-,False,,,103562138,Gems Jewellery And Watches,INE280A01010,Titan Company Limited,2019-06-06 12:09:00,TITAN
06-Jun-2019 09:19:00,,https://nsearchives.nseindia.com/corporate/listcontract3_6620199957_DisclosureofRelatedPartyTransactions_063.pdf,"Titan Company Limited has informed the Exchange regarding Disclosure of Related Party Transactions on a consolidated basis for the half year ended March 31, 2019.",,,Related Party Transactions,-,06062019091900,-,-,False,,,103560181,Gems Jewellery And Watches,INE280A01010,Titan Company Limited,2019-06-06 09:19:00,TITAN
03-Jun-2019 16:41:00,,https://nsearchives.nseindia.com/corporate/TITAN_03062019164109_BrickworkRatings_377.pdf,Titan Company Limited has informed the Exchange regarding Credit Rating,,,Credit Rating,-,03062019164100,-,-,False,,,103555258,Gems Jewellery And Watches,INE280A01010,Titan Company Limited,2019-06-03 16:41:00,TITAN
03-Jun-2019 12:17:00,,https://nsearchives.nseindia.com/corporate/TITAN_03062019121652_Titanscheduleofmeetingjune_233.pdf,Titan Company Limited has informed the Exchange regarding Analysts/Institutional Investor Meet/Con. Call Updates,,,Analysts/Institutional Investor Meet/Con. Call Updates,-,03062019121700,-,-,False,,,103554987,Gems Jewellery And Watches,INE280A01010,Titan Company Limited,2019-06-03 12:17:00,TITAN
27-May-2019 22:39:00,,https://nsearchives.nseindia.com/corporate/TITAN_27052019223833_Titanscheduleofinvestorconcall_017.pdf,Titan Company Limited has informed the Exchange regarding Analysts/Institutional Investor Meet/Con. Call Updates,,,Analysts/Institutional Investor Meet/Con. Call Updates,-,27052019223900,-,-,False,,,103537655,Gems Jewellery And Watches,INE280A01010,Titan Company Limited,2019-05-27 22:39:00,TITAN
20-May-2019 23:47:00,,https://nsearchives.nseindia.com/corporate/TITAN_20052019234702_Titannewspaperforiepf_680.pdf,Titan Company Limited has informed the Exchange regarding 'Newspaper advertisement for transfer of equity shares to IEPF'.,,,Updates,-,20052019234700,-,-,False,,,103522174,Gems Jewellery And Watches,INE280A01010,Titan Company Limited,2019-05-20 23:47:00,TITAN
14-May-2019 18:42:00,,https://nsearchives.nseindia.com/corporate/listcontract1_14052019181726_TITAN_153.pdf,"Titan Company Limited has informed the Exchange that the Register of Members and Share Transfer Books of the Company shall remain closed from July 31, 2019 to August 6, 2019 (both days inclusive) for the purpose of determining eligibility for payment of dividend on equity shares for the year ended March 31,2019 and Annual General Meeting of the Company Scheduled to be held on August 06, 2019.",,,AGM/Book Closure,-,14052019184200,-,-,False,,,103508291,Gems Jewellery And Watches,INE280A01010,Titan Company Limited,2019-05-14 18:42:00,TITAN
14-May-2019 18:25:00,,https://nsearchives.nseindia.com/corporate/TITAN_14052019182306_ScheduleofAnalystorInstitutionalInvestorMeet_145.pdf,Titan Company Limited has informed the Exchange regarding Analysts/Institutional Investor Meet/Con. Call Updates,,,Analysts/Institutional Investor Meet/Con. Call Updates,-,14052019182500,-,-,False,,,103508299,Gems Jewellery And Watches,INE280A01010,Titan Company Limited,2019-05-14 18:25:00,TITAN
14-May-2019 17:57:00,,https://nsearchives.nseindia.com/corporate/TITAN_14052019174512_IntimationofchangeinWebsiteaddressoftheCompany_119.pdf,Titan Company Limited has informed the Exchange regarding 'Intimation of change in Website address of the Company - www.titancompany.in'.,,,Updates,-,14052019175700,-,-,False,,,103508276,Gems Jewellery And Watches,INE280A01010,Titan Company Limited,2019-05-14 17:57:00,TITAN
10-May-2019 12:50:00,,https://nsearchives.nseindia.com/corporate/TITAN_10052019123700_TitanNewspaperAd_069.pdf,Titan Company Limited has informed the Exchange regarding 'Newspaper publication for audited financial results for the fourth quarter and year ended 31st March 2019'.,,,Updates,-,10052019125000,-,-,False,,,103500880,Gems Jewellery And Watches,INE280A01010,Titan Company Limited,2019-05-10 12:50:00,TITAN
10-May-2019 09:37:00,,https://nsearchives.nseindia.com/corporate/TITAN_10052019093559_TitanAnnualInvestorsForum2019_015.pdf,Titan Company Limited has informed the Exchange regarding Investor Presentation - Annual Investor Forum 2019,,,Investor Presentation,-,10052019093700,-,-,False,,,103499007,Gems Jewellery And Watches,INE280A01010,Titan Company Limited,2019-05-10 09:37:00,TITAN
08-May-2019 17:47:00,,https://nsearchives.nseindia.com/corporate/TITAN_08052019174653_TitanAnnualResult201819_213.pdf,"Titan Company Limited has informed the Exchange that Board of Directors at its meeting held on May 08, 2019, recommended Final Dividend of 5 per equity share.",,,Dividend,-,08052019174700,-,-,False,,,103493978,Gems Jewellery And Watches,INE280A01010,Titan Company Limited,2019-05-08 17:47:00,TITAN
08-May-2019 17:22:00,,https://nsearchives.nseindia.com/corporate/TITAN_08052019172124_TitanInvestorPresentation_201.pdf,Titan Company Limited has informed the Exchange regarding Investor Presentation,,,Investor Presentation,-,08052019172200,-,-,False,,,103493968,Gems Jewellery And Watches,INE280A01010,Titan Company Limited,2019-05-08 17:22:00,TITAN
08-May-2019 17:11:04,,https://nsearchives.nseindia.com/corporate/TitanAnnualResult201819_08052019171104.zip,"Titan Company Limited has submitted to the Exchange, the financial results for the period ended March 31, 2019.",,,Financial Result Updates,-,08052019171104,-,-,False,,,126857,Gems Jewellery And Watches,INE280A01010,Titan Company Limited,2019-05-08 17:11:04,TITAN
06-May-2019 15:06:00,,https://nsearchives.nseindia.com/corporate/TITAN_06052019150321_TitanearningcallQ4_147.pdf,Titan Company Limited has informed the Exchange regarding Analysts/Institutional Investor Meet/Con. Call Updates,,,Analysts/Institutional Investor Meet/Con. Call Updates,-,06052019150600,-,-,False,,,103487883,Gems Jewellery And Watches,INE280A01010,Titan Company Limited,2019-05-06 15:06:00,TITAN
29-Apr-2019 13:45:00,,https://nsearchives.nseindia.com/corporate/TITAN_29042019134513_ScheduleofAnalystorInstitutionalInvestorMeet_033.pdf,Titan Company Limited has informed the Exchange regarding Analysts/Institutional Investor Meet/Con. Call Updates,,,Analysts/Institutional Investor Meet/Con. Call Updates,-,29042019134500,-,-,False,,,103475256,Gems Jewellery And Watches,INE280A01010,Titan Company Limited,2019-04-29 13:45:00,TITAN
25-Apr-2019 06:15:00,,https://nsearchives.nseindia.com/corporate/listcontract1_24042019095346_Titan_REG30_026.pdf,"The Promoter along with PAC has submitted to the Exchange a copy of Annual Disclosure under Regulation 30(1) and 30(2) of SEBI (Substantial Acquisition of Shares and Takeovers), Regulations, 2011 as on March 31, 2019.",,,Disc. under Reg.30 of SEBI (SAST) Reg.2011,-,25042019061500,-,-,False,,,103465243,Gems Jewellery And Watches,INE280A01010,Titan Company Limited,2019-04-25 06:15:00,TITAN
16-Apr-2019 09:17:00,,https://nsearchives.nseindia.com/corporate/TITAN_16042019091636_Titanannualanalystday_034.pdf,Titan Company Limited has informed the Exchange regarding Analysts/Institutional Investor Meet/Con. Call Updates,,,Analysts/Institutional Investor Meet/Con. Call Updates,-,16042019091700,-,-,False,,,103452320,Gems Jewellery And Watches,INE280A01010,Titan Company Limited,2019-04-16 09:17:00,TITAN
08-Apr-2019 19:04:00,,https://nsearchives.nseindia.com/corporate/janilj_08042019184406_TITAN_503.pdf,"The Promoter along with PAC has submitted to the Exchange a copy of Annual Disclosure under Regulation 30(1) and 30(2) of SEBI (Substantial Acquisition of Shares and Takeovers), Regulations, 2011 as on March 31, 2019",,,Disc. under Reg.30 of SEBI (SAST) Reg.2011,-,08042019190400,-,-,False,,,103431963,Gems Jewellery And Watches,INE280A01010,Titan Company Limited,2019-04-08 19:04:00,TITAN
04-Apr-2019 16:49:00,,https://nsearchives.nseindia.com/corporate/TITAN_04042019164918_TitanQuarterlyUpdateQ4_348.pdf,Titan Company Limited has informed the Exchange regarding 'Quarterly Update - Q4 FY 2018-19'.,,,Updates,-,04042019164900,-,-,False,,,103425129,Gems Jewellery And Watches,INE280A01010,Titan Company Limited,2019-04-04 16:49:00,TITAN
31-Mar-2019 10:31:00,,https://nsearchives.nseindia.com/corporate/TITAN_31032019103025_TitanIncreaseofStakeInCaratLane_446.pdf,"Titan Company Limited has informed the Exchange about Increase of stake in Carat Lane Trading Private Limited, Subsidiary Company",,,Acquisition,-,31032019103100,-,-,False,,,103413515,Gems Jewellery And Watches,INE280A01010,Titan Company Limited,2019-03-31 10:31:00,TITAN
29-Mar-2019 16:02:00,,https://nsearchives.nseindia.com/corporate/TITAN_29032019160046_TitanCodeofFairDisclosure_178.pdf,"Titan Company Limited has informed the Exchange regarding the Code of Conduct under SEBI(PIT) Reg., 2015",,,"Code of Conduct under SEBI(PIT) Reg., 2015",-,29032019160200,-,-,False,,,103411748,Gems Jewellery And Watches,INE280A01010,Titan Company Limited,2019-03-29 16:02:00,TITAN
27-Mar-2019 11:43:00,,https://nsearchives.nseindia.com/corporate/TITAN_27032019114300_Intimationofclosureoftradingwindow_034.pdf,"Titan Company Limited has informed the Exchange regarding the Trading Window closure pursuant to SEBI (Prohibition of Insider Trading) Regulations, 2015",,,Trading Window,-,27032019114300,-,-,False,,,103405418,Gems Jewellery And Watches,INE280A01010,Titan Company Limited,2019-03-27 11:43:00,TITAN
27-Mar-2019 10:04:00,,https://nsearchives.nseindia.com/corporate/TITAN_27032019100225_ScheduleofAnalystandInstitutionalInvestorMeet_008.pdf,Titan Company Limited has informed the Exchange regarding Analysts/Institutional Investor Meet/Con. Call Updates,,,Analysts/Institutional Investor Meet/Con. Call Updates,-,27032019100400,-,-,False,,,103404643,Gems Jewellery And Watches,INE280A01010,Titan Company Limited,2019-03-27 10:04:00,TITAN
25-Mar-2019 17:45:00,,https://nsearchives.nseindia.com/corporate/TITAN_25032019174329_Titanappointmentofdirector_206.pdf,"Titan Company Limited has informed the Exchange regarding Appointment of Mr Pradyumna Rameshchandra Vyas as Independent Director of the company w.e.f. March 25, 2019.",,,Appointment,-,25032019174500,-,-,False,,,103399035,Gems Jewellery And Watches,INE280A01010,Titan Company Limited,2019-03-25 17:45:00,TITAN
21-Mar-2019 08:54:00,,https://nsearchives.nseindia.com/corporate/TITAN_21032019085331_TitanSchedulofInvestorMeeting_001.pdf,Titan Company Limited has informed the Exchange regarding Analysts/Institutional Investor Meet/Con. Call Updates,,,Analysts/Institutional Investor Meet/Con. Call Updates,-,21032019085400,-,-,False,,,103391305,Gems Jewellery And Watches,INE280A01010,Titan Company Limited,2019-03-21 08:54:00,TITAN
15-Mar-2019 10:23:00,,https://nsearchives.nseindia.com/corporate/TITAN_15032019102131_TitanNomineeDirectorofTIDCO_010.pdf,Titan Company Limited has informed the Exchange regarding Change in Director(s) of the company.,,,Change in Director(s),-,15032019102300,-,-,False,,,103377986,Gems Jewellery And Watches,INE280A01010,Titan Company Limited,2019-03-15 10:23:00,TITAN
12-Mar-2019 15:37:00,,https://nsearchives.nseindia.com/corporate/TITAN_12032019153538_Scheduleofanalystandinstitutionalinvestormeet_125.pdf,Titan Company Limited has informed the Exchange regarding Analysts/Institutional Investor Meet/Con. Call Updates,,,Analysts/Institutional Investor Meet/Con. Call Updates,-,12032019153700,-,-,False,,,103369086,Gems Jewellery And Watches,INE280A01010,Titan Company Limited,2019-03-12 15:37:00,TITAN
05-Mar-2019 16:46:00,,https://nsearchives.nseindia.com/corporate/TITAN_05032019164347_ScheduleofAnalystandInstitutionalInvestorMeet_220.pdf,Titan Company Limited has informed the Exchange regarding Analysts/Institutional Investor Meet/Con. Call Updates,,,Analysts/Institutional Investor Meet/Con. Call Updates,-,05032019164600,-,-,False,,,103353145,Gems Jewellery And Watches,INE280A01010,Titan Company Limited,2019-03-05 16:46:00,TITAN
26-Feb-2019 12:53:00,,https://nsearchives.nseindia.com/corporate/TITAN_26022019125302_Titancreditratingbyicra_058.pdf,Titan Company Limited has informed the Exchange regarding Credit Rating,,,Credit Rating,-,26022019125300,-,-,False,,,103338575,Gems Jewellery And Watches,INE280A01010,Titan Company Limited,2019-02-26 12:53:00,TITAN
19-Feb-2019 14:05:00,,https://nsearchives.nseindia.com/corporate/TITAN_19022019140247_Titaninvestormeeting_100.pdf,Titan Company Limited has informed the Exchange regarding Analysts/Institutional Investor Meet/Con. Call Updates,,,Analysts/Institutional Investor Meet/Con. Call Updates,-,19022019140500,-,-,False,,,103321503,Gems Jewellery And Watches,INE280A01010,Titan Company Limited,2019-02-19 14:05:00,TITAN
13-Feb-2019 14:00:00,,https://nsearchives.nseindia.com/corporate/TITAN_13022019124900_ScheduleofAnalystorInstitutionalInvestorMeetings_137.pdf,Titan Company Limited has informed the Exchange regarding Analysts/Institutional Investor Meet/Con. Call Updates,,,Analysts/Institutional Investor Meet/Con. Call Updates,-,13022019140000,-,-,False,,,103307120,Gems Jewellery And Watches,INE280A01010,Titan Company Limited,2019-02-13 14:00:00,TITAN
11-Feb-2019 10:36:00,,https://nsearchives.nseindia.com/corporate/TITAN_11022019103313_Titanscheduleofanalystmeet_023.pdf,Titan Company Limited has informed the Exchange regarding Analysts/Institutional Investor Meet/Con. Call Updates,,,Analysts/Institutional Investor Meet/Con. Call Updates,-,11022019103600,-,-,False,,,103300459,Gems Jewellery And Watches,INE280A01010,Titan Company Limited,2019-02-11 10:36:00,TITAN
06-Feb-2019 09:36:00,,https://nsearchives.nseindia.com/corporate/TITAN_06022019093614_Titanscheduleofinvestormeet_010.pdf,Titan Company Limited has informed the Exchange regarding Analysts/Institutional Investor Meet/Con. Call Updates,,,Analysts/Institutional Investor Meet/Con. Call Updates,-,06022019093600,-,-,False,,,103286392,Gems Jewellery And Watches,INE280A01010,Titan Company Limited,2019-02-06 09:36:00,TITAN
05-Feb-2019 16:25:00,,https://nsearchives.nseindia.com/corporate/TITAN_05022019162452_NewspaperPublication_306.pdf,Titan Company Limited has informed the Exchange regarding 'Newspaper publication for unaudited financial results for the quarter / nine months ended 31st December 2018'.,,,Updates,-,05022019162500,-,-,False,,,103284711,Gems Jewellery And Watches,INE280A01010,Titan Company Limited,2019-02-05 16:25:00,TITAN
01-Feb-2019 16:52:00,,https://nsearchives.nseindia.com/corporate/TITAN_01022019165151_TitanInvestorCallQ3201819_315.pdf,Titan Company Limited has informed the Exchange regarding Investor Presentation,,,Investor Presentation,-,01022019165200,-,-,False,,,103275603,Gems Jewellery And Watches,INE280A01010,Titan Company Limited,2019-02-01 16:52:00,TITAN
01-Feb-2019 16:42:00,,https://nsearchives.nseindia.com/corporate/TITAN_01022019163729_Titanbmoutcome1022019_296.pdf,"Titan Company Limited has informed the Exchange regarding  Board meeting held on February 01, 2019 - Managing Director Succession Plan",,,Outcome of Board Meeting,-,01022019164200,-,-,False,,,103275586,Gems Jewellery And Watches,INE280A01010,Titan Company Limited,2019-02-01 16:42:00,TITAN
01-Feb-2019 16:00:13,,https://nsearchives.nseindia.com/corporate/TitanfinanicalresultsQ3201819_01022019160013.zip,"Titan Company Limited has submitted to the Exchange, the financial results for the period ended December 31, 2018.",,,Financial Result Updates,-,01022019160013,-,-,False,,,125357,Gems Jewellery And Watches,INE280A01010,Titan Company Limited,2019-02-01 16:00:13,TITAN
25-Jan-2019 15:13:00,,https://nsearchives.nseindia.com/corporate/TITAN_25012019151225_TitanChangeofDirectors_143.pdf,Titan Company Limited has informed the Exchange regarding Change in Director(s) of the company.,,,Change in Director(s),-,25012019151300,-,-,False,,,103256731,Gems Jewellery And Watches,INE280A01010,Titan Company Limited,2019-01-25 15:13:00,TITAN
24-Jan-2019 15:42:00,,https://nsearchives.nseindia.com/corporate/TITAN_26112018111932_47SEC47201819NominationofTIDCO_166.pdf,Titan Company Limited has informed the Exchange regarding Change in Director(s) of the company.,,,Change in Director(s),-,24012019154200,-,-,False,,,103104507,Gems Jewellery And Watches,INE280A01010,Titan Company Limited,2019-01-24 15:42:00,TITAN
18-Jan-2019 16:38:00,,https://nsearchives.nseindia.com/corporate/TITAN_18012019163717_TitanThirdquarterearningscallforQ3FY201819_155.pdf,Titan Company Limited has informed the Exchange regarding Analysts/Institutional Investor Meet/Con. Call Updates,,,Analysts/Institutional Investor Meet/Con. Call Updates,-,18012019163800,-,-,False,,,103240830,Gems Jewellery And Watches,INE280A01010,Titan Company Limited,2019-01-18 16:38:00,TITAN
04-Jan-2019 17:37:00,,https://nsearchives.nseindia.com/corporate/TITAN_04012019173636_QuarterlyUpdateQ3FY201819_146.pdf,Titan Company Limited has informed the Exchange regarding 'Quarterly Update - Q3 for FY 2018-19'.,,,Updates,-,04012019173700,-,-,False,,,103204254,Gems Jewellery And Watches,INE280A01010,Titan Company Limited,2019-01-04 17:37:00,TITAN
02-Jan-2019 11:43:00,,https://nsearchives.nseindia.com/corporate/TITAN_02012019112354_TitanClosureofTradingWindow_033.pdf,"Titan Company Limited has informed the Exchange regarding the Trading Window closure pursuant to SEBI (Prohibition of Insider Trading) Regulations, 2015",,,Trading Window,-,02012019114300,-,-,False,,,103196723,Gems Jewellery And Watches,INE280A01010,Titan Company Limited,2019-01-02 11:43:00,TITAN
11-Dec-2018 15:33:00,,https://nsearchives.nseindia.com/corporate/TITAN_11122018153120_TitanRatingoutlookbyCRISIL_077.pdf,Titan Company Limited has informed the Exchange regarding Credit Rating,,,Credit Rating,-,11122018153300,-,-,False,,,103142427,Gems Jewellery And Watches,INE280A01010,Titan Company Limited,2018-12-11 15:33:00,TITAN
07-Dec-2018 23:03:00,,https://nsearchives.nseindia.com/corporate/TITAN_07122018230219_TitanScheduleofAnalystMeetings_185.pdf,Titan Company Limited has informed the Exchange regarding Analysts/Institutional Investor Meet/Con. Call Updates,,,Analysts/Institutional Investor Meet/Con. Call Updates,-,07122018230300,-,-,False,,,103136787,Gems Jewellery And Watches,INE280A01010,Titan Company Limited,2018-12-07 23:03:00,TITAN
27-Nov-2018 15:58:00,,https://nsearchives.nseindia.com/corporate/TITAN_27112018155741_TitanScheduleofAnalyst_123.pdf,Titan Company Limited has informed the Exchange regarding Analysts/Institutional Investor Meet/Con. Call Updates,,,Analysts/Institutional Investor Meet/Con. Call Updates,-,27112018155800,-,-,False,,,103107674,Gems Jewellery And Watches,INE280A01010,Titan Company Limited,2018-11-27 15:58:00,TITAN
26-Nov-2018 11:13:00,,https://nsearchives.nseindia.com/corporate/TITAN_26112018110953_46SEC46201718_036.pdf,Titan Company Limited has informed the Exchange regarding 'Authorisation to determine materiality of information and disclosures to StockExchanges'.,,,Updates,-,26112018111300,-,-,False,,,103104505,Gems Jewellery And Watches,INE280A01010,Titan Company Limited,2018-11-26 11:13:00,TITAN
19-Nov-2018 15:13:00,,https://nsearchives.nseindia.com/corporate/TITAN_19112018151148_TitanScheduleofInvestorMeetings_897.pdf,Titan Company Limited has informed the Exchange regarding Analysts/Institutional Investor Meet/Con. Call Updates,,,Analysts/Institutional Investor Meet/Con. Call Updates,-,19112018151300,-,-,False,,,103093196,Gems Jewellery And Watches,INE280A01010,Titan Company Limited,2018-11-19 15:13:00,TITAN
14-Nov-2018 23:09:00,,https://nsearchives.nseindia.com/corporate/TITAN_14112018230342_TitanNewspapersAdforQ2Results_935.pdf,Titan Company Limited has informed the Exchange regarding 'Newspaper publication for unaudited financial results for the quarter / half year ended 30th September 2018'.,,,Updates,-,14112018230900,-,-,False,,,103082185,Gems Jewellery And Watches,INE280A01010,Titan Company Limited,2018-11-14 23:09:00,TITAN
13-Nov-2018 08:33:00,,https://nsearchives.nseindia.com/corporate/TITAN_13112018083241_Titanscheduleofmeetings_434.pdf,Titan Company Limited has informed the Exchange regarding Analysts/Institutional Investor Meet/Con. Call Updates,,,Analysts/Institutional Investor Meet/Con. Call Updates,-,13112018083300,-,-,False,,,103073962,Gems Jewellery And Watches,INE280A01010,Titan Company Limited,2018-11-13 08:33:00,TITAN
09-Nov-2018 23:07:00,,https://nsearchives.nseindia.com/corporate/TITAN_09112018230642_TitanScheduleofAnalystMeeting_813.pdf,Titan Company Limited has informed the Exchange regarding Analysts/Institutional Investor Meet/Con. Call Updates,,,Analysts/Institutional Investor Meet/Con. Call Updates,-,09112018230700,-,-,False,,,103069477,Gems Jewellery And Watches,INE280A01010,Titan Company Limited,2018-11-09 23:07:00,TITAN
09-Nov-2018 16:41:00,,https://nsearchives.nseindia.com/corporate/TITAN_09112018163618_TitanEarningspresentationQ2_735.pdf,Titan Company Limited has informed the Exchange regarding Investor Presentation,,,Investor Presentation,-,09112018164100,-,-,False,,,103068736,Gems Jewellery And Watches,INE280A01010,Titan Company Limited,2018-11-09 16:41:00,TITAN
09-Nov-2018 16:23:24,,https://nsearchives.nseindia.com/corporate/TitanFinancialResultsQ2_09112018162324.zip,"Titan Company Limited has submitted to the Exchange, the financial results for the period ended September 30, 2018.",,,Financial Result Updates,-,09112018162324,-,-,False,,,123898,Gems Jewellery And Watches,INE280A01010,Titan Company Limited,2018-11-09 16:23:24,TITAN
02-Nov-2018 22:34:00,,https://nsearchives.nseindia.com/corporate/TITAN_02112018223325_TitanQ2earningcall_867.pdf,Titan Company Limited has informed the Exchange regarding Analysts/Institutional Investor Meet/Con. Call Updates,,,Analysts/Institutional Investor Meet/Con. Call Updates,-,02112018223400,-,-,False,,,103056454,Gems Jewellery And Watches,INE280A01010,Titan Company Limited,2018-11-02 22:34:00,TITAN
31-Oct-2018 19:10:00,,https://nsearchives.nseindia.com/corporate/TITAN_31102018190506_Titancreditratings_450.pdf,Titan Company Limited has informed the Exchange regarding Credit Rating,,,Credit Rating,-,31102018191000,-,-,False,,,103049825,Gems Jewellery And Watches,INE280A01010,Titan Company Limited,2018-10-31 19:10:00,TITAN
18-Oct-2018 10:25:00,,https://nsearchives.nseindia.com/corporate/TITAN_18102018101357_TitanNewspaperpublication_016.pdf,Titan Company Limited has informed the Exchange regarding 'Newspaper publication for unaudited financial results for the quarter / half year ended 30th September 2018'.,,,Updates,-,18102018102500,-,-,False,,,103017484,Gems Jewellery And Watches,INE280A01010,Titan Company Limited,2018-10-18 10:25:00,TITAN
04-Oct-2018 17:27:00,,https://nsearchives.nseindia.com/corporate/TITAN_04102018172707_TitanupdateQtwo_082.pdf,Titan Company Limited has informed the Exchange regarding 'Quarterly Update �� Q2 FY 2018-19'.,,,Updates,-,04102018172700,-,-,False,,,102981329,Gems Jewellery And Watches,INE280A01010,Titan Company Limited,2018-10-04 17:27:00,TITAN
20-Sep-2018 16:35:00,,https://nsearchives.nseindia.com/corporate/TITAN_20092018163114_Titananalystmeetings_577.pdf,Titan Company Limited has informed the Exchange regarding Analysts/Institutional Investor Meet/Con. Call Updates,,,Analysts/Institutional Investor Meet/Con. Call Updates,-,20092018163500,-,-,False,,,102949847,Gems Jewellery And Watches,INE280A01010,Titan Company Limited,2018-09-20 16:35:00,TITAN
06-Sep-2018 09:29:00,,https://nsearchives.nseindia.com/corporate/TITAN_06092018092750_TitanInvestorMeeting_702.pdf,Titan Company Limited has informed the Exchange regarding Analysts/Institutional Investor Meet/Con. Call Updates,,,Analysts/Institutional Investor Meet/Con. Call Updates,-,06092018092900,-,-,False,,,102918646,Gems Jewellery And Watches,INE280A01010,Titan Company Limited,2018-09-06 09:29:00,TITAN
24-Aug-2018 16:40:00,,https://nsearchives.nseindia.com/corporate/TITAN_24082018163511_ScheduleofAnalystMeet_219.pdf,Titan Company Limited has informed the Exchange regarding Analysts/Institutional Investor Meet/Con. Call Updates,,,Analysts/Institutional Investor Meet/Con. Call Updates,-,24082018164000,-,-,False,,,102890288,Gems Jewellery And Watches,INE280A01010,Titan Company Limited,2018-08-24 16:40:00,TITAN
09-Aug-2018 11:50:00,,https://nsearchives.nseindia.com/corporate/ScheduleofAnalyst_09082018115030_054.zip,Titan Company Limited has informed the Exchange regarding Analysts/Institutional Investor Meet/Con. Call Updates,,,Analysts/Institutional Investor Meet/Con. Call Updates,-,09082018115000,-,-,False,,,102857504,Gems Jewellery And Watches,INE280A01010,Titan Company Limited,2018-08-09 11:50:00,TITAN
06-Aug-2018 19:00:00,,https://nsearchives.nseindia.com/corporate/Titanresultnewspaperad_06082018190013_513.zip,Titan Company Limited has informed the Exchange regarding 'Newspaper publication for unaudited financial results for the first quarter ended 30th June 2018'.,,,Updates,-,06082018190000,-,-,False,,,102848436,Gems Jewellery And Watches,INE280A01010,Titan Company Limited,2018-08-06 19:00:00,TITAN
03-Aug-2018 19:09:00,,https://nsearchives.nseindia.com/corporate/TitanoutcomeofAGM_03082018190952_536.zip,"Titan Company Limited has informed the Exchange regarding Proceedings of Annual General Meeting held on August 03, 2018. Further, the company has submitted the Exchange a copy of Srutinizers report along with voting results.",,,Shareholders meeting,-,03082018190900,-,-,False,,,102844114,Gems Jewellery And Watches,INE280A01010,Titan Company Limited,2018-08-03 19:09:00,TITAN
03-Aug-2018 15:46:00,,https://nsearchives.nseindia.com/corporate/TitanInvestorsPresentationQ1_03082018154616_228.zip,Titan Company Limited has informed the Exchange regarding Investor Presentation for Q1 FY 2018-19,,,Investor Presentation,-,03082018154600,-,-,False,,,102843824,Gems Jewellery And Watches,INE280A01010,Titan Company Limited,2018-08-03 15:46:00,TITAN
03-Aug-2018 14:15:57,,https://nsearchives.nseindia.com/corporate/TitanFinancialResultsQ12019_03082018141557.zip,"Titan Company Limited has submitted to the Exchange, the financial results for the period ended June 30, 2018.",,,Financial Result Updates,-,03082018141557,-,-,False,,,121543,Gems Jewellery And Watches,INE280A01010,Titan Company Limited,2018-08-03 14:15:57,TITAN
03-Aug-2018 14:10:00,,https://nsearchives.nseindia.com/corporate/TitanOutcomeofboardmeeting_03082018141038_139.zip,"Titan Company Limited has informed the Exchange regarding  Board meeting held on August 03, 2018.Appointment of Key Managerial Personnel (KMP) - Company Secretary and Compliance Officer.",,,Outcome of Board Meeting,-,03082018141000,-,-,False,,,102843745,Gems Jewellery And Watches,INE280A01010,Titan Company Limited,2018-08-03 14:10:00,TITAN
27-Jul-2018 15:54:00,,https://nsearchives.nseindia.com/corporate/WebcastofAGM_27072018155442_216.zip,Titan Company Limited has informed the Exchange regarding 'Voluntary webcast of 34th Annual General Meeting ofTitan Company Limited'.,,,Updates,-,27072018155400,-,-,False,,,102823856,Gems Jewellery And Watches,INE280A01010,Titan Company Limited,2018-07-27 15:54:00,TITAN
27-Jul-2018 12:08:00,,https://nsearchives.nseindia.com/corporate/Titanquarterearingcall_27072018120857_050.zip,Titan Company Limited has informed the Exchange regarding Analysts/Institutional Investor Meet/Con. Call Updates,,,Analysts/Institutional Investor Meet/Con. Call Updates,-,27072018120800,-,-,False,,,102823708,Gems Jewellery And Watches,INE280A01010,Titan Company Limited,2018-07-27 12:08:00,TITAN
13-Jul-2018 16:23:00,,https://nsearchives.nseindia.com/corporate/Publicationofnewspaper_13072018162318_201.zip,Titan Company Limited has informed the Exchange regarding 'Newspaper publication for Annual General Meeting and Book Closure'.,,,Updates,-,13072018162300,-,-,False,,,102790155,Gems Jewellery And Watches,INE280A01010,Titan Company Limited,2018-07-13 16:23:00,TITAN
06-Jul-2018 12:02:00,,https://nsearchives.nseindia.com/corporate/TitanAGMNotice_06072018120208_074.zip,"Titan Company Limited has informed the Exchange regarding Notice of Annual General Meeting to be held on August 03, 2018",,,Shareholders meeting,-,06072018120200,-,-,False,,,102773901,Gems Jewellery And Watches,INE280A01010,Titan Company Limited,2018-07-06 12:02:00,TITAN
05-Jul-2018 18:30:00,,https://nsearchives.nseindia.com/corporate/Titannewspaperad_05072018183037_317.zip,Titan Company Limited has informed the Exchange regarding 'Notice published in newspaper relating to transfer of unclaimed dividend / equity shares of the Company to Investor Education and Protection Fund (IEPF) Authority'.,,,Updates,-,05072018183000,-,-,False,,,102770856,Gems Jewellery And Watches,INE280A01010,Titan Company Limited,2018-07-05 18:30:00,TITAN
04-Jul-2018 17:58:00,,https://nsearchives.nseindia.com/corporate/InvestorUpdateQ1201819_04072018175808_554.zip,Titan Company Limited has informed the Exchange regarding 'Quarterly Update �� Q1 FY 2018-19'.,,,Updates,-,04072018175800,-,-,False,,,102767330,Gems Jewellery And Watches,INE280A01010,Titan Company Limited,2018-07-04 17:58:00,TITAN
02-Jul-2018 17:45:00,,https://nsearchives.nseindia.com/corporate/Titancutoffdatefordividend_02072018174508_850.zip,Titan Company Limited has informed the Exchange regarding Book Closure & Annual General Meeting.,,,Updates,-,02072018174500,-,-,False,,,102760626,Gems Jewellery And Watches,INE280A01010,Titan Company Limited,2018-07-02 17:45:00,TITAN
02-Jul-2018 10:33:00,,https://nsearchives.nseindia.com/corporate/Titanupdates_02072018103342_636.zip,"Titan Company Limited has informed the Exchange that Mr. A.R. Rajaram, Vice President - Legal & Company Secretary of the Company retired from the services of the Company on June 30, 2018 upon attaining the age of superannuation.",,,Retirement,-,02072018103300,-,-,False,,,102760363,Gems Jewellery And Watches,INE280A01010,Titan Company Limited,2018-07-02 10:33:00,TITAN
18-Jun-2018 16:24:00,,https://nsearchives.nseindia.com/corporate/TitanIntimation_18062018162450_250.zip,"Titan Company Limited has informed the Exchange regarding 'Intimation of sale of shares of Titan TimeProducts Limited (Subsidiary Company) - under Regulation 30 of the SEBI (Listing Obligations and Disclosure Requirements) Regulations, 2015'.",,,Updates,-,18062018162400,-,-,False,,,102729579,Gems Jewellery And Watches,INE280A01010,Titan Company Limited,2018-06-18 16:24:00,TITAN
07-Jun-2018 16:15:00,,https://nsearchives.nseindia.com/corporate/TITAN_07062018161536.zip,"Titan Company Limited has informed the Exchange that The Register of Members and share Transfer Registers of the Company will be closed from July 25, 2018 to August 3, 2018 (both days inclusive)  for the purpose of Annual General Meeting is scheduled to be held on August 03, 2018 and dividend.",,,AGM/Book Closure,-,07062018161500,-,-,False,,,102706510,Gems Jewellery And Watches,INE280A01010,Titan Company Limited,2018-06-07 16:15:00,TITAN
23-May-2018 16:52:00,,https://nsearchives.nseindia.com/corporate/Titaninvestormeet_23052018165214_997.zip,Titan Company Limited has informed the Exchange regarding Analysts/Institutional Investor Meet/Con. Call Updates,,,Analysts/Institutional Investor Meet/Con. Call Updates,-,23052018165200,-,-,False,,,102667048,Gems Jewellery And Watches,INE280A01010,Titan Company Limited,2018-05-23 16:52:00,TITAN
14-May-2018 09:51:00,,https://nsearchives.nseindia.com/corporate/AnnualInvestorForum2018_14052018095137_153.zip,Titan Company Limited has informed the Exchange regarding Analysts/Institutional Investor Meet/Con. Call Updates,,,Analysts/Institutional Investor Meet/Con. Call Updates,-,14052018095100,-,-,False,,,102640549,Gems Jewellery And Watches,INE280A01010,Titan Company Limited,2018-05-14 09:51:00,TITAN
10-May-2018 19:23:00,,https://nsearchives.nseindia.com/corporate/InvestorPresentation_10052018192319_373.zip,Titan Company Limited has informed the Exchange regarding Investor Presentation for Q4 and annual earnings.,,,Investor Presentation,-,10052018192300,-,-,False,,,102635300,Gems Jewellery And Watches,INE280A01010,Titan Company Limited,2018-05-10 19:23:00,TITAN
10-May-2018 17:34:00,,https://nsearchives.nseindia.com/corporate/TitanFinancialResults_10052018173429_284.zip,"Titan Company Limited has informed the Exchange that the Board of Directors of the Company at its meeting held on May 10, 2018, inter alia, have recommended a Dividend of Rs. 3.75 per Equity Share of Rs. 1 each of the Company which shall be paid / dispatched on the seventh day from the conclusion of the  Annual General meeting subject to approval of the shareholders of the Company.",,,Dividend,-,10052018173400,-,-,False,,,102635213,Gems Jewellery And Watches,INE280A01010,Titan Company Limited,2018-05-10 17:34:00,TITAN
10-May-2018 17:19:00,,https://nsearchives.nseindia.com/corporate/TitanOutcomeofBoardMeeting_10052018171905_270.zip,"Titan Company Limited has informed the Exchange regarding Outcome of Board Meeting held on May 10, 2018.",,,Outcome of Board Meeting,-,10052018171900,-,-,False,,,102635221,Gems Jewellery And Watches,INE280A01010,Titan Company Limited,2018-05-10 17:19:00,TITAN
10-May-2018 16:45:34,,https://nsearchives.nseindia.com/corporate/TitanFinancialResults_10052018164534.zip,"Titan Company Limited has submitted to the Exchange, the financial results for the period ended March 31, 2018.",,,Financial Result Updates,-,10052018164534,-,-,False,,,119253,Gems Jewellery And Watches,INE280A01010,Titan Company Limited,2018-05-10 16:45:34,TITAN
07-May-2018 13:11:00,,https://nsearchives.nseindia.com/corporate/InvestorMeetIntimation_07052018131105_200.zip,Titan Company Limited has informed the Exchange regarding Analysts/Institutional Investor Meet/Con. Call Updates,,,Analysts/Institutional Investor Meet/Con. Call Updates,-,07052018131100,-,-,False,,,102624486,Gems Jewellery And Watches,INE280A01010,Titan Company Limited,2018-05-07 13:11:00,TITAN
13-Apr-2018 09:33:00,,https://nsearchives.nseindia.com/corporate/UpdateTitan_13042018093300_039.zip,Titan Company Limited has informed the Exchange regarding 'Update - Titan'.,,,Updates,-,13042018093300,-,-,False,,,102572410,Gems Jewellery And Watches,INE280A01010,Titan Company Limited,2018-04-13 09:33:00,TITAN
10-Apr-2018 15:11:00,,https://nsearchives.nseindia.com/corporate/Titan_10042018151114.zip,"Promoter of the Company has submitted to the Exchange a copy of disclosure under Regulation 30(1) and 30(2) of SEBI (Substantial Acquisition of Shares & Takeovers) Regulations, 2011.",,,Disc. under Reg.30 of SEBI (SAST) Reg.2011,-,10042018151100,-,-,False,,,102563381,Gems Jewellery And Watches,INE280A01010,Titan Company Limited,2018-04-10 15:11:00,TITAN
06-Apr-2018 16:37:00,,https://nsearchives.nseindia.com/corporate/Q4Updates_06042018163735_430.zip,Titan Company Limited has informed the Exchange regarding 'Quarterly Update �� Q4 FY 2017-18'.,,,Updates,-,06042018163700,-,-,False,,,102556185,Gems Jewellery And Watches,INE280A01010,Titan Company Limited,2018-04-06 16:37:00,TITAN
03-Apr-2018 15:41:00,,https://nsearchives.nseindia.com/corporate/titan_03042018154127.zip,"Tamilnadu Industrial Development Corporation Limited has submitted to the Exchange a copy of disclosure under Regulation 30(1) and 30(2) of SEBI (Substantial Acquisition of Shares & Takeovers) Regulations, 2011.",,,Disc. under Reg.30 of SEBI (SAST) Reg.2011,-,03042018154100,-,-,False,,,102545243,Gems Jewellery And Watches,INE280A01010,Titan Company Limited,2018-04-03 15:41:00,TITAN
02-Apr-2018 12:01:00,,https://nsearchives.nseindia.com/corporate/Changeindirector_02042018120120_162.zip,Titan Company Limited has informed the Exchange regarding Change in Director(s) of the company.,,,Change in Director(s),-,02042018120100,-,-,False,,,102542666,Gems Jewellery And Watches,INE280A01010,Titan Company Limited,2018-04-02 12:01:00,TITAN
02-Apr-2018 11:55:00,,https://nsearchives.nseindia.com/corporate/Nominationofdirector_02042018115559_157.zip,Titan Company Limited has informed the Exchange regarding 'Nomination of Director from TIDCO'.,,,Updates,-,02042018115500,-,-,False,,,102542659,Gems Jewellery And Watches,INE280A01010,Titan Company Limited,2018-04-02 11:55:00,TITAN
01-Feb-2018 15:28:18,,https://nsearchives.nseindia.com/corporate/UnauditedFinancialResultsQ3_01022018152818.zip,"Titan Company Limited has submitted to the Exchange, the financial results for the period ended December 31, 2017.",,,Financial Result Updates,-,01022018152818,-,-,False,,,117509,Gems Jewellery And Watches,INE280A01010,Titan Company Limited,2018-02-01 15:28:18,TITAN
29-Jan-2018 16:19:00,,https://nsearchives.nseindia.com/corporate/ChangeofDirector_29012018161933_513.zip,Titan Company Limited has informed the Exchange regarding 'Change of TIDCO Nominee Director'.,,,Updates,-,29012018161900,-,-,False,,,102411778,Gems Jewellery And Watches,INE280A01010,Titan Company Limited,2018-01-29 16:19:00,TITAN
04-Jan-2018 16:10:00,,https://nsearchives.nseindia.com/corporate/Clarificationletter_04012018161046_423.zip,"TITAN:The Exchange had sought clarification from Titan Company Limited with respect to announcement dated 03-Jan-2018, regarding "" 'Appointment of Director'."". On basis of above the Company is required to clarify following: 1. Disclosure of relationships between directors (in case of appointment of a director).2. Brief profile (in case of appointment);3. Date of appointment/cessation (as applicable) & term of appointment;The response of the Company is attached.",,,Reply to Clarification Sought,-,04012018161000,-,-,False,,,102360890,Gems Jewellery And Watches,INE280A01010,Titan Company Limited,2018-01-04 16:10:00,TITAN
03-Jan-2018 11:43:00,,-,"TITAN:The Exchange has sought clarification from Titan Company Limited with respect to announcement dated 03-Jan-2018, regarding "" 'Appointment of Director'."". On basis of above the Company is required to clarify following: 1. Disclosure of relationships between directors (in case of appointment of a director).2. Brief profile (in case of appointment);3. Date of appointment/cessation (as applicable) & term of appointment;The response of the Company is awaited.",,,Clarification,-,03012018114300,-,-,False,,,102358066,Gems Jewellery And Watches,INE280A01010,Titan Company Limited,2018-01-03 11:43:00,TITAN
03-Jan-2018 08:52:00,,https://nsearchives.nseindia.com/corporate/AppointmentofDirector_03012018085222_005.zip,Titan Company Limited has informed the Exchange regarding 'Appointment of Director'.,,,Updates,-,03012018085200,-,-,False,,,102356156,Gems Jewellery And Watches,INE280A01010,Titan Company Limited,2018-01-03 08:52:00,TITAN
03-Jan-2018 08:40:00,,https://nsearchives.nseindia.com/corporate/UpdateQ3_03012018084021_004.zip,Titan Company Limited has informed the Exchange regarding 'Update Q3 FY 2017-18'.,,,Updates,-,03012018084000,-,-,False,,,102356155,Gems Jewellery And Watches,INE280A01010,Titan Company Limited,2018-01-03 08:40:00,TITAN
20-Nov-2017 16:28:00,,https://nsearchives.nseindia.com/corporate/changeindirectors_20112017162835_709.zip,Titan Company Limited has informed the Exchange regarding Change in Director(s) of the company.,,,Change in Director(s),-,20112017162800,-,-,False,,,102264717,Gems Jewellery And Watches,INE280A01010,Titan Company Limited,2017-11-20 16:28:00,TITAN
08-Nov-2017 13:15:00,,https://nsearchives.nseindia.com/corporate/Clarificationletter_08112017131536_105.zip,"The Exchange had sought clarification from the Company with respect to news item captioned ""Titan invest $5 million in wearable IoT firm CoveloT"". The response from the Company is enclosed.",,,News Clarification,-,08112017131500,-,-,False,,,102235753,Gems Jewellery And Watches,INE280A01010,Titan Company Limited,2017-11-08 13:15:00,TITAN
07-Nov-2017 15:15:00,,-,"The Exchange has sought clarification from the Company with respect to news item captioned ��Titan invests $5 million in wearable IoT firm CoveIoT��. In this regard, Exchange has advised the Company to provide clarification/confirmation on the news item in detail including the following: a) Whether such event/negotiations/article stated in published news were taking place? If so, you are advised to provide the said information along with the sequence of events in chronological order and the material impact of this article on the Company. b) Whether company is aware of any information that has not been announced to the Exchanges under regulation 30 of Listing Regulations. The response from the Company is awaited.",,,News Clarification,-,07112017151500,-,-,False,,,102232254,Gems Jewellery And Watches,INE280A01010,Titan Company Limited,2017-11-07 15:15:00,TITAN
03-Nov-2017 15:41:08,,https://nsearchives.nseindia.com/corporate/FinancialResultsQ2_03112017154108.zip,"Titan Company Limited has submitted to the Exchange, the financial results for the period ended September 30, 2017.",,,Financial Result Updates,-,03112017154108,-,-,False,,,115688,Gems Jewellery And Watches,INE280A01010,Titan Company Limited,2017-11-03 15:41:08,TITAN
10-Oct-2017 17:07:00,,https://nsearchives.nseindia.com/corporate/Newcorporateoffice_10102017170738_212.zip,Titan Company Limited has informed the Exchange regarding change in Corporate Office of the company.,,,Address Change,-,10102017170700,-,-,False,,,102170593,Gems Jewellery And Watches,INE280A01010,Titan Company Limited,2017-10-10 17:07:00,TITAN
28-Sep-2017 16:18:00,,https://nsearchives.nseindia.com/corporate/QuarterlyupdateQ2_28092017161831_319.zip,Titan Company Limited has informed the Exchange regarding 'Quarterly Update - Q2 FY 2017-18'.,,,Updates,-,28092017161800,-,-,False,,,102146251,Gems Jewellery And Watches,INE280A01010,Titan Company Limited,2017-09-28 16:18:00,TITAN
11-Aug-2017 12:47:00,,https://nsearchives.nseindia.com/corporate/SEC16201718-E-VotingResults_11082017124752_198.zip,"Titan Company Limited has informed the Exchange regarding Proceedings of Annual General Meeting held on August 03, 2017. Further, the company has submitted the Exchange a copy of Srutinizers report along with voting results. Update on results submitted on 4th August 2017.",,,Shareholders meeting,-,11082017124700,-,-,False,,,102027759,Gems Jewellery And Watches,INE280A01010,Titan Company Limited,2017-08-11 12:47:00,TITAN
04-Aug-2017 12:57:00,,https://nsearchives.nseindia.com/corporate/SEC16201718-E-VotingResults_04082017125717_161.zip,"Titan Company Limited has informed the Exchange regarding Proceedings of Annual General Meeting held on August 03, 2017. Further, the company has submitted the Exchange a copy of Srutinizers report along with voting results.",,,Shareholders meeting,-,04082017125700,-,-,False,,,102008477,Gems Jewellery And Watches,INE280A01010,Titan Company Limited,2017-08-04 12:57:00,TITAN
03-Aug-2017 14:43:26,,https://nsearchives.nseindia.com/corporate/Q1FY201718Results_03082017144326.zip,"Titan Company Limited has submitted to the Exchange, the financial results for the period ended June 30, 2017.",,,Financial Result Updates,-,03082017144326,-,-,False,,,114062,Gems Jewellery And Watches,INE280A01010,Titan Company Limited,2017-08-03 14:43:26,TITAN
05-Jul-2017 19:14:00,,https://nsearchives.nseindia.com/corporate/Titan_AGMBOOK_05072017191402.zip,"Titan Company Limited has informed the Exchange that the Register of Members and Share Transfer Books of the Company shall remain closed from from July 26, 2017 to August 3, 2017(both days inclusive) for the purpose of Payment of dividend",,,Book Closure,-,05072017191400,-,-,False,,,101924642,Gems Jewellery And Watches,INE280A01010,Titan Company Limited,2017-07-05 19:14:00,TITAN
05-Jul-2017 17:07:00,,https://nsearchives.nseindia.com/corporate/SEC13201718-NoticeofAGM_05072017170743_348.zip,"Titan Company Limited has informed the Exchange regarding Notice of Annual General Meeting to be held on August 03, 2017",,,Shareholders meeting,-,05072017170700,-,-,False,,,101924567,Gems Jewellery And Watches,INE280A01010,Titan Company Limited,2017-07-05 17:07:00,TITAN
04-Jul-2017 14:57:00,,https://nsearchives.nseindia.com/corporate/Q1FY1718_04072017145728_146.zip,Titan Company Limited has informed the Exchange regarding Quarterly Update - Q1 FY 2017-18,,,Updates,-,04072017145700,-,-,False,,,101920304,Gems Jewellery And Watches,INE280A01010,Titan Company Limited,2017-07-04 14:57:00,TITAN
19-May-2017 10:43:00,,https://nsearchives.nseindia.com/corporate/SEC09201718_19052017104320_516.zip,Titan Company Limited has informed the Exchange regarding Investor Presentation,,,Investor Presentation,-,19052017104300,-,-,False,,,101792468,Gems Jewellery And Watches,INE280A01010,Titan Company Limited,2017-05-19 10:43:00,TITAN
15-May-2017 09:39:02,,https://nsearchives.nseindia.com/corporate/TITAN_Result_15052017093902.zip,"Titan Company Limited has submitted to the Exchange, the financial results for the period ended March 31, 2017.",,,Financial Result Updates,-,15052017093902,-,-,False,,,112269,Gems Jewellery And Watches,INE280A01010,Titan Company Limited,2017-05-15 09:39:02,TITAN
12-May-2017 16:22:00,,https://nsearchives.nseindia.com/corporate/SEC08201718_12052017162257_329.zip,"Titan Company Limited has informed the Exchange that the Board of Directors of the Company at their meeting held on May 12, 2017, have recommended a dividend of Rs 2.60 per Equity Share of Re 1 each .",,,Dividend,-,12052017162200,-,-,False,,,101771174,Gems Jewellery And Watches,INE280A01010,Titan Company Limited,2017-05-12 16:22:00,TITAN
10-Apr-2017 18:55:00,,https://nsearchives.nseindia.com/corporate/Titan_10042017185552.zip,"Tata Sons limited has submitted to the Exchange the disclosure under regulation 30(1) and 30(2) of SEBI(SAST)regulations, 2011",,,Disc. under Reg.30 of SEBI (SAST) Reg.2011,-,10042017185500,-,-,False,,,101680890,Gems Jewellery And Watches,INE280A01010,Titan Company Limited,2017-04-10 18:55:00,TITAN
10-Apr-2017 18:33:00,,https://nsearchives.nseindia.com/corporate/IntimationtoStockExchange_10042017183304_265.zip,"Titan Company Limited has informed the Exchange that in compliance with the requirements of Section 124(6) of the Companies Act, 2013 read with the Investor Education and Protection Fund Authority (Accounting, Audit,Transfer and Refund) Rules, 2016 as amended to date, the Company has sent communication to all concerned shareholders whose Dividend remain unclaimed for seven consecutive years from the date it became due for payment, requesting them to encash the same on or before May 31 2017, failing which the underlying shares of such unclaimed Dividends shall be transferred to the Investor Education and Protection Fund (IEPF), immediately after May 31, 2017.",,,Updates,-,10042017183300,-,-,False,,,101681704,Gems Jewellery And Watches,INE280A01010,Titan Company Limited,2017-04-10 18:33:00,TITAN
07-Apr-2017 18:54:00,,https://nsearchives.nseindia.com/corporate/titan_07042017185417.zip,"Tamilnadu Industrial Development Corporation Limited has submitted to the Exchange vide letter dated April 03, 2017 a copy of disclosure under Regulation 30(1) and 30(2) of SEBI (Substantial Acquisition of Shares & Takeovers) Regulations, 2011.",,,Disc. under Reg.30 of SEBI (SAST) Reg.2011,-,07042017185400,-,-,False,,,101676330,Gems Jewellery And Watches,INE280A01010,Titan Company Limited,2017-04-07 18:54:00,TITAN
04-Apr-2017 16:43:00,,https://nsearchives.nseindia.com/corporate/SEC02201718_04042017164335_067.zip,Titan Company Limited has informed the Exchange regarding the Quarterly Update-Q4 FY 2016-17,,,Updates,-,04042017164300,-,-,False,,,101665068,Gems Jewellery And Watches,INE280A01010,Titan Company Limited,2017-04-04 16:43:00,TITAN
03-Apr-2017 15:52:00,,https://nsearchives.nseindia.com/corporate/SEC01201718_03042017155254_698.zip,Titan Company Limited has informed the Exchange about the Appointment of Director,,,Appointment of Director,-,03042017155200,-,-,False,,,101663852,Gems Jewellery And Watches,INE280A01010,Titan Company Limited,2017-04-03 15:52:00,TITAN
27-Feb-2017 16:19:00,,https://nsearchives.nseindia.com/corporate/AppointmentofAuditors_27022017161911_009.zip,Titan Company Limited has informed the Exchange regarding Appointment of Auditors.,,,Appointment of Auditors,-,27022017161900,-,-,False,,,101565793,Gems Jewellery And Watches,INE280A01010,Titan Company Limited,2017-02-27 16:19:00,TITAN
14-Feb-2017 16:11:00,,https://nsearchives.nseindia.com/corporate/TitanTEALfinalschemeorderfromRegistrar_14022017161112_156.zip,"Titan Company Limited has informed the Exchange that Hon'ble High Court of Madras has sanctioned the Scheme of Arrangement between Titan Company Limited and Titan Engineering & Automation Limited for transfer of Precision Engineering Business Undertaking of the Titan Company Limited to Titan Engineering and Automation Limited in terms of an order passed on  December 12, 2016. A certified copy of the said High Court Order which was issued on  February 13, 2017",,,Scheme of Arrangement,-,14022017161100,-,-,False,,,101533068,Gems Jewellery And Watches,INE280A01010,Titan Company Limited,2017-02-14 16:11:00,TITAN
07-Feb-2017 15:53:30,,https://nsearchives.nseindia.com/corporate/TITAN_07022017155330.zip,"Titan Company Limited has submitted to the Exchange, the financial results for the period ended December 31, 2016.",,,Financial Result Updates,-,07022017155330,-,-,False,,,110898,Gems Jewellery And Watches,INE280A01010,Titan Company Limited,2017-02-07 15:53:30,TITAN
07-Feb-2017 15:52:00,,https://nsearchives.nseindia.com/corporate/TITAN_07022017155212.zip,"Titan Company Limited has informed the Exchange regarding a press release dated February 07, 2017, titled ""Titan Company Ltd.: registered a growth in income of 14.7% in Q3"".",,,Press Release,-,07022017155200,-,-,False,,,101511184,Gems Jewellery And Watches,INE280A01010,Titan Company Limited,2017-02-07 15:52:00,TITAN
16-Jan-2017 17:22:00,,https://nsearchives.nseindia.com/corporate/Announcement-TitanCompanyLimited_16012017172227_318.zip,"Titan Company Limited has informed the Exchange that the Company had launched its second jewellery brand Gold Plus in 2005 for small-town South India, to better cater to the needs of the more traditional requirements of those customers. Since then, Gold Plus had grown to about 30 stores in size.",,,Updates,-,16012017172200,-,-,False,,,101446908,Gems Jewellery And Watches,INE280A01010,Titan Company Limited,2017-01-16 17:22:00,TITAN
02-Jan-2017 18:27:00,,https://nsearchives.nseindia.com/corporate/QuarterlyupdateQ3FY2016-17_02012017182711_560.zip,Titan Company Limited has informed the Exchange regarding Quarterly update - Q3 FY 2016-17.,,,Updates,-,02012017182700,-,-,False,,,101406174,Gems Jewellery And Watches,INE280A01010,Titan Company Limited,2017-01-02 18:27:00,TITAN
01-Dec-2016 12:41:00,,https://nsearchives.nseindia.com/corporate/ConferenceCallinvite_01122016124115_117.zip,Titan Company Limited has informed the Exchange regarding Analysts/Institutional Investor Meet/Con. Call Updates,,,Analysts/Institutional Investor Meet/Con. Call Updates,-,01122016124100,-,-,False,,,101316460,Gems Jewellery And Watches,INE280A01010,Titan Company Limited,2016-12-01 12:41:00,TITAN
04-Nov-2016 13:53:21,,https://nsearchives.nseindia.com/corporate/UnauditedFinancialResults(standalone)-30Sept2016_04112016135321.zip,"Titan Company Limited has submitted to the Exchange, the financial results for the period ended September 30, 2016.",,,Financial Result Updates,-,04112016135321,-,-,False,,,109043,Gems Jewellery And Watches,INE280A01010,Titan Company Limited,2016-11-04 13:53:21,TITAN
02-Nov-2016 16:20:00,,https://nsearchives.nseindia.com/corporate/ConferencecallforAnalystsandInvestors_02112016162039_425.zip,Conference call for Analysts and Investors,,,Analysts/Institutional Investor Meet/Con. Call Updates,-,02112016162000,-,-,False,,,101230385,Gems Jewellery And Watches,INE280A01010,Titan Company Limited,2016-11-02 16:20:00,TITAN
25-Oct-2016 12:47:00,,https://nsearchives.nseindia.com/corporate/Intimation25102016_25102016124750_151.zip,"Titan Company Limited has informed the Exchange that Tata Sons Limited , the Co-Promoters of the Company, vide letter dated October 24, 2016, has informed that at their Board Meeting held on October 24,2016, Mr. Cyrus P Mistry has been replaced as the Chairman of Tata Sons Limited with immediate effect. Mr. Ratan N Tata shall be the interim Chairman of Tata Sons Limited until the new Chairman is appointed in accordance with the procedure prescribed under the Companies Act, 2013 and the Articles of Association of Tata Sons Li mited.",,,Updates,-,25102016124700,-,-,False,,,101208508,Gems Jewellery And Watches,INE280A01010,Titan Company Limited,2016-10-25 12:47:00,TITAN
12-Oct-2016 16:07:00,,https://nsearchives.nseindia.com/corporate/Personallifestylecategories_12102016160726_207.zip,"Titan Company Limited has informed the Exchange that the Company has since inception been exploring opportunities in personal lifestyle categories. One such category is special occasion ethnic wear for women which will now be piloted for understanding consumer attitudes and preferences. The pilot, which may include setting up a few stores, is expected a last about 12 months at the end of which the Company will take a decision on the future course of action.",,,Updates,-,12102016160700,-,-,False,,,101169191,Gems Jewellery And Watches,INE280A01010,Titan Company Limited,2016-10-12 16:07:00,TITAN
01-Oct-2016 12:31:00,,https://nsearchives.nseindia.com/corporate/QuarterlyUpdateQ2FY201617_01102016123104_143.zip,Titan Company Limited has informed the Exchange regarding Quarterly Update on Q2 FY 2016-17,,,Updates,-,01102016123100,-,-,False,,,101142540,Gems Jewellery And Watches,INE280A01010,Titan Company Limited,2016-10-01 12:31:00,TITAN
21-Sep-2016 13:31:00,,https://nsearchives.nseindia.com/corporate/ChangeinDirectors-KGnanadesikan_21092016133101_151.zip,"Titan Company Limited has informed the Exchange that pursuant to intimation by Tamilnadu Industrial Development Corporation Limited (TIDCO), Mr. K.Gnanadesikan, nominee of TIDCO has resigned from the Board of Directors of the Company.",,,Change in Director(s),-,21092016133100,-,-,False,,,101110044,Gems Jewellery And Watches,INE280A01010,Titan Company Limited,2016-09-21 13:31:00,TITAN
25-Aug-2016 17:51:00,,https://nsearchives.nseindia.com/corporate/ChangeinDirectors_25082016175114_417.zip,Titan Company Limited has informed the Exchange that the changes in the Board of Directors of the Company as denoted below: 1) Mr. C.V. Sankar has resigned from the Board of Directors of Titan Company Limited consequent upon his superannuation from the services of the government of Tamil Nadu. 2) Dr. C.G. Krishanadas Nair has retired from the Board of Directors of Titan Company Limited consequent upon his attainment of the retirement age prescribed for Non-Executive Directors at Titan Company Limited.,,,Change in Director(s),-,25082016175100,-,-,False,,,101034481,Gems Jewellery And Watches,INE280A01010,Titan Company Limited,2016-08-25 17:51:00,TITAN
04-Aug-2016 14:16:00,,https://nsearchives.nseindia.com/corporate/E-Votingresults_04082016141617_266.zip,"Titan Company Limited has submitted to the Exchange the details of voting results of the Annual General Meeting of the Company held on the August 3, 2016 along with Report of Scrutinizer.",,,"Regulation 44(3) of SEBI (LODR), Reg., 2015",-,04082016141600,-,-,False,,,100966393,Gems Jewellery And Watches,INE280A01010,Titan Company Limited,2016-08-04 14:16:00,TITAN
03-Aug-2016 14:58:26,,https://nsearchives.nseindia.com/corporate/TITAN_QuickResults_03082016145826.zip,"Titan Company Limited has submitted to the Exchange the standalone financial results along with the Limited Review Report for the period ended June 30, 2016.",,,Financial Result Updates,-,03082016145826,-,-,False,,,107339,Gems Jewellery And Watches,INE280A01010,Titan Company Limited,2016-08-03 14:58:26,TITAN
03-Aug-2016 14:56:00,,https://nsearchives.nseindia.com/corporate/TITAN_03082016145639.zip,"Titan Company Limited has informed the Exchange regarding a press release dated August 3, 2016  titled ""Titan Company Ltd registers a revenue growth of 3.6% in Q1"".",,,Press Release,-,03082016145600,-,-,False,,,100961510,Gems Jewellery And Watches,INE280A01010,Titan Company Limited,2016-08-03 14:56:00,TITAN
14-Jul-2016 19:03:00,,https://nsearchives.nseindia.com/corporate/Updateonacquisition_14072016190308_445.zip,Titan Company Limited has informed the Exchange regarding Update on acquisition of a stake Carat Lane Trading Private Limited.,,,Updates,-,14072016190300,-,-,False,,,100898497,Gems Jewellery And Watches,INE280A01010,Titan Company Limited,2016-07-14 19:03:00,TITAN
01-Jul-2016 17:59:00,,https://nsearchives.nseindia.com/corporate/TITAN_01072016175909.zip,"Titan Company Limited has informed the Exchange that the Register of Members and Share Transfer Books of the Company shall remain closed from July 26, 2016 to August 3, 2016 (both days inclusive) for the purpose of Annual General Meeting to be held on August 03, 2016.",,,AGM/Book Closure,-,01072016175900,-,-,False,,,100863090,Gems Jewellery And Watches,INE280A01010,Titan Company Limited,2016-07-01 17:59:00,TITAN
01-Jul-2016 17:37:00,,https://nsearchives.nseindia.com/corporate/DateofAGMandBookClosure_01072016173745_408.zip,"Titan Company Limited has submitted to the Exchange a copy of notice of Annual General Meeting of the members of the company to be held on August 03, 2016.",,,Annual General Meeting Updates,-,01072016173700,-,-,False,,,100863082,Gems Jewellery And Watches,INE280A01010,Titan Company Limited,2016-07-01 17:37:00,TITAN
01-Jul-2016 13:32:00,,https://nsearchives.nseindia.com/corporate/Q1FY201617_01072016133202_186.zip,"Titan Company Limited has informed the Exchange regarding"" Quarterly Update: Q1 FY 2016-17"".",,,Updates,-,01072016133200,-,-,False,,,100862903,Gems Jewellery And Watches,INE280A01010,Titan Company Limited,2016-07-01 13:32:00,TITAN
28-Jun-2016 17:42:00,,https://nsearchives.nseindia.com/corporate/NominationofDirector_28062016174258_179.zip,"Titan Company Limited has informed the Exchange that Mr. K. Gnanadesikan, IAS, Additional Chief Secretary / Chairman and Managing Director, Tamilnadu Industrial Development Corporation Limited (TIDCO) has been nominated by TIDCO as a Director on the Board of the Company. Mr. K. Gnanadesikan will hold office upto the date of the ensuing Annual General Meeting, wherein his appointment as Director liable to retire by rotation will be placed before the shareholders for approval.",,,Appointment of Director,-,28062016174200,-,-,False,,,100850128,Gems Jewellery And Watches,INE280A01010,Titan Company Limited,2016-06-28 17:42:00,TITAN
15-Jun-2016 11:55:00,,https://nsearchives.nseindia.com/corporate/AuditorsReport_15062016115502_403.zip,"Titan Company Limited has submitted to the Exchange a copy of the Auditor's Reports for the Standalone and Consolidated for year ended March 31, 2016.",,,Auditor's report,-,15062016115500,-,-,False,,,100810648,Gems Jewellery And Watches,INE280A01010,Titan Company Limited,2016-06-15 11:55:00,TITAN
01-Jun-2016 17:02:00,,https://nsearchives.nseindia.com/corporate/Keydiscussionsatinvestorconferences_01062016170209_434.zip,Titan Company Limited has submitted to the Exchange a copy of the key discussion points in investor conferences.,,,Updates,-,01062016170200,-,-,False,,,100765871,Gems Jewellery And Watches,INE280A01010,Titan Company Limited,2016-06-01 17:02:00,TITAN
06-May-2016 18:10:00,,https://nsearchives.nseindia.com/corporate/AppointmentofIndependentDirector_06052016181039_474.zip,"Titan Company Limited has informed the Exchange that at the Board meeting of the Company held on May 6, 216, Mr. Ashwani Puri has been appointed as an Independent Director on the Board of the Company. He will hold office upto the date of the ensuing Annual General Meeting, wherein his appointment as Director will be placed before the shareholders for approval.",,,Appointment of Director,-,06052016181000,-,-,False,,,100684885,Gems Jewellery And Watches,INE280A01010,Titan Company Limited,2016-05-06 18:10:00,TITAN
06-May-2016 17:15:00,,https://nsearchives.nseindia.com/corporate/AcquisitionofastakeinCaratLaneTradingPrivateLimited_06052016171559_426.zip,Titan Company Limited has informed the Exchange that Acquisition of a stake in Carat Lane Trading Private Limited,,,Acquisition,-,06052016171500,-,-,False,,,100684848,Gems Jewellery And Watches,INE280A01010,Titan Company Limited,2016-05-06 17:15:00,TITAN
06-May-2016 17:01:04,,https://nsearchives.nseindia.com/corporate/TITAN_result_06052016170104.zip,"Titan Company Limited has submitted to the Exchange the standalone & consolidated financial results for the period ended March 31, 2016.",,,Financial Result Updates,-,06052016170104,-,-,False,,,105105,Gems Jewellery And Watches,INE280A01010,Titan Company Limited,2016-05-06 17:01:04,TITAN
06-May-2016 16:50:00,,https://nsearchives.nseindia.com/corporate/TITAN_result_06052016165011.zip,"Titan Company Limited has informed the Exchange that the Board of Directors of the Company at its meeting held on May 06, 2016,  The Directors at the meeting held on March 16, 2016 declared an interim dividend of Rs. 2.20 per share (220%) involving a total payment of Rs. 23,507 lakhs (including dividend distribution tax) for the year ended March 31, 2016 . The said interim dividend was paid to the shareholders on March 29, 2016. The Directors do not recommend any further dividend for the year 2015-16.",,,Outcome of Board Meeting,-,06052016165000,-,-,False,,,100684824,Gems Jewellery And Watches,INE280A01010,Titan Company Limited,2016-05-06 16:50:00,TITAN
06-May-2016 16:49:00,,https://nsearchives.nseindia.com/corporate/TITAN_result_06052016164924.zip,"Titan Company Limited has informed the Exchange regarding a press release dated May 06, 2016 titled ""Titan Company's income drops by 5.2% in 2015-16"".",,,Press Release,-,06052016164900,-,-,False,,,100684826,Gems Jewellery And Watches,INE280A01010,Titan Company Limited,2016-05-06 16:49:00,TITAN
06-May-2016 16:46:12,,https://nsearchives.nseindia.com/corporate/AuditedFinancialresults_06052016164612.zip,"Titan Company Limited has submitted to the Exchange the standalone & consolidated financial results along with the Auditors Report for the period ended March 31, 2016.",,,Financial Result Updates,-,06052016164612,-,-,False,,,105103,Gems Jewellery And Watches,INE280A01010,Titan Company Limited,2016-05-06 16:46:12,TITAN
29-Apr-2016 08:30:00,,https://nsearchives.nseindia.com/corporate/VoluntaryRetirementScheme_29042016083047_038.zip,"Titan Company Limited has informed the Exchange that the Company has on April 28, 2016 announced a Voluntary Retirement Scheme for employees who have either completed 10 years of service or are above 40 year of age. This has been done with the objective of reducing head count in order to improve productivity in the Company. The Company will update the impact of this on the financials upon conclusion of the scheme.",,,Updates,-,29042016083000,-,-,False,,,100659446,Gems Jewellery And Watches,INE280A01010,Titan Company Limited,2016-04-29 08:30:00,TITAN
21-Apr-2016 15:36:00,,https://nsearchives.nseindia.com/corporate/TITAN_21042016153602.zip,"Titan Company Limited has informed the Exchange that the Trading Window of the Company is closed from March 25, 2016 and shall be opened 48 (Forty-Eight) hours after the aforesaid financial results are approved by the Board of Directors on May 6, 2016 and filed with the stock exchanges.",,,Trading Window,-,21042016153600,-,-,False,,,100638773,Gems Jewellery And Watches,INE280A01010,Titan Company Limited,2016-04-21 15:36:00,TITAN
12-Apr-2016 12:20:00,,https://nsearchives.nseindia.com/corporate/titan_12042016122049.zip,"Tata sons ltd has submitted to the Exchange vide letter dated April 6, 2016 a copy of disclosure under Regulation 30(1) and 30(2) of SEBI (Substantial Acquisition of Shares & Takeovers) Regulations, 2011.",,,Disc. under Reg.30 of SEBI (SAST) Reg.2011,-,12042016122000,-,-,False,,,100620982,Gems Jewellery And Watches,INE280A01010,Titan Company Limited,2016-04-12 12:20:00,TITAN
31-Mar-2016 18:09:00,,https://nsearchives.nseindia.com/corporate/Q4Update0001_31032016180914_336.zip,Titan Company Limited has informed the Exchange regarding Quarterly Update : Q4 Fy 15- 16.,,,Updates,-,31032016180900,-,-,False,,,100592695,Gems Jewellery And Watches,INE280A01010,Titan Company Limited,2016-03-31 18:09:00,TITAN
26-Mar-2016 12:20:00,,-,"Titan Company Limited has informed the Exchange that ""Pursuant to Regulation 30 of SEBI (Listing Obligations & Disclosure Requirements) Regulations, 2015, an Annual Investor Forum has been scheduled on March 28, 2016. The presentation material used during the forum shall be updated on the Company's website on the morning of March 28, 2016. The transcripts of this Forum will be uploaded at a later date.""",,,Analysts Meet,-,26032016122000,-,-,False,,,100576690,Gems Jewellery And Watches,INE280A01010,Titan Company Limited,2016-03-26 12:20:00,TITAN
22-Mar-2016 12:04:00,,https://nsearchives.nseindia.com/corporate/InterimDividenddate_22032016120439_674.zip,"Titan Company Limited has informed the Exchange that the interim dividend will be paid /dispatched to the shareholders on or before March 31, 2016.",,,Date of payment of dividend,-,22032016120400,-,-,False,,,100572520,Gems Jewellery And Watches,INE280A01010,Titan Company Limited,2016-03-22 12:04:00,TITAN
16-Mar-2016 14:46:00,,https://nsearchives.nseindia.com/corporate/Interimdividend_16032016144630_007.zip,"Titan Company Limited has informed the Exchange that the Board of Directors of the Company at its meeting held on March 16, 2016 has declared an interim dividend of Rs .2.20 (Rupees two and twenty paise) per fully paid equity share of Rs 1 each.",,,Dividend,-,16032016144600,-,-,False,,,100556168,Gems Jewellery And Watches,INE280A01010,Titan Company Limited,2016-03-16 14:46:00,TITAN
09-Mar-2016 18:25:00,,https://nsearchives.nseindia.com/corporate/BoardMeeting_09032016182525_625.zip,"Titan Company Limited has informed the Exchange that the Company has fixed Record Date as March 24, 2016 for the purpose of Interim Dividend.",,,Record Date,-,09032016182500,-,-,False,,,100533845,Gems Jewellery And Watches,INE280A01010,Titan Company Limited,2016-03-09 18:25:00,TITAN
09-Mar-2016 17:05:00,,https://nsearchives.nseindia.com/corporate/TITAN_09032016170528.zip,"Titan Company Limited has informed the Exchange that the Trading Window of the Company for dealing in the securities of the Company will remain closed from March 09, 2016 and shall be opened on March 18, 2016.",,,Trading Window,-,09032016170500,-,-,False,,,100533841,Gems Jewellery And Watches,INE280A01010,Titan Company Limited,2016-03-09 17:05:00,TITAN
28-Jan-2016 17:38:00,,https://nsearchives.nseindia.com/corporate/TITAN_pr_28012016173841.zip,"Titan Company Limited has informed the Exchange regarding a press release dated January 28, 2016, titled ""Titan Company Ltd: registered a growth in income of 17.3% in Q3"".",,,Press Release,-,28012016173800,-,-,False,,,100416525,Gems Jewellery And Watches,INE280A01010,Titan Company Limited,2016-01-28 17:38:00,TITAN
28-Jan-2016 17:27:34,,https://nsearchives.nseindia.com/corporate/UnauditedFinancialResultsQIII_28012016172734.zip,"Titan Company Limited has submitted to the Exchange the standalone financial results along with the Limited Review Report for the period ended December 31, 2015.",,,Financial Result Updates,-,28012016172734,-,-,False,,,103475,Gems Jewellery And Watches,INE280A01010,Titan Company Limited,2016-01-28 17:27:34,TITAN
18-Jan-2016 11:39:00,,https://nsearchives.nseindia.com/corporate/ClarificationNewsReportTimesofIndia_18012016113907_564.zip,Titan Company Limited has informed the Exchange about the Clarification on news item with caption ''Titan will sell saris under Tanishq brand'',,,News Clarification,-,18012016113900,-,-,False,,,100389258,Gems Jewellery And Watches,INE280A01010,Titan Company Limited,2016-01-18 11:39:00,TITAN
12-Jan-2016 10:27:00,,https://nsearchives.nseindia.com/corporate/Titan_12012016102700.zip,"Titan Company Limited has informed the Exchange that the Trading Window of the Company will remain closed from December 25, 2015 and shall be opened 48 (Forty-Eight) hours after the financial results are approved by the Board of Directors on January 28,2016 and filed with the stock exchanges.",,,Trading Window,-,12012016102700,-,-,False,,,100371327,Gems Jewellery And Watches,INE280A01010,Titan Company Limited,2016-01-12 10:27:00,TITAN
28-Dec-2015 17:42:00,,https://nsearchives.nseindia.com/corporate/Q3FY15-16_28122015174216_866.zip,"Titan Company Limited has informed the Exchange regarding a press release titled ""Quarterly Update: Q3 FY 2015-16"".",,,Press Release,-,28122015174200,-,-,False,,,100331051,Gems Jewellery And Watches,INE280A01010,Titan Company Limited,2015-12-28 17:42:00,TITAN
17-Dec-2015 12:50:00,,https://nsearchives.nseindia.com/corporate/RevisionofPANCardThresholdImpactAnalysis_17122015125027_288.zip,"Titan Company Limited has informed the Exchange regarding ""Revision of PAN Card threshold to Rs.200,000/- transaction"".",,,Updates,-,17122015125000,-,-,False,,,100310889,Gems Jewellery And Watches,INE280A01010,Titan Company Limited,2015-12-17 12:50:00,TITAN
15-Dec-2015 15:59:00,,https://nsearchives.nseindia.com/corporate/Titan_106_15122015155901.zip,"Tata sons Limited has submitted to the Exchange vide letter dated December 15, 2015 a copy of disclosure under Regulation 10(6) of SEBI (Substantial Acquisition of Shares & Takeovers) Regulations, 2011.",,,Disclosure under SEBI Takeover Regulations,-,15122015155900,-,-,False,,,100303978,Gems Jewellery And Watches,INE280A01010,Titan Company Limited,2015-12-15 15:59:00,TITAN
10-Dec-2015 18:59:00,,https://nsearchives.nseindia.com/corporate/IncreaseinceilingforinvestmentFIIsRFPIs_10122015185949_019.zip,"Titan Company Limited has informed the Exchange regarding ""Increase in ceiling for investment FIIs/RFPIs to 35%"".",,,Updates,-,10122015185900,-,-,False,,,100293485,Gems Jewellery And Watches,INE280A01010,Titan Company Limited,2015-12-10 18:59:00,TITAN
07-Dec-2015 12:59:00,,https://nsearchives.nseindia.com/corporate/Titan_01_07122015125931.zip,"Titan Company Limited has informed the Exchange vide letter dated December 07, 2015, regarding ""Joint Venture with Montblanc Services B.V., Netherlands"".",,,Updates,-,07122015125900,-,-,False,,,100282516,Gems Jewellery And Watches,INE280A01010,Titan Company Limited,2015-12-07 12:59:00,TITAN
07-Dec-2015 07:40:00,,https://nsearchives.nseindia.com/corporate/Intimation_07122015074025.zip,"Tata sons Limited has submitted to the Exchange vide letter dated December 04, 2015 a copy of disclosure under Regulation 10(5) of SEBI (Substantial Acquisition of Shares & Takeovers) Regulations, 2011.",,,Disclosure under SEBI Takeover Regulations,-,07122015074000,-,-,False,,,100279405,Gems Jewellery And Watches,INE280A01010,Titan Company Limited,2015-12-07 07:40:00,TITAN
03-Dec-2015 12:55:00,,https://nsearchives.nseindia.com/corporate/TITAN_01.zip,"Titan Company Limited has informed the Exchange regarding a press release dated December 03, 2015 titled ""Montblanc - Titan Joint Venture commences retail operations in India"".",,,Press Release,-,03122015125500,-,-,False,,,100274788,Gems Jewellery And Watches,INE280A01010,Titan Company Limited,2015-12-03 12:55:00,TITAN
02-Dec-2015 17:01:00,,https://nsearchives.nseindia.com/corporate/Intimation_to_Stock_Exchanges_02122015170118.zip,Titan Company Limited has informed the Exchange regarding Authorisation to determine materiality of information and disclosures to Stock Exchanges.,,,Updates,-,02122015170100,-,-,False,,,100272048,Gems Jewellery And Watches,INE280A01010,Titan Company Limited,2015-12-02 17:01:00,TITAN
23-Nov-2015 16:28:00,,https://nsearchives.nseindia.com/corporate/TITAN02.zip,"Titan Company Limited has informed the Exchange regarding a press release dated November 23, 2015 titled ""India s leading watchmaker Titan associates with technology giant HP Inc."".",,,Press Release,-,23112015162800,-,-,False,,,100253272,Gems Jewellery And Watches,INE280A01010,Titan Company Limited,2015-11-23 16:28:00,TITAN
30-Oct-2015 17:04:19,,https://nsearchives.nseindia.com/corporate/Titan_Results_30102015170419.zip,Titan Company Limited has submitted to the exchange the standalone financial results along with the Limited Review Report for the period ended 30-Sep-2015.,,,Financial Result Updates,-,30102015170419,-,-,False,,,101978,Gems Jewellery And Watches,INE280A01010,Titan Company Limited,2015-10-30 17:04:19,TITAN
30-Oct-2015 16:55:00,,https://nsearchives.nseindia.com/corporate/Press_Release_Q2_30102015165526.zip,"Titan Company Limited has informed the Exchange regarding a press release dated October 30, 2015 titled ""Titan Company Ltd reports a decline of 25% in Q2 income.""",,,Press Release,-,30102015165500,-,-,False,,,100213786,Gems Jewellery And Watches,INE280A01010,Titan Company Limited,2015-10-30 16:55:00,TITAN
30-Sep-2015 16:47:00,,https://nsearchives.nseindia.com/corporate/Q2_FY_15-16_30092015164714.zip,Titan Company Limited has submitted to the Exchange a copy of the Quarterly Update : Q2FY 15-16.,,,Updates,-,30092015164700,-,-,False,,,100158995,Gems Jewellery And Watches,INE280A01010,Titan Company Limited,2015-09-30 16:47:00,TITAN
22-Sep-2015 19:21:00,,https://nsearchives.nseindia.com/corporate/TITAN_trading_22092015192156.zip,"Titan Company Limited has informed the Exchange that the Trading Window of the Company will remain closed from September 24, 2015 and shall be opened 48 (Forty-Eight) hours after the aforesaid financial results are approved by the Board of Directors on October 30, 2015 and filed with the stock exchanges.",,,Trading Window,-,22092015192100,-,-,False,,,100148974,Gems Jewellery And Watches,INE280A01010,Titan Company Limited,2015-09-22 19:21:00,TITAN
14-Sep-2015 19:07:00,,https://nsearchives.nseindia.com/corporate/titan_14092015190734.zip,"Tata Investment Corporation Limited has submitted to the Exchange vide letter dated September 14, 2015 a copy of disclosure under Regulation 10(6) of SEBI (Substantial Acquisition of Shares & Takeovers) Regulations, 2011.",,,Disclosure under SEBI Takeover Regulations,-,14092015190700,-,-,False,,,100138770,Gems Jewellery And Watches,INE280A01010,Titan Company Limited,2015-09-14 19:07:00,TITAN
03-Sep-2015 15:19:00,,https://nsearchives.nseindia.com/corporate/Titan_reg10_03092015151926.zip,"Tata Investment Corporation Limited has submitted to the Exchange vide letter dated September 03, 2015 a copy of disclosure under Regulation 10(5) of SEBI (Substantial Acquisition of Shares & Takeovers) Regulations, 2011.",,,Disclosure under SEBI Takeover Regulations,-,03092015151900,-,-,False,,,100125467,Gems Jewellery And Watches,INE280A01010,Titan Company Limited,2015-09-03 15:19:00,TITAN
20-Aug-2015 15:40:00,,https://nsearchives.nseindia.com/corporate/titan_AGM_20082015154055.zip,"Titan Company Limited has submitted to the Exchange a copy of minutes of Annual General Meeting of the Company held on July 31, 2015.",,,Annual General Meeting Updates,-,20082015154000,-,-,False,,,100097378,Gems Jewellery And Watches,INE280A01010,Titan Company Limited,2015-08-20 15:40:00,TITAN
12-Aug-2015 12:43:00,,https://nsearchives.nseindia.com/corporate/tatasons_11082015_12082015124350.zip,"Tata Sons Limited has submitted to the Exchange vide letter dated August 11, 2015 a copy of disclosure under Regulation 10(6) of SEBI (Substantial Acquisition of Shares & Takeovers) Regulations, 2011.",,,Disclosure under SEBI Takeover Regulations,-,12082015124300,-,-,False,,,100081312,Gems Jewellery And Watches,INE280A01010,Titan Company Limited,2015-08-12 12:43:00,TITAN
05-Aug-2015 08:51:00,,https://nsearchives.nseindia.com/corporate/titan_05082015085113.zip,"Tata Sons Limited has submitted to the Exchange vide letter dated August 04, 2015 a copy of disclosure under Regulation 10(5) of SEBI (Substantial Acquisition of Shares & Takeovers) Regulations, 2011.",,,Disclosure under SEBI Takeover Regulations,-,05082015085100,-,-,False,,,100065988,Gems Jewellery And Watches,INE280A01010,Titan Company Limited,2015-08-05 08:51:00,TITAN
31-Jul-2015 19:09:00,,https://nsearchives.nseindia.com/corporate/TITAN_35A_31072015190912.zip,"Titan Company Limited has submitted to the Exchange the details of voting results of the Annual General Meeting of the Company held on the July 31, 2015 as per clause 35A of Listing agreement.",,,Disclosure of Voting Pattern - Clause 35A,-,31072015190900,-,-,False,,,100059943,Gems Jewellery And Watches,INE280A01010,Titan Company Limited,2015-07-31 19:09:00,TITAN
31-Jul-2015 14:14:00,,https://nsearchives.nseindia.com/corporate/titan_pr_31072015141439.zip,"Titan Company Limited has informed the Exchange regarding a press release dated July 31, 2015 titled ""Titan Company Ltd faces revenue drop of 6% in Q1"".",,,Press Release,-,31072015141400,-,-,False,,,100059688,Gems Jewellery And Watches,INE280A01010,Titan Company Limited,2015-07-31 14:14:00,TITAN
31-Jul-2015 14:07:21,,https://nsearchives.nseindia.com/corporate/Titan_31072015140721.zip,Titan Company Limited has submitted to the exchange the standalone financial results along with the Limited Review Report for the period ended 30-Jun-2015.,,,Financial Result Updates,-,31072015140721,-,-,False,,,100422,Gems Jewellery And Watches,INE280A01010,Titan Company Limited,2015-07-31 14:07:21,TITAN
01-Jul-2015 16:12:00,,https://nsearchives.nseindia.com/corporate/TITAN_update_07012015161201_1.zip,"Titan Company Limited has informed the Exchange that the changes in Senior Management of the Company with effect from July 1, 2015:   1. Ms. Suparna Mitra, Regional Business Head South will take over from Mr. Ronnie Talati and will head Marketing for the Watches & Accessories Division. In this role she will report to Mr. Ravi Kant, CEO of the Watches & Accessories Division.  2. Mr. Biju Alexander, currently General Manager Sales & Marketing of the Eyewear Division will take over from Ms. Suparna Mitra as Regional Business Head South. ",,,Change in Management,-,01072015161200,-,-,False,,,1597740,Gems Jewellery And Watches,INE280A01010,Titan Company Limited,2015-07-01 16:12:00,TITAN
29-Jun-2015 09:17:00,,https://nsearchives.nseindia.com/corporate/TITAN_BC_06292015091702_1.zip,"Titan Company Limited has informed the Exchange that the Register of Members and Share Transfer Books will remain closed from July 21, 2015 to July 31, 2015 (both days inclusive) for the purpose of determining eligibility for payment of dividend on equity shares for the year ended March 31, 2015 and Annual General Meeting. Further the Annual General Meeting is scheduled to be held on July 31, 2015.",,,AGM/Book Closure,-,29062015091700,-,-,False,,,1590424,Gems Jewellery And Watches,INE280A01010,Titan Company Limited,2015-06-29 09:17:00,TITAN
26-Jun-2015 15:02:00,,-,"Titan Company Limited has informed the Exchange that the dividend on equity shares, if declared at the Annual General Meeting of the Company, will be paid on August 7, 2015 to those shareholders whose names appear in the register of members as at the close of business hours on July 20, 2015.",,,Date of payment of dividend,-,26062015150200,-,-,False,,,1589614,Gems Jewellery And Watches,INE280A01010,Titan Company Limited,2015-06-26 15:02:00,TITAN
25-Jun-2015 08:27:00,,https://nsearchives.nseindia.com/corporate/Titan_reg_06252015082702_1.zip,"Tata Sons Limited has submitted to the Exchange, vide letter dated June 24, 2015 a copy of disclosure under Regulation 29(2) of SEBI (Substantial Acquisition of Shares & Takeovers) Regulations, 2011.",,,Disclosure under SEBI Takeover Regulations,-,25062015082700,-,-,False,,,1585533,Gems Jewellery And Watches,INE280A01010,Titan Company Limited,2015-06-25 08:27:00,TITAN
22-Jun-2015 18:09:00,,https://nsearchives.nseindia.com/corporate/titan_06222015180902_1.zip,"Titan Company Limited has informed the Exchange that the Trading Window of the Company will remain closed from June 24, 2015 to August 02, 2015.",,,Trading Window,-,22062015180900,-,-,False,,,1580388,Gems Jewellery And Watches,INE280A01010,Titan Company Limited,2015-06-22 18:09:00,TITAN
12-Jun-2015 17:12:00,,https://nsearchives.nseindia.com/corporate/TITAN_06122015171201_1.zip,"Titan Company Limited has informed the Exchange that the Board of Directors of the Company has adopted the following codes pursuant to the Securities and Exchange Board of India (Prohibition of Insider Trading) Regulations, 2015 .  a) Code of Conduct for Prevention of Insider Trading and  b) Code of Fair Disclosure.",,,"Code of Conduct under SEBI(PIT) Reg., 2015",-,12062015171200,-,-,False,,,1567398,Gems Jewellery And Watches,INE280A01010,Titan Company Limited,2015-06-12 17:12:00,TITAN
28-May-2015 15:58:00,,https://nsearchives.nseindia.com/corporate/TITAN_update_05282015155802_1.zip,Titan Company Limited has submitted to the Exchange a copy of the Key discussions at Investor Conferences.,,,Updates,-,28052015155800,-,-,False,,,1540555,Gems Jewellery And Watches,INE280A01010,Titan Company Limited,2015-05-28 15:58:00,TITAN
08-May-2015 20:53:00,,https://nsearchives.nseindia.com/corporate/TITAN_update_05082015205302_1.zip,"Titan Company Limited has informed the Exchange that Mr. H.G. Raghunath, CEO of the Watches & Accessories Division retires from the services of the Company on June 30, 2015. Following the Company's philosophy of growing its own timber, his successor is from within the Company. Mr. S. Ravi Kant, currently CEO of the Eyewear Division will take over as the CEO of the Watches &  Accessories Division from July 1, 2015. Mr. Ronnie Talati, currently Chief Marketing Officer of the Watches & Accessories Division will take over from Mr. Ravi Kant as CEO of the Eyewear Division from July 1,  2015. ",,,Change in Management,-,08052015205300,-,-,False,,,1503425,Gems Jewellery And Watches,INE280A01010,Titan Company Limited,2015-05-08 20:53:00,TITAN
07-May-2015 19:05:00,,https://nsearchives.nseindia.com/corporate/TITAN_update_05072015190502_1.zip,"Titan Company Limited has informed the Exchange that the Board of Directors of the Company at its meeting held on May 7, 2015 has approved the transfer of the Precision Engineering Business Division to its wholly owned subsidiary Titan Engineering and Automation Limited subject to such approvals as may be statutorily applicable through a court approved scheme of arrangement.",,,Scheme of Arrangement,-,07052015190500,-,-,False,,,1500926,Gems Jewellery And Watches,INE280A01010,Titan Company Limited,2015-05-07 19:05:00,TITAN
07-May-2015 18:07:00,,https://nsearchives.nseindia.com/corporate/TITAN_press_05072015180701_1.zip,"Titan Company Limited has informed the Exchange regarding a press release dated May 7, 2015 titled ""Titan Company's income grows by 9% in 2014-15"".",,,Press Release,-,07052015180700,-,-,False,,,1500912,Gems Jewellery And Watches,INE280A01010,Titan Company Limited,2015-05-07 18:07:00,TITAN
07-May-2015 18:05:00,,-,"Titan Company Limited has informed the Exchange that the Board of Directors of the Company at their meeting held on May 7, 2015, have recommended a dividend on the equity shares of 230 %, free of tax, viz. Rs. 2.30/- per equity share (previous year: 210%, free of tax).",,,Dividend,-,07052015180500,-,-,False,,,1500911,Gems Jewellery And Watches,INE280A01010,Titan Company Limited,2015-05-07 18:05:00,TITAN
07-May-2015 18:03:02,,https://nsearchives.nseindia.com/corporate/TITAN_results_05072015180302_.zip,Titan Company Limited has submitted to the exchange the standalone & consolidated financial results for the period ended 31-Mar-2015.,,,Financial Result Updates,-,07052015180302,-,-,False,,,27499,Gems Jewellery And Watches,INE280A01010,Titan Company Limited,2015-05-07 18:03:02,TITAN
21-Apr-2015 19:59:00,,https://nsearchives.nseindia.com/corporate/TITAN__04212015195902_1.zip,Titan Company Limited has informed the Exchange that Tata Sons Limited has nominated Mr. Harish Bhat as Director on the Board of the Company.,,,Appointment of Director,-,21042015195900,-,-,False,,,1473585,Gems Jewellery And Watches,INE280A01010,Titan Company Limited,2015-04-21 19:59:00,TITAN
17-Apr-2015 13:21:00,,https://nsearchives.nseindia.com/corporate/TITAN_BM_04172015132102_2.zip,"Titan Company Limited has informed the Exchange that the Trading Window of the Company will remain closed from April 30, 2015  to May 08, 2015.",,,Trading Window,-,17042015132100,-,-,False,,,1467602,Gems Jewellery And Watches,INE280A01010,Titan Company Limited,2015-04-17 13:21:00,TITAN
11-Apr-2015 18:33:00,,https://nsearchives.nseindia.com/corporate/titancompanyltd_tamilnaduindustries0001_04112015183303_4.zip,"Tamilnadu Industrial Development Corporation Limited has submitted to the Exchange vide letter dated April 01, 2015 a copy of disclosure under Regulation 30(1) and 30(2) of SEBI (Substantial Acquisition of Shares & Takeovers) Regulations, 2011.",,,Disc. under Reg.30 of SEBI (SAST) Reg.2011,-,11042015183300,-,-,False,,,1457340,Gems Jewellery And Watches,INE280A01010,Titan Company Limited,2015-04-11 18:33:00,TITAN
09-Apr-2015 14:20:00,,https://nsearchives.nseindia.com/corporate/titancompanyltd_04092015142002_1.zip,"Tata Sons Limited has submitted to the Exchange vide letter dated April 07, 2015 a copy of disclosure under Regulation 30(1) and 30(2) of SEBI (Substantial Acquisition of Shares & Takeovers) Regulations, 2011.",,,Disc. under Reg.30 of SEBI (SAST) Reg.2011,-,09042015142000,-,-,False,,,1453958,Gems Jewellery And Watches,INE280A01010,Titan Company Limited,2015-04-09 14:20:00,TITAN
31-Mar-2015 09:20:00,,-,"Titan Company Limited has informed the Exchange that Mr. Ishaat Hussain has resigned from the Board of Directors of the Company to comply with the directorship limits placed under the provisions of Companies Act, 2013.",,,Resignation of Director,-,31032015092000,-,-,False,,,1440490,Gems Jewellery And Watches,INE280A01010,Titan Company Limited,2015-03-31 09:20:00,TITAN
03-Mar-2015 13:22:00,,https://nsearchives.nseindia.com/corporate/TITAN_press_03032015132201_1.zip,"Titan Company Limited has informed the Exchange regarding a press release dated March 3, 2015 titled ""Titan adds one more feather to its Manufacturing Excellence: Commences World Class Stainless Steel Case production in Coimbatore"".",,,Press Release,-,03032015132200,-,-,False,,,1390445,Gems Jewellery And Watches,INE280A01010,Titan Company Limited,2015-03-03 13:22:00,TITAN
19-Feb-2015 13:08:00,,https://nsearchives.nseindia.com/corporate/TITAN_01_02192015130801_1.zip,"Titan Company Limited has informed the Exchange that ""The RBI issued a circular late last evening (18-02-2015) clarifying that nominated banks may import gold on consignment basis and also offer gold metal loans to domestic users of gold. Credit for gold purchases was suspended pending clarification from RBI since their circular of November 28, 2014 when the gold import curbs in the form of the 80:20 policy were relaxed. With the latest circular, Titan Company Limited will be able to avail credit from domestic nominated banks for gold purchases without restrictions. This will also result in the Company getting the benefits of natural hedging of gold fully with a possibility of negative working capital that the Company enjoyed before the curbs were put in place in mid 2013"".",,,Updates,-,19022015130800,-,-,False,,,1370496,Gems Jewellery And Watches,INE280A01010,Titan Company Limited,2015-02-19 13:08:00,TITAN
13-Feb-2015 17:27:00,,-,"The Exchange had sought clarification from Titan Company Limited with respect to a news item captioned ""Titan in Talks to Buy 15% in Jewellery E-tailer CaratLane"". The Company has clarified that ""At the outset, the contents of the news report are speculative in nature and we wish to state that the Company does not, as a matter of practice, comment on market speculation. The Company is fully aware of its obligation of promptly reporting developments to the Stock Exchanges under clause 36 of the Listing Agreement, which are material events or price sensitive information arising out of decisions of the Board of Directors. We would like to state that CaratLane is an existing business associate of the Company and as is the case with other business associates regular interactions are conducted between us on matters of business and market strategy. Needless to mention, the Company is constantly on the lookout for opportunities for enhancing business growth to improve stakeholders  value and if and when the Board of Directors of the Company resolve or approve any definitive proposal on any merger or acquisition, the matter will be immediately first disclosed to the Stock Exchanges"".",,,News Clarification,-,13022015172700,-,-,False,,,1364403,Gems Jewellery And Watches,INE280A01010,Titan Company Limited,2015-02-13 17:27:00,TITAN
13-Feb-2015 13:13:00,,-,"The Exchange has sought clarification from Titan Company Limited with respect to recent news item captioned ""Titan in Talks to Buy 15% in Jewellery E-tailer CaratLane"". In this regard, Exchange have advised the Company to provide clarification/confirmation on the news item in detail including the following: a) Whether such event/negotiations/article stated in published news were taking place? If so, you are advised to provide the said information along with the sequence of events in chronological order and the material impact of this article on the Company. b) Whether company are aware of any information that has not been announced to the Exchanges under clause 36 of the Listing Agreement. The response from the Company is awaited.",,,News Clarification,-,13022015131300,-,-,False,,,1363023,Gems Jewellery And Watches,INE280A01010,Titan Company Limited,2015-02-13 13:13:00,TITAN
11-Feb-2015 17:18:00,,https://nsearchives.nseindia.com/corporate/TITAN_presen_11022015171702.zip,Titan Company Limited has submitted to the Exchange a copy of the investor presentation.,,,Updates,-,11022015171800,-,-,False,,,1355437,Gems Jewellery And Watches,INE280A01010,Titan Company Limited,2015-02-11 17:18:00,TITAN
27-Jan-2015 17:24:00,,https://nsearchives.nseindia.com/corporate/TITAN-press_01272015172401_1.zip,"Titan Company Limited has informed the Exchange regarding a press release dated January 27, 2015 titled ""Titan Company Ltd.: registered a growth in income of 9.4% in Q3"".",,,Press Release,-,27012015172400,-,-,False,,,1329296,Gems Jewellery And Watches,INE280A01010,Titan Company Limited,2015-01-27 17:24:00,TITAN
27-Jan-2015 17:15:02,,https://nsearchives.nseindia.com/corporate/TITAN_31Dec_S_LR_01272015171501_.zip,Titan Company Limited has submitted to the exchange the standalone financial results along with the Limited Review Report for the period ended 31-Dec-2014.,,,Financial Result Updates,-,27012015171502,-,-,False,,,25928,Gems Jewellery And Watches,INE280A01010,Titan Company Limited,2015-01-27 17:15:02,TITAN
13-Jan-2015 12:07:00,,https://nsearchives.nseindia.com/corporate/TITAN_01132015120702_1.zip,"Titan Company Limited has informed the Exchange that the Trading Window of the Company will remain closed from January 20, 2015 to January 28, 2015.",,,Trading Window,-,13012015120700,-,-,False,,,1304141,Gems Jewellery And Watches,INE280A01010,Titan Company Limited,2015-01-13 12:07:00,TITAN
17-Nov-2014 14:28:00,,https://nsearchives.nseindia.com/corporate/TITAN_MPAGM_11172014142801_1.zip,"Titan Company Limited has submitted to the Exchange a copy of Minutes of Annual General Meeting of the Company held on August 01, 2014.",,,Annual General Meeting Updates,-,17112014142800,-,-,False,,,1204910,Gems Jewellery And Watches,INE280A01010,Titan Company Limited,2014-11-17 14:28:00,TITAN
31-Oct-2014 09:20:00,,https://nsearchives.nseindia.com/corporate/TITAN_pr_10312014092002_1.zip,"Titan Company Limited has informed the Exchange regarding a press release dated October 30, 2014 titled ""Titan Company Ltd registers a growth of 28.6% in Q2 net profit "".",,,Press Release,-,31102014092000,-,-,False,,,1181815,Gems Jewellery And Watches,INE280A01010,Titan Company Limited,2014-10-31 09:20:00,TITAN
30-Oct-2014 17:07:03,,https://nsearchives.nseindia.com/corporate/TITAN_30Sep2014_S_10302014170702_.zip,Titan Company Limited has submitted to the exchange the standalone financial results along with the Limited Review Report for the period ended 30-Sep-2014.,,,Financial Result Updates,-,30102014170703,-,-,False,,,24491,Gems Jewellery And Watches,INE280A01010,Titan Company Limited,2014-10-30 17:07:03,TITAN
17-Sep-2014 15:12:00,,https://nsearchives.nseindia.com/corporate/TITAN_01_09172014151202_1.zip,"Titan Company Limited has submitted to the Exchange a copy of details of voting results of Postal Ballot along with the Scrutinizer's Report conducted by the Company during the period August 14, 2014 to September 13, 2014.",,,Postal Ballot Updates,-,17092014151200,-,-,False,,,1116587,Gems Jewellery And Watches,INE280A01010,Titan Company Limited,2014-09-17 15:12:00,TITAN
11-Sep-2014 19:12:00,,https://nsearchives.nseindia.com/corporate/TITAN_09112014191203_3.zip,"Titan Company Limited has informed the Exchange that the Company's Watch Business has over the years excelled at product development as well as manufacturing achieving global standards as evidenced by the acceptance of TITAN Watches across the world. Further, that a brand new Stainless Steel Case manufacturing facility has been commissioned at Kallapalayam, Palladam - Cochin Frontier Road, Coimbatore, Tamilnadu. This plant has been set up with technical assistance from SEIKO EPSO, Japan to manufacture high end Stainless Steel Cases meeting global standards of quality with an investment in excess of Rs.75 crores. The initial capacity of the facility is 1 million cases I annum scalable to 2 million / annum and an employment potential of 250 people.",,,Updates,-,11092014191200,-,-,False,,,1107595,Gems Jewellery And Watches,INE280A01010,Titan Company Limited,2014-09-11 19:12:00,TITAN
05-Aug-2014 19:20:00,,-,"Titan Company Limited has informed the Exchange that the Board of Directors of the Company at the meeting held on August 01, 2014 has approved conducting a Postal ballot to seek requisite approvals of the members of the Company for the undernoted items: 1) Alteration of incidental object in the Memorandum of Association of the Company to permit acceptance of deposits. 2) Alteration in the Articles of Association of the Company to permit acceptance of deposits. 3) Acceptance of Deposits from Members under Section 73(2) of the Companies Act, 2013.4) Acceptance of Deposits from Public under Sections 76 of the Companies Act, 2013. ",,,Postal Ballot Updates,-,05082014192000,-,-,False,,,1044738,Gems Jewellery And Watches,INE280A01010,Titan Company Limited,2014-08-05 19:20:00,TITAN
05-Aug-2014 08:44:00,,https://nsearchives.nseindia.com/corporate/TITAN_05_05082014084308.zip,"Titan Company Limited has informed the Exchange regarding the details of the Voting results of the Annual General Meeting of the company held on August 01, 2014 as per Clause 35A of the Listing Agreement.",,,Disclosure of Voting Pattern - Clause 35A,-,05082014084400,-,-,False,,,1041857,Gems Jewellery And Watches,INE280A01010,Titan Company Limited,2014-08-05 08:44:00,TITAN
01-Aug-2014 15:16:00,,https://nsearchives.nseindia.com/corporate/TITAN_PR_08012014151601_1.zip,"Titan Company Limited has informed the Exchange regarding a press release dated August 01, 2014, titled ""Titan Company Ltd faces revenue drop of 7.6% in Q1 but contains decline of profit"".",,,Press Release,-,01082014151600,-,-,False,,,1038790,Gems Jewellery And Watches,INE280A01010,Titan Company Limited,2014-08-01 15:16:00,TITAN
01-Aug-2014 15:03:03,,https://nsearchives.nseindia.com/corporate/TITAN_30June14_S_08012014150302_.zip,Titan Company Limited has submitted to the exchange the standalone financial results along with the Limited Review Report for the period ended 30-Jun-2014.,,,Financial Result Updates,-,01082014150303,-,-,False,,,23136,Gems Jewellery And Watches,INE280A01010,Titan Company Limited,2014-08-01 15:03:03,TITAN
17-Jul-2014 12:40:00,,https://nsearchives.nseindia.com/corporate/TITAN_17072014_17072014123749.zip,"Titan Company Limited has informed the Exchange vide letter dated July 14, 2014 regarding ""Discontinuation of Tanishq Golden Harvest and Swarna Nidhi Schemes- arising out of change in regulatory framework"".",,,Updates,-,17072014124000,-,-,False,,,1010931,Gems Jewellery And Watches,INE280A01010,Titan Company Limited,2014-07-17 12:40:00,TITAN
04-Jul-2014 19:56:00,,-,"Titan Company Limited has informed the Exchange that the Company has fixed Book Closure from July 17, 2014 to August 1, 2014 (both days inclusive) for the purpose of determining eligibility for payment of dividend on equity shares for the year ended March 31, 2014. Further the Annual General Meeting to be held on August 01, 2014.",,,AGM/Book Closure,-,04072014195600,-,-,False,,,988505,Gems Jewellery And Watches,INE280A01010,Titan Company Limited,2014-07-04 19:56:00,TITAN
04-Jul-2014 19:52:00,,-,"Titan Company Limited has informed the Exchange that the dividend on equity shares, if declared at the Annual General Meeting of the Company, will be paid on August 08, 2014.",,,Date of payment of dividend,-,04072014195200,-,-,False,,,988502,Gems Jewellery And Watches,INE280A01010,Titan Company Limited,2014-07-04 19:52:00,TITAN
11-Jun-2014 15:36:00,,https://nsearchives.nseindia.com/corporate/NSE_06112014153604_3.zip,"Titan Company Limited has submitted to the Exchange vide letter dated June 11, 2014 a copy of disclosure under Regulation 13(4), 13(4A) and 13(6) of the SEBI (Prohibition of Insider Trading) Regulations, 1992.",,,Disclosure under Insider Trading Regulation,-,11062014153600,-,-,False,,,951102,Gems Jewellery And Watches,INE280A01010,Titan Company Limited,2014-06-11 15:36:00,TITAN
11-Jun-2014 10:28:00,,https://nsearchives.nseindia.com/corporate/titancompanyltd_tatasteelltd_10062014_11062014102458.zip,"Tata Steel Limited has submitted to the Exchange, vide letter dated June 06, 2014 a copy of disclosure under Regulation 29(2) of SEBI (Substantial Acquisition of Shares & Takeovers) Regulations, 2011.",,,Disclosure under SEBI Takeover Regulations,-,11062014102800,-,-,False,,,950552,Gems Jewellery And Watches,INE280A01010,Titan Company Limited,2014-06-11 10:28:00,TITAN
06-May-2014 15:28:00,,https://nsearchives.nseindia.com/corporate/TITAN_PR_06052014_05062014152801_1.zip,"Titan Company Limited has informed the Exchange regarding a press release dated May 06, 2014, titled""Titan Company's income grows by 8.1% In a challenging year"".",,,Press Release,-,06052014152800,-,-,False,,,889966,Gems Jewellery And Watches,INE280A01010,Titan Company Limited,2014-05-06 15:28:00,TITAN
06-May-2014 15:20:00,,-,"Titan Company Limited has informed the Exchange that the Board of Directors of the Company at its meeting held on May 06, 2014 have recommended a dividend on the equity shares of 210%, free of tax, viz., Rs 2.10 per equity share (previous year : 210%, free of tax).",,,Dividend,-,06052014152000,-,-,False,,,889965,Gems Jewellery And Watches,INE280A01010,Titan Company Limited,2014-05-06 15:20:00,TITAN
06-May-2014 15:11:02,,https://nsearchives.nseindia.com/corporate/TITAN_31mar2014_B_05062014151101_.zip,Titan Company Limited has submitted to the exchange the standalone & consolidated financial results for the period ended 31-Mar-2014.,,,Financial Result Updates,-,06052014151102,-,-,False,,,21398,Gems Jewellery And Watches,INE280A01010,Titan Company Limited,2014-05-06 15:11:02,TITAN
26-Feb-2014 17:32:00,,-,"Titan Company Limited has informed the Exchange that the Company has entered into a Joint Venture agreement on February 26, 2014 with Montblanc Services B.V, Netherlands for establishing operations in India for carrying on single brand retail trade.",,,Updates,-,26022014173200,-,-,False,,,800292,Gems Jewellery And Watches,INE280A01010,Titan Company Limited,2014-02-26 17:32:00,TITAN
13-Feb-2014 12:48:00,,-,"Titan Company Limited has informed the Exchange that the Board of Directors have pursuant to the provisions of FEMA(Transfer of Issue of Security by a person resident outside India) Regulations, 2000 and subject to statutory consents and of the Shareholders in general meeting by way of special resolution, accorded approval for investment by Foreign Institutional Investors (FII) in the share capital of the Company under the portfolio investment scheme on repatriation basis up to 35% (thirty five percent) of the share capital of the Company.",,,Updates,-,13022014124800,-,-,False,,,784762,Gems Jewellery And Watches,INE280A01010,Titan Company Limited,2014-02-13 12:48:00,TITAN
29-Jan-2014 18:52:00,,https://nsearchives.nseindia.com/corporate/titan_pr_01292014185202_1.zip,"Titan Company Limited has informed the Exchange regarding a press release dated January 29, 2014 titled "" Titan Company Ltd - registered a decline in income of 11.1% in Q3 "".",,,Press Release,-,29012014185200,-,-,False,,,765309,Gems Jewellery And Watches,INE280A01010,Titan Company Limited,2014-01-29 18:52:00,TITAN
29-Jan-2014 17:03:02,,https://nsearchives.nseindia.com/corporate/TITAN_31dec2013_S_01292014170301_.zip,Titan Company Limited has submitted to the exchange the standalone financial results for the period ended 31-dec-2013.,,,Financial Result Updates,-,29012014170302,-,-,False,,,19913,Gems Jewellery And Watches,INE280A01010,Titan Company Limited,2014-01-29 17:03:02,TITAN
02-Dec-2013 13:32:00,,-,"Members of the Exchange are hereby informed that the name of Titan Industries Limited shall be changed to Titan Company Limited w.e.f. December 06, 2013.",,,Name Change,-,02122013133200,-,-,False,,,705606,Gems Jewellery And Watches,INE280A01010,Titan Company Limited,2013-12-02 13:32:00,TITAN
19-Nov-2013 09:08:00,,https://nsearchives.nseindia.com/corporate/TITAN_agmmin_19112013_11192013090801_1.zip,"Titan Industries Limited has submitted to the Exchange a copy of the Minutes of the Annual General Meeting of the Company held on August 01, 2013.",,,Annual General Meeting Updates,-,19112013090800,-,-,False,,,692906,Gems Jewellery And Watches,INE280A01010,Titan Company Limited,2013-11-19 09:08:00,TITAN
06-Nov-2013 15:56:00,,https://nsearchives.nseindia.com/corporate/TITAN_pr_06112013_11062013155601_1.zip,"Titan Industries Limited has informed the Exchange regarding a press release dated October 31, 2013 titled ""Titan Company Ltd.: Profit before tax for H1 crosses Rs.500cr"".",,,Press Release,-,06112013155600,-,-,False,,,683181,Gems Jewellery And Watches,INE280A01010,Titan Company Limited,2013-11-06 15:56:00,TITAN
06-Nov-2013 15:40:00,,-,"Titan Industries Limited has informed the Exchange that Mr. C. V. Sankar, IAS, Principal Secretary, Industries Department, Government of Tamilnadu, nominee of Tamilnadu Industrial Development Corporation (TIDCO) has been appointed as a Director on the Board of the Company. Mr. N. S. Palaniappan, IAS, nominee Director of TIDCO has resigned as a Director of the Company consequent upon transfer of his posting.",,,Change in Director(s),-,06112013154000,-,-,False,,,683174,Gems Jewellery And Watches,INE280A01010,Titan Company Limited,2013-11-06 15:40:00,TITAN
31-Oct-2013 15:51:01,,https://nsearchives.nseindia.com/corporate/TITAN_30sep2013_S.zip,Titan Industries Limited has submitted to the exchange the standalone financial results for the period ended 30-sep-2013.,,,Financial Result Updates,-,31102013155101,-,-,False,,,18596,Gems Jewellery And Watches,INE280A01010,Titan Company Limited,2013-10-31 15:51:01,TITAN
05-Aug-2013 10:40:00,,https://nsearchives.nseindia.com/corporate/Titan_updateresultpostalballot_05082013_08052013104003_1.zip,Titan Industries Limited has submitted to the Exchange a copy of following Special Resolutions passed by the Shareholders of the Company:- (1) Amendment of the Objects Clause of the Memorandum of Association of the Company and; (2) Change of name of the Company from TITAN INDUSTRIES LIMITED to TITAN COMPANY LIMITED.,,,Updates,-,05082013104000,-,-,False,,,608511,Gems Jewellery And Watches,INE280A01010,Titan Company Limited,2013-08-05 10:40:00,TITAN
02-Aug-2013 13:40:00,,https://nsearchives.nseindia.com/corporate/Titan_35A_02082013_08022013134001_1.zip,"Titan Industries Limited has informed the Exchange regarding the details of Voting Results as per Clause 35A at the Annual General Meeting of the Company held on August 01, 2013.",,,Disclosure of Voting Pattern - Clause 35A,-,02082013134000,-,-,False,,,607887,Gems Jewellery And Watches,INE280A01010,Titan Company Limited,2013-08-02 13:40:00,TITAN
01-Aug-2013 15:20:00,,https://nsearchives.nseindia.com/corporate/TITAN_pr_01082013_08012013152001_1.zip,"Titan Industries Limited has informed the Exchange regarding a press release dated August 01,2013, titled ""Titan Industries Ltd- Income grows by 42% in Q1"".",,,Press Release,-,01082013152000,-,-,False,,,607148,Gems Jewellery And Watches,INE280A01010,Titan Company Limited,2013-08-01 15:20:00,TITAN
01-Aug-2013 14:26:38,,https://nsearchives.nseindia.com/corporate/TITAN_30JUN2013_S_Q1.zip,"Titan Industries Limited has submitted to the Exchange the Standalone Financial Results for the period ended June 30,2013.",,,Financial Result Updates,-,01082013142638,-,-,False,,,17052,Gems Jewellery And Watches,INE280A01010,Titan Company Limited,2013-08-01 14:26:38,TITAN
31-Jul-2013 13:36:00,,https://nsearchives.nseindia.com/corporate/titan.zip,"Titan Industries Limited has vide its letter dated July 25, 2013 informed the Exchange regarding the Results of Postal Ballot.",,,Postal Ballot Updates,-,31072013133600,-,-,False,,,605661,Gems Jewellery And Watches,INE280A01010,Titan Company Limited,2013-07-31 13:36:00,TITAN
24-Jun-2013 15:44:00,,https://nsearchives.nseindia.com/corporate/TITAN_PB_2013.zip,"Titan Industries Limited has submitted to the Exchange a copy of Notice of Postal Ballot pursuant to Section 192A of the Companies Act, 1956, read with the Companies (Passing of the Resolution by Postal Ballot) Rules, 2001.",,,Postal Ballot Updates,-,24062013154400,-,-,False,,,579980,Gems Jewellery And Watches,INE280A01010,Titan Company Limited,2013-06-24 15:44:00,TITAN
18-Jun-2013 12:12:00,,-,"Titan Industries Limited has informed the Exchange that the Board of Directors of the Company at its meeting held on May 03, 2013, inter alia, has recommended a dividend of 210%, viz. Rs. 2.10 per share (Previous Year : 175%).",,,Dividend,-,18062013121200,-,-,False,,,576452,Gems Jewellery And Watches,INE280A01010,Titan Company Limited,2013-06-18 12:12:00,TITAN
17-Jun-2013 15:24:00,,-,"Titan Industries Limited has informed the Exchange that the dividend on equity shares, if declared at the Annual General Meeting of the Company, will be paid on August 07, 2013.",,,Date of payment of dividend,-,17062013152400,-,-,False,,,575151,Gems Jewellery And Watches,INE280A01010,Titan Company Limited,2013-06-17 15:24:00,TITAN
17-Jun-2013 15:24:00,,-,"Titan Industries Limited has informed the Exchange that  the Register of Members and Share Transfer Books will remain closed from July 18, 2013 to August 1, 2013(both days inclusive) for the purpose of determining eligibility for payment of dividend on equity shares for the year ended March 31, 2013. Further the Annual General Meeting to be held on August 01, 2013.",,,AGM/Book Closure,-,17062013152400,-,-,False,,,575150,Gems Jewellery And Watches,INE280A01010,Titan Company Limited,2013-06-17 15:24:00,TITAN
11-Jun-2013 14:12:00,,https://nsearchives.nseindia.com/corporate/TITAN_pr_11062013_06112013141201_1.zip,"Titan Industries Limited has informed the Exchange, vide letter dated June 11, 2013 regarding a press release.",,,Press Release,-,11062013141200,-,-,False,,,571814,Gems Jewellery And Watches,INE280A01010,Titan Company Limited,2013-06-11 14:12:00,TITAN
03-May-2013 19:28:00,,-,"Titan Industries Limited has informed the Exchange that the Board of Directors of the Company at its meeting held on May 03, 2013 have recommended a dividend on the equity shares of 210% free of tax, viz, Rs.2.10 per equity share. (Previous year: 175%, free of tax)",,,Dividend,-,03052013192800,-,-,False,,,545458,Gems Jewellery And Watches,INE280A01010,Titan Company Limited,2013-05-03 19:28:00,TITAN
03-May-2013 18:08:00,,https://nsearchives.nseindia.com/corporate/Titan_press_030513_05032013180801_2.zip,"Titan Industries Limited has informed the Exchange regarding a press release dated May 03, 2013, titled ""Titan Industries profits grow by 20% for the year ended March 2013 Income crosses Rs.10,000 crores and Profit before tax goes past Rs.1000 crores"".",,,Press Release,-,03052013180800,-,-,False,,,544693,Gems Jewellery And Watches,INE280A01010,Titan Company Limited,2013-05-03 18:08:00,TITAN
03-May-2013 17:29:00,,-,Titan Industries Limited has informed the Exchange regarding the consolidated Results for the year ended on 31-MAR-2013 as follows: Net Sales of Rs. 1001935 lacs for year ending on 31-MAR-2013 against Rs. 884843 lacs for the year ending on 31-MAR-2012. Net Profit / (Loss) of Rs. 72538 lacs for the year ending on 31-MAR-2013 against Rs. 60136 lacs for the year ending on 31-MAR-2012.,,,"Results Update, Year ended, 31-MAR-2013 (Consolidated)",-,03052013172900,-,-,False,,,,Gems Jewellery And Watches,INE280A01010,Titan Company Limited,2013-05-03 17:29:00,TITAN
03-May-2013 16:52:00,,-,Titan Industries Limited has informed the Exchange regarding the standalone Results for the year ended on 31-MAR-2013 as follows: Net Sales of Rs. 1000905 lacs for year ending on 31-MAR-2013 against Rs. 883838 lacs for the year ending on 31-MAR-2012. Net Profit / (Loss) of Rs. 72518 lacs for the year ending on 31-MAR-2013 against Rs. 60015 lacs for the year ending on 31-MAR-2012.,,,"Results Update, Year ended, 31-MAR-2013 (Standalone)",-,03052013165200,-,-,False,,,,Gems Jewellery And Watches,INE280A01010,Titan Company Limited,2013-05-03 16:52:00,TITAN
03-May-2013 16:51:00,,-,Titan Industries Limited has informed the Exchange regarding the standalone Results for the quarter ended on 31-MAR-2013 as follows: Net Sales of Rs. 259313 lacs for the quarter ending on 31-MAR-2013 . Net Profit / (Loss) of Rs. 18497 lacs for the quarter ending on 31-MAR-2013.,,,"Results Update, Quarter ended, 31-MAR-2013 (Standalone)",-,03052013165100,-,-,False,,,,Gems Jewellery And Watches,INE280A01010,Titan Company Limited,2013-05-03 16:51:00,TITAN
03-May-2013 16:14:35,,https://nsearchives.nseindia.com/corporate/TITAN_31MAR2013_B_Q4A.zip,"Titan Industries Limited has submitted to the Exchange the Standalone and Consolidated Financial Results for the period ended March 31,2013.",,,Financial Result Updates,-,03052013161435,-,-,False,,,15279,Gems Jewellery And Watches,INE280A01010,Titan Company Limited,2013-05-03 16:14:35,TITAN
01-Apr-2013 12:08:00,,https://nsearchives.nseindia.com/corporate/titan_tatasons_280313_04012013120803_1.zip,"Tata Sons Limited has submitted to the Exchange vide its letter dated march 28, 2013 a copy of disclosure under Regulation 29(2) of SEBI (Substantial Acquisition of Shares & Takeovers) Regulations, 2011 along with a Copy of Disclosures under Regulation 10(6) of the SEBI (Substantial Acquisition of Shares and Takeovers) Regulations, 2011 and a copy of disclosure pursuant to Regulation 13(4), 13(4A) and 13(6) of the SEBI (Prohibition of Insider Trading) Regulations, 1992. ",,,Discl. under SEBI Insider Trading and Takeover Regulation,-,01042013120800,-,-,False,,,526436,Gems Jewellery And Watches,INE280A01010,Titan Company Limited,2013-04-01 12:08:00,TITAN
21-Mar-2013 10:32:00,,https://nsearchives.nseindia.com/corporate/TITAN_tatason_21032013_03212013103201_1.zip,"Tata Sons Limited has submitted to the Exchange vide letter dated March 20, 2013 a copy of disclosure under Regulation 10(5) of SEBI (Substantial Acquisition of Shares & Takeovers) Regulations, 2011.",,,Disclosure under SEBI Takeover Regulations,-,21032013103200,-,-,False,,,521437,Gems Jewellery And Watches,INE280A01010,Titan Company Limited,2013-03-21 10:32:00,TITAN
11-Mar-2013 12:08:00,,-,"Titan Industries Limited has informed the Exchange that the company has submitted a copy of the Order of the High Court of Judicature at Madras in connection with the Scheme of Amalgamation of Company subsidiary company viz., Titan Properties Ltd with Titan Industries Ltd. With this, the Scheme of Amalgamation of the domestic subsidiary Titan Properties Ltd(transferor company) with Titan Industries Ltd (transferee company) is complete and implemented.",,,Updates,-,11032013120800,-,-,False,,,515175,Gems Jewellery And Watches,INE280A01010,Titan Company Limited,2013-03-11 12:08:00,TITAN
01-Feb-2013 18:00:00,,https://nsearchives.nseindia.com/corporate/TITANINDUSTRIESLTD_01022013.zip,"Titan Industries Limited has informed the Exchange regarding a press release dated January 30, 2013, titled ""Titan Industries Ltd. : Q3 shines with Net Profit growth of 24.3%"".",,,Press Release,-,01022013180000,-,-,False,,,494221,Gems Jewellery And Watches,INE280A01010,Titan Company Limited,2013-02-01 18:00:00,TITAN
31-Jan-2013 11:04:00,,-,"Titan Industries Limited has informed the Exchange that the Board of Directors of the Company at its meeting held on January 30, 2013, has appointed Ms. Ireena Vittal as an Independent Director on the Board of the Company. ",,,Appointment of Director,-,31012013110400,-,-,False,,,492730,Gems Jewellery And Watches,INE280A01010,Titan Company Limited,2013-01-31 11:04:00,TITAN
31-Jan-2013 10:20:00,,-,"Titan Industries Limited has informed the Exchange that Mr. N. S. Palaniappan, IAS, Principal Secretary, Industries Department, Government of Tamilnadu, nominee of Tamilnadu Industrial Development Corporation Ltd (TIDCO) has been appointed as Chairman & Director on the Board of the Company.Mr. Vikram Kapur, IAS, nominee Director of TIDCO has resigned as Chairman & Director of the Company consequent upon his transfer of his posting.",,,Appointment of Director,-,31012013102000,-,-,False,,,492717,Gems Jewellery And Watches,INE280A01010,Titan Company Limited,2013-01-31 10:20:00,TITAN
30-Jan-2013 14:59:00,,-,Titan Industries Limited has informed the Exchange regarding the standalone Results for the quarter ended on 31-DEC-2012 as follows: Net Sales of Rs. 298289 lacs for the quarter ending on 31-DEC-2012 against Rs. 225829 lacs and Rs. 244010 lacs for the quarters ending on 30-SEP-2012 and 31-DEC-2011 respectively. Net Profit / (Loss) of Rs. 20373 lacs for the quarter ending on 31-DEC-2012 against Rs. 18014 lacs and Rs. 16391 lacs for the quarters ending on 30-SEP-2012 and 31-DEC-2011 respectively.,,,"Results Update, Quarter ended, 31-DEC-2012 (Standalone)",-,30012013145900,-,-,False,,,,Gems Jewellery And Watches,INE280A01010,Titan Company Limited,2013-01-30 14:59:00,TITAN
30-Jan-2013 14:53:35,,https://nsearchives.nseindia.com/corporate/TITAN_31DEC2012_S_Q3.zip,"Titan Industries Limited has submitted to the Exchange the Standalone Financial Results along with the Limited Review Report for the period ended December 31,2012.",,,Financial Result Updates,-,30012013145335,-,-,False,,,13875,Gems Jewellery And Watches,INE280A01010,Titan Company Limited,2013-01-30 14:53:35,TITAN
22-Jan-2013 12:11:00,,https://nsearchives.nseindia.com/corporate/TITAN_TILREG31_22012013.zip,"Tata International Limited has submitted to the Exchange vide letter dated January 21, 2013 a copy of Disclosure in terms of Regulation 31(1) and 31(2) of SEBI (Substantial Acquisition of Shares & Takeovers) Regulations, 2011.",,,Disclosure under SEBI Takeover Regulations,-,22012013121100,-,-,False,,,,Gems Jewellery And Watches,INE280A01010,Titan Company Limited,2013-01-22 12:11:00,TITAN
05-Nov-2012 16:17:00,,https://nsearchives.nseindia.com/corporate/titan_pr_05112012.zip,"Titan Industries Limited has informed the Exchange regarding a press release dated October 31, 2012, titled ""Titan Industries Ltd. - Net Profit margin up 83 bps"".",,,Press Release,-,05112012161700,-,-,False,,,,Gems Jewellery And Watches,INE280A01010,Titan Company Limited,2012-11-05 16:17:00,TITAN
31-Oct-2012 17:09:20,,https://nsearchives.nseindia.com/corporate/TITAN_30SEP2012_S_Q2.zip,"Titan Industries Limited has submitted to the Exchange the Standalone Financial Results along with the Limited Review Report for the period ended September 30,2012.",,,Financial Result Updates,-,31102012170920,-,-,False,,,12448,Gems Jewellery And Watches,INE280A01010,Titan Company Limited,2012-10-31 17:09:20,TITAN
31-Oct-2012 16:57:00,,-,Titan Industries Limited has informed the Exchange regarding the standalone Results for the quarter ended on 30-SEP-2012 as follows: Net Sales of Rs. 225829 lacs for the quarter ending on 30-SEP-2012 against Rs. 220565 lacs and Rs. 209634 lacs for the quarters ending on 30-JUN-2012 and 30-SEP-2011 respectively. Net Profit / (Loss) of Rs. 18014 lacs for the quarter ending on 30-SEP-2012 against Rs. 15609 lacs and Rs. 14820 lacs for the quarters ending on 30-JUN-2012 and 30-SEP-2011 respectively.,,,"Results Update, Quarter ended, 30-SEP-2012 (Standalone)",-,31102012165700,-,-,False,,,,Gems Jewellery And Watches,INE280A01010,Titan Company Limited,2012-10-31 16:57:00,TITAN
25-Oct-2012 18:39:00,,-,"Titan Industries Limited has informed the Exchange that Mr. Vikram Kapur, IAS, Principal Secretary, Industries Department, Government of Tamilnadu, nominee of Tamilnadu Industrial Development Corporation Ltd (TIDCO) has been appointed as Chairman & Director on the Board of the Company. Dr. N. Sundaradevan, IAS, nominee Director of TIDCO has resigned as Chairman & Director of the Company consequent upon his superannuation from services.",,,Appointment of Chairman,-,25102012183900,-,-,False,,,,Gems Jewellery And Watches,INE280A01010,Titan Company Limited,2012-10-25 18:39:00,TITAN
17-Oct-2012 11:26:00,,https://nsearchives.nseindia.com/corporate/TITAN_AGM_1610212.zip,"Titan Industries Limited has submitted to the Exchange a copy of the Minutes of the Annual General Meeting of the Company held on July 31, 2012.",,,Minutes of Annual General Meeting,-,17102012112600,-,-,False,,,,Gems Jewellery And Watches,INE280A01010,Titan Company Limited,2012-10-17 11:26:00,TITAN
02-Aug-2012 11:13:00,,https://nsearchives.nseindia.com/corporate/Titan01_35A_02082012.zip,"Titan Industries Limited has informed the Exchange pursuant to Clause 35A of the Listing Agreement, the results of the voting held at the Annual General Meeting of the Company held on July 31, 2012.",,,Disclosure of Voting Pattern - Clause 35A,-,02082012111300,-,-,False,,,,Gems Jewellery And Watches,INE280A01010,Titan Company Limited,2012-08-02 11:13:00,TITAN
31-Jul-2012 19:06:00,,https://nsearchives.nseindia.com/corporate/TitanInds01_OAGM_31072012.zip,"Titan Industries Limited has informed the Exchange regarding the Outcome of the Annual General Meeting of the Company held on July 31, 2012.",,,Outcome of Annual General Meeting,-,31072012190600,-,-,False,,,,Gems Jewellery And Watches,INE280A01010,Titan Company Limited,2012-07-31 19:06:00,TITAN
31-Jul-2012 15:38:31,,https://nsearchives.nseindia.com/corporate/TITAN_30JUN2012_S_Q1.zip,"Titan Industries Limited has submitted to the Exchange the Standalone Financial Results along with the Limited Review Report for the period ended June 30,2012.",,,Financial Result Updates,-,31072012153831,-,-,False,,,10773,Gems Jewellery And Watches,INE280A01010,Titan Company Limited,2012-07-31 15:38:31,TITAN
31-Jul-2012 14:36:00,,-,"Titan Industries Limited has informed the Exchange that Mr. T.K.Arun, General Manager & Secretary of Tamilnadu Industrial Development Corporation Ltd. (TIDCO) has been appointed as a Director on the Board of the Company with effect from July 31, 2012. Further, Mr. V. Parthasarathy, nominee Director of TIDCO has resigned as a Director of the Company.",,,Change in Director(s),-,31072012143600,-,-,False,,,,Gems Jewellery And Watches,INE280A01010,Titan Company Limited,2012-07-31 14:36:00,TITAN
31-Jul-2012 14:34:00,,https://nsearchives.nseindia.com/corporate/Titan02_pr_31072012.zip,"Titan Industries Limited has informed the Exchange regarding a press release dated July 31, 2012, titled ""Titan Industries Ltd. - Income grows by 9.2% and net profit up by 8.8% in Q1"".",,,Press Release,-,31072012143400,-,-,False,,,,Gems Jewellery And Watches,INE280A01010,Titan Company Limited,2012-07-31 14:34:00,TITAN
21-Jun-2012 10:23:00,,-,"Titan Industries Limited has informed the Exchange that the Register of Members and Share Transfer Books will remain closed from July 17, 2012 to July 31, 2012 (Both days inclusive) for the purpose of determining eligibility for payment of dividend on equity shares for the year ended March 31, 2012. Further, the Annual General Meeting of the Company is scheduled to be held on July 31, 2012.",,,AGM / Book Closure,-,21062012102300,-,-,False,,,,Gems Jewellery And Watches,INE280A01010,Titan Company Limited,2012-06-21 10:23:00,TITAN
03-May-2012 10:57:00,,-,"Titan Industries Limited has informed the Exchange that Mr. K. Dhanavel, IAS, nominee and Managing Director of Tamilnadu Industrial Development Corporation Ltd (TIDCO) has been appointed as a Director on the Board of the Company with effect from April 30, 2012.",,,Appointment of Director,-,03052012105700,-,-,False,,,,Gems Jewellery And Watches,INE280A01010,Titan Company Limited,2012-05-03 10:57:00,TITAN
30-Apr-2012 19:45:00,,https://nsearchives.nseindia.com/corporate/Titan_pr_30042012.zip,"Titan Industries Limited has informed the Exchange regarding a Press Release dated April 30, 2012, titled ""Titan Industries announces outstanding results for the year ended March 2012"".",,,Press Release,-,30042012194500,-,-,False,,,,Gems Jewellery And Watches,INE280A01010,Titan Company Limited,2012-04-30 19:45:00,TITAN
30-Apr-2012 19:43:00,,-,"Titan Industries Limited has informed the Exchange that the Board of Directors of the Company at its meeting held on April 30, 2012, have recommended a dividend on the equity shares of 175%, free of tax, viz., Rs.1.75 per equity share. (previous year: 125%, free of tax).",,,Dividend,-,30042012194300,-,-,False,,,,Gems Jewellery And Watches,INE280A01010,Titan Company Limited,2012-04-30 19:43:00,TITAN
30-Apr-2012 19:10:18,,https://nsearchives.nseindia.com/corporate/TITAN_31MAR2012_B_Q4A.zip,"Titan Industries Limited has submitted to the Exchange the Standalone and Consolidated Financial Results for the period ended March 31,2012.",,,Financial Result Updates,-,30042012191018,-,-,False,,,8946,Gems Jewellery And Watches,INE280A01010,Titan Company Limited,2012-04-30 19:10:18,TITAN
03-Apr-2012 10:03:00,,-,"Titan Industries Limited has informed the Exchange that the Company has commenced commercial production in its new integrated state of art Jewellery Unit set up in the excise free zone in Pantnagar, Uttarakand, UP, on March 29, 2012.The new Pantnagar Unit has been commissioned at an approximate cost of Rs. 15 crores for the manufacture of studded jewellery and is estimated to achieve a turnover of Rs. 250 crores during the financial year 2012-13. This Unit will employ about 250 people over the next 2 years and train them to make world-class Studded Jewellery.",,,Updates,-,03042012100300,-,-,False,,,,Gems Jewellery And Watches,INE280A01010,Titan Company Limited,2012-04-03 10:03:00,TITAN
14-Feb-2012 10:51:00,,-,"Titan Industries Limited has informed the Exchange that the Board of Directors of the Company has re-appointed Mr. Bhaskar Bhat as Managing Director of the Company for a period of five years from April 01, 2012 to March 31, 2017, subject to approval of the Shareholders of the Company at the next Annual General Meeting or through postal ballot.",,,Reappointment,-,14022012105100,-,-,False,,,,Gems Jewellery And Watches,INE280A01010,Titan Company Limited,2012-02-14 10:51:00,TITAN
31-Jan-2012 15:08:00,,https://nsearchives.nseindia.com/corporate/TITAN_pr_31012012.zip,"Titan Industries Limited has informed the Exchange regarding a press release dated January 31, 2012 titled ""Titan Industries Ltd. - comes up with 25.6% revenue growth in a tough quarter-Retail space crosses one million square feet nationally"".",,,Press Release,-,31012012150800,-,-,False,,,,Gems Jewellery And Watches,INE280A01010,Titan Company Limited,2012-01-31 15:08:00,TITAN
31-Jan-2012 15:01:00,,-,Titan Industries Limited has informed the Exchange regarding the standalone Results for the quarter ended on 31-DEC-2011 as follows: Net Sales of Rs. 244010 lacs for quarter ending on 31-DEC-2011 against Rs. 195459 lacs for the quarter ending on 31-DEC-2010. Net Profit / (Loss) of Rs. 16391 lacs for the quarter ending on 31-DEC-2011 against Rs. 13757 lacs for the quarter ending on 31-DEC-2010.,,,"Results Update, Quarter ended, 31-DEC-2011 (Standalone)",-,31012012150100,-,-,False,,,,Gems Jewellery And Watches,INE280A01010,Titan Company Limited,2012-01-31 15:01:00,TITAN
31-Jan-2012 14:38:50,,https://nsearchives.nseindia.com/corporate/TITAN_31DEC2011_S_Q3.zip,"Titan Industries Limited has submitted to the Exchange the Standalone Financial Results for the period ended December 31,2011.",,,Financial Result Updates,-,31012012143850,-,-,False,,,7648,Gems Jewellery And Watches,INE280A01010,Titan Company Limited,2012-01-31 14:38:50,TITAN
13-Jan-2012 19:09:00,,-,"Titan Industries Limited has informed the Exchange that Mr. Harish Bhat, Chief Operating Officer (Watches) will be taking a sabbatical from work for a period of 9 months starting April 01, 2012 to pursue his passion for writing a book on the Tata Group. Consequently, Mr. H. G. Raghunath, currently the Chief Manufacturing Officer of the Watches Division and who has been with the Watch Division for 25 years, will succeed Mr. Harish Bhat as Chief Operating Officer for the Watches Division. Additionally, Mr. L. R. Natarajan, currently Chief Manufacturing Officer of the Jewellery Division who has also been spearheading the innovation initiatives in the Company, will lead the Business Development function of the company as Chief Operating Officer. Both the appointments are effective April 01, 2012.",,,Updates,-,13012012190900,-,-,False,,,,Gems Jewellery And Watches,INE280A01010,Titan Company Limited,2012-01-13 19:09:00,TITAN
03-Jan-2012 13:10:00,,-,"Titan Industries Limited has informed the Exchange that the Company has received a copy of the Order of the High Court, Karnataka in connection with the Scheme of Amalgamation of the Company's subsidiary viz., Tanishq (India) Ltd with Titan Industries Ltd. With this, the Scheme of Amalgamation Pursuant to the domestic subsidiary Tanishq (India) Ltd (transferor company) with Titan Industries Ltd (transferee company) is complete and implemented.",,,Updates,-,03012012131000,-,-,False,,,,Gems Jewellery And Watches,INE280A01010,Titan Company Limited,2012-01-03 13:10:00,TITAN
16-Nov-2011 12:00:00,,-,"Titan Industries Limited has informed the Exchange that the Company has signed a binding offer on November 16, 2011, with VALFAMILY S. L., Spain and Maison Favre Leuba, S.A Switzerland, for the acquisition of brand Favre Leuba. This acquisition, when completed, will provide the Company with global rights to the trademarks of this brand. This acquisition is being pursued on an asset purchase mode, for a sum under Euro 2 million. The strategic rationale behind the above acquisition is to complement and strengthen the existing watches brand portfolio of the Company with a Swiss heritage brand. Favre Leuba, created in Switzerland in 1737, has a rich history in international markets, including in India.",,,Updates,-,16112011120000,-,-,False,,,,Gems Jewellery And Watches,INE280A01010,Titan Company Limited,2011-11-16 12:00:00,TITAN
01-Nov-2011 11:07:00,,-,"Titan Industries Limited has informed the Exchange vide its letter dated October 24, 2011 that Mrs. Susan Mathew, IAS, Chairperson and Director, nominee of Tamilnadu Industrial Development Corporation Ltd. (TIDCO) has resigned from the Board of the Company. Dr. N. Sundaradevan, IAS nominee Director of TIDCO has been appointed as Chairman of the Company.",,,Updates,-,01112011110700,-,-,False,,,,Gems Jewellery And Watches,INE280A01010,Titan Company Limited,2011-11-01 11:07:00,TITAN
24-Oct-2011 18:03:00,,https://nsearchives.nseindia.com/corporate/TITAN_pr_24102011.zip,"Titan Industries Limited has informed the Exchange regarding a press release dated October 24, 2011, titled ""Titan Industries Ltd. : Revenues up 37% over last year Q2"".",,,Press Release,-,24102011180300,-,-,False,,,,Gems Jewellery And Watches,INE280A01010,Titan Company Limited,2011-10-24 18:03:00,TITAN
24-Oct-2011 17:46:00,,-,Titan Industries Limited has informed the Exchange regarding the standalone Results for the quarter ended on 30-SEP-2011 as follows: Net Sales of Rs. 209634 lacs for quarter ending on 30-SEP-2011 against Rs. 153597 lacs for the quarter ending on 30-SEP-2010. Net Profit / (Loss) of Rs. 14820 lacs for the quarter ending on 30-SEP-2011 against Rs. 12777 lacs for the quarter ending on 30-SEP-2010.,,,"Results Update, Quarter ended, 30-SEP-2011 (Standalone)",-,24102011174600,-,-,False,,,,Gems Jewellery And Watches,INE280A01010,Titan Company Limited,2011-10-24 17:46:00,TITAN
24-Oct-2011 17:42:40,,https://nsearchives.nseindia.com/corporate/TITAN_30SEP2011_S_Q2H.zip,"Titan Industries Limited has submitted to the Exchange the Standalone Financial Results for the period ended September 30,2011.",,,Financial Result Updates,-,24102011174240,-,-,False,,,6058,Gems Jewellery And Watches,INE280A01010,Titan Company Limited,2011-10-24 17:42:40,TITAN
03-Oct-2011 10:52:00,,https://nsearchives.nseindia.com/corporate/TitanInds_magm_03102011.zip,"Titan Industries Limited has submitted to the Exchange a copy of the Minutes of the Annual General Meeting of the Members of the Company held on July 28, 2011.",,,Minutes of Annual General Meeting,-,03102011105200,-,-,False,,,,Gems Jewellery And Watches,INE280A01010,Titan Company Limited,2011-10-03 10:52:00,TITAN
24-Aug-2011 13:38:00,,https://nsearchives.nseindia.com/corporate/titan02_reg_24082011.zip,"Titan Industries Limited has submitted to the Exchange a copy of Disclosure under Regulation 13(6) of the SEBI (Prohibition of Insider Trading) Regulations, 1992.",,,Disclosure under Insider Trading Regulation,-,24082011133800,-,-,False,,,,Gems Jewellery And Watches,INE280A01010,Titan Company Limited,2011-08-24 13:38:00,TITAN
28-Jul-2011 20:10:00,,https://nsearchives.nseindia.com/corporate/Titan01_oagm_28072011.zip,"Titan Industries Limited has informed the Exchange regarding the Outcome of the Annual General Meeting of the Company held on July 28, 2011.",,,Outcome of Annual General Meeting,-,28072011201000,-,-,False,,,,Gems Jewellery And Watches,INE280A01010,Titan Company Limited,2011-07-28 20:10:00,TITAN
28-Jul-2011 15:27:00,,https://nsearchives.nseindia.com/corporate/TITAN_pr_28072011.zip,"Titan Industries Limited has informed the Exchange regarding a press release dated July 28, 2011, titled ""Titan Industries Ltd. - Income grows by 62.5% and net profit up by 76.4% in Q1"".",,,Press Release,-,28072011152700,-,-,False,,,,Gems Jewellery And Watches,INE280A01010,Titan Company Limited,2011-07-28 15:27:00,TITAN
28-Jul-2011 15:08:52,,https://nsearchives.nseindia.com/corporate/TITAN_30JUN2011_S_Q1.zip,"Titan Industries Limited has submitted to the Exchange the Standalone Financial Results for the period ended June 30,2011.",,,Financial Result Updates,-,28072011150852,-,-,False,,,4578,Gems Jewellery And Watches,INE280A01010,Titan Company Limited,2011-07-28 15:08:52,TITAN
28-Jul-2011 15:06:00,,-,Titan Industries Limited has informed the Exchange regarding the standalone Results for the quarter ended on 30-JUN-2011 as follows: Net Sales of Rs. 202051 lacs for quarter ending on 30-JUN-2011 against Rs. 125276 lacs for the quarter ending on 30-JUN-2010. Net Profit / (Loss) of Rs. 14336 lacs for the quarter ending on 30-JUN-2011 against Rs. 8128 lacs for the quarter ending on 30-JUN-2010.,,,"Results Update, Quarter ended, 30-JUN-2011 (Standalone)",-,28072011150600,-,-,False,,,,Gems Jewellery And Watches,INE280A01010,Titan Company Limited,2011-07-28 15:06:00,TITAN
24-Jun-2011 10:29:00,,-,"Titan Industries Limited has informed the Exchange that the Register of Members and Share Transfer Books will remain closed from July 26, 2011 to July 28, 2011 (Both days inclusive) for the purpose of determining eligibility for payment of dividend on equity shares for the year ended March 31, 2011. Further, the Annual General Meeting of the Company is scheduled to be held on July 28, 2011.",,,AGM / Book Closure,-,24062011102900,-,-,False,,,,Gems Jewellery And Watches,INE280A01010,Titan Company Limited,2011-06-24 10:29:00,TITAN
14-Jun-2011 15:52:00,,-,"Titan Industries Limited has informed the Exchange that at the Board Meeting of the Company held on June 14, 2011, the Board of Directors have fixed June 24, 2011 as the Record Date for the issue of Bonus Shares in the ratio of 1 equity share for every equity share held and sub-division of the equity share of the face value of Rs.10 each in to 10 (ten) equity shares of Re.1 each.",,,Record Date,-,14062011155200,-,-,False,,,,Gems Jewellery And Watches,INE280A01010,Titan Company Limited,2011-06-14 15:52:00,TITAN
13-Jun-2011 10:24:00,,https://nsearchives.nseindia.com/corporate/Titan_Pbresult_13062011.zip,"Titan Industries Limited has informed the Exchange vide its letter dated June 11, 2011 regarding Results of Postal Ballot.",,,Outcome of Postal Ballot,-,13062011102400,-,-,False,,,,Gems Jewellery And Watches,INE280A01010,Titan Company Limited,2011-06-13 10:24:00,TITAN
01-Jun-2011 18:13:00,,-,"Titan Industries Limited has informed the Exchange that one of the Company's wholly-owned subsidiary, Titan Properties Ltd. proposes to merge with the Holding Company, Titan Industries Ltd pursuant to a Scheme of Amalgamation to be filed with the Hon'ble Madras High Court. Titan Properties Ltd was incorporated to develop a Titan Township near Hosur, for the employees of Titan Industries Ltd. It has achieved the objectives for which it was formed and has decided not to undertake any further developmental activities and hence felt it expedient to amalgamate with the holding company, Titan Industries Ltd. It may be noted that the Company's subsidiary, Titan Properties Ltd shall file the requisite petition with the Hon'ble Madras High Court.",,,Updates,-,01062011181300,-,-,False,,,,Gems Jewellery And Watches,INE280A01010,Titan Company Limited,2011-06-01 18:13:00,TITAN
12-May-2011 18:17:00,,https://nsearchives.nseindia.com/corporate/TITAN_RPB_12052011.zip,"Titan Industries Limited has submitted to the Exchange a copy of Notice of Postal Ballot pursuant to Section 192A of the Companies Act, 1956, read with the Companies (Passing of the Resolution by Postal Ballot) Rules, 2001.",,,Notice of Postal Ballot,-,12052011181700,-,-,False,,,,Gems Jewellery And Watches,INE280A01010,Titan Company Limited,2011-05-12 18:17:00,TITAN
03-May-2011 17:38:00,,https://nsearchives.nseindia.com/corporate/Titan_Dividnd_03052011.zip,"Titan Industries Limited has informed the Exchange that the dividend payout on equity shares recommended by the Directors of the Company is Rs. 110,97,32,700 (Rupees One hundred and ten crores ninety seven lakhs thirty two thousand seven hundred only) calculated at the rate of Rs. 25 per equity share on 4,43,89,308 equity shares of the face value of Rs. 10 each. However, it is to be noted that at the said meeting of the Board of Directors of the Company, the Directors have also recommended issue of bonus shares in the ratio of one equity share for every existing equity share of Rs. 10 each and sub-division of equity share of Rs. 10 (ten) into 10 (ten) equity shares of Rs. 1 (one) each, subject to approval by the members of the Company. Consequent to the issue of the bonus shares and sub-division of equity shares, while the aggregate amount of dividend on equity shares if declared at the Annual General Meeting shall remain unchanged at Rs. 110,97,32,700, the rate per equity share shall be adjusted to the number of equity shares outstanding arising out of the issue of bonus shares and sub-division of equity shares. In other words, the rate of dividend on equity shares will be Rs. 1.25 (Rupee one and paisa twenty five only) on 88,77,86,160 equity shares of Re. 1 each, aggregating Rs. 110,97,32,700.",,,Updates,-,03052011173800,-,-,False,,,,Gems Jewellery And Watches,INE280A01010,Titan Company Limited,2011-05-03 17:38:00,TITAN
29-Apr-2011 17:25:00,,-,"Titan Industries Limited has informed the Exchange that the Board of Directors of the Company at its meeting held on April 29, 2011, have decided subject to approval by the Shareholders of the Company and other applicable approvals, if any the following:  (1) Issue of bonus shares to the shareholders of the Company in the ratio of one (1) equity share for every existing one (1) equity share; and (2) Sub-division of the equity share of the Company of the face value of Rs. 10 (ten) each in to 10 (ten) equity shares of a face value of Rs. 1 (one) each.",,,Bonus / Sub-division,-,29042011172500,-,-,False,,,,Gems Jewellery And Watches,INE280A01010,Titan Company Limited,2011-04-29 17:25:00,TITAN
29-Apr-2011 17:24:11,,https://nsearchives.nseindia.com/corporate/TITAN_31MAR2011_B_AN.zip,"Titan Industries Limited has submitted to the Exchange the Standalone and Consolidated Financial Results for the period ended March 31,2011.",,,Financial Result Updates,-,29042011172411,-,-,False,,,3007,Gems Jewellery And Watches,INE280A01010,Titan Company Limited,2011-04-29 17:24:11,TITAN
29-Apr-2011 17:17:00,,-,"Titan Industries Limited has informed the Exchange that the Board of Directors of the Company at its meeting held on April 29, 2011 have appointed Prof. Das Narayan Das as an Independent Director on the Board of the Company effective April 29, 2011.",,,Appointment of Director,-,29042011171700,-,-,False,,,,Gems Jewellery And Watches,INE280A01010,Titan Company Limited,2011-04-29 17:17:00,TITAN
29-Apr-2011 17:14:00,,https://nsearchives.nseindia.com/corporate/TITAN_pr_29042011.zip,"Titan Industries Limited has informed the Exchange regarding a press release dated April 29, 2011, titled ""Titan Industries announces results beyond expectations of all - announces bonus issue of equity shares"".",,,Press Release,-,29042011171400,-,-,False,,,,Gems Jewellery And Watches,INE280A01010,Titan Company Limited,2011-04-29 17:14:00,TITAN
29-Apr-2011 17:05:00,,-,"Titan Industries Limited has informed the Exchange that the Board of Directors of the Company at its meeting held on April 29, 2011 have recommended a dividend on equity shares of 250%, free of tax, viz Rs.25/- per equity share. (Previous year: 150%, free of tax, Rs.15 per equity share). The dividend, if approved by the Shareholders at the Annual General Meeting will be dispatched to the Shareholders on August 03, 2011.",,,Dividend,-,29042011170500,-,-,False,,,,Gems Jewellery And Watches,INE280A01010,Titan Company Limited,2011-04-29 17:05:00,TITAN
06-Apr-2011 18:03:00,,-,"Members of the Exchange are hereby informed that the trading in the Titan Industries Limited- 6.75 % Non Convertible Debentures (NCDs) (Symbol - TITAN, Series - N1) shall be suspended w.e.f. April 21, 2011 (i.e. closing hours of trading on April 20, 2011) on account of redemption.  ",,,Suspension of Trading,-,06042011180300,-,-,False,,,,Gems Jewellery And Watches,INE280A01010,Titan Company Limited,2011-04-06 18:03:00,TITAN
04-Apr-2011 11:51:00,,-,"Titan Industries Limited has informed the Exchange that the Register of Debenture holders of the Company shall be closed from April 26, 2011 to May 10, 2011, both days inclusive, for the purpose of determining the eligibility for payment of redemption amounts and interest @ 6.75% on the Non-Convertible Debentures to eligible debenture holders, due for redemption on May 11, 2011, pursuant to the terms of issue of the Debentures.",,,Book Closure,-,04042011115100,-,-,False,,,,Gems Jewellery And Watches,INE280A01010,Titan Company Limited,2011-04-04 11:51:00,TITAN
01-Apr-2011 16:13:00,,-,"Titan Industries Limited has informed the Exchange that CRISIL has upgraded the long term rating of the Company from 'AA Stable' to 'AA+ Stable' (pronounced ""double A plus with stable outlook"") and has also reaffirmed the short term rating of P1+.",,,Credit Rating,-,01042011161300,-,-,False,,,,Gems Jewellery And Watches,INE280A01010,Titan Company Limited,2011-04-01 16:13:00,TITAN
31-Mar-2011 14:45:00,,-,"News Verification : The media had reports that Titan Industries Limited. may issue bonus shares. The Exchange, in order to verify the accuracy or otherwise of the information reported in the media and to inform the market place so that the interest of the investors is safeguarded, had written to the company. Titan Industries Limited has vide its letter inter-alia stated, ""The said news item is denied and is speculative in nature. Further, we would like to inform you that till date the Board of Directors has not considered issue of Bonus shares by the Company.""",,,News Verification,-,31032011144500,-,-,False,,,,Gems Jewellery And Watches,INE280A01010,Titan Company Limited,2011-03-31 14:45:00,TITAN
11-Mar-2011 09:37:00,,-,"Titan Industries Limited has informed the Exchange that Mr. Subbu Subramaniam has been appointed as Chief Financial Officer of the Company with effect from March 04, 2011.",,,Appointment of Chief Financial Officer,-,11032011093700,-,-,False,,,,Gems Jewellery And Watches,INE280A01010,Titan Company Limited,2011-03-11 09:37:00,TITAN
07-Mar-2011 18:03:00,,-,"Titan Industries Limited has informed the Exchange that Mr.Nihal Kaviratne, Independent Director has resigned from the Board of the Company with effect from March 03, 2011.",,,Resignation of Director,-,07032011180300,-,-,False,,,,Gems Jewellery And Watches,INE280A01010,Titan Company Limited,2011-03-07 18:03:00,TITAN
08-Feb-2011 12:48:00,,-,"Titan Industries Limited has informed the Exchange that ICRA has reaffirmed the LAA (pronounced as L Double A) rating assigned to the Rs. 52.83 crore non-convertible debenture (NCD) programme, Rs. 100 crore bond programme, Rs. 50 crore term loan programme and Rs. 200 crore fund based limits of the Company. Further, ICRA has reaffirmed the A1+ (pronounced as A One Plus) rating assigned to the Rs. 1,500 crore non-fund based limits and Rs. 10 crore Commercial Paper program of the Company.",,,Credit Rating,-,08022011124800,-,-,False,,,,Gems Jewellery And Watches,INE280A01010,Titan Company Limited,2011-02-08 12:48:00,TITAN
28-Jan-2011 16:02:03,,https://nsearchives.nseindia.com/corporate/TITAN_31DEC2010_S_Q3.zip,"Titan Industries Limited has submitted to the Exchange the Standalone Financial Results for the period ended December 31,2010.",,,Financial Result Updates,-,28012011160203,-,-,False,,,1790,Gems Jewellery And Watches,INE280A01010,Titan Company Limited,2011-01-28 16:02:03,TITAN
28-Jan-2011 15:06:00,,https://nsearchives.nseindia.com/corporate/TITANIND_PR_28012011.zip,"Titan Industries Limited has informed the Exchange regarding a press release dated January  28, 2011, titled ""Titan Industries Ltd. - Income grows by 46.9% and net profit up by 82.4% in Q3"".",,,Press Release,-,28012011150600,-,-,False,,,,Gems Jewellery And Watches,INE280A01010,Titan Company Limited,2011-01-28 15:06:00,TITAN
28-Jan-2011 14:59:00,,-,Titan Industries Limited has informed the Exchange regarding the standalone Results for the quarter ended on 31-DEC-2010 as follows: Net Sales of Rs. 195459 lacs for quarter ending on 31-DEC-2010 against Rs. 133360 lacs for the quarter ending on 31-DEC-2009. Net Profit / (Loss) of Rs. 13757 lacs for the quarter ending on 31-DEC-2010 against Rs. 7543 lacs for the quarter ending on 31-DEC-2009.,,,"Results Update, Quarter ended, 31-DEC-2010 (Standalone)",-,28012011145900,-,-,False,,,,Gems Jewellery And Watches,INE280A01010,Titan Company Limited,2011-01-28 14:59:00,TITAN
17-Dec-2010 12:40:00,,-,"Titan Industries Limited has informed the Exchange that Tamilnadu Industrial Development Corporation Limited (TIDCO), the co-promoter of the Company has nominated Mr. Debendranath Sarangi, IAS, Additional Chief Secretary, Government of Tamilnadu and Chairman, TIDCO as a Nominee Director and Chairman on the Board of the Company, with effect from December 06, 2010. Mr. Rajeev Ranjan, IAS, Principal Secretary, Industries Department, Government of Tamilnadu continue to be a Director on the Board of the Company. Mr. Sunil Paliwal, IAS, Managing Director, TIDCO has resigned from the Board of the Company.",,,Nomination of Director,-,17122010124000,-,-,False,,,,Gems Jewellery And Watches,INE280A01010,Titan Company Limited,2010-12-17 12:40:00,TITAN
25-Oct-2010 18:17:00,,https://nsearchives.nseindia.com/corporate/titan_pr_25102010.zip,"Titan Industries Limited has informed the Exchange regarding a press release dated October 25, 2010, titled ""Titan Industries Ltd. - Net Up 64.6% in Q2"".",,,Press Release,-,25102010181700,-,-,False,,,,Gems Jewellery And Watches,INE280A01010,Titan Company Limited,2010-10-25 18:17:00,TITAN
25-Oct-2010 17:35:32,,https://nsearchives.nseindia.com/corporate/TITAN_30SEP2010_S_Q2H.zip,"Titan Industries Limited has submitted to the Exchange the Standalone Financial Results for the period ended September 30,2010.",,,Financial Result Updates,-,25102010173532,-,-,False,,,262,Gems Jewellery And Watches,INE280A01010,Titan Company Limited,2010-10-25 17:35:32,TITAN
25-Oct-2010 17:35:00,,-,Titan Industries Limited has informed the Exchange regarding the standalone Results for the quarter ended on 30-SEP-2010 as follows: Net Sales of Rs. 153597 lacs for quarter ending on 30-SEP-2010 against Rs. 114680 lacs for the quarter ending on 30-SEP-2009. Net Profit / (Loss) of Rs. 12777 lacs for the quarter ending on 30-SEP-2010 against Rs. 7760 lacs for the quarter ending on 30-SEP-2009.,,,"Results Update, Quarter ended, 30-SEP-2010 (Standalone)",-,25102010173500,-,-,False,,,,Gems Jewellery And Watches,INE280A01010,Titan Company Limited,2010-10-25 17:35:00,TITAN
28-Jul-2010 10:24:00,,https://nsearchives.nseindia.com/corporate/titan_agmoutcome_28072010.zip,"Titan Industries Limited has informed the Exchange regarding the outcome of Annual General Meeting of the Company held on July 27, 2010.",,,Outcome of Annual General Meeting,-,28072010102400,-,-,False,,,,Gems Jewellery And Watches,INE280A01010,Titan Company Limited,2010-07-28 10:24:00,TITAN
27-Jul-2010 15:19:00,,https://nsearchives.nseindia.com/corporate/titan_pr_27072010.zip,"Titan Industries Limited has informed the Exchange regarding a press release dated July 27, 2010, titled ""Titan Industries Ltd. - Income grows by 42% and net profit up by 76.5% in Q1"".",,,Press Release,-,27072010151900,-,-,False,,,,Gems Jewellery And Watches,INE280A01010,Titan Company Limited,2010-07-27 15:19:00,TITAN
27-Jul-2010 15:10:00,,-,Titan Industries Limited has informed the Exchange regarding the standalone Results for the quarter ended on 30-JUN-2010 as follows: Net Sales of Rs. 125276 lacs for quarter ending on 30-JUN-2010 against Rs. 88280 lacs for the quarter ending on 30-JUN-2009. Net Profit / (Loss) of Rs. 8128 lacs for the quarter ending on 30-JUN-2010 against Rs. 4604 lacs for the quarter ending on 30-JUN-2009.,,,"Results Update, Quarter ended, 30-JUN-2010 (Standalone)",-,27072010151000,-,-,False,,,,Gems Jewellery And Watches,INE280A01010,Titan Company Limited,2010-07-27 15:10:00,TITAN
02-Jun-2010 17:15:00,,-,"Titan Industries Limited has informed the Exchange that the Register of Members and Share Transfer Books will remain closed from July 13, 2010 to July 27, 2010 (Both days inclusive) for the purpose of determining eligibility for payment of dividend on equity shares for the year ended March 31, 2010. Further, the Annual General Meeting of the Company is scheduled to be held on July 27, 2010.",,,AGM/Book Closure,-,02062010171500,-,-,False,,,,Gems Jewellery And Watches,INE280A01010,Titan Company Limited,2010-06-02 17:15:00,TITAN
17-May-2010 15:01:00,,-,"Titan Industries Limited has informed the Exchange that ""The sale of 40,030 equity shares of Titan Mechatronics Limited for Rs. 11,96,897 by the Company directly, its wholly-owned subsidiary, Tanishq (India) Ltd had also at the same time sold 10,900 equity shares of Titan Mechatronics Limited for Rs. 3,25,910. Thus, Titan Industries Limited and its subsidiary, Tanishq (India) Limited have received in the aggregate Rs. 15,22,807 for their 99.86% stake in a company which held an asset value of around Rs 15,00,000"".",,,Sale of Shares,-,17052010150100,-,-,False,,,,Gems Jewellery And Watches,INE280A01010,Titan Company Limited,2010-05-17 15:01:00,TITAN
03-May-2010 16:52:00,,-,"Titan Industries Limited has informed the Exchange that at the Board meeting of the company held on March 29, 2010, the Board of Directors of the company pursuant to an independent valuation Report submitted by M/s. John Thomas & Co., approved the sale of 40,030 equity shares held by the Company in Titan Mechatronics Ltd, a subsidiary company at Rs. 29.90 per equity share and amounting to Rs.11,96,897/-. The Company has received the full consideration for the sale of shares as aforesaid.",,,Sale of Shares,-,03052010165200,-,-,False,,,,Gems Jewellery And Watches,INE280A01010,Titan Company Limited,2010-05-03 16:52:00,TITAN
30-Apr-2010 19:03:00,,-,"Titan Industries Limited has informed the Exchange that the Board of Directors at its meeting held on April 30, 2010 have recommended a dividend of 150% , viz Rs.15 per share ( previous year: 100%) .",,,Dividend,-,30042010190300,-,-,False,,,,Gems Jewellery And Watches,INE280A01010,Titan Company Limited,2010-04-30 19:03:00,TITAN
30-Apr-2010 18:55:00,,-,"Titan Industries Ltd. has informed the Exchange regarding a press release dated April 30, 2010, titled ""Titan crosses billion dollar mark - Net profit up 59%"". A copy of the press release shall be available on the NSE website (http://www.nseindia.com) under: Corporates > Latest Announcements and on the Extranet Server (/Common/Corporate Announcements).<a href=/content/corporate/titan_pr_30042010.zip target=NEW> For more details click here.</a>",,,Press Release,-,30042010185500,-,-,False,,,,Gems Jewellery And Watches,INE280A01010,Titan Company Limited,2010-04-30 18:55:00,TITAN
30-Apr-2010 18:55:00,,-,Titan Industries Limited has informed the Exchange regarding the consolidated Results for the year ended on 31-MAR-2010 as follows: Net Sales of Rs. 467716 lacs for year ending on 31-MAR-2010 against Rs. 383264 lacs for the year ending on 31-MAR-2009. Net Profit / (Loss) of Rs. 25130 lacs for the year ending on 31-MAR-2010 against Rs. 16392 lacs for the year ending on 31-MAR-2009.,,,"Results Update, Year ended, 31-MAR-2010 (Consolidated)",-,30042010185500,-,-,False,,,,Gems Jewellery And Watches,INE280A01010,Titan Company Limited,2010-04-30 18:55:00,TITAN
30-Apr-2010 18:54:00,,-,Titan Industries Limited has informed the Exchange regarding the standalone Results for the year ended on 31-MAR-2010 as follows: Net Sales of Rs. 467442 lacs for year ending on 31-MAR-2010 against Rs. 380338 lacs for the year ending on 31-MAR-2009. Net Profit / (Loss) of Rs. 25032 lacs for the year ending on 31-MAR-2010 against Rs. 15896 lacs for the year ending on 31-MAR-2009.,,,"Results Update, Year ended, 31-MAR-2010 (Standalone)",-,30042010185400,-,-,False,,,,Gems Jewellery And Watches,INE280A01010,Titan Company Limited,2010-04-30 18:54:00,TITAN
07-Apr-2010 17:07:00,,-,"Titan Industries Ltd. has informed the Exchange that at the Board meeting held on March 29, 2010, the Board of Directors of the Company noted the appointment of Mr. A.R. Rajaram as Head- Legal & Company Secretary and Compliance Officer of the Company effective March 03, 2010.",,,Appointment of Company Secretary and Compliance Officer,-,07042010170700,-,-,False,,,,Gems Jewellery And Watches,INE280A01010,Titan Company Limited,2010-04-07 17:07:00,TITAN
06-Apr-2010 11:34:00,,-,"Titan Industries Ltd. has informed the Exchange that the Register of Debenture holders of the Company shall be closed from April 23, 2010 to May 10, 2010, both days inclusive, for the purposes of determining the eligibility for payment of interest @ 6.75% on the Non-Convertible Debentures to eligible debenture holders, due on May 11, 2010.",,,Book Closure,-,06042010113400,-,-,False,,,,Gems Jewellery And Watches,INE280A01010,Titan Company Limited,2010-04-06 11:34:00,TITAN
10-Mar-2010 19:03:00,,-,"Titan Industries Ltd. has informed the Exchange that the Company will publish Audited Financial Results for the year ending March 31, 2010 within a period of three months of the close of the accounting year i.e., on or before June 30, 2010. The Company will therefore not publish unaudited results for the quarter ending March 31, 2010.",,,Publish Audited Results,-,10032010190300,-,-,False,,,,Gems Jewellery And Watches,INE280A01010,Titan Company Limited,2010-03-10 19:03:00,TITAN
12-Feb-2010 15:03:00,,-,"Titan Industries Ltd. has informed the Exchange that ""In response to the Company's application for voluntary delisting of the equity shares and debentures of the Company from Madras Stock Exchange Ltd, the admission granted to the Company for dealing on that Exchange for the equity shares and debentures has been withdrawn and the name of the Company has been removed from the list of Listed Securities of the Madras Stock Exchange with effect from 08th February 2010.""",,,Voluntary Delisting,-,12022010150300,-,-,False,,,,Gems Jewellery And Watches,INE280A01010,Titan Company Limited,2010-02-12 15:03:00,TITAN
11-Feb-2010 16:06:00,,-,"Titan Industries Ltd. has informed the Exchange that ""CRISIL has upgraded the rating assigned to the Company's long term rating from AA- Stable to AA Stable (pronounced as AA Stable) which indicates high degree of safety of the long term instruments"".",,,Credit Rating,-,11022010160600,-,-,False,,,,Gems Jewellery And Watches,INE280A01010,Titan Company Limited,2010-02-11 16:06:00,TITAN
02-Feb-2010 19:20:00,,-,"Titan Industries Ltd. has informed the Exchange regarding a press release dated January 29, 2010, titled ""Titan Industries Ltd. - triples profit after tax in Q3"". A copy of the press release shall be available on the NSE website (http://www.nseindia.com) under: Corporates > Latest Announcements and on the Extranet Server (/Common/Corporate Announcements).<a href=/content/corporate/titan_pr_02022010.zip target=NEW> For more details click here.</a>",,,Press Release,-,02022010192000,-,-,False,,,,Gems Jewellery And Watches,INE280A01010,Titan Company Limited,2010-02-02 19:20:00,TITAN
29-Jan-2010 19:43:00,,-,"Titan Industries Ltd. has informed the Exchange that ""The Board of Directors of the Company have appointed Mr.Rajeev Ranjan, IAS, Secretary to the Government of Tamilnadu, Industries Department and a nominee of Tamilnadu Industrial Development Corporation Ltd. as Director and Chairman of the Company, in place of Mr. M F Farooqui, with effect from 29th January 2010. Mr. M F Farooqui, IAS, nominee Director, Tamilnadu Industrial Development Corporation Ltd has resigned as Director & Chairman of the Company. The Board of Directors of the Company have also appointed Mr. Sunil Paliwal, IAS, Managing Director, Tamilnadu Industrial Development Corporation Ltd. as a Director of the Company, in place of Mrs. Anita Praveen, with effect from 29th January 2010. Mrs. Anita Praveen, IAS, nominee Director, Tamilnadu Industrial Development Corporation Ltd has resigned as Director of the Company"".",,,Appointment/Resignation,-,29012010194300,-,-,False,,,,Gems Jewellery And Watches,INE280A01010,Titan Company Limited,2010-01-29 19:43:00,TITAN
29-Jan-2010 17:27:00,,-,Titan Industries Ltd. has informed the Exchange regarding the standalone Results for the quarter ended on 31-DEC-2009 as follows: Net Sales of Rs. 133360 lacs for quarter ending on 31-DEC-2009 against Rs. 102381 lacs for the quarter ending on 31-DEC-2008. Net Profit / (Loss) of Rs. 7543 lacs for the quarter ending on 31-DEC-2009 against Rs. 1177 lacs for the quarter ending on 31-DEC-2008.,,,"Results Update, Quarter ended, 31-DEC-2009 (Standalone)",-,29012010172700,-,-,False,,,,Gems Jewellery And Watches,INE280A01010,Titan Company Limited,2010-01-29 17:27:00,TITAN
13-Nov-2009 12:39:00,,-,Titan Industries Ltd. has informed the Exchange regarding Revision in Credit Ratings. The details of the same shall be available on the NSE website   (http://www.nseindia.com) under: Corporates > Latest Announcements and on the Extranet Server (/Common/Corporate Announcements).<a href=/content/corporate/Titan_CR_13112009.zip target=NEW> For more details click here.</a>,,,Credit Rating,-,13112009123900,-,-,False,,,,Gems Jewellery And Watches,INE280A01010,Titan Company Limited,2009-11-13 12:39:00,TITAN
23-Oct-2009 18:10:00,,-,Titan Industries Ltd. has informed the Exchange regarding the standalone Results for the quarter ended on 30-SEP-2009 as follows: Net Sales of Rs. 114680 lacs for quarter ending on 30-SEP-2009 against Rs. 108853 lacs for the quarter ending on 30-SEP-2008. Net Profit / (Loss) of Rs. 7760 lacs for the quarter ending on 30-SEP-2009 against Rs. 8714 lacs for the quarter ending on 30-SEP-2008.,,,"Results Update, Quarter ended, 30-SEP-2009 (Standalone)",-,23102009181000,-,-,False,,,,Gems Jewellery And Watches,INE280A01010,Titan Company Limited,2009-10-23 18:10:00,TITAN
23-Oct-2009 18:09:00,,-,Titan Industries Ltd. has informed the Exchange regarding the standalone Results for the half year ended on 30-SEP-2009 as follows: Net Sales of Rs. 202960 lacs for half year ending on 30-SEP-2009 against Rs. 189884 lacs for the half year ending on 30-SEP-2008. Net Profit / (Loss) of Rs. 12364 lacs for the half year ending on 30-SEP-2009 against Rs. 11936 lacs for the half year ending on 30-SEP-2008.,,,"Results Update, Half Year ended, 30-SEP-2009 (Standalone)",-,23102009180900,-,-,False,,,,Gems Jewellery And Watches,INE280A01010,Titan Company Limited,2009-10-23 18:09:00,TITAN
23-Oct-2009 18:00:00,,-,"Titan Industries Ltd. has informed the Exchange regarding a press release dated October 23, 2009, titled ""Titan Industries Ltd. - 1st Half 2009-Income crosses Rs.2000 Crore and Profit Before Tax to Rs.161 Crore"". A copy of the press release shall be available on the NSE website (http://www.nseindia.com) under: Corporates > Latest Announcements and on the Extranet Server (/Common/Corporate Announcements).<a href=/content/corporate/Titan_PR_23102009.zip target=NEW> For more details click here.</a>",,,Press Release,-,23102009180000,-,-,False,,,,Gems Jewellery And Watches,INE280A01010,Titan Company Limited,2009-10-23 18:00:00,TITAN
04-Sep-2009 18:55:00,,-,"Titan Industries Ltd. has informed the Exchange that the auditors have conducted the limited review for the un-audited financial results for the quarter ended June 30,2009. A copy of the same shall be available on the NSE website (http://www.nseindia.com) under: Corporates > Latest Announcements and on the Extranet Server (/Common/Corporate Announcements).<a href=/content/corporate/Titan_LR_04092009.zip target=NEW> For more details click here.</a>",,,Limited Review Report,-,04092009185500,-,-,False,,,,Gems Jewellery And Watches,INE280A01010,Titan Company Limited,2009-09-04 18:55:00,TITAN
28-Jul-2009 13:06:00,,-,"Titan Industries Ltd. has informed the Exchange regarding the outcome of Annual General Meeting of the Company held on July 27, 2009. The Shareholders accorded their approval to the following business conducted : 1) Adoption of Accounts: The Directors' Report, the Auditor's Report, the Audited Profit and Loss Account and the Audited Balance Sheet for the year ended March 31, 2009 was approved. 2) Payment of Dividend on Equity Shares: The dividend on equity shares for the year ended March 31, 2009 was approved at the rate of 100%, with the dividend being Rs. 10.00 for every equity share, free of tax. 3) Re-appointment of Directors: Mr. Ishaat Hussain, Mr. Nihal Kaviratne and Ms. Vinita Bali, Directors who retired by rotation and eligible for re-appointment, were reappointed as Directors. 4) Appointment of Directors : Mr. V. Parthasarathy, Mrs. Hema Ravichandar, Mr. R.Poornalingam and Mrs. Anita Praveen were appointed as Directors of the Company, and are liable to retire by rotation. 5) Appointment of Statutory Auditors : M/s. Deloitte Haskins & Sells were Appointed as Statutory Auditors of the Company to audit the Accounts of the Company for the Financial Year 2009-10, on a remuneration to be agreed upon by and between the Board of Directors of the Company and the Statutory Auditors.",,,Outcome of AGM,-,28072009130600,-,-,False,,,,Gems Jewellery And Watches,INE280A01010,Titan Company Limited,2009-07-28 13:06:00,TITAN
27-Jul-2009 15:09:00,,-,Titan Industries Ltd. has informed the Exchange regarding the standalone Results for the quarter ended on 30-JUN-2009 as follows: Net Sales of Rs. 88280 lacs for quarter ending on 30-JUN-2009 against Rs. 81031 lacs for the quarter ending on 30-JUN-2008. Net Profit / (Loss) of Rs. 4604 lacs for the quarter ending on 30-JUN-2009 against Rs. 3222 lacs for the quarter ending on 30-JUN-2008.,,,"Standalone Results Update, Quarter ended, 30-JUN-2009",-,27072009150900,-,-,False,,,,Gems Jewellery And Watches,INE280A01010,Titan Company Limited,2009-07-27 15:09:00,TITAN
27-Jul-2009 14:49:00,,-,"Titan Industries Ltd. has informed the Exchange regarding a press release dated July 27, 2009, titled ""QTR I Results 2009-10; Titan Industries Q1 Net profit at Rs.46 crore"". A copy of the press release shall be available on the NSE website (http://www.nseindia.com) under: Corporates > Latest Announcements and on the Extranet Server (/Common/Corporate Announcements).<a href=/content/corporate/TITAN_PR_27072009.zip target=NEW> For more details click here.</a>",,,Press Release,-,27072009144900,-,-,False,,,,Gems Jewellery And Watches,INE280A01010,Titan Company Limited,2009-07-27 14:49:00,TITAN
03-Jun-2009 09:16:00,,-,"Titan Industries Ltd. has informed the Exchange that Ms. Anita Praveen, IAS, Chairperson & Managing Director of Tamilnadu Industrial Development Corporation Ltd (TIDCO) has been appointed as an Additional Director of the Company with effect from June 01, 2009.",,,Appointment of Director,-,03062009091600,-,-,False,,,,Gems Jewellery And Watches,INE280A01010,Titan Company Limited,2009-06-03 09:16:00,TITAN
02-Jun-2009 15:32:00,,-,"Titan Industries Ltd. has informed the Exchange that the Annual General Meeting of the Company is scheduled to be held on July 27, 2009. The Register of Members and Transfer Registers of the Company will be closed from July 14, 2009 to July 27, 2009 (both days inclusive). The aforesaid book closure will be for the purpose of determining eligibility for payment of dividend on equity shares for the year ended March 31, 2009. The dividend on equity shares, if declared at the Annual General Meeting of the Company.",,,AGM/Book Closure,-,02062009153200,-,-,False,,,,Gems Jewellery And Watches,INE280A01010,Titan Company Limited,2009-06-02 15:32:00,TITAN
14-May-2009 18:46:00,,-,"Titan Industries Ltd. has informed the Exchange that ""Mr. S Ramasundaram, IAS nominee Director , Tamilnadu Industrial Development Corporation Ltd has resigned as Director of the Company, with effect from 11th May 2009"".",,,Resignation,-,14052009184600,-,-,False,,,,Gems Jewellery And Watches,INE280A01010,Titan Company Limited,2009-05-14 18:46:00,TITAN
29-Apr-2009 19:07:00,,-,Titan Industries Ltd. has informed the Exchange regarding the standalone Results for the year ended on 31-MAR-2009 as follows: Net Sales of Rs. 380338 lacs for year ending on 31-MAR-2009 against Rs. 304109 lacs for the year ending on 31-MAR-2008. Net Profit / (Loss) of Rs. 15896 lacs for the year ending on 31-MAR-2009 against Rs. 15027 lacs for the year ending on 31-MAR-2008.,,,"Standalone Results Update, Year ended, 31-MAR-2009",-,29042009190700,-,-,False,,,,Gems Jewellery And Watches,INE280A01010,Titan Company Limited,2009-04-29 19:07:00,TITAN
29-Apr-2009 19:06:00,,-,Titan Industries Ltd. has informed the Exchange regarding the consolidated Results for the year ended on 31-MAR-2009 as follows: Net Sales of Rs. 383264 lacs for year ending on 31-MAR-2009 against Rs. 304656 lacs for the year ending on 31-MAR-2008. Net Profit / (Loss) of Rs. 16392 lacs for the year ending on 31-MAR-2009 against Rs. 14756 lacs for the year ending on 31-MAR-2008.,,,"Consolidated Results Update, Year ended, 31-MAR-2009",-,29042009190600,-,-,False,,,,Gems Jewellery And Watches,INE280A01010,Titan Company Limited,2009-04-29 19:06:00,TITAN
29-Apr-2009 17:55:00,,-,"Titan Industries Ltd.has informed the Exchange that the Board of Directors at its meeting held on April 29, 2009 have recommended a dividend on the equity shares of 100% free of tax, viz., Rs.10 per equity share. ( previous year : 80%, free of tax, Rs. 8 per equity share).",,,Dividend,-,29042009175500,-,-,False,,,,Gems Jewellery And Watches,INE280A01010,Titan Company Limited,2009-04-29 17:55:00,TITAN
29-Apr-2009 17:43:00,,-,"Titan Industries Ltd. has informed the Exchange regarding a press release dated April 29, 2009, titled ""Titan Industries grows top line by 27%"". A copy of the press release shall be available on the NSE website   (http://www.nseindia.com) under: Corporates > Latest Announcements and on the Extranet Server (/Common/Corporate Announcements).<a href=/content/corporate/titan_pr_29042009.zip target=NEW> For more details click here.</a>",,,Press Release,-,29042009174300,-,-,False,,,,Gems Jewellery And Watches,INE280A01010,Titan Company Limited,2009-04-29 17:43:00,TITAN
15-Apr-2009 19:22:00,,-,"Titan Industries Ltd. has informed the Exchange that Mr. F K Kavarana, Director of the Company has resigned from the Board of Directors of the Company with effect from March 31, 2009.",,,Resignation,-,15042009192200,-,-,False,,,,Gems Jewellery And Watches,INE280A01010,Titan Company Limited,2009-04-15 19:22:00,TITAN
03-Apr-2009 14:47:00,,-,"Titan Industries Ltd. has informed the Exchange that the Company will publish Audited Financial Results for the year ending March 31, 2009 within a period of three months of the close of the accounting year i.e., on or before June 30, 2009. The Company will therefore not publish unaudited financial results for the fourth quarter of financial year 2008-09.",,,Publish Audited Results,-,03042009144700,-,-,False,,,,Gems Jewellery And Watches,INE280A01010,Titan Company Limited,2009-04-03 14:47:00,TITAN
31-Mar-2009 18:03:00,,-,"Titan Industries Ltd. has informed the Exchange that at the Board Meeting of the Company held on March 30, 2009, the Board has appointed Mr. R. Poornalingam and Mrs. Hema Ravichandar as Independent Directors on the Board of the Company with effect from March 30, 2009.",,,Appointment of Directors,-,31032009180300,-,-,False,,,,Gems Jewellery And Watches,INE280A01010,Titan Company Limited,2009-03-31 18:03:00,TITAN
31-Mar-2009 16:12:00,,-,"Titan Industries Ltd. has informed the Exchange that the Register of Debenture holders of the Company shall be closed from April 24, 2009 to May 08, 2009, both days inclusive, for the purposes of determining the eligibility for payment of interest @ 6.75% on the Non-Convertible Debentures to eligible debenture holders, due on May 11, 2009.",,,Book Closure,-,31032009161200,-,-,False,,,,Gems Jewellery And Watches,INE280A01010,Titan Company Limited,2009-03-31 16:12:00,TITAN
26-Feb-2009 15:42:00,,-,"Titan Industries Ltd. has informed the Exchange that the Company has received order of the High Court, Karnataka in connection with the Scheme of Amalgamation of Company's subsidiary company viz., Titan Holdings Ltd., with the Company. With this, the 'Scheme of Amalgamation' of the three domestic subsidiary Companies, viz., Samrat Holdings Ltd, Questar Investments Ltd and Titan Holdings Ltd (transferor Companies) with Titan Industries Ltd (transferee Company) is complete and implemented.",,,Scheme of Amalgamation,-,26022009154200,-,-,False,,,,Gems Jewellery And Watches,INE280A01010,Titan Company Limited,2009-02-26 15:42:00,TITAN
30-Jan-2009 19:13:00,,-,Titan Industries Ltd. has informed the Exchange regarding the standalone Results for the quarter ended on 31-DEC-2008 as follows: Net Sales of Rs. 102381 lacs for quarter ending on 31-DEC-2008 against Rs. 108853 lacs for the quarter ending on 30-SEP-2008. Net Profit / (Loss) of Rs. 1177 lacs for the quarter ending on 31-DEC-2008 against Rs. 8714 lacs for the quarter ending on 30-SEP-2008.,,,"Standalone Results Update, Quarter ended, 31-DEC-2008",-,30012009191300,-,-,False,,,,Gems Jewellery And Watches,INE280A01010,Titan Company Limited,2009-01-30 19:13:00,TITAN
29-Dec-2008 18:52:00,,-,"Titan Industries Ltd. has informed the Exchange that at the Board Meeting held December 23, 2008, the Board of Directors after discussions and deliberations approved in-principle the proposed Issue of Debentures on Private Placement Basis to Life Insurance Corporation of India aggregating to Rs. 50 crores, but advised on re-negotiation of the terms of the issue of debentures including the coupon rates.",,,Outcome of Board Meeting,-,29122008185200,-,-,False,,,,Gems Jewellery And Watches,INE280A01010,Titan Company Limited,2008-12-29 18:52:00,TITAN
12-Dec-2008 09:52:00,,-,"Titan Industries Ltd. has informed the Exchange that Mr. Kumar Jayant, nominee Director, Tamilnadu Industrial Development Corporation Ltd. (TIDCO) has resigned from the Board of the Company.",,,Resignation,-,12122008095200,-,-,False,,,,Gems Jewellery And Watches,INE280A01010,Titan Company Limited,2008-12-12 09:52:00,TITAN
01-Dec-2008 16:24:00,,-,"Titan Industries Ltd. has informed the Exchange regarding the Postal Ballot Results, wherein the Special Resolutions under Section 17 of the Companies Act, 1956 for alteration of the Objects Clause of the Memorandum of Association of the Company read with Section 149 (2A) of the Companies Act, 1956 for commencement of the new businesses has been passed with the requisite majority. The details of the result of  Postal Ballot shall be available on the NSE website (http://www.nseindia.com) under: Corporates > Latest Announcements and on the Extranet Server (/Common/Corporate Announcements).<a href=/content/corporate/Titan_ResPB_01122008.zip target=NEW> For more details click here.</a>",,,Results of Postal Ballot,-,01122008162400,-,-,False,,,,Gems Jewellery And Watches,INE280A01010,Titan Company Limited,2008-12-01 16:24:00,TITAN
06-Nov-2008 17:24:00,,-,"Titan Industries Ltd. has informed the Exchange that ""At the Board Meeting of the Company held on 20th October 2008, the Board has appointed Mr. V. Parthasarathy, Senior General Manager- Finance, Tamilnadu Industries Development Corporation Ltd (TIDCO) as a Director in the Board in the casual vacancy caused by the resignation of Mr. S Susai, nominee Director, TIDCO, with effect from 20th October 2008.",,,Appointment/Resignation,-,06112008172400,-,-,False,,,,Gems Jewellery And Watches,INE280A01010,Titan Company Limited,2008-11-06 17:24:00,TITAN
04-Nov-2008 14:59:00,,-,"Titan Industries Ltd. has submitted to the Exchange a copy of the minutes of the Annual General Meeting of the Company held on July 31, 2008. A copy of the same shall be available on the NSE website (http://www.nseindia.com) under: Corporates > Latest Announcements and on the Extranet Server (/Common/Corporate Announcements).<a href=/content/corporate/titan_MINAGM_04112008.zip target=NEW> For more details click here.</a>",,,Minutes of AGM,-,04112008145900,-,-,False,,,,Gems Jewellery And Watches,INE280A01010,Titan Company Limited,2008-11-04 14:59:00,TITAN
31-Oct-2008 10:26:00,,-,"Titan Industries Ltd. had informed the Exchange that: ""Our Company proposes to alter its main objects clause to include other product categories in the personal accessory space (thus leveraging our brands) and further amend its 'Other Objects Clause' to include real estate development activities through a postal ballot"". The Company has now informed the Exchange that: ""We wish to clarify that the alteration relating to real estate /property development is to facilitate the activities presently being carried on, by our subsidiary 'Titan Properties Limited' and to carry out these development activities at our township at Hosur as a community development initiative in the proximity of our factory at Hosur. These developmental activities were carried out by our subsidiary company Titan Properties Ltd. This amendment is to enable undertaking these activities/ carrying on the projects, post merger of Titan Properties Ltd with Titan Industries Ltd. which is proposed in the medium term. These projects would be incidental to our main businesses and would be self-financing. We are not into realty / developmental activities in real estate business as a commercial project. This is released to clarify the doubts expressed by few stakeholders, relating to the amendment of objects clause of Memorandum and Articles of Association"".",,,Updates,-,31102008102600,-,-,False,,,,Gems Jewellery And Watches,INE280A01010,Titan Company Limited,2008-10-31 10:26:00,TITAN
29-Oct-2008 13:16:00,,-,"Titan Industries Ltd. has informed the Exchange that pursuant to section 192A of the Companies Act, 1956, read with the Companies (Passing of the resolution by postal ballot) Rules 2001, consent of the Members under Section 17 of the Companies Act, 1956, is to be obtained by means of voting by postal ballot. It is proposed to pass a Special Resolution under Section 17 of the Companies Act, for alteration of Object Clause of the Memorandum of Association of the Company and under Section 149 (2A) of the Companies Act, 1956 for commencement of new businesses, i.e. Personal Accessories such as Apparels, Bags, Belts, Caps, Helmets, Headwear, Wallets, Fragrances, Perfumes, Writing Instruments, Mobile Phones and related services and other personal & life-style accessories and business of real estate, property development etc., in relation to the activities / operations that the Company may have to engage in primarily for its township development at Hosur and also for construction of houses, sale of land, plots and such other incidental activities, by Postal Ballot. The Board of Directors of the Company have accorded their approval for the amendment of the Memorandum of Association for commencement of the new businesses and Shareholders approval is now sought by Postal Ballot. The Board of Directors of the Company have appointed Mr. P.N. Parikh of M/s. Parikh & Associates, Company Secretaries in whole-time practice to act as Scrutinizers to conduct the Postal Ballot in a fair and transparent manner. Duly Completed postal ballot form should reach the scrutinizer on or before the close of working hours on November 24, 2008. The scrutinizer will submit his report to the chairman after completion of the scrutiny and the results of the voting by postal ballot will be announced on November 28, 2008. A copy of the notice of postal ballot shall be available on the NSE website (http://www.nseindia.com) under Corporates > Latest Announcements and on the Extranet Server (/Common/Corporate Announcements).<a href=/content/corporate/TITAN_PB_29102008.zip target=NEW> For more details click here.</a>",,,Postal Ballot,-,29102008131600,-,-,False,,,,Gems Jewellery And Watches,INE280A01010,Titan Company Limited,2008-10-29 13:16:00,TITAN
20-Oct-2008 16:32:00,,-,Titan Industries Ltd. has informed the Exchange regarding the standalone Results for the half year ended on 30-SEP-2008 as follows: Net Sales of Rs. 189884 lacs for half year ending on 30-SEP-2008 against Rs. 139170 lacs for the half year ending on 30-SEP-2007. Net Profit / (Loss) of Rs. 11936 lacs for the half year ending on 30-SEP-2008 against Rs. 5894 lacs for the half year ending on 30-SEP-2007.,,,"Standalone Results Update, Half Yearly ended, 30-SEP-2008",-,20102008163200,-,-,False,,,,Gems Jewellery And Watches,INE280A01010,Titan Company Limited,2008-10-20 16:32:00,TITAN
20-Oct-2008 16:28:00,,-,Titan Industries Ltd. has informed the Exchange regarding the standalone Results for the quarter ended on 30-SEP-2008 as follows: Net Sales of Rs. 108853 lacs for quarter ending on 30-SEP-2008 against Rs. 72511 lacs for the quarter ending on 30-SEP-2007. Net Profit / (Loss) of Rs. 8714 lacs for the quarter ending on 30-SEP-2008 against Rs. 4630 lacs for the quarter ending on 30-SEP-2007.,,,"Standalone Results Update, Quarter ended, 30-SEP-2008",-,20102008162800,-,-,False,,,,Gems Jewellery And Watches,INE280A01010,Titan Company Limited,2008-10-20 16:28:00,TITAN
06-Oct-2008 11:48:00,,-,"Titan Industries Ltd. has informed the Exchange that the Scheme of Amalgamation of the subsidiary Companies viz., Samrat Holdings Ltd and Questar Investments Ltd with the Company has been approved by the High Court, Bombay.",,,Scheme of Amalgamation,-,06102008114800,-,-,False,,,,Gems Jewellery And Watches,INE280A01010,Titan Company Limited,2008-10-06 11:48:00,TITAN
01-Aug-2008 12:21:00,,-,"Titan Industries Ltd. has informed the Exchange regarding the outcome of Annual General Meeting of the Company held on July 31, 2008. The details of the same shall be available on the NSE website (http://www.nseindia.com) under: Corporates > Latest Announcements and on the Extranet Server (/Common/Corporate Announcements). <a href=/content/corporate/Titan_OutcomeAGM_01082008.zip target=NEW> For more details click here.</a>",,,Outcome of AGM,-,01082008122100,-,-,False,,,,Gems Jewellery And Watches,INE280A01010,Titan Company Limited,2008-08-01 12:21:00,TITAN
31-Jul-2008 14:26:00,,-,"Titan Industries Ltd. has informed the Exchange regarding a press release dated July 31, 2008, titled ""First Quarter Performance - Titan Industries Income grows by 23%"". A copy of the press release shall be available on the NSE website   (http://www.nseindia.com) under: Corporates > Latest Announcements and on the Extranet Server (/Common/Corporate Announcements).<a href=/content/corporate/Titan_PR_31072008.zip target=NEW> For more details click here.</a>",,,Press Release,-,31072008142600,-,-,False,,,,Gems Jewellery And Watches,INE280A01010,Titan Company Limited,2008-07-31 14:26:00,TITAN
31-Jul-2008 14:18:00,,-,Titan Industries Ltd. has informed the Exchange regarding the standalone Results for the quarter ended on 30-JUN-2008 as follows: Net Sales of Rs. 81031 lacs for quarter ending on 30-JUN-2008 against Rs. 66659 lacs for the quarter ending on 30-JUN-2007. Net Profit / (Loss) of Rs. 3222 lacs for the quarter ending on 30-JUN-2008 against Rs. 1264 lacs for the quarter ending on 30-JUN-2007.,,,"Standalone Results Update, Quarter ended, 30-JUN-2008",-,31072008141800,-,-,False,,,,Gems Jewellery And Watches,INE280A01010,Titan Company Limited,2008-07-31 14:18:00,TITAN
16-Jul-2008 11:02:00,,-,"Titan Industries Ltd. has informed the Exchange that: ""The Company launched its third major line of consumer business Optical Eye - wear under the name and style of 'Titan Eye+' after Watches & Jewellery, in April 2007, with its first store at Bangalore.Titan Eye + is the retail chain of stores in the Prescription Eyewear Business having product offering of frames, lenses, (including contact lenses) and allied optical services like eye check up. The product offering besides frames of Titan, Titan Eye+ and Dash brands, also includes a number of licensed brands in the fashion and high-end segment of eyewear &sunglasses.The Company is now launching the national roll out of Titan Eye+, the Company's foray into the eyewear segment. The youngest and fastest growing exclusive eyewear chain, will continue to pursue an unprecedented expansion plan and shall set up over 200 stores in the next 3 years"".",,,Updates,-,16072008110200,-,-,False,,,,Gems Jewellery And Watches,INE280A01010,Titan Company Limited,2008-07-16 11:02:00,TITAN
05-Jun-2008 17:01:00,,-,"Titan Industries Ltd. has informed the Exchange that the Annual General Meeting of the Company is scheduled to be held on July 31, 2008. The Register of Members and Transfer Registers of the Company will be closed from July 17, 2008 to July 31, 2008 (both days inclusive). The aforesaid book closure will be for the purpose of determining eligibility for payment of dividend on equity shares for the year ended March 31, 2008.",,,AGM/Book Closure,-,05062008170100,-,-,False,,,,Gems Jewellery And Watches,INE280A01010,Titan Company Limited,2008-06-05 17:01:00,TITAN
25-Apr-2008 15:28:00,,-,"Titan Industries Ltd. has informed the Exchange regarding a press release dated April 25, 2008, titled ""Titan Industries: Turnover Crosses Rs.3000 Crore Mark"". A copy of the press release shall be available on the NSE website   (http://www.nseindia.com) under: Corporates > Latest Announcements and on the Extranet Server (/Common/Corporate Announcements).<a href=/content/corporate/Titan_Pr_25042008.zip target=NEW> For more details click here.</a>",,,Press Release,-,25042008152800,-,-,False,,,,Gems Jewellery And Watches,INE280A01010,Titan Company Limited,2008-04-25 15:28:00,TITAN
25-Apr-2008 15:16:00,,-,"Titan Industries Ltd. has informed the Exchange that the Board of Directors of the Company at its meeting held on April 25, 2008 have recommended a dividend on the equity shares of 80% free of tax. (previous year: 50%, free of tax).",,,Dividend,-,25042008151600,-,-,False,,,,Gems Jewellery And Watches,INE280A01010,Titan Company Limited,2008-04-25 15:16:00,TITAN
25-Apr-2008 15:15:00,,-,Titan Industries Ltd. has informed the Exchange regarding the standalone Results for the year ended on 31-MAR-2008 as follows: Net Sales of Rs. 304109 lacs for year ending on 31-MAR-2008 against Rs. 213646 lacs for the year ending on 31-MAR-2007. Net Profit / (Loss) of Rs. 15027 lacs for the year ending on 31-MAR-2008 against Rs. 9413 lacs for the year ending on 31-MAR-2007.,,,"Standalone Results Update, Year ended, 31-MAR-2008",-,25042008151500,-,-,False,,,,Gems Jewellery And Watches,INE280A01010,Titan Company Limited,2008-04-25 15:15:00,TITAN
25-Apr-2008 15:14:00,,-,Titan Industries Ltd. has informed the Exchange regarding the consolidated Results for the year ended on 31-MAR-2008 as follows: Net Sales of Rs. 304656 lacs for year ending on 31-MAR-2008 against Rs. 213687 lacs for the year ending on 31-MAR-2007. Net Profit / (Loss) of Rs. 14756 lacs for the year ending on 31-MAR-2008 against Rs. 9986 lacs for the year ending on 31-MAR-2007.,,,"Consolidated Results Update, Year ended, 31-MAR-2008",-,25042008151400,-,-,False,,,,Gems Jewellery And Watches,INE280A01010,Titan Company Limited,2008-04-25 15:14:00,TITAN
31-Mar-2008 17:53:00,,-,"Titan Industries Ltd. has informed the Exchange that the Register of Debenture holders of the Company shall be closed from April 25, 2008 to May 09, 2008, both days inclusive, for the purposes of determining the eligibility for payment of interest @ 6.75% on the Non-Convertible Debentures to eligible debenture holders, due on May 11, 2008.",,,Book Closure,-,31032008175300,-,-,False,,,,Gems Jewellery And Watches,INE280A01010,Titan Company Limited,2008-03-31 17:53:00,TITAN
11-Mar-2008 17:28:00,,-,"Titan Industries Ltd. has informed the Exchange that: ""Our Company will publish audited financial results for the year ending 31st March 2008 within a period of three months of the close of the accounting year i.e on or before 30th June 2008. Our Company will therefore not publish unaudited results for the quarter ended 31st March 2008"".",,,Publish Audited Results,-,11032008172800,-,-,False,,,,Gems Jewellery And Watches,INE280A01010,Titan Company Limited,2008-03-11 17:28:00,TITAN
21-Jan-2008 18:12:00,,-,"Titan Industries Ltd. has informed the Exchange Vide its letter dated January 21, 2008 that ""At the Board Meeting of the Company held today, the Board of Directors of the Company have approved the proposal for buy-out of the minority interest in the three domestic Companies, viz., Samrat Holdings Ltd. Questar Investments Ltd and Titan Holdings Ltd (transferor companies) based on further negotiations with the minority for higher valuation of these companies. Accordingly, the Board has approved the buy-out of the minority interest, in lie of the swap ratio in exchange of shares for the consideration in these companies, at an aggregate value not exceeding Rs.21.90 crores, exclusive of stamp duty and other charges, as may be applicable. The proposal for the swap ratio for exchange of shares in the transferee Company (Titan Industries Ltd) based on the revised valuations was considered and in the light of the total purchase of minority interest in these companies, the proposal has now become redundant"".",,,Merger,-,21012008181200,-,-,False,,,,Gems Jewellery And Watches,INE280A01010,Titan Company Limited,2008-01-21 18:12:00,TITAN
21-Jan-2008 17:23:00,,-,Titan Industries Ltd. has informed the Exchange regarding the standalone Results for the quarter ended on 31-DEC-2007 as follows: Net Sales of Rs. 81345 lacs for quarter ending on 31-DEC-2007 against Rs. 54221 lacs for the quarter ending on 31-DEC-2006. Net Profit / (Loss) of Rs. 3084 lacs for the quarter ending on 31-DEC-2007 against Rs. 2754 lacs for the quarter ending on 31-DEC-2006.,,,"Standalone Results Update, Quarter ended, 31-DEC-2007",-,21012008172300,-,-,False,,,,Gems Jewellery And Watches,INE280A01010,Titan Company Limited,2008-01-21 17:23:00,TITAN
07-Dec-2007 17:00:00,,-,"Titan Industries Ltd. has informed the Exchange that ""The Board of Directors of the Company have appointed Mr. M F Farooqui, IAS, Secretary to the Government of Tamilnadu, Industries Department and a nominee of Tamilnadu Industrial Development Corporation Ltd, as a Director and Chairman of the Company, in place of Mr. Shaktikanta Das, with effect from 5th December 2007. Mr. Shaktikanta Das, IAS, nominee Director, Tamilnadu Industrial Development Corporation Ltd has resigned as Director & Chairman of the Company"".",,,Appointment,-,07122007170000,-,-,False,,,,Gems Jewellery And Watches,INE280A01010,Titan Company Limited,2007-12-07 17:00:00,TITAN
29-Oct-2007 17:45:00,,-,"Titan Industries Ltd. has informed the Exchange that at the Board Meeting of the Company held on October 29, 2007, the Board has appointed Mr. Kumar Jayant, IAS, nominee Director, Tamilnadu Industrial Development Corporation Ltd as an Additional Director in the Board of the Company with effect from October 29, 2007. Further, Mr. Sunil Paliwal, IAS, nominee Director, Tamilnadu Industrial Development Corporation Ltd has resigned as Director of the Company.",,,Appointment/Resignation,-,29102007174500,-,-,False,,,,Gems Jewellery And Watches,INE280A01010,Titan Company Limited,2007-10-29 17:45:00,TITAN
29-Oct-2007 16:45:00,,-,Titan Industries Ltd. has informed the Exchange regarding the standalone Results for the quarter ended on 30-SEP-2007 as follows: Net Sales of Rs. 72511 lacs for quarter ending on 30-SEP-2007 against Rs. 53851 lacs for the quarter ending on 30-SEP-2006. Net Profit / (Loss) of Rs. 4630 lacs for the quarter ending on 30-SEP-2007 against Rs. 3218 lacs for the quarter ending on 30-SEP-2006.,,,"Standalone Results Update, Quarter ended, 30-SEP-2007",-,29102007164500,-,-,False,,,,Gems Jewellery And Watches,INE280A01010,Titan Company Limited,2007-10-29 16:45:00,TITAN
23-Oct-2007 17:24:00,,-,"Titan Industries Ltd. has informed the Exchange that: ""CRISIL Ltd has upgraded its rating of the Company's Non-Convertible Debentures (NCD) issued by the Company in May 2006. The present rating awarded to the NCD is 'AA- / Stable' (pronounced ""Double A minus rating with Stable outlook"") from 'A+ / Stable' (pronounced ""A plus rating with Stable outlook""). The revised  rating indicates high degree of safety with regard to timely payment of interest and principal amount of the instrument.""",,,Miscellaneous,-,23102007172400,-,-,False,,,,Gems Jewellery And Watches,INE280A01010,Titan Company Limited,2007-10-23 17:24:00,TITAN
09-Oct-2007 18:52:00,,-,"Titan Industries Ltd. has submitted to the Exchange a copy of the minutes of the Annual General Meeting of the Company held on July 27, 2007. A copy of the same shall be available on the NSE website   (http://www.nseindia.com) under: Corporates > Latest Announcements and on the Extranet Server (/Common/Corporate Announcements).<a href=/content/corporate/TitanIndustries_MinutesAGM.zip target=NEW> For more details click here.</a>",,,Minutes of AGM,-,09102007185200,-,-,False,,,,Gems Jewellery And Watches,INE280A01010,Titan Company Limited,2007-10-09 18:52:00,TITAN
19-Sep-2007 16:30:00,,-,"Titan Industries Ltd. has informed the Exchange that: ""The Company pursuant to an agreement with MGI Luxury Asia Pacific Ltd. (Subsidiary of MOVADO group inc and the Licensee of the Hugo Boss brand of watches), has entered into an arrangement for exclusive marketing cum distribution of Hugo Boss watches in India and is launching the first collection of Hugo Boss watches at the international Watch exhibition at Mumbai, today. Hugo Boss is one of the most widely known international brands and Titan industries Ltd shall be the sole and exclusive distributor for the Hugo Boss Watches in India. The Boss Black collection, comprising watches for both men and women, would be marketed in India from this month onwards with a price range between Rs.13,495.00 and Rs.49,995.00. The watches would be available at a number of high-end multi-branded watch stores and well-known department stores like Shoppers Stop and Lifestyle, and at select World of Titan showrooms across the Country. One of the World's premier watchmakers, Movado Group, Inc. designs, manufactures and distributes watches in the high-end segment with respected brand names viz., Movado, Ebel , Concord and ESQ SWISS along with coach, HUGO BOSS, Juicy Couture, Lacoste and Tommy Hilfiger etc.""",,,Miscellaneous,-,19092007163000,-,-,False,,,,Gems Jewellery And Watches,INE280A01010,Titan Company Limited,2007-09-19 16:30:00,TITAN
30-Jul-2007 09:47:00,,-,"Titan Industries Ltd. has informed the Exchange that the Annual General Meeting of the Company was held on Friday, July 27, 2007. The Shareholders accorded their approval to the following business conducted: 1) Payment of Dividend on Equity Shares: The dividend on equity shares for the year ended 31st March 2007 was approved at the rate of 50%, with the dividend being Rs. 5.00 for every share, free of tax. 2) Payment of Interim Dividend as final dividend on Preference Shares : The interim dividend paid on Redeemable Cumulative Preference Shares for the year ended 31st March 2007 was approved as final preference dividend. 3) Re-appointment of Directors : Mr. Ishaat Hussian, Mr. F K Kavarana and Mr. S. Susai, Directors who retired by rotation and eligible for re-appointment, were reappointed Directors. 5) Appointment of Directors : Mr. Nihal Kaviratne, Ms. Vinita Bali and Mr. Sunil Paliwal were appointed as Directors, liable to retire by rotation. 6) Re-appointment of Managing Director : Mr. Bhaskar Bhat was re-appointed as Managing Director of the Company for a further period of 5 years from 1st April 2007 to 31st March 2012. 7) Re-appointment of Statutory Auditors : M/s. A Ferguson & Co., were re-appointed as Statutory Auditors of the Company to audit the Accounts of the Company for the Financial Year 2007-08"".",,,Outcome of AGM,-,30072007094700,-,-,False,,,,Gems Jewellery And Watches,INE280A01010,Titan Company Limited,2007-07-30 09:47:00,TITAN
28-Jul-2007 12:27:00,,-,"Titan Industries Ltd. has informed the Exchange on July 27, 2007 that : ""The Board of Directors of the Company based on the valuation of the 3 transferor Companies viz., Samrat Holdings Ltd, Questar Investments Ltd and Titan Holdings Ltd and the Transferee Company, Titan Industries Ltd, approved the buy-out of the minority interests in the 3 Transferor Companies in lieu of issue of shares of Titan Industries Ltd, involving an outlay of about Rs 13 crores and an additional outlay of about Rs. 4.50 crores to other Associate Companies of Titan Industries Ltd holding shares in the transferor Companies, which Associate Companies would consequently become 100% subsidiaries of Titan Industries Ltd. The scheme of merger was approved with the foregoing modifications and further subject to required consents and approvals including approvals from regulatory authorities / courts of relevant jurisdictions"".",,,Restructuring,-,28072007122700,-,-,False,,,,Gems Jewellery And Watches,INE280A01010,Titan Company Limited,2007-07-28 12:27:00,TITAN
27-Jul-2007 14:27:00,,-,Titan Industries Ltd. has informed the Exchange regarding the standalone Results for the quarter ended on 30-JUN-2007 as follows: Net Sales of Rs. 66659 lacs for quarter ending on 30-JUN-2007 against Rs. 44992 lacs for the quarter ending on 30-JUN-2006. Net Profit / (Loss) of Rs. 1264 lacs for the quarter ending on 30-JUN-2007 against Rs. 409 lacs for the quarter ending on 30-JUN-2006.,,,"Standalone Results Update, Quarter ended, 30-JUN-2007",-,27072007142700,-,-,False,,,,Gems Jewellery And Watches,INE280A01010,Titan Company Limited,2007-07-27 14:27:00,TITAN
30-May-2007 11:54:00,,-,"Titan Industries Ltd. has informed the Exchange that the Annual General Meeting of the Company is scheduled to be held on July 27, 2007.  The Register of Members and Transfer Registers of the Company will be closed from July 13, 2007 to July 27, 2007 (both days inclusive). The aforesaid book closure will be for the purpose of determining eligibility for payment of dividend on equity shares for the year ended March 31, 2007.",,,AGM/Book Closure,-,30052007115400,-,-,False,,,,Gems Jewellery And Watches,INE280A01010,Titan Company Limited,2007-05-30 11:54:00,TITAN
21-Apr-2007 18:15:00,,-,"Titan Industries Ltd. has informed the Exchange that the Board of Directors of the Company at its meeting held on April 21, 2007 have recommended a dividend on the equity shares of 50% free of tax (previous year: 30%, free of tax).",,,Dividend,-,21042007181500,-,-,False,,,,Gems Jewellery And Watches,INE280A01010,Titan Company Limited,2007-04-21 18:15:00,TITAN
04-Apr-2007 10:39:00,,-,"Titan Industries Ltd. has informed the Exchange that: ""The Register of Debenture holders of the Company shall be closed from Tuesday, 24th April, 2007 to Friday, 11th May, 2007, both  days inclusive, for the purpose of determining the eligibility for payment of interest @ 6.75%  on the Non-Convertible Debentures to eligible debenture holders due on 11th May 2007"".",,,Book Closure,-,04042007103900,-,-,False,,,,Gems Jewellery And Watches,INE280A01010,Titan Company Limited,2007-04-04 10:39:00,TITAN
30-Mar-2007 16:07:00,,-,"Titan Industries Ltd. has informed the Exchange that: ""Titan Industries Ltd, which is mainly in the watch and jewellery business, shall launch its third new business, 'Optical Eye-wear' under the name and style of Titan Eye+ on 4th April 2007 at Bangalore. This business shall leverage the Titan brand to a new category i.e. Prescription eye-wear. Titan Eye+ is the retail chain in the business of sales and service of prescription eye-wear offering allied optical services like eye check up, and product offerings of frames, lenses, contact lenses, etc. The product offering shall also include its own brands in the fashion eye-wear category besides licensed brands. This augurs well for the Company' as the Company is entering a largely untapped and unbranded market with a leading brand in the lifestyle and personal accessory space. The business has immense potential for growth of the Company's topline and bottomline with the Company plans to open about 150 stores in the medium term"".",,,Miscellaneous,-,30032007160700,-,-,False,,,,Gems Jewellery And Watches,INE280A01010,Titan Company Limited,2007-03-30 16:07:00,TITAN
05-Mar-2007 09:50:00,,-,"Titan Industries Ltd. has informed the Exchange that: ""Mr. Sunil Paliwal, IAS, Executive Director, Tamilnadu Industrial Development Corporation Ltd (TIDCO) has been inducted as an Additional Director in the Board of the Company with effect from 26th February 2007. Mr. T S Surendranath, nominee Director of TIDCO has resigned from the Board of the Company"".",,,Appointment,-,05032007095000,-,-,False,,,,Gems Jewellery And Watches,INE280A01010,Titan Company Limited,2007-03-05 09:50:00,TITAN
25-Jan-2007 17:53:00,,-,"Titan Industries Ltd. has informed the Exchange that at the Board Meeting held on January 25,2007 the proposal to merge three associate domestic companies viz., Samrat Holdings Ltd, Titan Holdings Ltd and Questar Investments Ltd (transferor companies) with Titan Industries Ltd (transferee company) was approved, subject to required statutory, shareholders and creditors consents. This would result in an issue (of about 1,60,000 equity shares) to the minority shareholders of the merging companies; the extinction of investments of about Rs. 23 crores; and receipt of cash / cash equivalent, assets of over Rs. 45 crores from the transferor companies. This would result in issue of additional equity share capital not exceeding 0.50% of the current issued and paid up equity share capital of the Company. The Board has also fixed the appointed date for the merger as 1st April 2007.",,,Merger,-,25012007175300,-,-,False,,,,Gems Jewellery And Watches,INE280A01010,Titan Company Limited,2007-01-25 17:53:00,TITAN
16-Jan-2007 18:41:00,,-,"Titan Industries Ltd. has informed the Exchange that: ""Our Company had obtained the following credit rating for the Non-Convertible portion of the Partly Convertible Debentures (PCD) issued by the Company. ""LA"" (pronounced L A) indicating adequate-credit-quality rating assigned by ICRA. We had disclosed the same to you pursuant to the provisions of the Listing Agreements. ICRA Ltd has informed us now that they have upgraded the long term rating of the Non-Convertible Debentures (NCD) issued by the Company from LA to LA1+ (pronounced L A Plus) indicating adequate-credit-quality rating assigned by ICRA vide their letter ref no. ICRA : BLR : 2006-07 / RT / 031 dated 8 January 2007"".",,,Credit Rating,-,16012007184100,-,-,False,,,,Gems Jewellery And Watches,INE280A01010,Titan Company Limited,2007-01-16 18:41:00,TITAN
05-Jan-2007 14:02:00,,-,"Titan Industries Ltd. has informed the Exchange that: ""Pursuant to Section 192A of the Companies Act, 1956, read with the Companies (passing of the resolution by postal ballot) Rules, 2001, approval of the shareholders was sought by Postal Ballot for a Special Resolution for amendment of the Objects Clause of the Memorandum of Association of the Company for the commencement of the proposed new business 'Eyewear including Prescription Eyewear' by the Company as specified in the Notice dated 11th November 2006 read with the Explanatory Statement attached thereto. The last date for receipt of the postal ballot forms, duly completed by the shareholders, was 26th December, 2006. The Scrutinizer appointed by the Board for the conduct of the Postal Ballot has submitted his report on the Postal Ballot which is as under : 1) Votes in favour:- Ballots - 3251, Votes - 28159195, % - 99.99; 2) Votes against:- Ballots - 34, Votes - 3508, % - 0.01; Total valid votes:- Ballots - 3285, Votes - 28162703, % - 100.00. A total of 38,972 votes polled are invalid votes. Accordingly, the Special Resolution under Section 17 of the Companies Act, 1956 for alteration of the Objects Clause of the Memorandum of Association of the Company read with Section 149(2A) of the Companies Act, 1956 for commencement of new business has been passed with the requisite majority"".",,,Results of Postal Ballot,-,05012007140200,-,-,False,,,,Gems Jewellery And Watches,INE280A01010,Titan Company Limited,2007-01-05 14:02:00,TITAN
03-Jan-2007 17:27:00,,-,"Titan Industries Ltd. has informed the Exchange that ""Our Company has obtained the following credit ratings for the Non-Convertible portions of the Partly Convertible Debentures (PCD) issued by the Company (i) ""A/Stable"" (pronounced ""A rating with Stable outlook"" indicating adequate degree of safety with regard to timely payment of interest and principal on the instrument - assigned by CRISIL Ltd. (ii) ""LA"" (pronounced L A) indicating adequate-credit rating assigned by ICRA. CRISIL Ltd has informed the Company that they have upgraded the long term rating of the Non-Convertible Debentures (NCD) issued by the Company from A (stable) to A+ (stable).""",,,Credit Rating,-,03012007172700,-,-,False,,,,Gems Jewellery And Watches,INE280A01010,Titan Company Limited,2007-01-03 17:27:00,TITAN
27-Nov-2006 11:30:00,,-,"Titan Industries Ltd. has informed the Exchange that the Company has dispatched to the Shareholders a Notice containing a Special Resolution proposed to be passed under Section 17 of the Companies Act, 1956, for alteration of Objects Clause of the Memorandum of Association of the Company and under Section 149 (2A) of the Companies Act, 1956 for Commencement of new business, i.e. Eyewear including Prescription Eyewear, along with the reasons for passing of the said resolutions through Postal Ballot. The Board of Directors of the Company have accorded their approval for the amendment of the Memorandum of Association for commencement of the new business and the Shareholders approval is now sought by  Postal Ballot. The Board of Directors of the Company have appointed Mr. P N Parikh of M/s Parikh & Associates, Company Secretaries in whole-time practice to act as Scrutinizers to conduct the Postal Ballot in a fair and transparent manner. The results of the Postal Ballot shall be announced on or before January 05,2007.",,,Postal Ballot,-,27112006113000,-,-,False,,,,Gems Jewellery And Watches,INE280A01010,Titan Company Limited,2006-11-27 11:30:00,TITAN
26-Oct-2006 18:11:00,,-,"Titan Industries Ltd. has submitted to the Exchange a copy of the Minutes of AGM of the Company held on August 21,2006. The details of the same shall be available on the NSE website (http://www.nseindia.com) under: Corporates > Latest Announcements and on the Extranet Server (/Common/Corporate Announcements).<a href=/content/corporate/Titan_261006.zip target=NEW> For more details click here.</a>",,,Minutes of AGM,-,26102006181100,-,-,False,,,,Gems Jewellery And Watches,INE280A01010,Titan Company Limited,2006-10-26 18:11:00,TITAN
19-Oct-2006 11:54:00,,-,"Titan Industries Ltd. has informed the Exchange that Mr. A. C. Mukherji, Independent Director, and Chairman, Board Audit Committee has resigned from the Board of Directors of the Company with effect from October 19, 2006.",,,Resignation,-,19102006115400,-,-,False,,,,Gems Jewellery And Watches,INE280A01010,Titan Company Limited,2006-10-19 11:54:00,TITAN
18-Oct-2006 17:59:00,,-,"Titan Industries Ltd. has informed the Exchange that at the Board Meeting of the company held on October 18, 2006, the Board has appointed Ms. Vinita Bali, Independent Director, as an Additional Director in the Board of the Titan Industries Ltd. with effect from October 18, 2006.",,,Appointment of Directors,-,18102006175900,-,-,False,,,,Gems Jewellery And Watches,INE280A01010,Titan Company Limited,2006-10-18 17:59:00,TITAN
03-Oct-2006 12:49:00,,-,"Titan Industries Ltd. has informed the Exchange that Mr. Nihal Kaviratne, Independent Director has been inducted as an Additional Director in the Board of the Company with effect from September 28,2006.",,,Appointment,-,03102006124900,-,-,False,,,,Gems Jewellery And Watches,INE280A01010,Titan Company Limited,2006-10-03 12:49:00,TITAN
21-Jun-2006 00:00:00,,-,"Titan Industries Ltd. has informed the Exchange that Fidelity International Limited has acquired 120,468 shares aggregating to 0.27% of the total share capital of Titan Industries Ltd. on June 13, 2006. The mode of acquisition is through Open Market and the shareholding of Fidelity International Limited after the said acquisition is 2,227,352 shares aggregating to 5.02% of the total share capital of Titan Industries Ltd..",,,"Reg.7(3) of SEBI (Substantial Acq of shares &Takeovers),1997",-,21062006000000,-,-,False,,,,Gems Jewellery And Watches,INE280A01010,Titan Company Limited,2006-06-21 00:00:00,TITAN
15-Jun-2006 00:00:00,,-,"Fidelity International has informed the Exchange that Funds under the management of FMR Corp and its direct and indirect subsidiaries and Fidelity International Limited and its direct and indirect subsidiaries has acquired 120,468 shares aggregating to 0.27% of the total share capital of Titan Industries Ltd. on June 13, 2006. The mode of acquisition is through Open Market and the shareholding of Funds under the management of FMR Corp and its direct and indirect subsidiaries and Fidelity International Limited and its direct and indirect subsidiaries after the said acquisition is 2,227,352 shares aggregating to 5.02% of the total share capital of Titan Industries Ltd.. The details of the same shall be available on the NSE website (http://www.nseindia.com) under: Corporates > Latest Announcements and on the Extranet Server (/Common/Corporate Announcements).",,,Disc under Reg Subs Acq &Takeover & SEBI Insider Trading Reg,-,15062006000000,-,-,False,,,,Gems Jewellery And Watches,INE280A01010,Titan Company Limited,2006-06-15 00:00:00,TITAN
13-Jun-2006 00:00:00,,-,"Titan Industries Ltd. has informed the Exchange that the Register of Members and Transfer Registers of the Company will be closed from August 08,2006 to August 21,2006 (both days inclusive). The aforesaid book closure will be for the purpose of determining eligibility for payment of dividend on equity shares for the year ended March 31,2006. Further, the AGM of the Company is scheduled to be held on August 21,2006.",,,AGM/Book Closure,-,13062006000000,-,-,False,,,,Gems Jewellery And Watches,INE280A01010,Titan Company Limited,2006-06-13 00:00:00,TITAN
06-Jun-2006 00:00:00,,-,"Titan Industries Ltd. has informed the Exchange that the Board of Directors in its meeting held on June 05, 2006, have recommended a dividend on equity shares of 30%, free of tax. (previous year: 20%, free of tax).",,,Dividend,-,06062006000000,-,-,False,,,,Gems Jewellery And Watches,INE280A01010,Titan Company Limited,2006-06-06 00:00:00,TITAN
06-Jun-2006 00:00:00,,-,"Titan Industries Ltd. has informed the Exchange that Mr. D. Rajendran, Chairman & Director of the Company, nominee of Tamilnadu Industrial Development Corporation Ltd (TIDCO) has resigned as Chairman & Director of the Company, consequent to his transfer. Mr. Shaktikanta Das, I.A.S., Secretary of the Industries Department, Government of Tamilnadu has been nominated as Chairman & Director of the Company, nominated by Tamilnadu Industrial Development Corporation Ltd (TIDCO) in his place. Further, Mr. S. Ramasundaram, I.A.S., Chairman & Managing Director of Tamilnadu Industrial Development Corporation Ltd (TIDCO) has also been nominated as a Director of the Company.",,,Miscellaneous,-,06062006000000,-,-,False,,,,Gems Jewellery And Watches,INE280A01010,Titan Company Limited,2006-06-06 00:00:00,TITAN
25-May-2006 00:00:00,,-,"Titan Industries Ltd. has informed the Exchange that Matthews International Funds has acquired 191,665 shares aggregating to 0.43% of the total paid up capital  of Titan Industries Limited on May 19, 2006. The mode of acquisition is through Open Market and the shareholding of Matthews International Funds after the said acquisition is 2,276,953 shares aggregating to 5.13% of the total paid up capital of Titan Industries Limited.",,,"Reg.7(3) of SEBI (Substantial Acq of shares &Takeovers),1997",-,25052006000000,-,-,False,,,,Gems Jewellery And Watches,INE280A01010,Titan Company Limited,2006-05-25 00:00:00,TITAN
25-May-2006 00:00:00,,-,"Titan Industries Ltd. has informed the Exchange that the Rights Issue of Titan Industries Limited closed with over-subscription of 20% and allotment of the new shares and debentures was made on May 12, 2006. The Company has allotted 21,13,038 Equity Shares of Rs 10 each at a premium of Rs. 340 per share and an equal number of Non-Convertible Debentures of Rs 250 each, to over 29,000 applicants. With a total inflow of Rs 126.83 crores from the Rights Issue, the Company is set to embark on an ambitious programme of further expansion of its retail outlets and its manufacturing base. Further details of the same shall be available on the NSE website (http://www.nseindia.com) under: Corporates > Latest Announcements and on the Extranet Server (/Common/CorporateAnnouncements).",,,Miscellaneous,-,25052006000000,-,-,False,,,,Gems Jewellery And Watches,INE280A01010,Titan Company Limited,2006-05-25 00:00:00,TITAN
22-May-2006 00:00:00,,-,"Matthews Asian Funds has informed the Exchange that Matthews International Funds has acquired 191,665 shares aggregating to 0.43% of fully diluted equity share capital of Titan Industries Limited on May 19, 2006. The mode of acquisition is through Open Market and the shareholding of Matthews International Funds after the said acquisition is 2,276,953 shares aggregating to 5.13% of fully diluted equity share capital of Titan Industries Limited.",,,Disc under Reg Subs Acq &Takeover & SEBI Insider Trading Reg,-,22052006000000,-,-,False,,,,Gems Jewellery And Watches,INE280A01010,Titan Company Limited,2006-05-22 00:00:00,TITAN
25-Apr-2006 00:00:00,,-,"JM Morgan Stanley PVt Ltd has informed the Exchange regarding the issue of 21,13,813 partly convertible debentures (PCDs) of Rs.600 each for cash at par aggregating Rs.1,26,82,87,800 on rights basis (""Issue"") by Titan Industries Ltd, that the Issue closed on April 24, 2006.",,,Miscellaneous,-,25042006000000,-,-,False,,,,Gems Jewellery And Watches,INE280A01010,Titan Company Limited,2006-04-25 00:00:00,TITAN
28-Mar-2006 00:00:00,,-,Titan Industries Ltd. has informed the Exchange that Mr. Harish Bhat is being appointed as Chief Operating Officer - Watches and Licensing & Accessories Division of the Company. Mr Harish Bhat shall be assuming charge in April 2006.,,,Appointment of Chief Executive Officer,-,28032006000000,-,-,False,,,,Gems Jewellery And Watches,INE280A01010,Titan Company Limited,2006-03-28 00:00:00,TITAN
16-Mar-2006 00:00:00,,-,"Titan Industries Ltd. has informed the Exchange that Mr. Bijou Kurien, Chief Operating Officer - TimeProducts Division has resigned from the services of the Company.",,,Resignation,-,16032006000000,-,-,False,,,,Gems Jewellery And Watches,INE280A01010,Titan Company Limited,2006-03-16 00:00:00,TITAN
21-Feb-2006 00:00:00,,-,"Titan Industries Ltd. has informed the Exchange that the Company is launching its premium watch brand, 'Xylys' in New Delhi, on February 21, 2006. The Xylys brand has been created in collaboration with a renowned Swiss designer and is manufactured in state-of-the-art factory in Switzerland. The brand is targeted at men and women who constitute the high end of the customer segment. The exclusive collection is in the price range of Rs.10,000 to Rs.33,000. The Xylys range of watches offers over 60 distinctive models and will be available select World of Titan Showrooms, key multi-brand outlets and at exclusive flagship boutiques in select cities. Xylys will be available in Bangalore, Hyderabad, Mumbai and Delhi at the launch phase and would be later rolled out to five more cities by July 2006.",,,Miscellaneous,-,21022006000000,-,-,False,,,,Gems Jewellery And Watches,INE280A01010,Titan Company Limited,2006-02-21 00:00:00,TITAN
13-Feb-2006 00:00:00,,-,"News Verification : The media had reports on February 11, 2006 that Titan Industries Ltd. is planning to open full fledged outlets in Dubai to be used as a hub for the European and American markets. The Exchange, in order to verify the accuracy or otherwise of the information reported in the media and to inform the market place so that the interest of the investors is safeguarded, had written to the officials of the company. Titan Industries Ltd. has vide its letter inter-alia stated, ""We wish to categorically state that there is no truth in the statements made in the news item and the article is rumour based, not factual and not based on information release by the Company.""",,,News Verification,-,13022006000000,-,-,False,,,,Gems Jewellery And Watches,INE280A01010,Titan Company Limited,2006-02-13 00:00:00,TITAN
07-Feb-2006 00:00:00,,-,Titan Industries Ltd. has submitted to the Exchange particulars of the proposed Rights Issue of the Company. The details of the same shall be available on the NSE website (http://www.nseindia.com) under: Corporates > Latest Announcements and on the Extranet Server (/Common/Corporate Announcements).,,,Rights Issue,-,07022006000000,-,-,False,,,,Gems Jewellery And Watches,INE280A01010,Titan Company Limited,2006-02-07 00:00:00,TITAN
03-Feb-2006 00:00:00,,-,"Titan Industries Ltd. has informed the Exchange that the company has fixed Record Date of March 06, 2006 for the purpose of Rights Issue of 2,113,813 partly convertible debentures (PCDs) of Rs.600/- each for cash on rights basis in the ratio of 1 PCD for every 20 Equity shares held on the Record Date.",,,Record Date,-,03022006000000,-,-,False,,,,Gems Jewellery And Watches,INE280A01010,Titan Company Limited,2006-02-03 00:00:00,TITAN
19-Jan-2006 00:00:00,,-,"Titan Industries Ltd. has submitted to the Exchange a copy of the Minutes of the AGM of the Company held on August 31, 2005. The details of the same shall be available on the NSE website (http://www.nseindia.com) under: Corporates > Latest Announcements and on the Extranet Server (/Common/Corporate Announcements).",,,Minutes of AGM,-,19012006000000,-,-,False,,,,Gems Jewellery And Watches,INE280A01010,Titan Company Limited,2006-01-19 00:00:00,TITAN
26-Dec-2005 00:00:00,,-,"Titan Industries Ltd. has informed the Exchange that at the 'Rights Issue Committee Meeting' of the Board held on December 26, 2005, the Members after deliberations on the subject have finalised the price of the equity shares comprised in the Partly Convertible Debentures (PCD) (forming Part A of the PCD) to be issued on allotment, at Rs.350 per equity share of a face of Rs.10 per share and inclusive of premium of Rs.340 per equity share and within the price band of Rs.325 - Rs 375 per equity share, as approved by the Board in their earlier Meeting. The price of the Non-Convertible Debenture (NCD) comprised in Part B has been fixed at Rs.250 per NCD carrying an annual interest of 6.75% p.a. and redeemable at par at the end of 5 years from the date of allotment.",,,Miscellaneous,-,26122005000000,-,-,False,,,,Gems Jewellery And Watches,INE280A01010,Titan Company Limited,2005-12-26 00:00:00,TITAN
20-Oct-2005 00:00:00,,-,"Titan Industries Ltd. has informed the Exchange that Mr.Rameshram Mishra, Chairman & Director of the Company, nominee of Tamilnadu Industrial Development Corporation Ltd (TIDCO) has resigned as Chairman & Director of the Company consequent to his transfer. Mr.D.Rajendran, Secretary of the Industries Department, Government of Tamilnadu has been nominated as Chairman & Director of the Company, nominated by Tamilnadu Industrial Development Corporation Ltd (TIDCO) in his place.",,,Change in Chairman of the Board of Directors,-,20102005000000,-,-,False,,,,Gems Jewellery And Watches,INE280A01010,Titan Company Limited,2005-10-20 00:00:00,TITAN
16-Sep-2005 00:00:00,,-,"Titan Industries Ltd. has informed the Exchange that the Company announced the pilot launch of GoldPlus, a new jewellery range of products, with the inauguration of the first GoldPlus showroom in Erode. The new line is targeted at semi urban and rural areas and aims to herald standardization in a largely undifferentiated market by establishing quality benchmarks. The showroom was inaugurated by Mr. Bhaskar Bhat, Managing Director of the Company on September 15, 2005 along with Ms Apoorva, IAS and Joint Secretary to Govt. Further details of the same shall be available on the NSE website (http://www.nseindia.com) under: Corporates > Latest Announcements and on the Extranet Server (/Common/CorporateAnnouncements).",,,Miscellaneous,-,16092005000000,-,-,False,,,,Gems Jewellery And Watches,INE280A01010,Titan Company Limited,2005-09-16 00:00:00,TITAN
31-Aug-2005 00:00:00,,-,"Titan Industries Ltd. has informed the Exchange that at the meeting of BODs of the company held on August 31,2005, the directors have approved the issue of Partly Convertible Debentures(PCDs) of Rs.600 each on a rights basis in the ratio of one PCD for every twenty equity shares held in the company to the shareholders of the company as on a record date to be fixed by the board or by a duly constituted committee thereof. The duly constituted committee of the board for the Rights Issue will also decide on matters incidental to the Issue. The PCD will comprise of:a)Part 'A' will be converted into one equity share(Face value of Rs.10/-) in a price band of Rs.325/- to Rs.375/- which shall be fixed closer to the record date by the BODs of the company.b)Part 'B' will be one Non-Convertible Debenture(NCD),of the face value of the balance amount out of the Rs.600/- on due appropriation of the amount of equity shares priced as per 'a' above. The NCDs will be carrying a coupon rate of 6.75% per annum payable annually and redeemable at the end of 5 years. The total issue size is calculated to be around Rs.126.83 crores comprising of 21,13,813 PCDs of Rs.600 each.",,,Rights issue of partly convertible debentures,-,31082005000000,-,-,False,,,,Gems Jewellery And Watches,INE280A01010,Titan Company Limited,2005-08-31 00:00:00,TITAN
21-Jul-2005 00:00:00,,-,"Titan Industries Ltd. has informed the Exchange that the Register of Members and Transfer Registers of the Company will be closed from August 17, 2005 to August 31, 2005 (both days inclusive). The aforesaid book closure will be for the purpose of determining eligibility for payment of dividend on equity shares for the year ended March 31, 2005. The Company has further informed to the Exchange that the AGM of the Company is scheduled to be held on August 31, 2005.",,,AGM/Book Closure,-,21072005000000,-,-,False,,,,Gems Jewellery And Watches,INE280A01010,Titan Company Limited,2005-07-21 00:00:00,TITAN
09-Jun-2005 00:00:00,,-,"Titan Industries Ltd. has informed the Exchange that Mr. Pradeep Yadav, Director of the Company, nominated by Tamilnadu Industrial Corporation Ltd, has resigned from the Board of Directors of the Company.",,,Resignation,-,09062005000000,-,-,False,,,,Gems Jewellery And Watches,INE280A01010,Titan Company Limited,2005-06-09 00:00:00,TITAN
09-Jun-2005 00:00:00,,-,"Titan Industries Ltd. has informed the Exchange that the BODs in their meeting held on June 09,2005 has recommended a dividend on the equity shares of 20%,free of tax(previous year:10%,free of tax).",,,Dividend,-,09062005000000,-,-,False,,,,Gems Jewellery And Watches,INE280A01010,Titan Company Limited,2005-06-09 00:00:00,TITAN
26-May-2005 00:00:00,,-,"Titan Industries Ltd. has informed the Exchange that Mrs. Rama Bijapurkar, Director of the Company, has resigned from the Board of Directors of the Company.",,,Resignation,-,26052005000000,-,-,False,,,,Gems Jewellery And Watches,INE280A01010,Titan Company Limited,2005-05-26 00:00:00,TITAN
14-Feb-2005 00:00:00,,-,"Clarification of News : The press had reports on February 12, 2005 that there is a likelihood of a private placement to a foreign investor. The Exchange, in order to verify the accuracy or otherwise of the information reported in the press and to inform the market place so that the interest of the investors is safeguarded, had written to the officials of the company. Titan Industries Limited has vide its letter inter-alia stated, ""We wish to categorically state that there is no truth in the statements made in the above news item.""",,,Clarification of News,-,14022005000000,-,-,False,,,,Gems Jewellery And Watches,INE280A01010,Titan Company Limited,2005-02-14 00:00:00,TITAN
17-Jan-2005 00:00:00,,-,"Titan Industries Ltd. has informed the Exchange that Tamilnadu Industrial Development Corporation Ltd. (TIDCO) has nominated Mr. Pradeep Yadav, as a Director of the company. Mr. Pradeep Yadav, IAS, is the Executive Director of TIDCO. Mr. Md Nasimuddin who was a Director of the Company, nominated by TIDCO has resigned from the BOD's of the Company, consequent to his transfer.",,,Change in Board of Directors,-,17012005000000,-,-,False,,,,Gems Jewellery And Watches,INE280A01010,Titan Company Limited,2005-01-17 00:00:00,TITAN
06-Jan-2005 00:00:00,,-,"Titan Industries Ltd. has informed the Exchange that the Jewellery Division of Titan Industries represented in the market place by the brand Tanishq has seen a transition at the top with the transfer of services of the Chief Operating Officer, Mr Harish Bhat to TATA Teleservices Limited as President, Marketing w.e.f January 17,2005.Taking over from him as Chief Operating Officer will be Mr. C K Venkatraman who is presently the Head of Titan SBU of the Company's Time Products Division.",,,Appointment,-,06012005000000,-,-,False,,,,Gems Jewellery And Watches,INE280A01010,Titan Company Limited,2005-01-06 00:00:00,TITAN
21-Dec-2004 00:00:00,,-,"Titan Industries Ltd. has informed the Exchange that Mr. Harish Bhat, Chief Operating Officer of the Jewellery Division of the Company is moving out of the Company to take up another assignment within the Tata Group, i.e., Tata Teleservices Ltd, as President - Marketing.",,,Miscellaneous,-,21122004000000,-,-,False,,,,Gems Jewellery And Watches,INE280A01010,Titan Company Limited,2004-12-21 00:00:00,TITAN
